      3002
    0.0000000000e+00    0.0000000000e+00
    9.7362280940e-06    0.0000000000e+00
    1.9472456188e-05    0.0000000000e+00
    2.9208684282e-05    0.0000000000e+00
    3.8944912376e-05    0.0000000000e+00
    4.9898168072e-05    0.0000000000e+00
    5.9634396166e-05    0.0000000000e+00
    6.9370624260e-05    0.0000000000e+00
    7.9106852354e-05    0.0000000000e+00
    8.8843080448e-05    0.0000000000e+00
    9.9796336144e-05    0.0000000000e+00
    1.0953255696e-04    0.0000000000e+00
    1.1936988449e-04    0.0000000000e+00
    1.2951242388e-04    0.0000000000e+00
    1.3930225396e-04    0.0000000000e+00
    1.4939271205e-04    0.0000000000e+00
    1.5927563072e-04    0.0000000000e+00
    1.6968246200e-04    1.4416655540e+01
    1.7952857888e-04    1.1806734085e+01
    1.8913974054e-04    9.7121343613e+00
    1.9887587405e-04    7.9643588066e+00
    2.0982899878e-04    6.3670339584e+00
    2.1956508863e-04    5.2145299911e+00
    2.2930116393e-04    4.2674136162e+00
    2.3903725378e-04    3.4893059731e+00
    2.4999040761e-04    2.7790076733e+00
    2.5972659932e-04    2.2674949169e+00
    2.6946279104e-04    1.8480815887e+00
    2.7919895365e-04    1.5044358969e+00
    2.8893514536e-04    1.2230731249e+00
    2.9988834285e-04    9.6721655130e-01
    3.0962453457e-04    7.8371256590e-01
    3.1936069718e-04    6.3384902477e-01
    3.2909688889e-04    5.1158702374e-01
    3.3883302240e-04    4.1195806861e-01
    3.4978619078e-04    3.2186973095e-01
    3.5952235339e-04    2.5766626000e-01
    3.6925845779e-04    2.0557953417e-01
    3.7899453309e-04    1.6339677572e-01
    3.8994755596e-04    1.2553061545e-01
    3.9968357305e-04    9.8765283823e-02
    4.0941956104e-04    7.7237561345e-02
    4.1915551992e-04    5.9970475733e-02
    4.2889144970e-04    4.6164195985e-02
    4.3984435615e-04    3.3959023654e-02
    4.4958025683e-04    2.5482472032e-02
    4.5931615750e-04    1.8792340532e-02
    4.6905202908e-04    1.3541396707e-02
    4.7878790065e-04    9.4468109310e-03
    4.8974074889e-04    5.9379730374e-03
    4.9947656225e-04    3.5905537661e-03
    5.0921243383e-04    1.8147390801e-03
    5.1894818898e-04    4.9141485943e-04
    5.2990094991e-04   -5.7536526583e-04
    5.3963670507e-04   -1.2330568861e-03
    5.4937246023e-04   -1.6806898639e-03
    5.5910821538e-04   -1.9666003063e-03
    5.6884397054e-04   -2.1293074824e-03
    5.7979667326e-04   -2.2028838284e-03
    5.8953242842e-04   -2.1973149851e-03
    5.9926818358e-04   -2.1442638244e-03
    6.0900388053e-04   -2.0580745768e-03
    6.1995652504e-04   -1.9352259114e-03
    6.2969216378e-04   -1.8122979673e-03
    6.3942786073e-04   -1.6830073437e-03
    6.4916349947e-04   -1.5520034358e-03
    6.5889908001e-04   -1.4226837084e-03
    6.6985160811e-04   -1.2821910204e-03
    6.7958718864e-04   -1.1635352857e-03
    6.8932271097e-04   -1.0518048657e-03
    6.9905823329e-04   -9.4757176703e-04
    7.0879369741e-04   -8.5108168423e-04
    7.1974610910e-04   -7.5178488623e-04
    7.2948157322e-04   -6.7155179568e-04
    7.3921697913e-04   -5.9856579173e-04
    7.4895244325e-04   -5.3244718583e-04
    7.5990479672e-04   -4.6573855798e-04
    7.6964020263e-04   -4.1276158299e-04
    7.7937560854e-04   -3.6525205360e-04
    7.8911101446e-04   -3.2275464037e-04
    7.9884642037e-04   -2.8482859489e-04
    8.0979865743e-04   -2.4710336584e-04
    8.1953400513e-04   -2.1752537577e-04
    8.2926929463e-04   -1.9128703570e-04
    8.3900458412e-04   -1.6804854386e-04
    8.4995670477e-04   -1.4510273468e-04
    8.5969193606e-04   -1.2723392865e-04
    8.6942716734e-04   -1.1147515761e-04
    8.7916234042e-04   -9.7593481769e-05
    8.8889745530e-04   -8.5378727817e-05
    8.9984945953e-04   -7.3394905485e-05
    9.0958451619e-04   -6.4118488808e-05
    9.1931951465e-04   -5.5980337493e-05
    9.2905445490e-04   -4.8846632126e-05
    9.3878927873e-04   -4.2598243454e-05
    9.4974087551e-04   -3.6495723180e-05
    9.5947552472e-04   -3.1792078516e-05
    9.6921011573e-04   -2.7681271604e-05
    9.7894459032e-04   -2.4090928491e-05
    9.8989589605e-04   -2.0594587113e-05
    9.9963019602e-04   -1.7907215806e-05
    1.0093643796e-03   -1.5564366549e-05
    1.0190985631e-03   -1.3522914742e-05
    1.0288325138e-03   -1.1744941730e-05
    1.0397832375e-03   -1.0018367902e-05
    1.0495170718e-03   -8.6948093667e-06
    1.0592506733e-03   -7.5436655607e-06
    1.0689842748e-03   -6.5428844209e-06
    1.0799344163e-03   -5.5728010011e-06
    1.0896677850e-03   -4.8304573284e-06
    1.0994010372e-03   -4.1858293116e-06
    1.1091342894e-03   -3.6262445064e-06
    1.1188673088e-03   -3.1406427752e-06
    1.1298169848e-03   -2.6708121368e-06
    1.1395498877e-03   -2.3119284833e-06
    1.1492826743e-03   -2.0007951207e-06
    1.1590153445e-03   -1.7311375586e-06
    1.1699643219e-03   -1.4705755120e-06
    1.1796967592e-03   -1.2717930531e-06
    1.1894289637e-03   -1.0996540141e-06
    1.1991611682e-03   -9.5062381433e-07
    1.2088933727e-03   -8.2163080606e-07
    1.2198420009e-03   -6.9715656537e-07
    1.2295740889e-03   -6.0231906218e-07
    1.2393060606e-03   -5.2028985920e-07
    1.2490381487e-03   -4.4935401888e-07
    1.2599866604e-03   -3.8096698063e-07
    1.2697185157e-03   -3.2891020396e-07
    1.2794504873e-03   -2.8392159379e-07
    1.2891823426e-03   -2.4504879548e-07
    1.2989141978e-03   -2.1146662732e-07
    1.3098624768e-03   -1.7912418571e-07
    1.3195943320e-03   -1.5452921787e-07
    1.3293261873e-03   -1.3329258763e-07
    1.3390581589e-03   -1.1495846763e-07
    1.3487900142e-03   -9.9132527964e-08
    1.3597385259e-03   -8.3903650250e-08
    1.3694704976e-03   -7.2332532852e-08
    1.3792023528e-03   -6.2349464258e-08
    1.3889340917e-03   -5.3737874595e-08
    1.3998821378e-03   -4.5456918230e-08
    1.4096136438e-03   -3.9169073318e-08
    1.4193450334e-03   -3.3747205919e-08
    1.4290763065e-03   -2.9072548813e-08
    1.4388074633e-03   -2.5042593776e-08
    1.4497550437e-03   -2.1169821451e-08
    1.4594860841e-03   -1.8231087751e-08
    1.4692171244e-03   -1.5698709888e-08
    1.4789480483e-03   -1.3516802788e-08
    1.4898953959e-03   -1.1421246171e-08
    1.4996263199e-03   -9.8319974384e-09
    1.5093573602e-03   -8.4631590624e-09
    1.5190882841e-03   -7.2842611942e-09
    1.5288193244e-03   -6.2690284075e-09
    1.5397667885e-03   -5.2944502116e-09
    1.5494978288e-03   -4.5556904915e-09
    1.5592289856e-03   -3.9196761392e-09
    1.5689601423e-03   -3.3721723192e-09
    1.5799077228e-03   -2.8468172264e-09
    1.5896389959e-03   -2.4487534223e-09
    1.5993701527e-03   -2.1061861144e-09
    1.6091015423e-03   -1.8114039158e-09
    1.6188328154e-03   -1.5577620305e-09
    1.6297805123e-03   -1.3144959565e-09
    1.6395119019e-03   -1.1302583314e-09
    1.6492432915e-03   -9.7177543790e-10
    1.6589745646e-03   -8.3545853569e-10
    1.6699222615e-03   -7.0476635639e-10
    1.6796534183e-03   -6.0582211470e-10
    1.6893845750e-03   -5.2073628742e-10
    1.6991156153e-03   -4.4757228479e-10
    1.7088466557e-03   -3.8466324570e-10
    1.7197940033e-03   -3.2437047492e-10
    1.7295248108e-03   -2.7873889308e-10
    1.7392556183e-03   -2.3951038375e-10
    1.7489861930e-03   -2.0578859450e-10
    1.7599329585e-03   -1.7347810688e-10
    1.7696633004e-03   -1.4903168977e-10
    1.7793934094e-03   -1.2802177374e-10
    1.7891235184e-03   -1.0996679956e-10
    1.7988532782e-03   -9.4452501376e-11
    1.8097991124e-03   -7.9594109081e-11
    1.8195285229e-03   -6.8357222660e-11
    1.8292577006e-03   -5.8704013872e-11
    1.8389866455e-03   -5.0411817082e-11
    1.8499315483e-03   -4.2472574069e-11
    1.8596601440e-03   -3.6469990222e-11
    1.8693886232e-03   -3.1314496135e-11
    1.8791169859e-03   -2.6886711607e-11
    1.8888451159e-03   -2.3084048562e-11
    1.8997892039e-03   -1.9444008903e-11
    1.9095172174e-03   -1.6692437363e-11
    1.9192451145e-03   -1.4329582659e-11
    1.9289728953e-03   -1.2300606714e-11
    1.9399166340e-03   -1.0358707815e-11
    1.9496444147e-03   -8.8910458856e-12
    1.9593720790e-03   -7.6309470895e-12
    1.9690997433e-03   -6.5491175850e-12
    1.9788274076e-03   -5.6203956419e-12
    1.9897709135e-03   -4.7317961181e-12
    1.9994983450e-03   -4.0604143312e-12
    2.0092257764e-03   -3.4841563228e-12
    2.0189529750e-03   -2.9895710473e-12
    2.0298960153e-03   -2.5164670694e-12
    2.0396232139e-03   -2.1590947346e-12
    2.0493501797e-03   -1.8524166576e-12
    2.0590771455e-03   -1.5892529263e-12
    2.0688038785e-03   -1.3634367073e-12
    2.0797464531e-03   -1.1474731755e-12
    2.0894729532e-03   -9.8436992065e-13
    2.0991994534e-03   -8.4442571208e-13
    2.1089257207e-03   -7.2435520039e-13
    2.1198678296e-03   -6.0953683507e-13
    2.1295938641e-03   -5.2283177787e-13
    2.1393198986e-03   -4.4844585944e-13
    2.1490459330e-03   -3.8463034298e-13
    2.1599873435e-03   -3.2361282707e-13
    2.1697131451e-03   -2.7754071285e-13
    2.1794387139e-03   -2.3801899579e-13
    2.1891642828e-03   -2.0411747108e-13
    2.1988898516e-03   -1.7503792198e-13
    2.2098312620e-03   -1.4723827355e-13
    2.2195565980e-03   -1.2625176512e-13
    2.2292819340e-03   -1.0825249117e-13
    2.2390072700e-03   -9.2815891691e-14
    2.2499482147e-03   -7.8061363797e-14
    2.2596733179e-03   -6.6924920196e-14
    2.2693981882e-03   -5.7375287789e-14
    2.2791230585e-03   -4.9186711968e-14
    2.2888479289e-03   -4.2165496626e-14
    2.2997881752e-03   -3.5456009737e-14
    2.3095125798e-03   -3.0392921117e-14
    2.3192369845e-03   -2.6052126290e-14
    2.3289611563e-03   -2.2330709059e-14
    2.3399007041e-03   -1.8775049400e-14
    2.3496244103e-03   -1.6092270745e-14
    2.3593481164e-03   -1.3792498366e-14
    2.3690713570e-03   -1.1821100332e-14
    2.3787945975e-03   -1.0131225557e-14
    2.3897332139e-03   -8.5168375106e-15
    2.3995384108e-03   -7.2893952904e-15
    2.4099193979e-03   -6.1819064882e-15
    2.4196517188e-03   -5.2968023746e-15
    2.4293838069e-03   -4.5382966523e-15
    2.4397517554e-03   -3.8492268793e-15
    2.4494747631e-03   -3.2983151681e-15
    2.4591975380e-03   -2.8261722271e-15
    2.4689203128e-03   -2.4215473410e-15
    2.4798586965e-03   -2.0350942763e-15
    2.4895814713e-03   -1.7436243099e-15
    2.4993044790e-03   -1.4938568461e-15
    2.5090277195e-03   -1.2798313138e-15
    2.5199663360e-03   -1.0754427930e-15
    2.5296895765e-03   -9.2130884288e-16
    2.5394128170e-03   -7.8924470676e-16
    2.5491360575e-03   -6.7609391638e-16
    2.5588592980e-03   -5.7915083675e-16
    2.5698216632e-03   -4.8640401128e-16
    2.5799144059e-03   -4.1419511427e-16
    2.5890895631e-03   -3.5788883733e-16
    2.5992738083e-03   -3.0429915387e-16
    2.6088915765e-03   -2.6107368614e-16
    2.6198297273e-03   -2.1932024256e-16
    2.6295525022e-03   -1.8784255272e-16
    2.6392752770e-03   -1.6087933672e-16
    2.6489978191e-03   -1.3778365992e-16
    2.6599837001e-03   -1.1564786998e-16
    2.6699991431e-03   -9.8579673017e-17
    2.6795428712e-03   -8.4663054043e-17
    2.6899522636e-03   -7.1712681286e-17
    2.6996738743e-03   -6.1411820970e-17
    2.7094443794e-03   -5.2548544310e-17
    2.7199555188e-03   -4.4435312017e-17
    2.7294731699e-03   -3.8174242994e-17
    2.7398141101e-03   -3.2366693940e-17
    2.7495711111e-03   -2.7698940213e-17
    2.7592917904e-03   -2.3717719925e-17
    2.7697796468e-03   -2.0061105162e-17
    2.7793236077e-03   -1.7225662371e-17
    2.7893041261e-03   -1.4687905339e-17
    2.7994886041e-03   -1.2483138134e-17
    2.8094514273e-03   -1.0646745062e-17
    2.8192086611e-03   -9.1102479749e-18
    2.8293011710e-03   -7.7536858324e-18
    2.8397461865e-03   -6.5619472852e-18
    2.8498389293e-03   -5.5846387681e-18
    2.8595710173e-03   -4.7802705561e-18
    2.8696637601e-03   -4.0681809588e-18
    2.8791178484e-03   -3.4976273411e-18
    2.8892103583e-03   -2.9765097590e-18
    2.8998849448e-03   -2.5095309413e-18
    2.9093327466e-03   -2.1576869794e-18
    2.9194252566e-03   -1.8360969416e-18
    2.9295179993e-03   -1.5623965254e-18
    2.9396105092e-03   -1.3294557440e-18
    2.9497032519e-03   -1.1312078482e-18
    2.9597959947e-03   -9.6249040356e-19
    2.9698885046e-03   -8.1890978870e-19
    2.9793891590e-03   -7.0336201461e-19
    2.9899931978e-03   -5.9352080447e-19
    2.9996333178e-03   -5.0861066289e-19
    3.0095723923e-03   -4.3375609073e-19
    3.0192923732e-03   -3.7120880286e-19
    3.0290123541e-03   -3.1767380287e-19
    3.0399472453e-03   -2.6661160761e-19
    3.0493761878e-03   -2.2921761555e-19
    3.0599802267e-03   -1.9338730504e-19
    3.0694403686e-03   -1.6617439413e-19
    3.0796655919e-03   -1.4104646950e-19
    3.0898910481e-03   -1.1971567871e-19
    3.0994347762e-03   -1.0272562157e-19
    3.1096602324e-03   -8.7186490924e-20
    3.1196919736e-03   -7.4226748537e-20
    3.1294038054e-03   -6.3516995577e-20
    3.1391226221e-03   -5.4345100623e-20
    3.1490530819e-03   -4.6339119973e-20
    3.1596571207e-03   -3.9086597464e-20
    3.1696353108e-03   -3.3301215480e-20
    3.1790640205e-03   -2.8622992128e-20
    3.1896680593e-03   -2.4141380884e-20
    3.1993081793e-03   -2.0678670362e-20
    3.2090446912e-03   -1.7684869465e-20
    3.2199474517e-03   -1.4843416819e-20
    3.2296658028e-03   -1.2697599642e-20
    3.2391333953e-03   -1.0905647747e-20
    3.2497376669e-03   -9.1968816249e-21
    3.2593775541e-03   -7.8767974947e-21
    3.2695673872e-03   -6.6867265274e-21
    3.2797090244e-03   -5.6807246529e-21
    3.2893491443e-03   -4.8650462130e-21
    3.2999531832e-03   -4.1023028893e-21
    3.3095933031e-03   -3.5131059357e-21
    3.3188189846e-03   -3.0285885269e-21
    3.3297524787e-03   -2.5400838491e-21
    3.3394712955e-03   -2.1723695532e-21
    3.3491901122e-03   -1.8578458383e-21
    3.3589089289e-03   -1.5888250340e-21
    3.3698424231e-03   -1.3324158058e-21
    3.3793104813e-03   -1.1440403655e-21
    3.3899145201e-03   -9.6447401498e-22
    3.3995546401e-03   -8.2579645828e-22
    3.4092820715e-03   -7.0605307791e-22
    3.4190008882e-03   -6.0374703239e-22
    3.4299343824e-03   -5.0625124611e-22
    3.4396529663e-03   -4.3288041666e-22
    3.4495438449e-03   -3.6911013801e-22
    3.4591839649e-03   -3.1600240628e-22
    3.4697880037e-03   -2.6635932641e-22
    3.4794281237e-03   -2.2802530599e-22
    3.4890682437e-03   -1.9520380770e-22
    3.4996722825e-03   -1.6452507021e-22
    3.5093124025e-03   -1.4083647337e-22
    3.5195411183e-03   -1.1941632495e-22
    3.5292592365e-03   -1.0208867331e-22
    3.5389771219e-03   -8.7273045096e-23
    3.5491187591e-03   -7.4097206267e-23
    3.5597227979e-03   -6.2440719853e-23
    3.5693629179e-03   -5.3441596594e-23
    3.5799669567e-03   -4.5031746121e-23
    3.5896070767e-03   -3.8539506068e-23
    3.5997966770e-03   -3.2690894472e-23
    3.6095143296e-03   -2.7941282869e-23
    3.6192319822e-03   -2.3881104142e-23
    3.6298360210e-03   -2.0120039383e-23
    3.6394761410e-03   -1.7216999697e-23
    3.6499553826e-03   -1.4533951230e-23
    3.6596730351e-03   -1.2420645718e-23
    3.6693906877e-03   -1.0614338839e-23
    3.6791083403e-03   -9.0704741495e-24
    3.6888259929e-03   -7.7509528242e-24
    3.6997585557e-03   -6.4942867526e-24
    3.7098999601e-03   -5.5112745568e-24
    3.7195400801e-03   -4.7150263637e-24
    3.7291802000e-03   -4.0336994272e-24
    3.7397842389e-03   -3.3972673537e-24
    3.7494243588e-03   -2.9061726467e-24
    3.7590644788e-03   -2.4859900271e-24
    3.7687914446e-03   -2.1234950305e-24
    3.7798970006e-03   -1.7737223882e-24
    3.7895371206e-03   -1.5171179658e-24
    3.7991772406e-03   -1.2975946406e-24
    3.8097812794e-03   -1.0925836936e-24
    3.8195177913e-03   -9.3296695855e-25
    3.8291872479e-03   -7.9751115948e-25
    3.8389049005e-03   -6.8116753729e-25
    3.8496016059e-03   -5.7260602793e-25
    3.8598270621e-03   -4.8502496460e-25
    3.8693707902e-03   -4.1539812895e-25
    3.8795962464e-03   -3.5183800344e-25
    3.8898217026e-03   -2.9799245347e-25
    3.8993654307e-03   -2.5518947705e-25
    3.9095906541e-03   -2.1612005603e-25
    3.9198161103e-03   -1.8302564008e-25
    3.9293598384e-03   -1.5672097458e-25
    3.9395852946e-03   -1.3271323785e-25
    3.9498107508e-03   -1.1237923869e-25
    3.9593544789e-03   -9.6218664998e-26
    3.9695799351e-03   -8.1470737811e-26
    3.9798053913e-03   -6.8980783218e-26
    3.9893491194e-03   -5.9055168908e-26
    3.9995745756e-03   -4.9997988765e-26
    4.0098000318e-03   -4.2328328674e-26
    4.0193437599e-03   -3.6234066951e-26
    4.0295692161e-03   -3.0673685334e-26
    4.0397946723e-03   -2.5965689496e-26
    4.0493384004e-03   -2.2225152980e-26
    4.0595638566e-03   -1.8812643934e-26
    4.0697893128e-03   -1.5923537936e-26
    4.0793330409e-03   -1.3628348673e-26
    4.0895584971e-03   -1.1534660215e-26
    4.0997839533e-03   -9.7623093172e-27
    4.1093276814e-03   -8.3544537575e-27
    4.1195531376e-03   -7.0703099226e-27
    4.1297785938e-03   -5.9833454917e-27
    4.1393223219e-03   -5.1199915421e-27
    4.1495477781e-03   -4.3325820177e-27
    4.1594114155e-03   -3.6878862133e-27
    4.1690515354e-03   -3.1505247958e-27
    4.1796555743e-03   -2.6493344612e-27
    4.1893920861e-03   -2.2596225369e-27
    4.1999961250e-03   -1.9000473719e-27
    4.2096362449e-03   -1.6230181420e-27
    4.2192763649e-03   -1.3863394556e-27
    4.2298804037e-03   -1.1656159432e-27
    4.2395205237e-03   -9.9557558838e-28
    4.2491606437e-03   -8.5031463344e-28
    4.2597646825e-03   -7.1486085082e-28
    4.2694048025e-03   -6.1052383682e-28
    4.2790449224e-03   -5.2140282495e-28
    4.2896489613e-03   -4.3830824046e-28
    4.2992890812e-03   -3.7430727729e-28
    4.3094786815e-03   -3.1677905170e-28
    4.3191188015e-03   -2.7050870516e-28
    4.3297228403e-03   -2.2737153367e-28
    4.3393629603e-03   -1.9415073473e-28
    4.3499669991e-03   -1.6318174511e-28
    4.3596071191e-03   -1.3933356850e-28
    4.3692472391e-03   -1.1896832786e-28
    4.3796873651e-03   -1.0025347075e-28
    4.3896171264e-03   -8.5190634232e-29
    4.3992572464e-03   -7.2733586944e-29
    4.4098612852e-03   -6.1122245587e-29
    4.4191260822e-03   -5.2504322976e-29
    4.4288439676e-03   -4.4766273498e-29
    4.4395262375e-03   -3.7568688109e-29
    4.4491663575e-03   -3.2071277565e-29
    4.4597703964e-03   -2.6947813403e-29
    4.4694105163e-03   -2.3003396029e-29
    4.4790506363e-03   -1.9635880438e-29
    4.4897235930e-03   -1.6479073620e-29
    4.4999490492e-03   -1.3931488096e-29
    4.5098606497e-03   -1.1838337027e-29
    4.5195007697e-03   -1.0104490759e-29
    4.5291408896e-03   -8.6244293954e-30
    4.5397449285e-03   -7.2453424323e-30
    4.5494814403e-03   -6.1740563139e-30
    4.5598256402e-03   -5.2087930152e-30
    4.5688003302e-03   -4.4943877340e-30
    4.5797340572e-03   -3.7550439171e-30
    4.5894528739e-03   -3.2005574014e-30
    4.5991716906e-03   -2.7279091785e-30
    4.6096034348e-03   -2.2979195516e-30
    4.6192435548e-03   -1.9610475090e-30
    4.6298475936e-03   -1.6472110179e-30
    4.6394877136e-03   -1.4056882122e-30
    4.6491278335e-03   -1.1995617043e-30
    4.6598194167e-03   -1.0060923553e-30
    4.6698590741e-03   -8.5291284008e-31
    4.6794028021e-03   -7.2896528329e-31
    4.6897139400e-03   -6.1520136319e-31
    4.6993540600e-03   -5.2494803541e-31
    4.7099580988e-03   -4.4087606818e-31
    4.7195982188e-03   -3.7618360645e-31
    4.7292383388e-03   -3.2097855962e-31
    4.7398423776e-03   -2.6955787580e-31
    4.7493190505e-03   -2.3061212578e-31
    4.7590387985e-03   -1.9650315885e-31
    4.7699734569e-03   -1.6411895951e-31
    4.7796932049e-03   -1.3983940582e-31
    4.7894129530e-03   -1.1914947097e-31
    4.7990926541e-03   -1.0158549299e-31
    4.8096003011e-03   -8.5435681734e-32
    4.8195123672e-03   -7.2560856513e-32
    4.8291524872e-03   -6.1901550147e-32
    4.8397565261e-03   -5.1974506231e-32
    4.8493966460e-03   -4.4337436984e-32
    4.8593357205e-03   -3.7635805569e-32
    4.8690559343e-03   -3.2061714213e-32
    4.8794490285e-03   -2.7011079308e-32
    4.8890891485e-03   -2.3039906743e-32
    4.8996931873e-03   -1.9341966084e-32
    4.9097039737e-03   -1.6396853150e-32
    4.9195010215e-03   -1.3948821512e-32
    4.9291541800e-03   -1.1894126447e-32
    4.9388753250e-03   -1.0130488927e-32
    4.9493089318e-03   -8.5271028771e-33
    4.9599129707e-03   -7.1570803743e-33
    4.9695530906e-03   -6.1033995643e-33
    4.9791932106e-03   -5.2046867460e-33
    4.9896342680e-03   -4.3797916668e-33
    4.9992743880e-03   -3.7346359187e-33
    5.0091389567e-03   -3.1726137025e-33
    5.0191693008e-03   -2.6877052013e-33
    5.0288909115e-03   -2.2884977689e-33
    5.0398274325e-03   -1.9097349383e-33
    5.0495490432e-03   -1.6259639899e-33
    5.0592706539e-03   -1.3843115550e-33
    5.0689922646e-03   -1.1785326364e-33
    5.0796782598e-03   -9.8741874444e-34
    5.0893183798e-03   -8.4171530130e-34
    5.0999224186e-03   -7.0612065040e-34
    5.1094000228e-03   -6.0350885570e-34
    5.1191216335e-03   -5.1370540356e-34
    5.1288441755e-03   -4.3725047039e-34
    5.1397816278e-03   -3.6473842536e-34
    5.1495037042e-03   -3.1043292815e-34
    5.1592257805e-03   -2.6420459243e-34
    5.1689483225e-03   -2.2485344967e-34
    5.1792906597e-03   -1.8939992016e-34
    5.1893829368e-03   -1.6019322476e-34
    5.1987944171e-03   -1.3702698617e-34
    5.2097323351e-03   -1.1427467312e-34
    5.2194553427e-03   -9.7239441135e-35
    5.2291778848e-03   -8.2741388576e-35
    5.2396133542e-03   -6.9574543191e-35
    5.2492534742e-03   -5.9279410990e-35
    5.2596954629e-03   -4.9838205410e-35
    5.2694184706e-03   -4.2402821950e-35
    5.2791414782e-03   -3.6075786743e-35
    5.2888644859e-03   -3.0692034096e-35
    5.2995104343e-03   -2.5713680637e-35
    5.3091505542e-03   -2.1905473546e-35
    5.3197545931e-03   -1.8364061486e-35
    5.3293947130e-03   -1.5643615713e-35
    5.3399987519e-03   -1.3113895047e-35
    5.3496388718e-03   -1.1170709041e-35
    5.3592789918e-03   -9.5152558406e-36
    5.3699794225e-03   -7.9631821457e-36
    5.3796540014e-03   -6.7788393013e-36
    5.3893360309e-03   -5.7698276382e-36
    5.3999405354e-03   -4.8360826977e-36
    5.4092551582e-03   -4.1413173945e-36
    5.4195336998e-03   -3.4898155782e-36
    5.4291738197e-03   -2.9721783470e-36
    5.4397778586e-03   -2.4909420517e-36
    5.4494179785e-03   -2.1213680341e-36
    5.4596504197e-03   -1.7888331374e-36
    5.4695424624e-03   -1.5169842846e-36
    5.4791821167e-03   -1.2918221227e-36
    5.4894150235e-03   -1.0892359777e-36
    5.4991403595e-03   -9.2620617904e-37
    5.5088652298e-03   -7.8755646251e-37
    5.5198059417e-03   -6.5620295957e-37
    5.5295312777e-03   -5.5793888900e-37
    5.5392561480e-03   -4.7437621056e-37
    5.5489819497e-03   -4.0331723985e-37
    5.5599231273e-03   -3.3600554301e-37
    5.5696484633e-03   -2.8565648561e-37
    5.5793742649e-03   -2.4284515839e-37
    5.5891000666e-03   -2.0644415507e-37
    5.5988258682e-03   -1.7549455030e-37
    5.6097675115e-03   -1.4618166214e-37
    5.6194933131e-03   -1.2425915481e-37
    5.6291334331e-03   -1.0577332636e-37
    5.6397374719e-03   -8.8596355521e-38
    5.6497198530e-03   -7.4982158000e-38
    5.6594461203e-03   -6.3730090064e-38
    5.6693810038e-03   -5.3976475417e-38
    5.6799850427e-03   -4.5205765145e-38
    5.6899241172e-03   -3.8282644477e-38
    5.6996508501e-03   -3.2534215496e-38
    5.7093775831e-03   -2.7648229667e-38
    5.7191043161e-03   -2.3495421412e-38
    5.7288315147e-03   -1.9965872879e-38
    5.7397307828e-03   -1.6636431168e-38
    5.7493709028e-03   -1.4157165644e-38
    5.7599749416e-03   -1.1854238116e-38
    5.7696150616e-03    0.0000000000e+00
    5.7792551816e-03    0.0000000000e+00
    5.7896981016e-03    0.0000000000e+00
    5.7994257659e-03    0.0000000000e+00
    5.8090658858e-03    0.0000000000e+00
    5.8196699247e-03    0.0000000000e+00
    5.8288965374e-03    0.0000000000e+00
    5.8398405090e-03    0.0000000000e+00
    5.8495686390e-03    0.0000000000e+00
    5.8592963032e-03    0.0000000000e+00
    5.8690244332e-03    0.0000000000e+00
    5.8792126365e-03    0.0000000000e+00
    5.8898166753e-03    0.0000000000e+00
    5.8994567953e-03    0.0000000000e+00
    5.9090969153e-03    0.0000000000e+00
    5.9197009541e-03    0.0000000000e+00
    5.9293410741e-03    0.0000000000e+00
    5.9399455786e-03    0.0000000000e+00
    5.9494688176e-03    0.0000000000e+00
    5.9599531814e-03    0.0000000000e+00
    5.9691281058e-03    0.0000000000e+00
    5.9797321446e-03    0.0000000000e+00
    5.9893722646e-03    0.0000000000e+00
    5.9998603538e-03    0.0000000000e+00
    6.0097523965e-03    0.0000000000e+00
    6.0193925165e-03    0.0000000000e+00
    6.0299965553e-03    0.0000000000e+00
    6.0396366753e-03    0.0000000000e+00
    6.0492767952e-03    0.0000000000e+00
    6.0598808341e-03    0.0000000000e+00
    6.0695209540e-03    0.0000000000e+00
    6.0791610740e-03    0.0000000000e+00
    6.0897651128e-03    0.0000000000e+00
    6.0994052328e-03    0.0000000000e+00
    6.1090453528e-03    0.0000000000e+00
    6.1196493916e-03    0.0000000000e+00
    6.1292895116e-03    0.0000000000e+00
    6.1398935504e-03    0.0000000000e+00
    6.1495336704e-03    0.0000000000e+00
    6.1591737904e-03    0.0000000000e+00
    6.1694057658e-03    0.0000000000e+00
    6.1799632385e-03    0.0000000000e+00
    6.1896033585e-03    0.0000000000e+00
    6.1992434785e-03    0.0000000000e+00
    6.2098475173e-03    0.0000000000e+00
    6.2194876373e-03    0.0000000000e+00
    6.2291277573e-03    0.0000000000e+00
    6.2397317961e-03    0.0000000000e+00
    6.2493719161e-03    0.0000000000e+00
    6.2599764206e-03    0.0000000000e+00
    6.2699606642e-03    0.0000000000e+00
    6.2796915881e-03    0.0000000000e+00
    6.2895840965e-03    0.0000000000e+00
    6.2998207286e-03    0.0000000000e+00
    6.3095516525e-03    0.0000000000e+00
    6.3192825764e-03    0.0000000000e+00
    6.3298135065e-03    0.0000000000e+00
    6.3390866853e-03    0.0000000000e+00
    6.3488176093e-03    0.0000000000e+00
    6.3596740365e-03    0.0000000000e+00
    6.3693141565e-03    0.0000000000e+00
    6.3792532310e-03    0.0000000000e+00
    6.3896505162e-03    0.0000000000e+00
    6.3992906362e-03    0.0000000000e+00
    6.4098946750e-03    0.0000000000e+00
    6.4195347950e-03    0.0000000000e+00
    6.4297262579e-03    0.0000000000e+00
    6.4397552051e-03    0.0000000000e+00
    6.4498339780e-03    0.0000000000e+00
    6.4594256692e-03    0.0000000000e+00
    6.4698364586e-03    0.0000000000e+00
    6.4796209335e-03    0.0000000000e+00
    6.4893672243e-03    0.0000000000e+00
    6.4996611327e-03    0.0000000000e+00
    6.5095736645e-03    0.0000000000e+00
    6.5198671073e-03    0.0000000000e+00
    6.5294108354e-03    0.0000000000e+00
    6.5393913537e-03    0.0000000000e+00
    6.5488712862e-03    0.0000000000e+00
    6.5597733483e-03    0.0000000000e+00
    6.5699988045e-03    0.0000000000e+00
    6.5795425326e-03    0.0000000000e+00
    6.5897679888e-03    0.0000000000e+00
    6.5999934450e-03    0.0000000000e+00
    6.6095371731e-03    0.0000000000e+00
    6.6197626293e-03    0.0000000000e+00
    6.6299568862e-03    0.0000000000e+00
    6.6398954950e-03    0.0000000000e+00
    6.6495356150e-03    0.0000000000e+00
    6.6591757350e-03    0.0000000000e+00
    6.6697797738e-03    0.0000000000e+00
    6.6794198938e-03    0.0000000000e+00
    6.6890600137e-03    0.0000000000e+00
    6.6996640526e-03    0.0000000000e+00
    6.7093041725e-03    0.0000000000e+00
    6.7190406844e-03    0.0000000000e+00
    6.7296405323e-03    0.0000000000e+00
    6.7392806523e-03    0.0000000000e+00
    6.7498846911e-03    0.0000000000e+00
    6.7595248111e-03    0.0000000000e+00
    6.7691649310e-03    0.0000000000e+00
    6.7799063399e-03    0.0000000000e+00
    6.7896377295e-03    0.0000000000e+00
    6.7997826263e-03    0.0000000000e+00
    6.8094227463e-03    0.0000000000e+00
    6.8190628663e-03    0.0000000000e+00
    6.8290471099e-03    0.0000000000e+00
    6.8399040028e-03    0.0000000000e+00
    6.8495436572e-03    0.0000000000e+00
    6.8591837771e-03    0.0000000000e+00
    6.8697882816e-03    0.0000000000e+00
    6.8797268905e-03    0.0000000000e+00
    6.8899174221e-03    0.0000000000e+00
    6.8995575421e-03    0.0000000000e+00
    6.9091976620e-03    0.0000000000e+00
    6.9189341739e-03    0.0000000000e+00
    6.9298320450e-03    0.0000000000e+00
    6.9395634346e-03    0.0000000000e+00
    6.9492948242e-03    0.0000000000e+00
    6.9590262137e-03    0.0000000000e+00
    6.9692167453e-03    0.0000000000e+00
    6.9798212498e-03    0.0000000000e+00
    6.9894609042e-03    0.0000000000e+00
    6.9991010241e-03    0.0000000000e+00
    7.0097055286e-03    0.0000000000e+00
    7.0189782418e-03    0.0000000000e+00
    7.0299264044e-03    0.0000000000e+00
    7.0396582596e-03    0.0000000000e+00
    7.0490916260e-03    0.0000000000e+00
    7.0596956648e-03    0.0000000000e+00
    7.0693357848e-03    0.0000000000e+00
    7.0799398236e-03    0.0000000000e+00
    7.0895799436e-03    0.0000000000e+00
    7.0992200635e-03    0.0000000000e+00
    7.1099204943e-03    0.0000000000e+00
    7.1196025237e-03    0.0000000000e+00
    7.1297474205e-03    0.0000000000e+00
    7.1393875405e-03    0.0000000000e+00
    7.1499915794e-03    0.0000000000e+00
    7.1597280912e-03    0.0000000000e+00
    7.1694101207e-03    0.0000000000e+00
    7.1793026291e-03    0.0000000000e+00
    7.1899066679e-03    0.0000000000e+00
    7.1995467879e-03    0.0000000000e+00
    7.2091869079e-03    0.0000000000e+00
    7.2196307592e-03    0.0000000000e+00
    7.2297756560e-03    0.0000000000e+00
    7.2394157760e-03    0.0000000000e+00
    7.2488957085e-03    0.0000000000e+00
    7.2598969564e-03    0.0000000000e+00
    7.2694406845e-03    0.0000000000e+00
    7.2798514739e-03    0.0000000000e+00
    7.2899963707e-03    0.0000000000e+00
    7.2996364906e-03    0.0000000000e+00
    7.3092766106e-03    0.0000000000e+00
    7.3198806494e-03    0.0000000000e+00
    7.3296171613e-03    0.0000000000e+00
    7.3392991908e-03    0.0000000000e+00
    7.3496964760e-03    0.0000000000e+00
    7.3593365960e-03    0.0000000000e+00
    7.3699406348e-03    0.0000000000e+00
    7.3795807548e-03    0.0000000000e+00
    7.3892208748e-03    0.0000000000e+00
    7.3998249136e-03    0.0000000000e+00
    7.4094650336e-03    0.0000000000e+00
    7.4191051535e-03    0.0000000000e+00
    7.4292966165e-03    0.0000000000e+00
    7.4398522265e-03    0.0000000000e+00
    7.4494676664e-03    0.0000000000e+00
    7.4590719305e-03    0.0000000000e+00
    7.4692168273e-03    0.0000000000e+00
    7.4798208661e-03    0.0000000000e+00
    7.4890935794e-03    0.0000000000e+00
    7.4999956414e-03    0.0000000000e+00
    7.5096357614e-03    0.0000000000e+00
    7.5192758814e-03    0.0000000000e+00
    7.5298799202e-03    0.0000000000e+00
    7.5393547304e-03    0.0000000000e+00
    7.5499000959e-03    0.0000000000e+00
    7.5596324168e-03    0.0000000000e+00
    7.5697768480e-03    0.0000000000e+00
    7.5794169679e-03    0.0000000000e+00
    7.5890570879e-03    0.0000000000e+00
    7.5996611267e-03    0.0000000000e+00
    7.6093012467e-03    0.0000000000e+00
    7.6199742034e-03    0.0000000000e+00
    7.6290392317e-03    0.0000000000e+00
    7.6396432705e-03    0.0000000000e+00
    7.6492833905e-03    0.0000000000e+00
    7.6598874293e-03    0.0000000000e+00
    7.6695275493e-03    0.0000000000e+00
    7.6791676693e-03    0.0000000000e+00
    7.6898406260e-03    0.0000000000e+00
    7.6997042634e-03    0.0000000000e+00
    7.7093443833e-03    0.0000000000e+00
    7.7199484222e-03    0.0000000000e+00
    7.7298604883e-03    0.0000000000e+00
    7.7397720888e-03    0.0000000000e+00
    7.7494122088e-03    0.0000000000e+00
    7.7590523288e-03    0.0000000000e+00
    7.7696563676e-03    0.0000000000e+00
    7.7793654054e-03    0.0000000000e+00
    7.7895908616e-03    0.0000000000e+00
    7.7994544990e-03    0.0000000000e+00
    7.8090946190e-03    0.0000000000e+00
    7.8196981922e-03    0.0000000000e+00
    7.8293383121e-03    0.0000000000e+00
    7.8399423510e-03    0.0000000000e+00
    7.8496029601e-03    0.0000000000e+00
    7.8590465710e-03    0.0000000000e+00
    7.8697828576e-03    0.0000000000e+00
    7.8793661669e-03    0.0000000000e+00
    7.8899702057e-03    0.0000000000e+00
    7.8996103257e-03    0.0000000000e+00
    7.9092504457e-03    0.0000000000e+00
    7.9195722938e-03    0.0000000000e+00
    7.9297982156e-03    0.0000000000e+00
    7.9392623156e-03    0.0000000000e+00
    7.9498663545e-03    0.0000000000e+00
    7.9599739984e-03    0.0000000000e+00
    7.9694185406e-03    0.0000000000e+00
    7.9790474847e-03    0.0000000000e+00
    7.9896515235e-03    0.0000000000e+00
    7.9993270338e-03    0.0000000000e+00
    8.0094840378e-03    0.0000000000e+00
    8.0196298659e-03    0.0000000000e+00
    8.0292699859e-03    0.0000000000e+00
    8.0398255959e-03    0.0000000000e+00
    8.0493697897e-03    0.0000000000e+00
    8.0596804619e-03    0.0000000000e+00
    8.0693205819e-03    0.0000000000e+00
    8.0799246207e-03    0.0000000000e+00
    8.0899158493e-03    0.0000000000e+00
    8.0994600430e-03    0.0000000000e+00
    8.1097539514e-03    0.0000000000e+00
    8.1199789420e-03    0.0000000000e+00
    8.1297252327e-03    0.0000000000e+00
    8.1393653527e-03    0.0000000000e+00
    8.1499693915e-03    0.0000000000e+00
    8.1596095115e-03    0.0000000000e+00
    8.1694843248e-03    0.0000000000e+00
    8.1797093153e-03    0.0000000000e+00
    8.1899352372e-03    0.0000000000e+00
    8.1995641813e-03    0.0000000000e+00
    8.2092043012e-03    0.0000000000e+00
    8.2198083401e-03    0.0000000000e+00
    8.2294484600e-03    0.0000000000e+00
    8.2390885800e-03    0.0000000000e+00
    8.2496926188e-03    0.0000000000e+00
    8.2595190033e-03    0.0000000000e+00
    8.2697449252e-03    0.0000000000e+00
    8.2799699157e-03    0.0000000000e+00
    8.2895141095e-03    0.0000000000e+00
    8.2997391000e-03    0.0000000000e+00
    8.3093205467e-03    0.0000000000e+00
    8.3195455372e-03    0.0000000000e+00
    8.3297714591e-03    0.0000000000e+00
    8.3399964496e-03    0.0000000000e+00
    8.3495406434e-03    0.0000000000e+00
    8.3597656339e-03    0.0000000000e+00
    8.3699915558e-03    0.0000000000e+00
    8.3795348182e-03    0.0000000000e+00
    8.3897607401e-03    0.0000000000e+00
    8.3999857306e-03    0.0000000000e+00
    8.4095299244e-03    0.0000000000e+00
    8.4197549149e-03    0.0000000000e+00
    8.4299808368e-03    0.0000000000e+00
    8.4395240992e-03    0.0000000000e+00
    8.4497500211e-03    0.0000000000e+00
    8.4597300738e-03    0.0000000000e+00
    8.4693701938e-03    0.0000000000e+00
    8.4799742326e-03    0.0000000000e+00
    8.4898490459e-03    0.0000000000e+00
    8.4990793839e-03    0.0000000000e+00
    8.5096834227e-03    0.0000000000e+00
    8.5193235427e-03    0.0000000000e+00
    8.5299275815e-03    0.0000000000e+00
    8.5396841168e-03    0.0000000000e+00
    8.5494313389e-03    0.0000000000e+00
    8.5590714589e-03    0.0000000000e+00
    8.5696270689e-03    0.0000000000e+00
    8.5798520595e-03    0.0000000000e+00
    8.5899988189e-03    0.0000000000e+00
    8.5995309055e-03    0.0000000000e+00
    8.6095705628e-03    0.0000000000e+00
    8.6197955534e-03    0.0000000000e+00
    8.6293397471e-03    0.0000000000e+00
    8.6394855753e-03    0.0000000000e+00
    8.6494432762e-03    0.0000000000e+00
    8.6590833962e-03    0.0000000000e+00
    8.6694741622e-03    0.0000000000e+00
    8.6792288348e-03    0.0000000000e+00
    8.6897769943e-03    0.0000000000e+00
    8.6994171143e-03    0.0000000000e+00
    8.7090572342e-03    0.0000000000e+00
    8.7196612731e-03    0.0000000000e+00
    8.7293703109e-03    0.0000000000e+00
    8.7395953014e-03    0.0000000000e+00
    8.7498212233e-03    0.0000000000e+00
    8.7598012760e-03    0.0000000000e+00
    8.7694413960e-03    0.0000000000e+00
    8.7790815160e-03    0.0000000000e+00
    8.7896855548e-03    0.0000000000e+00
    8.7993256748e-03    0.0000000000e+00
    8.8097164407e-03    0.0000000000e+00
    8.8199423626e-03    0.0000000000e+00
    8.8294856250e-03    0.0000000000e+00
    8.8397115469e-03    0.0000000000e+00
    8.8493227959e-03    0.0000000000e+00
    8.8595664129e-03    0.0000000000e+00
    8.8694300503e-03    0.0000000000e+00
    8.8790701702e-03    0.0000000000e+00
    8.8896742091e-03    0.0000000000e+00
    8.8993143290e-03    0.0000000000e+00
    8.9099183679e-03    0.0000000000e+00
    8.9195584878e-03    0.0000000000e+00
    8.9298319072e-03    0.0000000000e+00
    8.9393751696e-03    0.0000000000e+00
    8.9499689639e-03    0.0000000000e+00
    8.9596090838e-03    0.0000000000e+00
    8.9692492038e-03    0.0000000000e+00
    8.9798532426e-03    0.0000000000e+00
    8.9894933626e-03    0.0000000000e+00
    8.9991334826e-03    0.0000000000e+00
    9.0095242485e-03    0.0000000000e+00
    9.0191541240e-03    0.0000000000e+00
    9.0297581628e-03    0.0000000000e+00
    9.0398658067e-03    0.0000000000e+00
    9.0494100004e-03    0.0000000000e+00
    9.0596349910e-03    0.0000000000e+00
    9.0698609129e-03    0.0000000000e+00
    9.0794041753e-03    0.0000000000e+00
    9.0896980837e-03    0.0000000000e+00
    9.0993279591e-03    0.0000000000e+00
    9.1098835692e-03    0.0000000000e+00
    9.1194957495e-03    0.0000000000e+00
    9.1295018792e-03    0.0000000000e+00
    9.1391419992e-03    0.0000000000e+00
    9.1494163498e-03    0.0000000000e+00
    9.1596413404e-03    0.0000000000e+00
    9.1698672622e-03    0.0000000000e+00
    9.1794105247e-03    0.0000000000e+00
    9.1893225908e-03    0.0000000000e+00
    9.1999843717e-03    0.0000000000e+00
    9.2096934095e-03    0.0000000000e+00
    9.2199193314e-03    0.0000000000e+00
    9.2294625938e-03    0.0000000000e+00
    9.2396885157e-03    0.0000000000e+00
    9.2499135062e-03    0.0000000000e+00
    9.2594577000e-03    0.0000000000e+00
    9.2696826905e-03    0.0000000000e+00
    9.2795947567e-03    0.0000000000e+00
    9.2894099653e-03    0.0000000000e+00
    9.2999171466e-03    0.0000000000e+00
    9.3094613403e-03    0.0000000000e+00
    9.3196863309e-03    0.0000000000e+00
    9.3299122527e-03    0.0000000000e+00
    9.3392105773e-03    0.0000000000e+00
    9.3498146161e-03    0.0000000000e+00
    9.3594547361e-03    0.0000000000e+00
    9.3690948561e-03    0.0000000000e+00
    9.3796988949e-03    0.0000000000e+00
    9.3893390149e-03    0.0000000000e+00
    9.3998471275e-03    0.0000000000e+00
    9.4093913212e-03    0.0000000000e+00
    9.4196163118e-03    0.0000000000e+00
    9.4298422337e-03    0.0000000000e+00
    9.4393854961e-03    0.0000000000e+00
    9.4496114179e-03    0.0000000000e+00
    9.4598364085e-03    0.0000000000e+00
    9.4693806022e-03    0.0000000000e+00
    9.4796055928e-03    0.0000000000e+00
    9.4898305833e-03    0.0000000000e+00
    9.4993747771e-03    0.0000000000e+00
    9.5095997676e-03    0.0000000000e+00
    9.5198256895e-03    0.0000000000e+00
    9.5291249454e-03    0.0000000000e+00
    9.5397289842e-03    0.0000000000e+00
    9.5499539748e-03    0.0000000000e+00
    9.5594981685e-03    0.0000000000e+00
    9.5697231591e-03    0.0000000000e+00
    9.5799490809e-03    0.0000000000e+00
    9.5894923434e-03    0.0000000000e+00
    9.5997182652e-03    0.0000000000e+00
    9.6099432558e-03    0.0000000000e+00
    9.6194874495e-03    0.0000000000e+00
    9.6297124401e-03    0.0000000000e+00
    9.6399383619e-03    0.0000000000e+00
    9.6498494968e-03    0.0000000000e+00
    9.6593163908e-03    0.0000000000e+00
    9.6694249660e-03    0.0000000000e+00
    9.6796881407e-03    0.0000000000e+00
    9.6893282607e-03    0.0000000000e+00
    9.6996016800e-03    0.0000000000e+00
    9.7093572840e-03    0.0000000000e+00
    9.7194565460e-03    0.0000000000e+00
    9.7292121500e-03    0.0000000000e+00
    9.7394771874e-03    0.0000000000e+00
    9.7497021779e-03    0.0000000000e+00
    9.7599085420e-03    0.0000000000e+00
    9.7694825381e-03    0.0000000000e+00
    9.7797075287e-03    0.0000000000e+00
    9.7899334505e-03    0.0000000000e+00
    9.7994767129e-03    0.0000000000e+00
    9.8094576970e-03    0.0000000000e+00
    9.8196826875e-03    0.0000000000e+00
    9.8299086094e-03    0.0000000000e+00
    9.8394518718e-03    0.0000000000e+00
    9.8496777937e-03    0.0000000000e+00
    9.8597062752e-03    0.0000000000e+00
    9.8699321970e-03    0.0000000000e+00
    9.8794754595e-03    0.0000000000e+00
    9.8897013813e-03    0.0000000000e+00
    9.8999263719e-03    0.0000000000e+00
    9.9094705656e-03    0.0000000000e+00
    9.9196955562e-03    0.0000000000e+00
    9.9299214780e-03    0.0000000000e+00
    9.9394647405e-03    0.0000000000e+00
    9.9496906623e-03    0.0000000000e+00
    9.9599156529e-03    0.0000000000e+00
    9.9694598466e-03    0.0000000000e+00
    9.9797220901e-03    0.0000000000e+00
    9.9893622100e-03    0.0000000000e+00
    9.9998014048e-03    0.0000000000e+00
    1.0009557009e-02    0.0000000000e+00
    1.0019781999e-02    0.0000000000e+00
    1.0029326193e-02    0.0000000000e+00
    1.0039551184e-02    0.0000000000e+00
    1.0049776174e-02    0.0000000000e+00
    1.0059805587e-02    0.0000000000e+00
    1.0069631971e-02    0.0000000000e+00
    1.0079856962e-02    0.0000000000e+00
    1.0089203715e-02    0.0000000000e+00
    1.0099478066e-02    0.0000000000e+00
    1.0109703057e-02    0.0000000000e+00
    1.0119458660e-02    0.0000000000e+00
    1.0129683651e-02    0.0000000000e+00
    1.0139829479e-02    0.0000000000e+00
    1.0149373673e-02    0.0000000000e+00
    1.0159598663e-02    0.0000000000e+00
    1.0169824585e-02    0.0000000000e+00
    1.0179367848e-02    0.0000000000e+00
    1.0189593770e-02    0.0000000000e+00
    1.0199818760e-02    0.0000000000e+00
    1.0209362954e-02    0.0000000000e+00
    1.0219587944e-02    0.0000000000e+00
    1.0229782201e-02    0.0000000000e+00
    1.0239422321e-02    0.0000000000e+00
    1.0249530897e-02    0.0000000000e+00
    1.0259755887e-02    0.0000000000e+00
    1.0269981809e-02    0.0000000000e+00
    1.0279525071e-02    0.0000000000e+00
    1.0289750993e-02    0.0000000000e+00
    1.0299975984e-02    0.0000000000e+00
    1.0309520178e-02    0.0000000000e+00
    1.0319745168e-02    0.0000000000e+00
    1.0329971090e-02    0.0000000000e+00
    1.0339514352e-02    0.0000000000e+00
    1.0349740274e-02    0.0000000000e+00
    1.0359965265e-02    0.0000000000e+00
    1.0369509459e-02    0.0000000000e+00
    1.0379937477e-02    0.0000000000e+00
    1.0389364325e-02    0.0000000000e+00
    1.0399589315e-02    0.0000000000e+00
    1.0409815237e-02    0.0000000000e+00
    1.0419358499e-02    0.0000000000e+00
    1.0429584421e-02    0.0000000000e+00
    1.0439809412e-02    0.0000000000e+00
    1.0449353606e-02    0.0000000000e+00
    1.0459790006e-02    0.0000000000e+00
    1.0469334200e-02    0.0000000000e+00
    1.0479559191e-02    0.0000000000e+00
    1.0489785112e-02    0.0000000000e+00
    1.0499328375e-02    0.0000000000e+00
    1.0509554297e-02    0.0000000000e+00
    1.0519779287e-02    0.0000000000e+00
    1.0529323481e-02    0.0000000000e+00
    1.0539548472e-02    0.0000000000e+00
    1.0549774393e-02    0.0000000000e+00
    1.0559999384e-02    0.0000000000e+00
    1.0569543578e-02    0.0000000000e+00
    1.0579768568e-02    0.0000000000e+00
    1.0589994490e-02    0.0000000000e+00
    1.0599537753e-02    0.0000000000e+00
    1.0609763674e-02    0.0000000000e+00
    1.0619988665e-02    0.0000000000e+00
    1.0629532859e-02    0.0000000000e+00
    1.0639757849e-02    0.0000000000e+00
    1.0649983771e-02    0.0000000000e+00
    1.0659527034e-02    0.0000000000e+00
    1.0669752955e-02    0.0000000000e+00
    1.0679977946e-02    0.0000000000e+00
    1.0689522140e-02    0.0000000000e+00
    1.0699747130e-02    0.0000000000e+00
    1.0709972121e-02    0.0000000000e+00
    1.0719516315e-02    0.0000000000e+00
    1.0729741305e-02    0.0000000000e+00
    1.0739967227e-02    0.0000000000e+00
    1.0749510489e-02    0.0000000000e+00
    1.0759736411e-02    0.0000000000e+00
    1.0769961402e-02    0.0000000000e+00
    1.0779505596e-02    0.0000000000e+00
    1.0789730586e-02    0.0000000000e+00
    1.0799956508e-02    0.0000000000e+00
    1.0809499770e-02    0.0000000000e+00
    1.0819725692e-02    0.0000000000e+00
    1.0829950683e-02    0.0000000000e+00
    1.0839494877e-02    0.0000000000e+00
    1.0849719867e-02    0.0000000000e+00
    1.0859945789e-02    0.0000000000e+00
    1.0869489051e-02    0.0000000000e+00
    1.0879714973e-02    0.0000000000e+00
    1.0889939964e-02    0.0000000000e+00
    1.0899484158e-02    0.0000000000e+00
    1.0909709148e-02    0.0000000000e+00
    1.0919935070e-02    0.0000000000e+00
    1.0929478332e-02    0.0000000000e+00
    1.0939704254e-02    0.0000000000e+00
    1.0949929245e-02    0.0000000000e+00
    1.0959473439e-02    0.0000000000e+00
    1.0969698429e-02    0.0000000000e+00
    1.0979924351e-02    0.0000000000e+00
    1.0989467613e-02    0.0000000000e+00
    1.0999693535e-02    0.0000000000e+00
    1.1009918526e-02    0.0000000000e+00
    1.1019462720e-02    0.0000000000e+00
    1.1029687710e-02    0.0000000000e+00
    1.1039913632e-02    0.0000000000e+00
    1.1049456894e-02    0.0000000000e+00
    1.1059682816e-02    0.0000000000e+00
    1.1069907807e-02    0.0000000000e+00
    1.1079452001e-02    0.0000000000e+00
    1.1089676991e-02    0.0000000000e+00
    1.1099902913e-02    0.0000000000e+00
    1.1109446175e-02    0.0000000000e+00
    1.1119672097e-02    0.0000000000e+00
    1.1129897088e-02    0.0000000000e+00
    1.1139441282e-02    0.0000000000e+00
    1.1149666272e-02    0.0000000000e+00
    1.1159892194e-02    0.0000000000e+00
    1.1169435456e-02    0.0000000000e+00
    1.1179661378e-02    0.0000000000e+00
    1.1189886369e-02    0.0000000000e+00
    1.1199430563e-02    0.0000000000e+00
    1.1209655553e-02    0.0000000000e+00
    1.1219567619e-02    0.0000000000e+00
    1.1229394004e-02    0.0000000000e+00
    1.1239618994e-02    0.0000000000e+00
    1.1249844916e-02    0.0000000000e+00
    1.1259388179e-02    0.0000000000e+00
    1.1269614100e-02    0.0000000000e+00
    1.1279839091e-02    0.0000000000e+00
    1.1289383285e-02    0.0000000000e+00
    1.1299608275e-02    0.0000000000e+00
    1.1309833266e-02    0.0000000000e+00
    1.1319377460e-02    0.0000000000e+00
    1.1329571716e-02    0.0000000000e+00
    1.1339211836e-02    0.0000000000e+00
    1.1349815875e-02    0.0000000000e+00
    1.1359455995e-02    0.0000000000e+00
    1.1369096115e-02    0.0000000000e+00
    1.1379700154e-02    0.0000000000e+00
    1.1389340274e-02    0.0000000000e+00
    1.1399944313e-02    0.0000000000e+00
    1.1409418657e-02    0.0000000000e+00
    1.1419644579e-02    0.0000000000e+00
    1.1429869570e-02    0.0000000000e+00
    1.1439413764e-02    0.0000000000e+00
    1.1449638754e-02    0.0000000000e+00
    1.1459864676e-02    0.0000000000e+00
    1.1469407938e-02    0.0000000000e+00
    1.1479633860e-02    0.0000000000e+00
    1.1489858851e-02    0.0000000000e+00
    1.1499403045e-02    0.0000000000e+00
    1.1509628035e-02    0.0000000000e+00
    1.1519853957e-02    0.0000000000e+00
    1.1529397219e-02    0.0000000000e+00
    1.1539623141e-02    0.0000000000e+00
    1.1549848132e-02    0.0000000000e+00
    1.1559392326e-02    0.0000000000e+00
    1.1569617316e-02    0.0000000000e+00
    1.1579843238e-02    0.0000000000e+00
    1.1589386500e-02    0.0000000000e+00
    1.1599612422e-02    0.0000000000e+00
    1.1609837413e-02    0.0000000000e+00
    1.1619381607e-02    0.0000000000e+00
    1.1629606597e-02    0.0000000000e+00
    1.1639832519e-02    0.0000000000e+00
    1.1649375781e-02    0.0000000000e+00
    1.1659601703e-02    0.0000000000e+00
    1.1669465341e-02    0.0000000000e+00
    1.1679105461e-02    0.0000000000e+00
    1.1689496227e-02    0.0000000000e+00
    1.1699721217e-02    0.0000000000e+00
    1.1709947139e-02    0.0000000000e+00
    1.1719490401e-02    0.0000000000e+00
    1.1729716323e-02    0.0000000000e+00
    1.1739941314e-02    0.0000000000e+00
    1.1749485508e-02    0.0000000000e+00
    1.1759710498e-02    0.0000000000e+00
    1.1769936420e-02    0.0000000000e+00
    1.1779479682e-02    0.0000000000e+00
    1.1789705604e-02    0.0000000000e+00
    1.1799930595e-02    0.0000000000e+00
    1.1809474789e-02    0.0000000000e+00
    1.1819699779e-02    0.0000000000e+00
    1.1829925701e-02    0.0000000000e+00
    1.1839468963e-02    0.0000000000e+00
    1.1849694885e-02    0.0000000000e+00
    1.1859919876e-02    0.0000000000e+00
    1.1869464070e-02    0.0000000000e+00
    1.1879689060e-02    0.0000000000e+00
    1.1889914051e-02    0.0000000000e+00
    1.1899458244e-02    0.0000000000e+00
    1.1909683235e-02    0.0000000000e+00
    1.1919909157e-02    0.0000000000e+00
    1.1929452419e-02    0.0000000000e+00
    1.1939678341e-02    0.0000000000e+00
    1.1949903332e-02    0.0000000000e+00
    1.1959447525e-02    0.0000000000e+00
    1.1969672516e-02    0.0000000000e+00
    1.1979898438e-02    0.0000000000e+00
    1.1989441700e-02    0.0000000000e+00
    1.1999667622e-02    0.0000000000e+00
    1.2009892613e-02    0.0000000000e+00
    1.2019436806e-02    0.0000000000e+00
    1.2029661797e-02    0.0000000000e+00
    1.2039887719e-02    0.0000000000e+00
    1.2049430981e-02    0.0000000000e+00
    1.2059656903e-02    0.0000000000e+00
    1.2069637887e-02    0.0000000000e+00
    1.2079745531e-02    0.0000000000e+00
    1.2089971453e-02    0.0000000000e+00
    1.2099514715e-02    0.0000000000e+00
    1.2109740637e-02    0.0000000000e+00
    1.2119965628e-02    0.0000000000e+00
    1.2129509822e-02    0.0000000000e+00
    1.2139734812e-02    0.0000000000e+00
    1.2149960734e-02    0.0000000000e+00
    1.2159503996e-02    0.0000000000e+00
    1.2169729918e-02    0.0000000000e+00
    1.2179954909e-02    0.0000000000e+00
    1.2189499103e-02    0.0000000000e+00
    1.2199724093e-02    0.0000000000e+00
    1.2209950015e-02    0.0000000000e+00
    1.2219493277e-02    0.0000000000e+00
    1.2229719199e-02    0.0000000000e+00
    1.2239944190e-02    0.0000000000e+00
    1.2249488384e-02    0.0000000000e+00
    1.2259713374e-02    0.0000000000e+00
    1.2269939296e-02    0.0000000000e+00
    1.2279482558e-02    0.0000000000e+00
    1.2289708480e-02    0.0000000000e+00
    1.2299933471e-02    0.0000000000e+00
    1.2309477665e-02    0.0000000000e+00
    1.2319956906e-02    0.0000000000e+00
    1.2329689227e-02    0.0000000000e+00
    1.2339618988e-02    0.0000000000e+00
    1.2349843979e-02    0.0000000000e+00
    1.2359388173e-02    0.0000000000e+00
    1.2369613163e-02    0.0000000000e+00
    1.2379839085e-02    0.0000000000e+00
    1.2389382347e-02    0.0000000000e+00
    1.2399608269e-02    0.0000000000e+00
    1.2409833260e-02    0.0000000000e+00
    1.2419377454e-02    0.0000000000e+00
    1.2429602444e-02    0.0000000000e+00
    1.2439828366e-02    0.0000000000e+00
    1.2449371628e-02    0.0000000000e+00
    1.2459597550e-02    0.0000000000e+00
    1.2469822541e-02    0.0000000000e+00
    1.2479366735e-02    0.0000000000e+00
    1.2489591725e-02    0.0000000000e+00
    1.2499817647e-02    0.0000000000e+00
    1.2509360909e-02    0.0000000000e+00
    1.2519586831e-02    0.0000000000e+00
    1.2529811822e-02    0.0000000000e+00
    1.2539356016e-02    0.0000000000e+00
    1.2549581006e-02    0.0000000000e+00
    1.2559806928e-02    0.0000000000e+00
    1.2569350190e-02    0.0000000000e+00
    1.2579576112e-02    0.0000000000e+00
    1.2589801103e-02    0.0000000000e+00
    1.2599345297e-02    0.0000000000e+00
    1.2609570287e-02    0.0000000000e+00
    1.2619796209e-02    0.0000000000e+00
    1.2629339471e-02    0.0000000000e+00
    1.2639565393e-02    0.0000000000e+00
    1.2649790384e-02    0.0000000000e+00
    1.2659334578e-02    0.0000000000e+00
    1.2669559568e-02    0.0000000000e+00
    1.2679785490e-02    0.0000000000e+00
    1.2689328752e-02    0.0000000000e+00
    1.2699554674e-02    0.0000000000e+00
    1.2709583156e-02    0.0000000000e+00
    1.2719223276e-02    0.0000000000e+00
    1.2729502283e-02    0.0000000000e+00
    1.2739595026e-02    0.0000000000e+00
    1.2749686837e-02    0.0000000000e+00
    1.2759779580e-02    0.0000000000e+00
    1.2769872323e-02    0.0000000000e+00
    1.2779678218e-02    0.0000000000e+00
    1.2789903209e-02    0.0000000000e+00
    1.2799447402e-02    0.0000000000e+00
    1.2809358537e-02    0.0000000000e+00
    1.2819962576e-02    0.0000000000e+00
    1.2829602696e-02    0.0000000000e+00
    1.2839360163e-02    0.0000000000e+00
    1.2849586084e-02    0.0000000000e+00
    1.2859879062e-02    0.0000000000e+00
    1.2869607657e-02    0.0000000000e+00
    1.2879832648e-02    0.0000000000e+00
    1.2889376841e-02    0.0000000000e+00
    1.2899601832e-02    0.0000000000e+00
    1.2909827754e-02    0.0000000000e+00
    1.2919691391e-02    0.0000000000e+00
    1.2929331511e-02    0.0000000000e+00
    1.2939795852e-02    0.0000000000e+00
    1.2949862517e-02    0.0000000000e+00
    1.2959406711e-02    0.0000000000e+00
    1.2969631702e-02    0.0000000000e+00
    1.2979378924e-02    0.0000000000e+00
    1.2989982963e-02    0.0000000000e+00
    1.2999623083e-02    0.0000000000e+00
    1.3009614311e-02    0.0000000000e+00
    1.3019839302e-02    0.0000000000e+00
    1.3029769063e-02    0.0000000000e+00
    1.3039501384e-02    0.0000000000e+00
    1.3049881905e-02    0.0000000000e+00
    1.3059148565e-02    0.0000000000e+00
    1.3069241308e-02    0.0000000000e+00
    1.3079334050e-02    0.0000000000e+00
    1.3089372776e-02    0.0000000000e+00
    1.3099598698e-02    0.0000000000e+00
    1.3109823689e-02    0.0000000000e+00
    1.3119367883e-02    0.0000000000e+00
    1.3129804283e-02    0.0000000000e+00
    1.3139456511e-02    0.0000000000e+00
    1.3149682432e-02    0.0000000000e+00
    1.3159907423e-02    0.0000000000e+00
    1.3169451617e-02    0.0000000000e+00
    1.3179903850e-02    0.0000000000e+00
    1.3189996593e-02    0.0000000000e+00
    1.3199171983e-02    0.0000000000e+00
    1.3209593482e-02    0.0000000000e+00
    1.3219275512e-02    0.0000000000e+00
    1.3229966164e-02    0.0000000000e+00
    1.3239141554e-02    0.0000000000e+00
    1.3249603100e-02    0.0000000000e+00
    1.3259828091e-02    0.0000000000e+00
    1.3269372284e-02    0.0000000000e+00
    1.3279597275e-02    0.0000000000e+00
    1.3289823197e-02    0.0000000000e+00
    1.3299366459e-02    0.0000000000e+00
    1.3309592381e-02    0.0000000000e+00
    1.3319817372e-02    0.0000000000e+00
    1.3328865170e-02    0.0000000000e+00
    1.3339814730e-02    0.0000000000e+00
    1.3349547051e-02    0.0000000000e+00
    1.3359279372e-02    0.0000000000e+00
    1.3369011693e-02    0.0000000000e+00
    1.3379960321e-02    0.0000000000e+00
    1.3389692642e-02    0.0000000000e+00
    1.3399424963e-02    0.0000000000e+00
    1.3409156352e-02    0.0000000000e+00
    1.3418888673e-02    0.0000000000e+00
    1.3429836370e-02    0.0000000000e+00
    1.3439567760e-02    0.0000000000e+00
    1.3449660502e-02    0.0000000000e+00
    1.3459753245e-02    0.0000000000e+00
    1.3469192199e-02    0.0000000000e+00
    1.3478922658e-02    0.0000000000e+00
    1.3489870355e-02    0.0000000000e+00
    1.3499601744e-02    0.0000000000e+00
    1.3509333134e-02    0.0000000000e+00
    1.3519063592e-02    0.0000000000e+00
    1.3528794982e-02    0.0000000000e+00
    1.3539741747e-02    0.0000000000e+00
    1.3549473137e-02    0.0000000000e+00
    1.3559203595e-02    0.0000000000e+00
    1.3568934985e-02    0.0000000000e+00
    1.3579881750e-02    0.0000000000e+00
    1.3589613140e-02    0.0000000000e+00
    1.3599343598e-02    0.0000000000e+00
    1.3609074987e-02    0.0000000000e+00
    1.3619834557e-02    0.0000000000e+00
    1.3629378751e-02    0.0000000000e+00
    1.3639603741e-02    0.0000000000e+00
    1.3649829663e-02    0.0000000000e+00
    1.3659372926e-02    0.0000000000e+00
    1.3669598848e-02    0.0000000000e+00
    1.3679823838e-02    0.0000000000e+00
    1.3689368032e-02    0.0000000000e+00
    1.3699593022e-02    0.0000000000e+00
    1.3709818944e-02    0.0000000000e+00
    1.3719362207e-02    0.0000000000e+00
    1.3729588129e-02    0.0000000000e+00
    1.3739813119e-02    0.0000000000e+00
    1.3749357313e-02    0.0000000000e+00
    1.3759582303e-02    0.0000000000e+00
    1.3769378886e-02    0.0000000000e+00
    1.3779471628e-02    0.0000000000e+00
    1.3789361343e-02    0.0000000000e+00
    1.3799741864e-02    0.0000000000e+00
    1.3809474185e-02    0.0000000000e+00
    1.3819855638e-02    0.0000000000e+00
    1.3829587959e-02    0.0000000000e+00
    1.3839968480e-02    0.0000000000e+00
    1.3849700801e-02    0.0000000000e+00
    1.3859433122e-02    0.0000000000e+00
    1.3869814575e-02    0.0000000000e+00
    1.3879546896e-02    0.0000000000e+00
    1.3889927417e-02    0.0000000000e+00
    1.3899659738e-02    0.0000000000e+00
    1.3909316622e-02    0.0000000000e+00
    1.3919409364e-02    0.0000000000e+00
    1.3929502107e-02    0.0000000000e+00
    1.3939593919e-02    0.0000000000e+00
    1.3949686661e-02    0.0000000000e+00
    1.3959779404e-02    0.0000000000e+00
    1.3969714753e-02    0.0000000000e+00
    1.3979447074e-02    0.0000000000e+00
    1.3989828527e-02    0.0000000000e+00
    1.3999762014e-02    0.0000000000e+00
    1.4009800740e-02    0.0000000000e+00
    1.4019892551e-02    0.0000000000e+00
    1.4029985294e-02    0.0000000000e+00
    1.4039160684e-02    0.0000000000e+00
    1.4049253426e-02    0.0000000000e+00
    1.4059346169e-02    0.0000000000e+00
    1.4068805613e-02    0.0000000000e+00
    1.4079756103e-02    0.0000000000e+00
    1.4089489356e-02    0.0000000000e+00
    1.4099222608e-02    0.0000000000e+00
    1.4109874144e-02    0.0000000000e+00
    1.4119966887e-02    0.0000000000e+00
    1.4129141346e-02    0.0000000000e+00
    1.4139234088e-02    0.0000000000e+00
    1.4149326831e-02    0.0000000000e+00
    1.4159419574e-02    0.0000000000e+00
    1.4169512317e-02    0.0000000000e+00
    1.4179605059e-02    0.0000000000e+00
    1.4189697802e-02    0.0000000000e+00
    1.4199790545e-02    0.0000000000e+00
    1.4209882356e-02    0.0000000000e+00
    1.4219337143e-02    0.0000000000e+00
    1.4229941182e-02    0.0000000000e+00
    1.4239581302e-02    0.0000000000e+00
    1.4249221422e-02    0.0000000000e+00
    1.4259825461e-02    0.0000000000e+00
    1.4269465581e-02    0.0000000000e+00
    1.4279105701e-02    0.0000000000e+00
    1.4289337210e-02    0.0000000000e+00
    1.4299429953e-02    0.0000000000e+00
    1.4309522696e-02    0.0000000000e+00
    1.4319615439e-02    0.0000000000e+00
    1.4329708181e-02    0.0000000000e+00
    1.4339940622e-02    0.0000000000e+00
    1.4349580742e-02    0.0000000000e+00
    1.4359220862e-02    0.0000000000e+00
    1.4369824901e-02    0.0000000000e+00
    1.4379465021e-02    0.0000000000e+00
    1.4389105141e-02    0.0000000000e+00
    1.4399548993e-02    0.0000000000e+00
    1.4409992844e-02    0.0000000000e+00
    1.4419632964e-02    0.0000000000e+00
    1.4429273084e-02    0.0000000000e+00
    1.4439737424e-02    0.0000000000e+00
    1.4449830167e-02    0.0000000000e+00
    1.4459922910e-02    0.0000000000e+00
    1.4469098300e-02    0.0000000000e+00
    1.4479190111e-02    0.0000000000e+00
    1.4489282854e-02    0.0000000000e+00
    1.4499375597e-02    0.0000000000e+00
    1.4509514906e-02    0.0000000000e+00
    1.4519155025e-02    0.0000000000e+00
    1.4529247768e-02    0.0000000000e+00
    1.4539387077e-02    0.0000000000e+00
    1.4549758285e-02    0.0000000000e+00
    1.4559851028e-02    0.0000000000e+00
    1.4569943771e-02    0.0000000000e+00
    1.4579119161e-02    0.0000000000e+00
    1.4589258470e-02    0.0000000000e+00
    1.4599862508e-02    0.0000000000e+00
    1.4609502628e-02    0.0000000000e+00
    1.4619142748e-02    0.0000000000e+00
    1.4629746787e-02    0.0000000000e+00
    1.4639386907e-02    0.0000000000e+00
    1.4649990946e-02    0.0000000000e+00
    1.4659631066e-02    0.0000000000e+00
    1.4669271186e-02    0.0000000000e+00
    1.4679875225e-02    0.0000000000e+00
    1.4689515345e-02    0.0000000000e+00
    1.4699155465e-02    0.0000000000e+00
    1.4709599316e-02    0.0000000000e+00
    1.4719239436e-02    0.0000000000e+00
    1.4729956165e-02    0.0000000000e+00
    1.4739131555e-02    0.0000000000e+00
    1.4749456197e-02    0.0000000000e+00
    1.4759900048e-02    0.0000000000e+00
    1.4769632369e-02    0.0000000000e+00
    1.4779571444e-02    0.0000000000e+00
    1.4789118432e-02    0.0000000000e+00
    1.4799211174e-02    0.0000000000e+00
    1.4809490182e-02    0.0000000000e+00
    1.4819130301e-02    0.0000000000e+00
    1.4829734340e-02    0.0000000000e+00
    1.4839925803e-02    0.0000000000e+00
    1.4849400148e-02    0.0000000000e+00
    1.4859491959e-02    0.0000000000e+00
    1.4869869687e-02    0.0000000000e+00
    1.4879096299e-02    0.0000000000e+00
    1.4889700338e-02    0.0000000000e+00
    1.4899340458e-02    0.0000000000e+00
    1.4909077436e-02    0.0000000000e+00
    1.4919651672e-02    0.0000000000e+00
    1.4929383993e-02    0.0000000000e+00
    1.4939764515e-02    0.0000000000e+00
    1.4949496835e-02    0.0000000000e+00
    1.4959959313e-02    0.0000000000e+00
    1.4969134703e-02    0.0000000000e+00
    1.4979227446e-02    0.0000000000e+00
    1.4989504591e-02    0.0000000000e+00
    1.4999729581e-02    0.0000000000e+00
    1.5009955503e-02    0.0000000000e+00
    1.5019498765e-02    0.0000000000e+00
    1.5029724687e-02    0.0000000000e+00
    1.5039918944e-02    0.0000000000e+00
    1.5049559064e-02    0.0000000000e+00
    1.5059199184e-02    0.0000000000e+00
    1.5069803223e-02    0.0000000000e+00
    1.5079443343e-02    0.0000000000e+00
    1.5089887194e-02    0.0000000000e+00
    1.5099527314e-02    0.0000000000e+00
    1.5109518543e-02    0.0000000000e+00
    1.5119743533e-02    0.0000000000e+00
    1.5129969455e-02    0.0000000000e+00
    1.5139512718e-02    0.0000000000e+00
    1.5149738640e-02    0.0000000000e+00
    1.5159963630e-02    0.0000000000e+00
    1.5169507824e-02    0.0000000000e+00
    1.5179262497e-02    0.0000000000e+00
    1.5189809725e-02    0.0000000000e+00
    1.5199449845e-02    0.0000000000e+00
    1.5209089965e-02    0.0000000000e+00
    1.5219694003e-02    0.0000000000e+00
    1.5229334123e-02    0.0000000000e+00
    1.5239938162e-02    0.0000000000e+00
    1.5249578282e-02    0.0000000000e+00
    1.5259218402e-02    0.0000000000e+00
    1.5269822441e-02    0.0000000000e+00
    1.5279462561e-02    0.0000000000e+00
    1.5289337374e-02    0.0000000000e+00
    1.5299562365e-02    0.0000000000e+00
    1.5309788287e-02    0.0000000000e+00
    1.5319768339e-02    0.0000000000e+00
    1.5329408459e-02    0.0000000000e+00
    1.5339048579e-02    0.0000000000e+00
    1.5349652618e-02    0.0000000000e+00
    1.5359292738e-02    0.0000000000e+00
    1.5369896777e-02    0.0000000000e+00
    1.5379536897e-02    0.0000000000e+00
    1.5389177017e-02    0.0000000000e+00
    1.5399781056e-02    0.0000000000e+00
    1.5409421176e-02    0.0000000000e+00
    1.5419061296e-02    0.0000000000e+00
    1.5429665335e-02    0.0000000000e+00
    1.5439305454e-02    0.0000000000e+00
    1.5449909493e-02    0.0000000000e+00
    1.5459549613e-02    0.0000000000e+00
    1.5469189733e-02    0.0000000000e+00
    1.5479793772e-02    0.0000000000e+00
    1.5489433892e-02    0.0000000000e+00
    1.5499074012e-02    0.0000000000e+00
    1.5509678051e-02    0.0000000000e+00
    1.5519318171e-02    0.0000000000e+00
    1.5529922210e-02    0.0000000000e+00
    1.5539562330e-02    0.0000000000e+00
    1.5549202450e-02    0.0000000000e+00
    1.5559806488e-02    0.0000000000e+00
    1.5569446608e-02    0.0000000000e+00
    1.5579086728e-02    0.0000000000e+00
    1.5589690767e-02    0.0000000000e+00
    1.5599330887e-02    0.0000000000e+00
    1.5609934926e-02    0.0000000000e+00
    1.5619575046e-02    0.0000000000e+00
    1.5629054978e-02    0.0000000000e+00
    1.5638787299e-02    0.0000000000e+00
    1.5649734065e-02    0.0000000000e+00
    1.5659466386e-02    0.0000000000e+00
    1.5669196844e-02    0.0000000000e+00
    1.5678929165e-02    0.0000000000e+00
    1.5689877793e-02    0.0000000000e+00
    1.5699356794e-02    0.0000000000e+00
    1.5709960833e-02    0.0000000000e+00
    1.5719600022e-02    0.0000000000e+00
    1.5729241073e-02    0.0000000000e+00
    1.5739845112e-02    0.0000000000e+00
    1.5749484301e-02    0.0000000000e+00
    1.5759125352e-02    0.0000000000e+00
    1.5769109130e-02    0.0000000000e+00
    1.5778839588e-02    0.0000000000e+00
    1.5789788216e-02    0.0000000000e+00
    1.5799518675e-02    0.0000000000e+00
    1.5809250996e-02    0.0000000000e+00
    1.5818981454e-02    0.0000000000e+00
    1.5829928219e-02    0.0000000000e+00
    1.5839660540e-02    0.0000000000e+00
    1.5849390998e-02    0.0000000000e+00
    1.5859121457e-02    0.0000000000e+00
    1.5868853778e-02    0.0000000000e+00
    1.5879800543e-02    0.0000000000e+00
    1.5889737755e-02    0.0000000000e+00
    1.5899378806e-02    0.0000000000e+00
    1.5909982845e-02    0.0000000000e+00
    1.5919622034e-02    0.0000000000e+00
    1.5929263085e-02    0.0000000000e+00
    1.5938999131e-02    0.0000000000e+00
    1.5949897468e-02    0.0000000000e+00
    1.5959627926e-02    0.0000000000e+00
    1.5969358385e-02    0.0000000000e+00
    1.5979088843e-02    0.0000000000e+00
    1.5989797190e-02    0.0000000000e+00
    1.5999339521e-02    0.0000000000e+00
    1.6009565443e-02    0.0000000000e+00
    1.6019195318e-02    0.0000000000e+00
    1.6029799357e-02    0.0000000000e+00
    1.6039438546e-02    0.0000000000e+00
    1.6049079597e-02    0.0000000000e+00
    1.6059683636e-02    0.0000000000e+00
    1.6069322824e-02    0.0000000000e+00
    1.6079926863e-02    0.0000000000e+00
    1.6089567915e-02    0.0000000000e+00
    1.6099207103e-02    0.0000000000e+00
    1.6109811142e-02    0.0000000000e+00
    1.6119452193e-02    0.0000000000e+00
    1.6129091382e-02    0.0000000000e+00
    1.6139695421e-02    0.0000000000e+00
    1.6149681062e-02    0.0000000000e+00
    1.6159413382e-02    0.0000000000e+00
    1.6169145703e-02    0.0000000000e+00
    1.6178876162e-02    0.0000000000e+00
    1.6189824790e-02    0.0000000000e+00
    1.6199557111e-02    0.0000000000e+00
    1.6209289432e-02    0.0000000000e+00
    1.6219021752e-02    0.0000000000e+00
    1.6229970381e-02    0.0000000000e+00
    1.6239702702e-02    0.0000000000e+00
    1.6249435022e-02    0.0000000000e+00
    1.6259167343e-02    0.0000000000e+00
    1.6268899664e-02    0.0000000000e+00
    1.6279801726e-02    0.0000000000e+00
    1.6289442778e-02    0.0000000000e+00
    1.6299881041e-02    0.0000000000e+00
    1.6309425235e-02    0.0000000000e+00
    1.6319649294e-02    0.0000000000e+00
    1.6329875216e-02    0.0000000000e+00
    1.6339419410e-02    0.0000000000e+00
    1.6349645332e-02    0.0000000000e+00
    1.6359869391e-02    0.0000000000e+00
    1.6369413584e-02    0.0000000000e+00
    1.6379289329e-02    0.0000000000e+00
    1.6389021650e-02    0.0000000000e+00
    1.6399970278e-02    0.0000000000e+00
    1.6409702599e-02    0.0000000000e+00
    1.6419433057e-02    0.0000000000e+00
    1.6429165378e-02    0.0000000000e+00
    1.6438897699e-02    0.0000000000e+00
    1.6449844465e-02    0.0000000000e+00
    1.6459871083e-02    0.0000000000e+00
    1.6469415277e-02    0.0000000000e+00
    1.6479639336e-02    0.0000000000e+00
    1.6489865258e-02    0.0000000000e+00
    1.6499409452e-02    0.0000000000e+00
    1.6509635374e-02    0.0000000000e+00
    1.6519859433e-02    0.0000000000e+00
    1.6529403627e-02    0.0000000000e+00
    1.6539629549e-02    0.0000000000e+00
    1.6549259424e-02    0.0000000000e+00
    1.6559863463e-02    0.0000000000e+00
    1.6569502652e-02    0.0000000000e+00
    1.6579993069e-02    0.0000000000e+00
    1.6589425504e-02    0.0000000000e+00
    1.6599066556e-02    0.0000000000e+00
    1.6609670594e-02    0.0000000000e+00
    1.6619309783e-02    0.0000000000e+00
    1.6629913822e-02    0.0000000000e+00
    1.6639554873e-02    0.0000000000e+00
    1.6649780795e-02    0.0000000000e+00
    1.6659323126e-02    0.0000000000e+00
    1.6669549048e-02    0.0000000000e+00
    1.6679774970e-02    0.0000000000e+00
    1.6689319164e-02    0.0000000000e+00
    1.6699543223e-02    0.0000000000e+00
    1.6709525138e-02    0.0000000000e+00
    1.6719250008e-02    0.0000000000e+00
    1.6729343683e-02    0.0000000000e+00
    1.6739668325e-02    0.0000000000e+00
    1.6749309376e-02    0.0000000000e+00
    1.6759401187e-02    0.0000000000e+00
    1.6769494861e-02    0.0000000000e+00
    1.6779586673e-02    0.0000000000e+00
    1.6789678484e-02    0.0000000000e+00
    1.6799772158e-02    0.0000000000e+00
    1.6809863970e-02    0.0000000000e+00
    1.6819957644e-02    0.0000000000e+00
    1.6829133034e-02    0.0000000000e+00
    1.6839224845e-02    0.0000000000e+00
    1.6849318519e-02    0.0000000000e+00
    1.6859410331e-02    0.0000000000e+00
    1.6869502142e-02    0.0000000000e+00
    1.6879595816e-02    0.0000000000e+00
    1.6889687628e-02    0.0000000000e+00
    1.6899781302e-02    0.0000000000e+00
    1.6909873113e-02    0.0000000000e+00
    1.6919966787e-02    0.0000000000e+00
    1.6929142177e-02    0.0000000000e+00
    1.6939233989e-02    0.0000000000e+00
    1.6949325800e-02    0.0000000000e+00
    1.6959419474e-02    0.0000000000e+00
    1.6969511285e-02    0.0000000000e+00
    1.6979604959e-02    0.0000000000e+00
    1.6989696771e-02    0.0000000000e+00
    1.6999477521e-02    0.0000000000e+00
    1.7009701580e-02    0.0000000000e+00
    1.7019927502e-02    0.0000000000e+00
    1.7029471695e-02    0.0000000000e+00
    1.7039697617e-02    0.0000000000e+00
    1.7049921677e-02    0.0000000000e+00
    1.7059465870e-02    0.0000000000e+00
    1.7069445923e-02    0.0000000000e+00
    1.7079539597e-02    0.0000000000e+00
    1.7089631408e-02    0.0000000000e+00
    1.7099725083e-02    0.0000000000e+00
    1.7109816894e-02    0.0000000000e+00
    1.7119910568e-02    0.0000000000e+00
    1.7129085958e-02    0.0000000000e+00
    1.7139177769e-02    0.0000000000e+00
    1.7149271443e-02    0.0000000000e+00
    1.7159743235e-02    0.0000000000e+00
    1.7169475555e-02    0.0000000000e+00
    1.7179856077e-02    0.0000000000e+00
    1.7189893872e-02    0.0000000000e+00
    1.7199985683e-02    0.0000000000e+00
    1.7209161073e-02    0.0000000000e+00
    1.7219252884e-02    0.0000000000e+00
    1.7229346558e-02    0.0000000000e+00
    1.7239438370e-02    0.0000000000e+00
    1.7249532044e-02    0.0000000000e+00
    1.7259623855e-02    0.0000000000e+00
    1.7269717529e-02    0.0000000000e+00
    1.7279809341e-02    0.0000000000e+00
    1.7289903015e-02    0.0000000000e+00
    1.7299994826e-02    0.0000000000e+00
    1.7309170216e-02    0.0000000000e+00
    1.7319262028e-02    0.0000000000e+00
    1.7329355702e-02    0.0000000000e+00
    1.7339447513e-02    0.0000000000e+00
    1.7349541187e-02    0.0000000000e+00
    1.7359632999e-02    0.0000000000e+00
    1.7369726673e-02    0.0000000000e+00
    1.7379818484e-02    0.0000000000e+00
    1.7389910296e-02    0.0000000000e+00
    1.7399085686e-02    0.0000000000e+00
    1.7409123480e-02    0.0000000000e+00
    1.7418855801e-02    0.0000000000e+00
    1.7429804429e-02    0.0000000000e+00
    1.7439534888e-02    0.0000000000e+00
    1.7449267209e-02    0.0000000000e+00
    1.7458999529e-02    0.0000000000e+00
    1.7469948158e-02    0.0000000000e+00
    1.7479680479e-02    0.0000000000e+00
    1.7489410937e-02    0.0000000000e+00
    1.7499143258e-02    0.0000000000e+00
    1.7508875579e-02    0.0000000000e+00
    1.7519824207e-02    0.0000000000e+00
    1.7529556528e-02    0.0000000000e+00
    1.7539288849e-02    0.0000000000e+00
    1.7549021170e-02    0.0000000000e+00
    1.7559969798e-02    0.0000000000e+00
    1.7569702119e-02    0.0000000000e+00
    1.7579434440e-02    0.0000000000e+00
    1.7589166760e-02    0.0000000000e+00
    1.7598899081e-02    0.0000000000e+00
    1.7609847710e-02    0.0000000000e+00
    1.7619580030e-02    0.0000000000e+00
    1.7629312351e-02    0.0000000000e+00
    1.7639044672e-02    0.0000000000e+00
    1.7649993300e-02    0.0000000000e+00
    1.7659725621e-02    0.0000000000e+00
    1.7669457942e-02    0.0000000000e+00
    1.7679190263e-02    0.0000000000e+00
    1.7688922584e-02    0.0000000000e+00
    1.7699871212e-02    0.0000000000e+00
    1.7709603533e-02    0.0000000000e+00
    1.7719335854e-02    0.0000000000e+00
    1.7729068175e-02    0.0000000000e+00
    1.7738798633e-02    0.0000000000e+00
    1.7749749124e-02    0.0000000000e+00
    1.7759479582e-02    0.0000000000e+00
    1.7769211903e-02    0.0000000000e+00
    1.7778944224e-02    0.0000000000e+00
    1.7789892852e-02    0.0000000000e+00
    1.7799625173e-02    0.0000000000e+00
    1.7809357494e-02    0.0000000000e+00
    1.7819089815e-02    0.0000000000e+00
    1.7828822136e-02    0.0000000000e+00
    1.7839770764e-02    0.0000000000e+00
    1.7849503085e-02    0.0000000000e+00
    1.7859235406e-02    0.0000000000e+00
    1.7868967727e-02    0.0000000000e+00
    1.7879918218e-02    0.0000000000e+00
    1.7889650539e-02    0.0000000000e+00
    1.7899382859e-02    0.0000000000e+00
    1.7909115180e-02    0.0000000000e+00
    1.7918847501e-02    0.0000000000e+00
    1.7929796129e-02    0.0000000000e+00
    1.7939528450e-02    0.0000000000e+00
    1.7949262634e-02    0.0000000000e+00
    1.7958994955e-02    0.0000000000e+00
    1.7969943583e-02    0.0000000000e+00
    1.7979675904e-02    0.0000000000e+00
    1.7989408225e-02    0.0000000000e+00
    1.7999140546e-02    0.0000000000e+00
    1.8008874729e-02    0.0000000000e+00
    1.8019823357e-02    0.0000000000e+00
    1.8029555678e-02    0.0000000000e+00
    1.8039287999e-02    0.0000000000e+00
    1.8049020320e-02    0.0000000000e+00
    1.8059968948e-02    0.0000000000e+00
    1.8069701269e-02    0.0000000000e+00
    1.8079433590e-02    0.0000000000e+00
    1.8089165911e-02    0.0000000000e+00
    1.8098898232e-02    0.0000000000e+00
    1.8109848723e-02    0.0000000000e+00
    1.8119581044e-02    0.0000000000e+00
    1.8129311502e-02    0.0000000000e+00
    1.8139043823e-02    0.0000000000e+00
    1.8149992451e-02    0.0000000000e+00
    1.8159724772e-02    0.0000000000e+00
    1.8169477582e-02    0.0000000000e+00
    1.8179904670e-02    0.0000000000e+00
    1.8189636990e-02    0.0000000000e+00
    1.8199784681e-02    0.0000000000e+00
    1.8209245056e-02    0.0000000000e+00
    1.8219336867e-02    0.0000000000e+00
    1.8229378387e-02    0.0000000000e+00
    1.8239604309e-02    0.0000000000e+00
    1.8249828368e-02    0.0000000000e+00
    1.8259372562e-02    0.0000000000e+00
    1.8269851804e-02    0.0000000000e+00
    1.8279943615e-02    0.0000000000e+00
    1.8289119005e-02    0.0000000000e+00
    1.8299210817e-02    0.0000000000e+00
    1.8309583887e-02    0.0000000000e+00
    1.8319223076e-02    0.0000000000e+00
    1.8329408020e-02    0.0000000000e+00
    1.8339594826e-02    0.0000000000e+00
    1.8349686638e-02    0.0000000000e+00
    1.8359780312e-02    0.0000000000e+00
    1.8369872123e-02    0.0000000000e+00
    1.8379965797e-02    0.0000000000e+00
    1.8389139324e-02    0.0000000000e+00
    1.8399232998e-02    0.0000000000e+00
    1.8409324810e-02    0.0000000000e+00
    1.8419418484e-02    0.0000000000e+00
    1.8429510295e-02    0.0000000000e+00
    1.8439603969e-02    0.0000000000e+00
    1.8449695781e-02    0.0000000000e+00
    1.8459789455e-02    0.0000000000e+00
    1.8469357863e-02    0.0000000000e+00
    1.8479583785e-02    0.0000000000e+00
    1.8489809707e-02    0.0000000000e+00
    1.8499344587e-02    0.0000000000e+00
    1.8509436399e-02    0.0000000000e+00
    1.8519761041e-02    0.0000000000e+00
    1.8529854715e-02    0.0000000000e+00
    1.8539946526e-02    0.0000000000e+00
    1.8549770117e-02    0.0000000000e+00
    1.8559502438e-02    0.0000000000e+00
    1.8569884822e-02    0.0000000000e+00
    1.8579617143e-02    0.0000000000e+00
    1.8589997664e-02    0.0000000000e+00
    1.8599729985e-02    0.0000000000e+00
    1.8609654158e-02    0.0000000000e+00
    1.8619747832e-02    0.0000000000e+00
    1.8629839644e-02    0.0000000000e+00
    1.8639933318e-02    0.0000000000e+00
    1.8649108708e-02    0.0000000000e+00
    1.8659200519e-02    0.0000000000e+00
    1.8669294193e-02    0.0000000000e+00
    1.8679386005e-02    0.0000000000e+00
    1.8689477816e-02    0.0000000000e+00
    1.8699571490e-02    0.0000000000e+00
    1.8709009513e-02    0.0000000000e+00
    1.8719958141e-02    0.0000000000e+00
    1.8729690462e-02    0.0000000000e+00
    1.8739420921e-02    0.0000000000e+00
    1.8749153242e-02    0.0000000000e+00
    1.8758883700e-02    0.0000000000e+00
    1.8769832328e-02    0.0000000000e+00
    1.8779562786e-02    0.0000000000e+00
    1.8789295107e-02    0.0000000000e+00
    1.8799025565e-02    0.0000000000e+00
    1.8809974194e-02    0.0000000000e+00
    1.8819706514e-02    0.0000000000e+00
    1.8829438835e-02    0.0000000000e+00
    1.8839169294e-02    0.0000000000e+00
    1.8848901615e-02    0.0000000000e+00
    1.8859850243e-02    0.0000000000e+00
    1.8869582564e-02    0.0000000000e+00
    1.8879314885e-02    0.0000000000e+00
    1.8889045343e-02    0.0000000000e+00
    1.8899993971e-02    0.0000000000e+00
    1.8909726292e-02    0.0000000000e+00
    1.8919458613e-02    0.0000000000e+00
    1.8929190934e-02    0.0000000000e+00
    1.8938923255e-02    0.0000000000e+00
    1.8949871883e-02    0.0000000000e+00
    1.8959602341e-02    0.0000000000e+00
    1.8969334662e-02    0.0000000000e+00
    1.8979066983e-02    0.0000000000e+00
    1.8988797441e-02    0.0000000000e+00
    1.8999746069e-02    0.0000000000e+00
    1.9009476528e-02    0.0000000000e+00
    1.9019206986e-02    0.0000000000e+00
    1.9028939307e-02    0.0000000000e+00
    1.9039886072e-02    0.0000000000e+00
    1.9049618393e-02    0.0000000000e+00
    1.9059348851e-02    0.0000000000e+00
    1.9069079310e-02    0.0000000000e+00
    1.9078809768e-02    0.0000000000e+00
    1.9089756534e-02    0.0000000000e+00
    1.9099488854e-02    0.0000000000e+00
    1.9109219313e-02    0.0000000000e+00
    1.9118949771e-02    0.0000000000e+00
    1.9129896536e-02    0.0000000000e+00
    1.9139628857e-02    0.0000000000e+00
    1.9149359316e-02    0.0000000000e+00
    1.9159089774e-02    0.0000000000e+00
    1.9168820232e-02    0.0000000000e+00
    1.9179768860e-02    0.0000000000e+00
    1.9189499319e-02    0.0000000000e+00
    1.9199231640e-02    0.0000000000e+00
    1.9208963960e-02    0.0000000000e+00
    1.9219910726e-02    0.0000000000e+00
    1.9229643047e-02    0.0000000000e+00
    1.9239375368e-02    0.0000000000e+00
    1.9249105826e-02    0.0000000000e+00
    1.9258838147e-02    0.0000000000e+00
    1.9269786775e-02    0.0000000000e+00
    1.9279519096e-02    0.0000000000e+00
    1.9289251417e-02    0.0000000000e+00
    1.9298981875e-02    0.0000000000e+00
    1.9309930503e-02    0.0000000000e+00
    1.9319662824e-02    0.0000000000e+00
    1.9329395145e-02    0.0000000000e+00
    1.9339127466e-02    0.0000000000e+00
    1.9348857924e-02    0.0000000000e+00
    1.9359806553e-02    0.0000000000e+00
    1.9369538873e-02    0.0000000000e+00
    1.9379269332e-02    0.0000000000e+00
    1.9389001653e-02    0.0000000000e+00
    1.9399948418e-02    0.0000000000e+00
    1.9409680739e-02    0.0000000000e+00
    1.9419411197e-02    0.0000000000e+00
    1.9429143518e-02    0.0000000000e+00
    1.9438873976e-02    0.0000000000e+00
    1.9449820742e-02    0.0000000000e+00
    1.9459553063e-02    0.0000000000e+00
    1.9469283521e-02    0.0000000000e+00
    1.9479013979e-02    0.0000000000e+00
    1.9489962608e-02    0.0000000000e+00
    1.9499693066e-02    0.0000000000e+00
    1.9509423524e-02    0.0000000000e+00
    1.9519153982e-02    0.0000000000e+00
    1.9528886303e-02    0.0000000000e+00
    1.9539833069e-02    0.0000000000e+00
    1.9549565390e-02    0.0000000000e+00
    1.9559295848e-02    0.0000000000e+00
    1.9569026306e-02    0.0000000000e+00
    1.9579974934e-02    0.0000000000e+00
    1.9589705393e-02    0.0000000000e+00
    1.9599437714e-02    0.0000000000e+00
    1.9609168172e-02    0.0000000000e+00
    1.9618900493e-02    0.0000000000e+00
    1.9629605114e-02    0.0000000000e+00
    1.9639987499e-02    0.0000000000e+00
    1.9649717957e-02    0.0000000000e+00
    1.9659450278e-02    0.0000000000e+00
    1.9669832662e-02    0.0000000000e+00
    1.9679564983e-02    0.0000000000e+00
    1.9689945504e-02    0.0000000000e+00
    1.9699677825e-02    0.0000000000e+00
    1.9709410146e-02    0.0000000000e+00
    1.9719790667e-02    0.0000000000e+00
    1.9729522988e-02    0.0000000000e+00
    1.9739903510e-02    0.0000000000e+00
    1.9749635831e-02    0.0000000000e+00
    1.9759368151e-02    0.0000000000e+00
    1.9769748673e-02    0.0000000000e+00
    1.9779480994e-02    0.0000000000e+00
    1.9789863378e-02    0.0000000000e+00
    1.9799595699e-02    0.0000000000e+00
    1.9809976220e-02    0.0000000000e+00
    1.9819524139e-02    0.0000000000e+00
    1.9829187542e-02    0.0000000000e+00
    1.9838919863e-02    0.0000000000e+00
    1.9849866629e-02    0.0000000000e+00
    1.9859598950e-02    0.0000000000e+00
    1.9869329408e-02    0.0000000000e+00
    1.9879061729e-02    0.0000000000e+00
    1.9888792187e-02    0.0000000000e+00
    1.9899740815e-02    0.0000000000e+00
    1.9909471273e-02    0.0000000000e+00
    1.9919203594e-02    0.0000000000e+00
    1.9928934053e-02    0.0000000000e+00
    1.9939882681e-02    0.0000000000e+00
    1.9949615002e-02    0.0000000000e+00
    1.9959345460e-02    0.0000000000e+00
    1.9969077781e-02    0.0000000000e+00
    1.9978810102e-02    0.0000000000e+00
    1.9989756867e-02    0.0000000000e+00
    1.9999489188e-02    0.0000000000e+00
    2.0009221509e-02    0.0000000000e+00
    2.0018951967e-02    0.0000000000e+00
    2.0029900596e-02    0.0000000000e+00
    2.0039631054e-02    0.0000000000e+00
    2.0049363375e-02    0.0000000000e+00
    2.0059095696e-02    0.0000000000e+00
    2.0068826154e-02    0.0000000000e+00
    2.0079774782e-02    0.0000000000e+00
    2.0089507103e-02    0.0000000000e+00
    2.0099237561e-02    0.0000000000e+00
    2.0108969882e-02    0.0000000000e+00
    2.0119916648e-02    0.0000000000e+00
    2.0129648969e-02    0.0000000000e+00
    2.0139379427e-02    0.0000000000e+00
    2.0149111748e-02    0.0000000000e+00
    2.0158842206e-02    0.0000000000e+00
    2.0169790834e-02    0.0000000000e+00
    2.0179521292e-02    0.0000000000e+00
    2.0189253613e-02    0.0000000000e+00
    2.0198985934e-02    0.0000000000e+00
    2.0209932700e-02    0.0000000000e+00
    2.0219665021e-02    0.0000000000e+00
    2.0229397342e-02    0.0000000000e+00
    2.0239129663e-02    0.0000000000e+00
    2.0248861983e-02    0.0000000000e+00
    2.0259810612e-02    0.0000000000e+00
    2.0269542933e-02    0.0000000000e+00
    2.0279275253e-02    0.0000000000e+00
    2.0289007574e-02    0.0000000000e+00
    2.0299956203e-02    0.0000000000e+00
    2.0309688523e-02    0.0000000000e+00
    2.0319420844e-02    0.0000000000e+00
    2.0329153165e-02    0.0000000000e+00
    2.0338885486e-02    0.0000000000e+00
    2.0349834114e-02    0.0000000000e+00
    2.0359564573e-02    0.0000000000e+00
    2.0369296893e-02    0.0000000000e+00
    2.0379029214e-02    0.0000000000e+00
    2.0389977843e-02    0.0000000000e+00
    2.0399710163e-02    0.0000000000e+00
    2.0409442484e-02    0.0000000000e+00
    2.0419174805e-02    0.0000000000e+00
    2.0428905264e-02    0.0000000000e+00
    2.0439853892e-02    0.0000000000e+00
    2.0449586213e-02    0.0000000000e+00
    2.0459318534e-02    0.0000000000e+00
    2.0469050854e-02    0.0000000000e+00
    2.0479999483e-02    0.0000000000e+00
    2.0489731804e-02    0.0000000000e+00
    2.0499462262e-02    0.0000000000e+00
    2.0509194583e-02    0.0000000000e+00
    2.0518926904e-02    0.0000000000e+00
    2.0529875532e-02    0.0000000000e+00
    2.0539607853e-02    0.0000000000e+00
    2.0549340174e-02    0.0000000000e+00
    2.0559072495e-02    0.0000000000e+00
    2.0568804815e-02    0.0000000000e+00
    2.0579753444e-02    0.0000000000e+00
    2.0589485765e-02    0.0000000000e+00
    2.0599219948e-02    0.0000000000e+00
    2.0608952269e-02    0.0000000000e+00
    2.0619900897e-02    0.0000000000e+00
    2.0629633218e-02    0.0000000000e+00
    2.0639365539e-02    0.0000000000e+00
    2.0649099723e-02    0.0000000000e+00
    2.0658832043e-02    0.0000000000e+00
    2.0669780672e-02    0.0000000000e+00
    2.0679514855e-02    0.0000000000e+00
    2.0689247176e-02    0.0000000000e+00
    2.0698979497e-02    0.0000000000e+00
    2.0709929988e-02    0.0000000000e+00
    2.0719662309e-02    0.0000000000e+00
    2.0729394630e-02    0.0000000000e+00
    2.0739128813e-02    0.0000000000e+00
    2.0748861134e-02    0.0000000000e+00
    2.0759809762e-02    0.0000000000e+00
    2.0769543946e-02    0.0000000000e+00
    2.0779276267e-02    0.0000000000e+00
    2.0789010450e-02    0.0000000000e+00
    2.0799959078e-02    0.0000000000e+00
    2.0809693262e-02    0.0000000000e+00
    2.0819425583e-02    0.0000000000e+00
    2.0829159766e-02    0.0000000000e+00
    2.0838892087e-02    0.0000000000e+00
    2.0849842578e-02    0.0000000000e+00
    2.0859576762e-02    0.0000000000e+00
    2.0869309083e-02    0.0000000000e+00
    2.0879043266e-02    0.0000000000e+00
    2.0889993757e-02    0.0000000000e+00
    2.0899726078e-02    0.0000000000e+00
    2.0909460261e-02    0.0000000000e+00
    2.0919192582e-02    0.0000000000e+00
    2.0928926766e-02    0.0000000000e+00
    2.0939877257e-02    0.0000000000e+00
    2.0949609578e-02    0.0000000000e+00
    2.0959343761e-02    0.0000000000e+00
    2.0969076082e-02    0.0000000000e+00
    2.0978810266e-02    0.0000000000e+00
    2.0989758894e-02    0.0000000000e+00
    2.0999493077e-02    0.0000000000e+00
    2.1009225398e-02    0.0000000000e+00
    2.1018959582e-02    0.0000000000e+00
    2.1029908210e-02    0.0000000000e+00
    2.1039642394e-02    0.0000000000e+00
    2.1049374714e-02    0.0000000000e+00
    2.1059107035e-02    0.0000000000e+00
    2.1068839356e-02    0.0000000000e+00
    2.1079789847e-02    0.0000000000e+00
    2.1089522168e-02    0.0000000000e+00
    2.1099254489e-02    0.0000000000e+00
    2.1108988672e-02    0.0000000000e+00
    2.1119937301e-02    0.0000000000e+00
    2.1129669622e-02    0.0000000000e+00
    2.1139403805e-02    0.0000000000e+00
    2.1149136126e-02    0.0000000000e+00
    2.1158868447e-02    0.0000000000e+00
    2.1169817075e-02    0.0000000000e+00
    2.1179551259e-02    0.0000000000e+00
    2.1189283580e-02    0.0000000000e+00
    2.1199015900e-02    0.0000000000e+00
    2.1209966391e-02    0.0000000000e+00
    2.1219698712e-02    0.0000000000e+00
    2.1229431033e-02    0.0000000000e+00
    2.1239165217e-02    0.0000000000e+00
    2.1248897538e-02    0.0000000000e+00
    2.1259848028e-02    0.0000000000e+00
    2.1269580349e-02    0.0000000000e+00
    2.1279312670e-02    0.0000000000e+00
    2.1289046854e-02    0.0000000000e+00
    2.1299995482e-02    0.0000000000e+00
    2.1309729666e-02    0.0000000000e+00
    2.1319461986e-02    0.0000000000e+00
    2.1329196170e-02    0.0000000000e+00
    2.1338928491e-02    0.0000000000e+00
    2.1349878982e-02    0.0000000000e+00
    2.1359611303e-02    0.0000000000e+00
    2.1369343624e-02    0.0000000000e+00
    2.1379077807e-02    0.0000000000e+00
    2.1388810128e-02    0.0000000000e+00
    2.1399758756e-02    0.0000000000e+00
    2.1409492940e-02    0.0000000000e+00
    2.1419225261e-02    0.0000000000e+00
    2.1428957582e-02    0.0000000000e+00
    2.1439906210e-02    0.0000000000e+00
    2.1449640393e-02    0.0000000000e+00
    2.1459372714e-02    0.0000000000e+00
    2.1469105035e-02    0.0000000000e+00
    2.1478837356e-02    0.0000000000e+00
    2.1489785984e-02    0.0000000000e+00
    2.1499518305e-02    0.0000000000e+00
    2.1509250626e-02    0.0000000000e+00
    2.1518982947e-02    0.0000000000e+00
    2.1529933438e-02    0.0000000000e+00
    2.1539665759e-02    0.0000000000e+00
    2.1549398080e-02    0.0000000000e+00
    2.1559130400e-02    0.0000000000e+00
    2.1568862721e-02    0.0000000000e+00
    2.1579811350e-02    0.0000000000e+00
    2.1589543670e-02    0.0000000000e+00
    2.1599275991e-02    0.0000000000e+00
    2.1609008312e-02    0.0000000000e+00
    2.1619956940e-02    0.0000000000e+00
    2.1629689261e-02    0.0000000000e+00
    2.1639421582e-02    0.0000000000e+00
    2.1649153903e-02    0.0000000000e+00
    2.1658886224e-02    0.0000000000e+00
    2.1669834852e-02    0.0000000000e+00
    2.1679567173e-02    0.0000000000e+00
    2.1689299494e-02    0.0000000000e+00
    2.1699031815e-02    0.0000000000e+00
    2.1709980443e-02    0.0000000000e+00
    2.1719712764e-02    0.0000000000e+00
    2.1729445085e-02    0.0000000000e+00
    2.1739175543e-02    0.0000000000e+00
    2.1748907864e-02    0.0000000000e+00
    2.1759856492e-02    0.0000000000e+00
    2.1769588813e-02    0.0000000000e+00
    2.1779321134e-02    0.0000000000e+00
    2.1789053455e-02    0.0000000000e+00
    2.1798785776e-02    0.0000000000e+00
    2.1809734404e-02    0.0000000000e+00
    2.1819466725e-02    0.0000000000e+00
    2.1829199046e-02    0.0000000000e+00
    2.1838931367e-02    0.0000000000e+00
    2.1849879995e-02    0.0000000000e+00
    2.1859612316e-02    0.0000000000e+00
    2.1869344637e-02    0.0000000000e+00
    2.1879076958e-02    0.0000000000e+00
    2.1888809279e-02    0.0000000000e+00
    2.1899757907e-02    0.0000000000e+00
    2.1909490228e-02    0.0000000000e+00
    2.1919222549e-02    0.0000000000e+00
    2.1928954870e-02    0.0000000000e+00
    2.1939905360e-02    0.0000000000e+00
    2.1949637681e-02    0.0000000000e+00
    2.1959370002e-02    0.0000000000e+00
    2.1969102323e-02    0.0000000000e+00
    2.1978834644e-02    0.0000000000e+00
    2.1989785135e-02    0.0000000000e+00
    2.1999517456e-02    0.0000000000e+00
    2.2009251639e-02    0.0000000000e+00
    2.2018983960e-02    0.0000000000e+00
    2.2029934451e-02    0.0000000000e+00
    2.2039666772e-02    0.0000000000e+00
    2.2049399093e-02    0.0000000000e+00
    2.2059133276e-02    0.0000000000e+00
    2.2068865597e-02    0.0000000000e+00
    2.2079816088e-02    0.0000000000e+00
    2.2089548409e-02    0.0000000000e+00
    2.2099280730e-02    0.0000000000e+00
    2.2109014913e-02    0.0000000000e+00
    2.2119963542e-02    0.0000000000e+00
    2.2129697725e-02    0.0000000000e+00
    2.2139430046e-02    0.0000000000e+00
    2.2149162367e-02    0.0000000000e+00
    2.2158894688e-02    0.0000000000e+00
    2.2169845179e-02    0.0000000000e+00
    2.2179577500e-02    0.0000000000e+00
    2.2189309821e-02    0.0000000000e+00
    2.2199042141e-02    0.0000000000e+00
    2.2209992632e-02    0.0000000000e+00
    2.2219724953e-02    0.0000000000e+00
    2.2229457274e-02    0.0000000000e+00
    2.2239189595e-02    0.0000000000e+00
    2.2248921916e-02    0.0000000000e+00
    2.2259872407e-02    0.0000000000e+00
    2.2269604728e-02    0.0000000000e+00
    2.2279337049e-02    0.0000000000e+00
    2.2289069369e-02    0.0000000000e+00
    2.2298801690e-02    0.0000000000e+00
    2.2309750319e-02    0.0000000000e+00
    2.2319484502e-02    0.0000000000e+00
    2.2329216823e-02    0.0000000000e+00
    2.2338949144e-02    0.0000000000e+00
    2.2349897772e-02    0.0000000000e+00
    2.2359630093e-02    0.0000000000e+00
    2.2369362414e-02    0.0000000000e+00
    2.2379096597e-02    0.0000000000e+00
    2.2388828918e-02    0.0000000000e+00
    2.2399777547e-02    0.0000000000e+00
    2.2409509867e-02    0.0000000000e+00
    2.2419242188e-02    0.0000000000e+00
    2.2428976372e-02    0.0000000000e+00
    2.2439925000e-02    0.0000000000e+00
    2.2449657321e-02    0.0000000000e+00
    2.2459389642e-02    0.0000000000e+00
    2.2469121963e-02    0.0000000000e+00
    2.2478854284e-02    0.0000000000e+00
    2.2489804775e-02    0.0000000000e+00
    2.2499537095e-02    0.0000000000e+00
    2.2509269416e-02    0.0000000000e+00
    2.2519001737e-02    0.0000000000e+00
    2.2529950365e-02    0.0000000000e+00
    2.2539682686e-02    0.0000000000e+00
    2.2549415007e-02    0.0000000000e+00
    2.2559147328e-02    0.0000000000e+00
    2.2568881512e-02    0.0000000000e+00
    2.2579830140e-02    0.0000000000e+00
    2.2589562461e-02    0.0000000000e+00
    2.2599294782e-02    0.0000000000e+00
    2.2609027103e-02    0.0000000000e+00
    2.2619977593e-02    0.0000000000e+00
    2.2629709914e-02    0.0000000000e+00
    2.2639442235e-02    0.0000000000e+00
    2.2649174556e-02    0.0000000000e+00
    2.2658906877e-02    0.0000000000e+00
    2.2669855505e-02    0.0000000000e+00
    2.2679589689e-02    0.0000000000e+00
    2.2689322010e-02    0.0000000000e+00
    2.2699054331e-02    0.0000000000e+00
    2.2708786651e-02    0.0000000000e+00
    2.2719735280e-02    0.0000000000e+00
    2.2729467601e-02    0.0000000000e+00
    2.2739199921e-02    0.0000000000e+00
    2.2748932242e-02    0.0000000000e+00
    2.2759882733e-02    0.0000000000e+00
    2.2769615054e-02    0.0000000000e+00
    2.2779347375e-02    0.0000000000e+00
    2.2789079696e-02    0.0000000000e+00
    2.2798812017e-02    0.0000000000e+00
    2.2809760645e-02    0.0000000000e+00
    2.2819491103e-02    0.0000000000e+00
    2.2829223424e-02    0.0000000000e+00
    2.2838955745e-02    0.0000000000e+00
    2.2849904373e-02    0.0000000000e+00
    2.2859636694e-02    0.0000000000e+00
    2.2869369015e-02    0.0000000000e+00
    2.2879099473e-02    0.0000000000e+00
    2.2888831794e-02    0.0000000000e+00
    2.2899780422e-02    0.0000000000e+00
    2.2909512743e-02    0.0000000000e+00
    2.2919243202e-02    0.0000000000e+00
    2.2928975523e-02    0.0000000000e+00
    2.2939924151e-02    0.0000000000e+00
    2.2949656472e-02    0.0000000000e+00
    2.2959386930e-02    0.0000000000e+00
    2.2969119251e-02    0.0000000000e+00
    2.2978851572e-02    0.0000000000e+00
    2.2989800200e-02    0.0000000000e+00
    2.2999530658e-02    0.0000000000e+00
    2.3009262979e-02    0.0000000000e+00
    2.3018995300e-02    0.0000000000e+00
    2.3029943928e-02    0.0000000000e+00
    2.3039674386e-02    0.0000000000e+00
    2.3049406707e-02    0.0000000000e+00
    2.3059139028e-02    0.0000000000e+00
    2.3068871349e-02    0.0000000000e+00
    2.3079819977e-02    0.0000000000e+00
    2.3089550436e-02    0.0000000000e+00
    2.3099282756e-02    0.0000000000e+00
    2.3109015077e-02    0.0000000000e+00
    2.3119963706e-02    0.0000000000e+00
    2.3129696026e-02    0.0000000000e+00
    2.3139428347e-02    0.0000000000e+00
    2.3149160668e-02    0.0000000000e+00
    2.3158892989e-02    0.0000000000e+00
    2.3169841617e-02    0.0000000000e+00
    2.3179573938e-02    0.0000000000e+00
    2.3189306259e-02    0.0000000000e+00
    2.3199038580e-02    0.0000000000e+00
    2.3209987208e-02    0.0000000000e+00
    2.3219719529e-02    0.0000000000e+00
    2.3229451850e-02    0.0000000000e+00
    2.3239184171e-02    0.0000000000e+00
    2.3248916492e-02    0.0000000000e+00
    2.3259865120e-02    0.0000000000e+00
    2.3269597441e-02    0.0000000000e+00
    2.3279329762e-02    0.0000000000e+00
    2.3289060220e-02    0.0000000000e+00
    2.3298792541e-02    0.0000000000e+00
    2.3309743032e-02    0.0000000000e+00
    2.3319473490e-02    0.0000000000e+00
    2.3329205811e-02    0.0000000000e+00
    2.3338938132e-02    0.0000000000e+00
    2.3349886760e-02    0.0000000000e+00
    2.3359619081e-02    0.0000000000e+00
    2.3369351402e-02    0.0000000000e+00
    2.3379083723e-02    0.0000000000e+00
    2.3388816044e-02    0.0000000000e+00
    2.3399764672e-02    0.0000000000e+00
    2.3409496993e-02    0.0000000000e+00
    2.3419229314e-02    0.0000000000e+00
    2.3428961635e-02    0.0000000000e+00
    2.3439910263e-02    0.0000000000e+00
    2.3449642584e-02    0.0000000000e+00
    2.3459373042e-02    0.0000000000e+00
    2.3469105363e-02    0.0000000000e+00
    2.3478837684e-02    0.0000000000e+00
    2.3489786312e-02    0.0000000000e+00
    2.3499518633e-02    0.0000000000e+00
    2.3509250954e-02    0.0000000000e+00
    2.3518983275e-02    0.0000000000e+00
    2.3529931903e-02    0.0000000000e+00
    2.3539662361e-02    0.0000000000e+00
    2.3549394682e-02    0.0000000000e+00
    2.3559127003e-02    0.0000000000e+00
    2.3568859324e-02    0.0000000000e+00
    2.3579806089e-02    0.0000000000e+00
    2.3589538410e-02    0.0000000000e+00
    2.3599270731e-02    0.0000000000e+00
    2.3609001189e-02    0.0000000000e+00
    2.3619949818e-02    0.0000000000e+00
    2.3629682139e-02    0.0000000000e+00
    2.3639414459e-02    0.0000000000e+00
    2.3649146780e-02    0.0000000000e+00
    2.3658877239e-02    0.0000000000e+00
    2.3669827729e-02    0.0000000000e+00
    2.3679560050e-02    0.0000000000e+00
    2.3689292371e-02    0.0000000000e+00
    2.3699024692e-02    0.0000000000e+00
    2.3709973320e-02    0.0000000000e+00
    2.3719705641e-02    0.0000000000e+00
    2.3729437962e-02    0.0000000000e+00
    2.3739172146e-02    0.0000000000e+00
    2.3748904467e-02    0.0000000000e+00
    2.3759853095e-02    0.0000000000e+00
    2.3769585416e-02    0.0000000000e+00
    2.3779319599e-02    0.0000000000e+00
    2.3789051920e-02    0.0000000000e+00
    2.3798784241e-02    0.0000000000e+00
    2.3809732869e-02    0.0000000000e+00
    2.3819465190e-02    0.0000000000e+00
    2.3829197511e-02    0.0000000000e+00
    2.3838929832e-02    0.0000000000e+00
    2.3849878460e-02    0.0000000000e+00
    2.3859608918e-02    0.0000000000e+00
    2.3869341239e-02    0.0000000000e+00
    2.3879073560e-02    0.0000000000e+00
    2.3888804018e-02    0.0000000000e+00
    2.3899752647e-02    0.0000000000e+00
    2.3909483105e-02    0.0000000000e+00
    2.3919215426e-02    0.0000000000e+00
    2.3928945884e-02    0.0000000000e+00
    2.3939894512e-02    0.0000000000e+00
    2.3949624971e-02    0.0000000000e+00
    2.3959357291e-02    0.0000000000e+00
    2.3969087750e-02    0.0000000000e+00
    2.3978820071e-02    0.0000000000e+00
    2.3989766836e-02    0.0000000000e+00
    2.3999497294e-02    0.0000000000e+00
    2.4009229615e-02    0.0000000000e+00
    2.4018960074e-02    0.0000000000e+00
    2.4029906839e-02    0.0000000000e+00
    2.4039639160e-02    0.0000000000e+00
    2.4049369618e-02    0.0000000000e+00
    2.4059100077e-02    0.0000000000e+00
    2.4068832397e-02    0.0000000000e+00
    2.4079779163e-02    0.0000000000e+00
    2.4089511484e-02    0.0000000000e+00
    2.4099241942e-02    0.0000000000e+00
    2.4108972400e-02    0.0000000000e+00
    2.4119921029e-02    0.0000000000e+00
    2.4129651487e-02    0.0000000000e+00
    2.4139383808e-02    0.0000000000e+00
    2.4149114266e-02    0.0000000000e+00
    2.4158846587e-02    0.0000000000e+00
    2.4169793352e-02    0.0000000000e+00
    2.4179525673e-02    0.0000000000e+00
    2.4189256132e-02    0.0000000000e+00
    2.4198986590e-02    0.0000000000e+00
    2.4209935218e-02    0.0000000000e+00
    2.4219665676e-02    0.0000000000e+00
    2.4229397997e-02    0.0000000000e+00
    2.4239128456e-02    0.0000000000e+00
    2.4248860776e-02    0.0000000000e+00
    2.4259807542e-02    0.0000000000e+00
    2.4269539863e-02    0.0000000000e+00
    2.4279272184e-02    0.0000000000e+00
    2.4289002642e-02    0.0000000000e+00
    2.4299951270e-02    0.0000000000e+00
    2.4309681728e-02    0.0000000000e+00
    2.4319414049e-02    0.0000000000e+00
    2.4329146370e-02    0.0000000000e+00
    2.4338876829e-02    0.0000000000e+00
    2.4349825457e-02    0.0000000000e+00
    2.4359557778e-02    0.0000000000e+00
    2.4369288236e-02    0.0000000000e+00
    2.4379020557e-02    0.0000000000e+00
    2.4389969185e-02    0.0000000000e+00
    2.4399701506e-02    0.0000000000e+00
    2.4409431964e-02    0.0000000000e+00
    2.4419164285e-02    0.0000000000e+00
    2.4428896606e-02    0.0000000000e+00
    2.4439845234e-02    0.0000000000e+00
    2.4449577555e-02    0.0000000000e+00
    2.4459309876e-02    0.0000000000e+00
    2.4469042197e-02    0.0000000000e+00
    2.4479992688e-02    0.0000000000e+00
    2.4489725009e-02    0.0000000000e+00
    2.4499457330e-02    0.0000000000e+00
    2.4509189650e-02    0.0000000000e+00
    2.4518923834e-02    0.0000000000e+00
    2.4529872462e-02    0.0000000000e+00
    2.4539606646e-02    0.0000000000e+00
    2.4549338967e-02    0.0000000000e+00
    2.4559071288e-02    0.0000000000e+00
    2.4568805471e-02    0.0000000000e+00
    2.4579755962e-02    0.0000000000e+00
    2.4589488283e-02    0.0000000000e+00
    2.4599220604e-02    0.0000000000e+00
    2.4608954787e-02    0.0000000000e+00
    2.4619903415e-02    0.0000000000e+00
    2.4629637599e-02    0.0000000000e+00
    2.4639369920e-02    0.0000000000e+00
    2.4649102241e-02    0.0000000000e+00
    2.4658834562e-02    0.0000000000e+00
    2.4669785053e-02    0.0000000000e+00
    2.4679517373e-02    0.0000000000e+00
    2.4689249694e-02    0.0000000000e+00
    2.4698982015e-02    0.0000000000e+00
    2.4709930643e-02    0.0000000000e+00
    2.4719661102e-02    0.0000000000e+00
    2.4729393423e-02    0.0000000000e+00
    2.4739125744e-02    0.0000000000e+00
    2.4748858064e-02    0.0000000000e+00
    2.4759806693e-02    0.0000000000e+00
    2.4769537151e-02    0.0000000000e+00
    2.4779269472e-02    0.0000000000e+00
    2.4789001793e-02    0.0000000000e+00
    2.4799950421e-02    0.0000000000e+00
    2.4809680879e-02    0.0000000000e+00
    2.4819413200e-02    0.0000000000e+00
    2.4829145521e-02    0.0000000000e+00
    2.4838877842e-02    0.0000000000e+00
    2.4849826470e-02    0.0000000000e+00
    2.4859558791e-02    0.0000000000e+00
    2.4869291112e-02    0.0000000000e+00
    2.4879023433e-02    0.0000000000e+00
    2.4889972061e-02    0.0000000000e+00
    2.4899704382e-02    0.0000000000e+00
    2.4909436703e-02    0.0000000000e+00
    2.4919169024e-02    0.0000000000e+00
    2.4928901345e-02    0.0000000000e+00
    2.4939849973e-02    0.0000000000e+00
    2.4949582294e-02    0.0000000000e+00
    2.4959314615e-02    0.0000000000e+00
    2.4969046935e-02    0.0000000000e+00
    2.4979995564e-02    0.0000000000e+00
    2.4989727885e-02    0.0000000000e+00
    2.4999460205e-02    0.0000000000e+00
    2.5009192526e-02    0.0000000000e+00
    2.5018922985e-02    0.0000000000e+00
    2.5029871613e-02    0.0000000000e+00
    2.5039603934e-02    0.0000000000e+00
    2.5049336255e-02    0.0000000000e+00
    2.5059068576e-02    0.0000000000e+00
    2.5068799034e-02    0.0000000000e+00
    2.5079747662e-02    0.0000000000e+00
    2.5089479983e-02    0.0000000000e+00
    2.5099210441e-02    0.0000000000e+00
    2.5108942762e-02    0.0000000000e+00
    2.5119891390e-02    0.0000000000e+00
    2.5129621848e-02    0.0000000000e+00
    2.5139354169e-02    0.0000000000e+00
    2.5149084628e-02    0.0000000000e+00
    2.5158816949e-02    0.0000000000e+00
    2.5169763714e-02    0.0000000000e+00
    2.5179496035e-02    0.0000000000e+00
    2.5189226493e-02    0.0000000000e+00
    2.5198958814e-02    0.0000000000e+00
    2.5209905580e-02    0.0000000000e+00
    2.5219637901e-02    0.0000000000e+00
    2.5229368359e-02    0.0000000000e+00
    2.5239100680e-02    0.0000000000e+00
    2.5248831138e-02    0.0000000000e+00
    2.5259779766e-02    0.0000000000e+00
    2.5269510224e-02    0.0000000000e+00
    2.5279242545e-02    0.0000000000e+00
    2.5288974866e-02    0.0000000000e+00
    2.5299921632e-02    0.0000000000e+00
    2.5309653953e-02    0.0000000000e+00
    2.5319384411e-02    0.0000000000e+00
    2.5329116732e-02    0.0000000000e+00
    2.5338847190e-02    0.0000000000e+00
    2.5349795818e-02    0.0000000000e+00
    2.5359526277e-02    0.0000000000e+00
    2.5369256735e-02    0.0000000000e+00
    2.5378989056e-02    0.0000000000e+00
    2.5389935821e-02    0.0000000000e+00
    2.5399668142e-02    0.0000000000e+00
    2.5409398600e-02    0.0000000000e+00
    2.5419129059e-02    0.0000000000e+00
    2.5428861380e-02    0.0000000000e+00
    2.5439808145e-02    0.0000000000e+00
    2.5449540466e-02    0.0000000000e+00
    2.5459270924e-02    0.0000000000e+00
    2.5469001383e-02    0.0000000000e+00
    2.5479950011e-02    0.0000000000e+00
    2.5489680469e-02    0.0000000000e+00
    2.5499412790e-02    0.0000000000e+00
    2.5509143248e-02    0.0000000000e+00
    2.5518875569e-02    0.0000000000e+00
    2.5529822335e-02    0.0000000000e+00
    2.5539554656e-02    0.0000000000e+00
    2.5549286976e-02    0.0000000000e+00
    2.5559017435e-02    0.0000000000e+00
    2.5569966063e-02    0.0000000000e+00
    2.5579698384e-02    0.0000000000e+00
    2.5589430705e-02    0.0000000000e+00
    2.5599163026e-02    0.0000000000e+00
    2.5608895347e-02    0.0000000000e+00
    2.5619843975e-02    0.0000000000e+00
    2.5629576296e-02    0.0000000000e+00
    2.5639308617e-02    0.0000000000e+00
    2.5649042800e-02    0.0000000000e+00
    2.5659991428e-02    0.0000000000e+00
    2.5669723749e-02    0.0000000000e+00
    2.5679456070e-02    0.0000000000e+00
    2.5689190254e-02    0.0000000000e+00
    2.5698922575e-02    0.0000000000e+00
    2.5709871203e-02    0.0000000000e+00
    2.5719605386e-02    0.0000000000e+00
    2.5729337707e-02    0.0000000000e+00
    2.5739070028e-02    0.0000000000e+00
    2.5748802349e-02    0.0000000000e+00
    2.5759752840e-02    0.0000000000e+00
    2.5769485161e-02    0.0000000000e+00
    2.5779217482e-02    0.0000000000e+00
    2.5788949803e-02    0.0000000000e+00
    2.5799900293e-02    0.0000000000e+00
    2.5809632614e-02    0.0000000000e+00
    2.5819364935e-02    0.0000000000e+00
    2.5829097256e-02    0.0000000000e+00
    2.5838829577e-02    0.0000000000e+00
    2.5849778205e-02    0.0000000000e+00
    2.5859510526e-02    0.0000000000e+00
    2.5869242847e-02    0.0000000000e+00
    2.5878977031e-02    0.0000000000e+00
    2.5889925659e-02    0.0000000000e+00
    2.5899657980e-02    0.0000000000e+00
    2.5909390301e-02    0.0000000000e+00
    2.5919122621e-02    0.0000000000e+00
    2.5928854942e-02    0.0000000000e+00
    2.5939803571e-02    0.0000000000e+00
    2.5949535891e-02    0.0000000000e+00
    2.5959268212e-02    0.0000000000e+00
    2.5969000533e-02    0.0000000000e+00
    2.5979949161e-02    0.0000000000e+00
    2.5989681482e-02    0.0000000000e+00
    2.5999413803e-02    0.0000000000e+00
    2.6009144261e-02    0.0000000000e+00
    2.6018876582e-02    0.0000000000e+00
    2.6029825211e-02    0.0000000000e+00
    2.6039557531e-02    0.0000000000e+00
    2.6049289852e-02    0.0000000000e+00
    2.6059022173e-02    0.0000000000e+00
    2.6069970801e-02    0.0000000000e+00
    2.6079703122e-02    0.0000000000e+00
    2.6089435443e-02    0.0000000000e+00
    2.6099167764e-02    0.0000000000e+00
    2.6108898222e-02    0.0000000000e+00
    2.6119846851e-02    0.0000000000e+00
    2.6129579172e-02    0.0000000000e+00
    2.6139311492e-02    0.0000000000e+00
    2.6149043813e-02    0.0000000000e+00
    2.6159992442e-02    0.0000000000e+00
    2.6169722900e-02    0.0000000000e+00
    2.6179455221e-02    0.0000000000e+00
    2.6189187542e-02    0.0000000000e+00
    2.6198919863e-02    0.0000000000e+00
    2.6209868491e-02    0.0000000000e+00
    2.6219598949e-02    0.0000000000e+00
    2.6229331270e-02    0.0000000000e+00
    2.6239063591e-02    0.0000000000e+00
    2.6248795912e-02    0.0000000000e+00
    2.6259742677e-02    0.0000000000e+00
    2.6269474998e-02    0.0000000000e+00
    2.6279207319e-02    0.0000000000e+00
    2.6288937777e-02    0.0000000000e+00
    2.6299886405e-02    0.0000000000e+00
    2.6309618726e-02    0.0000000000e+00
    2.6319349185e-02    0.0000000000e+00
    2.6329081506e-02    0.0000000000e+00
    2.6338813826e-02    0.0000000000e+00
    2.6349762455e-02    0.0000000000e+00
    2.6359492913e-02    0.0000000000e+00
    2.6369225234e-02    0.0000000000e+00
    2.6378957555e-02    0.0000000000e+00
    2.6389906183e-02    0.0000000000e+00
    2.6399636641e-02    0.0000000000e+00
    2.6409368962e-02    0.0000000000e+00
    2.6419101283e-02    0.0000000000e+00
    2.6428833604e-02    0.0000000000e+00
    2.6439780369e-02    0.0000000000e+00
    2.6449512690e-02    0.0000000000e+00
    2.6459245011e-02    0.0000000000e+00
    2.6468975469e-02    0.0000000000e+00
    2.6479924098e-02    0.0000000000e+00
    2.6489656419e-02    0.0000000000e+00
    2.6499386877e-02    0.0000000000e+00
    2.6509119198e-02    0.0000000000e+00
    2.6518849656e-02    0.0000000000e+00
    2.6529798284e-02    0.0000000000e+00
    2.6539528742e-02    0.0000000000e+00
    2.6549261063e-02    0.0000000000e+00
    2.6558991522e-02    0.0000000000e+00
    2.6569940150e-02    0.0000000000e+00
    2.6579672471e-02    0.0000000000e+00
    2.6589402929e-02    0.0000000000e+00
    2.6599135250e-02    0.0000000000e+00
    2.6608865708e-02    0.0000000000e+00
    2.6619814336e-02    0.0000000000e+00
    2.6629544795e-02    0.0000000000e+00
    2.6639277115e-02    0.0000000000e+00
    2.6649009436e-02    0.0000000000e+00
    2.6659956202e-02    0.0000000000e+00
    2.6669688523e-02    0.0000000000e+00
    2.6679420844e-02    0.0000000000e+00
    2.6689153165e-02    0.0000000000e+00
    2.6698885486e-02    0.0000000000e+00
    2.6709834114e-02    0.0000000000e+00
    2.6719564572e-02    0.0000000000e+00
    2.6729296893e-02    0.0000000000e+00
    2.6739029214e-02    0.0000000000e+00
    2.6749977842e-02    0.0000000000e+00
    2.6759710163e-02    0.0000000000e+00
    2.6769442484e-02    0.0000000000e+00
    2.6779174805e-02    0.0000000000e+00
    2.6788907126e-02    0.0000000000e+00
    2.6799855754e-02    0.0000000000e+00
    2.6809588075e-02    0.0000000000e+00
    2.6819320396e-02    0.0000000000e+00
    2.6829052716e-02    0.0000000000e+00
    2.6838785037e-02    0.0000000000e+00
    2.6849733666e-02    0.0000000000e+00
    2.6859465986e-02    0.0000000000e+00
    2.6869198307e-02    0.0000000000e+00
    2.6878930628e-02    0.0000000000e+00
    2.6889879256e-02    0.0000000000e+00
    2.6899609715e-02    0.0000000000e+00
    2.6909342036e-02    0.0000000000e+00
    2.6919074357e-02    0.0000000000e+00
    2.6928806677e-02    0.0000000000e+00
    2.6939755306e-02    0.0000000000e+00
    2.6949487627e-02    0.0000000000e+00
    2.6959219947e-02    0.0000000000e+00
    2.6968952268e-02    0.0000000000e+00
    2.6979900897e-02    0.0000000000e+00
    2.6989633217e-02    0.0000000000e+00
    2.6999365538e-02    0.0000000000e+00
    2.7009097859e-02    0.0000000000e+00
    2.7018830180e-02    0.0000000000e+00
    2.7029778808e-02    0.0000000000e+00
    2.7039511129e-02    0.0000000000e+00
    2.7049243450e-02    0.0000000000e+00
    2.7058975771e-02    0.0000000000e+00
    2.7069924399e-02    0.0000000000e+00
    2.7079656720e-02    0.0000000000e+00
    2.7089389041e-02    0.0000000000e+00
    2.7099121362e-02    0.0000000000e+00
    2.7108853683e-02    0.0000000000e+00
    2.7119802311e-02    0.0000000000e+00
    2.7129534632e-02    0.0000000000e+00
    2.7139266953e-02    0.0000000000e+00
    2.7148999274e-02    0.0000000000e+00
    2.7159949765e-02    0.0000000000e+00
    2.7169682086e-02    0.0000000000e+00
    2.7179414406e-02    0.0000000000e+00
    2.7189146727e-02    0.0000000000e+00
    2.7198879048e-02    0.0000000000e+00
    2.7209827676e-02    0.0000000000e+00
    2.7219559997e-02    0.0000000000e+00
    2.7229292318e-02    0.0000000000e+00
    2.7239024639e-02    0.0000000000e+00
    2.7249973267e-02    0.0000000000e+00
    2.7259705588e-02    0.0000000000e+00
    2.7269437909e-02    0.0000000000e+00
    2.7279170230e-02    0.0000000000e+00
    2.7288902551e-02    0.0000000000e+00
    2.7299851179e-02    0.0000000000e+00
    2.7309583500e-02    0.0000000000e+00
    2.7319315821e-02    0.0000000000e+00
    2.7329048142e-02    0.0000000000e+00
    2.7339996770e-02    0.0000000000e+00
    2.7349727228e-02    0.0000000000e+00
    2.7359459549e-02    0.0000000000e+00
    2.7369191870e-02    0.0000000000e+00
    2.7378924191e-02    0.0000000000e+00
    2.7389872819e-02    0.0000000000e+00
    2.7399605140e-02    0.0000000000e+00
    2.7409337461e-02    0.0000000000e+00
    2.7419069782e-02    0.0000000000e+00
    2.7428802103e-02    0.0000000000e+00
    2.7439750731e-02    0.0000000000e+00
    2.7449483052e-02    0.0000000000e+00
    2.7459215373e-02    0.0000000000e+00
    2.7468947694e-02    0.0000000000e+00
    2.7479898185e-02    0.0000000000e+00
    2.7489630505e-02    0.0000000000e+00
    2.7499362826e-02    0.0000000000e+00
    2.7509095147e-02    0.0000000000e+00
    2.7518827468e-02    0.0000000000e+00
    2.7529776096e-02    0.0000000000e+00
    2.7539510280e-02    0.0000000000e+00
    2.7549242601e-02    0.0000000000e+00
    2.7558974922e-02    0.0000000000e+00
    2.7569923550e-02    0.0000000000e+00
    2.7579657733e-02    0.0000000000e+00
    2.7589390054e-02    0.0000000000e+00
    2.7599122375e-02    0.0000000000e+00
    2.7608854696e-02    0.0000000000e+00
    2.7619803324e-02    0.0000000000e+00
    2.7629535645e-02    0.0000000000e+00
    2.7639267966e-02    0.0000000000e+00
    2.7649000287e-02    0.0000000000e+00
    2.7659950778e-02    0.0000000000e+00
    2.7669683099e-02    0.0000000000e+00
    2.7679415420e-02    0.0000000000e+00
    2.7689147741e-02    0.0000000000e+00
    2.7698880062e-02    0.0000000000e+00
    2.7709828690e-02    0.0000000000e+00
    2.7719561011e-02    0.0000000000e+00
    2.7729293332e-02    0.0000000000e+00
    2.7739023790e-02    0.0000000000e+00
    2.7749974281e-02    0.0000000000e+00
    2.7759706602e-02    0.0000000000e+00
    2.7769437060e-02    0.0000000000e+00
    2.7779169381e-02    0.0000000000e+00
    2.7788901702e-02    0.0000000000e+00
    2.7799852192e-02    0.0000000000e+00
    2.7809584513e-02    0.0000000000e+00
    2.7819316834e-02    0.0000000000e+00
    2.7829049155e-02    0.0000000000e+00
    2.7839997783e-02    0.0000000000e+00
    2.7849730104e-02    0.0000000000e+00
    2.7859462425e-02    0.0000000000e+00
    2.7869194746e-02    0.0000000000e+00
    2.7878927067e-02    0.0000000000e+00
    2.7889875695e-02    0.0000000000e+00
    2.7899608016e-02    0.0000000000e+00
    2.7909340337e-02    0.0000000000e+00
    2.7919396758e-02    0.0000000000e+00
    2.7929779142e-02    0.0000000000e+00
    2.7939511463e-02    0.0000000000e+00
    2.7949891984e-02    0.0000000000e+00
    2.7959624305e-02    0.0000000000e+00
    2.7969356626e-02    0.0000000000e+00
    2.7979737148e-02    0.0000000000e+00
    2.7989469469e-02    0.0000000000e+00
    2.7999849990e-02    0.0000000000e+00
    2.8009582311e-02    0.0000000000e+00
    2.8019962832e-02    0.0000000000e+00
    2.8029695153e-02    0.0000000000e+00
    2.8039427474e-02    0.0000000000e+00
    2.8049809858e-02    0.0000000000e+00
    2.8059542179e-02    0.0000000000e+00
    2.8069922701e-02    0.0000000000e+00
    2.8079655021e-02    0.0000000000e+00
    2.8089387342e-02    0.0000000000e+00
    2.8099767864e-02    0.0000000000e+00
    2.8109500185e-02    0.0000000000e+00
    2.8119880706e-02    0.0000000000e+00
    2.8129613027e-02    0.0000000000e+00
    2.8139995411e-02    0.0000000000e+00
    2.8149725869e-02    0.0000000000e+00
    2.8159458190e-02    0.0000000000e+00
    2.8169840574e-02    0.0000000000e+00
    2.8179572895e-02    0.0000000000e+00
    2.8189953417e-02    0.0000000000e+00
    2.8199685737e-02    0.0000000000e+00
    2.8209418058e-02    0.0000000000e+00
    2.8219565749e-02    0.0000000000e+00
    2.8229657561e-02    0.0000000000e+00
    2.8239751235e-02    0.0000000000e+00
    2.8249843046e-02    0.0000000000e+00
    2.8259936720e-02    0.0000000000e+00
    2.8269112110e-02    0.0000000000e+00
    2.8279669583e-02    0.0000000000e+00
    2.8289308771e-02    0.0000000000e+00
    2.8299912810e-02    0.0000000000e+00
    2.8309553862e-02    0.0000000000e+00
    2.8319193050e-02    0.0000000000e+00
    2.8329797089e-02    0.0000000000e+00
    2.8339438140e-02    0.0000000000e+00
    2.8349077329e-02    0.0000000000e+00
    2.8359681368e-02    0.0000000000e+00
    2.8369322419e-02    0.0000000000e+00
    2.8379926458e-02    0.0000000000e+00
    2.8389565647e-02    0.0000000000e+00
    2.8399206698e-02    0.0000000000e+00
    2.8409810737e-02    0.0000000000e+00
    2.8419449925e-02    0.0000000000e+00
    2.8429090977e-02    0.0000000000e+00
    2.8439695016e-02    0.0000000000e+00
    2.8449334204e-02    0.0000000000e+00
    2.8459938243e-02    0.0000000000e+00
    2.8469579294e-02    0.0000000000e+00
    2.8479218483e-02    0.0000000000e+00
    2.8489822522e-02    0.0000000000e+00
    2.8499463573e-02    0.0000000000e+00
    2.8509102762e-02    0.0000000000e+00
    2.8519706801e-02    0.0000000000e+00
    2.8529347852e-02    0.0000000000e+00
    2.8539951891e-02    0.0000000000e+00
    2.8549591079e-02    0.0000000000e+00
    2.8559232131e-02    0.0000000000e+00
    2.8569836169e-02    0.0000000000e+00
    2.8579475358e-02    0.0000000000e+00
    2.8589116409e-02    0.0000000000e+00
    2.8599720448e-02    0.0000000000e+00
    2.8609359637e-02    0.0000000000e+00
    2.8619963676e-02    0.0000000000e+00
    2.8629371896e-02    0.0000000000e+00
    2.8639463708e-02    0.0000000000e+00
    2.8649557382e-02    0.0000000000e+00
    2.8659649193e-02    0.0000000000e+00
    2.8669068590e-02    0.0000000000e+00
    2.8678802773e-02    0.0000000000e+00
    2.8689751402e-02    0.0000000000e+00
    2.8699485585e-02    0.0000000000e+00
    2.8709217906e-02    0.0000000000e+00
    2.8719589114e-02    0.0000000000e+00
    2.8729682788e-02    0.0000000000e+00
    2.8739774600e-02    0.0000000000e+00
    2.8749866411e-02    0.0000000000e+00
    2.8759306297e-02    0.0000000000e+00
    2.8769040480e-02    0.0000000000e+00
    2.8779989108e-02    0.0000000000e+00
    2.8789883479e-02    0.0000000000e+00
    2.8799615800e-02    0.0000000000e+00
    2.8809996322e-02    0.0000000000e+00
    2.8819728643e-02    0.0000000000e+00
    2.8829460964e-02    0.0000000000e+00
    2.8839843348e-02    0.0000000000e+00
    2.8849575669e-02    0.0000000000e+00
    2.8859075159e-02    0.0000000000e+00
    2.8869664297e-02    0.0000000000e+00
    2.8879303485e-02    0.0000000000e+00
    2.8889909387e-02    0.0000000000e+00
    2.8899548575e-02    0.0000000000e+00
    2.8909187764e-02    0.0000000000e+00
    2.8919793665e-02    0.0000000000e+00
    2.8929335997e-02    0.0000000000e+00
    2.8939561918e-02    0.0000000000e+00
    2.8949787840e-02    0.0000000000e+00
    2.8959332034e-02    0.0000000000e+00
    2.8969556093e-02    0.0000000000e+00
    2.8979310766e-02    0.0000000000e+00
    2.8989858925e-02    0.0000000000e+00
    2.8999499977e-02    0.0000000000e+00
    2.9009139165e-02    0.0000000000e+00
    2.9019743204e-02    0.0000000000e+00
    2.9029384255e-02    0.0000000000e+00
    2.9039988294e-02    0.0000000000e+00
    2.9049627483e-02    0.0000000000e+00
    2.9059268534e-02    0.0000000000e+00
    2.9069872573e-02    0.0000000000e+00
    2.9079511762e-02    0.0000000000e+00
    2.9089152813e-02    0.0000000000e+00
    2.9099756852e-02    0.0000000000e+00
    2.9109396040e-02    0.0000000000e+00
    2.9119037092e-02    0.0000000000e+00
    2.9129641131e-02    0.0000000000e+00
    2.9139280319e-02    0.0000000000e+00
    2.9149884358e-02    0.0000000000e+00
    2.9159525409e-02    0.0000000000e+00
    2.9169164598e-02    0.0000000000e+00
    2.9179768637e-02    0.0000000000e+00
    2.9189409688e-02    0.0000000000e+00
    2.9199048877e-02    0.0000000000e+00
    2.9209652916e-02    0.0000000000e+00
    2.9219293967e-02    0.0000000000e+00
    2.9229898006e-02    0.0000000000e+00
    2.9239537194e-02    0.0000000000e+00
    2.9249178246e-02    0.0000000000e+00
    2.9259782284e-02    0.0000000000e+00
    2.9269421473e-02    0.0000000000e+00
    2.9279062524e-02    0.0000000000e+00
    2.9289666563e-02    0.0000000000e+00
    2.9299305752e-02    0.0000000000e+00
    2.9309909791e-02    0.0000000000e+00
    2.9319550842e-02    0.0000000000e+00
    2.9329190031e-02    0.0000000000e+00
    2.9339794070e-02    0.0000000000e+00
    2.9349435121e-02    0.0000000000e+00
    2.9359074309e-02    0.0000000000e+00
    2.9369678348e-02    0.0000000000e+00
    2.9379319400e-02    0.0000000000e+00
    2.9389923438e-02    0.0000000000e+00
    2.9399562627e-02    0.0000000000e+00
    2.9409203678e-02    0.0000000000e+00
    2.9419807717e-02    0.0000000000e+00
    2.9429633170e-02    0.0000000000e+00
    2.9439859092e-02    0.0000000000e+00
    2.9449401423e-02    0.0000000000e+00
    2.9459627345e-02    0.0000000000e+00
    2.9469853267e-02    0.0000000000e+00
    2.9479397461e-02    0.0000000000e+00
    2.9489621520e-02    0.0000000000e+00
    2.9499847442e-02    0.0000000000e+00
    2.9509391636e-02    0.0000000000e+00
    2.9519617558e-02    0.0000000000e+00
    2.9529841617e-02    0.0000000000e+00
    2.9539385810e-02    0.0000000000e+00
    2.9549611732e-02    0.0000000000e+00
    2.9559837654e-02    0.0000000000e+00
    2.9569379985e-02    0.0000000000e+00
    2.9579605907e-02    0.0000000000e+00
    2.9589831829e-02    0.0000000000e+00
    2.9599376023e-02    0.0000000000e+00
    2.9609600082e-02    0.0000000000e+00
    2.9619826004e-02    0.0000000000e+00
    2.9629370198e-02    0.0000000000e+00
    2.9639596120e-02    0.0000000000e+00
    2.9649820179e-02    0.0000000000e+00
    2.9659364372e-02    0.0000000000e+00
    2.9669590294e-02    0.0000000000e+00
    2.9679816216e-02    0.0000000000e+00
    2.9689358547e-02    0.0000000000e+00
    2.9699584469e-02    0.0000000000e+00
    2.9709810391e-02    0.0000000000e+00
    2.9719354585e-02    0.0000000000e+00
    2.9729578644e-02    0.0000000000e+00
    2.9739804566e-02    0.0000000000e+00
    2.9749348760e-02    0.0000000000e+00
    2.9759574682e-02    0.0000000000e+00
    2.9769837856e-02    0.0000000000e+00
    2.9779477045e-02    0.0000000000e+00
    2.9789116234e-02    0.0000000000e+00
    2.9799722135e-02    0.0000000000e+00
    2.9809361324e-02    0.0000000000e+00
    2.9819965363e-02    0.0000000000e+00
    2.9829606414e-02    0.0000000000e+00
    2.9839245602e-02    0.0000000000e+00
    2.9849849641e-02    0.0000000000e+00
    2.9859490693e-02    0.0000000000e+00
    2.9869129881e-02    0.0000000000e+00
    2.9879733920e-02    0.0000000000e+00
    2.9889374971e-02    0.0000000000e+00
    2.9899979010e-02    0.0000000000e+00
    2.9909618199e-02    0.0000000000e+00
    2.9919259250e-02    0.0000000000e+00
    2.9929863289e-02    0.0000000000e+00
    2.9939502478e-02    0.0000000000e+00
    2.9949143529e-02    0.0000000000e+00
    2.9959747568e-02    0.0000000000e+00
    2.9969386756e-02    0.0000000000e+00
    2.9979990795e-02    0.0000000000e+00
    2.9989631847e-02    0.0000000000e+00
    2.9999271035e-02    0.0000000000e+00
    3.0000235885e-02    0.0000000000e+00
      3002
    0.0000000000e+00    0.0000000000e+00
    9.7362280940e-06    0.0000000000e+00
    1.9472456188e-05    0.0000000000e+00
    2.9208684282e-05    0.0000000000e+00
    3.8944912376e-05    0.0000000000e+00
    4.9898168072e-05    0.0000000000e+00
    5.9634396166e-05    0.0000000000e+00
    6.9370624260e-05    0.0000000000e+00
    7.9106852354e-05    0.0000000000e+00
    8.8843080448e-05    0.0000000000e+00
    9.9796336144e-05    0.0000000000e+00
    1.0953255696e-04    0.0000000000e+00
    1.1936988449e-04    0.0000000000e+00
    1.2951242388e-04    0.0000000000e+00
    1.3930225396e-04    0.0000000000e+00
    1.4939271205e-04    0.0000000000e+00
    1.5927563072e-04    0.0000000000e+00
    1.6968246200e-04    1.4474520683e+01
    1.7952857888e-04    1.1858389854e+01
    1.8913974054e-04    9.7581844330e+00
    1.9887587405e-04    8.0050497055e+00
    2.0982899878e-04    6.4022984505e+00
    2.1956508863e-04    5.2454118729e+00
    2.2930116393e-04    4.2943782806e+00
    2.3903725378e-04    3.5127542019e+00
    2.4999040761e-04    2.7989633083e+00
    2.5972659932e-04    2.2847228050e+00
    2.6946279104e-04    1.8629162312e+00
    2.7919895365e-04    1.5171830654e+00
    2.8893514536e-04    1.2340080738e+00
    2.9988834285e-04    9.7640192509e-01
    3.0962453457e-04    7.9156732559e-01
    3.1936069718e-04    6.4055722952e-01
    3.2909688889e-04    5.1731026173e-01
    3.3883302240e-04    4.1683685780e-01
    3.4978619078e-04    3.2594254613e-01
    3.5952235339e-04    2.6113155484e-01
    3.6925845779e-04    2.0852433145e-01
    3.7899453309e-04    1.6589584947e-01
    3.8994755596e-04    1.2760484219e-01
    3.9968357305e-04    1.0052043200e-01
    4.0941956104e-04    7.8720964491e-02
    4.1915551992e-04    6.1222925782e-02
    4.2889144970e-04    4.7220706940e-02
    4.3984435615e-04    3.4830622375e-02
    4.4958025683e-04    2.6216391474e-02
    4.5931615750e-04    1.9409786910e-02
    4.6905202908e-04    1.4060387388e-02
    4.7878790065e-04    9.8826484755e-03
    4.8974074889e-04    6.2956693582e-03
    4.9947656225e-04    3.8902931847e-03
    5.0921243383e-04    2.0656029228e-03
    5.1894818898e-04    7.0108368527e-04
    5.2990094991e-04   -4.0431745583e-04
    5.3963670507e-04   -1.0905608069e-03
    5.4937246023e-04   -1.5621716157e-03
    5.5910821538e-04   -1.8681881484e-03
    5.6884397054e-04   -2.0477268845e-03
    5.7979667326e-04   -2.1369573660e-03
    5.8953242842e-04   -2.1428661421e-03
    5.9926818358e-04   -2.0993829239e-03
    6.0900388053e-04   -2.0211648662e-03
    6.1995652504e-04   -1.9057005411e-03
    6.2969216378e-04   -1.7881697277e-03
    6.3942786073e-04   -1.6633642372e-03
    6.4916349947e-04   -1.5360813122e-03
    6.5889908001e-04   -1.4098419342e-03
    6.6985160811e-04   -1.2721772073e-03
    6.7958718864e-04   -1.1555646779e-03
    6.8932271097e-04   -1.0455106385e-03
    6.9905823329e-04   -9.4264815561e-04
    7.0879369741e-04   -8.4727408830e-04
    7.1974610910e-04   -7.4898125604e-04
    7.2948157322e-04   -6.6945579601e-04
    7.3921697913e-04   -5.9703394072e-04
    7.4895244325e-04   -5.3136091447e-04
    7.5990479672e-04   -4.6503834892e-04
    7.6964020263e-04   -4.1232249350e-04
    7.7937560854e-04   -3.6501305294e-04
    7.8911101446e-04   -3.2266756170e-04
    7.9884642037e-04   -2.8485569055e-04
    8.0979865743e-04   -2.4722394301e-04
    8.1953400513e-04   -2.1770487365e-04
    8.2926929463e-04   -1.9150778826e-04
    8.3900458412e-04   -1.6829659580e-04
    8.4995670477e-04   -1.4536846720e-04
    8.5969193606e-04   -1.2750639871e-04
    8.6942716734e-04   -1.1174790416e-04
    8.7916234042e-04   -9.7861542599e-05
    8.8889745530e-04   -8.5638377641e-05
    8.9984945953e-04   -7.3641858762e-05
    9.0958451619e-04   -6.4352170739e-05
    9.1931951465e-04   -5.6199558458e-05
    9.2905445490e-04   -4.9050784583e-05
    9.3878927873e-04   -4.2787156417e-05
    9.4974087551e-04   -3.6667730456e-05
    9.5947552472e-04   -3.1949548429e-05
    9.6921011573e-04   -2.7824837161e-05
    9.7894459032e-04   -2.4221331842e-05
    9.8989589605e-04   -2.0711153411e-05
    9.9963019602e-04   -1.8012386136e-05
    1.0093643796e-03   -1.5659003111e-05
    1.0190985631e-03   -1.3607881556e-05
    1.0288325138e-03   -1.1821080079e-05
    1.0397832375e-03   -1.0085540453e-05
    1.0495170718e-03   -8.7548214651e-06
    1.0592506733e-03   -7.5972220657e-06
    1.0689842748e-03   -6.5906347118e-06
    1.0799344163e-03   -5.6147232499e-06
    1.0896677850e-03   -4.8677620725e-06
    1.0994010372e-03   -4.2189935812e-06
    1.1091342894e-03   -3.6556982650e-06
    1.1188673088e-03   -3.1667741496e-06
    1.1298169848e-03   -2.6936236281e-06
    1.1395498877e-03   -2.3321235858e-06
    1.1492826743e-03   -2.0186571419e-06
    1.1590153445e-03   -1.7469217255e-06
    1.1699643219e-03   -1.4842951259e-06
    1.1796967592e-03   -1.2838942212e-06
    1.1894289637e-03   -1.1103182942e-06
    1.1991611682e-03   -9.6001360816e-07
    1.2088933727e-03   -8.2989163275e-07
    1.2198420009e-03   -7.0430212418e-07
    1.2295740889e-03   -6.0859571249e-07
    1.2393060606e-03   -5.2579991916e-07
    1.2490381487e-03   -4.5418863692e-07
    1.2599866604e-03   -3.8513795175e-07
    1.2697185157e-03   -3.3256662846e-07
    1.2794504873e-03   -2.8712582889e-07
    1.2891823426e-03   -2.4785589403e-07
    1.2989141978e-03   -2.1392501992e-07
    1.3098624768e-03   -1.8124100620e-07
    1.3195943320e-03   -1.5638181594e-07
    1.3293261873e-03   -1.3491333561e-07
    1.3390581589e-03   -1.1637580144e-07
    1.3487900142e-03   -1.0037140186e-07
    1.3597385259e-03   -8.4967844316e-08
    1.3694704976e-03   -7.3261738009e-08
    1.3792023528e-03   -6.3160399577e-08
    1.3889340917e-03   -5.4445251862e-08
    1.3998821378e-03   -4.6063192372e-08
    1.4096136438e-03   -3.9697447107e-08
    1.4193450334e-03   -3.4207513266e-08
    1.4290763065e-03   -2.9473422813e-08
    1.4388074633e-03   -2.5391594605e-08
    1.4497550437e-03   -2.1468343547e-08
    1.4594860841e-03   -1.8490830200e-08
    1.4692171244e-03   -1.5924662478e-08
    1.4789480483e-03   -1.3713331803e-08
    1.4898953959e-03   -1.1589202487e-08
    1.4996263199e-03   -9.9780512741e-09
    1.5093573602e-03   -8.5901596947e-09
    1.5190882841e-03   -7.3946875290e-09
    1.5288193244e-03   -6.3650364979e-09
    1.5397667885e-03   -5.3764632746e-09
    1.5494978288e-03   -4.6269748033e-09
    1.5592289856e-03   -3.9816225872e-09
    1.5689601423e-03   -3.4259930448e-09
    1.5799077228e-03   -2.8927509277e-09
    1.5896389959e-03   -2.4886432914e-09
    1.5993701527e-03   -2.1408210760e-09
    1.6091015423e-03   -1.8414713088e-09
    1.6188328154e-03   -1.5838611533e-09
    1.6297805123e-03   -1.3367502660e-09
    1.6395119019e-03   -1.1495712160e-09
    1.6492432915e-03   -9.8853392139e-10
    1.6589745646e-03   -8.4999868255e-10
    1.6699222615e-03   -7.1715761107e-10
    1.6796534183e-03   -6.1656946215e-10
    1.6893845750e-03   -5.3005588807e-10
    1.6991156153e-03   -4.5565209938e-10
    1.7088466557e-03   -3.9166656030e-10
    1.7197940033e-03   -3.3033151214e-10
    1.7295248108e-03   -2.8390309548e-10
    1.7392556183e-03   -2.4398316700e-10
    1.7489861930e-03   -2.0966159364e-10
    1.7599329585e-03   -1.7677100062e-10
    1.7696633004e-03   -1.5188159064e-10
    1.7793934094e-03   -1.3048773173e-10
    1.7891235184e-03   -1.1210008616e-10
    1.7988532782e-03   -9.6297629593e-11
    1.8097991124e-03   -8.1160994592e-11
    1.8195285229e-03   -6.9711993123e-11
    1.8292577006e-03   -5.9875236713e-11
    1.8389866455e-03   -5.1424257214e-11
    1.8499315483e-03   -4.3331876282e-11
    1.8596601440e-03   -3.7212666976e-11
    1.8693886232e-03   -3.1956323004e-11
    1.8791169859e-03   -2.7441344336e-11
    1.8888451159e-03   -2.3563290208e-11
    1.8997892039e-03   -1.9850567370e-11
    1.9095172174e-03   -1.7043659886e-11
    1.9192451145e-03   -1.4632968448e-11
    1.9289728953e-03   -1.2562642766e-11
    1.9399166340e-03   -1.0580892065e-11
    1.9496444147e-03   -9.0828984958e-12
    1.9593720790e-03   -7.7965888953e-12
    1.9690997433e-03   -6.6921117085e-12
    1.9788274076e-03   -5.7438233857e-12
    1.9897709135e-03   -4.8363778260e-12
    1.9994983450e-03   -4.1506633200e-12
    2.0092257764e-03   -3.5620284933e-12
    2.0189529750e-03   -3.0567577549e-12
    2.0298960153e-03   -2.5733694689e-12
    2.0396232139e-03   -2.2081817711e-12
    2.0493501797e-03   -1.8947595229e-12
    2.0590771455e-03   -1.6257765533e-12
    2.0688038785e-03   -1.3949399361e-12
    2.0797464531e-03   -1.1741473679e-12
    2.0894729532e-03   -1.0073758234e-12
    2.0991994534e-03   -8.6426682868e-13
    2.1089257207e-03   -7.4146597065e-13
    2.1198678296e-03   -6.2402134241e-13
    2.1295938641e-03   -5.3532129901e-13
    2.1393198986e-03   -4.5921437226e-13
    2.1490459330e-03   -3.9391431198e-13
    2.1599873435e-03   -3.3146919996e-13
    2.1697131451e-03   -2.8431304620e-13
    2.1794387139e-03   -2.4385655713e-13
    2.1891642828e-03   -2.0914906363e-13
    2.1988898516e-03   -1.7937463580e-13
    2.2098312620e-03   -1.5090711883e-13
    2.2195565980e-03   -1.2941367812e-13
    2.2292819340e-03   -1.1097740294e-13
    2.2390072700e-03   -9.5164070309e-14
    2.2499482147e-03   -8.0047466322e-14
    2.2596733179e-03   -6.8636197800e-14
    2.2693981882e-03   -5.8849667218e-14
    2.2791230585e-03   -5.0456898859e-14
    2.2888479289e-03   -4.3259687011e-14
    2.2997881752e-03   -3.6381105241e-14
    2.3095125798e-03   -3.1189714846e-14
    2.3192369845e-03   -2.6738370361e-14
    2.3289611563e-03   -2.2921700887e-14
    2.3399007041e-03   -1.9274553199e-14
    2.3496244103e-03   -1.6522385605e-14
    2.3593481164e-03   -1.4162840653e-14
    2.3690713570e-03   -1.2139959109e-14
    2.3787945975e-03   -1.0405743853e-14
    2.3897332139e-03   -8.7487847777e-15
    2.3995384108e-03   -7.4888147983e-15
    2.4099193979e-03   -6.3518352734e-15
    2.4196517188e-03   -5.4430493892e-15
    2.4293838069e-03   -4.6641547368e-15
    2.4397517554e-03   -3.9564739560e-15
    2.4494747631e-03   -3.3906112662e-15
    2.4591975380e-03   -2.9055957537e-15
    2.4689203128e-03   -2.4898882886e-15
    2.4798586965e-03   -2.0927996664e-15
    2.4895814713e-03   -1.7932695463e-15
    2.4993044790e-03   -1.5365647766e-15
    2.5090277195e-03   -1.3165687209e-15
    2.5199663360e-03   -1.1064524575e-15
    2.5296895765e-03   -9.4797936929e-16
    2.5394128170e-03   -8.1218145900e-16
    2.5491360575e-03   -6.9581797853e-16
    2.5588592980e-03   -5.9611076570e-16
    2.5698216632e-03   -5.0070775078e-16
    2.5799144059e-03   -4.2642166429e-16
    2.5890895631e-03   -3.6848926938e-16
    2.5992738083e-03   -3.1334607455e-16
    2.6088915765e-03   -2.6886278937e-16
    2.6198297273e-03   -2.2588971099e-16
    2.6295525022e-03   -1.9348907287e-16
    2.6392752770e-03   -1.6573241199e-16
    2.6489978191e-03   -1.4195466191e-16
    2.6599837001e-03   -1.1916258025e-16
    2.6699991431e-03   -1.0158632896e-16
    2.6795428712e-03   -8.7253909453e-17
    2.6899522636e-03   -7.3915112532e-17
    2.6996738743e-03   -6.3304112426e-17
    2.7094443794e-03   -5.4173011228e-17
    2.7199555188e-03   -4.5813722481e-17
    2.7294731699e-03   -3.9362104132e-17
    2.7398141101e-03   -3.3377227407e-17
    2.7495711111e-03   -2.8566470696e-17
    2.7592917904e-03   -2.4462888889e-17
    2.7697796468e-03   -2.0693511210e-17
    2.7793236077e-03   -1.7770340952e-17
    2.7893041261e-03   -1.5153811510e-17
    2.7994886041e-03   -1.2880390796e-17
    2.8094514273e-03   -1.0986631921e-17
    2.8192086611e-03   -9.4019813421e-18
    2.8293011710e-03   -8.0027672857e-18
    2.8397461865e-03   -6.7734362747e-18
    2.8498389293e-03   -5.7651912027e-18
    2.8595710173e-03   -4.9352742767e-18
    2.8696637601e-03   -4.2004901522e-18
    2.8791178484e-03   -3.6116885165e-18
    2.8892103583e-03   -3.0738412066e-18
    2.8998849448e-03   -2.5918112172e-18
    2.9093327466e-03   -2.2285829753e-18
    2.9194252566e-03   -1.8965516435e-18
    2.9295179993e-03   -1.6139362882e-18
    2.9396105092e-03   -1.3733889607e-18
    2.9497032519e-03   -1.1686553485e-18
    2.9597959947e-03   -9.9441068302e-19
    2.9698885046e-03   -8.4612113573e-19
    2.9793891590e-03   -7.2677934266e-19
    2.9899931978e-03   -6.1332619667e-19
    2.9996333178e-03   -5.2561909895e-19
    3.0095723923e-03   -4.4829430698e-19
    3.0192923732e-03   -3.8367911928e-19
    3.0290123541e-03   -3.2837064405e-19
    3.0399472453e-03   -2.7561303874e-19
    3.0493761878e-03   -2.3697426910e-19
    3.0599802267e-03   -1.9994808807e-19
    3.0694403686e-03   -1.7182442546e-19
    3.0796655919e-03   -1.4585339699e-19
    3.0898910481e-03   -1.2380506578e-19
    3.0994347762e-03   -1.0624207621e-19
    3.1096602324e-03   -9.0177698804e-20
    3.1196919736e-03   -7.6778852758e-20
    3.1294038054e-03   -6.5705385898e-20
    3.1391226221e-03   -5.6221307811e-20
    3.1490530819e-03   -4.7942247699e-20
    3.1596571207e-03   -4.0441787495e-20
    3.1696353108e-03   -3.4458192357e-20
    3.1790640205e-03   -2.9619369950e-20
    3.1896680593e-03   -2.4983570301e-20
    3.1993081793e-03   -2.1401464658e-20
    3.2090446912e-03   -1.8304225795e-20
    3.2199474517e-03   -1.5364398433e-20
    3.2296658028e-03   -1.3144139848e-20
    3.2391333953e-03   -1.1289905453e-20
    3.2497376669e-03   -9.5216291791e-21
    3.2593775541e-03   -8.1554773895e-21
    3.2695673872e-03   -6.9237941483e-21
    3.2797090244e-03   -5.8825482405e-21
    3.2893491443e-03   -5.0382387693e-21
    3.2999531832e-03   -4.2486706408e-21
    3.3095933031e-03   -3.6387093535e-21
    3.3188189846e-03   -3.1370846945e-21
    3.3297524787e-03   -2.6312970714e-21
    3.3394712955e-03   -2.2505461990e-21
    3.3491901122e-03   -1.9248511029e-21
    3.3589089289e-03   -1.6462565313e-21
    3.3698424231e-03   -1.3807031809e-21
    3.3793104813e-03   -1.1855948822e-21
    3.3899145201e-03   -9.9959576856e-22
    3.3995546401e-03   -8.5593826548e-22
    3.4092820715e-03   -7.3188510449e-22
    3.4190008882e-03   -6.2588845212e-22
    3.4299343824e-03   -5.2486684886e-22
    3.4396529663e-03   -4.4883605616e-22
    3.4495438449e-03   -3.8274839448e-22
    3.4591839649e-03   -3.2770609814e-22
    3.4697880037e-03   -2.7625015279e-22
    3.4794281237e-03   -2.3651281824e-22
    3.4890682437e-03   -2.0248713956e-22
    3.4996722825e-03   -1.7068025524e-22
    3.5093124025e-03   -1.4611855977e-22
    3.5195411183e-03   -1.2390708920e-22
    3.5292592365e-03   -1.0593774655e-22
    3.5389771219e-03   -9.0572162376e-23
    3.5491187591e-03   -7.6906018096e-23
    3.5597227979e-03   -6.4814629508e-23
    3.5693629179e-03   -5.5478851970e-23
    3.5799669567e-03   -4.6753542332e-23
    3.5896070767e-03   -4.0017080409e-23
    3.5997966770e-03   -3.3947830729e-23
    3.6095143296e-03   -2.9018522922e-23
    3.6192319822e-03   -2.4804298593e-23
    3.6298360210e-03   -2.0900113955e-23
    3.6394761410e-03   -1.7886277178e-23
    3.6499553826e-03   -1.5100531642e-23
    3.6596730351e-03   -1.2906101253e-23
    3.6693906877e-03   -1.1030262596e-23
    3.6791083403e-03   -9.4268041981e-24
    3.6888259929e-03   -8.0562135956e-24
    3.6997585557e-03   -6.7507742263e-24
    3.7098999601e-03   -5.7295042488e-24
    3.7195400801e-03   -4.9021867689e-24
    3.7291802000e-03   -4.1942069834e-24
    3.7397842389e-03   -3.5328121954e-24
    3.7494243588e-03   -3.0224036097e-24
    3.7590644788e-03   -2.5856564888e-24
    3.7687914446e-03   -2.2088381448e-24
    3.7798970006e-03   -1.8452115272e-24
    3.7895371206e-03   -1.5784201496e-24
    3.7991772406e-03   -1.3501633452e-24
    3.8097812794e-03   -1.1369771369e-24
    3.8195177913e-03   -9.7097950317e-25
    3.8291872479e-03   -8.3009515777e-25
    3.8389049005e-03   -7.0907699238e-25
    3.8496016059e-03   -5.9614159443e-25
    3.8598270621e-03   -5.0502204620e-25
    3.8693707902e-03   -4.3257463839e-25
    3.8795962464e-03   -3.6643281766e-25
    3.8898217026e-03   -3.1039379063e-25
    3.8993654307e-03   -2.6584218075e-25
    3.9095906541e-03   -2.2517193910e-25
    3.9198161103e-03   -1.9071739135e-25
    3.9293598384e-03   -1.6332839957e-25
    3.9395852946e-03   -1.3832809093e-25
    3.9498107508e-03   -1.1715072550e-25
    3.9593544789e-03   -1.0031777731e-25
    3.9695799351e-03   -8.4954267450e-26
    3.9798053913e-03   -7.1941230283e-26
    3.9893491194e-03   -6.1598573563e-26
    3.9995745756e-03   -5.2159593987e-26
    4.0098000318e-03   -4.4165545663e-26
    4.0193437599e-03   -3.7812660822e-26
    4.0295692161e-03   -3.2015488430e-26
    4.0397946723e-03   -2.7106234454e-26
    4.0493384004e-03   -2.3205181692e-26
    4.0595638566e-03   -1.9645662561e-26
    4.0697893128e-03   -1.6631613013e-26
    4.0793330409e-03   -1.4236799246e-26
    4.0895584971e-03   -1.2051884109e-26
    4.0997839533e-03   -1.0201976012e-26
    4.1093276814e-03   -8.7322487977e-27
    4.1195531376e-03   -7.3914394815e-27
    4.1297785938e-03   -6.2563183279e-27
    4.1393223219e-03   -5.3545613353e-27
    4.1495477781e-03   -4.5319847153e-27
    4.1594114155e-03   -3.8583737690e-27
    4.1690515354e-03   -3.2968064936e-27
    4.1796555743e-03   -2.7729314005e-27
    4.1893920861e-03   -2.3654947578e-27
    4.1999961250e-03   -1.9894890992e-27
    4.2096362449e-03   -1.6997419910e-27
    4.2192763649e-03   -1.4521517558e-27
    4.2298804037e-03   -1.2212076221e-27
    4.2395205237e-03   -1.0432584360e-27
    4.2491606437e-03   -8.9121214100e-28
    4.2597646825e-03   -7.4940009326e-28
    4.2694048025e-03   -6.4014016158e-28
    4.2790449224e-03   -5.4679592237e-28
    4.2896489613e-03   -4.5974701852e-28
    4.2992890812e-03   -3.9268849712e-28
    4.3094786815e-03   -3.3240181022e-28
    4.3191188015e-03   -2.8390374051e-28
    4.3297228403e-03   -2.3868030541e-28
    4.3393629603e-03   -2.0384528829e-28
    4.3499669991e-03   -1.7136466033e-28
    4.3596071191e-03   -1.4634727572e-28
    4.3692472391e-03   -1.2497961262e-28
    4.3796873651e-03   -1.0534008646e-28
    4.3896171264e-03   -8.9530362268e-29
    4.3992572464e-03   -7.6453478502e-29
    4.4098612852e-03   -6.4262155380e-29
    4.4191260822e-03   -5.5211987885e-29
    4.4288439676e-03   -4.7084217454e-29
    4.4395262375e-03   -3.9522501908e-29
    4.4491663575e-03   -3.3745726198e-29
    4.4597703964e-03   -2.8360762879e-29
    4.4694105163e-03   -2.4214158972e-29
    4.4790506363e-03   -2.0673332255e-29
    4.4897235930e-03   -1.7353388638e-29
    4.4999490492e-03   -1.4673610593e-29
    4.5098606497e-03   -1.2471426311e-29
    4.5195007697e-03   -1.0646917643e-29
    4.5291408896e-03   -9.0891728419e-30
    4.5397449285e-03   -7.6374106114e-30
    4.5494814403e-03   -6.5094378297e-30
    4.5598256402e-03   -5.4928910038e-30
    4.5688003302e-03   -4.7403824024e-30
    4.5797340572e-03   -3.9614483119e-30
    4.5894528739e-03   -3.3771467455e-30
    4.5991716906e-03   -2.8789865336e-30
    4.6096034348e-03   -2.4256952233e-30
    4.6192435548e-03   -2.0704960012e-30
    4.6298475936e-03   -1.7395192979e-30
    4.6394877136e-03   -1.4847545953e-30
    4.6491278335e-03   -1.2672849431e-30
    4.6598194167e-03   -1.0631278114e-30
    4.6698590741e-03   -9.0145276341e-31
    4.6794028021e-03   -7.7060538391e-31
    4.6897139400e-03   -6.5048504865e-31
    4.6993540600e-03   -5.5517013623e-31
    4.7099580988e-03   -4.6636572278e-31
    4.7195982188e-03   -3.9801787329e-31
    4.7292383388e-03   -3.3968201481e-31
    4.7398423776e-03   -2.8533348019e-31
    4.7493190505e-03   -2.4416108525e-31
    4.7590387985e-03   -2.0809423844e-31
    4.7699734569e-03   -1.7384315425e-31
    4.7796932049e-03   -1.4815785036e-31
    4.7894129530e-03   -1.2626509093e-31
    4.7990926541e-03   -1.0767585853e-31
    4.8096003011e-03   -9.0579404037e-32
    4.8195123672e-03   -7.6946749363e-32
    4.8291524872e-03   -6.5657554349e-32
    4.8397565261e-03   -5.5141534866e-32
    4.8493966460e-03   -4.7049537550e-32
    4.8593357205e-03   -3.9947147785e-32
    4.8690559343e-03   -3.4038437268e-32
    4.8794490285e-03   -2.8683416917e-32
    4.8890891485e-03   -2.4471970368e-32
    4.8996931873e-03   -2.0549410371e-32
    4.9097039737e-03   -1.7424680431e-32
    4.9195010215e-03   -1.4826765917e-32
    4.9291541800e-03   -1.2645783086e-32
    4.9388753250e-03   -1.0773323441e-32
    4.9493089318e-03   -9.0705897515e-33
    4.9599129707e-03   -7.6153012965e-33
    4.9695530906e-03   -6.4957568034e-33
    4.9791932106e-03   -5.5406342152e-33
    4.9896342680e-03   -4.6637411435e-33
    4.9992743880e-03   -3.9777432115e-33
    5.0091389567e-03   -3.3799955179e-33
    5.0191693008e-03   -2.8641331281e-33
    5.0288909115e-03   -2.4393351836e-33
    5.0398274325e-03   -2.0361848860e-33
    5.0495490432e-03   -1.7340611647e-33
    5.0592706539e-03   -1.4767156047e-33
    5.0689922646e-03   -1.2575191528e-33
    5.0796782598e-03   -1.0538919398e-33
    5.0893183798e-03   -8.9860904421e-34
    5.0999224186e-03   -7.5406291199e-34
    5.1094000228e-03   -6.4464895393e-34
    5.1191216335e-03   -5.4886893954e-34
    5.1288441755e-03   -4.6730538138e-34
    5.1397816278e-03   -3.8992773105e-34
    5.1495037042e-03   -3.3196293371e-34
    5.1592257805e-03   -2.8260730087e-34
    5.1689483225e-03   -2.4058360742e-34
    5.1792906597e-03   -2.0271241664e-34
    5.1893829368e-03   -1.7150565893e-34
    5.1987944171e-03   -1.4674647627e-34
    5.2097323351e-03   -1.2242284640e-34
    5.2194553427e-03   -1.0420574897e-34
    5.2291778848e-03   -8.8697431337e-35
    5.2396133542e-03   -7.4608821597e-35
    5.2492534742e-03   -6.3589549290e-35
    5.2596954629e-03   -5.3481089954e-35
    5.2694184706e-03   -4.5517649521e-35
    5.2791414782e-03   -3.8739130926e-35
    5.2888644859e-03   -3.2969356380e-35
    5.2995104343e-03   -2.7632218857e-35
    5.3091505542e-03   -2.3548130761e-35
    5.3197545931e-03   -1.9748824538e-35
    5.3293947130e-03   -1.6829222013e-35
    5.3399987519e-03   -1.4113329272e-35
    5.3496388718e-03   -1.2026375514e-35
    5.3592789918e-03   -1.0247825441e-35
    5.3699794225e-03   -8.5797297936e-36
    5.3796540014e-03   -7.3063811343e-36
    5.3893360309e-03   -6.2211567714e-36
    5.3999405354e-03   -5.2165112405e-36
    5.4092551582e-03   -4.4687127319e-36
    5.4195336998e-03   -3.7672237072e-36
    5.4291738197e-03   -3.2096599178e-36
    5.4397778586e-03   -2.6911050490e-36
    5.4494179785e-03   -2.2927156714e-36
    5.4596504197e-03   -1.9341145606e-36
    5.4695424624e-03   -1.6408404147e-36
    5.4791821167e-03   -1.3978383109e-36
    5.4894150235e-03   -1.1791145886e-36
    5.4991403595e-03   -1.0030280065e-36
    5.5088652298e-03   -8.5321552399e-37
    5.5198059417e-03   -7.1122775758e-37
    5.5295312777e-03   -6.0496355076e-37
    5.5392561480e-03   -5.1456163899e-37
    5.5489819497e-03   -4.3765627171e-37
    5.5599231273e-03   -3.6477568026e-37
    5.5696484633e-03   -3.1023801843e-37
    5.5793742649e-03   -2.6384674358e-37
    5.5891000666e-03   -2.2438617882e-37
    5.5988258682e-03   -1.9082194169e-37
    5.6097675115e-03   -1.5901939457e-37
    5.6194933131e-03   -1.3522488702e-37
    5.6291334331e-03   -1.1515262056e-37
    5.6397374719e-03   -9.6493871879e-38
    5.6497198530e-03   -8.1699001929e-38
    5.6594461203e-03   -6.9466170803e-38
    5.6693810038e-03   -5.8858128431e-38
    5.6799850427e-03   -4.9315084102e-38
    5.6899241172e-03   -4.1779172813e-38
    5.6996508501e-03   -3.5519454863e-38
    5.7093775831e-03   -3.0196821631e-38
    5.7191043161e-03   -2.5671132059e-38
    5.7288315147e-03   -2.1823181890e-38
    5.7397307828e-03   -1.8191907496e-38
    5.7493709028e-03   -1.5486769475e-38
    5.7599749416e-03   -1.2973019396e-38
    5.7696150616e-03    0.0000000000e+00
    5.7792551816e-03    0.0000000000e+00
    5.7896981016e-03    0.0000000000e+00
    5.7994257659e-03    0.0000000000e+00
    5.8090658858e-03    0.0000000000e+00
    5.8196699247e-03    0.0000000000e+00
    5.8288965374e-03    0.0000000000e+00
    5.8398405090e-03    0.0000000000e+00
    5.8495686390e-03    0.0000000000e+00
    5.8592963032e-03    0.0000000000e+00
    5.8690244332e-03    0.0000000000e+00
    5.8792126365e-03    0.0000000000e+00
    5.8898166753e-03    0.0000000000e+00
    5.8994567953e-03    0.0000000000e+00
    5.9090969153e-03    0.0000000000e+00
    5.9197009541e-03    0.0000000000e+00
    5.9293410741e-03    0.0000000000e+00
    5.9399455786e-03    0.0000000000e+00
    5.9494688176e-03    0.0000000000e+00
    5.9599531814e-03    0.0000000000e+00
    5.9691281058e-03    0.0000000000e+00
    5.9797321446e-03    0.0000000000e+00
    5.9893722646e-03    0.0000000000e+00
    5.9998603538e-03    0.0000000000e+00
    6.0097523965e-03    0.0000000000e+00
    6.0193925165e-03    0.0000000000e+00
    6.0299965553e-03    0.0000000000e+00
    6.0396366753e-03    0.0000000000e+00
    6.0492767952e-03    0.0000000000e+00
    6.0598808341e-03    0.0000000000e+00
    6.0695209540e-03    0.0000000000e+00
    6.0791610740e-03    0.0000000000e+00
    6.0897651128e-03    0.0000000000e+00
    6.0994052328e-03    0.0000000000e+00
    6.1090453528e-03    0.0000000000e+00
    6.1196493916e-03    0.0000000000e+00
    6.1292895116e-03    0.0000000000e+00
    6.1398935504e-03    0.0000000000e+00
    6.1495336704e-03    0.0000000000e+00
    6.1591737904e-03    0.0000000000e+00
    6.1694057658e-03    0.0000000000e+00
    6.1799632385e-03    0.0000000000e+00
    6.1896033585e-03    0.0000000000e+00
    6.1992434785e-03    0.0000000000e+00
    6.2098475173e-03    0.0000000000e+00
    6.2194876373e-03    0.0000000000e+00
    6.2291277573e-03    0.0000000000e+00
    6.2397317961e-03    0.0000000000e+00
    6.2493719161e-03    0.0000000000e+00
    6.2599764206e-03    0.0000000000e+00
    6.2699606642e-03    0.0000000000e+00
    6.2796915881e-03    0.0000000000e+00
    6.2895840965e-03    0.0000000000e+00
    6.2998207286e-03    0.0000000000e+00
    6.3095516525e-03    0.0000000000e+00
    6.3192825764e-03    0.0000000000e+00
    6.3298135065e-03    0.0000000000e+00
    6.3390866853e-03    0.0000000000e+00
    6.3488176093e-03    0.0000000000e+00
    6.3596740365e-03    0.0000000000e+00
    6.3693141565e-03    0.0000000000e+00
    6.3792532310e-03    0.0000000000e+00
    6.3896505162e-03    0.0000000000e+00
    6.3992906362e-03    0.0000000000e+00
    6.4098946750e-03    0.0000000000e+00
    6.4195347950e-03    0.0000000000e+00
    6.4297262579e-03    0.0000000000e+00
    6.4397552051e-03    0.0000000000e+00
    6.4498339780e-03    0.0000000000e+00
    6.4594256692e-03    0.0000000000e+00
    6.4698364586e-03    0.0000000000e+00
    6.4796209335e-03    0.0000000000e+00
    6.4893672243e-03    0.0000000000e+00
    6.4996611327e-03    0.0000000000e+00
    6.5095736645e-03    0.0000000000e+00
    6.5198671073e-03    0.0000000000e+00
    6.5294108354e-03    0.0000000000e+00
    6.5393913537e-03    0.0000000000e+00
    6.5488712862e-03    0.0000000000e+00
    6.5597733483e-03    0.0000000000e+00
    6.5699988045e-03    0.0000000000e+00
    6.5795425326e-03    0.0000000000e+00
    6.5897679888e-03    0.0000000000e+00
    6.5999934450e-03    0.0000000000e+00
    6.6095371731e-03    0.0000000000e+00
    6.6197626293e-03    0.0000000000e+00
    6.6299568862e-03    0.0000000000e+00
    6.6398954950e-03    0.0000000000e+00
    6.6495356150e-03    0.0000000000e+00
    6.6591757350e-03    0.0000000000e+00
    6.6697797738e-03    0.0000000000e+00
    6.6794198938e-03    0.0000000000e+00
    6.6890600137e-03    0.0000000000e+00
    6.6996640526e-03    0.0000000000e+00
    6.7093041725e-03    0.0000000000e+00
    6.7190406844e-03    0.0000000000e+00
    6.7296405323e-03    0.0000000000e+00
    6.7392806523e-03    0.0000000000e+00
    6.7498846911e-03    0.0000000000e+00
    6.7595248111e-03    0.0000000000e+00
    6.7691649310e-03    0.0000000000e+00
    6.7799063399e-03    0.0000000000e+00
    6.7896377295e-03    0.0000000000e+00
    6.7997826263e-03    0.0000000000e+00
    6.8094227463e-03    0.0000000000e+00
    6.8190628663e-03    0.0000000000e+00
    6.8290471099e-03    0.0000000000e+00
    6.8399040028e-03    0.0000000000e+00
    6.8495436572e-03    0.0000000000e+00
    6.8591837771e-03    0.0000000000e+00
    6.8697882816e-03    0.0000000000e+00
    6.8797268905e-03    0.0000000000e+00
    6.8899174221e-03    0.0000000000e+00
    6.8995575421e-03    0.0000000000e+00
    6.9091976620e-03    0.0000000000e+00
    6.9189341739e-03    0.0000000000e+00
    6.9298320450e-03    0.0000000000e+00
    6.9395634346e-03    0.0000000000e+00
    6.9492948242e-03    0.0000000000e+00
    6.9590262137e-03    0.0000000000e+00
    6.9692167453e-03    0.0000000000e+00
    6.9798212498e-03    0.0000000000e+00
    6.9894609042e-03    0.0000000000e+00
    6.9991010241e-03    0.0000000000e+00
    7.0097055286e-03    0.0000000000e+00
    7.0189782418e-03    0.0000000000e+00
    7.0299264044e-03    0.0000000000e+00
    7.0396582596e-03    0.0000000000e+00
    7.0490916260e-03    0.0000000000e+00
    7.0596956648e-03    0.0000000000e+00
    7.0693357848e-03    0.0000000000e+00
    7.0799398236e-03    0.0000000000e+00
    7.0895799436e-03    0.0000000000e+00
    7.0992200635e-03    0.0000000000e+00
    7.1099204943e-03    0.0000000000e+00
    7.1196025237e-03    0.0000000000e+00
    7.1297474205e-03    0.0000000000e+00
    7.1393875405e-03    0.0000000000e+00
    7.1499915794e-03    0.0000000000e+00
    7.1597280912e-03    0.0000000000e+00
    7.1694101207e-03    0.0000000000e+00
    7.1793026291e-03    0.0000000000e+00
    7.1899066679e-03    0.0000000000e+00
    7.1995467879e-03    0.0000000000e+00
    7.2091869079e-03    0.0000000000e+00
    7.2196307592e-03    0.0000000000e+00
    7.2297756560e-03    0.0000000000e+00
    7.2394157760e-03    0.0000000000e+00
    7.2488957085e-03    0.0000000000e+00
    7.2598969564e-03    0.0000000000e+00
    7.2694406845e-03    0.0000000000e+00
    7.2798514739e-03    0.0000000000e+00
    7.2899963707e-03    0.0000000000e+00
    7.2996364906e-03    0.0000000000e+00
    7.3092766106e-03    0.0000000000e+00
    7.3198806494e-03    0.0000000000e+00
    7.3296171613e-03    0.0000000000e+00
    7.3392991908e-03    0.0000000000e+00
    7.3496964760e-03    0.0000000000e+00
    7.3593365960e-03    0.0000000000e+00
    7.3699406348e-03    0.0000000000e+00
    7.3795807548e-03    0.0000000000e+00
    7.3892208748e-03    0.0000000000e+00
    7.3998249136e-03    0.0000000000e+00
    7.4094650336e-03    0.0000000000e+00
    7.4191051535e-03    0.0000000000e+00
    7.4292966165e-03    0.0000000000e+00
    7.4398522265e-03    0.0000000000e+00
    7.4494676664e-03    0.0000000000e+00
    7.4590719305e-03    0.0000000000e+00
    7.4692168273e-03    0.0000000000e+00
    7.4798208661e-03    0.0000000000e+00
    7.4890935794e-03    0.0000000000e+00
    7.4999956414e-03    0.0000000000e+00
    7.5096357614e-03    0.0000000000e+00
    7.5192758814e-03    0.0000000000e+00
    7.5298799202e-03    0.0000000000e+00
    7.5393547304e-03    0.0000000000e+00
    7.5499000959e-03    0.0000000000e+00
    7.5596324168e-03    0.0000000000e+00
    7.5697768480e-03    0.0000000000e+00
    7.5794169679e-03    0.0000000000e+00
    7.5890570879e-03    0.0000000000e+00
    7.5996611267e-03    0.0000000000e+00
    7.6093012467e-03    0.0000000000e+00
    7.6199742034e-03    0.0000000000e+00
    7.6290392317e-03    0.0000000000e+00
    7.6396432705e-03    0.0000000000e+00
    7.6492833905e-03    0.0000000000e+00
    7.6598874293e-03    0.0000000000e+00
    7.6695275493e-03    0.0000000000e+00
    7.6791676693e-03    0.0000000000e+00
    7.6898406260e-03    0.0000000000e+00
    7.6997042634e-03    0.0000000000e+00
    7.7093443833e-03    0.0000000000e+00
    7.7199484222e-03    0.0000000000e+00
    7.7298604883e-03    0.0000000000e+00
    7.7397720888e-03    0.0000000000e+00
    7.7494122088e-03    0.0000000000e+00
    7.7590523288e-03    0.0000000000e+00
    7.7696563676e-03    0.0000000000e+00
    7.7793654054e-03    0.0000000000e+00
    7.7895908616e-03    0.0000000000e+00
    7.7994544990e-03    0.0000000000e+00
    7.8090946190e-03    0.0000000000e+00
    7.8196981922e-03    0.0000000000e+00
    7.8293383121e-03    0.0000000000e+00
    7.8399423510e-03    0.0000000000e+00
    7.8496029601e-03    0.0000000000e+00
    7.8590465710e-03    0.0000000000e+00
    7.8697828576e-03    0.0000000000e+00
    7.8793661669e-03    0.0000000000e+00
    7.8899702057e-03    0.0000000000e+00
    7.8996103257e-03    0.0000000000e+00
    7.9092504457e-03    0.0000000000e+00
    7.9195722938e-03    0.0000000000e+00
    7.9297982156e-03    0.0000000000e+00
    7.9392623156e-03    0.0000000000e+00
    7.9498663545e-03    0.0000000000e+00
    7.9599739984e-03    0.0000000000e+00
    7.9694185406e-03    0.0000000000e+00
    7.9790474847e-03    0.0000000000e+00
    7.9896515235e-03    0.0000000000e+00
    7.9993270338e-03    0.0000000000e+00
    8.0094840378e-03    0.0000000000e+00
    8.0196298659e-03    0.0000000000e+00
    8.0292699859e-03    0.0000000000e+00
    8.0398255959e-03    0.0000000000e+00
    8.0493697897e-03    0.0000000000e+00
    8.0596804619e-03    0.0000000000e+00
    8.0693205819e-03    0.0000000000e+00
    8.0799246207e-03    0.0000000000e+00
    8.0899158493e-03    0.0000000000e+00
    8.0994600430e-03    0.0000000000e+00
    8.1097539514e-03    0.0000000000e+00
    8.1199789420e-03    0.0000000000e+00
    8.1297252327e-03    0.0000000000e+00
    8.1393653527e-03    0.0000000000e+00
    8.1499693915e-03    0.0000000000e+00
    8.1596095115e-03    0.0000000000e+00
    8.1694843248e-03    0.0000000000e+00
    8.1797093153e-03    0.0000000000e+00
    8.1899352372e-03    0.0000000000e+00
    8.1995641813e-03    0.0000000000e+00
    8.2092043012e-03    0.0000000000e+00
    8.2198083401e-03    0.0000000000e+00
    8.2294484600e-03    0.0000000000e+00
    8.2390885800e-03    0.0000000000e+00
    8.2496926188e-03    0.0000000000e+00
    8.2595190033e-03    0.0000000000e+00
    8.2697449252e-03    0.0000000000e+00
    8.2799699157e-03    0.0000000000e+00
    8.2895141095e-03    0.0000000000e+00
    8.2997391000e-03    0.0000000000e+00
    8.3093205467e-03    0.0000000000e+00
    8.3195455372e-03    0.0000000000e+00
    8.3297714591e-03    0.0000000000e+00
    8.3399964496e-03    0.0000000000e+00
    8.3495406434e-03    0.0000000000e+00
    8.3597656339e-03    0.0000000000e+00
    8.3699915558e-03    0.0000000000e+00
    8.3795348182e-03    0.0000000000e+00
    8.3897607401e-03    0.0000000000e+00
    8.3999857306e-03    0.0000000000e+00
    8.4095299244e-03    0.0000000000e+00
    8.4197549149e-03    0.0000000000e+00
    8.4299808368e-03    0.0000000000e+00
    8.4395240992e-03    0.0000000000e+00
    8.4497500211e-03    0.0000000000e+00
    8.4597300738e-03    0.0000000000e+00
    8.4693701938e-03    0.0000000000e+00
    8.4799742326e-03    0.0000000000e+00
    8.4898490459e-03    0.0000000000e+00
    8.4990793839e-03    0.0000000000e+00
    8.5096834227e-03    0.0000000000e+00
    8.5193235427e-03    0.0000000000e+00
    8.5299275815e-03    0.0000000000e+00
    8.5396841168e-03    0.0000000000e+00
    8.5494313389e-03    0.0000000000e+00
    8.5590714589e-03    0.0000000000e+00
    8.5696270689e-03    0.0000000000e+00
    8.5798520595e-03    0.0000000000e+00
    8.5899988189e-03    0.0000000000e+00
    8.5995309055e-03    0.0000000000e+00
    8.6095705628e-03    0.0000000000e+00
    8.6197955534e-03    0.0000000000e+00
    8.6293397471e-03    0.0000000000e+00
    8.6394855753e-03    0.0000000000e+00
    8.6494432762e-03    0.0000000000e+00
    8.6590833962e-03    0.0000000000e+00
    8.6694741622e-03    0.0000000000e+00
    8.6792288348e-03    0.0000000000e+00
    8.6897769943e-03    0.0000000000e+00
    8.6994171143e-03    0.0000000000e+00
    8.7090572342e-03    0.0000000000e+00
    8.7196612731e-03    0.0000000000e+00
    8.7293703109e-03    0.0000000000e+00
    8.7395953014e-03    0.0000000000e+00
    8.7498212233e-03    0.0000000000e+00
    8.7598012760e-03    0.0000000000e+00
    8.7694413960e-03    0.0000000000e+00
    8.7790815160e-03    0.0000000000e+00
    8.7896855548e-03    0.0000000000e+00
    8.7993256748e-03    0.0000000000e+00
    8.8097164407e-03    0.0000000000e+00
    8.8199423626e-03    0.0000000000e+00
    8.8294856250e-03    0.0000000000e+00
    8.8397115469e-03    0.0000000000e+00
    8.8493227959e-03    0.0000000000e+00
    8.8595664129e-03    0.0000000000e+00
    8.8694300503e-03    0.0000000000e+00
    8.8790701702e-03    0.0000000000e+00
    8.8896742091e-03    0.0000000000e+00
    8.8993143290e-03    0.0000000000e+00
    8.9099183679e-03    0.0000000000e+00
    8.9195584878e-03    0.0000000000e+00
    8.9298319072e-03    0.0000000000e+00
    8.9393751696e-03    0.0000000000e+00
    8.9499689639e-03    0.0000000000e+00
    8.9596090838e-03    0.0000000000e+00
    8.9692492038e-03    0.0000000000e+00
    8.9798532426e-03    0.0000000000e+00
    8.9894933626e-03    0.0000000000e+00
    8.9991334826e-03    0.0000000000e+00
    9.0095242485e-03    0.0000000000e+00
    9.0191541240e-03    0.0000000000e+00
    9.0297581628e-03    0.0000000000e+00
    9.0398658067e-03    0.0000000000e+00
    9.0494100004e-03    0.0000000000e+00
    9.0596349910e-03    0.0000000000e+00
    9.0698609129e-03    0.0000000000e+00
    9.0794041753e-03    0.0000000000e+00
    9.0896980837e-03    0.0000000000e+00
    9.0993279591e-03    0.0000000000e+00
    9.1098835692e-03    0.0000000000e+00
    9.1194957495e-03    0.0000000000e+00
    9.1295018792e-03    0.0000000000e+00
    9.1391419992e-03    0.0000000000e+00
    9.1494163498e-03    0.0000000000e+00
    9.1596413404e-03    0.0000000000e+00
    9.1698672622e-03    0.0000000000e+00
    9.1794105247e-03    0.0000000000e+00
    9.1893225908e-03    0.0000000000e+00
    9.1999843717e-03    0.0000000000e+00
    9.2096934095e-03    0.0000000000e+00
    9.2199193314e-03    0.0000000000e+00
    9.2294625938e-03    0.0000000000e+00
    9.2396885157e-03    0.0000000000e+00
    9.2499135062e-03    0.0000000000e+00
    9.2594577000e-03    0.0000000000e+00
    9.2696826905e-03    0.0000000000e+00
    9.2795947567e-03    0.0000000000e+00
    9.2894099653e-03    0.0000000000e+00
    9.2999171466e-03    0.0000000000e+00
    9.3094613403e-03    0.0000000000e+00
    9.3196863309e-03    0.0000000000e+00
    9.3299122527e-03    0.0000000000e+00
    9.3392105773e-03    0.0000000000e+00
    9.3498146161e-03    0.0000000000e+00
    9.3594547361e-03    0.0000000000e+00
    9.3690948561e-03    0.0000000000e+00
    9.3796988949e-03    0.0000000000e+00
    9.3893390149e-03    0.0000000000e+00
    9.3998471275e-03    0.0000000000e+00
    9.4093913212e-03    0.0000000000e+00
    9.4196163118e-03    0.0000000000e+00
    9.4298422337e-03    0.0000000000e+00
    9.4393854961e-03    0.0000000000e+00
    9.4496114179e-03    0.0000000000e+00
    9.4598364085e-03    0.0000000000e+00
    9.4693806022e-03    0.0000000000e+00
    9.4796055928e-03    0.0000000000e+00
    9.4898305833e-03    0.0000000000e+00
    9.4993747771e-03    0.0000000000e+00
    9.5095997676e-03    0.0000000000e+00
    9.5198256895e-03    0.0000000000e+00
    9.5291249454e-03    0.0000000000e+00
    9.5397289842e-03    0.0000000000e+00
    9.5499539748e-03    0.0000000000e+00
    9.5594981685e-03    0.0000000000e+00
    9.5697231591e-03    0.0000000000e+00
    9.5799490809e-03    0.0000000000e+00
    9.5894923434e-03    0.0000000000e+00
    9.5997182652e-03    0.0000000000e+00
    9.6099432558e-03    0.0000000000e+00
    9.6194874495e-03    0.0000000000e+00
    9.6297124401e-03    0.0000000000e+00
    9.6399383619e-03    0.0000000000e+00
    9.6498494968e-03    0.0000000000e+00
    9.6593163908e-03    0.0000000000e+00
    9.6694249660e-03    0.0000000000e+00
    9.6796881407e-03    0.0000000000e+00
    9.6893282607e-03    0.0000000000e+00
    9.6996016800e-03    0.0000000000e+00
    9.7093572840e-03    0.0000000000e+00
    9.7194565460e-03    0.0000000000e+00
    9.7292121500e-03    0.0000000000e+00
    9.7394771874e-03    0.0000000000e+00
    9.7497021779e-03    0.0000000000e+00
    9.7599085420e-03    0.0000000000e+00
    9.7694825381e-03    0.0000000000e+00
    9.7797075287e-03    0.0000000000e+00
    9.7899334505e-03    0.0000000000e+00
    9.7994767129e-03    0.0000000000e+00
    9.8094576970e-03    0.0000000000e+00
    9.8196826875e-03    0.0000000000e+00
    9.8299086094e-03    0.0000000000e+00
    9.8394518718e-03    0.0000000000e+00
    9.8496777937e-03    0.0000000000e+00
    9.8597062752e-03    0.0000000000e+00
    9.8699321970e-03    0.0000000000e+00
    9.8794754595e-03    0.0000000000e+00
    9.8897013813e-03    0.0000000000e+00
    9.8999263719e-03    0.0000000000e+00
    9.9094705656e-03    0.0000000000e+00
    9.9196955562e-03    0.0000000000e+00
    9.9299214780e-03    0.0000000000e+00
    9.9394647405e-03    0.0000000000e+00
    9.9496906623e-03    0.0000000000e+00
    9.9599156529e-03    0.0000000000e+00
    9.9694598466e-03    0.0000000000e+00
    9.9797220901e-03    0.0000000000e+00
    9.9893622100e-03    0.0000000000e+00
    9.9998014048e-03    0.0000000000e+00
    1.0009557009e-02    0.0000000000e+00
    1.0019781999e-02    0.0000000000e+00
    1.0029326193e-02    0.0000000000e+00
    1.0039551184e-02    0.0000000000e+00
    1.0049776174e-02    0.0000000000e+00
    1.0059805587e-02    0.0000000000e+00
    1.0069631971e-02    0.0000000000e+00
    1.0079856962e-02    0.0000000000e+00
    1.0089203715e-02    0.0000000000e+00
    1.0099478066e-02    0.0000000000e+00
    1.0109703057e-02    0.0000000000e+00
    1.0119458660e-02    0.0000000000e+00
    1.0129683651e-02    0.0000000000e+00
    1.0139829479e-02    0.0000000000e+00
    1.0149373673e-02    0.0000000000e+00
    1.0159598663e-02    0.0000000000e+00
    1.0169824585e-02    0.0000000000e+00
    1.0179367848e-02    0.0000000000e+00
    1.0189593770e-02    0.0000000000e+00
    1.0199818760e-02    0.0000000000e+00
    1.0209362954e-02    0.0000000000e+00
    1.0219587944e-02    0.0000000000e+00
    1.0229782201e-02    0.0000000000e+00
    1.0239422321e-02    0.0000000000e+00
    1.0249530897e-02    0.0000000000e+00
    1.0259755887e-02    0.0000000000e+00
    1.0269981809e-02    0.0000000000e+00
    1.0279525071e-02    0.0000000000e+00
    1.0289750993e-02    0.0000000000e+00
    1.0299975984e-02    0.0000000000e+00
    1.0309520178e-02    0.0000000000e+00
    1.0319745168e-02    0.0000000000e+00
    1.0329971090e-02    0.0000000000e+00
    1.0339514352e-02    0.0000000000e+00
    1.0349740274e-02    0.0000000000e+00
    1.0359965265e-02    0.0000000000e+00
    1.0369509459e-02    0.0000000000e+00
    1.0379937477e-02    0.0000000000e+00
    1.0389364325e-02    0.0000000000e+00
    1.0399589315e-02    0.0000000000e+00
    1.0409815237e-02    0.0000000000e+00
    1.0419358499e-02    0.0000000000e+00
    1.0429584421e-02    0.0000000000e+00
    1.0439809412e-02    0.0000000000e+00
    1.0449353606e-02    0.0000000000e+00
    1.0459790006e-02    0.0000000000e+00
    1.0469334200e-02    0.0000000000e+00
    1.0479559191e-02    0.0000000000e+00
    1.0489785112e-02    0.0000000000e+00
    1.0499328375e-02    0.0000000000e+00
    1.0509554297e-02    0.0000000000e+00
    1.0519779287e-02    0.0000000000e+00
    1.0529323481e-02    0.0000000000e+00
    1.0539548472e-02    0.0000000000e+00
    1.0549774393e-02    0.0000000000e+00
    1.0559999384e-02    0.0000000000e+00
    1.0569543578e-02    0.0000000000e+00
    1.0579768568e-02    0.0000000000e+00
    1.0589994490e-02    0.0000000000e+00
    1.0599537753e-02    0.0000000000e+00
    1.0609763674e-02    0.0000000000e+00
    1.0619988665e-02    0.0000000000e+00
    1.0629532859e-02    0.0000000000e+00
    1.0639757849e-02    0.0000000000e+00
    1.0649983771e-02    0.0000000000e+00
    1.0659527034e-02    0.0000000000e+00
    1.0669752955e-02    0.0000000000e+00
    1.0679977946e-02    0.0000000000e+00
    1.0689522140e-02    0.0000000000e+00
    1.0699747130e-02    0.0000000000e+00
    1.0709972121e-02    0.0000000000e+00
    1.0719516315e-02    0.0000000000e+00
    1.0729741305e-02    0.0000000000e+00
    1.0739967227e-02    0.0000000000e+00
    1.0749510489e-02    0.0000000000e+00
    1.0759736411e-02    0.0000000000e+00
    1.0769961402e-02    0.0000000000e+00
    1.0779505596e-02    0.0000000000e+00
    1.0789730586e-02    0.0000000000e+00
    1.0799956508e-02    0.0000000000e+00
    1.0809499770e-02    0.0000000000e+00
    1.0819725692e-02    0.0000000000e+00
    1.0829950683e-02    0.0000000000e+00
    1.0839494877e-02    0.0000000000e+00
    1.0849719867e-02    0.0000000000e+00
    1.0859945789e-02    0.0000000000e+00
    1.0869489051e-02    0.0000000000e+00
    1.0879714973e-02    0.0000000000e+00
    1.0889939964e-02    0.0000000000e+00
    1.0899484158e-02    0.0000000000e+00
    1.0909709148e-02    0.0000000000e+00
    1.0919935070e-02    0.0000000000e+00
    1.0929478332e-02    0.0000000000e+00
    1.0939704254e-02    0.0000000000e+00
    1.0949929245e-02    0.0000000000e+00
    1.0959473439e-02    0.0000000000e+00
    1.0969698429e-02    0.0000000000e+00
    1.0979924351e-02    0.0000000000e+00
    1.0989467613e-02    0.0000000000e+00
    1.0999693535e-02    0.0000000000e+00
    1.1009918526e-02    0.0000000000e+00
    1.1019462720e-02    0.0000000000e+00
    1.1029687710e-02    0.0000000000e+00
    1.1039913632e-02    0.0000000000e+00
    1.1049456894e-02    0.0000000000e+00
    1.1059682816e-02    0.0000000000e+00
    1.1069907807e-02    0.0000000000e+00
    1.1079452001e-02    0.0000000000e+00
    1.1089676991e-02    0.0000000000e+00
    1.1099902913e-02    0.0000000000e+00
    1.1109446175e-02    0.0000000000e+00
    1.1119672097e-02    0.0000000000e+00
    1.1129897088e-02    0.0000000000e+00
    1.1139441282e-02    0.0000000000e+00
    1.1149666272e-02    0.0000000000e+00
    1.1159892194e-02    0.0000000000e+00
    1.1169435456e-02    0.0000000000e+00
    1.1179661378e-02    0.0000000000e+00
    1.1189886369e-02    0.0000000000e+00
    1.1199430563e-02    0.0000000000e+00
    1.1209655553e-02    0.0000000000e+00
    1.1219567619e-02    0.0000000000e+00
    1.1229394004e-02    0.0000000000e+00
    1.1239618994e-02    0.0000000000e+00
    1.1249844916e-02    0.0000000000e+00
    1.1259388179e-02    0.0000000000e+00
    1.1269614100e-02    0.0000000000e+00
    1.1279839091e-02    0.0000000000e+00
    1.1289383285e-02    0.0000000000e+00
    1.1299608275e-02    0.0000000000e+00
    1.1309833266e-02    0.0000000000e+00
    1.1319377460e-02    0.0000000000e+00
    1.1329571716e-02    0.0000000000e+00
    1.1339211836e-02    0.0000000000e+00
    1.1349815875e-02    0.0000000000e+00
    1.1359455995e-02    0.0000000000e+00
    1.1369096115e-02    0.0000000000e+00
    1.1379700154e-02    0.0000000000e+00
    1.1389340274e-02    0.0000000000e+00
    1.1399944313e-02    0.0000000000e+00
    1.1409418657e-02    0.0000000000e+00
    1.1419644579e-02    0.0000000000e+00
    1.1429869570e-02    0.0000000000e+00
    1.1439413764e-02    0.0000000000e+00
    1.1449638754e-02    0.0000000000e+00
    1.1459864676e-02    0.0000000000e+00
    1.1469407938e-02    0.0000000000e+00
    1.1479633860e-02    0.0000000000e+00
    1.1489858851e-02    0.0000000000e+00
    1.1499403045e-02    0.0000000000e+00
    1.1509628035e-02    0.0000000000e+00
    1.1519853957e-02    0.0000000000e+00
    1.1529397219e-02    0.0000000000e+00
    1.1539623141e-02    0.0000000000e+00
    1.1549848132e-02    0.0000000000e+00
    1.1559392326e-02    0.0000000000e+00
    1.1569617316e-02    0.0000000000e+00
    1.1579843238e-02    0.0000000000e+00
    1.1589386500e-02    0.0000000000e+00
    1.1599612422e-02    0.0000000000e+00
    1.1609837413e-02    0.0000000000e+00
    1.1619381607e-02    0.0000000000e+00
    1.1629606597e-02    0.0000000000e+00
    1.1639832519e-02    0.0000000000e+00
    1.1649375781e-02    0.0000000000e+00
    1.1659601703e-02    0.0000000000e+00
    1.1669465341e-02    0.0000000000e+00
    1.1679105461e-02    0.0000000000e+00
    1.1689496227e-02    0.0000000000e+00
    1.1699721217e-02    0.0000000000e+00
    1.1709947139e-02    0.0000000000e+00
    1.1719490401e-02    0.0000000000e+00
    1.1729716323e-02    0.0000000000e+00
    1.1739941314e-02    0.0000000000e+00
    1.1749485508e-02    0.0000000000e+00
    1.1759710498e-02    0.0000000000e+00
    1.1769936420e-02    0.0000000000e+00
    1.1779479682e-02    0.0000000000e+00
    1.1789705604e-02    0.0000000000e+00
    1.1799930595e-02    0.0000000000e+00
    1.1809474789e-02    0.0000000000e+00
    1.1819699779e-02    0.0000000000e+00
    1.1829925701e-02    0.0000000000e+00
    1.1839468963e-02    0.0000000000e+00
    1.1849694885e-02    0.0000000000e+00
    1.1859919876e-02    0.0000000000e+00
    1.1869464070e-02    0.0000000000e+00
    1.1879689060e-02    0.0000000000e+00
    1.1889914051e-02    0.0000000000e+00
    1.1899458244e-02    0.0000000000e+00
    1.1909683235e-02    0.0000000000e+00
    1.1919909157e-02    0.0000000000e+00
    1.1929452419e-02    0.0000000000e+00
    1.1939678341e-02    0.0000000000e+00
    1.1949903332e-02    0.0000000000e+00
    1.1959447525e-02    0.0000000000e+00
    1.1969672516e-02    0.0000000000e+00
    1.1979898438e-02    0.0000000000e+00
    1.1989441700e-02    0.0000000000e+00
    1.1999667622e-02    0.0000000000e+00
    1.2009892613e-02    0.0000000000e+00
    1.2019436806e-02    0.0000000000e+00
    1.2029661797e-02    0.0000000000e+00
    1.2039887719e-02    0.0000000000e+00
    1.2049430981e-02    0.0000000000e+00
    1.2059656903e-02    0.0000000000e+00
    1.2069637887e-02    0.0000000000e+00
    1.2079745531e-02    0.0000000000e+00
    1.2089971453e-02    0.0000000000e+00
    1.2099514715e-02    0.0000000000e+00
    1.2109740637e-02    0.0000000000e+00
    1.2119965628e-02    0.0000000000e+00
    1.2129509822e-02    0.0000000000e+00
    1.2139734812e-02    0.0000000000e+00
    1.2149960734e-02    0.0000000000e+00
    1.2159503996e-02    0.0000000000e+00
    1.2169729918e-02    0.0000000000e+00
    1.2179954909e-02    0.0000000000e+00
    1.2189499103e-02    0.0000000000e+00
    1.2199724093e-02    0.0000000000e+00
    1.2209950015e-02    0.0000000000e+00
    1.2219493277e-02    0.0000000000e+00
    1.2229719199e-02    0.0000000000e+00
    1.2239944190e-02    0.0000000000e+00
    1.2249488384e-02    0.0000000000e+00
    1.2259713374e-02    0.0000000000e+00
    1.2269939296e-02    0.0000000000e+00
    1.2279482558e-02    0.0000000000e+00
    1.2289708480e-02    0.0000000000e+00
    1.2299933471e-02    0.0000000000e+00
    1.2309477665e-02    0.0000000000e+00
    1.2319956906e-02    0.0000000000e+00
    1.2329689227e-02    0.0000000000e+00
    1.2339618988e-02    0.0000000000e+00
    1.2349843979e-02    0.0000000000e+00
    1.2359388173e-02    0.0000000000e+00
    1.2369613163e-02    0.0000000000e+00
    1.2379839085e-02    0.0000000000e+00
    1.2389382347e-02    0.0000000000e+00
    1.2399608269e-02    0.0000000000e+00
    1.2409833260e-02    0.0000000000e+00
    1.2419377454e-02    0.0000000000e+00
    1.2429602444e-02    0.0000000000e+00
    1.2439828366e-02    0.0000000000e+00
    1.2449371628e-02    0.0000000000e+00
    1.2459597550e-02    0.0000000000e+00
    1.2469822541e-02    0.0000000000e+00
    1.2479366735e-02    0.0000000000e+00
    1.2489591725e-02    0.0000000000e+00
    1.2499817647e-02    0.0000000000e+00
    1.2509360909e-02    0.0000000000e+00
    1.2519586831e-02    0.0000000000e+00
    1.2529811822e-02    0.0000000000e+00
    1.2539356016e-02    0.0000000000e+00
    1.2549581006e-02    0.0000000000e+00
    1.2559806928e-02    0.0000000000e+00
    1.2569350190e-02    0.0000000000e+00
    1.2579576112e-02    0.0000000000e+00
    1.2589801103e-02    0.0000000000e+00
    1.2599345297e-02    0.0000000000e+00
    1.2609570287e-02    0.0000000000e+00
    1.2619796209e-02    0.0000000000e+00
    1.2629339471e-02    0.0000000000e+00
    1.2639565393e-02    0.0000000000e+00
    1.2649790384e-02    0.0000000000e+00
    1.2659334578e-02    0.0000000000e+00
    1.2669559568e-02    0.0000000000e+00
    1.2679785490e-02    0.0000000000e+00
    1.2689328752e-02    0.0000000000e+00
    1.2699554674e-02    0.0000000000e+00
    1.2709583156e-02    0.0000000000e+00
    1.2719223276e-02    0.0000000000e+00
    1.2729502283e-02    0.0000000000e+00
    1.2739595026e-02    0.0000000000e+00
    1.2749686837e-02    0.0000000000e+00
    1.2759779580e-02    0.0000000000e+00
    1.2769872323e-02    0.0000000000e+00
    1.2779678218e-02    0.0000000000e+00
    1.2789903209e-02    0.0000000000e+00
    1.2799447402e-02    0.0000000000e+00
    1.2809358537e-02    0.0000000000e+00
    1.2819962576e-02    0.0000000000e+00
    1.2829602696e-02    0.0000000000e+00
    1.2839360163e-02    0.0000000000e+00
    1.2849586084e-02    0.0000000000e+00
    1.2859879062e-02    0.0000000000e+00
    1.2869607657e-02    0.0000000000e+00
    1.2879832648e-02    0.0000000000e+00
    1.2889376841e-02    0.0000000000e+00
    1.2899601832e-02    0.0000000000e+00
    1.2909827754e-02    0.0000000000e+00
    1.2919691391e-02    0.0000000000e+00
    1.2929331511e-02    0.0000000000e+00
    1.2939795852e-02    0.0000000000e+00
    1.2949862517e-02    0.0000000000e+00
    1.2959406711e-02    0.0000000000e+00
    1.2969631702e-02    0.0000000000e+00
    1.2979378924e-02    0.0000000000e+00
    1.2989982963e-02    0.0000000000e+00
    1.2999623083e-02    0.0000000000e+00
    1.3009614311e-02    0.0000000000e+00
    1.3019839302e-02    0.0000000000e+00
    1.3029769063e-02    0.0000000000e+00
    1.3039501384e-02    0.0000000000e+00
    1.3049881905e-02    0.0000000000e+00
    1.3059148565e-02    0.0000000000e+00
    1.3069241308e-02    0.0000000000e+00
    1.3079334050e-02    0.0000000000e+00
    1.3089372776e-02    0.0000000000e+00
    1.3099598698e-02    0.0000000000e+00
    1.3109823689e-02    0.0000000000e+00
    1.3119367883e-02    0.0000000000e+00
    1.3129804283e-02    0.0000000000e+00
    1.3139456511e-02    0.0000000000e+00
    1.3149682432e-02    0.0000000000e+00
    1.3159907423e-02    0.0000000000e+00
    1.3169451617e-02    0.0000000000e+00
    1.3179903850e-02    0.0000000000e+00
    1.3189996593e-02    0.0000000000e+00
    1.3199171983e-02    0.0000000000e+00
    1.3209593482e-02    0.0000000000e+00
    1.3219275512e-02    0.0000000000e+00
    1.3229966164e-02    0.0000000000e+00
    1.3239141554e-02    0.0000000000e+00
    1.3249603100e-02    0.0000000000e+00
    1.3259828091e-02    0.0000000000e+00
    1.3269372284e-02    0.0000000000e+00
    1.3279597275e-02    0.0000000000e+00
    1.3289823197e-02    0.0000000000e+00
    1.3299366459e-02    0.0000000000e+00
    1.3309592381e-02    0.0000000000e+00
    1.3319817372e-02    0.0000000000e+00
    1.3328865170e-02    0.0000000000e+00
    1.3339814730e-02    0.0000000000e+00
    1.3349547051e-02    0.0000000000e+00
    1.3359279372e-02    0.0000000000e+00
    1.3369011693e-02    0.0000000000e+00
    1.3379960321e-02    0.0000000000e+00
    1.3389692642e-02    0.0000000000e+00
    1.3399424963e-02    0.0000000000e+00
    1.3409156352e-02    0.0000000000e+00
    1.3418888673e-02    0.0000000000e+00
    1.3429836370e-02    0.0000000000e+00
    1.3439567760e-02    0.0000000000e+00
    1.3449660502e-02    0.0000000000e+00
    1.3459753245e-02    0.0000000000e+00
    1.3469192199e-02    0.0000000000e+00
    1.3478922658e-02    0.0000000000e+00
    1.3489870355e-02    0.0000000000e+00
    1.3499601744e-02    0.0000000000e+00
    1.3509333134e-02    0.0000000000e+00
    1.3519063592e-02    0.0000000000e+00
    1.3528794982e-02    0.0000000000e+00
    1.3539741747e-02    0.0000000000e+00
    1.3549473137e-02    0.0000000000e+00
    1.3559203595e-02    0.0000000000e+00
    1.3568934985e-02    0.0000000000e+00
    1.3579881750e-02    0.0000000000e+00
    1.3589613140e-02    0.0000000000e+00
    1.3599343598e-02    0.0000000000e+00
    1.3609074987e-02    0.0000000000e+00
    1.3619834557e-02    0.0000000000e+00
    1.3629378751e-02    0.0000000000e+00
    1.3639603741e-02    0.0000000000e+00
    1.3649829663e-02    0.0000000000e+00
    1.3659372926e-02    0.0000000000e+00
    1.3669598848e-02    0.0000000000e+00
    1.3679823838e-02    0.0000000000e+00
    1.3689368032e-02    0.0000000000e+00
    1.3699593022e-02    0.0000000000e+00
    1.3709818944e-02    0.0000000000e+00
    1.3719362207e-02    0.0000000000e+00
    1.3729588129e-02    0.0000000000e+00
    1.3739813119e-02    0.0000000000e+00
    1.3749357313e-02    0.0000000000e+00
    1.3759582303e-02    0.0000000000e+00
    1.3769378886e-02    0.0000000000e+00
    1.3779471628e-02    0.0000000000e+00
    1.3789361343e-02    0.0000000000e+00
    1.3799741864e-02    0.0000000000e+00
    1.3809474185e-02    0.0000000000e+00
    1.3819855638e-02    0.0000000000e+00
    1.3829587959e-02    0.0000000000e+00
    1.3839968480e-02    0.0000000000e+00
    1.3849700801e-02    0.0000000000e+00
    1.3859433122e-02    0.0000000000e+00
    1.3869814575e-02    0.0000000000e+00
    1.3879546896e-02    0.0000000000e+00
    1.3889927417e-02    0.0000000000e+00
    1.3899659738e-02    0.0000000000e+00
    1.3909316622e-02    0.0000000000e+00
    1.3919409364e-02    0.0000000000e+00
    1.3929502107e-02    0.0000000000e+00
    1.3939593919e-02    0.0000000000e+00
    1.3949686661e-02    0.0000000000e+00
    1.3959779404e-02    0.0000000000e+00
    1.3969714753e-02    0.0000000000e+00
    1.3979447074e-02    0.0000000000e+00
    1.3989828527e-02    0.0000000000e+00
    1.3999762014e-02    0.0000000000e+00
    1.4009800740e-02    0.0000000000e+00
    1.4019892551e-02    0.0000000000e+00
    1.4029985294e-02    0.0000000000e+00
    1.4039160684e-02    0.0000000000e+00
    1.4049253426e-02    0.0000000000e+00
    1.4059346169e-02    0.0000000000e+00
    1.4068805613e-02    0.0000000000e+00
    1.4079756103e-02    0.0000000000e+00
    1.4089489356e-02    0.0000000000e+00
    1.4099222608e-02    0.0000000000e+00
    1.4109874144e-02    0.0000000000e+00
    1.4119966887e-02    0.0000000000e+00
    1.4129141346e-02    0.0000000000e+00
    1.4139234088e-02    0.0000000000e+00
    1.4149326831e-02    0.0000000000e+00
    1.4159419574e-02    0.0000000000e+00
    1.4169512317e-02    0.0000000000e+00
    1.4179605059e-02    0.0000000000e+00
    1.4189697802e-02    0.0000000000e+00
    1.4199790545e-02    0.0000000000e+00
    1.4209882356e-02    0.0000000000e+00
    1.4219337143e-02    0.0000000000e+00
    1.4229941182e-02    0.0000000000e+00
    1.4239581302e-02    0.0000000000e+00
    1.4249221422e-02    0.0000000000e+00
    1.4259825461e-02    0.0000000000e+00
    1.4269465581e-02    0.0000000000e+00
    1.4279105701e-02    0.0000000000e+00
    1.4289337210e-02    0.0000000000e+00
    1.4299429953e-02    0.0000000000e+00
    1.4309522696e-02    0.0000000000e+00
    1.4319615439e-02    0.0000000000e+00
    1.4329708181e-02    0.0000000000e+00
    1.4339940622e-02    0.0000000000e+00
    1.4349580742e-02    0.0000000000e+00
    1.4359220862e-02    0.0000000000e+00
    1.4369824901e-02    0.0000000000e+00
    1.4379465021e-02    0.0000000000e+00
    1.4389105141e-02    0.0000000000e+00
    1.4399548993e-02    0.0000000000e+00
    1.4409992844e-02    0.0000000000e+00
    1.4419632964e-02    0.0000000000e+00
    1.4429273084e-02    0.0000000000e+00
    1.4439737424e-02    0.0000000000e+00
    1.4449830167e-02    0.0000000000e+00
    1.4459922910e-02    0.0000000000e+00
    1.4469098300e-02    0.0000000000e+00
    1.4479190111e-02    0.0000000000e+00
    1.4489282854e-02    0.0000000000e+00
    1.4499375597e-02    0.0000000000e+00
    1.4509514906e-02    0.0000000000e+00
    1.4519155025e-02    0.0000000000e+00
    1.4529247768e-02    0.0000000000e+00
    1.4539387077e-02    0.0000000000e+00
    1.4549758285e-02    0.0000000000e+00
    1.4559851028e-02    0.0000000000e+00
    1.4569943771e-02    0.0000000000e+00
    1.4579119161e-02    0.0000000000e+00
    1.4589258470e-02    0.0000000000e+00
    1.4599862508e-02    0.0000000000e+00
    1.4609502628e-02    0.0000000000e+00
    1.4619142748e-02    0.0000000000e+00
    1.4629746787e-02    0.0000000000e+00
    1.4639386907e-02    0.0000000000e+00
    1.4649990946e-02    0.0000000000e+00
    1.4659631066e-02    0.0000000000e+00
    1.4669271186e-02    0.0000000000e+00
    1.4679875225e-02    0.0000000000e+00
    1.4689515345e-02    0.0000000000e+00
    1.4699155465e-02    0.0000000000e+00
    1.4709599316e-02    0.0000000000e+00
    1.4719239436e-02    0.0000000000e+00
    1.4729956165e-02    0.0000000000e+00
    1.4739131555e-02    0.0000000000e+00
    1.4749456197e-02    0.0000000000e+00
    1.4759900048e-02    0.0000000000e+00
    1.4769632369e-02    0.0000000000e+00
    1.4779571444e-02    0.0000000000e+00
    1.4789118432e-02    0.0000000000e+00
    1.4799211174e-02    0.0000000000e+00
    1.4809490182e-02    0.0000000000e+00
    1.4819130301e-02    0.0000000000e+00
    1.4829734340e-02    0.0000000000e+00
    1.4839925803e-02    0.0000000000e+00
    1.4849400148e-02    0.0000000000e+00
    1.4859491959e-02    0.0000000000e+00
    1.4869869687e-02    0.0000000000e+00
    1.4879096299e-02    0.0000000000e+00
    1.4889700338e-02    0.0000000000e+00
    1.4899340458e-02    0.0000000000e+00
    1.4909077436e-02    0.0000000000e+00
    1.4919651672e-02    0.0000000000e+00
    1.4929383993e-02    0.0000000000e+00
    1.4939764515e-02    0.0000000000e+00
    1.4949496835e-02    0.0000000000e+00
    1.4959959313e-02    0.0000000000e+00
    1.4969134703e-02    0.0000000000e+00
    1.4979227446e-02    0.0000000000e+00
    1.4989504591e-02    0.0000000000e+00
    1.4999729581e-02    0.0000000000e+00
    1.5009955503e-02    0.0000000000e+00
    1.5019498765e-02    0.0000000000e+00
    1.5029724687e-02    0.0000000000e+00
    1.5039918944e-02    0.0000000000e+00
    1.5049559064e-02    0.0000000000e+00
    1.5059199184e-02    0.0000000000e+00
    1.5069803223e-02    0.0000000000e+00
    1.5079443343e-02    0.0000000000e+00
    1.5089887194e-02    0.0000000000e+00
    1.5099527314e-02    0.0000000000e+00
    1.5109518543e-02    0.0000000000e+00
    1.5119743533e-02    0.0000000000e+00
    1.5129969455e-02    0.0000000000e+00
    1.5139512718e-02    0.0000000000e+00
    1.5149738640e-02    0.0000000000e+00
    1.5159963630e-02    0.0000000000e+00
    1.5169507824e-02    0.0000000000e+00
    1.5179262497e-02    0.0000000000e+00
    1.5189809725e-02    0.0000000000e+00
    1.5199449845e-02    0.0000000000e+00
    1.5209089965e-02    0.0000000000e+00
    1.5219694003e-02    0.0000000000e+00
    1.5229334123e-02    0.0000000000e+00
    1.5239938162e-02    0.0000000000e+00
    1.5249578282e-02    0.0000000000e+00
    1.5259218402e-02    0.0000000000e+00
    1.5269822441e-02    0.0000000000e+00
    1.5279462561e-02    0.0000000000e+00
    1.5289337374e-02    0.0000000000e+00
    1.5299562365e-02    0.0000000000e+00
    1.5309788287e-02    0.0000000000e+00
    1.5319768339e-02    0.0000000000e+00
    1.5329408459e-02    0.0000000000e+00
    1.5339048579e-02    0.0000000000e+00
    1.5349652618e-02    0.0000000000e+00
    1.5359292738e-02    0.0000000000e+00
    1.5369896777e-02    0.0000000000e+00
    1.5379536897e-02    0.0000000000e+00
    1.5389177017e-02    0.0000000000e+00
    1.5399781056e-02    0.0000000000e+00
    1.5409421176e-02    0.0000000000e+00
    1.5419061296e-02    0.0000000000e+00
    1.5429665335e-02    0.0000000000e+00
    1.5439305454e-02    0.0000000000e+00
    1.5449909493e-02    0.0000000000e+00
    1.5459549613e-02    0.0000000000e+00
    1.5469189733e-02    0.0000000000e+00
    1.5479793772e-02    0.0000000000e+00
    1.5489433892e-02    0.0000000000e+00
    1.5499074012e-02    0.0000000000e+00
    1.5509678051e-02    0.0000000000e+00
    1.5519318171e-02    0.0000000000e+00
    1.5529922210e-02    0.0000000000e+00
    1.5539562330e-02    0.0000000000e+00
    1.5549202450e-02    0.0000000000e+00
    1.5559806488e-02    0.0000000000e+00
    1.5569446608e-02    0.0000000000e+00
    1.5579086728e-02    0.0000000000e+00
    1.5589690767e-02    0.0000000000e+00
    1.5599330887e-02    0.0000000000e+00
    1.5609934926e-02    0.0000000000e+00
    1.5619575046e-02    0.0000000000e+00
    1.5629054978e-02    0.0000000000e+00
    1.5638787299e-02    0.0000000000e+00
    1.5649734065e-02    0.0000000000e+00
    1.5659466386e-02    0.0000000000e+00
    1.5669196844e-02    0.0000000000e+00
    1.5678929165e-02    0.0000000000e+00
    1.5689877793e-02    0.0000000000e+00
    1.5699356794e-02    0.0000000000e+00
    1.5709960833e-02    0.0000000000e+00
    1.5719600022e-02    0.0000000000e+00
    1.5729241073e-02    0.0000000000e+00
    1.5739845112e-02    0.0000000000e+00
    1.5749484301e-02    0.0000000000e+00
    1.5759125352e-02    0.0000000000e+00
    1.5769109130e-02    0.0000000000e+00
    1.5778839588e-02    0.0000000000e+00
    1.5789788216e-02    0.0000000000e+00
    1.5799518675e-02    0.0000000000e+00
    1.5809250996e-02    0.0000000000e+00
    1.5818981454e-02    0.0000000000e+00
    1.5829928219e-02    0.0000000000e+00
    1.5839660540e-02    0.0000000000e+00
    1.5849390998e-02    0.0000000000e+00
    1.5859121457e-02    0.0000000000e+00
    1.5868853778e-02    0.0000000000e+00
    1.5879800543e-02    0.0000000000e+00
    1.5889737755e-02    0.0000000000e+00
    1.5899378806e-02    0.0000000000e+00
    1.5909982845e-02    0.0000000000e+00
    1.5919622034e-02    0.0000000000e+00
    1.5929263085e-02    0.0000000000e+00
    1.5938999131e-02    0.0000000000e+00
    1.5949897468e-02    0.0000000000e+00
    1.5959627926e-02    0.0000000000e+00
    1.5969358385e-02    0.0000000000e+00
    1.5979088843e-02    0.0000000000e+00
    1.5989797190e-02    0.0000000000e+00
    1.5999339521e-02    0.0000000000e+00
    1.6009565443e-02    0.0000000000e+00
    1.6019195318e-02    0.0000000000e+00
    1.6029799357e-02    0.0000000000e+00
    1.6039438546e-02    0.0000000000e+00
    1.6049079597e-02    0.0000000000e+00
    1.6059683636e-02    0.0000000000e+00
    1.6069322824e-02    0.0000000000e+00
    1.6079926863e-02    0.0000000000e+00
    1.6089567915e-02    0.0000000000e+00
    1.6099207103e-02    0.0000000000e+00
    1.6109811142e-02    0.0000000000e+00
    1.6119452193e-02    0.0000000000e+00
    1.6129091382e-02    0.0000000000e+00
    1.6139695421e-02    0.0000000000e+00
    1.6149681062e-02    0.0000000000e+00
    1.6159413382e-02    0.0000000000e+00
    1.6169145703e-02    0.0000000000e+00
    1.6178876162e-02    0.0000000000e+00
    1.6189824790e-02    0.0000000000e+00
    1.6199557111e-02    0.0000000000e+00
    1.6209289432e-02    0.0000000000e+00
    1.6219021752e-02    0.0000000000e+00
    1.6229970381e-02    0.0000000000e+00
    1.6239702702e-02    0.0000000000e+00
    1.6249435022e-02    0.0000000000e+00
    1.6259167343e-02    0.0000000000e+00
    1.6268899664e-02    0.0000000000e+00
    1.6279801726e-02    0.0000000000e+00
    1.6289442778e-02    0.0000000000e+00
    1.6299881041e-02    0.0000000000e+00
    1.6309425235e-02    0.0000000000e+00
    1.6319649294e-02    0.0000000000e+00
    1.6329875216e-02    0.0000000000e+00
    1.6339419410e-02    0.0000000000e+00
    1.6349645332e-02    0.0000000000e+00
    1.6359869391e-02    0.0000000000e+00
    1.6369413584e-02    0.0000000000e+00
    1.6379289329e-02    0.0000000000e+00
    1.6389021650e-02    0.0000000000e+00
    1.6399970278e-02    0.0000000000e+00
    1.6409702599e-02    0.0000000000e+00
    1.6419433057e-02    0.0000000000e+00
    1.6429165378e-02    0.0000000000e+00
    1.6438897699e-02    0.0000000000e+00
    1.6449844465e-02    0.0000000000e+00
    1.6459871083e-02    0.0000000000e+00
    1.6469415277e-02    0.0000000000e+00
    1.6479639336e-02    0.0000000000e+00
    1.6489865258e-02    0.0000000000e+00
    1.6499409452e-02    0.0000000000e+00
    1.6509635374e-02    0.0000000000e+00
    1.6519859433e-02    0.0000000000e+00
    1.6529403627e-02    0.0000000000e+00
    1.6539629549e-02    0.0000000000e+00
    1.6549259424e-02    0.0000000000e+00
    1.6559863463e-02    0.0000000000e+00
    1.6569502652e-02    0.0000000000e+00
    1.6579993069e-02    0.0000000000e+00
    1.6589425504e-02    0.0000000000e+00
    1.6599066556e-02    0.0000000000e+00
    1.6609670594e-02    0.0000000000e+00
    1.6619309783e-02    0.0000000000e+00
    1.6629913822e-02    0.0000000000e+00
    1.6639554873e-02    0.0000000000e+00
    1.6649780795e-02    0.0000000000e+00
    1.6659323126e-02    0.0000000000e+00
    1.6669549048e-02    0.0000000000e+00
    1.6679774970e-02    0.0000000000e+00
    1.6689319164e-02    0.0000000000e+00
    1.6699543223e-02    0.0000000000e+00
    1.6709525138e-02    0.0000000000e+00
    1.6719250008e-02    0.0000000000e+00
    1.6729343683e-02    0.0000000000e+00
    1.6739668325e-02    0.0000000000e+00
    1.6749309376e-02    0.0000000000e+00
    1.6759401187e-02    0.0000000000e+00
    1.6769494861e-02    0.0000000000e+00
    1.6779586673e-02    0.0000000000e+00
    1.6789678484e-02    0.0000000000e+00
    1.6799772158e-02    0.0000000000e+00
    1.6809863970e-02    0.0000000000e+00
    1.6819957644e-02    0.0000000000e+00
    1.6829133034e-02    0.0000000000e+00
    1.6839224845e-02    0.0000000000e+00
    1.6849318519e-02    0.0000000000e+00
    1.6859410331e-02    0.0000000000e+00
    1.6869502142e-02    0.0000000000e+00
    1.6879595816e-02    0.0000000000e+00
    1.6889687628e-02    0.0000000000e+00
    1.6899781302e-02    0.0000000000e+00
    1.6909873113e-02    0.0000000000e+00
    1.6919966787e-02    0.0000000000e+00
    1.6929142177e-02    0.0000000000e+00
    1.6939233989e-02    0.0000000000e+00
    1.6949325800e-02    0.0000000000e+00
    1.6959419474e-02    0.0000000000e+00
    1.6969511285e-02    0.0000000000e+00
    1.6979604959e-02    0.0000000000e+00
    1.6989696771e-02    0.0000000000e+00
    1.6999477521e-02    0.0000000000e+00
    1.7009701580e-02    0.0000000000e+00
    1.7019927502e-02    0.0000000000e+00
    1.7029471695e-02    0.0000000000e+00
    1.7039697617e-02    0.0000000000e+00
    1.7049921677e-02    0.0000000000e+00
    1.7059465870e-02    0.0000000000e+00
    1.7069445923e-02    0.0000000000e+00
    1.7079539597e-02    0.0000000000e+00
    1.7089631408e-02    0.0000000000e+00
    1.7099725083e-02    0.0000000000e+00
    1.7109816894e-02    0.0000000000e+00
    1.7119910568e-02    0.0000000000e+00
    1.7129085958e-02    0.0000000000e+00
    1.7139177769e-02    0.0000000000e+00
    1.7149271443e-02    0.0000000000e+00
    1.7159743235e-02    0.0000000000e+00
    1.7169475555e-02    0.0000000000e+00
    1.7179856077e-02    0.0000000000e+00
    1.7189893872e-02    0.0000000000e+00
    1.7199985683e-02    0.0000000000e+00
    1.7209161073e-02    0.0000000000e+00
    1.7219252884e-02    0.0000000000e+00
    1.7229346558e-02    0.0000000000e+00
    1.7239438370e-02    0.0000000000e+00
    1.7249532044e-02    0.0000000000e+00
    1.7259623855e-02    0.0000000000e+00
    1.7269717529e-02    0.0000000000e+00
    1.7279809341e-02    0.0000000000e+00
    1.7289903015e-02    0.0000000000e+00
    1.7299994826e-02    0.0000000000e+00
    1.7309170216e-02    0.0000000000e+00
    1.7319262028e-02    0.0000000000e+00
    1.7329355702e-02    0.0000000000e+00
    1.7339447513e-02    0.0000000000e+00
    1.7349541187e-02    0.0000000000e+00
    1.7359632999e-02    0.0000000000e+00
    1.7369726673e-02    0.0000000000e+00
    1.7379818484e-02    0.0000000000e+00
    1.7389910296e-02    0.0000000000e+00
    1.7399085686e-02    0.0000000000e+00
    1.7409123480e-02    0.0000000000e+00
    1.7418855801e-02    0.0000000000e+00
    1.7429804429e-02    0.0000000000e+00
    1.7439534888e-02    0.0000000000e+00
    1.7449267209e-02    0.0000000000e+00
    1.7458999529e-02    0.0000000000e+00
    1.7469948158e-02    0.0000000000e+00
    1.7479680479e-02    0.0000000000e+00
    1.7489410937e-02    0.0000000000e+00
    1.7499143258e-02    0.0000000000e+00
    1.7508875579e-02    0.0000000000e+00
    1.7519824207e-02    0.0000000000e+00
    1.7529556528e-02    0.0000000000e+00
    1.7539288849e-02    0.0000000000e+00
    1.7549021170e-02    0.0000000000e+00
    1.7559969798e-02    0.0000000000e+00
    1.7569702119e-02    0.0000000000e+00
    1.7579434440e-02    0.0000000000e+00
    1.7589166760e-02    0.0000000000e+00
    1.7598899081e-02    0.0000000000e+00
    1.7609847710e-02    0.0000000000e+00
    1.7619580030e-02    0.0000000000e+00
    1.7629312351e-02    0.0000000000e+00
    1.7639044672e-02    0.0000000000e+00
    1.7649993300e-02    0.0000000000e+00
    1.7659725621e-02    0.0000000000e+00
    1.7669457942e-02    0.0000000000e+00
    1.7679190263e-02    0.0000000000e+00
    1.7688922584e-02    0.0000000000e+00
    1.7699871212e-02    0.0000000000e+00
    1.7709603533e-02    0.0000000000e+00
    1.7719335854e-02    0.0000000000e+00
    1.7729068175e-02    0.0000000000e+00
    1.7738798633e-02    0.0000000000e+00
    1.7749749124e-02    0.0000000000e+00
    1.7759479582e-02    0.0000000000e+00
    1.7769211903e-02    0.0000000000e+00
    1.7778944224e-02    0.0000000000e+00
    1.7789892852e-02    0.0000000000e+00
    1.7799625173e-02    0.0000000000e+00
    1.7809357494e-02    0.0000000000e+00
    1.7819089815e-02    0.0000000000e+00
    1.7828822136e-02    0.0000000000e+00
    1.7839770764e-02    0.0000000000e+00
    1.7849503085e-02    0.0000000000e+00
    1.7859235406e-02    0.0000000000e+00
    1.7868967727e-02    0.0000000000e+00
    1.7879918218e-02    0.0000000000e+00
    1.7889650539e-02    0.0000000000e+00
    1.7899382859e-02    0.0000000000e+00
    1.7909115180e-02    0.0000000000e+00
    1.7918847501e-02    0.0000000000e+00
    1.7929796129e-02    0.0000000000e+00
    1.7939528450e-02    0.0000000000e+00
    1.7949262634e-02    0.0000000000e+00
    1.7958994955e-02    0.0000000000e+00
    1.7969943583e-02    0.0000000000e+00
    1.7979675904e-02    0.0000000000e+00
    1.7989408225e-02    0.0000000000e+00
    1.7999140546e-02    0.0000000000e+00
    1.8008874729e-02    0.0000000000e+00
    1.8019823357e-02    0.0000000000e+00
    1.8029555678e-02    0.0000000000e+00
    1.8039287999e-02    0.0000000000e+00
    1.8049020320e-02    0.0000000000e+00
    1.8059968948e-02    0.0000000000e+00
    1.8069701269e-02    0.0000000000e+00
    1.8079433590e-02    0.0000000000e+00
    1.8089165911e-02    0.0000000000e+00
    1.8098898232e-02    0.0000000000e+00
    1.8109848723e-02    0.0000000000e+00
    1.8119581044e-02    0.0000000000e+00
    1.8129311502e-02    0.0000000000e+00
    1.8139043823e-02    0.0000000000e+00
    1.8149992451e-02    0.0000000000e+00
    1.8159724772e-02    0.0000000000e+00
    1.8169477582e-02    0.0000000000e+00
    1.8179904670e-02    0.0000000000e+00
    1.8189636990e-02    0.0000000000e+00
    1.8199784681e-02    0.0000000000e+00
    1.8209245056e-02    0.0000000000e+00
    1.8219336867e-02    0.0000000000e+00
    1.8229378387e-02    0.0000000000e+00
    1.8239604309e-02    0.0000000000e+00
    1.8249828368e-02    0.0000000000e+00
    1.8259372562e-02    0.0000000000e+00
    1.8269851804e-02    0.0000000000e+00
    1.8279943615e-02    0.0000000000e+00
    1.8289119005e-02    0.0000000000e+00
    1.8299210817e-02    0.0000000000e+00
    1.8309583887e-02    0.0000000000e+00
    1.8319223076e-02    0.0000000000e+00
    1.8329408020e-02    0.0000000000e+00
    1.8339594826e-02    0.0000000000e+00
    1.8349686638e-02    0.0000000000e+00
    1.8359780312e-02    0.0000000000e+00
    1.8369872123e-02    0.0000000000e+00
    1.8379965797e-02    0.0000000000e+00
    1.8389139324e-02    0.0000000000e+00
    1.8399232998e-02    0.0000000000e+00
    1.8409324810e-02    0.0000000000e+00
    1.8419418484e-02    0.0000000000e+00
    1.8429510295e-02    0.0000000000e+00
    1.8439603969e-02    0.0000000000e+00
    1.8449695781e-02    0.0000000000e+00
    1.8459789455e-02    0.0000000000e+00
    1.8469357863e-02    0.0000000000e+00
    1.8479583785e-02    0.0000000000e+00
    1.8489809707e-02    0.0000000000e+00
    1.8499344587e-02    0.0000000000e+00
    1.8509436399e-02    0.0000000000e+00
    1.8519761041e-02    0.0000000000e+00
    1.8529854715e-02    0.0000000000e+00
    1.8539946526e-02    0.0000000000e+00
    1.8549770117e-02    0.0000000000e+00
    1.8559502438e-02    0.0000000000e+00
    1.8569884822e-02    0.0000000000e+00
    1.8579617143e-02    0.0000000000e+00
    1.8589997664e-02    0.0000000000e+00
    1.8599729985e-02    0.0000000000e+00
    1.8609654158e-02    0.0000000000e+00
    1.8619747832e-02    0.0000000000e+00
    1.8629839644e-02    0.0000000000e+00
    1.8639933318e-02    0.0000000000e+00
    1.8649108708e-02    0.0000000000e+00
    1.8659200519e-02    0.0000000000e+00
    1.8669294193e-02    0.0000000000e+00
    1.8679386005e-02    0.0000000000e+00
    1.8689477816e-02    0.0000000000e+00
    1.8699571490e-02    0.0000000000e+00
    1.8709009513e-02    0.0000000000e+00
    1.8719958141e-02    0.0000000000e+00
    1.8729690462e-02    0.0000000000e+00
    1.8739420921e-02    0.0000000000e+00
    1.8749153242e-02    0.0000000000e+00
    1.8758883700e-02    0.0000000000e+00
    1.8769832328e-02    0.0000000000e+00
    1.8779562786e-02    0.0000000000e+00
    1.8789295107e-02    0.0000000000e+00
    1.8799025565e-02    0.0000000000e+00
    1.8809974194e-02    0.0000000000e+00
    1.8819706514e-02    0.0000000000e+00
    1.8829438835e-02    0.0000000000e+00
    1.8839169294e-02    0.0000000000e+00
    1.8848901615e-02    0.0000000000e+00
    1.8859850243e-02    0.0000000000e+00
    1.8869582564e-02    0.0000000000e+00
    1.8879314885e-02    0.0000000000e+00
    1.8889045343e-02    0.0000000000e+00
    1.8899993971e-02    0.0000000000e+00
    1.8909726292e-02    0.0000000000e+00
    1.8919458613e-02    0.0000000000e+00
    1.8929190934e-02    0.0000000000e+00
    1.8938923255e-02    0.0000000000e+00
    1.8949871883e-02    0.0000000000e+00
    1.8959602341e-02    0.0000000000e+00
    1.8969334662e-02    0.0000000000e+00
    1.8979066983e-02    0.0000000000e+00
    1.8988797441e-02    0.0000000000e+00
    1.8999746069e-02    0.0000000000e+00
    1.9009476528e-02    0.0000000000e+00
    1.9019206986e-02    0.0000000000e+00
    1.9028939307e-02    0.0000000000e+00
    1.9039886072e-02    0.0000000000e+00
    1.9049618393e-02    0.0000000000e+00
    1.9059348851e-02    0.0000000000e+00
    1.9069079310e-02    0.0000000000e+00
    1.9078809768e-02    0.0000000000e+00
    1.9089756534e-02    0.0000000000e+00
    1.9099488854e-02    0.0000000000e+00
    1.9109219313e-02    0.0000000000e+00
    1.9118949771e-02    0.0000000000e+00
    1.9129896536e-02    0.0000000000e+00
    1.9139628857e-02    0.0000000000e+00
    1.9149359316e-02    0.0000000000e+00
    1.9159089774e-02    0.0000000000e+00
    1.9168820232e-02    0.0000000000e+00
    1.9179768860e-02    0.0000000000e+00
    1.9189499319e-02    0.0000000000e+00
    1.9199231640e-02    0.0000000000e+00
    1.9208963960e-02    0.0000000000e+00
    1.9219910726e-02    0.0000000000e+00
    1.9229643047e-02    0.0000000000e+00
    1.9239375368e-02    0.0000000000e+00
    1.9249105826e-02    0.0000000000e+00
    1.9258838147e-02    0.0000000000e+00
    1.9269786775e-02    0.0000000000e+00
    1.9279519096e-02    0.0000000000e+00
    1.9289251417e-02    0.0000000000e+00
    1.9298981875e-02    0.0000000000e+00
    1.9309930503e-02    0.0000000000e+00
    1.9319662824e-02    0.0000000000e+00
    1.9329395145e-02    0.0000000000e+00
    1.9339127466e-02    0.0000000000e+00
    1.9348857924e-02    0.0000000000e+00
    1.9359806553e-02    0.0000000000e+00
    1.9369538873e-02    0.0000000000e+00
    1.9379269332e-02    0.0000000000e+00
    1.9389001653e-02    0.0000000000e+00
    1.9399948418e-02    0.0000000000e+00
    1.9409680739e-02    0.0000000000e+00
    1.9419411197e-02    0.0000000000e+00
    1.9429143518e-02    0.0000000000e+00
    1.9438873976e-02    0.0000000000e+00
    1.9449820742e-02    0.0000000000e+00
    1.9459553063e-02    0.0000000000e+00
    1.9469283521e-02    0.0000000000e+00
    1.9479013979e-02    0.0000000000e+00
    1.9489962608e-02    0.0000000000e+00
    1.9499693066e-02    0.0000000000e+00
    1.9509423524e-02    0.0000000000e+00
    1.9519153982e-02    0.0000000000e+00
    1.9528886303e-02    0.0000000000e+00
    1.9539833069e-02    0.0000000000e+00
    1.9549565390e-02    0.0000000000e+00
    1.9559295848e-02    0.0000000000e+00
    1.9569026306e-02    0.0000000000e+00
    1.9579974934e-02    0.0000000000e+00
    1.9589705393e-02    0.0000000000e+00
    1.9599437714e-02    0.0000000000e+00
    1.9609168172e-02    0.0000000000e+00
    1.9618900493e-02    0.0000000000e+00
    1.9629605114e-02    0.0000000000e+00
    1.9639987499e-02    0.0000000000e+00
    1.9649717957e-02    0.0000000000e+00
    1.9659450278e-02    0.0000000000e+00
    1.9669832662e-02    0.0000000000e+00
    1.9679564983e-02    0.0000000000e+00
    1.9689945504e-02    0.0000000000e+00
    1.9699677825e-02    0.0000000000e+00
    1.9709410146e-02    0.0000000000e+00
    1.9719790667e-02    0.0000000000e+00
    1.9729522988e-02    0.0000000000e+00
    1.9739903510e-02    0.0000000000e+00
    1.9749635831e-02    0.0000000000e+00
    1.9759368151e-02    0.0000000000e+00
    1.9769748673e-02    0.0000000000e+00
    1.9779480994e-02    0.0000000000e+00
    1.9789863378e-02    0.0000000000e+00
    1.9799595699e-02    0.0000000000e+00
    1.9809976220e-02    0.0000000000e+00
    1.9819524139e-02    0.0000000000e+00
    1.9829187542e-02    0.0000000000e+00
    1.9838919863e-02    0.0000000000e+00
    1.9849866629e-02    0.0000000000e+00
    1.9859598950e-02    0.0000000000e+00
    1.9869329408e-02    0.0000000000e+00
    1.9879061729e-02    0.0000000000e+00
    1.9888792187e-02    0.0000000000e+00
    1.9899740815e-02    0.0000000000e+00
    1.9909471273e-02    0.0000000000e+00
    1.9919203594e-02    0.0000000000e+00
    1.9928934053e-02    0.0000000000e+00
    1.9939882681e-02    0.0000000000e+00
    1.9949615002e-02    0.0000000000e+00
    1.9959345460e-02    0.0000000000e+00
    1.9969077781e-02    0.0000000000e+00
    1.9978810102e-02    0.0000000000e+00
    1.9989756867e-02    0.0000000000e+00
    1.9999489188e-02    0.0000000000e+00
    2.0009221509e-02    0.0000000000e+00
    2.0018951967e-02    0.0000000000e+00
    2.0029900596e-02    0.0000000000e+00
    2.0039631054e-02    0.0000000000e+00
    2.0049363375e-02    0.0000000000e+00
    2.0059095696e-02    0.0000000000e+00
    2.0068826154e-02    0.0000000000e+00
    2.0079774782e-02    0.0000000000e+00
    2.0089507103e-02    0.0000000000e+00
    2.0099237561e-02    0.0000000000e+00
    2.0108969882e-02    0.0000000000e+00
    2.0119916648e-02    0.0000000000e+00
    2.0129648969e-02    0.0000000000e+00
    2.0139379427e-02    0.0000000000e+00
    2.0149111748e-02    0.0000000000e+00
    2.0158842206e-02    0.0000000000e+00
    2.0169790834e-02    0.0000000000e+00
    2.0179521292e-02    0.0000000000e+00
    2.0189253613e-02    0.0000000000e+00
    2.0198985934e-02    0.0000000000e+00
    2.0209932700e-02    0.0000000000e+00
    2.0219665021e-02    0.0000000000e+00
    2.0229397342e-02    0.0000000000e+00
    2.0239129663e-02    0.0000000000e+00
    2.0248861983e-02    0.0000000000e+00
    2.0259810612e-02    0.0000000000e+00
    2.0269542933e-02    0.0000000000e+00
    2.0279275253e-02    0.0000000000e+00
    2.0289007574e-02    0.0000000000e+00
    2.0299956203e-02    0.0000000000e+00
    2.0309688523e-02    0.0000000000e+00
    2.0319420844e-02    0.0000000000e+00
    2.0329153165e-02    0.0000000000e+00
    2.0338885486e-02    0.0000000000e+00
    2.0349834114e-02    0.0000000000e+00
    2.0359564573e-02    0.0000000000e+00
    2.0369296893e-02    0.0000000000e+00
    2.0379029214e-02    0.0000000000e+00
    2.0389977843e-02    0.0000000000e+00
    2.0399710163e-02    0.0000000000e+00
    2.0409442484e-02    0.0000000000e+00
    2.0419174805e-02    0.0000000000e+00
    2.0428905264e-02    0.0000000000e+00
    2.0439853892e-02    0.0000000000e+00
    2.0449586213e-02    0.0000000000e+00
    2.0459318534e-02    0.0000000000e+00
    2.0469050854e-02    0.0000000000e+00
    2.0479999483e-02    0.0000000000e+00
    2.0489731804e-02    0.0000000000e+00
    2.0499462262e-02    0.0000000000e+00
    2.0509194583e-02    0.0000000000e+00
    2.0518926904e-02    0.0000000000e+00
    2.0529875532e-02    0.0000000000e+00
    2.0539607853e-02    0.0000000000e+00
    2.0549340174e-02    0.0000000000e+00
    2.0559072495e-02    0.0000000000e+00
    2.0568804815e-02    0.0000000000e+00
    2.0579753444e-02    0.0000000000e+00
    2.0589485765e-02    0.0000000000e+00
    2.0599219948e-02    0.0000000000e+00
    2.0608952269e-02    0.0000000000e+00
    2.0619900897e-02    0.0000000000e+00
    2.0629633218e-02    0.0000000000e+00
    2.0639365539e-02    0.0000000000e+00
    2.0649099723e-02    0.0000000000e+00
    2.0658832043e-02    0.0000000000e+00
    2.0669780672e-02    0.0000000000e+00
    2.0679514855e-02    0.0000000000e+00
    2.0689247176e-02    0.0000000000e+00
    2.0698979497e-02    0.0000000000e+00
    2.0709929988e-02    0.0000000000e+00
    2.0719662309e-02    0.0000000000e+00
    2.0729394630e-02    0.0000000000e+00
    2.0739128813e-02    0.0000000000e+00
    2.0748861134e-02    0.0000000000e+00
    2.0759809762e-02    0.0000000000e+00
    2.0769543946e-02    0.0000000000e+00
    2.0779276267e-02    0.0000000000e+00
    2.0789010450e-02    0.0000000000e+00
    2.0799959078e-02    0.0000000000e+00
    2.0809693262e-02    0.0000000000e+00
    2.0819425583e-02    0.0000000000e+00
    2.0829159766e-02    0.0000000000e+00
    2.0838892087e-02    0.0000000000e+00
    2.0849842578e-02    0.0000000000e+00
    2.0859576762e-02    0.0000000000e+00
    2.0869309083e-02    0.0000000000e+00
    2.0879043266e-02    0.0000000000e+00
    2.0889993757e-02    0.0000000000e+00
    2.0899726078e-02    0.0000000000e+00
    2.0909460261e-02    0.0000000000e+00
    2.0919192582e-02    0.0000000000e+00
    2.0928926766e-02    0.0000000000e+00
    2.0939877257e-02    0.0000000000e+00
    2.0949609578e-02    0.0000000000e+00
    2.0959343761e-02    0.0000000000e+00
    2.0969076082e-02    0.0000000000e+00
    2.0978810266e-02    0.0000000000e+00
    2.0989758894e-02    0.0000000000e+00
    2.0999493077e-02    0.0000000000e+00
    2.1009225398e-02    0.0000000000e+00
    2.1018959582e-02    0.0000000000e+00
    2.1029908210e-02    0.0000000000e+00
    2.1039642394e-02    0.0000000000e+00
    2.1049374714e-02    0.0000000000e+00
    2.1059107035e-02    0.0000000000e+00
    2.1068839356e-02    0.0000000000e+00
    2.1079789847e-02    0.0000000000e+00
    2.1089522168e-02    0.0000000000e+00
    2.1099254489e-02    0.0000000000e+00
    2.1108988672e-02    0.0000000000e+00
    2.1119937301e-02    0.0000000000e+00
    2.1129669622e-02    0.0000000000e+00
    2.1139403805e-02    0.0000000000e+00
    2.1149136126e-02    0.0000000000e+00
    2.1158868447e-02    0.0000000000e+00
    2.1169817075e-02    0.0000000000e+00
    2.1179551259e-02    0.0000000000e+00
    2.1189283580e-02    0.0000000000e+00
    2.1199015900e-02    0.0000000000e+00
    2.1209966391e-02    0.0000000000e+00
    2.1219698712e-02    0.0000000000e+00
    2.1229431033e-02    0.0000000000e+00
    2.1239165217e-02    0.0000000000e+00
    2.1248897538e-02    0.0000000000e+00
    2.1259848028e-02    0.0000000000e+00
    2.1269580349e-02    0.0000000000e+00
    2.1279312670e-02    0.0000000000e+00
    2.1289046854e-02    0.0000000000e+00
    2.1299995482e-02    0.0000000000e+00
    2.1309729666e-02    0.0000000000e+00
    2.1319461986e-02    0.0000000000e+00
    2.1329196170e-02    0.0000000000e+00
    2.1338928491e-02    0.0000000000e+00
    2.1349878982e-02    0.0000000000e+00
    2.1359611303e-02    0.0000000000e+00
    2.1369343624e-02    0.0000000000e+00
    2.1379077807e-02    0.0000000000e+00
    2.1388810128e-02    0.0000000000e+00
    2.1399758756e-02    0.0000000000e+00
    2.1409492940e-02    0.0000000000e+00
    2.1419225261e-02    0.0000000000e+00
    2.1428957582e-02    0.0000000000e+00
    2.1439906210e-02    0.0000000000e+00
    2.1449640393e-02    0.0000000000e+00
    2.1459372714e-02    0.0000000000e+00
    2.1469105035e-02    0.0000000000e+00
    2.1478837356e-02    0.0000000000e+00
    2.1489785984e-02    0.0000000000e+00
    2.1499518305e-02    0.0000000000e+00
    2.1509250626e-02    0.0000000000e+00
    2.1518982947e-02    0.0000000000e+00
    2.1529933438e-02    0.0000000000e+00
    2.1539665759e-02    0.0000000000e+00
    2.1549398080e-02    0.0000000000e+00
    2.1559130400e-02    0.0000000000e+00
    2.1568862721e-02    0.0000000000e+00
    2.1579811350e-02    0.0000000000e+00
    2.1589543670e-02    0.0000000000e+00
    2.1599275991e-02    0.0000000000e+00
    2.1609008312e-02    0.0000000000e+00
    2.1619956940e-02    0.0000000000e+00
    2.1629689261e-02    0.0000000000e+00
    2.1639421582e-02    0.0000000000e+00
    2.1649153903e-02    0.0000000000e+00
    2.1658886224e-02    0.0000000000e+00
    2.1669834852e-02    0.0000000000e+00
    2.1679567173e-02    0.0000000000e+00
    2.1689299494e-02    0.0000000000e+00
    2.1699031815e-02    0.0000000000e+00
    2.1709980443e-02    0.0000000000e+00
    2.1719712764e-02    0.0000000000e+00
    2.1729445085e-02    0.0000000000e+00
    2.1739175543e-02    0.0000000000e+00
    2.1748907864e-02    0.0000000000e+00
    2.1759856492e-02    0.0000000000e+00
    2.1769588813e-02    0.0000000000e+00
    2.1779321134e-02    0.0000000000e+00
    2.1789053455e-02    0.0000000000e+00
    2.1798785776e-02    0.0000000000e+00
    2.1809734404e-02    0.0000000000e+00
    2.1819466725e-02    0.0000000000e+00
    2.1829199046e-02    0.0000000000e+00
    2.1838931367e-02    0.0000000000e+00
    2.1849879995e-02    0.0000000000e+00
    2.1859612316e-02    0.0000000000e+00
    2.1869344637e-02    0.0000000000e+00
    2.1879076958e-02    0.0000000000e+00
    2.1888809279e-02    0.0000000000e+00
    2.1899757907e-02    0.0000000000e+00
    2.1909490228e-02    0.0000000000e+00
    2.1919222549e-02    0.0000000000e+00
    2.1928954870e-02    0.0000000000e+00
    2.1939905360e-02    0.0000000000e+00
    2.1949637681e-02    0.0000000000e+00
    2.1959370002e-02    0.0000000000e+00
    2.1969102323e-02    0.0000000000e+00
    2.1978834644e-02    0.0000000000e+00
    2.1989785135e-02    0.0000000000e+00
    2.1999517456e-02    0.0000000000e+00
    2.2009251639e-02    0.0000000000e+00
    2.2018983960e-02    0.0000000000e+00
    2.2029934451e-02    0.0000000000e+00
    2.2039666772e-02    0.0000000000e+00
    2.2049399093e-02    0.0000000000e+00
    2.2059133276e-02    0.0000000000e+00
    2.2068865597e-02    0.0000000000e+00
    2.2079816088e-02    0.0000000000e+00
    2.2089548409e-02    0.0000000000e+00
    2.2099280730e-02    0.0000000000e+00
    2.2109014913e-02    0.0000000000e+00
    2.2119963542e-02    0.0000000000e+00
    2.2129697725e-02    0.0000000000e+00
    2.2139430046e-02    0.0000000000e+00
    2.2149162367e-02    0.0000000000e+00
    2.2158894688e-02    0.0000000000e+00
    2.2169845179e-02    0.0000000000e+00
    2.2179577500e-02    0.0000000000e+00
    2.2189309821e-02    0.0000000000e+00
    2.2199042141e-02    0.0000000000e+00
    2.2209992632e-02    0.0000000000e+00
    2.2219724953e-02    0.0000000000e+00
    2.2229457274e-02    0.0000000000e+00
    2.2239189595e-02    0.0000000000e+00
    2.2248921916e-02    0.0000000000e+00
    2.2259872407e-02    0.0000000000e+00
    2.2269604728e-02    0.0000000000e+00
    2.2279337049e-02    0.0000000000e+00
    2.2289069369e-02    0.0000000000e+00
    2.2298801690e-02    0.0000000000e+00
    2.2309750319e-02    0.0000000000e+00
    2.2319484502e-02    0.0000000000e+00
    2.2329216823e-02    0.0000000000e+00
    2.2338949144e-02    0.0000000000e+00
    2.2349897772e-02    0.0000000000e+00
    2.2359630093e-02    0.0000000000e+00
    2.2369362414e-02    0.0000000000e+00
    2.2379096597e-02    0.0000000000e+00
    2.2388828918e-02    0.0000000000e+00
    2.2399777547e-02    0.0000000000e+00
    2.2409509867e-02    0.0000000000e+00
    2.2419242188e-02    0.0000000000e+00
    2.2428976372e-02    0.0000000000e+00
    2.2439925000e-02    0.0000000000e+00
    2.2449657321e-02    0.0000000000e+00
    2.2459389642e-02    0.0000000000e+00
    2.2469121963e-02    0.0000000000e+00
    2.2478854284e-02    0.0000000000e+00
    2.2489804775e-02    0.0000000000e+00
    2.2499537095e-02    0.0000000000e+00
    2.2509269416e-02    0.0000000000e+00
    2.2519001737e-02    0.0000000000e+00
    2.2529950365e-02    0.0000000000e+00
    2.2539682686e-02    0.0000000000e+00
    2.2549415007e-02    0.0000000000e+00
    2.2559147328e-02    0.0000000000e+00
    2.2568881512e-02    0.0000000000e+00
    2.2579830140e-02    0.0000000000e+00
    2.2589562461e-02    0.0000000000e+00
    2.2599294782e-02    0.0000000000e+00
    2.2609027103e-02    0.0000000000e+00
    2.2619977593e-02    0.0000000000e+00
    2.2629709914e-02    0.0000000000e+00
    2.2639442235e-02    0.0000000000e+00
    2.2649174556e-02    0.0000000000e+00
    2.2658906877e-02    0.0000000000e+00
    2.2669855505e-02    0.0000000000e+00
    2.2679589689e-02    0.0000000000e+00
    2.2689322010e-02    0.0000000000e+00
    2.2699054331e-02    0.0000000000e+00
    2.2708786651e-02    0.0000000000e+00
    2.2719735280e-02    0.0000000000e+00
    2.2729467601e-02    0.0000000000e+00
    2.2739199921e-02    0.0000000000e+00
    2.2748932242e-02    0.0000000000e+00
    2.2759882733e-02    0.0000000000e+00
    2.2769615054e-02    0.0000000000e+00
    2.2779347375e-02    0.0000000000e+00
    2.2789079696e-02    0.0000000000e+00
    2.2798812017e-02    0.0000000000e+00
    2.2809760645e-02    0.0000000000e+00
    2.2819491103e-02    0.0000000000e+00
    2.2829223424e-02    0.0000000000e+00
    2.2838955745e-02    0.0000000000e+00
    2.2849904373e-02    0.0000000000e+00
    2.2859636694e-02    0.0000000000e+00
    2.2869369015e-02    0.0000000000e+00
    2.2879099473e-02    0.0000000000e+00
    2.2888831794e-02    0.0000000000e+00
    2.2899780422e-02    0.0000000000e+00
    2.2909512743e-02    0.0000000000e+00
    2.2919243202e-02    0.0000000000e+00
    2.2928975523e-02    0.0000000000e+00
    2.2939924151e-02    0.0000000000e+00
    2.2949656472e-02    0.0000000000e+00
    2.2959386930e-02    0.0000000000e+00
    2.2969119251e-02    0.0000000000e+00
    2.2978851572e-02    0.0000000000e+00
    2.2989800200e-02    0.0000000000e+00
    2.2999530658e-02    0.0000000000e+00
    2.3009262979e-02    0.0000000000e+00
    2.3018995300e-02    0.0000000000e+00
    2.3029943928e-02    0.0000000000e+00
    2.3039674386e-02    0.0000000000e+00
    2.3049406707e-02    0.0000000000e+00
    2.3059139028e-02    0.0000000000e+00
    2.3068871349e-02    0.0000000000e+00
    2.3079819977e-02    0.0000000000e+00
    2.3089550436e-02    0.0000000000e+00
    2.3099282756e-02    0.0000000000e+00
    2.3109015077e-02    0.0000000000e+00
    2.3119963706e-02    0.0000000000e+00
    2.3129696026e-02    0.0000000000e+00
    2.3139428347e-02    0.0000000000e+00
    2.3149160668e-02    0.0000000000e+00
    2.3158892989e-02    0.0000000000e+00
    2.3169841617e-02    0.0000000000e+00
    2.3179573938e-02    0.0000000000e+00
    2.3189306259e-02    0.0000000000e+00
    2.3199038580e-02    0.0000000000e+00
    2.3209987208e-02    0.0000000000e+00
    2.3219719529e-02    0.0000000000e+00
    2.3229451850e-02    0.0000000000e+00
    2.3239184171e-02    0.0000000000e+00
    2.3248916492e-02    0.0000000000e+00
    2.3259865120e-02    0.0000000000e+00
    2.3269597441e-02    0.0000000000e+00
    2.3279329762e-02    0.0000000000e+00
    2.3289060220e-02    0.0000000000e+00
    2.3298792541e-02    0.0000000000e+00
    2.3309743032e-02    0.0000000000e+00
    2.3319473490e-02    0.0000000000e+00
    2.3329205811e-02    0.0000000000e+00
    2.3338938132e-02    0.0000000000e+00
    2.3349886760e-02    0.0000000000e+00
    2.3359619081e-02    0.0000000000e+00
    2.3369351402e-02    0.0000000000e+00
    2.3379083723e-02    0.0000000000e+00
    2.3388816044e-02    0.0000000000e+00
    2.3399764672e-02    0.0000000000e+00
    2.3409496993e-02    0.0000000000e+00
    2.3419229314e-02    0.0000000000e+00
    2.3428961635e-02    0.0000000000e+00
    2.3439910263e-02    0.0000000000e+00
    2.3449642584e-02    0.0000000000e+00
    2.3459373042e-02    0.0000000000e+00
    2.3469105363e-02    0.0000000000e+00
    2.3478837684e-02    0.0000000000e+00
    2.3489786312e-02    0.0000000000e+00
    2.3499518633e-02    0.0000000000e+00
    2.3509250954e-02    0.0000000000e+00
    2.3518983275e-02    0.0000000000e+00
    2.3529931903e-02    0.0000000000e+00
    2.3539662361e-02    0.0000000000e+00
    2.3549394682e-02    0.0000000000e+00
    2.3559127003e-02    0.0000000000e+00
    2.3568859324e-02    0.0000000000e+00
    2.3579806089e-02    0.0000000000e+00
    2.3589538410e-02    0.0000000000e+00
    2.3599270731e-02    0.0000000000e+00
    2.3609001189e-02    0.0000000000e+00
    2.3619949818e-02    0.0000000000e+00
    2.3629682139e-02    0.0000000000e+00
    2.3639414459e-02    0.0000000000e+00
    2.3649146780e-02    0.0000000000e+00
    2.3658877239e-02    0.0000000000e+00
    2.3669827729e-02    0.0000000000e+00
    2.3679560050e-02    0.0000000000e+00
    2.3689292371e-02    0.0000000000e+00
    2.3699024692e-02    0.0000000000e+00
    2.3709973320e-02    0.0000000000e+00
    2.3719705641e-02    0.0000000000e+00
    2.3729437962e-02    0.0000000000e+00
    2.3739172146e-02    0.0000000000e+00
    2.3748904467e-02    0.0000000000e+00
    2.3759853095e-02    0.0000000000e+00
    2.3769585416e-02    0.0000000000e+00
    2.3779319599e-02    0.0000000000e+00
    2.3789051920e-02    0.0000000000e+00
    2.3798784241e-02    0.0000000000e+00
    2.3809732869e-02    0.0000000000e+00
    2.3819465190e-02    0.0000000000e+00
    2.3829197511e-02    0.0000000000e+00
    2.3838929832e-02    0.0000000000e+00
    2.3849878460e-02    0.0000000000e+00
    2.3859608918e-02    0.0000000000e+00
    2.3869341239e-02    0.0000000000e+00
    2.3879073560e-02    0.0000000000e+00
    2.3888804018e-02    0.0000000000e+00
    2.3899752647e-02    0.0000000000e+00
    2.3909483105e-02    0.0000000000e+00
    2.3919215426e-02    0.0000000000e+00
    2.3928945884e-02    0.0000000000e+00
    2.3939894512e-02    0.0000000000e+00
    2.3949624971e-02    0.0000000000e+00
    2.3959357291e-02    0.0000000000e+00
    2.3969087750e-02    0.0000000000e+00
    2.3978820071e-02    0.0000000000e+00
    2.3989766836e-02    0.0000000000e+00
    2.3999497294e-02    0.0000000000e+00
    2.4009229615e-02    0.0000000000e+00
    2.4018960074e-02    0.0000000000e+00
    2.4029906839e-02    0.0000000000e+00
    2.4039639160e-02    0.0000000000e+00
    2.4049369618e-02    0.0000000000e+00
    2.4059100077e-02    0.0000000000e+00
    2.4068832397e-02    0.0000000000e+00
    2.4079779163e-02    0.0000000000e+00
    2.4089511484e-02    0.0000000000e+00
    2.4099241942e-02    0.0000000000e+00
    2.4108972400e-02    0.0000000000e+00
    2.4119921029e-02    0.0000000000e+00
    2.4129651487e-02    0.0000000000e+00
    2.4139383808e-02    0.0000000000e+00
    2.4149114266e-02    0.0000000000e+00
    2.4158846587e-02    0.0000000000e+00
    2.4169793352e-02    0.0000000000e+00
    2.4179525673e-02    0.0000000000e+00
    2.4189256132e-02    0.0000000000e+00
    2.4198986590e-02    0.0000000000e+00
    2.4209935218e-02    0.0000000000e+00
    2.4219665676e-02    0.0000000000e+00
    2.4229397997e-02    0.0000000000e+00
    2.4239128456e-02    0.0000000000e+00
    2.4248860776e-02    0.0000000000e+00
    2.4259807542e-02    0.0000000000e+00
    2.4269539863e-02    0.0000000000e+00
    2.4279272184e-02    0.0000000000e+00
    2.4289002642e-02    0.0000000000e+00
    2.4299951270e-02    0.0000000000e+00
    2.4309681728e-02    0.0000000000e+00
    2.4319414049e-02    0.0000000000e+00
    2.4329146370e-02    0.0000000000e+00
    2.4338876829e-02    0.0000000000e+00
    2.4349825457e-02    0.0000000000e+00
    2.4359557778e-02    0.0000000000e+00
    2.4369288236e-02    0.0000000000e+00
    2.4379020557e-02    0.0000000000e+00
    2.4389969185e-02    0.0000000000e+00
    2.4399701506e-02    0.0000000000e+00
    2.4409431964e-02    0.0000000000e+00
    2.4419164285e-02    0.0000000000e+00
    2.4428896606e-02    0.0000000000e+00
    2.4439845234e-02    0.0000000000e+00
    2.4449577555e-02    0.0000000000e+00
    2.4459309876e-02    0.0000000000e+00
    2.4469042197e-02    0.0000000000e+00
    2.4479992688e-02    0.0000000000e+00
    2.4489725009e-02    0.0000000000e+00
    2.4499457330e-02    0.0000000000e+00
    2.4509189650e-02    0.0000000000e+00
    2.4518923834e-02    0.0000000000e+00
    2.4529872462e-02    0.0000000000e+00
    2.4539606646e-02    0.0000000000e+00
    2.4549338967e-02    0.0000000000e+00
    2.4559071288e-02    0.0000000000e+00
    2.4568805471e-02    0.0000000000e+00
    2.4579755962e-02    0.0000000000e+00
    2.4589488283e-02    0.0000000000e+00
    2.4599220604e-02    0.0000000000e+00
    2.4608954787e-02    0.0000000000e+00
    2.4619903415e-02    0.0000000000e+00
    2.4629637599e-02    0.0000000000e+00
    2.4639369920e-02    0.0000000000e+00
    2.4649102241e-02    0.0000000000e+00
    2.4658834562e-02    0.0000000000e+00
    2.4669785053e-02    0.0000000000e+00
    2.4679517373e-02    0.0000000000e+00
    2.4689249694e-02    0.0000000000e+00
    2.4698982015e-02    0.0000000000e+00
    2.4709930643e-02    0.0000000000e+00
    2.4719661102e-02    0.0000000000e+00
    2.4729393423e-02    0.0000000000e+00
    2.4739125744e-02    0.0000000000e+00
    2.4748858064e-02    0.0000000000e+00
    2.4759806693e-02    0.0000000000e+00
    2.4769537151e-02    0.0000000000e+00
    2.4779269472e-02    0.0000000000e+00
    2.4789001793e-02    0.0000000000e+00
    2.4799950421e-02    0.0000000000e+00
    2.4809680879e-02    0.0000000000e+00
    2.4819413200e-02    0.0000000000e+00
    2.4829145521e-02    0.0000000000e+00
    2.4838877842e-02    0.0000000000e+00
    2.4849826470e-02    0.0000000000e+00
    2.4859558791e-02    0.0000000000e+00
    2.4869291112e-02    0.0000000000e+00
    2.4879023433e-02    0.0000000000e+00
    2.4889972061e-02    0.0000000000e+00
    2.4899704382e-02    0.0000000000e+00
    2.4909436703e-02    0.0000000000e+00
    2.4919169024e-02    0.0000000000e+00
    2.4928901345e-02    0.0000000000e+00
    2.4939849973e-02    0.0000000000e+00
    2.4949582294e-02    0.0000000000e+00
    2.4959314615e-02    0.0000000000e+00
    2.4969046935e-02    0.0000000000e+00
    2.4979995564e-02    0.0000000000e+00
    2.4989727885e-02    0.0000000000e+00
    2.4999460205e-02    0.0000000000e+00
    2.5009192526e-02    0.0000000000e+00
    2.5018922985e-02    0.0000000000e+00
    2.5029871613e-02    0.0000000000e+00
    2.5039603934e-02    0.0000000000e+00
    2.5049336255e-02    0.0000000000e+00
    2.5059068576e-02    0.0000000000e+00
    2.5068799034e-02    0.0000000000e+00
    2.5079747662e-02    0.0000000000e+00
    2.5089479983e-02    0.0000000000e+00
    2.5099210441e-02    0.0000000000e+00
    2.5108942762e-02    0.0000000000e+00
    2.5119891390e-02    0.0000000000e+00
    2.5129621848e-02    0.0000000000e+00
    2.5139354169e-02    0.0000000000e+00
    2.5149084628e-02    0.0000000000e+00
    2.5158816949e-02    0.0000000000e+00
    2.5169763714e-02    0.0000000000e+00
    2.5179496035e-02    0.0000000000e+00
    2.5189226493e-02    0.0000000000e+00
    2.5198958814e-02    0.0000000000e+00
    2.5209905580e-02    0.0000000000e+00
    2.5219637901e-02    0.0000000000e+00
    2.5229368359e-02    0.0000000000e+00
    2.5239100680e-02    0.0000000000e+00
    2.5248831138e-02    0.0000000000e+00
    2.5259779766e-02    0.0000000000e+00
    2.5269510224e-02    0.0000000000e+00
    2.5279242545e-02    0.0000000000e+00
    2.5288974866e-02    0.0000000000e+00
    2.5299921632e-02    0.0000000000e+00
    2.5309653953e-02    0.0000000000e+00
    2.5319384411e-02    0.0000000000e+00
    2.5329116732e-02    0.0000000000e+00
    2.5338847190e-02    0.0000000000e+00
    2.5349795818e-02    0.0000000000e+00
    2.5359526277e-02    0.0000000000e+00
    2.5369256735e-02    0.0000000000e+00
    2.5378989056e-02    0.0000000000e+00
    2.5389935821e-02    0.0000000000e+00
    2.5399668142e-02    0.0000000000e+00
    2.5409398600e-02    0.0000000000e+00
    2.5419129059e-02    0.0000000000e+00
    2.5428861380e-02    0.0000000000e+00
    2.5439808145e-02    0.0000000000e+00
    2.5449540466e-02    0.0000000000e+00
    2.5459270924e-02    0.0000000000e+00
    2.5469001383e-02    0.0000000000e+00
    2.5479950011e-02    0.0000000000e+00
    2.5489680469e-02    0.0000000000e+00
    2.5499412790e-02    0.0000000000e+00
    2.5509143248e-02    0.0000000000e+00
    2.5518875569e-02    0.0000000000e+00
    2.5529822335e-02    0.0000000000e+00
    2.5539554656e-02    0.0000000000e+00
    2.5549286976e-02    0.0000000000e+00
    2.5559017435e-02    0.0000000000e+00
    2.5569966063e-02    0.0000000000e+00
    2.5579698384e-02    0.0000000000e+00
    2.5589430705e-02    0.0000000000e+00
    2.5599163026e-02    0.0000000000e+00
    2.5608895347e-02    0.0000000000e+00
    2.5619843975e-02    0.0000000000e+00
    2.5629576296e-02    0.0000000000e+00
    2.5639308617e-02    0.0000000000e+00
    2.5649042800e-02    0.0000000000e+00
    2.5659991428e-02    0.0000000000e+00
    2.5669723749e-02    0.0000000000e+00
    2.5679456070e-02    0.0000000000e+00
    2.5689190254e-02    0.0000000000e+00
    2.5698922575e-02    0.0000000000e+00
    2.5709871203e-02    0.0000000000e+00
    2.5719605386e-02    0.0000000000e+00
    2.5729337707e-02    0.0000000000e+00
    2.5739070028e-02    0.0000000000e+00
    2.5748802349e-02    0.0000000000e+00
    2.5759752840e-02    0.0000000000e+00
    2.5769485161e-02    0.0000000000e+00
    2.5779217482e-02    0.0000000000e+00
    2.5788949803e-02    0.0000000000e+00
    2.5799900293e-02    0.0000000000e+00
    2.5809632614e-02    0.0000000000e+00
    2.5819364935e-02    0.0000000000e+00
    2.5829097256e-02    0.0000000000e+00
    2.5838829577e-02    0.0000000000e+00
    2.5849778205e-02    0.0000000000e+00
    2.5859510526e-02    0.0000000000e+00
    2.5869242847e-02    0.0000000000e+00
    2.5878977031e-02    0.0000000000e+00
    2.5889925659e-02    0.0000000000e+00
    2.5899657980e-02    0.0000000000e+00
    2.5909390301e-02    0.0000000000e+00
    2.5919122621e-02    0.0000000000e+00
    2.5928854942e-02    0.0000000000e+00
    2.5939803571e-02    0.0000000000e+00
    2.5949535891e-02    0.0000000000e+00
    2.5959268212e-02    0.0000000000e+00
    2.5969000533e-02    0.0000000000e+00
    2.5979949161e-02    0.0000000000e+00
    2.5989681482e-02    0.0000000000e+00
    2.5999413803e-02    0.0000000000e+00
    2.6009144261e-02    0.0000000000e+00
    2.6018876582e-02    0.0000000000e+00
    2.6029825211e-02    0.0000000000e+00
    2.6039557531e-02    0.0000000000e+00
    2.6049289852e-02    0.0000000000e+00
    2.6059022173e-02    0.0000000000e+00
    2.6069970801e-02    0.0000000000e+00
    2.6079703122e-02    0.0000000000e+00
    2.6089435443e-02    0.0000000000e+00
    2.6099167764e-02    0.0000000000e+00
    2.6108898222e-02    0.0000000000e+00
    2.6119846851e-02    0.0000000000e+00
    2.6129579172e-02    0.0000000000e+00
    2.6139311492e-02    0.0000000000e+00
    2.6149043813e-02    0.0000000000e+00
    2.6159992442e-02    0.0000000000e+00
    2.6169722900e-02    0.0000000000e+00
    2.6179455221e-02    0.0000000000e+00
    2.6189187542e-02    0.0000000000e+00
    2.6198919863e-02    0.0000000000e+00
    2.6209868491e-02    0.0000000000e+00
    2.6219598949e-02    0.0000000000e+00
    2.6229331270e-02    0.0000000000e+00
    2.6239063591e-02    0.0000000000e+00
    2.6248795912e-02    0.0000000000e+00
    2.6259742677e-02    0.0000000000e+00
    2.6269474998e-02    0.0000000000e+00
    2.6279207319e-02    0.0000000000e+00
    2.6288937777e-02    0.0000000000e+00
    2.6299886405e-02    0.0000000000e+00
    2.6309618726e-02    0.0000000000e+00
    2.6319349185e-02    0.0000000000e+00
    2.6329081506e-02    0.0000000000e+00
    2.6338813826e-02    0.0000000000e+00
    2.6349762455e-02    0.0000000000e+00
    2.6359492913e-02    0.0000000000e+00
    2.6369225234e-02    0.0000000000e+00
    2.6378957555e-02    0.0000000000e+00
    2.6389906183e-02    0.0000000000e+00
    2.6399636641e-02    0.0000000000e+00
    2.6409368962e-02    0.0000000000e+00
    2.6419101283e-02    0.0000000000e+00
    2.6428833604e-02    0.0000000000e+00
    2.6439780369e-02    0.0000000000e+00
    2.6449512690e-02    0.0000000000e+00
    2.6459245011e-02    0.0000000000e+00
    2.6468975469e-02    0.0000000000e+00
    2.6479924098e-02    0.0000000000e+00
    2.6489656419e-02    0.0000000000e+00
    2.6499386877e-02    0.0000000000e+00
    2.6509119198e-02    0.0000000000e+00
    2.6518849656e-02    0.0000000000e+00
    2.6529798284e-02    0.0000000000e+00
    2.6539528742e-02    0.0000000000e+00
    2.6549261063e-02    0.0000000000e+00
    2.6558991522e-02    0.0000000000e+00
    2.6569940150e-02    0.0000000000e+00
    2.6579672471e-02    0.0000000000e+00
    2.6589402929e-02    0.0000000000e+00
    2.6599135250e-02    0.0000000000e+00
    2.6608865708e-02    0.0000000000e+00
    2.6619814336e-02    0.0000000000e+00
    2.6629544795e-02    0.0000000000e+00
    2.6639277115e-02    0.0000000000e+00
    2.6649009436e-02    0.0000000000e+00
    2.6659956202e-02    0.0000000000e+00
    2.6669688523e-02    0.0000000000e+00
    2.6679420844e-02    0.0000000000e+00
    2.6689153165e-02    0.0000000000e+00
    2.6698885486e-02    0.0000000000e+00
    2.6709834114e-02    0.0000000000e+00
    2.6719564572e-02    0.0000000000e+00
    2.6729296893e-02    0.0000000000e+00
    2.6739029214e-02    0.0000000000e+00
    2.6749977842e-02    0.0000000000e+00
    2.6759710163e-02    0.0000000000e+00
    2.6769442484e-02    0.0000000000e+00
    2.6779174805e-02    0.0000000000e+00
    2.6788907126e-02    0.0000000000e+00
    2.6799855754e-02    0.0000000000e+00
    2.6809588075e-02    0.0000000000e+00
    2.6819320396e-02    0.0000000000e+00
    2.6829052716e-02    0.0000000000e+00
    2.6838785037e-02    0.0000000000e+00
    2.6849733666e-02    0.0000000000e+00
    2.6859465986e-02    0.0000000000e+00
    2.6869198307e-02    0.0000000000e+00
    2.6878930628e-02    0.0000000000e+00
    2.6889879256e-02    0.0000000000e+00
    2.6899609715e-02    0.0000000000e+00
    2.6909342036e-02    0.0000000000e+00
    2.6919074357e-02    0.0000000000e+00
    2.6928806677e-02    0.0000000000e+00
    2.6939755306e-02    0.0000000000e+00
    2.6949487627e-02    0.0000000000e+00
    2.6959219947e-02    0.0000000000e+00
    2.6968952268e-02    0.0000000000e+00
    2.6979900897e-02    0.0000000000e+00
    2.6989633217e-02    0.0000000000e+00
    2.6999365538e-02    0.0000000000e+00
    2.7009097859e-02    0.0000000000e+00
    2.7018830180e-02    0.0000000000e+00
    2.7029778808e-02    0.0000000000e+00
    2.7039511129e-02    0.0000000000e+00
    2.7049243450e-02    0.0000000000e+00
    2.7058975771e-02    0.0000000000e+00
    2.7069924399e-02    0.0000000000e+00
    2.7079656720e-02    0.0000000000e+00
    2.7089389041e-02    0.0000000000e+00
    2.7099121362e-02    0.0000000000e+00
    2.7108853683e-02    0.0000000000e+00
    2.7119802311e-02    0.0000000000e+00
    2.7129534632e-02    0.0000000000e+00
    2.7139266953e-02    0.0000000000e+00
    2.7148999274e-02    0.0000000000e+00
    2.7159949765e-02    0.0000000000e+00
    2.7169682086e-02    0.0000000000e+00
    2.7179414406e-02    0.0000000000e+00
    2.7189146727e-02    0.0000000000e+00
    2.7198879048e-02    0.0000000000e+00
    2.7209827676e-02    0.0000000000e+00
    2.7219559997e-02    0.0000000000e+00
    2.7229292318e-02    0.0000000000e+00
    2.7239024639e-02    0.0000000000e+00
    2.7249973267e-02    0.0000000000e+00
    2.7259705588e-02    0.0000000000e+00
    2.7269437909e-02    0.0000000000e+00
    2.7279170230e-02    0.0000000000e+00
    2.7288902551e-02    0.0000000000e+00
    2.7299851179e-02    0.0000000000e+00
    2.7309583500e-02    0.0000000000e+00
    2.7319315821e-02    0.0000000000e+00
    2.7329048142e-02    0.0000000000e+00
    2.7339996770e-02    0.0000000000e+00
    2.7349727228e-02    0.0000000000e+00
    2.7359459549e-02    0.0000000000e+00
    2.7369191870e-02    0.0000000000e+00
    2.7378924191e-02    0.0000000000e+00
    2.7389872819e-02    0.0000000000e+00
    2.7399605140e-02    0.0000000000e+00
    2.7409337461e-02    0.0000000000e+00
    2.7419069782e-02    0.0000000000e+00
    2.7428802103e-02    0.0000000000e+00
    2.7439750731e-02    0.0000000000e+00
    2.7449483052e-02    0.0000000000e+00
    2.7459215373e-02    0.0000000000e+00
    2.7468947694e-02    0.0000000000e+00
    2.7479898185e-02    0.0000000000e+00
    2.7489630505e-02    0.0000000000e+00
    2.7499362826e-02    0.0000000000e+00
    2.7509095147e-02    0.0000000000e+00
    2.7518827468e-02    0.0000000000e+00
    2.7529776096e-02    0.0000000000e+00
    2.7539510280e-02    0.0000000000e+00
    2.7549242601e-02    0.0000000000e+00
    2.7558974922e-02    0.0000000000e+00
    2.7569923550e-02    0.0000000000e+00
    2.7579657733e-02    0.0000000000e+00
    2.7589390054e-02    0.0000000000e+00
    2.7599122375e-02    0.0000000000e+00
    2.7608854696e-02    0.0000000000e+00
    2.7619803324e-02    0.0000000000e+00
    2.7629535645e-02    0.0000000000e+00
    2.7639267966e-02    0.0000000000e+00
    2.7649000287e-02    0.0000000000e+00
    2.7659950778e-02    0.0000000000e+00
    2.7669683099e-02    0.0000000000e+00
    2.7679415420e-02    0.0000000000e+00
    2.7689147741e-02    0.0000000000e+00
    2.7698880062e-02    0.0000000000e+00
    2.7709828690e-02    0.0000000000e+00
    2.7719561011e-02    0.0000000000e+00
    2.7729293332e-02    0.0000000000e+00
    2.7739023790e-02    0.0000000000e+00
    2.7749974281e-02    0.0000000000e+00
    2.7759706602e-02    0.0000000000e+00
    2.7769437060e-02    0.0000000000e+00
    2.7779169381e-02    0.0000000000e+00
    2.7788901702e-02    0.0000000000e+00
    2.7799852192e-02    0.0000000000e+00
    2.7809584513e-02    0.0000000000e+00
    2.7819316834e-02    0.0000000000e+00
    2.7829049155e-02    0.0000000000e+00
    2.7839997783e-02    0.0000000000e+00
    2.7849730104e-02    0.0000000000e+00
    2.7859462425e-02    0.0000000000e+00
    2.7869194746e-02    0.0000000000e+00
    2.7878927067e-02    0.0000000000e+00
    2.7889875695e-02    0.0000000000e+00
    2.7899608016e-02    0.0000000000e+00
    2.7909340337e-02    0.0000000000e+00
    2.7919396758e-02    0.0000000000e+00
    2.7929779142e-02    0.0000000000e+00
    2.7939511463e-02    0.0000000000e+00
    2.7949891984e-02    0.0000000000e+00
    2.7959624305e-02    0.0000000000e+00
    2.7969356626e-02    0.0000000000e+00
    2.7979737148e-02    0.0000000000e+00
    2.7989469469e-02    0.0000000000e+00
    2.7999849990e-02    0.0000000000e+00
    2.8009582311e-02    0.0000000000e+00
    2.8019962832e-02    0.0000000000e+00
    2.8029695153e-02    0.0000000000e+00
    2.8039427474e-02    0.0000000000e+00
    2.8049809858e-02    0.0000000000e+00
    2.8059542179e-02    0.0000000000e+00
    2.8069922701e-02    0.0000000000e+00
    2.8079655021e-02    0.0000000000e+00
    2.8089387342e-02    0.0000000000e+00
    2.8099767864e-02    0.0000000000e+00
    2.8109500185e-02    0.0000000000e+00
    2.8119880706e-02    0.0000000000e+00
    2.8129613027e-02    0.0000000000e+00
    2.8139995411e-02    0.0000000000e+00
    2.8149725869e-02    0.0000000000e+00
    2.8159458190e-02    0.0000000000e+00
    2.8169840574e-02    0.0000000000e+00
    2.8179572895e-02    0.0000000000e+00
    2.8189953417e-02    0.0000000000e+00
    2.8199685737e-02    0.0000000000e+00
    2.8209418058e-02    0.0000000000e+00
    2.8219565749e-02    0.0000000000e+00
    2.8229657561e-02    0.0000000000e+00
    2.8239751235e-02    0.0000000000e+00
    2.8249843046e-02    0.0000000000e+00
    2.8259936720e-02    0.0000000000e+00
    2.8269112110e-02    0.0000000000e+00
    2.8279669583e-02    0.0000000000e+00
    2.8289308771e-02    0.0000000000e+00
    2.8299912810e-02    0.0000000000e+00
    2.8309553862e-02    0.0000000000e+00
    2.8319193050e-02    0.0000000000e+00
    2.8329797089e-02    0.0000000000e+00
    2.8339438140e-02    0.0000000000e+00
    2.8349077329e-02    0.0000000000e+00
    2.8359681368e-02    0.0000000000e+00
    2.8369322419e-02    0.0000000000e+00
    2.8379926458e-02    0.0000000000e+00
    2.8389565647e-02    0.0000000000e+00
    2.8399206698e-02    0.0000000000e+00
    2.8409810737e-02    0.0000000000e+00
    2.8419449925e-02    0.0000000000e+00
    2.8429090977e-02    0.0000000000e+00
    2.8439695016e-02    0.0000000000e+00
    2.8449334204e-02    0.0000000000e+00
    2.8459938243e-02    0.0000000000e+00
    2.8469579294e-02    0.0000000000e+00
    2.8479218483e-02    0.0000000000e+00
    2.8489822522e-02    0.0000000000e+00
    2.8499463573e-02    0.0000000000e+00
    2.8509102762e-02    0.0000000000e+00
    2.8519706801e-02    0.0000000000e+00
    2.8529347852e-02    0.0000000000e+00
    2.8539951891e-02    0.0000000000e+00
    2.8549591079e-02    0.0000000000e+00
    2.8559232131e-02    0.0000000000e+00
    2.8569836169e-02    0.0000000000e+00
    2.8579475358e-02    0.0000000000e+00
    2.8589116409e-02    0.0000000000e+00
    2.8599720448e-02    0.0000000000e+00
    2.8609359637e-02    0.0000000000e+00
    2.8619963676e-02    0.0000000000e+00
    2.8629371896e-02    0.0000000000e+00
    2.8639463708e-02    0.0000000000e+00
    2.8649557382e-02    0.0000000000e+00
    2.8659649193e-02    0.0000000000e+00
    2.8669068590e-02    0.0000000000e+00
    2.8678802773e-02    0.0000000000e+00
    2.8689751402e-02    0.0000000000e+00
    2.8699485585e-02    0.0000000000e+00
    2.8709217906e-02    0.0000000000e+00
    2.8719589114e-02    0.0000000000e+00
    2.8729682788e-02    0.0000000000e+00
    2.8739774600e-02    0.0000000000e+00
    2.8749866411e-02    0.0000000000e+00
    2.8759306297e-02    0.0000000000e+00
    2.8769040480e-02    0.0000000000e+00
    2.8779989108e-02    0.0000000000e+00
    2.8789883479e-02    0.0000000000e+00
    2.8799615800e-02    0.0000000000e+00
    2.8809996322e-02    0.0000000000e+00
    2.8819728643e-02    0.0000000000e+00
    2.8829460964e-02    0.0000000000e+00
    2.8839843348e-02    0.0000000000e+00
    2.8849575669e-02    0.0000000000e+00
    2.8859075159e-02    0.0000000000e+00
    2.8869664297e-02    0.0000000000e+00
    2.8879303485e-02    0.0000000000e+00
    2.8889909387e-02    0.0000000000e+00
    2.8899548575e-02    0.0000000000e+00
    2.8909187764e-02    0.0000000000e+00
    2.8919793665e-02    0.0000000000e+00
    2.8929335997e-02    0.0000000000e+00
    2.8939561918e-02    0.0000000000e+00
    2.8949787840e-02    0.0000000000e+00
    2.8959332034e-02    0.0000000000e+00
    2.8969556093e-02    0.0000000000e+00
    2.8979310766e-02    0.0000000000e+00
    2.8989858925e-02    0.0000000000e+00
    2.8999499977e-02    0.0000000000e+00
    2.9009139165e-02    0.0000000000e+00
    2.9019743204e-02    0.0000000000e+00
    2.9029384255e-02    0.0000000000e+00
    2.9039988294e-02    0.0000000000e+00
    2.9049627483e-02    0.0000000000e+00
    2.9059268534e-02    0.0000000000e+00
    2.9069872573e-02    0.0000000000e+00
    2.9079511762e-02    0.0000000000e+00
    2.9089152813e-02    0.0000000000e+00
    2.9099756852e-02    0.0000000000e+00
    2.9109396040e-02    0.0000000000e+00
    2.9119037092e-02    0.0000000000e+00
    2.9129641131e-02    0.0000000000e+00
    2.9139280319e-02    0.0000000000e+00
    2.9149884358e-02    0.0000000000e+00
    2.9159525409e-02    0.0000000000e+00
    2.9169164598e-02    0.0000000000e+00
    2.9179768637e-02    0.0000000000e+00
    2.9189409688e-02    0.0000000000e+00
    2.9199048877e-02    0.0000000000e+00
    2.9209652916e-02    0.0000000000e+00
    2.9219293967e-02    0.0000000000e+00
    2.9229898006e-02    0.0000000000e+00
    2.9239537194e-02    0.0000000000e+00
    2.9249178246e-02    0.0000000000e+00
    2.9259782284e-02    0.0000000000e+00
    2.9269421473e-02    0.0000000000e+00
    2.9279062524e-02    0.0000000000e+00
    2.9289666563e-02    0.0000000000e+00
    2.9299305752e-02    0.0000000000e+00
    2.9309909791e-02    0.0000000000e+00
    2.9319550842e-02    0.0000000000e+00
    2.9329190031e-02    0.0000000000e+00
    2.9339794070e-02    0.0000000000e+00
    2.9349435121e-02    0.0000000000e+00
    2.9359074309e-02    0.0000000000e+00
    2.9369678348e-02    0.0000000000e+00
    2.9379319400e-02    0.0000000000e+00
    2.9389923438e-02    0.0000000000e+00
    2.9399562627e-02    0.0000000000e+00
    2.9409203678e-02    0.0000000000e+00
    2.9419807717e-02    0.0000000000e+00
    2.9429633170e-02    0.0000000000e+00
    2.9439859092e-02    0.0000000000e+00
    2.9449401423e-02    0.0000000000e+00
    2.9459627345e-02    0.0000000000e+00
    2.9469853267e-02    0.0000000000e+00
    2.9479397461e-02    0.0000000000e+00
    2.9489621520e-02    0.0000000000e+00
    2.9499847442e-02    0.0000000000e+00
    2.9509391636e-02    0.0000000000e+00
    2.9519617558e-02    0.0000000000e+00
    2.9529841617e-02    0.0000000000e+00
    2.9539385810e-02    0.0000000000e+00
    2.9549611732e-02    0.0000000000e+00
    2.9559837654e-02    0.0000000000e+00
    2.9569379985e-02    0.0000000000e+00
    2.9579605907e-02    0.0000000000e+00
    2.9589831829e-02    0.0000000000e+00
    2.9599376023e-02    0.0000000000e+00
    2.9609600082e-02    0.0000000000e+00
    2.9619826004e-02    0.0000000000e+00
    2.9629370198e-02    0.0000000000e+00
    2.9639596120e-02    0.0000000000e+00
    2.9649820179e-02    0.0000000000e+00
    2.9659364372e-02    0.0000000000e+00
    2.9669590294e-02    0.0000000000e+00
    2.9679816216e-02    0.0000000000e+00
    2.9689358547e-02    0.0000000000e+00
    2.9699584469e-02    0.0000000000e+00
    2.9709810391e-02    0.0000000000e+00
    2.9719354585e-02    0.0000000000e+00
    2.9729578644e-02    0.0000000000e+00
    2.9739804566e-02    0.0000000000e+00
    2.9749348760e-02    0.0000000000e+00
    2.9759574682e-02    0.0000000000e+00
    2.9769837856e-02    0.0000000000e+00
    2.9779477045e-02    0.0000000000e+00
    2.9789116234e-02    0.0000000000e+00
    2.9799722135e-02    0.0000000000e+00
    2.9809361324e-02    0.0000000000e+00
    2.9819965363e-02    0.0000000000e+00
    2.9829606414e-02    0.0000000000e+00
    2.9839245602e-02    0.0000000000e+00
    2.9849849641e-02    0.0000000000e+00
    2.9859490693e-02    0.0000000000e+00
    2.9869129881e-02    0.0000000000e+00
    2.9879733920e-02    0.0000000000e+00
    2.9889374971e-02    0.0000000000e+00
    2.9899979010e-02    0.0000000000e+00
    2.9909618199e-02    0.0000000000e+00
    2.9919259250e-02    0.0000000000e+00
    2.9929863289e-02    0.0000000000e+00
    2.9939502478e-02    0.0000000000e+00
    2.9949143529e-02    0.0000000000e+00
    2.9959747568e-02    0.0000000000e+00
    2.9969386756e-02    0.0000000000e+00
    2.9979990795e-02    0.0000000000e+00
    2.9989631847e-02    0.0000000000e+00
    2.9999271035e-02    0.0000000000e+00
    3.0000235885e-02    0.0000000000e+00
      3002
    0.0000000000e+00    0.0000000000e+00
    9.7362280940e-06    0.0000000000e+00
    1.9472456188e-05    0.0000000000e+00
    2.9208684282e-05    0.0000000000e+00
    3.8944912376e-05    0.0000000000e+00
    4.9898168072e-05    0.0000000000e+00
    5.9634396166e-05    0.0000000000e+00
    6.9370624260e-05    0.0000000000e+00
    7.9106852354e-05    0.0000000000e+00
    8.8843080448e-05    0.0000000000e+00
    9.9796336144e-05    0.0000000000e+00
    1.0953255696e-04    0.0000000000e+00
    1.1936988449e-04    0.0000000000e+00
    1.2951242388e-04    0.0000000000e+00
    1.3930225396e-04    0.0000000000e+00
    1.4939271205e-04    0.0000000000e+00
    1.5927563072e-04    0.0000000000e+00
    1.6968246200e-04    0.0000000000e+00
    1.7952857888e-04    1.2208735466e+01
    1.8913974054e-04    1.0070745468e+01
    1.9887587405e-04    8.2821245193e+00
    2.0982899878e-04    6.6421332359e+00
    2.1956508863e-04    5.4551920891e+00
    2.2930116393e-04    4.4771437645e+00
    2.3903725378e-04    3.6715931892e+00
    2.4999040761e-04    2.9343972206e+00
    2.5972659932e-04    2.4021308422e+00
    2.6946279104e-04    1.9645336866e+00
    2.7919895365e-04    1.6049461365e+00
    2.8893514536e-04    1.3096255064e+00
    2.9988834285e-04    1.0401880741e+00
    3.0962453457e-04    8.4629005194e-01
    3.1936069718e-04    6.8742495775e-01
    3.2909688889e-04    5.5738419294e-01
    3.3883302240e-04    4.5104670525e-01
    3.4978619078e-04    3.5452201962e-01
    3.5952235339e-04    2.8545272350e-01
    3.6925845779e-04    2.2919519246e-01
    3.7899453309e-04    1.8344375491e-01
    3.8994755596e-04    1.4218108356e-01
    3.9968357305e-04    1.1286732554e-01
    4.0941956104e-04    8.9169360697e-02
    4.1915551992e-04    7.0056065917e-02
    4.2889144970e-04    5.4680641741e-02
    4.3984435615e-04    4.0991224349e-02
    4.4958025683e-04    3.1407132745e-02
    4.5931615750e-04    2.3778332397e-02
    4.6905202908e-04    1.7732666805e-02
    4.7878790065e-04    1.2965976261e-02
    4.8974074889e-04    8.8249361143e-03
    4.9947656225e-04    6.0085235164e-03
    5.0921243383e-04    3.8374022115e-03
    5.1894818898e-04    2.1811698098e-03
    5.2990094991e-04    8.0254103523e-04
    5.3963670507e-04   -8.5565123300e-05
    5.4937246023e-04   -7.2664616164e-04
    5.5910821538e-04   -1.1747553945e-03
    5.6884397054e-04   -1.4732737327e-03
    5.7979667326e-04   -1.6732286895e-03
    5.8953242842e-04   -1.7603856977e-03
    5.9926818358e-04   -1.7846713308e-03
    6.0900388053e-04   -1.7629050417e-03
    6.1995652504e-04   -1.6996767372e-03
    6.2969216378e-04   -1.6202337574e-03
    6.3942786073e-04   -1.5269826399e-03
    6.4916349947e-04   -1.4257812873e-03
    6.5889908001e-04   -1.3210453326e-03
    6.6985160811e-04   -1.2030357029e-03
    6.7958718864e-04   -1.1005607666e-03
    6.8932271097e-04   -1.0020603659e-03
    6.9905823329e-04   -9.0861303033e-04
    7.0879369741e-04   -8.2088983618e-04
    7.1974610910e-04   -7.2947982699e-04
    7.2948157322e-04   -6.5482006175e-04
    7.3921697913e-04   -5.8630161220e-04
    7.4895244325e-04   -5.2374106599e-04
    7.5990479672e-04   -4.6015132102e-04
    7.6964020263e-04   -4.0931088733e-04
    7.7937560854e-04   -3.6345550325e-04
    7.8911101446e-04   -3.2222116715e-04
    7.9884642037e-04   -2.8524259687e-04
    8.0979865743e-04   -2.4828387541e-04
    8.1953400513e-04   -2.1917800768e-04
    8.2926929463e-04   -1.9325858739e-04
    8.3900458412e-04   -1.7021945678e-04
    8.4995670477e-04   -1.4738847676e-04
    8.5969193606e-04   -1.2954814883e-04
    8.6942716734e-04   -1.1376643670e-04
    8.7916234042e-04   -9.9823933851e-05
    8.8889745530e-04   -8.7521206297e-05
    8.9984945953e-04   -7.5416428444e-05
    9.0958451619e-04   -6.6020278609e-05
    9.1931951465e-04   -5.7756315073e-05
    9.2905445490e-04   -5.0494822062e-05
    9.3878927873e-04   -4.4119762606e-05
    9.4974087551e-04   -3.7878849980e-05
    9.5947552472e-04   -3.3057505789e-05
    9.6921011573e-04   -2.8835000194e-05
    9.7894459032e-04   -2.5139521313e-05
    9.8989589605e-04   -2.1533120162e-05
    9.9963019602e-04   -1.8755335986e-05
    1.0093643796e-03   -1.6329007849e-05
    1.0190985631e-03   -1.4210848349e-05
    1.0288325138e-03   -1.2362684174e-05
    1.0397832375e-03   -1.0564535842e-05
    1.0495170718e-03   -9.1835117928e-06
    1.0592506733e-03   -7.9802848632e-06
    1.0689842748e-03   -6.9324073593e-06
    1.0799344163e-03   -5.9148169385e-06
    1.0896677850e-03   -5.1347060435e-06
    1.0994010372e-03   -4.4561493269e-06
    1.1091342894e-03   -3.8661469262e-06
    1.1188673088e-03   -3.3533301576e-06
    1.1298169848e-03   -2.8563454180e-06
    1.1395498877e-03   -2.4760993256e-06
    1.1492826743e-03   -2.1459466097e-06
    1.1590153445e-03   -1.8593763116e-06
    1.1699643219e-03   -1.5820342014e-06
    1.1796967592e-03   -1.3701153421e-06
    1.1894289637e-03   -1.1863290865e-06
    1.1991611682e-03   -1.0269811810e-06
    1.2088933727e-03   -8.8885656169e-07
    1.2198420009e-03   -7.5536650002e-07
    1.2295740889e-03   -6.5350479872e-07
    1.2393060606e-03   -5.6527517245e-07
    1.2490381487e-03   -4.8887034154e-07
    1.2599866604e-03   -4.1510170945e-07
    1.2697185157e-03   -3.5886495198e-07
    1.2794504873e-03   -3.1019607150e-07
    1.2891823426e-03   -2.6808453413e-07
    1.2989141978e-03   -2.3165353014e-07
    1.3098624768e-03   -1.9651564287e-07
    1.3195943320e-03   -1.6975560868e-07
    1.3293261873e-03   -1.4661814873e-07
    1.3390581589e-03   -1.2661621440e-07
    1.3487900142e-03   -1.0932765093e-07
    1.3597385259e-03   -9.2667811202e-08
    1.3694704976e-03   -7.9991231416e-08
    1.3792023528e-03   -6.9039508332e-08
    1.3889340917e-03   -5.9579392087e-08
    1.3998821378e-03   -5.0469417090e-08
    1.4096136438e-03   -4.3542328854e-08
    1.4193450334e-03   -3.7561601829e-08
    1.4290763065e-03   -3.2398698835e-08
    1.4388074633e-03   -2.7942393288e-08
    1.4497550437e-03   -2.3654340708e-08
    1.4594860841e-03   -2.0396132783e-08
    1.4692171244e-03   -1.7584822487e-08
    1.4789480483e-03   -1.5159367095e-08
    1.4898953959e-03   -1.2826591345e-08
    1.4996263199e-03   -1.1054938298e-08
    1.5093573602e-03   -9.5270396017e-09
    1.5190882841e-03   -8.2095406029e-09
    1.5288193244e-03   -7.0736212443e-09
    1.5397667885e-03   -5.9818798803e-09
    1.5494978288e-03   -5.1533164402e-09
    1.5592289856e-03   -4.4391743614e-09
    1.5689601423e-03   -3.8236938060e-09
    1.5799077228e-03   -3.2323521637e-09
    1.5896389959e-03   -2.7836946082e-09
    1.5993701527e-03   -2.3970994079e-09
    1.6091015423e-03   -2.0640100740e-09
    1.6188328154e-03   -1.7770501737e-09
    1.6297805123e-03   -1.5014739452e-09
    1.6395119019e-03   -1.2925024384e-09
    1.6492432915e-03   -1.1125357302e-09
    1.6589745646e-03   -9.5756447216e-10
    1.6699222615e-03   -8.0881140674e-10
    1.6796534183e-03   -6.9605965436e-10
    1.6893845750e-03   -5.9899118998e-10
    1.6991156153e-03   -5.1542858870e-10
    1.7088466557e-03   -4.4349551809e-10
    1.7197940033e-03   -3.7446851175e-10
    1.7295248108e-03   -3.2216057599e-10
    1.7392556183e-03   -2.7713895068e-10
    1.7489861930e-03   -2.3839116792e-10
    1.7599329585e-03   -2.0121848632e-10
    1.7696633004e-03   -1.7305819278e-10
    1.7793934094e-03   -1.4882851895e-10
    1.7891235184e-03   -1.2798280491e-10
    1.7988532782e-03   -1.1005015649e-10
    1.8097991124e-03   -9.2855070855e-11
    1.8195285229e-03   -7.9835311972e-11
    1.8292577006e-03   -6.8637776018e-11
    1.8389866455e-03   -5.9008006814e-11
    1.8499315483e-03   -4.9776960331e-11
    1.8596601440e-03   -4.2789188859e-11
    1.8693886232e-03   -3.6780713891e-11
    1.8791169859e-03   -3.1614526969e-11
    1.8888451159e-03   -2.7172746692e-11
    1.8997892039e-03   -2.2915933040e-11
    1.9095172174e-03   -1.9694365930e-11
    1.9192451145e-03   -1.6924904186e-11
    1.9289728953e-03   -1.4544204383e-11
    1.9399166340e-03   -1.2263082043e-11
    1.9496444147e-03   -1.0537068613e-11
    1.9593720790e-03   -9.0535695260e-12
    1.9690997433e-03   -7.7785772615e-12
    1.9788274076e-03   -6.6828513209e-12
    1.9897709135e-03   -5.6332590502e-12
    1.9994983450e-03   -4.8393155802e-12
    2.0092257764e-03   -4.1571095524e-12
    2.0189529750e-03   -3.5709419362e-12
    2.0298960153e-03   -3.0095685059e-12
    2.0396232139e-03   -2.5850109813e-12
    2.0493501797e-03   -2.2202667222e-12
    2.0590771455e-03   -1.9069216692e-12
    2.0688038785e-03   -1.6377423506e-12
    2.0797464531e-03   -1.3800002807e-12
    2.0894729532e-03   -1.1851115792e-12
    2.0991994534e-03   -1.0177085953e-12
    2.1089257207e-03   -8.7391980588e-13
    2.1198678296e-03   -7.3626087865e-13
    2.1295938641e-03   -6.3218755317e-13
    2.1393198986e-03   -5.4280527555e-13
    2.1490459330e-03   -4.6604300280e-13
    2.1599873435e-03   -3.9256477843e-13
    2.1697131451e-03   -3.3702242928e-13
    2.1794387139e-03   -2.8932764387e-13
    2.1891642828e-03   -2.4837323496e-13
    2.1988898516e-03   -2.1320793709e-13
    2.2098312620e-03   -1.7955400350e-13
    2.2195565980e-03   -1.5412027394e-13
    2.2292819340e-03   -1.3228448285e-13
    2.2390072700e-03   -1.1353837656e-13
    2.2499482147e-03   -9.5601030889e-14
    2.2596733179e-03   -8.2047304335e-14
    2.2693981882e-03   -7.0412744374e-14
    2.2791230585e-03   -6.0425968428e-14
    2.2888479289e-03   -5.1853937404e-14
    2.2997881752e-03   -4.3653387925e-14
    2.3095125798e-03   -3.7458195725e-14
    2.3192369845e-03   -3.2141241166e-14
    2.3289611563e-03   -2.7578178117e-14
    2.3399007041e-03   -2.3213532537e-14
    2.3496244103e-03   -1.9916697347e-14
    2.3593481164e-03   -1.7087581892e-14
    2.3690713570e-03   -1.4659893986e-14
    2.3787945975e-03   -1.2576727413e-14
    2.3897332139e-03   -1.0584433076e-14
    2.3995384108e-03   -9.0679984612e-15
    2.4099193979e-03   -7.6983131512e-15
    2.4196517188e-03   -6.6025176388e-15
    2.4293838069e-03   -5.6625147788e-15
    2.4397517554e-03   -4.8076887049e-15
    2.4494747631e-03   -4.1235562870e-15
    2.4591975380e-03   -3.5366664279e-15
    2.4689203128e-03   -3.0332124904e-15
    2.4798586965e-03   -2.5518741596e-15
    2.4895814713e-03   -2.1884652615e-15
    2.4993044790e-03   -1.8767514195e-15
    2.5090277195e-03   -1.6093877990e-15
    2.5199663360e-03   -1.3538046069e-15
    2.5296895765e-03   -1.1608681833e-15
    2.5394128170e-03   -9.9540072060e-16
    2.5491360575e-03   -8.5349660274e-16
    2.5588592980e-03   -7.3180401448e-16
    2.5698216632e-03   -6.1526249827e-16
    2.5799144059e-03   -5.2443515534e-16
    2.5890895631e-03   -4.5354447982e-16
    2.5992738083e-03   -3.8601107233e-16
    2.6088915765e-03   -3.3148637038e-16
    2.6198297273e-03   -2.7876651035e-16
    2.6295525022e-03   -2.3898161104e-16
    2.6392752770e-03   -2.0487062811e-16
    2.6489978191e-03   -1.7562496272e-16
    2.6599837001e-03   -1.4756666547e-16
    2.6699991431e-03   -1.2590959472e-16
    2.6795428712e-03   -1.0823449866e-16
    2.6899522636e-03   -9.1770553826e-17
    2.6996738743e-03   -7.8662057222e-17
    2.7094443794e-03   -6.7372259471e-17
    2.7199555188e-03   -5.7027690931e-17
    2.7294731699e-03   -4.9036911147e-17
    2.7398141101e-03   -4.1617825663e-17
    2.7495711111e-03   -3.5648979698e-17
    2.7592917904e-03   -3.0553196400e-17
    2.7697796468e-03   -2.5868272058e-17
    2.7793236077e-03   -2.2231883515e-17
    2.7893041261e-03   -1.8974179911e-17
    2.7994886041e-03   -1.6141183920e-17
    2.8094514273e-03   -1.3779259844e-17
    2.8192086611e-03   -1.1801208783e-17
    2.8293011710e-03   -1.0053181761e-17
    2.8397461865e-03   -8.5160849681e-18
    2.8498389293e-03   -7.2543566013e-18
    2.8595710173e-03   -6.2149466726e-18
    2.8696637601e-03   -5.2939327593e-18
    2.8791178484e-03   -4.5553001769e-18
    2.8892103583e-03   -3.8800412101e-18
    2.8998849448e-03   -3.2743390337e-18
    2.9093327466e-03   -2.8175407413e-18
    2.9194252566e-03   -2.3996457871e-18
    2.9295179993e-03   -2.0436617863e-18
    2.9396105092e-03   -1.7404293678e-18
    2.9497032519e-03   -1.4821441861e-18
    2.9597959947e-03   -1.2621538479e-18
    2.9698885046e-03   -1.0747884435e-18
    2.9793891590e-03   -9.2388495380e-19
    2.9899931978e-03   -7.8031555758e-19
    2.9996333178e-03   -6.6923797091e-19
    3.0095723923e-03   -5.7123319834e-19
    3.0192923732e-03   -4.8927267943e-19
    3.0290123541e-03   -4.1906251962e-19
    3.0399472453e-03   -3.5203555760e-19
    3.0493761878e-03   -3.0290661268e-19
    3.0599802267e-03   -2.5579136142e-19
    3.0694403686e-03   -2.1997658639e-19
    3.0796655919e-03   -1.8687794938e-19
    3.0898910481e-03   -1.5875623840e-19
    3.0994347762e-03   -1.3633804114e-19
    3.1096602324e-03   -1.1581682751e-19
    3.1196919736e-03   -9.8686931615e-20
    3.1294038054e-03   -8.4518814062e-20
    3.1391226221e-03   -7.2374846242e-20
    3.1490530819e-03   -6.1765531103e-20
    3.1596571207e-03   -5.2146092663e-20
    3.1696353108e-03   -4.4465710982e-20
    3.1790640205e-03   -3.8249913968e-20
    3.1896680593e-03   -3.2290181052e-20
    3.1993081793e-03   -2.7681369786e-20
    3.2090446912e-03   -2.3693334951e-20
    3.2199474517e-03   -1.9904888135e-20
    3.2296658028e-03   -1.7041381109e-20
    3.2391333953e-03   -1.4648132724e-20
    3.2497376669e-03   -1.2364050369e-20
    3.2593775541e-03   -1.0597980987e-20
    3.2695673872e-03   -9.0044878154e-21
    3.2797090244e-03   -7.6562876224e-21
    3.2893491443e-03   -6.5622346335e-21
    3.2999531832e-03   -5.5383199367e-21
    3.3095933031e-03   -4.7467036476e-21
    3.3188189846e-03   -4.0952104618e-21
    3.3297524787e-03   -3.4377945336e-21
    3.3394712955e-03   -2.9425011587e-21
    3.3491901122e-03   -2.5185088947e-21
    3.3589089289e-03   -2.1555660333e-21
    3.3698424231e-03   -1.8093451047e-21
    3.3793104813e-03   -1.5547720923e-21
    3.3899145201e-03   -1.3118996668e-21
    3.3995546401e-03   -1.1241702593e-21
    3.4092820715e-03   -9.6193946169e-22
    3.4190008882e-03   -8.2321959680e-22
    3.4299343824e-03   -6.9090790778e-22
    3.4396529663e-03   -5.9125016299e-22
    3.4495438449e-03   -5.0456225074e-22
    3.4591839649e-03   -4.3231056878e-22
    3.4697880037e-03   -3.6471622063e-22
    3.4794281237e-03   -3.1247663980e-22
    3.4890682437e-03   -2.6771366806e-22
    3.4996722825e-03   -2.2583830588e-22
    3.5093124025e-03   -1.9347724993e-22
    3.5195411183e-03   -1.6419130000e-22
    3.5292592365e-03   -1.4048118304e-22
    3.5389771219e-03   -1.2019208445e-22
    3.5491187591e-03   -1.0213369518e-22
    3.5597227979e-03   -8.6143850664e-23
    3.5693629179e-03   -7.3788723788e-23
    3.5799669567e-03   -6.2232776118e-23
    3.5896070767e-03   -5.3304145470e-23
    3.5997966770e-03   -4.5253946150e-23
    3.6095143296e-03   -3.8710938165e-23
    3.6192319822e-03   -3.3113089673e-23
    3.6298360210e-03   -2.7923183244e-23
    3.6394761410e-03   -2.3913800849e-23
    3.6499553826e-03   -2.0205075433e-23
    3.6596730351e-03   -1.7281370747e-23
    3.6693906877e-03   -1.4780323534e-23
    3.6791083403e-03   -1.2640887794e-23
    3.6888259929e-03   -1.0810823580e-23
    3.6997585557e-03   -9.0664052050e-24
    3.7098999601e-03   -7.7006321760e-24
    3.7195400801e-03   -6.5934205360e-24
    3.7291802000e-03   -5.6452420712e-24
    3.7397842389e-03   -4.7587923667e-24
    3.7494243588e-03   -4.0741900797e-24
    3.7590644788e-03   -3.4879686084e-24
    3.7687914446e-03   -2.9818202660e-24
    3.7798970006e-03   -2.4930099031e-24
    3.7895371206e-03   -2.1340894325e-24
    3.7991772406e-03   -1.8267864975e-24
    3.8097812794e-03   -1.5395545505e-24
    3.8195177913e-03   -1.3157298626e-24
    3.8291872479e-03   -1.1256281895e-24
    3.8389049005e-03   -9.6221348357e-25
    3.8496016059e-03   -8.0959557177e-25
    3.8598270621e-03   -6.8636090445e-25
    3.8693707902e-03   -5.8830598697e-25
    3.8795962464e-03   -4.9871919548e-25
    3.8898217026e-03   -4.2275874354e-25
    3.8993654307e-03   -3.6232546545e-25
    3.9095906541e-03   -3.0711740477e-25
    3.9198161103e-03   -2.6031206859e-25
    3.9293598384e-03   -2.2307837621e-25
    3.9395852946e-03   -1.8906775994e-25
    3.9498107508e-03   -1.6023677973e-25
    3.9593544789e-03   -1.3730411250e-25
    3.9695799351e-03   -1.1635858589e-25
    3.9798053913e-03   -9.8604661087e-26
    3.9893491194e-03   -8.4484260425e-26
    3.9995745756e-03   -7.1588868304e-26
    4.0098000318e-03   -6.0659798271e-26
    4.0193437599e-03   -5.1968529410e-26
    4.0295692161e-03   -4.4032107992e-26
    4.0397946723e-03   -3.7306535677e-26
    4.0493384004e-03   -3.1958539452e-26
    4.0595638566e-03   -2.7075431900e-26
    4.0697893128e-03   -2.2937696215e-26
    4.0793330409e-03   -1.9647791869e-26
    4.0895584971e-03   -1.6644179321e-26
    4.0997839533e-03   -1.4099310959e-26
    4.1093276814e-03   -1.2076069167e-26
    4.1195531376e-03   -1.0229043802e-26
    4.1297785938e-03   -8.6642457521e-27
    4.1393223219e-03   -7.4203022380e-27
    4.1495477781e-03   -6.2848120763e-27
    4.1594114155e-03   -5.3543113496e-27
    4.1690515354e-03   -4.5780556558e-27
    4.1796555743e-03   -3.8533917735e-27
    4.1893920861e-03   -3.2893955152e-27
    4.1999961250e-03   -2.7685412432e-27
    4.2096362449e-03   -2.3668964497e-27
    4.2192763649e-03   -2.0234648146e-27
    4.2298804037e-03   -1.7028995531e-27
    4.2395205237e-03   -1.4557211781e-27
    4.2491606437e-03   -1.2443833001e-27
    4.2597646825e-03   -1.0471365849e-27
    4.2694048025e-03   -8.9506419348e-28
    4.2790449224e-03   -7.6505905926e-28
    4.2896489613e-03   -6.4373702835e-28
    4.2992890812e-03   -5.5020968135e-28
    4.3094786815e-03   -4.6606801690e-28
    4.3191188015e-03   -3.9833284409e-28
    4.3297228403e-03   -3.3512712147e-28
    4.3393629603e-03   -2.8640689574e-28
    4.3499669991e-03   -2.4094803978e-28
    4.3596071191e-03   -2.0590988519e-28
    4.3692472391e-03   -1.7596327548e-28
    4.3796873651e-03   -1.4841951616e-28
    4.3896171264e-03   -1.2623133468e-28
    4.3992572464e-03   -1.0786626858e-28
    4.4098612852e-03   -9.0733075426e-29
    4.4191260822e-03   -7.8005447018e-29
    4.4288439676e-03   -6.6567421301e-29
    4.4395262375e-03   -5.5918491211e-29
    4.4491663575e-03   -4.7777510105e-29
    4.4597703964e-03   -4.0183432917e-29
    4.4694105163e-03   -3.4331627189e-29
    4.4790506363e-03   -2.9331323237e-29
    4.4897235930e-03   -2.4639526179e-29
    4.4999490492e-03   -2.0849520239e-29
    4.5098606497e-03   -1.7732676467e-29
    4.5195007697e-03   -1.5148535890e-29
    4.5291408896e-03   -1.2940682904e-29
    4.5397449285e-03   -1.0881550829e-29
    4.5494814403e-03   -9.2805064587e-30
    4.5598256402e-03   -7.8365946497e-30
    4.5688003302e-03   -6.7669903346e-30
    4.5797340572e-03   -5.6590479766e-30
    4.5894528739e-03   -4.8273385156e-30
    4.5991716906e-03   -4.1177608487e-30
    4.6096034348e-03   -3.4716482158e-30
    4.6192435548e-03   -2.9650124076e-30
    4.6298475936e-03   -2.4926148941e-30
    4.6394877136e-03   -2.1287568867e-30
    4.6491278335e-03   -1.8179749882e-30
    4.6598194167e-03   -1.5260336311e-30
    4.6698590741e-03   -1.2946932396e-30
    4.6794028021e-03   -1.1073532943e-30
    4.6897139400e-03   -9.3527051337e-31
    4.6993540600e-03   -7.9864393345e-31
    4.7099580988e-03   -6.7127587617e-31
    4.7195982188e-03   -5.7319140502e-31
    4.7292383388e-03   -4.8943005042e-31
    4.7398423776e-03   -4.1135061234e-31
    4.7493190505e-03   -3.5216851547e-31
    4.7590387985e-03   -3.0029898089e-31
    4.7699734569e-03   -2.5101445242e-31
    4.7796932049e-03   -2.1403565709e-31
    4.7894129530e-03   -1.8250114034e-31
    4.7990926541e-03   -1.5571151829e-31
    4.8096003011e-03   -1.3106014397e-31
    4.8195123672e-03   -1.1139258359e-31
    4.8291524872e-03   -9.5097410697e-32
    4.8397565261e-03   -7.9910058949e-32
    4.8493966460e-03   -6.8217146278e-32
    4.8593357205e-03   -5.7948850475e-32
    4.8690559343e-03   -4.9401825173e-32
    4.8794490285e-03   -4.1651564635e-32
    4.8890891485e-03   -3.5553102882e-32
    4.8996931873e-03   -2.9869884508e-32
    4.9097039737e-03   -2.5340105272e-32
    4.9195010215e-03   -2.1572047845e-32
    4.9291541800e-03   -1.8407098366e-32
    4.9388753250e-03   -1.5688495846e-32
    4.9493089318e-03   -1.3215041204e-32
    4.9599129707e-03   -1.1099910301e-32
    4.9695530906e-03   -9.4719409917e-33
    4.9791932106e-03   -8.0824251191e-33
    4.9896342680e-03   -6.8061255156e-33
    4.9992743880e-03   -5.8072153955e-33
    5.0091389567e-03   -4.9364319556e-33
    5.0191693008e-03   -4.1846122174e-33
    5.0288909115e-03   -3.5652512235e-33
    5.0398274325e-03   -2.9772042970e-33
    5.0495490432e-03   -2.5363342224e-33
    5.0592706539e-03   -2.1606618399e-33
    5.0689922646e-03   -1.8405585651e-33
    5.0796782598e-03   -1.5430763934e-33
    5.0893183798e-03   -1.3161348112e-33
    5.0999224186e-03   -1.1048065490e-33
    5.1094000228e-03   -9.4478383984e-34
    5.1191216335e-03   -8.0465315828e-34
    5.1288441755e-03   -6.8528074268e-34
    5.1397816278e-03   -5.7199371440e-34
    5.1495037042e-03   -4.8709808893e-34
    5.1592257805e-03   -4.1478741619e-34
    5.1689483225e-03   -3.5319860650e-34
    5.1792906597e-03   -2.9767736804e-34
    5.1893829368e-03   -2.5191174546e-34
    5.1987944171e-03   -2.1559092152e-34
    5.2097323351e-03   -1.7989859676e-34
    5.2194553427e-03   -1.5315930305e-34
    5.2291778848e-03   -1.3039019558e-34
    5.2396133542e-03   -1.0970030114e-34
    5.2492534742e-03   -9.3514042398e-35
    5.2596954629e-03   -7.8662302644e-35
    5.2694184706e-03   -6.6959544657e-35
    5.2791414782e-03   -5.6996122268e-35
    5.2888644859e-03   -4.8513788323e-35
    5.2995104343e-03   -4.0666014697e-35
    5.3091505542e-03   -3.4659654694e-35
    5.3197545931e-03   -2.9071177767e-35
    5.3293947130e-03   -2.4775991434e-35
    5.3399987519e-03   -2.0779896092e-35
    5.3496388718e-03   -1.7708763563e-35
    5.3592789918e-03   -1.5091129063e-35
    5.3699794225e-03   -1.2635730577e-35
    5.3796540014e-03   -1.0761148556e-35
    5.3893360309e-03   -9.1633300224e-36
    5.3999405354e-03   -7.6839814309e-36
    5.4092551582e-03   -6.5827289040e-36
    5.4195336998e-03   -5.5495795723e-36
    5.4291738197e-03   -4.7283356256e-36
    5.4397778586e-03   -3.9644956800e-36
    5.4494179785e-03   -3.3776284752e-36
    5.4596504197e-03   -2.8493499851e-36
    5.4695424624e-03   -2.4172924949e-36
    5.4791821167e-03   -2.0592858037e-36
    5.4894150235e-03   -1.7370397112e-36
    5.4991403595e-03   -1.4776064973e-36
    5.5088652298e-03   -1.2568814069e-36
    5.5198059417e-03   -1.0476842721e-36
    5.5295312777e-03   -8.9112107345e-37
    5.5392561480e-03   -7.5792973955e-37
    5.5489819497e-03   -6.4462469178e-37
    5.5599231273e-03   -5.3725146372e-37
    5.5696484633e-03   -4.5690423837e-37
    5.5793742649e-03   -3.8856042356e-37
    5.5891000666e-03   -3.3042866659e-37
    5.5988258682e-03   -2.8098471348e-37
    5.6097675115e-03   -2.3413773636e-37
    5.6194933131e-03   -1.9908857128e-37
    5.6291334331e-03   -1.6952357270e-37
    5.6397374719e-03   -1.4204201348e-37
    5.6497198530e-03   -1.2025266313e-37
    5.6594461203e-03   -1.0223770460e-37
    5.6693810038e-03   -8.6616578630e-38
    5.6799850427e-03   -7.2564778019e-38
    5.6899241172e-03   -6.1469251937e-38
    5.6996508501e-03   -5.2253433221e-38
    5.7093775831e-03   -4.4417840242e-38
    5.7191043161e-03   -3.7755986067e-38
    5.7288315147e-03   -3.2092251565e-38
    5.7397307828e-03   -2.6747957061e-38
    5.7493709028e-03   -2.2767120358e-38
    5.7599749416e-03   -1.9068351022e-38
    5.7696150616e-03   -1.6229502502e-38
    5.7792551816e-03   -1.3812929669e-38
    5.7896981016e-03    0.0000000000e+00
    5.7994257659e-03    0.0000000000e+00
    5.8090658858e-03    0.0000000000e+00
    5.8196699247e-03    0.0000000000e+00
    5.8288965374e-03    0.0000000000e+00
    5.8398405090e-03    0.0000000000e+00
    5.8495686390e-03    0.0000000000e+00
    5.8592963032e-03    0.0000000000e+00
    5.8690244332e-03    0.0000000000e+00
    5.8792126365e-03    0.0000000000e+00
    5.8898166753e-03    0.0000000000e+00
    5.8994567953e-03    0.0000000000e+00
    5.9090969153e-03    0.0000000000e+00
    5.9197009541e-03    0.0000000000e+00
    5.9293410741e-03    0.0000000000e+00
    5.9399455786e-03    0.0000000000e+00
    5.9494688176e-03    0.0000000000e+00
    5.9599531814e-03    0.0000000000e+00
    5.9691281058e-03    0.0000000000e+00
    5.9797321446e-03    0.0000000000e+00
    5.9893722646e-03    0.0000000000e+00
    5.9998603538e-03    0.0000000000e+00
    6.0097523965e-03    0.0000000000e+00
    6.0193925165e-03    0.0000000000e+00
    6.0299965553e-03    0.0000000000e+00
    6.0396366753e-03    0.0000000000e+00
    6.0492767952e-03    0.0000000000e+00
    6.0598808341e-03    0.0000000000e+00
    6.0695209540e-03    0.0000000000e+00
    6.0791610740e-03    0.0000000000e+00
    6.0897651128e-03    0.0000000000e+00
    6.0994052328e-03    0.0000000000e+00
    6.1090453528e-03    0.0000000000e+00
    6.1196493916e-03    0.0000000000e+00
    6.1292895116e-03    0.0000000000e+00
    6.1398935504e-03    0.0000000000e+00
    6.1495336704e-03    0.0000000000e+00
    6.1591737904e-03    0.0000000000e+00
    6.1694057658e-03    0.0000000000e+00
    6.1799632385e-03    0.0000000000e+00
    6.1896033585e-03    0.0000000000e+00
    6.1992434785e-03    0.0000000000e+00
    6.2098475173e-03    0.0000000000e+00
    6.2194876373e-03    0.0000000000e+00
    6.2291277573e-03    0.0000000000e+00
    6.2397317961e-03    0.0000000000e+00
    6.2493719161e-03    0.0000000000e+00
    6.2599764206e-03    0.0000000000e+00
    6.2699606642e-03    0.0000000000e+00
    6.2796915881e-03    0.0000000000e+00
    6.2895840965e-03    0.0000000000e+00
    6.2998207286e-03    0.0000000000e+00
    6.3095516525e-03    0.0000000000e+00
    6.3192825764e-03    0.0000000000e+00
    6.3298135065e-03    0.0000000000e+00
    6.3390866853e-03    0.0000000000e+00
    6.3488176093e-03    0.0000000000e+00
    6.3596740365e-03    0.0000000000e+00
    6.3693141565e-03    0.0000000000e+00
    6.3792532310e-03    0.0000000000e+00
    6.3896505162e-03    0.0000000000e+00
    6.3992906362e-03    0.0000000000e+00
    6.4098946750e-03    0.0000000000e+00
    6.4195347950e-03    0.0000000000e+00
    6.4297262579e-03    0.0000000000e+00
    6.4397552051e-03    0.0000000000e+00
    6.4498339780e-03    0.0000000000e+00
    6.4594256692e-03    0.0000000000e+00
    6.4698364586e-03    0.0000000000e+00
    6.4796209335e-03    0.0000000000e+00
    6.4893672243e-03    0.0000000000e+00
    6.4996611327e-03    0.0000000000e+00
    6.5095736645e-03    0.0000000000e+00
    6.5198671073e-03    0.0000000000e+00
    6.5294108354e-03    0.0000000000e+00
    6.5393913537e-03    0.0000000000e+00
    6.5488712862e-03    0.0000000000e+00
    6.5597733483e-03    0.0000000000e+00
    6.5699988045e-03    0.0000000000e+00
    6.5795425326e-03    0.0000000000e+00
    6.5897679888e-03    0.0000000000e+00
    6.5999934450e-03    0.0000000000e+00
    6.6095371731e-03    0.0000000000e+00
    6.6197626293e-03    0.0000000000e+00
    6.6299568862e-03    0.0000000000e+00
    6.6398954950e-03    0.0000000000e+00
    6.6495356150e-03    0.0000000000e+00
    6.6591757350e-03    0.0000000000e+00
    6.6697797738e-03    0.0000000000e+00
    6.6794198938e-03    0.0000000000e+00
    6.6890600137e-03    0.0000000000e+00
    6.6996640526e-03    0.0000000000e+00
    6.7093041725e-03    0.0000000000e+00
    6.7190406844e-03    0.0000000000e+00
    6.7296405323e-03    0.0000000000e+00
    6.7392806523e-03    0.0000000000e+00
    6.7498846911e-03    0.0000000000e+00
    6.7595248111e-03    0.0000000000e+00
    6.7691649310e-03    0.0000000000e+00
    6.7799063399e-03    0.0000000000e+00
    6.7896377295e-03    0.0000000000e+00
    6.7997826263e-03    0.0000000000e+00
    6.8094227463e-03    0.0000000000e+00
    6.8190628663e-03    0.0000000000e+00
    6.8290471099e-03    0.0000000000e+00
    6.8399040028e-03    0.0000000000e+00
    6.8495436572e-03    0.0000000000e+00
    6.8591837771e-03    0.0000000000e+00
    6.8697882816e-03    0.0000000000e+00
    6.8797268905e-03    0.0000000000e+00
    6.8899174221e-03    0.0000000000e+00
    6.8995575421e-03    0.0000000000e+00
    6.9091976620e-03    0.0000000000e+00
    6.9189341739e-03    0.0000000000e+00
    6.9298320450e-03    0.0000000000e+00
    6.9395634346e-03    0.0000000000e+00
    6.9492948242e-03    0.0000000000e+00
    6.9590262137e-03    0.0000000000e+00
    6.9692167453e-03    0.0000000000e+00
    6.9798212498e-03    0.0000000000e+00
    6.9894609042e-03    0.0000000000e+00
    6.9991010241e-03    0.0000000000e+00
    7.0097055286e-03    0.0000000000e+00
    7.0189782418e-03    0.0000000000e+00
    7.0299264044e-03    0.0000000000e+00
    7.0396582596e-03    0.0000000000e+00
    7.0490916260e-03    0.0000000000e+00
    7.0596956648e-03    0.0000000000e+00
    7.0693357848e-03    0.0000000000e+00
    7.0799398236e-03    0.0000000000e+00
    7.0895799436e-03    0.0000000000e+00
    7.0992200635e-03    0.0000000000e+00
    7.1099204943e-03    0.0000000000e+00
    7.1196025237e-03    0.0000000000e+00
    7.1297474205e-03    0.0000000000e+00
    7.1393875405e-03    0.0000000000e+00
    7.1499915794e-03    0.0000000000e+00
    7.1597280912e-03    0.0000000000e+00
    7.1694101207e-03    0.0000000000e+00
    7.1793026291e-03    0.0000000000e+00
    7.1899066679e-03    0.0000000000e+00
    7.1995467879e-03    0.0000000000e+00
    7.2091869079e-03    0.0000000000e+00
    7.2196307592e-03    0.0000000000e+00
    7.2297756560e-03    0.0000000000e+00
    7.2394157760e-03    0.0000000000e+00
    7.2488957085e-03    0.0000000000e+00
    7.2598969564e-03    0.0000000000e+00
    7.2694406845e-03    0.0000000000e+00
    7.2798514739e-03    0.0000000000e+00
    7.2899963707e-03    0.0000000000e+00
    7.2996364906e-03    0.0000000000e+00
    7.3092766106e-03    0.0000000000e+00
    7.3198806494e-03    0.0000000000e+00
    7.3296171613e-03    0.0000000000e+00
    7.3392991908e-03    0.0000000000e+00
    7.3496964760e-03    0.0000000000e+00
    7.3593365960e-03    0.0000000000e+00
    7.3699406348e-03    0.0000000000e+00
    7.3795807548e-03    0.0000000000e+00
    7.3892208748e-03    0.0000000000e+00
    7.3998249136e-03    0.0000000000e+00
    7.4094650336e-03    0.0000000000e+00
    7.4191051535e-03    0.0000000000e+00
    7.4292966165e-03    0.0000000000e+00
    7.4398522265e-03    0.0000000000e+00
    7.4494676664e-03    0.0000000000e+00
    7.4590719305e-03    0.0000000000e+00
    7.4692168273e-03    0.0000000000e+00
    7.4798208661e-03    0.0000000000e+00
    7.4890935794e-03    0.0000000000e+00
    7.4999956414e-03    0.0000000000e+00
    7.5096357614e-03    0.0000000000e+00
    7.5192758814e-03    0.0000000000e+00
    7.5298799202e-03    0.0000000000e+00
    7.5393547304e-03    0.0000000000e+00
    7.5499000959e-03    0.0000000000e+00
    7.5596324168e-03    0.0000000000e+00
    7.5697768480e-03    0.0000000000e+00
    7.5794169679e-03    0.0000000000e+00
    7.5890570879e-03    0.0000000000e+00
    7.5996611267e-03    0.0000000000e+00
    7.6093012467e-03    0.0000000000e+00
    7.6199742034e-03    0.0000000000e+00
    7.6290392317e-03    0.0000000000e+00
    7.6396432705e-03    0.0000000000e+00
    7.6492833905e-03    0.0000000000e+00
    7.6598874293e-03    0.0000000000e+00
    7.6695275493e-03    0.0000000000e+00
    7.6791676693e-03    0.0000000000e+00
    7.6898406260e-03    0.0000000000e+00
    7.6997042634e-03    0.0000000000e+00
    7.7093443833e-03    0.0000000000e+00
    7.7199484222e-03    0.0000000000e+00
    7.7298604883e-03    0.0000000000e+00
    7.7397720888e-03    0.0000000000e+00
    7.7494122088e-03    0.0000000000e+00
    7.7590523288e-03    0.0000000000e+00
    7.7696563676e-03    0.0000000000e+00
    7.7793654054e-03    0.0000000000e+00
    7.7895908616e-03    0.0000000000e+00
    7.7994544990e-03    0.0000000000e+00
    7.8090946190e-03    0.0000000000e+00
    7.8196981922e-03    0.0000000000e+00
    7.8293383121e-03    0.0000000000e+00
    7.8399423510e-03    0.0000000000e+00
    7.8496029601e-03    0.0000000000e+00
    7.8590465710e-03    0.0000000000e+00
    7.8697828576e-03    0.0000000000e+00
    7.8793661669e-03    0.0000000000e+00
    7.8899702057e-03    0.0000000000e+00
    7.8996103257e-03    0.0000000000e+00
    7.9092504457e-03    0.0000000000e+00
    7.9195722938e-03    0.0000000000e+00
    7.9297982156e-03    0.0000000000e+00
    7.9392623156e-03    0.0000000000e+00
    7.9498663545e-03    0.0000000000e+00
    7.9599739984e-03    0.0000000000e+00
    7.9694185406e-03    0.0000000000e+00
    7.9790474847e-03    0.0000000000e+00
    7.9896515235e-03    0.0000000000e+00
    7.9993270338e-03    0.0000000000e+00
    8.0094840378e-03    0.0000000000e+00
    8.0196298659e-03    0.0000000000e+00
    8.0292699859e-03    0.0000000000e+00
    8.0398255959e-03    0.0000000000e+00
    8.0493697897e-03    0.0000000000e+00
    8.0596804619e-03    0.0000000000e+00
    8.0693205819e-03    0.0000000000e+00
    8.0799246207e-03    0.0000000000e+00
    8.0899158493e-03    0.0000000000e+00
    8.0994600430e-03    0.0000000000e+00
    8.1097539514e-03    0.0000000000e+00
    8.1199789420e-03    0.0000000000e+00
    8.1297252327e-03    0.0000000000e+00
    8.1393653527e-03    0.0000000000e+00
    8.1499693915e-03    0.0000000000e+00
    8.1596095115e-03    0.0000000000e+00
    8.1694843248e-03    0.0000000000e+00
    8.1797093153e-03    0.0000000000e+00
    8.1899352372e-03    0.0000000000e+00
    8.1995641813e-03    0.0000000000e+00
    8.2092043012e-03    0.0000000000e+00
    8.2198083401e-03    0.0000000000e+00
    8.2294484600e-03    0.0000000000e+00
    8.2390885800e-03    0.0000000000e+00
    8.2496926188e-03    0.0000000000e+00
    8.2595190033e-03    0.0000000000e+00
    8.2697449252e-03    0.0000000000e+00
    8.2799699157e-03    0.0000000000e+00
    8.2895141095e-03    0.0000000000e+00
    8.2997391000e-03    0.0000000000e+00
    8.3093205467e-03    0.0000000000e+00
    8.3195455372e-03    0.0000000000e+00
    8.3297714591e-03    0.0000000000e+00
    8.3399964496e-03    0.0000000000e+00
    8.3495406434e-03    0.0000000000e+00
    8.3597656339e-03    0.0000000000e+00
    8.3699915558e-03    0.0000000000e+00
    8.3795348182e-03    0.0000000000e+00
    8.3897607401e-03    0.0000000000e+00
    8.3999857306e-03    0.0000000000e+00
    8.4095299244e-03    0.0000000000e+00
    8.4197549149e-03    0.0000000000e+00
    8.4299808368e-03    0.0000000000e+00
    8.4395240992e-03    0.0000000000e+00
    8.4497500211e-03    0.0000000000e+00
    8.4597300738e-03    0.0000000000e+00
    8.4693701938e-03    0.0000000000e+00
    8.4799742326e-03    0.0000000000e+00
    8.4898490459e-03    0.0000000000e+00
    8.4990793839e-03    0.0000000000e+00
    8.5096834227e-03    0.0000000000e+00
    8.5193235427e-03    0.0000000000e+00
    8.5299275815e-03    0.0000000000e+00
    8.5396841168e-03    0.0000000000e+00
    8.5494313389e-03    0.0000000000e+00
    8.5590714589e-03    0.0000000000e+00
    8.5696270689e-03    0.0000000000e+00
    8.5798520595e-03    0.0000000000e+00
    8.5899988189e-03    0.0000000000e+00
    8.5995309055e-03    0.0000000000e+00
    8.6095705628e-03    0.0000000000e+00
    8.6197955534e-03    0.0000000000e+00
    8.6293397471e-03    0.0000000000e+00
    8.6394855753e-03    0.0000000000e+00
    8.6494432762e-03    0.0000000000e+00
    8.6590833962e-03    0.0000000000e+00
    8.6694741622e-03    0.0000000000e+00
    8.6792288348e-03    0.0000000000e+00
    8.6897769943e-03    0.0000000000e+00
    8.6994171143e-03    0.0000000000e+00
    8.7090572342e-03    0.0000000000e+00
    8.7196612731e-03    0.0000000000e+00
    8.7293703109e-03    0.0000000000e+00
    8.7395953014e-03    0.0000000000e+00
    8.7498212233e-03    0.0000000000e+00
    8.7598012760e-03    0.0000000000e+00
    8.7694413960e-03    0.0000000000e+00
    8.7790815160e-03    0.0000000000e+00
    8.7896855548e-03    0.0000000000e+00
    8.7993256748e-03    0.0000000000e+00
    8.8097164407e-03    0.0000000000e+00
    8.8199423626e-03    0.0000000000e+00
    8.8294856250e-03    0.0000000000e+00
    8.8397115469e-03    0.0000000000e+00
    8.8493227959e-03    0.0000000000e+00
    8.8595664129e-03    0.0000000000e+00
    8.8694300503e-03    0.0000000000e+00
    8.8790701702e-03    0.0000000000e+00
    8.8896742091e-03    0.0000000000e+00
    8.8993143290e-03    0.0000000000e+00
    8.9099183679e-03    0.0000000000e+00
    8.9195584878e-03    0.0000000000e+00
    8.9298319072e-03    0.0000000000e+00
    8.9393751696e-03    0.0000000000e+00
    8.9499689639e-03    0.0000000000e+00
    8.9596090838e-03    0.0000000000e+00
    8.9692492038e-03    0.0000000000e+00
    8.9798532426e-03    0.0000000000e+00
    8.9894933626e-03    0.0000000000e+00
    8.9991334826e-03    0.0000000000e+00
    9.0095242485e-03    0.0000000000e+00
    9.0191541240e-03    0.0000000000e+00
    9.0297581628e-03    0.0000000000e+00
    9.0398658067e-03    0.0000000000e+00
    9.0494100004e-03    0.0000000000e+00
    9.0596349910e-03    0.0000000000e+00
    9.0698609129e-03    0.0000000000e+00
    9.0794041753e-03    0.0000000000e+00
    9.0896980837e-03    0.0000000000e+00
    9.0993279591e-03    0.0000000000e+00
    9.1098835692e-03    0.0000000000e+00
    9.1194957495e-03    0.0000000000e+00
    9.1295018792e-03    0.0000000000e+00
    9.1391419992e-03    0.0000000000e+00
    9.1494163498e-03    0.0000000000e+00
    9.1596413404e-03    0.0000000000e+00
    9.1698672622e-03    0.0000000000e+00
    9.1794105247e-03    0.0000000000e+00
    9.1893225908e-03    0.0000000000e+00
    9.1999843717e-03    0.0000000000e+00
    9.2096934095e-03    0.0000000000e+00
    9.2199193314e-03    0.0000000000e+00
    9.2294625938e-03    0.0000000000e+00
    9.2396885157e-03    0.0000000000e+00
    9.2499135062e-03    0.0000000000e+00
    9.2594577000e-03    0.0000000000e+00
    9.2696826905e-03    0.0000000000e+00
    9.2795947567e-03    0.0000000000e+00
    9.2894099653e-03    0.0000000000e+00
    9.2999171466e-03    0.0000000000e+00
    9.3094613403e-03    0.0000000000e+00
    9.3196863309e-03    0.0000000000e+00
    9.3299122527e-03    0.0000000000e+00
    9.3392105773e-03    0.0000000000e+00
    9.3498146161e-03    0.0000000000e+00
    9.3594547361e-03    0.0000000000e+00
    9.3690948561e-03    0.0000000000e+00
    9.3796988949e-03    0.0000000000e+00
    9.3893390149e-03    0.0000000000e+00
    9.3998471275e-03    0.0000000000e+00
    9.4093913212e-03    0.0000000000e+00
    9.4196163118e-03    0.0000000000e+00
    9.4298422337e-03    0.0000000000e+00
    9.4393854961e-03    0.0000000000e+00
    9.4496114179e-03    0.0000000000e+00
    9.4598364085e-03    0.0000000000e+00
    9.4693806022e-03    0.0000000000e+00
    9.4796055928e-03    0.0000000000e+00
    9.4898305833e-03    0.0000000000e+00
    9.4993747771e-03    0.0000000000e+00
    9.5095997676e-03    0.0000000000e+00
    9.5198256895e-03    0.0000000000e+00
    9.5291249454e-03    0.0000000000e+00
    9.5397289842e-03    0.0000000000e+00
    9.5499539748e-03    0.0000000000e+00
    9.5594981685e-03    0.0000000000e+00
    9.5697231591e-03    0.0000000000e+00
    9.5799490809e-03    0.0000000000e+00
    9.5894923434e-03    0.0000000000e+00
    9.5997182652e-03    0.0000000000e+00
    9.6099432558e-03    0.0000000000e+00
    9.6194874495e-03    0.0000000000e+00
    9.6297124401e-03    0.0000000000e+00
    9.6399383619e-03    0.0000000000e+00
    9.6498494968e-03    0.0000000000e+00
    9.6593163908e-03    0.0000000000e+00
    9.6694249660e-03    0.0000000000e+00
    9.6796881407e-03    0.0000000000e+00
    9.6893282607e-03    0.0000000000e+00
    9.6996016800e-03    0.0000000000e+00
    9.7093572840e-03    0.0000000000e+00
    9.7194565460e-03    0.0000000000e+00
    9.7292121500e-03    0.0000000000e+00
    9.7394771874e-03    0.0000000000e+00
    9.7497021779e-03    0.0000000000e+00
    9.7599085420e-03    0.0000000000e+00
    9.7694825381e-03    0.0000000000e+00
    9.7797075287e-03    0.0000000000e+00
    9.7899334505e-03    0.0000000000e+00
    9.7994767129e-03    0.0000000000e+00
    9.8094576970e-03    0.0000000000e+00
    9.8196826875e-03    0.0000000000e+00
    9.8299086094e-03    0.0000000000e+00
    9.8394518718e-03    0.0000000000e+00
    9.8496777937e-03    0.0000000000e+00
    9.8597062752e-03    0.0000000000e+00
    9.8699321970e-03    0.0000000000e+00
    9.8794754595e-03    0.0000000000e+00
    9.8897013813e-03    0.0000000000e+00
    9.8999263719e-03    0.0000000000e+00
    9.9094705656e-03    0.0000000000e+00
    9.9196955562e-03    0.0000000000e+00
    9.9299214780e-03    0.0000000000e+00
    9.9394647405e-03    0.0000000000e+00
    9.9496906623e-03    0.0000000000e+00
    9.9599156529e-03    0.0000000000e+00
    9.9694598466e-03    0.0000000000e+00
    9.9797220901e-03    0.0000000000e+00
    9.9893622100e-03    0.0000000000e+00
    9.9998014048e-03    0.0000000000e+00
    1.0009557009e-02    0.0000000000e+00
    1.0019781999e-02    0.0000000000e+00
    1.0029326193e-02    0.0000000000e+00
    1.0039551184e-02    0.0000000000e+00
    1.0049776174e-02    0.0000000000e+00
    1.0059805587e-02    0.0000000000e+00
    1.0069631971e-02    0.0000000000e+00
    1.0079856962e-02    0.0000000000e+00
    1.0089203715e-02    0.0000000000e+00
    1.0099478066e-02    0.0000000000e+00
    1.0109703057e-02    0.0000000000e+00
    1.0119458660e-02    0.0000000000e+00
    1.0129683651e-02    0.0000000000e+00
    1.0139829479e-02    0.0000000000e+00
    1.0149373673e-02    0.0000000000e+00
    1.0159598663e-02    0.0000000000e+00
    1.0169824585e-02    0.0000000000e+00
    1.0179367848e-02    0.0000000000e+00
    1.0189593770e-02    0.0000000000e+00
    1.0199818760e-02    0.0000000000e+00
    1.0209362954e-02    0.0000000000e+00
    1.0219587944e-02    0.0000000000e+00
    1.0229782201e-02    0.0000000000e+00
    1.0239422321e-02    0.0000000000e+00
    1.0249530897e-02    0.0000000000e+00
    1.0259755887e-02    0.0000000000e+00
    1.0269981809e-02    0.0000000000e+00
    1.0279525071e-02    0.0000000000e+00
    1.0289750993e-02    0.0000000000e+00
    1.0299975984e-02    0.0000000000e+00
    1.0309520178e-02    0.0000000000e+00
    1.0319745168e-02    0.0000000000e+00
    1.0329971090e-02    0.0000000000e+00
    1.0339514352e-02    0.0000000000e+00
    1.0349740274e-02    0.0000000000e+00
    1.0359965265e-02    0.0000000000e+00
    1.0369509459e-02    0.0000000000e+00
    1.0379937477e-02    0.0000000000e+00
    1.0389364325e-02    0.0000000000e+00
    1.0399589315e-02    0.0000000000e+00
    1.0409815237e-02    0.0000000000e+00
    1.0419358499e-02    0.0000000000e+00
    1.0429584421e-02    0.0000000000e+00
    1.0439809412e-02    0.0000000000e+00
    1.0449353606e-02    0.0000000000e+00
    1.0459790006e-02    0.0000000000e+00
    1.0469334200e-02    0.0000000000e+00
    1.0479559191e-02    0.0000000000e+00
    1.0489785112e-02    0.0000000000e+00
    1.0499328375e-02    0.0000000000e+00
    1.0509554297e-02    0.0000000000e+00
    1.0519779287e-02    0.0000000000e+00
    1.0529323481e-02    0.0000000000e+00
    1.0539548472e-02    0.0000000000e+00
    1.0549774393e-02    0.0000000000e+00
    1.0559999384e-02    0.0000000000e+00
    1.0569543578e-02    0.0000000000e+00
    1.0579768568e-02    0.0000000000e+00
    1.0589994490e-02    0.0000000000e+00
    1.0599537753e-02    0.0000000000e+00
    1.0609763674e-02    0.0000000000e+00
    1.0619988665e-02    0.0000000000e+00
    1.0629532859e-02    0.0000000000e+00
    1.0639757849e-02    0.0000000000e+00
    1.0649983771e-02    0.0000000000e+00
    1.0659527034e-02    0.0000000000e+00
    1.0669752955e-02    0.0000000000e+00
    1.0679977946e-02    0.0000000000e+00
    1.0689522140e-02    0.0000000000e+00
    1.0699747130e-02    0.0000000000e+00
    1.0709972121e-02    0.0000000000e+00
    1.0719516315e-02    0.0000000000e+00
    1.0729741305e-02    0.0000000000e+00
    1.0739967227e-02    0.0000000000e+00
    1.0749510489e-02    0.0000000000e+00
    1.0759736411e-02    0.0000000000e+00
    1.0769961402e-02    0.0000000000e+00
    1.0779505596e-02    0.0000000000e+00
    1.0789730586e-02    0.0000000000e+00
    1.0799956508e-02    0.0000000000e+00
    1.0809499770e-02    0.0000000000e+00
    1.0819725692e-02    0.0000000000e+00
    1.0829950683e-02    0.0000000000e+00
    1.0839494877e-02    0.0000000000e+00
    1.0849719867e-02    0.0000000000e+00
    1.0859945789e-02    0.0000000000e+00
    1.0869489051e-02    0.0000000000e+00
    1.0879714973e-02    0.0000000000e+00
    1.0889939964e-02    0.0000000000e+00
    1.0899484158e-02    0.0000000000e+00
    1.0909709148e-02    0.0000000000e+00
    1.0919935070e-02    0.0000000000e+00
    1.0929478332e-02    0.0000000000e+00
    1.0939704254e-02    0.0000000000e+00
    1.0949929245e-02    0.0000000000e+00
    1.0959473439e-02    0.0000000000e+00
    1.0969698429e-02    0.0000000000e+00
    1.0979924351e-02    0.0000000000e+00
    1.0989467613e-02    0.0000000000e+00
    1.0999693535e-02    0.0000000000e+00
    1.1009918526e-02    0.0000000000e+00
    1.1019462720e-02    0.0000000000e+00
    1.1029687710e-02    0.0000000000e+00
    1.1039913632e-02    0.0000000000e+00
    1.1049456894e-02    0.0000000000e+00
    1.1059682816e-02    0.0000000000e+00
    1.1069907807e-02    0.0000000000e+00
    1.1079452001e-02    0.0000000000e+00
    1.1089676991e-02    0.0000000000e+00
    1.1099902913e-02    0.0000000000e+00
    1.1109446175e-02    0.0000000000e+00
    1.1119672097e-02    0.0000000000e+00
    1.1129897088e-02    0.0000000000e+00
    1.1139441282e-02    0.0000000000e+00
    1.1149666272e-02    0.0000000000e+00
    1.1159892194e-02    0.0000000000e+00
    1.1169435456e-02    0.0000000000e+00
    1.1179661378e-02    0.0000000000e+00
    1.1189886369e-02    0.0000000000e+00
    1.1199430563e-02    0.0000000000e+00
    1.1209655553e-02    0.0000000000e+00
    1.1219567619e-02    0.0000000000e+00
    1.1229394004e-02    0.0000000000e+00
    1.1239618994e-02    0.0000000000e+00
    1.1249844916e-02    0.0000000000e+00
    1.1259388179e-02    0.0000000000e+00
    1.1269614100e-02    0.0000000000e+00
    1.1279839091e-02    0.0000000000e+00
    1.1289383285e-02    0.0000000000e+00
    1.1299608275e-02    0.0000000000e+00
    1.1309833266e-02    0.0000000000e+00
    1.1319377460e-02    0.0000000000e+00
    1.1329571716e-02    0.0000000000e+00
    1.1339211836e-02    0.0000000000e+00
    1.1349815875e-02    0.0000000000e+00
    1.1359455995e-02    0.0000000000e+00
    1.1369096115e-02    0.0000000000e+00
    1.1379700154e-02    0.0000000000e+00
    1.1389340274e-02    0.0000000000e+00
    1.1399944313e-02    0.0000000000e+00
    1.1409418657e-02    0.0000000000e+00
    1.1419644579e-02    0.0000000000e+00
    1.1429869570e-02    0.0000000000e+00
    1.1439413764e-02    0.0000000000e+00
    1.1449638754e-02    0.0000000000e+00
    1.1459864676e-02    0.0000000000e+00
    1.1469407938e-02    0.0000000000e+00
    1.1479633860e-02    0.0000000000e+00
    1.1489858851e-02    0.0000000000e+00
    1.1499403045e-02    0.0000000000e+00
    1.1509628035e-02    0.0000000000e+00
    1.1519853957e-02    0.0000000000e+00
    1.1529397219e-02    0.0000000000e+00
    1.1539623141e-02    0.0000000000e+00
    1.1549848132e-02    0.0000000000e+00
    1.1559392326e-02    0.0000000000e+00
    1.1569617316e-02    0.0000000000e+00
    1.1579843238e-02    0.0000000000e+00
    1.1589386500e-02    0.0000000000e+00
    1.1599612422e-02    0.0000000000e+00
    1.1609837413e-02    0.0000000000e+00
    1.1619381607e-02    0.0000000000e+00
    1.1629606597e-02    0.0000000000e+00
    1.1639832519e-02    0.0000000000e+00
    1.1649375781e-02    0.0000000000e+00
    1.1659601703e-02    0.0000000000e+00
    1.1669465341e-02    0.0000000000e+00
    1.1679105461e-02    0.0000000000e+00
    1.1689496227e-02    0.0000000000e+00
    1.1699721217e-02    0.0000000000e+00
    1.1709947139e-02    0.0000000000e+00
    1.1719490401e-02    0.0000000000e+00
    1.1729716323e-02    0.0000000000e+00
    1.1739941314e-02    0.0000000000e+00
    1.1749485508e-02    0.0000000000e+00
    1.1759710498e-02    0.0000000000e+00
    1.1769936420e-02    0.0000000000e+00
    1.1779479682e-02    0.0000000000e+00
    1.1789705604e-02    0.0000000000e+00
    1.1799930595e-02    0.0000000000e+00
    1.1809474789e-02    0.0000000000e+00
    1.1819699779e-02    0.0000000000e+00
    1.1829925701e-02    0.0000000000e+00
    1.1839468963e-02    0.0000000000e+00
    1.1849694885e-02    0.0000000000e+00
    1.1859919876e-02    0.0000000000e+00
    1.1869464070e-02    0.0000000000e+00
    1.1879689060e-02    0.0000000000e+00
    1.1889914051e-02    0.0000000000e+00
    1.1899458244e-02    0.0000000000e+00
    1.1909683235e-02    0.0000000000e+00
    1.1919909157e-02    0.0000000000e+00
    1.1929452419e-02    0.0000000000e+00
    1.1939678341e-02    0.0000000000e+00
    1.1949903332e-02    0.0000000000e+00
    1.1959447525e-02    0.0000000000e+00
    1.1969672516e-02    0.0000000000e+00
    1.1979898438e-02    0.0000000000e+00
    1.1989441700e-02    0.0000000000e+00
    1.1999667622e-02    0.0000000000e+00
    1.2009892613e-02    0.0000000000e+00
    1.2019436806e-02    0.0000000000e+00
    1.2029661797e-02    0.0000000000e+00
    1.2039887719e-02    0.0000000000e+00
    1.2049430981e-02    0.0000000000e+00
    1.2059656903e-02    0.0000000000e+00
    1.2069637887e-02    0.0000000000e+00
    1.2079745531e-02    0.0000000000e+00
    1.2089971453e-02    0.0000000000e+00
    1.2099514715e-02    0.0000000000e+00
    1.2109740637e-02    0.0000000000e+00
    1.2119965628e-02    0.0000000000e+00
    1.2129509822e-02    0.0000000000e+00
    1.2139734812e-02    0.0000000000e+00
    1.2149960734e-02    0.0000000000e+00
    1.2159503996e-02    0.0000000000e+00
    1.2169729918e-02    0.0000000000e+00
    1.2179954909e-02    0.0000000000e+00
    1.2189499103e-02    0.0000000000e+00
    1.2199724093e-02    0.0000000000e+00
    1.2209950015e-02    0.0000000000e+00
    1.2219493277e-02    0.0000000000e+00
    1.2229719199e-02    0.0000000000e+00
    1.2239944190e-02    0.0000000000e+00
    1.2249488384e-02    0.0000000000e+00
    1.2259713374e-02    0.0000000000e+00
    1.2269939296e-02    0.0000000000e+00
    1.2279482558e-02    0.0000000000e+00
    1.2289708480e-02    0.0000000000e+00
    1.2299933471e-02    0.0000000000e+00
    1.2309477665e-02    0.0000000000e+00
    1.2319956906e-02    0.0000000000e+00
    1.2329689227e-02    0.0000000000e+00
    1.2339618988e-02    0.0000000000e+00
    1.2349843979e-02    0.0000000000e+00
    1.2359388173e-02    0.0000000000e+00
    1.2369613163e-02    0.0000000000e+00
    1.2379839085e-02    0.0000000000e+00
    1.2389382347e-02    0.0000000000e+00
    1.2399608269e-02    0.0000000000e+00
    1.2409833260e-02    0.0000000000e+00
    1.2419377454e-02    0.0000000000e+00
    1.2429602444e-02    0.0000000000e+00
    1.2439828366e-02    0.0000000000e+00
    1.2449371628e-02    0.0000000000e+00
    1.2459597550e-02    0.0000000000e+00
    1.2469822541e-02    0.0000000000e+00
    1.2479366735e-02    0.0000000000e+00
    1.2489591725e-02    0.0000000000e+00
    1.2499817647e-02    0.0000000000e+00
    1.2509360909e-02    0.0000000000e+00
    1.2519586831e-02    0.0000000000e+00
    1.2529811822e-02    0.0000000000e+00
    1.2539356016e-02    0.0000000000e+00
    1.2549581006e-02    0.0000000000e+00
    1.2559806928e-02    0.0000000000e+00
    1.2569350190e-02    0.0000000000e+00
    1.2579576112e-02    0.0000000000e+00
    1.2589801103e-02    0.0000000000e+00
    1.2599345297e-02    0.0000000000e+00
    1.2609570287e-02    0.0000000000e+00
    1.2619796209e-02    0.0000000000e+00
    1.2629339471e-02    0.0000000000e+00
    1.2639565393e-02    0.0000000000e+00
    1.2649790384e-02    0.0000000000e+00
    1.2659334578e-02    0.0000000000e+00
    1.2669559568e-02    0.0000000000e+00
    1.2679785490e-02    0.0000000000e+00
    1.2689328752e-02    0.0000000000e+00
    1.2699554674e-02    0.0000000000e+00
    1.2709583156e-02    0.0000000000e+00
    1.2719223276e-02    0.0000000000e+00
    1.2729502283e-02    0.0000000000e+00
    1.2739595026e-02    0.0000000000e+00
    1.2749686837e-02    0.0000000000e+00
    1.2759779580e-02    0.0000000000e+00
    1.2769872323e-02    0.0000000000e+00
    1.2779678218e-02    0.0000000000e+00
    1.2789903209e-02    0.0000000000e+00
    1.2799447402e-02    0.0000000000e+00
    1.2809358537e-02    0.0000000000e+00
    1.2819962576e-02    0.0000000000e+00
    1.2829602696e-02    0.0000000000e+00
    1.2839360163e-02    0.0000000000e+00
    1.2849586084e-02    0.0000000000e+00
    1.2859879062e-02    0.0000000000e+00
    1.2869607657e-02    0.0000000000e+00
    1.2879832648e-02    0.0000000000e+00
    1.2889376841e-02    0.0000000000e+00
    1.2899601832e-02    0.0000000000e+00
    1.2909827754e-02    0.0000000000e+00
    1.2919691391e-02    0.0000000000e+00
    1.2929331511e-02    0.0000000000e+00
    1.2939795852e-02    0.0000000000e+00
    1.2949862517e-02    0.0000000000e+00
    1.2959406711e-02    0.0000000000e+00
    1.2969631702e-02    0.0000000000e+00
    1.2979378924e-02    0.0000000000e+00
    1.2989982963e-02    0.0000000000e+00
    1.2999623083e-02    0.0000000000e+00
    1.3009614311e-02    0.0000000000e+00
    1.3019839302e-02    0.0000000000e+00
    1.3029769063e-02    0.0000000000e+00
    1.3039501384e-02    0.0000000000e+00
    1.3049881905e-02    0.0000000000e+00
    1.3059148565e-02    0.0000000000e+00
    1.3069241308e-02    0.0000000000e+00
    1.3079334050e-02    0.0000000000e+00
    1.3089372776e-02    0.0000000000e+00
    1.3099598698e-02    0.0000000000e+00
    1.3109823689e-02    0.0000000000e+00
    1.3119367883e-02    0.0000000000e+00
    1.3129804283e-02    0.0000000000e+00
    1.3139456511e-02    0.0000000000e+00
    1.3149682432e-02    0.0000000000e+00
    1.3159907423e-02    0.0000000000e+00
    1.3169451617e-02    0.0000000000e+00
    1.3179903850e-02    0.0000000000e+00
    1.3189996593e-02    0.0000000000e+00
    1.3199171983e-02    0.0000000000e+00
    1.3209593482e-02    0.0000000000e+00
    1.3219275512e-02    0.0000000000e+00
    1.3229966164e-02    0.0000000000e+00
    1.3239141554e-02    0.0000000000e+00
    1.3249603100e-02    0.0000000000e+00
    1.3259828091e-02    0.0000000000e+00
    1.3269372284e-02    0.0000000000e+00
    1.3279597275e-02    0.0000000000e+00
    1.3289823197e-02    0.0000000000e+00
    1.3299366459e-02    0.0000000000e+00
    1.3309592381e-02    0.0000000000e+00
    1.3319817372e-02    0.0000000000e+00
    1.3328865170e-02    0.0000000000e+00
    1.3339814730e-02    0.0000000000e+00
    1.3349547051e-02    0.0000000000e+00
    1.3359279372e-02    0.0000000000e+00
    1.3369011693e-02    0.0000000000e+00
    1.3379960321e-02    0.0000000000e+00
    1.3389692642e-02    0.0000000000e+00
    1.3399424963e-02    0.0000000000e+00
    1.3409156352e-02    0.0000000000e+00
    1.3418888673e-02    0.0000000000e+00
    1.3429836370e-02    0.0000000000e+00
    1.3439567760e-02    0.0000000000e+00
    1.3449660502e-02    0.0000000000e+00
    1.3459753245e-02    0.0000000000e+00
    1.3469192199e-02    0.0000000000e+00
    1.3478922658e-02    0.0000000000e+00
    1.3489870355e-02    0.0000000000e+00
    1.3499601744e-02    0.0000000000e+00
    1.3509333134e-02    0.0000000000e+00
    1.3519063592e-02    0.0000000000e+00
    1.3528794982e-02    0.0000000000e+00
    1.3539741747e-02    0.0000000000e+00
    1.3549473137e-02    0.0000000000e+00
    1.3559203595e-02    0.0000000000e+00
    1.3568934985e-02    0.0000000000e+00
    1.3579881750e-02    0.0000000000e+00
    1.3589613140e-02    0.0000000000e+00
    1.3599343598e-02    0.0000000000e+00
    1.3609074987e-02    0.0000000000e+00
    1.3619834557e-02    0.0000000000e+00
    1.3629378751e-02    0.0000000000e+00
    1.3639603741e-02    0.0000000000e+00
    1.3649829663e-02    0.0000000000e+00
    1.3659372926e-02    0.0000000000e+00
    1.3669598848e-02    0.0000000000e+00
    1.3679823838e-02    0.0000000000e+00
    1.3689368032e-02    0.0000000000e+00
    1.3699593022e-02    0.0000000000e+00
    1.3709818944e-02    0.0000000000e+00
    1.3719362207e-02    0.0000000000e+00
    1.3729588129e-02    0.0000000000e+00
    1.3739813119e-02    0.0000000000e+00
    1.3749357313e-02    0.0000000000e+00
    1.3759582303e-02    0.0000000000e+00
    1.3769378886e-02    0.0000000000e+00
    1.3779471628e-02    0.0000000000e+00
    1.3789361343e-02    0.0000000000e+00
    1.3799741864e-02    0.0000000000e+00
    1.3809474185e-02    0.0000000000e+00
    1.3819855638e-02    0.0000000000e+00
    1.3829587959e-02    0.0000000000e+00
    1.3839968480e-02    0.0000000000e+00
    1.3849700801e-02    0.0000000000e+00
    1.3859433122e-02    0.0000000000e+00
    1.3869814575e-02    0.0000000000e+00
    1.3879546896e-02    0.0000000000e+00
    1.3889927417e-02    0.0000000000e+00
    1.3899659738e-02    0.0000000000e+00
    1.3909316622e-02    0.0000000000e+00
    1.3919409364e-02    0.0000000000e+00
    1.3929502107e-02    0.0000000000e+00
    1.3939593919e-02    0.0000000000e+00
    1.3949686661e-02    0.0000000000e+00
    1.3959779404e-02    0.0000000000e+00
    1.3969714753e-02    0.0000000000e+00
    1.3979447074e-02    0.0000000000e+00
    1.3989828527e-02    0.0000000000e+00
    1.3999762014e-02    0.0000000000e+00
    1.4009800740e-02    0.0000000000e+00
    1.4019892551e-02    0.0000000000e+00
    1.4029985294e-02    0.0000000000e+00
    1.4039160684e-02    0.0000000000e+00
    1.4049253426e-02    0.0000000000e+00
    1.4059346169e-02    0.0000000000e+00
    1.4068805613e-02    0.0000000000e+00
    1.4079756103e-02    0.0000000000e+00
    1.4089489356e-02    0.0000000000e+00
    1.4099222608e-02    0.0000000000e+00
    1.4109874144e-02    0.0000000000e+00
    1.4119966887e-02    0.0000000000e+00
    1.4129141346e-02    0.0000000000e+00
    1.4139234088e-02    0.0000000000e+00
    1.4149326831e-02    0.0000000000e+00
    1.4159419574e-02    0.0000000000e+00
    1.4169512317e-02    0.0000000000e+00
    1.4179605059e-02    0.0000000000e+00
    1.4189697802e-02    0.0000000000e+00
    1.4199790545e-02    0.0000000000e+00
    1.4209882356e-02    0.0000000000e+00
    1.4219337143e-02    0.0000000000e+00
    1.4229941182e-02    0.0000000000e+00
    1.4239581302e-02    0.0000000000e+00
    1.4249221422e-02    0.0000000000e+00
    1.4259825461e-02    0.0000000000e+00
    1.4269465581e-02    0.0000000000e+00
    1.4279105701e-02    0.0000000000e+00
    1.4289337210e-02    0.0000000000e+00
    1.4299429953e-02    0.0000000000e+00
    1.4309522696e-02    0.0000000000e+00
    1.4319615439e-02    0.0000000000e+00
    1.4329708181e-02    0.0000000000e+00
    1.4339940622e-02    0.0000000000e+00
    1.4349580742e-02    0.0000000000e+00
    1.4359220862e-02    0.0000000000e+00
    1.4369824901e-02    0.0000000000e+00
    1.4379465021e-02    0.0000000000e+00
    1.4389105141e-02    0.0000000000e+00
    1.4399548993e-02    0.0000000000e+00
    1.4409992844e-02    0.0000000000e+00
    1.4419632964e-02    0.0000000000e+00
    1.4429273084e-02    0.0000000000e+00
    1.4439737424e-02    0.0000000000e+00
    1.4449830167e-02    0.0000000000e+00
    1.4459922910e-02    0.0000000000e+00
    1.4469098300e-02    0.0000000000e+00
    1.4479190111e-02    0.0000000000e+00
    1.4489282854e-02    0.0000000000e+00
    1.4499375597e-02    0.0000000000e+00
    1.4509514906e-02    0.0000000000e+00
    1.4519155025e-02    0.0000000000e+00
    1.4529247768e-02    0.0000000000e+00
    1.4539387077e-02    0.0000000000e+00
    1.4549758285e-02    0.0000000000e+00
    1.4559851028e-02    0.0000000000e+00
    1.4569943771e-02    0.0000000000e+00
    1.4579119161e-02    0.0000000000e+00
    1.4589258470e-02    0.0000000000e+00
    1.4599862508e-02    0.0000000000e+00
    1.4609502628e-02    0.0000000000e+00
    1.4619142748e-02    0.0000000000e+00
    1.4629746787e-02    0.0000000000e+00
    1.4639386907e-02    0.0000000000e+00
    1.4649990946e-02    0.0000000000e+00
    1.4659631066e-02    0.0000000000e+00
    1.4669271186e-02    0.0000000000e+00
    1.4679875225e-02    0.0000000000e+00
    1.4689515345e-02    0.0000000000e+00
    1.4699155465e-02    0.0000000000e+00
    1.4709599316e-02    0.0000000000e+00
    1.4719239436e-02    0.0000000000e+00
    1.4729956165e-02    0.0000000000e+00
    1.4739131555e-02    0.0000000000e+00
    1.4749456197e-02    0.0000000000e+00
    1.4759900048e-02    0.0000000000e+00
    1.4769632369e-02    0.0000000000e+00
    1.4779571444e-02    0.0000000000e+00
    1.4789118432e-02    0.0000000000e+00
    1.4799211174e-02    0.0000000000e+00
    1.4809490182e-02    0.0000000000e+00
    1.4819130301e-02    0.0000000000e+00
    1.4829734340e-02    0.0000000000e+00
    1.4839925803e-02    0.0000000000e+00
    1.4849400148e-02    0.0000000000e+00
    1.4859491959e-02    0.0000000000e+00
    1.4869869687e-02    0.0000000000e+00
    1.4879096299e-02    0.0000000000e+00
    1.4889700338e-02    0.0000000000e+00
    1.4899340458e-02    0.0000000000e+00
    1.4909077436e-02    0.0000000000e+00
    1.4919651672e-02    0.0000000000e+00
    1.4929383993e-02    0.0000000000e+00
    1.4939764515e-02    0.0000000000e+00
    1.4949496835e-02    0.0000000000e+00
    1.4959959313e-02    0.0000000000e+00
    1.4969134703e-02    0.0000000000e+00
    1.4979227446e-02    0.0000000000e+00
    1.4989504591e-02    0.0000000000e+00
    1.4999729581e-02    0.0000000000e+00
    1.5009955503e-02    0.0000000000e+00
    1.5019498765e-02    0.0000000000e+00
    1.5029724687e-02    0.0000000000e+00
    1.5039918944e-02    0.0000000000e+00
    1.5049559064e-02    0.0000000000e+00
    1.5059199184e-02    0.0000000000e+00
    1.5069803223e-02    0.0000000000e+00
    1.5079443343e-02    0.0000000000e+00
    1.5089887194e-02    0.0000000000e+00
    1.5099527314e-02    0.0000000000e+00
    1.5109518543e-02    0.0000000000e+00
    1.5119743533e-02    0.0000000000e+00
    1.5129969455e-02    0.0000000000e+00
    1.5139512718e-02    0.0000000000e+00
    1.5149738640e-02    0.0000000000e+00
    1.5159963630e-02    0.0000000000e+00
    1.5169507824e-02    0.0000000000e+00
    1.5179262497e-02    0.0000000000e+00
    1.5189809725e-02    0.0000000000e+00
    1.5199449845e-02    0.0000000000e+00
    1.5209089965e-02    0.0000000000e+00
    1.5219694003e-02    0.0000000000e+00
    1.5229334123e-02    0.0000000000e+00
    1.5239938162e-02    0.0000000000e+00
    1.5249578282e-02    0.0000000000e+00
    1.5259218402e-02    0.0000000000e+00
    1.5269822441e-02    0.0000000000e+00
    1.5279462561e-02    0.0000000000e+00
    1.5289337374e-02    0.0000000000e+00
    1.5299562365e-02    0.0000000000e+00
    1.5309788287e-02    0.0000000000e+00
    1.5319768339e-02    0.0000000000e+00
    1.5329408459e-02    0.0000000000e+00
    1.5339048579e-02    0.0000000000e+00
    1.5349652618e-02    0.0000000000e+00
    1.5359292738e-02    0.0000000000e+00
    1.5369896777e-02    0.0000000000e+00
    1.5379536897e-02    0.0000000000e+00
    1.5389177017e-02    0.0000000000e+00
    1.5399781056e-02    0.0000000000e+00
    1.5409421176e-02    0.0000000000e+00
    1.5419061296e-02    0.0000000000e+00
    1.5429665335e-02    0.0000000000e+00
    1.5439305454e-02    0.0000000000e+00
    1.5449909493e-02    0.0000000000e+00
    1.5459549613e-02    0.0000000000e+00
    1.5469189733e-02    0.0000000000e+00
    1.5479793772e-02    0.0000000000e+00
    1.5489433892e-02    0.0000000000e+00
    1.5499074012e-02    0.0000000000e+00
    1.5509678051e-02    0.0000000000e+00
    1.5519318171e-02    0.0000000000e+00
    1.5529922210e-02    0.0000000000e+00
    1.5539562330e-02    0.0000000000e+00
    1.5549202450e-02    0.0000000000e+00
    1.5559806488e-02    0.0000000000e+00
    1.5569446608e-02    0.0000000000e+00
    1.5579086728e-02    0.0000000000e+00
    1.5589690767e-02    0.0000000000e+00
    1.5599330887e-02    0.0000000000e+00
    1.5609934926e-02    0.0000000000e+00
    1.5619575046e-02    0.0000000000e+00
    1.5629054978e-02    0.0000000000e+00
    1.5638787299e-02    0.0000000000e+00
    1.5649734065e-02    0.0000000000e+00
    1.5659466386e-02    0.0000000000e+00
    1.5669196844e-02    0.0000000000e+00
    1.5678929165e-02    0.0000000000e+00
    1.5689877793e-02    0.0000000000e+00
    1.5699356794e-02    0.0000000000e+00
    1.5709960833e-02    0.0000000000e+00
    1.5719600022e-02    0.0000000000e+00
    1.5729241073e-02    0.0000000000e+00
    1.5739845112e-02    0.0000000000e+00
    1.5749484301e-02    0.0000000000e+00
    1.5759125352e-02    0.0000000000e+00
    1.5769109130e-02    0.0000000000e+00
    1.5778839588e-02    0.0000000000e+00
    1.5789788216e-02    0.0000000000e+00
    1.5799518675e-02    0.0000000000e+00
    1.5809250996e-02    0.0000000000e+00
    1.5818981454e-02    0.0000000000e+00
    1.5829928219e-02    0.0000000000e+00
    1.5839660540e-02    0.0000000000e+00
    1.5849390998e-02    0.0000000000e+00
    1.5859121457e-02    0.0000000000e+00
    1.5868853778e-02    0.0000000000e+00
    1.5879800543e-02    0.0000000000e+00
    1.5889737755e-02    0.0000000000e+00
    1.5899378806e-02    0.0000000000e+00
    1.5909982845e-02    0.0000000000e+00
    1.5919622034e-02    0.0000000000e+00
    1.5929263085e-02    0.0000000000e+00
    1.5938999131e-02    0.0000000000e+00
    1.5949897468e-02    0.0000000000e+00
    1.5959627926e-02    0.0000000000e+00
    1.5969358385e-02    0.0000000000e+00
    1.5979088843e-02    0.0000000000e+00
    1.5989797190e-02    0.0000000000e+00
    1.5999339521e-02    0.0000000000e+00
    1.6009565443e-02    0.0000000000e+00
    1.6019195318e-02    0.0000000000e+00
    1.6029799357e-02    0.0000000000e+00
    1.6039438546e-02    0.0000000000e+00
    1.6049079597e-02    0.0000000000e+00
    1.6059683636e-02    0.0000000000e+00
    1.6069322824e-02    0.0000000000e+00
    1.6079926863e-02    0.0000000000e+00
    1.6089567915e-02    0.0000000000e+00
    1.6099207103e-02    0.0000000000e+00
    1.6109811142e-02    0.0000000000e+00
    1.6119452193e-02    0.0000000000e+00
    1.6129091382e-02    0.0000000000e+00
    1.6139695421e-02    0.0000000000e+00
    1.6149681062e-02    0.0000000000e+00
    1.6159413382e-02    0.0000000000e+00
    1.6169145703e-02    0.0000000000e+00
    1.6178876162e-02    0.0000000000e+00
    1.6189824790e-02    0.0000000000e+00
    1.6199557111e-02    0.0000000000e+00
    1.6209289432e-02    0.0000000000e+00
    1.6219021752e-02    0.0000000000e+00
    1.6229970381e-02    0.0000000000e+00
    1.6239702702e-02    0.0000000000e+00
    1.6249435022e-02    0.0000000000e+00
    1.6259167343e-02    0.0000000000e+00
    1.6268899664e-02    0.0000000000e+00
    1.6279801726e-02    0.0000000000e+00
    1.6289442778e-02    0.0000000000e+00
    1.6299881041e-02    0.0000000000e+00
    1.6309425235e-02    0.0000000000e+00
    1.6319649294e-02    0.0000000000e+00
    1.6329875216e-02    0.0000000000e+00
    1.6339419410e-02    0.0000000000e+00
    1.6349645332e-02    0.0000000000e+00
    1.6359869391e-02    0.0000000000e+00
    1.6369413584e-02    0.0000000000e+00
    1.6379289329e-02    0.0000000000e+00
    1.6389021650e-02    0.0000000000e+00
    1.6399970278e-02    0.0000000000e+00
    1.6409702599e-02    0.0000000000e+00
    1.6419433057e-02    0.0000000000e+00
    1.6429165378e-02    0.0000000000e+00
    1.6438897699e-02    0.0000000000e+00
    1.6449844465e-02    0.0000000000e+00
    1.6459871083e-02    0.0000000000e+00
    1.6469415277e-02    0.0000000000e+00
    1.6479639336e-02    0.0000000000e+00
    1.6489865258e-02    0.0000000000e+00
    1.6499409452e-02    0.0000000000e+00
    1.6509635374e-02    0.0000000000e+00
    1.6519859433e-02    0.0000000000e+00
    1.6529403627e-02    0.0000000000e+00
    1.6539629549e-02    0.0000000000e+00
    1.6549259424e-02    0.0000000000e+00
    1.6559863463e-02    0.0000000000e+00
    1.6569502652e-02    0.0000000000e+00
    1.6579993069e-02    0.0000000000e+00
    1.6589425504e-02    0.0000000000e+00
    1.6599066556e-02    0.0000000000e+00
    1.6609670594e-02    0.0000000000e+00
    1.6619309783e-02    0.0000000000e+00
    1.6629913822e-02    0.0000000000e+00
    1.6639554873e-02    0.0000000000e+00
    1.6649780795e-02    0.0000000000e+00
    1.6659323126e-02    0.0000000000e+00
    1.6669549048e-02    0.0000000000e+00
    1.6679774970e-02    0.0000000000e+00
    1.6689319164e-02    0.0000000000e+00
    1.6699543223e-02    0.0000000000e+00
    1.6709525138e-02    0.0000000000e+00
    1.6719250008e-02    0.0000000000e+00
    1.6729343683e-02    0.0000000000e+00
    1.6739668325e-02    0.0000000000e+00
    1.6749309376e-02    0.0000000000e+00
    1.6759401187e-02    0.0000000000e+00
    1.6769494861e-02    0.0000000000e+00
    1.6779586673e-02    0.0000000000e+00
    1.6789678484e-02    0.0000000000e+00
    1.6799772158e-02    0.0000000000e+00
    1.6809863970e-02    0.0000000000e+00
    1.6819957644e-02    0.0000000000e+00
    1.6829133034e-02    0.0000000000e+00
    1.6839224845e-02    0.0000000000e+00
    1.6849318519e-02    0.0000000000e+00
    1.6859410331e-02    0.0000000000e+00
    1.6869502142e-02    0.0000000000e+00
    1.6879595816e-02    0.0000000000e+00
    1.6889687628e-02    0.0000000000e+00
    1.6899781302e-02    0.0000000000e+00
    1.6909873113e-02    0.0000000000e+00
    1.6919966787e-02    0.0000000000e+00
    1.6929142177e-02    0.0000000000e+00
    1.6939233989e-02    0.0000000000e+00
    1.6949325800e-02    0.0000000000e+00
    1.6959419474e-02    0.0000000000e+00
    1.6969511285e-02    0.0000000000e+00
    1.6979604959e-02    0.0000000000e+00
    1.6989696771e-02    0.0000000000e+00
    1.6999477521e-02    0.0000000000e+00
    1.7009701580e-02    0.0000000000e+00
    1.7019927502e-02    0.0000000000e+00
    1.7029471695e-02    0.0000000000e+00
    1.7039697617e-02    0.0000000000e+00
    1.7049921677e-02    0.0000000000e+00
    1.7059465870e-02    0.0000000000e+00
    1.7069445923e-02    0.0000000000e+00
    1.7079539597e-02    0.0000000000e+00
    1.7089631408e-02    0.0000000000e+00
    1.7099725083e-02    0.0000000000e+00
    1.7109816894e-02    0.0000000000e+00
    1.7119910568e-02    0.0000000000e+00
    1.7129085958e-02    0.0000000000e+00
    1.7139177769e-02    0.0000000000e+00
    1.7149271443e-02    0.0000000000e+00
    1.7159743235e-02    0.0000000000e+00
    1.7169475555e-02    0.0000000000e+00
    1.7179856077e-02    0.0000000000e+00
    1.7189893872e-02    0.0000000000e+00
    1.7199985683e-02    0.0000000000e+00
    1.7209161073e-02    0.0000000000e+00
    1.7219252884e-02    0.0000000000e+00
    1.7229346558e-02    0.0000000000e+00
    1.7239438370e-02    0.0000000000e+00
    1.7249532044e-02    0.0000000000e+00
    1.7259623855e-02    0.0000000000e+00
    1.7269717529e-02    0.0000000000e+00
    1.7279809341e-02    0.0000000000e+00
    1.7289903015e-02    0.0000000000e+00
    1.7299994826e-02    0.0000000000e+00
    1.7309170216e-02    0.0000000000e+00
    1.7319262028e-02    0.0000000000e+00
    1.7329355702e-02    0.0000000000e+00
    1.7339447513e-02    0.0000000000e+00
    1.7349541187e-02    0.0000000000e+00
    1.7359632999e-02    0.0000000000e+00
    1.7369726673e-02    0.0000000000e+00
    1.7379818484e-02    0.0000000000e+00
    1.7389910296e-02    0.0000000000e+00
    1.7399085686e-02    0.0000000000e+00
    1.7409123480e-02    0.0000000000e+00
    1.7418855801e-02    0.0000000000e+00
    1.7429804429e-02    0.0000000000e+00
    1.7439534888e-02    0.0000000000e+00
    1.7449267209e-02    0.0000000000e+00
    1.7458999529e-02    0.0000000000e+00
    1.7469948158e-02    0.0000000000e+00
    1.7479680479e-02    0.0000000000e+00
    1.7489410937e-02    0.0000000000e+00
    1.7499143258e-02    0.0000000000e+00
    1.7508875579e-02    0.0000000000e+00
    1.7519824207e-02    0.0000000000e+00
    1.7529556528e-02    0.0000000000e+00
    1.7539288849e-02    0.0000000000e+00
    1.7549021170e-02    0.0000000000e+00
    1.7559969798e-02    0.0000000000e+00
    1.7569702119e-02    0.0000000000e+00
    1.7579434440e-02    0.0000000000e+00
    1.7589166760e-02    0.0000000000e+00
    1.7598899081e-02    0.0000000000e+00
    1.7609847710e-02    0.0000000000e+00
    1.7619580030e-02    0.0000000000e+00
    1.7629312351e-02    0.0000000000e+00
    1.7639044672e-02    0.0000000000e+00
    1.7649993300e-02    0.0000000000e+00
    1.7659725621e-02    0.0000000000e+00
    1.7669457942e-02    0.0000000000e+00
    1.7679190263e-02    0.0000000000e+00
    1.7688922584e-02    0.0000000000e+00
    1.7699871212e-02    0.0000000000e+00
    1.7709603533e-02    0.0000000000e+00
    1.7719335854e-02    0.0000000000e+00
    1.7729068175e-02    0.0000000000e+00
    1.7738798633e-02    0.0000000000e+00
    1.7749749124e-02    0.0000000000e+00
    1.7759479582e-02    0.0000000000e+00
    1.7769211903e-02    0.0000000000e+00
    1.7778944224e-02    0.0000000000e+00
    1.7789892852e-02    0.0000000000e+00
    1.7799625173e-02    0.0000000000e+00
    1.7809357494e-02    0.0000000000e+00
    1.7819089815e-02    0.0000000000e+00
    1.7828822136e-02    0.0000000000e+00
    1.7839770764e-02    0.0000000000e+00
    1.7849503085e-02    0.0000000000e+00
    1.7859235406e-02    0.0000000000e+00
    1.7868967727e-02    0.0000000000e+00
    1.7879918218e-02    0.0000000000e+00
    1.7889650539e-02    0.0000000000e+00
    1.7899382859e-02    0.0000000000e+00
    1.7909115180e-02    0.0000000000e+00
    1.7918847501e-02    0.0000000000e+00
    1.7929796129e-02    0.0000000000e+00
    1.7939528450e-02    0.0000000000e+00
    1.7949262634e-02    0.0000000000e+00
    1.7958994955e-02    0.0000000000e+00
    1.7969943583e-02    0.0000000000e+00
    1.7979675904e-02    0.0000000000e+00
    1.7989408225e-02    0.0000000000e+00
    1.7999140546e-02    0.0000000000e+00
    1.8008874729e-02    0.0000000000e+00
    1.8019823357e-02    0.0000000000e+00
    1.8029555678e-02    0.0000000000e+00
    1.8039287999e-02    0.0000000000e+00
    1.8049020320e-02    0.0000000000e+00
    1.8059968948e-02    0.0000000000e+00
    1.8069701269e-02    0.0000000000e+00
    1.8079433590e-02    0.0000000000e+00
    1.8089165911e-02    0.0000000000e+00
    1.8098898232e-02    0.0000000000e+00
    1.8109848723e-02    0.0000000000e+00
    1.8119581044e-02    0.0000000000e+00
    1.8129311502e-02    0.0000000000e+00
    1.8139043823e-02    0.0000000000e+00
    1.8149992451e-02    0.0000000000e+00
    1.8159724772e-02    0.0000000000e+00
    1.8169477582e-02    0.0000000000e+00
    1.8179904670e-02    0.0000000000e+00
    1.8189636990e-02    0.0000000000e+00
    1.8199784681e-02    0.0000000000e+00
    1.8209245056e-02    0.0000000000e+00
    1.8219336867e-02    0.0000000000e+00
    1.8229378387e-02    0.0000000000e+00
    1.8239604309e-02    0.0000000000e+00
    1.8249828368e-02    0.0000000000e+00
    1.8259372562e-02    0.0000000000e+00
    1.8269851804e-02    0.0000000000e+00
    1.8279943615e-02    0.0000000000e+00
    1.8289119005e-02    0.0000000000e+00
    1.8299210817e-02    0.0000000000e+00
    1.8309583887e-02    0.0000000000e+00
    1.8319223076e-02    0.0000000000e+00
    1.8329408020e-02    0.0000000000e+00
    1.8339594826e-02    0.0000000000e+00
    1.8349686638e-02    0.0000000000e+00
    1.8359780312e-02    0.0000000000e+00
    1.8369872123e-02    0.0000000000e+00
    1.8379965797e-02    0.0000000000e+00
    1.8389139324e-02    0.0000000000e+00
    1.8399232998e-02    0.0000000000e+00
    1.8409324810e-02    0.0000000000e+00
    1.8419418484e-02    0.0000000000e+00
    1.8429510295e-02    0.0000000000e+00
    1.8439603969e-02    0.0000000000e+00
    1.8449695781e-02    0.0000000000e+00
    1.8459789455e-02    0.0000000000e+00
    1.8469357863e-02    0.0000000000e+00
    1.8479583785e-02    0.0000000000e+00
    1.8489809707e-02    0.0000000000e+00
    1.8499344587e-02    0.0000000000e+00
    1.8509436399e-02    0.0000000000e+00
    1.8519761041e-02    0.0000000000e+00
    1.8529854715e-02    0.0000000000e+00
    1.8539946526e-02    0.0000000000e+00
    1.8549770117e-02    0.0000000000e+00
    1.8559502438e-02    0.0000000000e+00
    1.8569884822e-02    0.0000000000e+00
    1.8579617143e-02    0.0000000000e+00
    1.8589997664e-02    0.0000000000e+00
    1.8599729985e-02    0.0000000000e+00
    1.8609654158e-02    0.0000000000e+00
    1.8619747832e-02    0.0000000000e+00
    1.8629839644e-02    0.0000000000e+00
    1.8639933318e-02    0.0000000000e+00
    1.8649108708e-02    0.0000000000e+00
    1.8659200519e-02    0.0000000000e+00
    1.8669294193e-02    0.0000000000e+00
    1.8679386005e-02    0.0000000000e+00
    1.8689477816e-02    0.0000000000e+00
    1.8699571490e-02    0.0000000000e+00
    1.8709009513e-02    0.0000000000e+00
    1.8719958141e-02    0.0000000000e+00
    1.8729690462e-02    0.0000000000e+00
    1.8739420921e-02    0.0000000000e+00
    1.8749153242e-02    0.0000000000e+00
    1.8758883700e-02    0.0000000000e+00
    1.8769832328e-02    0.0000000000e+00
    1.8779562786e-02    0.0000000000e+00
    1.8789295107e-02    0.0000000000e+00
    1.8799025565e-02    0.0000000000e+00
    1.8809974194e-02    0.0000000000e+00
    1.8819706514e-02    0.0000000000e+00
    1.8829438835e-02    0.0000000000e+00
    1.8839169294e-02    0.0000000000e+00
    1.8848901615e-02    0.0000000000e+00
    1.8859850243e-02    0.0000000000e+00
    1.8869582564e-02    0.0000000000e+00
    1.8879314885e-02    0.0000000000e+00
    1.8889045343e-02    0.0000000000e+00
    1.8899993971e-02    0.0000000000e+00
    1.8909726292e-02    0.0000000000e+00
    1.8919458613e-02    0.0000000000e+00
    1.8929190934e-02    0.0000000000e+00
    1.8938923255e-02    0.0000000000e+00
    1.8949871883e-02    0.0000000000e+00
    1.8959602341e-02    0.0000000000e+00
    1.8969334662e-02    0.0000000000e+00
    1.8979066983e-02    0.0000000000e+00
    1.8988797441e-02    0.0000000000e+00
    1.8999746069e-02    0.0000000000e+00
    1.9009476528e-02    0.0000000000e+00
    1.9019206986e-02    0.0000000000e+00
    1.9028939307e-02    0.0000000000e+00
    1.9039886072e-02    0.0000000000e+00
    1.9049618393e-02    0.0000000000e+00
    1.9059348851e-02    0.0000000000e+00
    1.9069079310e-02    0.0000000000e+00
    1.9078809768e-02    0.0000000000e+00
    1.9089756534e-02    0.0000000000e+00
    1.9099488854e-02    0.0000000000e+00
    1.9109219313e-02    0.0000000000e+00
    1.9118949771e-02    0.0000000000e+00
    1.9129896536e-02    0.0000000000e+00
    1.9139628857e-02    0.0000000000e+00
    1.9149359316e-02    0.0000000000e+00
    1.9159089774e-02    0.0000000000e+00
    1.9168820232e-02    0.0000000000e+00
    1.9179768860e-02    0.0000000000e+00
    1.9189499319e-02    0.0000000000e+00
    1.9199231640e-02    0.0000000000e+00
    1.9208963960e-02    0.0000000000e+00
    1.9219910726e-02    0.0000000000e+00
    1.9229643047e-02    0.0000000000e+00
    1.9239375368e-02    0.0000000000e+00
    1.9249105826e-02    0.0000000000e+00
    1.9258838147e-02    0.0000000000e+00
    1.9269786775e-02    0.0000000000e+00
    1.9279519096e-02    0.0000000000e+00
    1.9289251417e-02    0.0000000000e+00
    1.9298981875e-02    0.0000000000e+00
    1.9309930503e-02    0.0000000000e+00
    1.9319662824e-02    0.0000000000e+00
    1.9329395145e-02    0.0000000000e+00
    1.9339127466e-02    0.0000000000e+00
    1.9348857924e-02    0.0000000000e+00
    1.9359806553e-02    0.0000000000e+00
    1.9369538873e-02    0.0000000000e+00
    1.9379269332e-02    0.0000000000e+00
    1.9389001653e-02    0.0000000000e+00
    1.9399948418e-02    0.0000000000e+00
    1.9409680739e-02    0.0000000000e+00
    1.9419411197e-02    0.0000000000e+00
    1.9429143518e-02    0.0000000000e+00
    1.9438873976e-02    0.0000000000e+00
    1.9449820742e-02    0.0000000000e+00
    1.9459553063e-02    0.0000000000e+00
    1.9469283521e-02    0.0000000000e+00
    1.9479013979e-02    0.0000000000e+00
    1.9489962608e-02    0.0000000000e+00
    1.9499693066e-02    0.0000000000e+00
    1.9509423524e-02    0.0000000000e+00
    1.9519153982e-02    0.0000000000e+00
    1.9528886303e-02    0.0000000000e+00
    1.9539833069e-02    0.0000000000e+00
    1.9549565390e-02    0.0000000000e+00
    1.9559295848e-02    0.0000000000e+00
    1.9569026306e-02    0.0000000000e+00
    1.9579974934e-02    0.0000000000e+00
    1.9589705393e-02    0.0000000000e+00
    1.9599437714e-02    0.0000000000e+00
    1.9609168172e-02    0.0000000000e+00
    1.9618900493e-02    0.0000000000e+00
    1.9629605114e-02    0.0000000000e+00
    1.9639987499e-02    0.0000000000e+00
    1.9649717957e-02    0.0000000000e+00
    1.9659450278e-02    0.0000000000e+00
    1.9669832662e-02    0.0000000000e+00
    1.9679564983e-02    0.0000000000e+00
    1.9689945504e-02    0.0000000000e+00
    1.9699677825e-02    0.0000000000e+00
    1.9709410146e-02    0.0000000000e+00
    1.9719790667e-02    0.0000000000e+00
    1.9729522988e-02    0.0000000000e+00
    1.9739903510e-02    0.0000000000e+00
    1.9749635831e-02    0.0000000000e+00
    1.9759368151e-02    0.0000000000e+00
    1.9769748673e-02    0.0000000000e+00
    1.9779480994e-02    0.0000000000e+00
    1.9789863378e-02    0.0000000000e+00
    1.9799595699e-02    0.0000000000e+00
    1.9809976220e-02    0.0000000000e+00
    1.9819524139e-02    0.0000000000e+00
    1.9829187542e-02    0.0000000000e+00
    1.9838919863e-02    0.0000000000e+00
    1.9849866629e-02    0.0000000000e+00
    1.9859598950e-02    0.0000000000e+00
    1.9869329408e-02    0.0000000000e+00
    1.9879061729e-02    0.0000000000e+00
    1.9888792187e-02    0.0000000000e+00
    1.9899740815e-02    0.0000000000e+00
    1.9909471273e-02    0.0000000000e+00
    1.9919203594e-02    0.0000000000e+00
    1.9928934053e-02    0.0000000000e+00
    1.9939882681e-02    0.0000000000e+00
    1.9949615002e-02    0.0000000000e+00
    1.9959345460e-02    0.0000000000e+00
    1.9969077781e-02    0.0000000000e+00
    1.9978810102e-02    0.0000000000e+00
    1.9989756867e-02    0.0000000000e+00
    1.9999489188e-02    0.0000000000e+00
    2.0009221509e-02    0.0000000000e+00
    2.0018951967e-02    0.0000000000e+00
    2.0029900596e-02    0.0000000000e+00
    2.0039631054e-02    0.0000000000e+00
    2.0049363375e-02    0.0000000000e+00
    2.0059095696e-02    0.0000000000e+00
    2.0068826154e-02    0.0000000000e+00
    2.0079774782e-02    0.0000000000e+00
    2.0089507103e-02    0.0000000000e+00
    2.0099237561e-02    0.0000000000e+00
    2.0108969882e-02    0.0000000000e+00
    2.0119916648e-02    0.0000000000e+00
    2.0129648969e-02    0.0000000000e+00
    2.0139379427e-02    0.0000000000e+00
    2.0149111748e-02    0.0000000000e+00
    2.0158842206e-02    0.0000000000e+00
    2.0169790834e-02    0.0000000000e+00
    2.0179521292e-02    0.0000000000e+00
    2.0189253613e-02    0.0000000000e+00
    2.0198985934e-02    0.0000000000e+00
    2.0209932700e-02    0.0000000000e+00
    2.0219665021e-02    0.0000000000e+00
    2.0229397342e-02    0.0000000000e+00
    2.0239129663e-02    0.0000000000e+00
    2.0248861983e-02    0.0000000000e+00
    2.0259810612e-02    0.0000000000e+00
    2.0269542933e-02    0.0000000000e+00
    2.0279275253e-02    0.0000000000e+00
    2.0289007574e-02    0.0000000000e+00
    2.0299956203e-02    0.0000000000e+00
    2.0309688523e-02    0.0000000000e+00
    2.0319420844e-02    0.0000000000e+00
    2.0329153165e-02    0.0000000000e+00
    2.0338885486e-02    0.0000000000e+00
    2.0349834114e-02    0.0000000000e+00
    2.0359564573e-02    0.0000000000e+00
    2.0369296893e-02    0.0000000000e+00
    2.0379029214e-02    0.0000000000e+00
    2.0389977843e-02    0.0000000000e+00
    2.0399710163e-02    0.0000000000e+00
    2.0409442484e-02    0.0000000000e+00
    2.0419174805e-02    0.0000000000e+00
    2.0428905264e-02    0.0000000000e+00
    2.0439853892e-02    0.0000000000e+00
    2.0449586213e-02    0.0000000000e+00
    2.0459318534e-02    0.0000000000e+00
    2.0469050854e-02    0.0000000000e+00
    2.0479999483e-02    0.0000000000e+00
    2.0489731804e-02    0.0000000000e+00
    2.0499462262e-02    0.0000000000e+00
    2.0509194583e-02    0.0000000000e+00
    2.0518926904e-02    0.0000000000e+00
    2.0529875532e-02    0.0000000000e+00
    2.0539607853e-02    0.0000000000e+00
    2.0549340174e-02    0.0000000000e+00
    2.0559072495e-02    0.0000000000e+00
    2.0568804815e-02    0.0000000000e+00
    2.0579753444e-02    0.0000000000e+00
    2.0589485765e-02    0.0000000000e+00
    2.0599219948e-02    0.0000000000e+00
    2.0608952269e-02    0.0000000000e+00
    2.0619900897e-02    0.0000000000e+00
    2.0629633218e-02    0.0000000000e+00
    2.0639365539e-02    0.0000000000e+00
    2.0649099723e-02    0.0000000000e+00
    2.0658832043e-02    0.0000000000e+00
    2.0669780672e-02    0.0000000000e+00
    2.0679514855e-02    0.0000000000e+00
    2.0689247176e-02    0.0000000000e+00
    2.0698979497e-02    0.0000000000e+00
    2.0709929988e-02    0.0000000000e+00
    2.0719662309e-02    0.0000000000e+00
    2.0729394630e-02    0.0000000000e+00
    2.0739128813e-02    0.0000000000e+00
    2.0748861134e-02    0.0000000000e+00
    2.0759809762e-02    0.0000000000e+00
    2.0769543946e-02    0.0000000000e+00
    2.0779276267e-02    0.0000000000e+00
    2.0789010450e-02    0.0000000000e+00
    2.0799959078e-02    0.0000000000e+00
    2.0809693262e-02    0.0000000000e+00
    2.0819425583e-02    0.0000000000e+00
    2.0829159766e-02    0.0000000000e+00
    2.0838892087e-02    0.0000000000e+00
    2.0849842578e-02    0.0000000000e+00
    2.0859576762e-02    0.0000000000e+00
    2.0869309083e-02    0.0000000000e+00
    2.0879043266e-02    0.0000000000e+00
    2.0889993757e-02    0.0000000000e+00
    2.0899726078e-02    0.0000000000e+00
    2.0909460261e-02    0.0000000000e+00
    2.0919192582e-02    0.0000000000e+00
    2.0928926766e-02    0.0000000000e+00
    2.0939877257e-02    0.0000000000e+00
    2.0949609578e-02    0.0000000000e+00
    2.0959343761e-02    0.0000000000e+00
    2.0969076082e-02    0.0000000000e+00
    2.0978810266e-02    0.0000000000e+00
    2.0989758894e-02    0.0000000000e+00
    2.0999493077e-02    0.0000000000e+00
    2.1009225398e-02    0.0000000000e+00
    2.1018959582e-02    0.0000000000e+00
    2.1029908210e-02    0.0000000000e+00
    2.1039642394e-02    0.0000000000e+00
    2.1049374714e-02    0.0000000000e+00
    2.1059107035e-02    0.0000000000e+00
    2.1068839356e-02    0.0000000000e+00
    2.1079789847e-02    0.0000000000e+00
    2.1089522168e-02    0.0000000000e+00
    2.1099254489e-02    0.0000000000e+00
    2.1108988672e-02    0.0000000000e+00
    2.1119937301e-02    0.0000000000e+00
    2.1129669622e-02    0.0000000000e+00
    2.1139403805e-02    0.0000000000e+00
    2.1149136126e-02    0.0000000000e+00
    2.1158868447e-02    0.0000000000e+00
    2.1169817075e-02    0.0000000000e+00
    2.1179551259e-02    0.0000000000e+00
    2.1189283580e-02    0.0000000000e+00
    2.1199015900e-02    0.0000000000e+00
    2.1209966391e-02    0.0000000000e+00
    2.1219698712e-02    0.0000000000e+00
    2.1229431033e-02    0.0000000000e+00
    2.1239165217e-02    0.0000000000e+00
    2.1248897538e-02    0.0000000000e+00
    2.1259848028e-02    0.0000000000e+00
    2.1269580349e-02    0.0000000000e+00
    2.1279312670e-02    0.0000000000e+00
    2.1289046854e-02    0.0000000000e+00
    2.1299995482e-02    0.0000000000e+00
    2.1309729666e-02    0.0000000000e+00
    2.1319461986e-02    0.0000000000e+00
    2.1329196170e-02    0.0000000000e+00
    2.1338928491e-02    0.0000000000e+00
    2.1349878982e-02    0.0000000000e+00
    2.1359611303e-02    0.0000000000e+00
    2.1369343624e-02    0.0000000000e+00
    2.1379077807e-02    0.0000000000e+00
    2.1388810128e-02    0.0000000000e+00
    2.1399758756e-02    0.0000000000e+00
    2.1409492940e-02    0.0000000000e+00
    2.1419225261e-02    0.0000000000e+00
    2.1428957582e-02    0.0000000000e+00
    2.1439906210e-02    0.0000000000e+00
    2.1449640393e-02    0.0000000000e+00
    2.1459372714e-02    0.0000000000e+00
    2.1469105035e-02    0.0000000000e+00
    2.1478837356e-02    0.0000000000e+00
    2.1489785984e-02    0.0000000000e+00
    2.1499518305e-02    0.0000000000e+00
    2.1509250626e-02    0.0000000000e+00
    2.1518982947e-02    0.0000000000e+00
    2.1529933438e-02    0.0000000000e+00
    2.1539665759e-02    0.0000000000e+00
    2.1549398080e-02    0.0000000000e+00
    2.1559130400e-02    0.0000000000e+00
    2.1568862721e-02    0.0000000000e+00
    2.1579811350e-02    0.0000000000e+00
    2.1589543670e-02    0.0000000000e+00
    2.1599275991e-02    0.0000000000e+00
    2.1609008312e-02    0.0000000000e+00
    2.1619956940e-02    0.0000000000e+00
    2.1629689261e-02    0.0000000000e+00
    2.1639421582e-02    0.0000000000e+00
    2.1649153903e-02    0.0000000000e+00
    2.1658886224e-02    0.0000000000e+00
    2.1669834852e-02    0.0000000000e+00
    2.1679567173e-02    0.0000000000e+00
    2.1689299494e-02    0.0000000000e+00
    2.1699031815e-02    0.0000000000e+00
    2.1709980443e-02    0.0000000000e+00
    2.1719712764e-02    0.0000000000e+00
    2.1729445085e-02    0.0000000000e+00
    2.1739175543e-02    0.0000000000e+00
    2.1748907864e-02    0.0000000000e+00
    2.1759856492e-02    0.0000000000e+00
    2.1769588813e-02    0.0000000000e+00
    2.1779321134e-02    0.0000000000e+00
    2.1789053455e-02    0.0000000000e+00
    2.1798785776e-02    0.0000000000e+00
    2.1809734404e-02    0.0000000000e+00
    2.1819466725e-02    0.0000000000e+00
    2.1829199046e-02    0.0000000000e+00
    2.1838931367e-02    0.0000000000e+00
    2.1849879995e-02    0.0000000000e+00
    2.1859612316e-02    0.0000000000e+00
    2.1869344637e-02    0.0000000000e+00
    2.1879076958e-02    0.0000000000e+00
    2.1888809279e-02    0.0000000000e+00
    2.1899757907e-02    0.0000000000e+00
    2.1909490228e-02    0.0000000000e+00
    2.1919222549e-02    0.0000000000e+00
    2.1928954870e-02    0.0000000000e+00
    2.1939905360e-02    0.0000000000e+00
    2.1949637681e-02    0.0000000000e+00
    2.1959370002e-02    0.0000000000e+00
    2.1969102323e-02    0.0000000000e+00
    2.1978834644e-02    0.0000000000e+00
    2.1989785135e-02    0.0000000000e+00
    2.1999517456e-02    0.0000000000e+00
    2.2009251639e-02    0.0000000000e+00
    2.2018983960e-02    0.0000000000e+00
    2.2029934451e-02    0.0000000000e+00
    2.2039666772e-02    0.0000000000e+00
    2.2049399093e-02    0.0000000000e+00
    2.2059133276e-02    0.0000000000e+00
    2.2068865597e-02    0.0000000000e+00
    2.2079816088e-02    0.0000000000e+00
    2.2089548409e-02    0.0000000000e+00
    2.2099280730e-02    0.0000000000e+00
    2.2109014913e-02    0.0000000000e+00
    2.2119963542e-02    0.0000000000e+00
    2.2129697725e-02    0.0000000000e+00
    2.2139430046e-02    0.0000000000e+00
    2.2149162367e-02    0.0000000000e+00
    2.2158894688e-02    0.0000000000e+00
    2.2169845179e-02    0.0000000000e+00
    2.2179577500e-02    0.0000000000e+00
    2.2189309821e-02    0.0000000000e+00
    2.2199042141e-02    0.0000000000e+00
    2.2209992632e-02    0.0000000000e+00
    2.2219724953e-02    0.0000000000e+00
    2.2229457274e-02    0.0000000000e+00
    2.2239189595e-02    0.0000000000e+00
    2.2248921916e-02    0.0000000000e+00
    2.2259872407e-02    0.0000000000e+00
    2.2269604728e-02    0.0000000000e+00
    2.2279337049e-02    0.0000000000e+00
    2.2289069369e-02    0.0000000000e+00
    2.2298801690e-02    0.0000000000e+00
    2.2309750319e-02    0.0000000000e+00
    2.2319484502e-02    0.0000000000e+00
    2.2329216823e-02    0.0000000000e+00
    2.2338949144e-02    0.0000000000e+00
    2.2349897772e-02    0.0000000000e+00
    2.2359630093e-02    0.0000000000e+00
    2.2369362414e-02    0.0000000000e+00
    2.2379096597e-02    0.0000000000e+00
    2.2388828918e-02    0.0000000000e+00
    2.2399777547e-02    0.0000000000e+00
    2.2409509867e-02    0.0000000000e+00
    2.2419242188e-02    0.0000000000e+00
    2.2428976372e-02    0.0000000000e+00
    2.2439925000e-02    0.0000000000e+00
    2.2449657321e-02    0.0000000000e+00
    2.2459389642e-02    0.0000000000e+00
    2.2469121963e-02    0.0000000000e+00
    2.2478854284e-02    0.0000000000e+00
    2.2489804775e-02    0.0000000000e+00
    2.2499537095e-02    0.0000000000e+00
    2.2509269416e-02    0.0000000000e+00
    2.2519001737e-02    0.0000000000e+00
    2.2529950365e-02    0.0000000000e+00
    2.2539682686e-02    0.0000000000e+00
    2.2549415007e-02    0.0000000000e+00
    2.2559147328e-02    0.0000000000e+00
    2.2568881512e-02    0.0000000000e+00
    2.2579830140e-02    0.0000000000e+00
    2.2589562461e-02    0.0000000000e+00
    2.2599294782e-02    0.0000000000e+00
    2.2609027103e-02    0.0000000000e+00
    2.2619977593e-02    0.0000000000e+00
    2.2629709914e-02    0.0000000000e+00
    2.2639442235e-02    0.0000000000e+00
    2.2649174556e-02    0.0000000000e+00
    2.2658906877e-02    0.0000000000e+00
    2.2669855505e-02    0.0000000000e+00
    2.2679589689e-02    0.0000000000e+00
    2.2689322010e-02    0.0000000000e+00
    2.2699054331e-02    0.0000000000e+00
    2.2708786651e-02    0.0000000000e+00
    2.2719735280e-02    0.0000000000e+00
    2.2729467601e-02    0.0000000000e+00
    2.2739199921e-02    0.0000000000e+00
    2.2748932242e-02    0.0000000000e+00
    2.2759882733e-02    0.0000000000e+00
    2.2769615054e-02    0.0000000000e+00
    2.2779347375e-02    0.0000000000e+00
    2.2789079696e-02    0.0000000000e+00
    2.2798812017e-02    0.0000000000e+00
    2.2809760645e-02    0.0000000000e+00
    2.2819491103e-02    0.0000000000e+00
    2.2829223424e-02    0.0000000000e+00
    2.2838955745e-02    0.0000000000e+00
    2.2849904373e-02    0.0000000000e+00
    2.2859636694e-02    0.0000000000e+00
    2.2869369015e-02    0.0000000000e+00
    2.2879099473e-02    0.0000000000e+00
    2.2888831794e-02    0.0000000000e+00
    2.2899780422e-02    0.0000000000e+00
    2.2909512743e-02    0.0000000000e+00
    2.2919243202e-02    0.0000000000e+00
    2.2928975523e-02    0.0000000000e+00
    2.2939924151e-02    0.0000000000e+00
    2.2949656472e-02    0.0000000000e+00
    2.2959386930e-02    0.0000000000e+00
    2.2969119251e-02    0.0000000000e+00
    2.2978851572e-02    0.0000000000e+00
    2.2989800200e-02    0.0000000000e+00
    2.2999530658e-02    0.0000000000e+00
    2.3009262979e-02    0.0000000000e+00
    2.3018995300e-02    0.0000000000e+00
    2.3029943928e-02    0.0000000000e+00
    2.3039674386e-02    0.0000000000e+00
    2.3049406707e-02    0.0000000000e+00
    2.3059139028e-02    0.0000000000e+00
    2.3068871349e-02    0.0000000000e+00
    2.3079819977e-02    0.0000000000e+00
    2.3089550436e-02    0.0000000000e+00
    2.3099282756e-02    0.0000000000e+00
    2.3109015077e-02    0.0000000000e+00
    2.3119963706e-02    0.0000000000e+00
    2.3129696026e-02    0.0000000000e+00
    2.3139428347e-02    0.0000000000e+00
    2.3149160668e-02    0.0000000000e+00
    2.3158892989e-02    0.0000000000e+00
    2.3169841617e-02    0.0000000000e+00
    2.3179573938e-02    0.0000000000e+00
    2.3189306259e-02    0.0000000000e+00
    2.3199038580e-02    0.0000000000e+00
    2.3209987208e-02    0.0000000000e+00
    2.3219719529e-02    0.0000000000e+00
    2.3229451850e-02    0.0000000000e+00
    2.3239184171e-02    0.0000000000e+00
    2.3248916492e-02    0.0000000000e+00
    2.3259865120e-02    0.0000000000e+00
    2.3269597441e-02    0.0000000000e+00
    2.3279329762e-02    0.0000000000e+00
    2.3289060220e-02    0.0000000000e+00
    2.3298792541e-02    0.0000000000e+00
    2.3309743032e-02    0.0000000000e+00
    2.3319473490e-02    0.0000000000e+00
    2.3329205811e-02    0.0000000000e+00
    2.3338938132e-02    0.0000000000e+00
    2.3349886760e-02    0.0000000000e+00
    2.3359619081e-02    0.0000000000e+00
    2.3369351402e-02    0.0000000000e+00
    2.3379083723e-02    0.0000000000e+00
    2.3388816044e-02    0.0000000000e+00
    2.3399764672e-02    0.0000000000e+00
    2.3409496993e-02    0.0000000000e+00
    2.3419229314e-02    0.0000000000e+00
    2.3428961635e-02    0.0000000000e+00
    2.3439910263e-02    0.0000000000e+00
    2.3449642584e-02    0.0000000000e+00
    2.3459373042e-02    0.0000000000e+00
    2.3469105363e-02    0.0000000000e+00
    2.3478837684e-02    0.0000000000e+00
    2.3489786312e-02    0.0000000000e+00
    2.3499518633e-02    0.0000000000e+00
    2.3509250954e-02    0.0000000000e+00
    2.3518983275e-02    0.0000000000e+00
    2.3529931903e-02    0.0000000000e+00
    2.3539662361e-02    0.0000000000e+00
    2.3549394682e-02    0.0000000000e+00
    2.3559127003e-02    0.0000000000e+00
    2.3568859324e-02    0.0000000000e+00
    2.3579806089e-02    0.0000000000e+00
    2.3589538410e-02    0.0000000000e+00
    2.3599270731e-02    0.0000000000e+00
    2.3609001189e-02    0.0000000000e+00
    2.3619949818e-02    0.0000000000e+00
    2.3629682139e-02    0.0000000000e+00
    2.3639414459e-02    0.0000000000e+00
    2.3649146780e-02    0.0000000000e+00
    2.3658877239e-02    0.0000000000e+00
    2.3669827729e-02    0.0000000000e+00
    2.3679560050e-02    0.0000000000e+00
    2.3689292371e-02    0.0000000000e+00
    2.3699024692e-02    0.0000000000e+00
    2.3709973320e-02    0.0000000000e+00
    2.3719705641e-02    0.0000000000e+00
    2.3729437962e-02    0.0000000000e+00
    2.3739172146e-02    0.0000000000e+00
    2.3748904467e-02    0.0000000000e+00
    2.3759853095e-02    0.0000000000e+00
    2.3769585416e-02    0.0000000000e+00
    2.3779319599e-02    0.0000000000e+00
    2.3789051920e-02    0.0000000000e+00
    2.3798784241e-02    0.0000000000e+00
    2.3809732869e-02    0.0000000000e+00
    2.3819465190e-02    0.0000000000e+00
    2.3829197511e-02    0.0000000000e+00
    2.3838929832e-02    0.0000000000e+00
    2.3849878460e-02    0.0000000000e+00
    2.3859608918e-02    0.0000000000e+00
    2.3869341239e-02    0.0000000000e+00
    2.3879073560e-02    0.0000000000e+00
    2.3888804018e-02    0.0000000000e+00
    2.3899752647e-02    0.0000000000e+00
    2.3909483105e-02    0.0000000000e+00
    2.3919215426e-02    0.0000000000e+00
    2.3928945884e-02    0.0000000000e+00
    2.3939894512e-02    0.0000000000e+00
    2.3949624971e-02    0.0000000000e+00
    2.3959357291e-02    0.0000000000e+00
    2.3969087750e-02    0.0000000000e+00
    2.3978820071e-02    0.0000000000e+00
    2.3989766836e-02    0.0000000000e+00
    2.3999497294e-02    0.0000000000e+00
    2.4009229615e-02    0.0000000000e+00
    2.4018960074e-02    0.0000000000e+00
    2.4029906839e-02    0.0000000000e+00
    2.4039639160e-02    0.0000000000e+00
    2.4049369618e-02    0.0000000000e+00
    2.4059100077e-02    0.0000000000e+00
    2.4068832397e-02    0.0000000000e+00
    2.4079779163e-02    0.0000000000e+00
    2.4089511484e-02    0.0000000000e+00
    2.4099241942e-02    0.0000000000e+00
    2.4108972400e-02    0.0000000000e+00
    2.4119921029e-02    0.0000000000e+00
    2.4129651487e-02    0.0000000000e+00
    2.4139383808e-02    0.0000000000e+00
    2.4149114266e-02    0.0000000000e+00
    2.4158846587e-02    0.0000000000e+00
    2.4169793352e-02    0.0000000000e+00
    2.4179525673e-02    0.0000000000e+00
    2.4189256132e-02    0.0000000000e+00
    2.4198986590e-02    0.0000000000e+00
    2.4209935218e-02    0.0000000000e+00
    2.4219665676e-02    0.0000000000e+00
    2.4229397997e-02    0.0000000000e+00
    2.4239128456e-02    0.0000000000e+00
    2.4248860776e-02    0.0000000000e+00
    2.4259807542e-02    0.0000000000e+00
    2.4269539863e-02    0.0000000000e+00
    2.4279272184e-02    0.0000000000e+00
    2.4289002642e-02    0.0000000000e+00
    2.4299951270e-02    0.0000000000e+00
    2.4309681728e-02    0.0000000000e+00
    2.4319414049e-02    0.0000000000e+00
    2.4329146370e-02    0.0000000000e+00
    2.4338876829e-02    0.0000000000e+00
    2.4349825457e-02    0.0000000000e+00
    2.4359557778e-02    0.0000000000e+00
    2.4369288236e-02    0.0000000000e+00
    2.4379020557e-02    0.0000000000e+00
    2.4389969185e-02    0.0000000000e+00
    2.4399701506e-02    0.0000000000e+00
    2.4409431964e-02    0.0000000000e+00
    2.4419164285e-02    0.0000000000e+00
    2.4428896606e-02    0.0000000000e+00
    2.4439845234e-02    0.0000000000e+00
    2.4449577555e-02    0.0000000000e+00
    2.4459309876e-02    0.0000000000e+00
    2.4469042197e-02    0.0000000000e+00
    2.4479992688e-02    0.0000000000e+00
    2.4489725009e-02    0.0000000000e+00
    2.4499457330e-02    0.0000000000e+00
    2.4509189650e-02    0.0000000000e+00
    2.4518923834e-02    0.0000000000e+00
    2.4529872462e-02    0.0000000000e+00
    2.4539606646e-02    0.0000000000e+00
    2.4549338967e-02    0.0000000000e+00
    2.4559071288e-02    0.0000000000e+00
    2.4568805471e-02    0.0000000000e+00
    2.4579755962e-02    0.0000000000e+00
    2.4589488283e-02    0.0000000000e+00
    2.4599220604e-02    0.0000000000e+00
    2.4608954787e-02    0.0000000000e+00
    2.4619903415e-02    0.0000000000e+00
    2.4629637599e-02    0.0000000000e+00
    2.4639369920e-02    0.0000000000e+00
    2.4649102241e-02    0.0000000000e+00
    2.4658834562e-02    0.0000000000e+00
    2.4669785053e-02    0.0000000000e+00
    2.4679517373e-02    0.0000000000e+00
    2.4689249694e-02    0.0000000000e+00
    2.4698982015e-02    0.0000000000e+00
    2.4709930643e-02    0.0000000000e+00
    2.4719661102e-02    0.0000000000e+00
    2.4729393423e-02    0.0000000000e+00
    2.4739125744e-02    0.0000000000e+00
    2.4748858064e-02    0.0000000000e+00
    2.4759806693e-02    0.0000000000e+00
    2.4769537151e-02    0.0000000000e+00
    2.4779269472e-02    0.0000000000e+00
    2.4789001793e-02    0.0000000000e+00
    2.4799950421e-02    0.0000000000e+00
    2.4809680879e-02    0.0000000000e+00
    2.4819413200e-02    0.0000000000e+00
    2.4829145521e-02    0.0000000000e+00
    2.4838877842e-02    0.0000000000e+00
    2.4849826470e-02    0.0000000000e+00
    2.4859558791e-02    0.0000000000e+00
    2.4869291112e-02    0.0000000000e+00
    2.4879023433e-02    0.0000000000e+00
    2.4889972061e-02    0.0000000000e+00
    2.4899704382e-02    0.0000000000e+00
    2.4909436703e-02    0.0000000000e+00
    2.4919169024e-02    0.0000000000e+00
    2.4928901345e-02    0.0000000000e+00
    2.4939849973e-02    0.0000000000e+00
    2.4949582294e-02    0.0000000000e+00
    2.4959314615e-02    0.0000000000e+00
    2.4969046935e-02    0.0000000000e+00
    2.4979995564e-02    0.0000000000e+00
    2.4989727885e-02    0.0000000000e+00
    2.4999460205e-02    0.0000000000e+00
    2.5009192526e-02    0.0000000000e+00
    2.5018922985e-02    0.0000000000e+00
    2.5029871613e-02    0.0000000000e+00
    2.5039603934e-02    0.0000000000e+00
    2.5049336255e-02    0.0000000000e+00
    2.5059068576e-02    0.0000000000e+00
    2.5068799034e-02    0.0000000000e+00
    2.5079747662e-02    0.0000000000e+00
    2.5089479983e-02    0.0000000000e+00
    2.5099210441e-02    0.0000000000e+00
    2.5108942762e-02    0.0000000000e+00
    2.5119891390e-02    0.0000000000e+00
    2.5129621848e-02    0.0000000000e+00
    2.5139354169e-02    0.0000000000e+00
    2.5149084628e-02    0.0000000000e+00
    2.5158816949e-02    0.0000000000e+00
    2.5169763714e-02    0.0000000000e+00
    2.5179496035e-02    0.0000000000e+00
    2.5189226493e-02    0.0000000000e+00
    2.5198958814e-02    0.0000000000e+00
    2.5209905580e-02    0.0000000000e+00
    2.5219637901e-02    0.0000000000e+00
    2.5229368359e-02    0.0000000000e+00
    2.5239100680e-02    0.0000000000e+00
    2.5248831138e-02    0.0000000000e+00
    2.5259779766e-02    0.0000000000e+00
    2.5269510224e-02    0.0000000000e+00
    2.5279242545e-02    0.0000000000e+00
    2.5288974866e-02    0.0000000000e+00
    2.5299921632e-02    0.0000000000e+00
    2.5309653953e-02    0.0000000000e+00
    2.5319384411e-02    0.0000000000e+00
    2.5329116732e-02    0.0000000000e+00
    2.5338847190e-02    0.0000000000e+00
    2.5349795818e-02    0.0000000000e+00
    2.5359526277e-02    0.0000000000e+00
    2.5369256735e-02    0.0000000000e+00
    2.5378989056e-02    0.0000000000e+00
    2.5389935821e-02    0.0000000000e+00
    2.5399668142e-02    0.0000000000e+00
    2.5409398600e-02    0.0000000000e+00
    2.5419129059e-02    0.0000000000e+00
    2.5428861380e-02    0.0000000000e+00
    2.5439808145e-02    0.0000000000e+00
    2.5449540466e-02    0.0000000000e+00
    2.5459270924e-02    0.0000000000e+00
    2.5469001383e-02    0.0000000000e+00
    2.5479950011e-02    0.0000000000e+00
    2.5489680469e-02    0.0000000000e+00
    2.5499412790e-02    0.0000000000e+00
    2.5509143248e-02    0.0000000000e+00
    2.5518875569e-02    0.0000000000e+00
    2.5529822335e-02    0.0000000000e+00
    2.5539554656e-02    0.0000000000e+00
    2.5549286976e-02    0.0000000000e+00
    2.5559017435e-02    0.0000000000e+00
    2.5569966063e-02    0.0000000000e+00
    2.5579698384e-02    0.0000000000e+00
    2.5589430705e-02    0.0000000000e+00
    2.5599163026e-02    0.0000000000e+00
    2.5608895347e-02    0.0000000000e+00
    2.5619843975e-02    0.0000000000e+00
    2.5629576296e-02    0.0000000000e+00
    2.5639308617e-02    0.0000000000e+00
    2.5649042800e-02    0.0000000000e+00
    2.5659991428e-02    0.0000000000e+00
    2.5669723749e-02    0.0000000000e+00
    2.5679456070e-02    0.0000000000e+00
    2.5689190254e-02    0.0000000000e+00
    2.5698922575e-02    0.0000000000e+00
    2.5709871203e-02    0.0000000000e+00
    2.5719605386e-02    0.0000000000e+00
    2.5729337707e-02    0.0000000000e+00
    2.5739070028e-02    0.0000000000e+00
    2.5748802349e-02    0.0000000000e+00
    2.5759752840e-02    0.0000000000e+00
    2.5769485161e-02    0.0000000000e+00
    2.5779217482e-02    0.0000000000e+00
    2.5788949803e-02    0.0000000000e+00
    2.5799900293e-02    0.0000000000e+00
    2.5809632614e-02    0.0000000000e+00
    2.5819364935e-02    0.0000000000e+00
    2.5829097256e-02    0.0000000000e+00
    2.5838829577e-02    0.0000000000e+00
    2.5849778205e-02    0.0000000000e+00
    2.5859510526e-02    0.0000000000e+00
    2.5869242847e-02    0.0000000000e+00
    2.5878977031e-02    0.0000000000e+00
    2.5889925659e-02    0.0000000000e+00
    2.5899657980e-02    0.0000000000e+00
    2.5909390301e-02    0.0000000000e+00
    2.5919122621e-02    0.0000000000e+00
    2.5928854942e-02    0.0000000000e+00
    2.5939803571e-02    0.0000000000e+00
    2.5949535891e-02    0.0000000000e+00
    2.5959268212e-02    0.0000000000e+00
    2.5969000533e-02    0.0000000000e+00
    2.5979949161e-02    0.0000000000e+00
    2.5989681482e-02    0.0000000000e+00
    2.5999413803e-02    0.0000000000e+00
    2.6009144261e-02    0.0000000000e+00
    2.6018876582e-02    0.0000000000e+00
    2.6029825211e-02    0.0000000000e+00
    2.6039557531e-02    0.0000000000e+00
    2.6049289852e-02    0.0000000000e+00
    2.6059022173e-02    0.0000000000e+00
    2.6069970801e-02    0.0000000000e+00
    2.6079703122e-02    0.0000000000e+00
    2.6089435443e-02    0.0000000000e+00
    2.6099167764e-02    0.0000000000e+00
    2.6108898222e-02    0.0000000000e+00
    2.6119846851e-02    0.0000000000e+00
    2.6129579172e-02    0.0000000000e+00
    2.6139311492e-02    0.0000000000e+00
    2.6149043813e-02    0.0000000000e+00
    2.6159992442e-02    0.0000000000e+00
    2.6169722900e-02    0.0000000000e+00
    2.6179455221e-02    0.0000000000e+00
    2.6189187542e-02    0.0000000000e+00
    2.6198919863e-02    0.0000000000e+00
    2.6209868491e-02    0.0000000000e+00
    2.6219598949e-02    0.0000000000e+00
    2.6229331270e-02    0.0000000000e+00
    2.6239063591e-02    0.0000000000e+00
    2.6248795912e-02    0.0000000000e+00
    2.6259742677e-02    0.0000000000e+00
    2.6269474998e-02    0.0000000000e+00
    2.6279207319e-02    0.0000000000e+00
    2.6288937777e-02    0.0000000000e+00
    2.6299886405e-02    0.0000000000e+00
    2.6309618726e-02    0.0000000000e+00
    2.6319349185e-02    0.0000000000e+00
    2.6329081506e-02    0.0000000000e+00
    2.6338813826e-02    0.0000000000e+00
    2.6349762455e-02    0.0000000000e+00
    2.6359492913e-02    0.0000000000e+00
    2.6369225234e-02    0.0000000000e+00
    2.6378957555e-02    0.0000000000e+00
    2.6389906183e-02    0.0000000000e+00
    2.6399636641e-02    0.0000000000e+00
    2.6409368962e-02    0.0000000000e+00
    2.6419101283e-02    0.0000000000e+00
    2.6428833604e-02    0.0000000000e+00
    2.6439780369e-02    0.0000000000e+00
    2.6449512690e-02    0.0000000000e+00
    2.6459245011e-02    0.0000000000e+00
    2.6468975469e-02    0.0000000000e+00
    2.6479924098e-02    0.0000000000e+00
    2.6489656419e-02    0.0000000000e+00
    2.6499386877e-02    0.0000000000e+00
    2.6509119198e-02    0.0000000000e+00
    2.6518849656e-02    0.0000000000e+00
    2.6529798284e-02    0.0000000000e+00
    2.6539528742e-02    0.0000000000e+00
    2.6549261063e-02    0.0000000000e+00
    2.6558991522e-02    0.0000000000e+00
    2.6569940150e-02    0.0000000000e+00
    2.6579672471e-02    0.0000000000e+00
    2.6589402929e-02    0.0000000000e+00
    2.6599135250e-02    0.0000000000e+00
    2.6608865708e-02    0.0000000000e+00
    2.6619814336e-02    0.0000000000e+00
    2.6629544795e-02    0.0000000000e+00
    2.6639277115e-02    0.0000000000e+00
    2.6649009436e-02    0.0000000000e+00
    2.6659956202e-02    0.0000000000e+00
    2.6669688523e-02    0.0000000000e+00
    2.6679420844e-02    0.0000000000e+00
    2.6689153165e-02    0.0000000000e+00
    2.6698885486e-02    0.0000000000e+00
    2.6709834114e-02    0.0000000000e+00
    2.6719564572e-02    0.0000000000e+00
    2.6729296893e-02    0.0000000000e+00
    2.6739029214e-02    0.0000000000e+00
    2.6749977842e-02    0.0000000000e+00
    2.6759710163e-02    0.0000000000e+00
    2.6769442484e-02    0.0000000000e+00
    2.6779174805e-02    0.0000000000e+00
    2.6788907126e-02    0.0000000000e+00
    2.6799855754e-02    0.0000000000e+00
    2.6809588075e-02    0.0000000000e+00
    2.6819320396e-02    0.0000000000e+00
    2.6829052716e-02    0.0000000000e+00
    2.6838785037e-02    0.0000000000e+00
    2.6849733666e-02    0.0000000000e+00
    2.6859465986e-02    0.0000000000e+00
    2.6869198307e-02    0.0000000000e+00
    2.6878930628e-02    0.0000000000e+00
    2.6889879256e-02    0.0000000000e+00
    2.6899609715e-02    0.0000000000e+00
    2.6909342036e-02    0.0000000000e+00
    2.6919074357e-02    0.0000000000e+00
    2.6928806677e-02    0.0000000000e+00
    2.6939755306e-02    0.0000000000e+00
    2.6949487627e-02    0.0000000000e+00
    2.6959219947e-02    0.0000000000e+00
    2.6968952268e-02    0.0000000000e+00
    2.6979900897e-02    0.0000000000e+00
    2.6989633217e-02    0.0000000000e+00
    2.6999365538e-02    0.0000000000e+00
    2.7009097859e-02    0.0000000000e+00
    2.7018830180e-02    0.0000000000e+00
    2.7029778808e-02    0.0000000000e+00
    2.7039511129e-02    0.0000000000e+00
    2.7049243450e-02    0.0000000000e+00
    2.7058975771e-02    0.0000000000e+00
    2.7069924399e-02    0.0000000000e+00
    2.7079656720e-02    0.0000000000e+00
    2.7089389041e-02    0.0000000000e+00
    2.7099121362e-02    0.0000000000e+00
    2.7108853683e-02    0.0000000000e+00
    2.7119802311e-02    0.0000000000e+00
    2.7129534632e-02    0.0000000000e+00
    2.7139266953e-02    0.0000000000e+00
    2.7148999274e-02    0.0000000000e+00
    2.7159949765e-02    0.0000000000e+00
    2.7169682086e-02    0.0000000000e+00
    2.7179414406e-02    0.0000000000e+00
    2.7189146727e-02    0.0000000000e+00
    2.7198879048e-02    0.0000000000e+00
    2.7209827676e-02    0.0000000000e+00
    2.7219559997e-02    0.0000000000e+00
    2.7229292318e-02    0.0000000000e+00
    2.7239024639e-02    0.0000000000e+00
    2.7249973267e-02    0.0000000000e+00
    2.7259705588e-02    0.0000000000e+00
    2.7269437909e-02    0.0000000000e+00
    2.7279170230e-02    0.0000000000e+00
    2.7288902551e-02    0.0000000000e+00
    2.7299851179e-02    0.0000000000e+00
    2.7309583500e-02    0.0000000000e+00
    2.7319315821e-02    0.0000000000e+00
    2.7329048142e-02    0.0000000000e+00
    2.7339996770e-02    0.0000000000e+00
    2.7349727228e-02    0.0000000000e+00
    2.7359459549e-02    0.0000000000e+00
    2.7369191870e-02    0.0000000000e+00
    2.7378924191e-02    0.0000000000e+00
    2.7389872819e-02    0.0000000000e+00
    2.7399605140e-02    0.0000000000e+00
    2.7409337461e-02    0.0000000000e+00
    2.7419069782e-02    0.0000000000e+00
    2.7428802103e-02    0.0000000000e+00
    2.7439750731e-02    0.0000000000e+00
    2.7449483052e-02    0.0000000000e+00
    2.7459215373e-02    0.0000000000e+00
    2.7468947694e-02    0.0000000000e+00
    2.7479898185e-02    0.0000000000e+00
    2.7489630505e-02    0.0000000000e+00
    2.7499362826e-02    0.0000000000e+00
    2.7509095147e-02    0.0000000000e+00
    2.7518827468e-02    0.0000000000e+00
    2.7529776096e-02    0.0000000000e+00
    2.7539510280e-02    0.0000000000e+00
    2.7549242601e-02    0.0000000000e+00
    2.7558974922e-02    0.0000000000e+00
    2.7569923550e-02    0.0000000000e+00
    2.7579657733e-02    0.0000000000e+00
    2.7589390054e-02    0.0000000000e+00
    2.7599122375e-02    0.0000000000e+00
    2.7608854696e-02    0.0000000000e+00
    2.7619803324e-02    0.0000000000e+00
    2.7629535645e-02    0.0000000000e+00
    2.7639267966e-02    0.0000000000e+00
    2.7649000287e-02    0.0000000000e+00
    2.7659950778e-02    0.0000000000e+00
    2.7669683099e-02    0.0000000000e+00
    2.7679415420e-02    0.0000000000e+00
    2.7689147741e-02    0.0000000000e+00
    2.7698880062e-02    0.0000000000e+00
    2.7709828690e-02    0.0000000000e+00
    2.7719561011e-02    0.0000000000e+00
    2.7729293332e-02    0.0000000000e+00
    2.7739023790e-02    0.0000000000e+00
    2.7749974281e-02    0.0000000000e+00
    2.7759706602e-02    0.0000000000e+00
    2.7769437060e-02    0.0000000000e+00
    2.7779169381e-02    0.0000000000e+00
    2.7788901702e-02    0.0000000000e+00
    2.7799852192e-02    0.0000000000e+00
    2.7809584513e-02    0.0000000000e+00
    2.7819316834e-02    0.0000000000e+00
    2.7829049155e-02    0.0000000000e+00
    2.7839997783e-02    0.0000000000e+00
    2.7849730104e-02    0.0000000000e+00
    2.7859462425e-02    0.0000000000e+00
    2.7869194746e-02    0.0000000000e+00
    2.7878927067e-02    0.0000000000e+00
    2.7889875695e-02    0.0000000000e+00
    2.7899608016e-02    0.0000000000e+00
    2.7909340337e-02    0.0000000000e+00
    2.7919396758e-02    0.0000000000e+00
    2.7929779142e-02    0.0000000000e+00
    2.7939511463e-02    0.0000000000e+00
    2.7949891984e-02    0.0000000000e+00
    2.7959624305e-02    0.0000000000e+00
    2.7969356626e-02    0.0000000000e+00
    2.7979737148e-02    0.0000000000e+00
    2.7989469469e-02    0.0000000000e+00
    2.7999849990e-02    0.0000000000e+00
    2.8009582311e-02    0.0000000000e+00
    2.8019962832e-02    0.0000000000e+00
    2.8029695153e-02    0.0000000000e+00
    2.8039427474e-02    0.0000000000e+00
    2.8049809858e-02    0.0000000000e+00
    2.8059542179e-02    0.0000000000e+00
    2.8069922701e-02    0.0000000000e+00
    2.8079655021e-02    0.0000000000e+00
    2.8089387342e-02    0.0000000000e+00
    2.8099767864e-02    0.0000000000e+00
    2.8109500185e-02    0.0000000000e+00
    2.8119880706e-02    0.0000000000e+00
    2.8129613027e-02    0.0000000000e+00
    2.8139995411e-02    0.0000000000e+00
    2.8149725869e-02    0.0000000000e+00
    2.8159458190e-02    0.0000000000e+00
    2.8169840574e-02    0.0000000000e+00
    2.8179572895e-02    0.0000000000e+00
    2.8189953417e-02    0.0000000000e+00
    2.8199685737e-02    0.0000000000e+00
    2.8209418058e-02    0.0000000000e+00
    2.8219565749e-02    0.0000000000e+00
    2.8229657561e-02    0.0000000000e+00
    2.8239751235e-02    0.0000000000e+00
    2.8249843046e-02    0.0000000000e+00
    2.8259936720e-02    0.0000000000e+00
    2.8269112110e-02    0.0000000000e+00
    2.8279669583e-02    0.0000000000e+00
    2.8289308771e-02    0.0000000000e+00
    2.8299912810e-02    0.0000000000e+00
    2.8309553862e-02    0.0000000000e+00
    2.8319193050e-02    0.0000000000e+00
    2.8329797089e-02    0.0000000000e+00
    2.8339438140e-02    0.0000000000e+00
    2.8349077329e-02    0.0000000000e+00
    2.8359681368e-02    0.0000000000e+00
    2.8369322419e-02    0.0000000000e+00
    2.8379926458e-02    0.0000000000e+00
    2.8389565647e-02    0.0000000000e+00
    2.8399206698e-02    0.0000000000e+00
    2.8409810737e-02    0.0000000000e+00
    2.8419449925e-02    0.0000000000e+00
    2.8429090977e-02    0.0000000000e+00
    2.8439695016e-02    0.0000000000e+00
    2.8449334204e-02    0.0000000000e+00
    2.8459938243e-02    0.0000000000e+00
    2.8469579294e-02    0.0000000000e+00
    2.8479218483e-02    0.0000000000e+00
    2.8489822522e-02    0.0000000000e+00
    2.8499463573e-02    0.0000000000e+00
    2.8509102762e-02    0.0000000000e+00
    2.8519706801e-02    0.0000000000e+00
    2.8529347852e-02    0.0000000000e+00
    2.8539951891e-02    0.0000000000e+00
    2.8549591079e-02    0.0000000000e+00
    2.8559232131e-02    0.0000000000e+00
    2.8569836169e-02    0.0000000000e+00
    2.8579475358e-02    0.0000000000e+00
    2.8589116409e-02    0.0000000000e+00
    2.8599720448e-02    0.0000000000e+00
    2.8609359637e-02    0.0000000000e+00
    2.8619963676e-02    0.0000000000e+00
    2.8629371896e-02    0.0000000000e+00
    2.8639463708e-02    0.0000000000e+00
    2.8649557382e-02    0.0000000000e+00
    2.8659649193e-02    0.0000000000e+00
    2.8669068590e-02    0.0000000000e+00
    2.8678802773e-02    0.0000000000e+00
    2.8689751402e-02    0.0000000000e+00
    2.8699485585e-02    0.0000000000e+00
    2.8709217906e-02    0.0000000000e+00
    2.8719589114e-02    0.0000000000e+00
    2.8729682788e-02    0.0000000000e+00
    2.8739774600e-02    0.0000000000e+00
    2.8749866411e-02    0.0000000000e+00
    2.8759306297e-02    0.0000000000e+00
    2.8769040480e-02    0.0000000000e+00
    2.8779989108e-02    0.0000000000e+00
    2.8789883479e-02    0.0000000000e+00
    2.8799615800e-02    0.0000000000e+00
    2.8809996322e-02    0.0000000000e+00
    2.8819728643e-02    0.0000000000e+00
    2.8829460964e-02    0.0000000000e+00
    2.8839843348e-02    0.0000000000e+00
    2.8849575669e-02    0.0000000000e+00
    2.8859075159e-02    0.0000000000e+00
    2.8869664297e-02    0.0000000000e+00
    2.8879303485e-02    0.0000000000e+00
    2.8889909387e-02    0.0000000000e+00
    2.8899548575e-02    0.0000000000e+00
    2.8909187764e-02    0.0000000000e+00
    2.8919793665e-02    0.0000000000e+00
    2.8929335997e-02    0.0000000000e+00
    2.8939561918e-02    0.0000000000e+00
    2.8949787840e-02    0.0000000000e+00
    2.8959332034e-02    0.0000000000e+00
    2.8969556093e-02    0.0000000000e+00
    2.8979310766e-02    0.0000000000e+00
    2.8989858925e-02    0.0000000000e+00
    2.8999499977e-02    0.0000000000e+00
    2.9009139165e-02    0.0000000000e+00
    2.9019743204e-02    0.0000000000e+00
    2.9029384255e-02    0.0000000000e+00
    2.9039988294e-02    0.0000000000e+00
    2.9049627483e-02    0.0000000000e+00
    2.9059268534e-02    0.0000000000e+00
    2.9069872573e-02    0.0000000000e+00
    2.9079511762e-02    0.0000000000e+00
    2.9089152813e-02    0.0000000000e+00
    2.9099756852e-02    0.0000000000e+00
    2.9109396040e-02    0.0000000000e+00
    2.9119037092e-02    0.0000000000e+00
    2.9129641131e-02    0.0000000000e+00
    2.9139280319e-02    0.0000000000e+00
    2.9149884358e-02    0.0000000000e+00
    2.9159525409e-02    0.0000000000e+00
    2.9169164598e-02    0.0000000000e+00
    2.9179768637e-02    0.0000000000e+00
    2.9189409688e-02    0.0000000000e+00
    2.9199048877e-02    0.0000000000e+00
    2.9209652916e-02    0.0000000000e+00
    2.9219293967e-02    0.0000000000e+00
    2.9229898006e-02    0.0000000000e+00
    2.9239537194e-02    0.0000000000e+00
    2.9249178246e-02    0.0000000000e+00
    2.9259782284e-02    0.0000000000e+00
    2.9269421473e-02    0.0000000000e+00
    2.9279062524e-02    0.0000000000e+00
    2.9289666563e-02    0.0000000000e+00
    2.9299305752e-02    0.0000000000e+00
    2.9309909791e-02    0.0000000000e+00
    2.9319550842e-02    0.0000000000e+00
    2.9329190031e-02    0.0000000000e+00
    2.9339794070e-02    0.0000000000e+00
    2.9349435121e-02    0.0000000000e+00
    2.9359074309e-02    0.0000000000e+00
    2.9369678348e-02    0.0000000000e+00
    2.9379319400e-02    0.0000000000e+00
    2.9389923438e-02    0.0000000000e+00
    2.9399562627e-02    0.0000000000e+00
    2.9409203678e-02    0.0000000000e+00
    2.9419807717e-02    0.0000000000e+00
    2.9429633170e-02    0.0000000000e+00
    2.9439859092e-02    0.0000000000e+00
    2.9449401423e-02    0.0000000000e+00
    2.9459627345e-02    0.0000000000e+00
    2.9469853267e-02    0.0000000000e+00
    2.9479397461e-02    0.0000000000e+00
    2.9489621520e-02    0.0000000000e+00
    2.9499847442e-02    0.0000000000e+00
    2.9509391636e-02    0.0000000000e+00
    2.9519617558e-02    0.0000000000e+00
    2.9529841617e-02    0.0000000000e+00
    2.9539385810e-02    0.0000000000e+00
    2.9549611732e-02    0.0000000000e+00
    2.9559837654e-02    0.0000000000e+00
    2.9569379985e-02    0.0000000000e+00
    2.9579605907e-02    0.0000000000e+00
    2.9589831829e-02    0.0000000000e+00
    2.9599376023e-02    0.0000000000e+00
    2.9609600082e-02    0.0000000000e+00
    2.9619826004e-02    0.0000000000e+00
    2.9629370198e-02    0.0000000000e+00
    2.9639596120e-02    0.0000000000e+00
    2.9649820179e-02    0.0000000000e+00
    2.9659364372e-02    0.0000000000e+00
    2.9669590294e-02    0.0000000000e+00
    2.9679816216e-02    0.0000000000e+00
    2.9689358547e-02    0.0000000000e+00
    2.9699584469e-02    0.0000000000e+00
    2.9709810391e-02    0.0000000000e+00
    2.9719354585e-02    0.0000000000e+00
    2.9729578644e-02    0.0000000000e+00
    2.9739804566e-02    0.0000000000e+00
    2.9749348760e-02    0.0000000000e+00
    2.9759574682e-02    0.0000000000e+00
    2.9769837856e-02    0.0000000000e+00
    2.9779477045e-02    0.0000000000e+00
    2.9789116234e-02    0.0000000000e+00
    2.9799722135e-02    0.0000000000e+00
    2.9809361324e-02    0.0000000000e+00
    2.9819965363e-02    0.0000000000e+00
    2.9829606414e-02    0.0000000000e+00
    2.9839245602e-02    0.0000000000e+00
    2.9849849641e-02    0.0000000000e+00
    2.9859490693e-02    0.0000000000e+00
    2.9869129881e-02    0.0000000000e+00
    2.9879733920e-02    0.0000000000e+00
    2.9889374971e-02    0.0000000000e+00
    2.9899979010e-02    0.0000000000e+00
    2.9909618199e-02    0.0000000000e+00
    2.9919259250e-02    0.0000000000e+00
    2.9929863289e-02    0.0000000000e+00
    2.9939502478e-02    0.0000000000e+00
    2.9949143529e-02    0.0000000000e+00
    2.9959747568e-02    0.0000000000e+00
    2.9969386756e-02    0.0000000000e+00
    2.9979990795e-02    0.0000000000e+00
    2.9989631847e-02    0.0000000000e+00
    2.9999271035e-02    0.0000000000e+00
    3.0000235885e-02    0.0000000000e+00
      3002
    0.0000000000e+00    0.0000000000e+00
    9.7362280940e-06    0.0000000000e+00
    1.9472456188e-05    0.0000000000e+00
    2.9208684282e-05    0.0000000000e+00
    3.8944912376e-05    0.0000000000e+00
    4.9898168072e-05    0.0000000000e+00
    5.9634396166e-05    0.0000000000e+00
    6.9370624260e-05    0.0000000000e+00
    7.9106852354e-05    0.0000000000e+00
    8.8843080448e-05    0.0000000000e+00
    9.9796336144e-05    0.0000000000e+00
    1.0953255696e-04    0.0000000000e+00
    1.1936988449e-04    0.0000000000e+00
    1.2951242388e-04    0.0000000000e+00
    1.3930225396e-04    0.0000000000e+00
    1.4939271205e-04    0.0000000000e+00
    1.5927563072e-04    0.0000000000e+00
    1.6968246200e-04    0.0000000000e+00
    1.7952857888e-04    1.2260679245e+01
    1.8913974054e-04    1.0117135048e+01
    1.9887587405e-04    8.3233728409e+00
    2.0982899878e-04    6.6779770851e+00
    2.1956508863e-04    5.4867067337e+00
    2.2930116393e-04    4.5047402382e+00
    2.3903725378e-04    3.6956770420e+00
    2.4999040761e-04    2.9549872875e+00
    2.5972659932e-04    2.4199943542e+00
    2.6946279104e-04    1.9799921513e+00
    2.7919895365e-04    1.6182906628e+00
    2.8893514536e-04    1.3211170435e+00
    2.9988834285e-04    1.0498737097e+00
    3.0962453457e-04    8.5459154844e-01
    3.1936069718e-04    6.9452762604e-01
    3.2909688889e-04    5.6345266104e-01
    3.3883302240e-04    4.5622619987e-01
    3.4978619078e-04    3.5885208845e-01
    3.5952235339e-04    2.8914251924e-01
    3.6925845779e-04    2.3233653605e-01
    3.7899453309e-04    1.8611501157e-01
    3.8994755596e-04    1.4440335333e-01
    3.9968357305e-04    1.1475139111e-01
    4.0941956104e-04    9.0764515102e-02
    4.1915551992e-04    7.1404926479e-02
    4.2889144970e-04    5.5819924921e-02
    4.3984435615e-04    4.1932191700e-02
    4.4958025683e-04    3.2200161368e-02
    4.5931615750e-04    2.4446072057e-02
    4.6905202908e-04    1.8294438720e-02
    4.7878790065e-04    1.3438216411e-02
    4.8974074889e-04    9.2130061239e-03
    4.9947656225e-04    6.3341343775e-03
    5.0921243383e-04    4.1103051044e-03
    5.1894818898e-04    2.4096015841e-03
    5.2990094991e-04    9.8921987228e-04
    5.3963670507e-04    7.0196663728e-05
    5.4937246023e-04   -5.9688696638e-04
    5.5910821538e-04   -1.0668321047e-03
    5.6884397054e-04   -1.3836602448e-03
    5.7979667326e-04   -1.6006771475e-03
    5.8953242842e-04   -1.7003670800e-03
    5.9926818358e-04   -1.7351141432e-03
    6.0900388053e-04   -1.7220695736e-03
    6.1995652504e-04   -1.6669237521e-03
    6.2969216378e-04   -1.5933891991e-03
    6.3942786073e-04   -1.5050497605e-03
    6.4916349947e-04   -1.4079259709e-03
    6.5889908001e-04   -1.3065699022e-03
    6.6985160811e-04   -1.1916707736e-03
    6.7958718864e-04   -1.0914517334e-03
    6.8932271097e-04   -9.9480978679e-04
    6.9905823329e-04   -9.0288871434e-04
    7.0879369741e-04   -8.1641314318e-04
    7.1974610910e-04   -7.2613015072e-04
    7.2948157322e-04   -6.5226899460e-04
    7.3921697913e-04   -5.8439222630e-04
    7.4895244325e-04   -5.2234414034e-04
    7.5990479672e-04   -4.5920527191e-04
    7.6964020263e-04   -4.0867491043e-04
    7.7937560854e-04   -3.6306070979e-04
    7.8911101446e-04   -3.2201176509e-04
    7.9884642037e-04   -2.8517388273e-04
    8.0979865743e-04   -2.4833137286e-04
    8.1953400513e-04   -2.1929969080e-04
    8.2926929463e-04   -1.9343326858e-04
    8.3900458412e-04   -1.7043066327e-04
    8.4995670477e-04   -1.4762568753e-04
    8.5969193606e-04   -1.2979825260e-04
    8.6942716734e-04   -1.1402207019e-04
    8.7916234042e-04   -1.0007940000e-04
    8.8889745530e-04   -8.7772044935e-05
    8.9984945953e-04   -7.5657975685e-05
    9.0958451619e-04   -6.6250868258e-05
    9.1931951465e-04   -5.7974193624e-05
    9.2905445490e-04   -5.0698898121e-05
    9.3878927873e-04   -4.4309515943e-05
    9.4974087551e-04   -3.8052425225e-05
    9.5947552472e-04   -3.3217020246e-05
    9.6921011573e-04   -2.8980975912e-05
    9.7894459032e-04   -2.5272625862e-05
    9.8989589605e-04   -2.1652633222e-05
    9.9963019602e-04   -1.8863600417e-05
    1.0093643796e-03   -1.6426820366e-05
    1.0190985631e-03   -1.4299000213e-05
    1.0288325138e-03   -1.2441948456e-05
    1.0397832375e-03   -1.0634694263e-05
    1.0495170718e-03   -9.2463333203e-06
    1.0592506733e-03   -8.0364470705e-06
    1.0689842748e-03   -6.9825459832e-06
    1.0799344163e-03   -5.9588887780e-06
    1.0896677850e-03   -5.1739648370e-06
    1.0994010372e-03   -4.4910925681e-06
    1.1091342894e-03   -3.8972261791e-06
    1.1188673088e-03   -3.3809510569e-06
    1.1298169848e-03   -2.8805106922e-06
    1.1395498877e-03   -2.4975381621e-06
    1.1492826743e-03   -2.1649500468e-06
    1.1590153445e-03   -1.8762054879e-06
    1.1699643219e-03   -1.5966974161e-06
    1.1796967592e-03   -1.3830763237e-06
    1.1894289637e-03   -1.1977757595e-06
    1.1991611682e-03   -1.0370825976e-06
    1.2088933727e-03   -8.9776426648e-07
    1.2198420009e-03   -7.6309260066e-07
    1.2295740889e-03   -6.6030793278e-07
    1.2393060606e-03   -5.7126180764e-07
    1.2490381487e-03   -4.9413500847e-07
    1.2599866604e-03   -4.1965427044e-07
    1.2697185157e-03   -3.6286323279e-07
    1.2794504873e-03   -3.1370555575e-07
    1.2891823426e-03   -2.7116334422e-07
    1.2989141978e-03   -2.3435316621e-07
    1.3098624768e-03   -1.9884295455e-07
    1.3195943320e-03   -1.7179432632e-07
    1.3293261873e-03   -1.4840321683e-07
    1.3390581589e-03   -1.2817845629e-07
    1.3487900142e-03   -1.1069420225e-07
    1.3597385259e-03   -9.3842672300e-08
    1.3694704976e-03   -8.1017873299e-08
    1.3792023528e-03   -6.9936220370e-08
    1.3889340917e-03   -6.0362289389e-08
    1.3998821378e-03   -5.1141135771e-08
    1.4096136438e-03   -4.4128331211e-08
    1.4193450334e-03   -3.8072666797e-08
    1.4290763065e-03   -3.2844280184e-08
    1.4388074633e-03   -2.8330784829e-08
    1.4497550437e-03   -2.3987023923e-08
    1.4594860841e-03   -2.0685980928e-08
    1.4692171244e-03   -1.7837303190e-08
    1.4789480483e-03   -1.5379267637e-08
    1.4898953959e-03   -1.3014804345e-08
    1.4996263199e-03   -1.1218820539e-08
    1.5093573602e-03   -9.6697192475e-09
    1.5190882841e-03   -8.3337470258e-09
    1.5288193244e-03   -7.1817316538e-09
    1.5397667885e-03   -6.0743454711e-09
    1.5494978288e-03   -5.2337720824e-09
    1.5592289856e-03   -4.5091672618e-09
    1.5689601423e-03   -3.8845726635e-09
    1.5799077228e-03   -3.2843765485e-09
    1.5896389959e-03   -2.8289264264e-09
    1.5993701527e-03   -2.4364181783e-09
    1.6091015423e-03   -2.0981834048e-09
    1.6188328154e-03   -1.8067468632e-09
    1.6297805123e-03   -1.5268273312e-09
    1.6395119019e-03   -1.3145283750e-09
    1.6492432915e-03   -1.1316686477e-09
    1.6589745646e-03   -9.7418217937e-10
    1.6699222615e-03   -8.2299050908e-10
    1.6796534183e-03   -7.0837130606e-10
    1.6893845750e-03   -6.0967975113e-10
    1.6991156153e-03   -5.2470644496e-10
    1.7088466557e-03   -4.5154746608e-10
    1.7197940033e-03   -3.8133218805e-10
    1.7295248108e-03   -3.2811486861e-10
    1.7392556183e-03   -2.8230326410e-10
    1.7489861930e-03   -2.4286939126e-10
    1.7599329585e-03   -2.0503226894e-10
    1.7696633004e-03   -1.7636384020e-10
    1.7793934094e-03   -1.5169311640e-10
    1.7891235184e-03   -1.3046463909e-10
    1.7988532782e-03   -1.1219990215e-10
    1.8097991124e-03   -9.4683559604e-11
    1.8195285229e-03   -8.1418441433e-11
    1.8292577006e-03   -7.0008235320e-11
    1.8389866455e-03   -6.0194182971e-11
    1.8499315483e-03   -5.0785115696e-11
    1.8596601440e-03   -4.3661557009e-11
    1.8693886232e-03   -3.7535502484e-11
    1.8791169859e-03   -3.2267515049e-11
    1.8888451159e-03   -2.7737600411e-11
    1.8997892039e-03   -2.3395700308e-11
    1.9095172174e-03   -2.0109266682e-11
    1.9192451145e-03   -1.7283658879e-11
    1.9289728953e-03   -1.4854367736e-11
    1.9399166340e-03   -1.2526358423e-11
    1.9496444147e-03   -1.0764620965e-11
    1.9593720790e-03   -9.2502203813e-12
    1.9690997433e-03   -7.9485047016e-12
    1.9788274076e-03   -6.8296709434e-12
    1.9897709135e-03   -5.7578022211e-12
    1.9994983450e-03   -4.9469018291e-12
    2.0092257764e-03   -4.2500404238e-12
    2.0189529750e-03   -3.6512095430e-12
    2.0298960153e-03   -3.0776368867e-12
    2.0396232139e-03   -2.6437998926e-12
    2.0493501797e-03   -2.2710405605e-12
    2.0590771455e-03   -1.9507730934e-12
    2.0688038785e-03   -1.6756147251e-12
    2.0797464531e-03   -1.4121146743e-12
    2.0894729532e-03   -1.2128460129e-12
    2.0991994534e-03   -1.0416592719e-12
    2.1089257207e-03   -8.9460150442e-13
    2.1198678296e-03   -7.5379340356e-13
    2.1295938641e-03   -6.4732420813e-13
    2.1393198986e-03   -5.5587202593e-13
    2.1490459330e-03   -4.7732174116e-13
    2.1599873435e-03   -4.0212150558e-13
    2.1697131451e-03   -3.4526962994e-13
    2.1794387139e-03   -2.9644415720e-13
    2.1891642828e-03   -2.5451355975e-13
    2.1988898516e-03   -2.1850559285e-13
    2.2098312620e-03   -1.8404067604e-13
    2.2195565980e-03   -1.5799065886e-13
    2.2292819340e-03   -1.3562299883e-13
    2.2390072700e-03   -1.1641792944e-13
    2.2499482147e-03   -9.8039022105e-14
    2.2596733179e-03   -8.4149823069e-14
    2.2693981882e-03   -7.2225821786e-14
    2.2791230585e-03   -6.1989347303e-14
    2.2888479289e-03   -5.3201912412e-14
    2.2997881752e-03   -4.4794209168e-14
    2.3095125798e-03   -3.8441699232e-14
    2.3192369845e-03   -3.2989070324e-14
    2.3289611563e-03   -2.8309015085e-14
    2.3399007041e-03   -2.3831905552e-14
    2.3496244103e-03   -2.0449699605e-14
    2.3593481164e-03   -1.7546988846e-14
    2.3690713570e-03   -1.5055863254e-14
    2.3787945975e-03   -1.2918013928e-14
    2.3897332139e-03   -1.0873171361e-14
    2.3995384108e-03   -9.3165433389e-15
    2.4099193979e-03   -7.9103797080e-15
    2.4196517188e-03   -6.7852561033e-15
    2.4293838069e-03   -5.8199731215e-15
    2.4397517554e-03   -4.9420421064e-15
    2.4494747631e-03   -4.2393240916e-15
    2.4591975380e-03   -3.6364111219e-15
    2.4689203128e-03   -3.1191446182e-15
    2.4798586965e-03   -2.6245315871e-15
    2.4895814713e-03   -2.2510482908e-15
    2.4993044790e-03   -1.9306517258e-15
    2.5090277195e-03   -1.6558055222e-15
    2.5199663360e-03   -1.3930338791e-15
    2.5296895765e-03   -1.1946440456e-15
    2.5394128170e-03   -1.0244781970e-15
    2.5491360575e-03   -8.7852632045e-16
    2.5588592980e-03   -7.5334692106e-16
    2.5698216632e-03   -6.3345067793e-16
    2.5799144059e-03   -5.3999679170e-16
    2.5890895631e-03   -4.6704793201e-16
    2.5992738083e-03   -3.9754628465e-16
    2.6088915765e-03   -3.4142648730e-16
    2.6198297273e-03   -2.8715838339e-16
    2.6295525022e-03   -2.4620068756e-16
    2.6392752770e-03   -2.1108057075e-16
    2.6489978191e-03   -1.8096657748e-16
    2.6599837001e-03   -1.5207198078e-16
    2.6699991431e-03   -1.2976687689e-16
    2.6795428712e-03   -1.1156094924e-16
    2.6899522636e-03   -9.4600742365e-17
    2.6996738743e-03   -8.1095682141e-17
    2.7094443794e-03   -6.9463173536e-17
    2.7199555188e-03   -5.8803502123e-17
    2.7294731699e-03   -5.0568512152e-17
    2.7398141101e-03   -4.2921981778e-17
    2.7495711111e-03   -3.6769581126e-17
    2.7592917904e-03   -3.1516623586e-17
    2.7697796468e-03   -2.6686752385e-17
    2.7793236077e-03   -2.2937509937e-17
    2.7893041261e-03   -1.9578390680e-17
    2.7994886041e-03   -1.6656909525e-17
    2.8094514273e-03   -1.4220980081e-17
    2.8192086611e-03   -1.2180762261e-17
    2.8293011710e-03   -1.0377614405e-17
    2.8397461865e-03   -8.7918760833e-18
    2.8498389293e-03   -7.4900757789e-18
    2.8595710173e-03   -6.4175153464e-18
    2.8696637601e-03   -5.4670004501e-18
    2.8791178484e-03   -4.7046079319e-18
    2.8892103583e-03   -4.0075357986e-18
    2.8998849448e-03   -3.3821874623e-18
    2.9093327466e-03   -2.9105239072e-18
    2.9194252566e-03   -2.4789968097e-18
    2.9295179993e-03   -2.1113787203e-18
    2.9396105092e-03   -1.7982219957e-18
    2.9497032519e-03   -1.5314719646e-18
    2.9597959947e-03   -1.3042607532e-18
    2.9698885046e-03   -1.1107337838e-18
    2.9793891590e-03   -9.5485707747e-19
    2.9899931978e-03   -8.0654509291e-19
    2.9996333178e-03   -6.9178908576e-19
    3.0095723923e-03   -5.9053085675e-19
    3.0192923732e-03   -5.0584291656e-19
    3.0290123541e-03   -4.3329069824e-19
    3.0399472453e-03   -3.6402181826e-19
    3.0493761878e-03   -3.1324500032e-19
    3.0599802267e-03   -2.6454484515e-19
    3.0694403686e-03   -2.2752171435e-19
    3.0796655919e-03   -1.9330329451e-19
    3.0898910481e-03   -1.6422762456e-19
    3.0994347762e-03   -1.4104710282e-19
    3.1096602324e-03   -1.1982639166e-19
    3.1196919736e-03   -1.0211117501e-19
    3.1294038054e-03   -8.7457799703e-20
    3.1391226221e-03   -7.4896894080e-20
    3.1490530819e-03   -6.3922430400e-20
    3.1596571207e-03   -5.3971121282e-20
    3.1696353108e-03   -4.6025111227e-20
    3.1790640205e-03   -3.9593856281e-20
    3.1896680593e-03   -3.3427121417e-20
    3.1993081793e-03   -2.8657895273e-20
    3.2090446912e-03   -2.4530785851e-20
    3.2199474517e-03   -2.0609946516e-20
    3.2296658028e-03   -1.7646179384e-20
    3.2391333953e-03   -1.5168996401e-20
    3.2497376669e-03   -1.2804662178e-20
    3.2593775541e-03   -1.0976427427e-20
    3.2695673872e-03   -9.3267352486e-21
    3.2797090244e-03   -7.9308857363e-21
    3.2893491443e-03   -6.7980812745e-21
    3.2999531832e-03   -5.7378195022e-21
    3.3095933031e-03   -4.9180451450e-21
    3.3188189846e-03   -4.2433387994e-21
    3.3297524787e-03   -3.5624572758e-21
    3.3394712955e-03   -3.0494489880e-21
    3.3491901122e-03   -2.6102595016e-21
    3.3589089289e-03   -2.2342776405e-21
    3.3698424231e-03   -1.8755880142e-21
    3.3793104813e-03   -1.6118250373e-21
    3.3899145201e-03   -1.3601658373e-21
    3.3995546401e-03   -1.1656299612e-21
    3.4092820715e-03   -9.9750469394e-22
    3.4190008882e-03   -8.5373339294e-22
    3.4299343824e-03   -7.1659160327e-22
    3.4396529663e-03   -6.1328591322e-22
    3.4495438449e-03   -5.2341635454e-22
    3.4591839649e-03   -4.4850607249e-22
    3.4697880037e-03   -3.7841806560e-22
    3.4794281237e-03   -3.2424646975e-22
    3.4890682437e-03   -2.7782403758e-22
    3.4996722825e-03   -2.3439218342e-22
    3.5093124025e-03   -2.0082501594e-22
    3.5195411183e-03   -1.7044454360e-22
    3.5292592365e-03   -1.4584585371e-22
    3.5389771219e-03   -1.2479434946e-22
    3.5491187591e-03   -1.0605555819e-22
    3.5597227979e-03   -8.9461553507e-23
    3.5693629179e-03   -7.6638297637e-23
    3.5799669567e-03   -6.4643288920e-23
    3.5896070767e-03   -5.5374463584e-23
    3.5997966770e-03   -4.7016627444e-23
    3.6095143296e-03   -4.0222821644e-23
    3.6192319822e-03   -3.4409765587e-23
    3.6298360210e-03   -2.9019725146e-23
    3.6394761410e-03   -2.4855262163e-23
    3.6499553826e-03   -2.1002659562e-23
    3.6596730351e-03   -1.7965209022e-23
    3.6693906877e-03   -1.5366598648e-23
    3.6791083403e-03   -1.3143488432e-23
    3.6888259929e-03   -1.1241662330e-23
    3.6997585557e-03   -9.4286477661e-24
    3.7098999601e-03   -8.0090136810e-24
    3.7195400801e-03   -6.8580222330e-24
    3.7291802000e-03   -5.8722577015e-24
    3.7397842389e-03   -4.9505829910e-24
    3.7494243588e-03   -4.2387156990e-24
    3.7590644788e-03   -3.6291009519e-24
    3.7687914446e-03   -3.1027179329e-24
    3.7798970006e-03   -2.5943306061e-24
    3.7895371206e-03   -2.2210071131e-24
    3.7991772406e-03   -1.9013494330e-24
    3.8097812794e-03   -1.6025453896e-24
    3.8195177913e-03   -1.3696833139e-24
    3.8291872479e-03   -1.1718900498e-24
    3.8389049005e-03   -1.0018500956e-24
    3.8496016059e-03   -8.4303168776e-25
    3.8598270621e-03   -7.1477947065e-25
    3.8693707902e-03   -6.1272354927e-25
    3.8795962464e-03   -5.1947309052e-25
    3.8898217026e-03   -4.4039875806e-25
    3.8993654307e-03   -3.7748214584e-25
    3.9095906541e-03   -3.2000007035e-25
    3.9198161103e-03   -2.7126195100e-25
    3.9293598384e-03   -2.3248697231e-25
    3.9395852946e-03   -1.9706497295e-25
    3.9498107508e-03   -1.6703445578e-25
    3.9593544789e-03   -1.4314524540e-25
    3.9695799351e-03   -1.2132387365e-25
    3.9798053913e-03   -1.0282562776e-25
    3.9893491194e-03   -8.8111744853e-26
    3.9995745756e-03   -7.4672932339e-26
    4.0098000318e-03   -6.3281959594e-26
    4.0193437599e-03   -5.4222243387e-26
    4.0295692161e-03   -4.5948294271e-26
    4.0397946723e-03   -3.8935721417e-26
    4.0493384004e-03   -3.3358786048e-26
    4.0595638566e-03   -2.8266029466e-26
    4.0697893128e-03   -2.3950105202e-26
    4.0793330409e-03   -2.0518048737e-26
    4.0895584971e-03   -1.7384200183e-26
    4.0997839533e-03   -1.4728584687e-26
    4.1093276814e-03   -1.2616991244e-26
    4.1195531376e-03   -1.0689030599e-26
    4.1297785938e-03   -9.0554059756e-27
    4.1393223219e-03   -7.7565457248e-27
    4.1495477781e-03   -6.5707337099e-27
    4.1594114155e-03   -5.5988251042e-27
    4.1690515354e-03   -4.7878830270e-27
    4.1796555743e-03   -4.0307067508e-27
    4.1893920861e-03   -3.4413047803e-27
    4.1999961250e-03   -2.8968990814e-27
    4.2096362449e-03   -2.4770276720e-27
    4.2192763649e-03   -2.1179563302e-27
    4.2298804037e-03   -1.7827401345e-27
    4.2395205237e-03   -1.5242239062e-27
    4.2491606437e-03   -1.3031564227e-27
    4.2597646825e-03   -1.0967908144e-27
    4.2694048025e-03   -9.3765757865e-28
    4.2790449224e-03   -8.0159038734e-28
    4.2896489613e-03   -6.7458811494e-28
    4.2992890812e-03   -5.7666656618e-28
    4.3094786815e-03   -4.8855979716e-28
    4.3191188015e-03   -4.1762336767e-28
    4.3297228403e-03   -3.5142084991e-28
    4.3393629603e-03   -3.0038206934e-28
    4.3499669991e-03   -2.5275124589e-28
    4.3596071191e-03   -2.1603216372e-28
    4.3692472391e-03   -1.8464358619e-28
    4.3796873651e-03   -1.5576863612e-28
    4.3896171264e-03   -1.3250423295e-28
    4.3992572464e-03   -1.1324533073e-28
    4.4098612852e-03   -9.5275363144e-29
    4.4191260822e-03   -8.1923974175e-29
    4.4288439676e-03   -6.9923528766e-29
    4.4395262375e-03   -5.8749030450e-29
    4.4491663575e-03   -5.0204693410e-29
    4.4597703964e-03   -4.2232848073e-29
    4.4694105163e-03   -3.6088749373e-29
    4.4790506363e-03   -3.0837725454e-29
    4.4897235930e-03   -2.5909758227e-29
    4.4999490492e-03   -2.1928256170e-29
    4.5098606497e-03   -1.8653386837e-29
    4.5195007697e-03   -1.5937809064e-29
    4.5291408896e-03   -1.3617302718e-29
    4.5397449285e-03   -1.1452740274e-29
    4.5494814403e-03   -9.7694180691e-30
    4.5598256402e-03   -8.2510231764e-30
    4.5688003302e-03   -7.1260393477e-30
    4.5797340572e-03   -5.9605173267e-30
    4.5894528739e-03   -5.0854176420e-30
    4.5991716906e-03   -4.3386890874e-30
    4.6096034348e-03   -3.6586244161e-30
    4.6192435548e-03   -3.1252687749e-30
    4.6298475936e-03   -2.6278646410e-30
    4.6394877136e-03   -2.2446734191e-30
    4.6491278335e-03   -1.9173198714e-30
    4.6598194167e-03   -1.6097518686e-30
    4.6698590741e-03   -1.3659807653e-30
    4.6794028021e-03   -1.1685378693e-30
    4.6897139400e-03   -9.8714197576e-31
    4.6993540600e-03   -8.4309539338e-31
    4.7099580988e-03   -7.0878571283e-31
    4.7195982188e-03   -6.0533652056e-31
    4.7292383388e-03   -5.1697799563e-31
    4.7398423776e-03   -4.3459742372e-31
    4.7493190505e-03   -3.7214293866e-31
    4.7590387985e-03   -3.1739497106e-31
    4.7699734569e-03   -2.6536472288e-31
    4.7796932049e-03   -2.2631750419e-31
    4.7894129530e-03   -1.9301244609e-31
    4.7990926541e-03   -1.6471300734e-31
    4.8096003011e-03   -1.3866686196e-31
    4.8195123672e-03   -1.1788206472e-31
    4.8291524872e-03   -1.0065769881e-31
    4.8397565261e-03   -8.4600969073e-32
    4.8493966460e-03   -7.2236143831e-32
    4.8593357205e-03   -6.1375639852e-32
    4.8690559343e-03   -5.2333884242e-32
    4.8794490285e-03   -4.4133350593e-32
    4.8890891485e-03   -3.7679284166e-32
    4.8996931873e-03   -3.1663450850e-32
    4.9097039737e-03   -2.6867563203e-32
    4.9195010215e-03   -2.2877332935e-32
    4.9291541800e-03   -1.9525096349e-32
    4.9388753250e-03   -1.6645032334e-32
    4.9493089318e-03   -1.4024113395e-32
    4.9599129707e-03   -1.1782372200e-32
    4.9695530906e-03   -1.0056570168e-32
    4.9791932106e-03   -8.5832342017e-33
    4.9896342680e-03   -7.2296340897e-33
    4.9992743880e-03   -6.1699736868e-33
    5.0091389567e-03   -5.2460193314e-33
    5.0191693008e-03   -4.4481036843e-33
    5.0288909115e-03   -3.7906155311e-33
    5.0398274325e-03   -3.1662208499e-33
    5.0495490432e-03   -2.6979904096e-33
    5.0592706539e-03   -2.2989159549e-33
    5.0689922646e-03   -1.9587973174e-33
    5.0796782598e-03   -1.6426403976e-33
    5.0893183798e-03   -1.4013953450e-33
    5.0999224186e-03   -1.1766939061e-33
    5.1094000228e-03   -1.0065037217e-33
    5.1191216335e-03   -8.5743515052e-34
    5.1288441755e-03   -7.3041908290e-34
    5.1397816278e-03   -6.0984830592e-34
    5.1495037042e-03   -5.1947207579e-34
    5.1592257805e-03   -4.4247526727e-34
    5.1689483225e-03   -3.7687962896e-34
    5.1792906597e-03   -3.1773157717e-34
    5.1893829368e-03   -2.6896373743e-34
    5.1987944171e-03   -2.3025043810e-34
    5.2097323351e-03   -1.9219664392e-34
    5.2194553427e-03   -1.6368004636e-34
    5.2291778848e-03   -1.3939079741e-34
    5.2396133542e-03   -1.1731308495e-34
    5.2492534742e-03   -1.0003590087e-34
    5.2596954629e-03   -8.4178338584e-35
    5.2694184706e-03   -7.1679068380e-35
    5.2791414782e-03   -6.1034203650e-35
    5.2888644859e-03   -5.1968852058e-35
    5.2995104343e-03   -4.3578847225e-35
    5.3091505542e-03   -3.7155284302e-35
    5.3197545931e-03   -3.1176561044e-35
    5.3293947130e-03   -2.6579815639e-35
    5.3399987519e-03   -2.2301644702e-35
    5.3496388718e-03   -1.9012546362e-35
    5.3592789918e-03   -1.6208170121e-35
    5.3699794225e-03   -1.3576649807e-35
    5.3796540014e-03   -1.1566863695e-35
    5.3893360309e-03   -9.8531946822e-36
    5.3999405354e-03   -8.2659874528e-36
    5.4092551582e-03   -7.0839957407e-36
    5.4195336998e-03   -5.9746839316e-36
    5.4291738197e-03   -5.0925548446e-36
    5.4397778586e-03   -4.2717568024e-36
    5.4494179785e-03   -3.6408706201e-36
    5.4596504197e-03   -3.0727400089e-36
    5.4695424624e-03   -2.6078990402e-36
    5.4791821167e-03   -2.2225746969e-36
    5.4894150235e-03   -1.8755990272e-36
    5.4991403595e-03   -1.5961409219e-36
    5.5088652298e-03   -1.3582820543e-36
    5.5198059417e-03   -1.1327477075e-36
    5.5295312777e-03   -9.6388321595e-37
    5.5392561480e-03   -8.2016703196e-37
    5.5489819497e-03   -6.9785762141e-37
    5.5599231273e-03   -5.8189974750e-37
    5.5696484633e-03   -4.9508968878e-37
    5.5793742649e-03   -4.2121726948e-37
    5.5891000666e-03   -3.5835636562e-37
    5.5988258682e-03   -3.0486725620e-37
    5.6097675115e-03   -2.5416453350e-37
    5.6194933131e-03   -2.1621320082e-37
    5.6291334331e-03   -1.8418624416e-37
    5.6397374719e-03   -1.5440268786e-37
    5.6497198530e-03   -1.3077713207e-37
    5.6594461203e-03   -1.1123526267e-37
    5.6693810038e-03   -9.4282510799e-38
    5.6799850427e-03   -7.9025722428e-38
    5.6899241172e-03   -6.6973064653e-38
    5.6996508501e-03   -5.6957765926e-38
    5.7093775831e-03   -4.8438644780e-38
    5.7191043161e-03   -4.1192440738e-38
    5.7288315147e-03   -3.5029165754e-38
    5.7397307828e-03   -2.9210750323e-38
    5.7493709028e-03   -2.4874687261e-38
    5.7599749416e-03   -2.0843964332e-38
    5.7696150616e-03   -1.7748867369e-38
    5.7792551816e-03   -1.5112963300e-38
    5.7896981016e-03   -1.2697035064e-38
    5.7994257659e-03    0.0000000000e+00
    5.8090658858e-03    0.0000000000e+00
    5.8196699247e-03    0.0000000000e+00
    5.8288965374e-03    0.0000000000e+00
    5.8398405090e-03    0.0000000000e+00
    5.8495686390e-03    0.0000000000e+00
    5.8592963032e-03    0.0000000000e+00
    5.8690244332e-03    0.0000000000e+00
    5.8792126365e-03    0.0000000000e+00
    5.8898166753e-03    0.0000000000e+00
    5.8994567953e-03    0.0000000000e+00
    5.9090969153e-03    0.0000000000e+00
    5.9197009541e-03    0.0000000000e+00
    5.9293410741e-03    0.0000000000e+00
    5.9399455786e-03    0.0000000000e+00
    5.9494688176e-03    0.0000000000e+00
    5.9599531814e-03    0.0000000000e+00
    5.9691281058e-03    0.0000000000e+00
    5.9797321446e-03    0.0000000000e+00
    5.9893722646e-03    0.0000000000e+00
    5.9998603538e-03    0.0000000000e+00
    6.0097523965e-03    0.0000000000e+00
    6.0193925165e-03    0.0000000000e+00
    6.0299965553e-03    0.0000000000e+00
    6.0396366753e-03    0.0000000000e+00
    6.0492767952e-03    0.0000000000e+00
    6.0598808341e-03    0.0000000000e+00
    6.0695209540e-03    0.0000000000e+00
    6.0791610740e-03    0.0000000000e+00
    6.0897651128e-03    0.0000000000e+00
    6.0994052328e-03    0.0000000000e+00
    6.1090453528e-03    0.0000000000e+00
    6.1196493916e-03    0.0000000000e+00
    6.1292895116e-03    0.0000000000e+00
    6.1398935504e-03    0.0000000000e+00
    6.1495336704e-03    0.0000000000e+00
    6.1591737904e-03    0.0000000000e+00
    6.1694057658e-03    0.0000000000e+00
    6.1799632385e-03    0.0000000000e+00
    6.1896033585e-03    0.0000000000e+00
    6.1992434785e-03    0.0000000000e+00
    6.2098475173e-03    0.0000000000e+00
    6.2194876373e-03    0.0000000000e+00
    6.2291277573e-03    0.0000000000e+00
    6.2397317961e-03    0.0000000000e+00
    6.2493719161e-03    0.0000000000e+00
    6.2599764206e-03    0.0000000000e+00
    6.2699606642e-03    0.0000000000e+00
    6.2796915881e-03    0.0000000000e+00
    6.2895840965e-03    0.0000000000e+00
    6.2998207286e-03    0.0000000000e+00
    6.3095516525e-03    0.0000000000e+00
    6.3192825764e-03    0.0000000000e+00
    6.3298135065e-03    0.0000000000e+00
    6.3390866853e-03    0.0000000000e+00
    6.3488176093e-03    0.0000000000e+00
    6.3596740365e-03    0.0000000000e+00
    6.3693141565e-03    0.0000000000e+00
    6.3792532310e-03    0.0000000000e+00
    6.3896505162e-03    0.0000000000e+00
    6.3992906362e-03    0.0000000000e+00
    6.4098946750e-03    0.0000000000e+00
    6.4195347950e-03    0.0000000000e+00
    6.4297262579e-03    0.0000000000e+00
    6.4397552051e-03    0.0000000000e+00
    6.4498339780e-03    0.0000000000e+00
    6.4594256692e-03    0.0000000000e+00
    6.4698364586e-03    0.0000000000e+00
    6.4796209335e-03    0.0000000000e+00
    6.4893672243e-03    0.0000000000e+00
    6.4996611327e-03    0.0000000000e+00
    6.5095736645e-03    0.0000000000e+00
    6.5198671073e-03    0.0000000000e+00
    6.5294108354e-03    0.0000000000e+00
    6.5393913537e-03    0.0000000000e+00
    6.5488712862e-03    0.0000000000e+00
    6.5597733483e-03    0.0000000000e+00
    6.5699988045e-03    0.0000000000e+00
    6.5795425326e-03    0.0000000000e+00
    6.5897679888e-03    0.0000000000e+00
    6.5999934450e-03    0.0000000000e+00
    6.6095371731e-03    0.0000000000e+00
    6.6197626293e-03    0.0000000000e+00
    6.6299568862e-03    0.0000000000e+00
    6.6398954950e-03    0.0000000000e+00
    6.6495356150e-03    0.0000000000e+00
    6.6591757350e-03    0.0000000000e+00
    6.6697797738e-03    0.0000000000e+00
    6.6794198938e-03    0.0000000000e+00
    6.6890600137e-03    0.0000000000e+00
    6.6996640526e-03    0.0000000000e+00
    6.7093041725e-03    0.0000000000e+00
    6.7190406844e-03    0.0000000000e+00
    6.7296405323e-03    0.0000000000e+00
    6.7392806523e-03    0.0000000000e+00
    6.7498846911e-03    0.0000000000e+00
    6.7595248111e-03    0.0000000000e+00
    6.7691649310e-03    0.0000000000e+00
    6.7799063399e-03    0.0000000000e+00
    6.7896377295e-03    0.0000000000e+00
    6.7997826263e-03    0.0000000000e+00
    6.8094227463e-03    0.0000000000e+00
    6.8190628663e-03    0.0000000000e+00
    6.8290471099e-03    0.0000000000e+00
    6.8399040028e-03    0.0000000000e+00
    6.8495436572e-03    0.0000000000e+00
    6.8591837771e-03    0.0000000000e+00
    6.8697882816e-03    0.0000000000e+00
    6.8797268905e-03    0.0000000000e+00
    6.8899174221e-03    0.0000000000e+00
    6.8995575421e-03    0.0000000000e+00
    6.9091976620e-03    0.0000000000e+00
    6.9189341739e-03    0.0000000000e+00
    6.9298320450e-03    0.0000000000e+00
    6.9395634346e-03    0.0000000000e+00
    6.9492948242e-03    0.0000000000e+00
    6.9590262137e-03    0.0000000000e+00
    6.9692167453e-03    0.0000000000e+00
    6.9798212498e-03    0.0000000000e+00
    6.9894609042e-03    0.0000000000e+00
    6.9991010241e-03    0.0000000000e+00
    7.0097055286e-03    0.0000000000e+00
    7.0189782418e-03    0.0000000000e+00
    7.0299264044e-03    0.0000000000e+00
    7.0396582596e-03    0.0000000000e+00
    7.0490916260e-03    0.0000000000e+00
    7.0596956648e-03    0.0000000000e+00
    7.0693357848e-03    0.0000000000e+00
    7.0799398236e-03    0.0000000000e+00
    7.0895799436e-03    0.0000000000e+00
    7.0992200635e-03    0.0000000000e+00
    7.1099204943e-03    0.0000000000e+00
    7.1196025237e-03    0.0000000000e+00
    7.1297474205e-03    0.0000000000e+00
    7.1393875405e-03    0.0000000000e+00
    7.1499915794e-03    0.0000000000e+00
    7.1597280912e-03    0.0000000000e+00
    7.1694101207e-03    0.0000000000e+00
    7.1793026291e-03    0.0000000000e+00
    7.1899066679e-03    0.0000000000e+00
    7.1995467879e-03    0.0000000000e+00
    7.2091869079e-03    0.0000000000e+00
    7.2196307592e-03    0.0000000000e+00
    7.2297756560e-03    0.0000000000e+00
    7.2394157760e-03    0.0000000000e+00
    7.2488957085e-03    0.0000000000e+00
    7.2598969564e-03    0.0000000000e+00
    7.2694406845e-03    0.0000000000e+00
    7.2798514739e-03    0.0000000000e+00
    7.2899963707e-03    0.0000000000e+00
    7.2996364906e-03    0.0000000000e+00
    7.3092766106e-03    0.0000000000e+00
    7.3198806494e-03    0.0000000000e+00
    7.3296171613e-03    0.0000000000e+00
    7.3392991908e-03    0.0000000000e+00
    7.3496964760e-03    0.0000000000e+00
    7.3593365960e-03    0.0000000000e+00
    7.3699406348e-03    0.0000000000e+00
    7.3795807548e-03    0.0000000000e+00
    7.3892208748e-03    0.0000000000e+00
    7.3998249136e-03    0.0000000000e+00
    7.4094650336e-03    0.0000000000e+00
    7.4191051535e-03    0.0000000000e+00
    7.4292966165e-03    0.0000000000e+00
    7.4398522265e-03    0.0000000000e+00
    7.4494676664e-03    0.0000000000e+00
    7.4590719305e-03    0.0000000000e+00
    7.4692168273e-03    0.0000000000e+00
    7.4798208661e-03    0.0000000000e+00
    7.4890935794e-03    0.0000000000e+00
    7.4999956414e-03    0.0000000000e+00
    7.5096357614e-03    0.0000000000e+00
    7.5192758814e-03    0.0000000000e+00
    7.5298799202e-03    0.0000000000e+00
    7.5393547304e-03    0.0000000000e+00
    7.5499000959e-03    0.0000000000e+00
    7.5596324168e-03    0.0000000000e+00
    7.5697768480e-03    0.0000000000e+00
    7.5794169679e-03    0.0000000000e+00
    7.5890570879e-03    0.0000000000e+00
    7.5996611267e-03    0.0000000000e+00
    7.6093012467e-03    0.0000000000e+00
    7.6199742034e-03    0.0000000000e+00
    7.6290392317e-03    0.0000000000e+00
    7.6396432705e-03    0.0000000000e+00
    7.6492833905e-03    0.0000000000e+00
    7.6598874293e-03    0.0000000000e+00
    7.6695275493e-03    0.0000000000e+00
    7.6791676693e-03    0.0000000000e+00
    7.6898406260e-03    0.0000000000e+00
    7.6997042634e-03    0.0000000000e+00
    7.7093443833e-03    0.0000000000e+00
    7.7199484222e-03    0.0000000000e+00
    7.7298604883e-03    0.0000000000e+00
    7.7397720888e-03    0.0000000000e+00
    7.7494122088e-03    0.0000000000e+00
    7.7590523288e-03    0.0000000000e+00
    7.7696563676e-03    0.0000000000e+00
    7.7793654054e-03    0.0000000000e+00
    7.7895908616e-03    0.0000000000e+00
    7.7994544990e-03    0.0000000000e+00
    7.8090946190e-03    0.0000000000e+00
    7.8196981922e-03    0.0000000000e+00
    7.8293383121e-03    0.0000000000e+00
    7.8399423510e-03    0.0000000000e+00
    7.8496029601e-03    0.0000000000e+00
    7.8590465710e-03    0.0000000000e+00
    7.8697828576e-03    0.0000000000e+00
    7.8793661669e-03    0.0000000000e+00
    7.8899702057e-03    0.0000000000e+00
    7.8996103257e-03    0.0000000000e+00
    7.9092504457e-03    0.0000000000e+00
    7.9195722938e-03    0.0000000000e+00
    7.9297982156e-03    0.0000000000e+00
    7.9392623156e-03    0.0000000000e+00
    7.9498663545e-03    0.0000000000e+00
    7.9599739984e-03    0.0000000000e+00
    7.9694185406e-03    0.0000000000e+00
    7.9790474847e-03    0.0000000000e+00
    7.9896515235e-03    0.0000000000e+00
    7.9993270338e-03    0.0000000000e+00
    8.0094840378e-03    0.0000000000e+00
    8.0196298659e-03    0.0000000000e+00
    8.0292699859e-03    0.0000000000e+00
    8.0398255959e-03    0.0000000000e+00
    8.0493697897e-03    0.0000000000e+00
    8.0596804619e-03    0.0000000000e+00
    8.0693205819e-03    0.0000000000e+00
    8.0799246207e-03    0.0000000000e+00
    8.0899158493e-03    0.0000000000e+00
    8.0994600430e-03    0.0000000000e+00
    8.1097539514e-03    0.0000000000e+00
    8.1199789420e-03    0.0000000000e+00
    8.1297252327e-03    0.0000000000e+00
    8.1393653527e-03    0.0000000000e+00
    8.1499693915e-03    0.0000000000e+00
    8.1596095115e-03    0.0000000000e+00
    8.1694843248e-03    0.0000000000e+00
    8.1797093153e-03    0.0000000000e+00
    8.1899352372e-03    0.0000000000e+00
    8.1995641813e-03    0.0000000000e+00
    8.2092043012e-03    0.0000000000e+00
    8.2198083401e-03    0.0000000000e+00
    8.2294484600e-03    0.0000000000e+00
    8.2390885800e-03    0.0000000000e+00
    8.2496926188e-03    0.0000000000e+00
    8.2595190033e-03    0.0000000000e+00
    8.2697449252e-03    0.0000000000e+00
    8.2799699157e-03    0.0000000000e+00
    8.2895141095e-03    0.0000000000e+00
    8.2997391000e-03    0.0000000000e+00
    8.3093205467e-03    0.0000000000e+00
    8.3195455372e-03    0.0000000000e+00
    8.3297714591e-03    0.0000000000e+00
    8.3399964496e-03    0.0000000000e+00
    8.3495406434e-03    0.0000000000e+00
    8.3597656339e-03    0.0000000000e+00
    8.3699915558e-03    0.0000000000e+00
    8.3795348182e-03    0.0000000000e+00
    8.3897607401e-03    0.0000000000e+00
    8.3999857306e-03    0.0000000000e+00
    8.4095299244e-03    0.0000000000e+00
    8.4197549149e-03    0.0000000000e+00
    8.4299808368e-03    0.0000000000e+00
    8.4395240992e-03    0.0000000000e+00
    8.4497500211e-03    0.0000000000e+00
    8.4597300738e-03    0.0000000000e+00
    8.4693701938e-03    0.0000000000e+00
    8.4799742326e-03    0.0000000000e+00
    8.4898490459e-03    0.0000000000e+00
    8.4990793839e-03    0.0000000000e+00
    8.5096834227e-03    0.0000000000e+00
    8.5193235427e-03    0.0000000000e+00
    8.5299275815e-03    0.0000000000e+00
    8.5396841168e-03    0.0000000000e+00
    8.5494313389e-03    0.0000000000e+00
    8.5590714589e-03    0.0000000000e+00
    8.5696270689e-03    0.0000000000e+00
    8.5798520595e-03    0.0000000000e+00
    8.5899988189e-03    0.0000000000e+00
    8.5995309055e-03    0.0000000000e+00
    8.6095705628e-03    0.0000000000e+00
    8.6197955534e-03    0.0000000000e+00
    8.6293397471e-03    0.0000000000e+00
    8.6394855753e-03    0.0000000000e+00
    8.6494432762e-03    0.0000000000e+00
    8.6590833962e-03    0.0000000000e+00
    8.6694741622e-03    0.0000000000e+00
    8.6792288348e-03    0.0000000000e+00
    8.6897769943e-03    0.0000000000e+00
    8.6994171143e-03    0.0000000000e+00
    8.7090572342e-03    0.0000000000e+00
    8.7196612731e-03    0.0000000000e+00
    8.7293703109e-03    0.0000000000e+00
    8.7395953014e-03    0.0000000000e+00
    8.7498212233e-03    0.0000000000e+00
    8.7598012760e-03    0.0000000000e+00
    8.7694413960e-03    0.0000000000e+00
    8.7790815160e-03    0.0000000000e+00
    8.7896855548e-03    0.0000000000e+00
    8.7993256748e-03    0.0000000000e+00
    8.8097164407e-03    0.0000000000e+00
    8.8199423626e-03    0.0000000000e+00
    8.8294856250e-03    0.0000000000e+00
    8.8397115469e-03    0.0000000000e+00
    8.8493227959e-03    0.0000000000e+00
    8.8595664129e-03    0.0000000000e+00
    8.8694300503e-03    0.0000000000e+00
    8.8790701702e-03    0.0000000000e+00
    8.8896742091e-03    0.0000000000e+00
    8.8993143290e-03    0.0000000000e+00
    8.9099183679e-03    0.0000000000e+00
    8.9195584878e-03    0.0000000000e+00
    8.9298319072e-03    0.0000000000e+00
    8.9393751696e-03    0.0000000000e+00
    8.9499689639e-03    0.0000000000e+00
    8.9596090838e-03    0.0000000000e+00
    8.9692492038e-03    0.0000000000e+00
    8.9798532426e-03    0.0000000000e+00
    8.9894933626e-03    0.0000000000e+00
    8.9991334826e-03    0.0000000000e+00
    9.0095242485e-03    0.0000000000e+00
    9.0191541240e-03    0.0000000000e+00
    9.0297581628e-03    0.0000000000e+00
    9.0398658067e-03    0.0000000000e+00
    9.0494100004e-03    0.0000000000e+00
    9.0596349910e-03    0.0000000000e+00
    9.0698609129e-03    0.0000000000e+00
    9.0794041753e-03    0.0000000000e+00
    9.0896980837e-03    0.0000000000e+00
    9.0993279591e-03    0.0000000000e+00
    9.1098835692e-03    0.0000000000e+00
    9.1194957495e-03    0.0000000000e+00
    9.1295018792e-03    0.0000000000e+00
    9.1391419992e-03    0.0000000000e+00
    9.1494163498e-03    0.0000000000e+00
    9.1596413404e-03    0.0000000000e+00
    9.1698672622e-03    0.0000000000e+00
    9.1794105247e-03    0.0000000000e+00
    9.1893225908e-03    0.0000000000e+00
    9.1999843717e-03    0.0000000000e+00
    9.2096934095e-03    0.0000000000e+00
    9.2199193314e-03    0.0000000000e+00
    9.2294625938e-03    0.0000000000e+00
    9.2396885157e-03    0.0000000000e+00
    9.2499135062e-03    0.0000000000e+00
    9.2594577000e-03    0.0000000000e+00
    9.2696826905e-03    0.0000000000e+00
    9.2795947567e-03    0.0000000000e+00
    9.2894099653e-03    0.0000000000e+00
    9.2999171466e-03    0.0000000000e+00
    9.3094613403e-03    0.0000000000e+00
    9.3196863309e-03    0.0000000000e+00
    9.3299122527e-03    0.0000000000e+00
    9.3392105773e-03    0.0000000000e+00
    9.3498146161e-03    0.0000000000e+00
    9.3594547361e-03    0.0000000000e+00
    9.3690948561e-03    0.0000000000e+00
    9.3796988949e-03    0.0000000000e+00
    9.3893390149e-03    0.0000000000e+00
    9.3998471275e-03    0.0000000000e+00
    9.4093913212e-03    0.0000000000e+00
    9.4196163118e-03    0.0000000000e+00
    9.4298422337e-03    0.0000000000e+00
    9.4393854961e-03    0.0000000000e+00
    9.4496114179e-03    0.0000000000e+00
    9.4598364085e-03    0.0000000000e+00
    9.4693806022e-03    0.0000000000e+00
    9.4796055928e-03    0.0000000000e+00
    9.4898305833e-03    0.0000000000e+00
    9.4993747771e-03    0.0000000000e+00
    9.5095997676e-03    0.0000000000e+00
    9.5198256895e-03    0.0000000000e+00
    9.5291249454e-03    0.0000000000e+00
    9.5397289842e-03    0.0000000000e+00
    9.5499539748e-03    0.0000000000e+00
    9.5594981685e-03    0.0000000000e+00
    9.5697231591e-03    0.0000000000e+00
    9.5799490809e-03    0.0000000000e+00
    9.5894923434e-03    0.0000000000e+00
    9.5997182652e-03    0.0000000000e+00
    9.6099432558e-03    0.0000000000e+00
    9.6194874495e-03    0.0000000000e+00
    9.6297124401e-03    0.0000000000e+00
    9.6399383619e-03    0.0000000000e+00
    9.6498494968e-03    0.0000000000e+00
    9.6593163908e-03    0.0000000000e+00
    9.6694249660e-03    0.0000000000e+00
    9.6796881407e-03    0.0000000000e+00
    9.6893282607e-03    0.0000000000e+00
    9.6996016800e-03    0.0000000000e+00
    9.7093572840e-03    0.0000000000e+00
    9.7194565460e-03    0.0000000000e+00
    9.7292121500e-03    0.0000000000e+00
    9.7394771874e-03    0.0000000000e+00
    9.7497021779e-03    0.0000000000e+00
    9.7599085420e-03    0.0000000000e+00
    9.7694825381e-03    0.0000000000e+00
    9.7797075287e-03    0.0000000000e+00
    9.7899334505e-03    0.0000000000e+00
    9.7994767129e-03    0.0000000000e+00
    9.8094576970e-03    0.0000000000e+00
    9.8196826875e-03    0.0000000000e+00
    9.8299086094e-03    0.0000000000e+00
    9.8394518718e-03    0.0000000000e+00
    9.8496777937e-03    0.0000000000e+00
    9.8597062752e-03    0.0000000000e+00
    9.8699321970e-03    0.0000000000e+00
    9.8794754595e-03    0.0000000000e+00
    9.8897013813e-03    0.0000000000e+00
    9.8999263719e-03    0.0000000000e+00
    9.9094705656e-03    0.0000000000e+00
    9.9196955562e-03    0.0000000000e+00
    9.9299214780e-03    0.0000000000e+00
    9.9394647405e-03    0.0000000000e+00
    9.9496906623e-03    0.0000000000e+00
    9.9599156529e-03    0.0000000000e+00
    9.9694598466e-03    0.0000000000e+00
    9.9797220901e-03    0.0000000000e+00
    9.9893622100e-03    0.0000000000e+00
    9.9998014048e-03    0.0000000000e+00
    1.0009557009e-02    0.0000000000e+00
    1.0019781999e-02    0.0000000000e+00
    1.0029326193e-02    0.0000000000e+00
    1.0039551184e-02    0.0000000000e+00
    1.0049776174e-02    0.0000000000e+00
    1.0059805587e-02    0.0000000000e+00
    1.0069631971e-02    0.0000000000e+00
    1.0079856962e-02    0.0000000000e+00
    1.0089203715e-02    0.0000000000e+00
    1.0099478066e-02    0.0000000000e+00
    1.0109703057e-02    0.0000000000e+00
    1.0119458660e-02    0.0000000000e+00
    1.0129683651e-02    0.0000000000e+00
    1.0139829479e-02    0.0000000000e+00
    1.0149373673e-02    0.0000000000e+00
    1.0159598663e-02    0.0000000000e+00
    1.0169824585e-02    0.0000000000e+00
    1.0179367848e-02    0.0000000000e+00
    1.0189593770e-02    0.0000000000e+00
    1.0199818760e-02    0.0000000000e+00
    1.0209362954e-02    0.0000000000e+00
    1.0219587944e-02    0.0000000000e+00
    1.0229782201e-02    0.0000000000e+00
    1.0239422321e-02    0.0000000000e+00
    1.0249530897e-02    0.0000000000e+00
    1.0259755887e-02    0.0000000000e+00
    1.0269981809e-02    0.0000000000e+00
    1.0279525071e-02    0.0000000000e+00
    1.0289750993e-02    0.0000000000e+00
    1.0299975984e-02    0.0000000000e+00
    1.0309520178e-02    0.0000000000e+00
    1.0319745168e-02    0.0000000000e+00
    1.0329971090e-02    0.0000000000e+00
    1.0339514352e-02    0.0000000000e+00
    1.0349740274e-02    0.0000000000e+00
    1.0359965265e-02    0.0000000000e+00
    1.0369509459e-02    0.0000000000e+00
    1.0379937477e-02    0.0000000000e+00
    1.0389364325e-02    0.0000000000e+00
    1.0399589315e-02    0.0000000000e+00
    1.0409815237e-02    0.0000000000e+00
    1.0419358499e-02    0.0000000000e+00
    1.0429584421e-02    0.0000000000e+00
    1.0439809412e-02    0.0000000000e+00
    1.0449353606e-02    0.0000000000e+00
    1.0459790006e-02    0.0000000000e+00
    1.0469334200e-02    0.0000000000e+00
    1.0479559191e-02    0.0000000000e+00
    1.0489785112e-02    0.0000000000e+00
    1.0499328375e-02    0.0000000000e+00
    1.0509554297e-02    0.0000000000e+00
    1.0519779287e-02    0.0000000000e+00
    1.0529323481e-02    0.0000000000e+00
    1.0539548472e-02    0.0000000000e+00
    1.0549774393e-02    0.0000000000e+00
    1.0559999384e-02    0.0000000000e+00
    1.0569543578e-02    0.0000000000e+00
    1.0579768568e-02    0.0000000000e+00
    1.0589994490e-02    0.0000000000e+00
    1.0599537753e-02    0.0000000000e+00
    1.0609763674e-02    0.0000000000e+00
    1.0619988665e-02    0.0000000000e+00
    1.0629532859e-02    0.0000000000e+00
    1.0639757849e-02    0.0000000000e+00
    1.0649983771e-02    0.0000000000e+00
    1.0659527034e-02    0.0000000000e+00
    1.0669752955e-02    0.0000000000e+00
    1.0679977946e-02    0.0000000000e+00
    1.0689522140e-02    0.0000000000e+00
    1.0699747130e-02    0.0000000000e+00
    1.0709972121e-02    0.0000000000e+00
    1.0719516315e-02    0.0000000000e+00
    1.0729741305e-02    0.0000000000e+00
    1.0739967227e-02    0.0000000000e+00
    1.0749510489e-02    0.0000000000e+00
    1.0759736411e-02    0.0000000000e+00
    1.0769961402e-02    0.0000000000e+00
    1.0779505596e-02    0.0000000000e+00
    1.0789730586e-02    0.0000000000e+00
    1.0799956508e-02    0.0000000000e+00
    1.0809499770e-02    0.0000000000e+00
    1.0819725692e-02    0.0000000000e+00
    1.0829950683e-02    0.0000000000e+00
    1.0839494877e-02    0.0000000000e+00
    1.0849719867e-02    0.0000000000e+00
    1.0859945789e-02    0.0000000000e+00
    1.0869489051e-02    0.0000000000e+00
    1.0879714973e-02    0.0000000000e+00
    1.0889939964e-02    0.0000000000e+00
    1.0899484158e-02    0.0000000000e+00
    1.0909709148e-02    0.0000000000e+00
    1.0919935070e-02    0.0000000000e+00
    1.0929478332e-02    0.0000000000e+00
    1.0939704254e-02    0.0000000000e+00
    1.0949929245e-02    0.0000000000e+00
    1.0959473439e-02    0.0000000000e+00
    1.0969698429e-02    0.0000000000e+00
    1.0979924351e-02    0.0000000000e+00
    1.0989467613e-02    0.0000000000e+00
    1.0999693535e-02    0.0000000000e+00
    1.1009918526e-02    0.0000000000e+00
    1.1019462720e-02    0.0000000000e+00
    1.1029687710e-02    0.0000000000e+00
    1.1039913632e-02    0.0000000000e+00
    1.1049456894e-02    0.0000000000e+00
    1.1059682816e-02    0.0000000000e+00
    1.1069907807e-02    0.0000000000e+00
    1.1079452001e-02    0.0000000000e+00
    1.1089676991e-02    0.0000000000e+00
    1.1099902913e-02    0.0000000000e+00
    1.1109446175e-02    0.0000000000e+00
    1.1119672097e-02    0.0000000000e+00
    1.1129897088e-02    0.0000000000e+00
    1.1139441282e-02    0.0000000000e+00
    1.1149666272e-02    0.0000000000e+00
    1.1159892194e-02    0.0000000000e+00
    1.1169435456e-02    0.0000000000e+00
    1.1179661378e-02    0.0000000000e+00
    1.1189886369e-02    0.0000000000e+00
    1.1199430563e-02    0.0000000000e+00
    1.1209655553e-02    0.0000000000e+00
    1.1219567619e-02    0.0000000000e+00
    1.1229394004e-02    0.0000000000e+00
    1.1239618994e-02    0.0000000000e+00
    1.1249844916e-02    0.0000000000e+00
    1.1259388179e-02    0.0000000000e+00
    1.1269614100e-02    0.0000000000e+00
    1.1279839091e-02    0.0000000000e+00
    1.1289383285e-02    0.0000000000e+00
    1.1299608275e-02    0.0000000000e+00
    1.1309833266e-02    0.0000000000e+00
    1.1319377460e-02    0.0000000000e+00
    1.1329571716e-02    0.0000000000e+00
    1.1339211836e-02    0.0000000000e+00
    1.1349815875e-02    0.0000000000e+00
    1.1359455995e-02    0.0000000000e+00
    1.1369096115e-02    0.0000000000e+00
    1.1379700154e-02    0.0000000000e+00
    1.1389340274e-02    0.0000000000e+00
    1.1399944313e-02    0.0000000000e+00
    1.1409418657e-02    0.0000000000e+00
    1.1419644579e-02    0.0000000000e+00
    1.1429869570e-02    0.0000000000e+00
    1.1439413764e-02    0.0000000000e+00
    1.1449638754e-02    0.0000000000e+00
    1.1459864676e-02    0.0000000000e+00
    1.1469407938e-02    0.0000000000e+00
    1.1479633860e-02    0.0000000000e+00
    1.1489858851e-02    0.0000000000e+00
    1.1499403045e-02    0.0000000000e+00
    1.1509628035e-02    0.0000000000e+00
    1.1519853957e-02    0.0000000000e+00
    1.1529397219e-02    0.0000000000e+00
    1.1539623141e-02    0.0000000000e+00
    1.1549848132e-02    0.0000000000e+00
    1.1559392326e-02    0.0000000000e+00
    1.1569617316e-02    0.0000000000e+00
    1.1579843238e-02    0.0000000000e+00
    1.1589386500e-02    0.0000000000e+00
    1.1599612422e-02    0.0000000000e+00
    1.1609837413e-02    0.0000000000e+00
    1.1619381607e-02    0.0000000000e+00
    1.1629606597e-02    0.0000000000e+00
    1.1639832519e-02    0.0000000000e+00
    1.1649375781e-02    0.0000000000e+00
    1.1659601703e-02    0.0000000000e+00
    1.1669465341e-02    0.0000000000e+00
    1.1679105461e-02    0.0000000000e+00
    1.1689496227e-02    0.0000000000e+00
    1.1699721217e-02    0.0000000000e+00
    1.1709947139e-02    0.0000000000e+00
    1.1719490401e-02    0.0000000000e+00
    1.1729716323e-02    0.0000000000e+00
    1.1739941314e-02    0.0000000000e+00
    1.1749485508e-02    0.0000000000e+00
    1.1759710498e-02    0.0000000000e+00
    1.1769936420e-02    0.0000000000e+00
    1.1779479682e-02    0.0000000000e+00
    1.1789705604e-02    0.0000000000e+00
    1.1799930595e-02    0.0000000000e+00
    1.1809474789e-02    0.0000000000e+00
    1.1819699779e-02    0.0000000000e+00
    1.1829925701e-02    0.0000000000e+00
    1.1839468963e-02    0.0000000000e+00
    1.1849694885e-02    0.0000000000e+00
    1.1859919876e-02    0.0000000000e+00
    1.1869464070e-02    0.0000000000e+00
    1.1879689060e-02    0.0000000000e+00
    1.1889914051e-02    0.0000000000e+00
    1.1899458244e-02    0.0000000000e+00
    1.1909683235e-02    0.0000000000e+00
    1.1919909157e-02    0.0000000000e+00
    1.1929452419e-02    0.0000000000e+00
    1.1939678341e-02    0.0000000000e+00
    1.1949903332e-02    0.0000000000e+00
    1.1959447525e-02    0.0000000000e+00
    1.1969672516e-02    0.0000000000e+00
    1.1979898438e-02    0.0000000000e+00
    1.1989441700e-02    0.0000000000e+00
    1.1999667622e-02    0.0000000000e+00
    1.2009892613e-02    0.0000000000e+00
    1.2019436806e-02    0.0000000000e+00
    1.2029661797e-02    0.0000000000e+00
    1.2039887719e-02    0.0000000000e+00
    1.2049430981e-02    0.0000000000e+00
    1.2059656903e-02    0.0000000000e+00
    1.2069637887e-02    0.0000000000e+00
    1.2079745531e-02    0.0000000000e+00
    1.2089971453e-02    0.0000000000e+00
    1.2099514715e-02    0.0000000000e+00
    1.2109740637e-02    0.0000000000e+00
    1.2119965628e-02    0.0000000000e+00
    1.2129509822e-02    0.0000000000e+00
    1.2139734812e-02    0.0000000000e+00
    1.2149960734e-02    0.0000000000e+00
    1.2159503996e-02    0.0000000000e+00
    1.2169729918e-02    0.0000000000e+00
    1.2179954909e-02    0.0000000000e+00
    1.2189499103e-02    0.0000000000e+00
    1.2199724093e-02    0.0000000000e+00
    1.2209950015e-02    0.0000000000e+00
    1.2219493277e-02    0.0000000000e+00
    1.2229719199e-02    0.0000000000e+00
    1.2239944190e-02    0.0000000000e+00
    1.2249488384e-02    0.0000000000e+00
    1.2259713374e-02    0.0000000000e+00
    1.2269939296e-02    0.0000000000e+00
    1.2279482558e-02    0.0000000000e+00
    1.2289708480e-02    0.0000000000e+00
    1.2299933471e-02    0.0000000000e+00
    1.2309477665e-02    0.0000000000e+00
    1.2319956906e-02    0.0000000000e+00
    1.2329689227e-02    0.0000000000e+00
    1.2339618988e-02    0.0000000000e+00
    1.2349843979e-02    0.0000000000e+00
    1.2359388173e-02    0.0000000000e+00
    1.2369613163e-02    0.0000000000e+00
    1.2379839085e-02    0.0000000000e+00
    1.2389382347e-02    0.0000000000e+00
    1.2399608269e-02    0.0000000000e+00
    1.2409833260e-02    0.0000000000e+00
    1.2419377454e-02    0.0000000000e+00
    1.2429602444e-02    0.0000000000e+00
    1.2439828366e-02    0.0000000000e+00
    1.2449371628e-02    0.0000000000e+00
    1.2459597550e-02    0.0000000000e+00
    1.2469822541e-02    0.0000000000e+00
    1.2479366735e-02    0.0000000000e+00
    1.2489591725e-02    0.0000000000e+00
    1.2499817647e-02    0.0000000000e+00
    1.2509360909e-02    0.0000000000e+00
    1.2519586831e-02    0.0000000000e+00
    1.2529811822e-02    0.0000000000e+00
    1.2539356016e-02    0.0000000000e+00
    1.2549581006e-02    0.0000000000e+00
    1.2559806928e-02    0.0000000000e+00
    1.2569350190e-02    0.0000000000e+00
    1.2579576112e-02    0.0000000000e+00
    1.2589801103e-02    0.0000000000e+00
    1.2599345297e-02    0.0000000000e+00
    1.2609570287e-02    0.0000000000e+00
    1.2619796209e-02    0.0000000000e+00
    1.2629339471e-02    0.0000000000e+00
    1.2639565393e-02    0.0000000000e+00
    1.2649790384e-02    0.0000000000e+00
    1.2659334578e-02    0.0000000000e+00
    1.2669559568e-02    0.0000000000e+00
    1.2679785490e-02    0.0000000000e+00
    1.2689328752e-02    0.0000000000e+00
    1.2699554674e-02    0.0000000000e+00
    1.2709583156e-02    0.0000000000e+00
    1.2719223276e-02    0.0000000000e+00
    1.2729502283e-02    0.0000000000e+00
    1.2739595026e-02    0.0000000000e+00
    1.2749686837e-02    0.0000000000e+00
    1.2759779580e-02    0.0000000000e+00
    1.2769872323e-02    0.0000000000e+00
    1.2779678218e-02    0.0000000000e+00
    1.2789903209e-02    0.0000000000e+00
    1.2799447402e-02    0.0000000000e+00
    1.2809358537e-02    0.0000000000e+00
    1.2819962576e-02    0.0000000000e+00
    1.2829602696e-02    0.0000000000e+00
    1.2839360163e-02    0.0000000000e+00
    1.2849586084e-02    0.0000000000e+00
    1.2859879062e-02    0.0000000000e+00
    1.2869607657e-02    0.0000000000e+00
    1.2879832648e-02    0.0000000000e+00
    1.2889376841e-02    0.0000000000e+00
    1.2899601832e-02    0.0000000000e+00
    1.2909827754e-02    0.0000000000e+00
    1.2919691391e-02    0.0000000000e+00
    1.2929331511e-02    0.0000000000e+00
    1.2939795852e-02    0.0000000000e+00
    1.2949862517e-02    0.0000000000e+00
    1.2959406711e-02    0.0000000000e+00
    1.2969631702e-02    0.0000000000e+00
    1.2979378924e-02    0.0000000000e+00
    1.2989982963e-02    0.0000000000e+00
    1.2999623083e-02    0.0000000000e+00
    1.3009614311e-02    0.0000000000e+00
    1.3019839302e-02    0.0000000000e+00
    1.3029769063e-02    0.0000000000e+00
    1.3039501384e-02    0.0000000000e+00
    1.3049881905e-02    0.0000000000e+00
    1.3059148565e-02    0.0000000000e+00
    1.3069241308e-02    0.0000000000e+00
    1.3079334050e-02    0.0000000000e+00
    1.3089372776e-02    0.0000000000e+00
    1.3099598698e-02    0.0000000000e+00
    1.3109823689e-02    0.0000000000e+00
    1.3119367883e-02    0.0000000000e+00
    1.3129804283e-02    0.0000000000e+00
    1.3139456511e-02    0.0000000000e+00
    1.3149682432e-02    0.0000000000e+00
    1.3159907423e-02    0.0000000000e+00
    1.3169451617e-02    0.0000000000e+00
    1.3179903850e-02    0.0000000000e+00
    1.3189996593e-02    0.0000000000e+00
    1.3199171983e-02    0.0000000000e+00
    1.3209593482e-02    0.0000000000e+00
    1.3219275512e-02    0.0000000000e+00
    1.3229966164e-02    0.0000000000e+00
    1.3239141554e-02    0.0000000000e+00
    1.3249603100e-02    0.0000000000e+00
    1.3259828091e-02    0.0000000000e+00
    1.3269372284e-02    0.0000000000e+00
    1.3279597275e-02    0.0000000000e+00
    1.3289823197e-02    0.0000000000e+00
    1.3299366459e-02    0.0000000000e+00
    1.3309592381e-02    0.0000000000e+00
    1.3319817372e-02    0.0000000000e+00
    1.3328865170e-02    0.0000000000e+00
    1.3339814730e-02    0.0000000000e+00
    1.3349547051e-02    0.0000000000e+00
    1.3359279372e-02    0.0000000000e+00
    1.3369011693e-02    0.0000000000e+00
    1.3379960321e-02    0.0000000000e+00
    1.3389692642e-02    0.0000000000e+00
    1.3399424963e-02    0.0000000000e+00
    1.3409156352e-02    0.0000000000e+00
    1.3418888673e-02    0.0000000000e+00
    1.3429836370e-02    0.0000000000e+00
    1.3439567760e-02    0.0000000000e+00
    1.3449660502e-02    0.0000000000e+00
    1.3459753245e-02    0.0000000000e+00
    1.3469192199e-02    0.0000000000e+00
    1.3478922658e-02    0.0000000000e+00
    1.3489870355e-02    0.0000000000e+00
    1.3499601744e-02    0.0000000000e+00
    1.3509333134e-02    0.0000000000e+00
    1.3519063592e-02    0.0000000000e+00
    1.3528794982e-02    0.0000000000e+00
    1.3539741747e-02    0.0000000000e+00
    1.3549473137e-02    0.0000000000e+00
    1.3559203595e-02    0.0000000000e+00
    1.3568934985e-02    0.0000000000e+00
    1.3579881750e-02    0.0000000000e+00
    1.3589613140e-02    0.0000000000e+00
    1.3599343598e-02    0.0000000000e+00
    1.3609074987e-02    0.0000000000e+00
    1.3619834557e-02    0.0000000000e+00
    1.3629378751e-02    0.0000000000e+00
    1.3639603741e-02    0.0000000000e+00
    1.3649829663e-02    0.0000000000e+00
    1.3659372926e-02    0.0000000000e+00
    1.3669598848e-02    0.0000000000e+00
    1.3679823838e-02    0.0000000000e+00
    1.3689368032e-02    0.0000000000e+00
    1.3699593022e-02    0.0000000000e+00
    1.3709818944e-02    0.0000000000e+00
    1.3719362207e-02    0.0000000000e+00
    1.3729588129e-02    0.0000000000e+00
    1.3739813119e-02    0.0000000000e+00
    1.3749357313e-02    0.0000000000e+00
    1.3759582303e-02    0.0000000000e+00
    1.3769378886e-02    0.0000000000e+00
    1.3779471628e-02    0.0000000000e+00
    1.3789361343e-02    0.0000000000e+00
    1.3799741864e-02    0.0000000000e+00
    1.3809474185e-02    0.0000000000e+00
    1.3819855638e-02    0.0000000000e+00
    1.3829587959e-02    0.0000000000e+00
    1.3839968480e-02    0.0000000000e+00
    1.3849700801e-02    0.0000000000e+00
    1.3859433122e-02    0.0000000000e+00
    1.3869814575e-02    0.0000000000e+00
    1.3879546896e-02    0.0000000000e+00
    1.3889927417e-02    0.0000000000e+00
    1.3899659738e-02    0.0000000000e+00
    1.3909316622e-02    0.0000000000e+00
    1.3919409364e-02    0.0000000000e+00
    1.3929502107e-02    0.0000000000e+00
    1.3939593919e-02    0.0000000000e+00
    1.3949686661e-02    0.0000000000e+00
    1.3959779404e-02    0.0000000000e+00
    1.3969714753e-02    0.0000000000e+00
    1.3979447074e-02    0.0000000000e+00
    1.3989828527e-02    0.0000000000e+00
    1.3999762014e-02    0.0000000000e+00
    1.4009800740e-02    0.0000000000e+00
    1.4019892551e-02    0.0000000000e+00
    1.4029985294e-02    0.0000000000e+00
    1.4039160684e-02    0.0000000000e+00
    1.4049253426e-02    0.0000000000e+00
    1.4059346169e-02    0.0000000000e+00
    1.4068805613e-02    0.0000000000e+00
    1.4079756103e-02    0.0000000000e+00
    1.4089489356e-02    0.0000000000e+00
    1.4099222608e-02    0.0000000000e+00
    1.4109874144e-02    0.0000000000e+00
    1.4119966887e-02    0.0000000000e+00
    1.4129141346e-02    0.0000000000e+00
    1.4139234088e-02    0.0000000000e+00
    1.4149326831e-02    0.0000000000e+00
    1.4159419574e-02    0.0000000000e+00
    1.4169512317e-02    0.0000000000e+00
    1.4179605059e-02    0.0000000000e+00
    1.4189697802e-02    0.0000000000e+00
    1.4199790545e-02    0.0000000000e+00
    1.4209882356e-02    0.0000000000e+00
    1.4219337143e-02    0.0000000000e+00
    1.4229941182e-02    0.0000000000e+00
    1.4239581302e-02    0.0000000000e+00
    1.4249221422e-02    0.0000000000e+00
    1.4259825461e-02    0.0000000000e+00
    1.4269465581e-02    0.0000000000e+00
    1.4279105701e-02    0.0000000000e+00
    1.4289337210e-02    0.0000000000e+00
    1.4299429953e-02    0.0000000000e+00
    1.4309522696e-02    0.0000000000e+00
    1.4319615439e-02    0.0000000000e+00
    1.4329708181e-02    0.0000000000e+00
    1.4339940622e-02    0.0000000000e+00
    1.4349580742e-02    0.0000000000e+00
    1.4359220862e-02    0.0000000000e+00
    1.4369824901e-02    0.0000000000e+00
    1.4379465021e-02    0.0000000000e+00
    1.4389105141e-02    0.0000000000e+00
    1.4399548993e-02    0.0000000000e+00
    1.4409992844e-02    0.0000000000e+00
    1.4419632964e-02    0.0000000000e+00
    1.4429273084e-02    0.0000000000e+00
    1.4439737424e-02    0.0000000000e+00
    1.4449830167e-02    0.0000000000e+00
    1.4459922910e-02    0.0000000000e+00
    1.4469098300e-02    0.0000000000e+00
    1.4479190111e-02    0.0000000000e+00
    1.4489282854e-02    0.0000000000e+00
    1.4499375597e-02    0.0000000000e+00
    1.4509514906e-02    0.0000000000e+00
    1.4519155025e-02    0.0000000000e+00
    1.4529247768e-02    0.0000000000e+00
    1.4539387077e-02    0.0000000000e+00
    1.4549758285e-02    0.0000000000e+00
    1.4559851028e-02    0.0000000000e+00
    1.4569943771e-02    0.0000000000e+00
    1.4579119161e-02    0.0000000000e+00
    1.4589258470e-02    0.0000000000e+00
    1.4599862508e-02    0.0000000000e+00
    1.4609502628e-02    0.0000000000e+00
    1.4619142748e-02    0.0000000000e+00
    1.4629746787e-02    0.0000000000e+00
    1.4639386907e-02    0.0000000000e+00
    1.4649990946e-02    0.0000000000e+00
    1.4659631066e-02    0.0000000000e+00
    1.4669271186e-02    0.0000000000e+00
    1.4679875225e-02    0.0000000000e+00
    1.4689515345e-02    0.0000000000e+00
    1.4699155465e-02    0.0000000000e+00
    1.4709599316e-02    0.0000000000e+00
    1.4719239436e-02    0.0000000000e+00
    1.4729956165e-02    0.0000000000e+00
    1.4739131555e-02    0.0000000000e+00
    1.4749456197e-02    0.0000000000e+00
    1.4759900048e-02    0.0000000000e+00
    1.4769632369e-02    0.0000000000e+00
    1.4779571444e-02    0.0000000000e+00
    1.4789118432e-02    0.0000000000e+00
    1.4799211174e-02    0.0000000000e+00
    1.4809490182e-02    0.0000000000e+00
    1.4819130301e-02    0.0000000000e+00
    1.4829734340e-02    0.0000000000e+00
    1.4839925803e-02    0.0000000000e+00
    1.4849400148e-02    0.0000000000e+00
    1.4859491959e-02    0.0000000000e+00
    1.4869869687e-02    0.0000000000e+00
    1.4879096299e-02    0.0000000000e+00
    1.4889700338e-02    0.0000000000e+00
    1.4899340458e-02    0.0000000000e+00
    1.4909077436e-02    0.0000000000e+00
    1.4919651672e-02    0.0000000000e+00
    1.4929383993e-02    0.0000000000e+00
    1.4939764515e-02    0.0000000000e+00
    1.4949496835e-02    0.0000000000e+00
    1.4959959313e-02    0.0000000000e+00
    1.4969134703e-02    0.0000000000e+00
    1.4979227446e-02    0.0000000000e+00
    1.4989504591e-02    0.0000000000e+00
    1.4999729581e-02    0.0000000000e+00
    1.5009955503e-02    0.0000000000e+00
    1.5019498765e-02    0.0000000000e+00
    1.5029724687e-02    0.0000000000e+00
    1.5039918944e-02    0.0000000000e+00
    1.5049559064e-02    0.0000000000e+00
    1.5059199184e-02    0.0000000000e+00
    1.5069803223e-02    0.0000000000e+00
    1.5079443343e-02    0.0000000000e+00
    1.5089887194e-02    0.0000000000e+00
    1.5099527314e-02    0.0000000000e+00
    1.5109518543e-02    0.0000000000e+00
    1.5119743533e-02    0.0000000000e+00
    1.5129969455e-02    0.0000000000e+00
    1.5139512718e-02    0.0000000000e+00
    1.5149738640e-02    0.0000000000e+00
    1.5159963630e-02    0.0000000000e+00
    1.5169507824e-02    0.0000000000e+00
    1.5179262497e-02    0.0000000000e+00
    1.5189809725e-02    0.0000000000e+00
    1.5199449845e-02    0.0000000000e+00
    1.5209089965e-02    0.0000000000e+00
    1.5219694003e-02    0.0000000000e+00
    1.5229334123e-02    0.0000000000e+00
    1.5239938162e-02    0.0000000000e+00
    1.5249578282e-02    0.0000000000e+00
    1.5259218402e-02    0.0000000000e+00
    1.5269822441e-02    0.0000000000e+00
    1.5279462561e-02    0.0000000000e+00
    1.5289337374e-02    0.0000000000e+00
    1.5299562365e-02    0.0000000000e+00
    1.5309788287e-02    0.0000000000e+00
    1.5319768339e-02    0.0000000000e+00
    1.5329408459e-02    0.0000000000e+00
    1.5339048579e-02    0.0000000000e+00
    1.5349652618e-02    0.0000000000e+00
    1.5359292738e-02    0.0000000000e+00
    1.5369896777e-02    0.0000000000e+00
    1.5379536897e-02    0.0000000000e+00
    1.5389177017e-02    0.0000000000e+00
    1.5399781056e-02    0.0000000000e+00
    1.5409421176e-02    0.0000000000e+00
    1.5419061296e-02    0.0000000000e+00
    1.5429665335e-02    0.0000000000e+00
    1.5439305454e-02    0.0000000000e+00
    1.5449909493e-02    0.0000000000e+00
    1.5459549613e-02    0.0000000000e+00
    1.5469189733e-02    0.0000000000e+00
    1.5479793772e-02    0.0000000000e+00
    1.5489433892e-02    0.0000000000e+00
    1.5499074012e-02    0.0000000000e+00
    1.5509678051e-02    0.0000000000e+00
    1.5519318171e-02    0.0000000000e+00
    1.5529922210e-02    0.0000000000e+00
    1.5539562330e-02    0.0000000000e+00
    1.5549202450e-02    0.0000000000e+00
    1.5559806488e-02    0.0000000000e+00
    1.5569446608e-02    0.0000000000e+00
    1.5579086728e-02    0.0000000000e+00
    1.5589690767e-02    0.0000000000e+00
    1.5599330887e-02    0.0000000000e+00
    1.5609934926e-02    0.0000000000e+00
    1.5619575046e-02    0.0000000000e+00
    1.5629054978e-02    0.0000000000e+00
    1.5638787299e-02    0.0000000000e+00
    1.5649734065e-02    0.0000000000e+00
    1.5659466386e-02    0.0000000000e+00
    1.5669196844e-02    0.0000000000e+00
    1.5678929165e-02    0.0000000000e+00
    1.5689877793e-02    0.0000000000e+00
    1.5699356794e-02    0.0000000000e+00
    1.5709960833e-02    0.0000000000e+00
    1.5719600022e-02    0.0000000000e+00
    1.5729241073e-02    0.0000000000e+00
    1.5739845112e-02    0.0000000000e+00
    1.5749484301e-02    0.0000000000e+00
    1.5759125352e-02    0.0000000000e+00
    1.5769109130e-02    0.0000000000e+00
    1.5778839588e-02    0.0000000000e+00
    1.5789788216e-02    0.0000000000e+00
    1.5799518675e-02    0.0000000000e+00
    1.5809250996e-02    0.0000000000e+00
    1.5818981454e-02    0.0000000000e+00
    1.5829928219e-02    0.0000000000e+00
    1.5839660540e-02    0.0000000000e+00
    1.5849390998e-02    0.0000000000e+00
    1.5859121457e-02    0.0000000000e+00
    1.5868853778e-02    0.0000000000e+00
    1.5879800543e-02    0.0000000000e+00
    1.5889737755e-02    0.0000000000e+00
    1.5899378806e-02    0.0000000000e+00
    1.5909982845e-02    0.0000000000e+00
    1.5919622034e-02    0.0000000000e+00
    1.5929263085e-02    0.0000000000e+00
    1.5938999131e-02    0.0000000000e+00
    1.5949897468e-02    0.0000000000e+00
    1.5959627926e-02    0.0000000000e+00
    1.5969358385e-02    0.0000000000e+00
    1.5979088843e-02    0.0000000000e+00
    1.5989797190e-02    0.0000000000e+00
    1.5999339521e-02    0.0000000000e+00
    1.6009565443e-02    0.0000000000e+00
    1.6019195318e-02    0.0000000000e+00
    1.6029799357e-02    0.0000000000e+00
    1.6039438546e-02    0.0000000000e+00
    1.6049079597e-02    0.0000000000e+00
    1.6059683636e-02    0.0000000000e+00
    1.6069322824e-02    0.0000000000e+00
    1.6079926863e-02    0.0000000000e+00
    1.6089567915e-02    0.0000000000e+00
    1.6099207103e-02    0.0000000000e+00
    1.6109811142e-02    0.0000000000e+00
    1.6119452193e-02    0.0000000000e+00
    1.6129091382e-02    0.0000000000e+00
    1.6139695421e-02    0.0000000000e+00
    1.6149681062e-02    0.0000000000e+00
    1.6159413382e-02    0.0000000000e+00
    1.6169145703e-02    0.0000000000e+00
    1.6178876162e-02    0.0000000000e+00
    1.6189824790e-02    0.0000000000e+00
    1.6199557111e-02    0.0000000000e+00
    1.6209289432e-02    0.0000000000e+00
    1.6219021752e-02    0.0000000000e+00
    1.6229970381e-02    0.0000000000e+00
    1.6239702702e-02    0.0000000000e+00
    1.6249435022e-02    0.0000000000e+00
    1.6259167343e-02    0.0000000000e+00
    1.6268899664e-02    0.0000000000e+00
    1.6279801726e-02    0.0000000000e+00
    1.6289442778e-02    0.0000000000e+00
    1.6299881041e-02    0.0000000000e+00
    1.6309425235e-02    0.0000000000e+00
    1.6319649294e-02    0.0000000000e+00
    1.6329875216e-02    0.0000000000e+00
    1.6339419410e-02    0.0000000000e+00
    1.6349645332e-02    0.0000000000e+00
    1.6359869391e-02    0.0000000000e+00
    1.6369413584e-02    0.0000000000e+00
    1.6379289329e-02    0.0000000000e+00
    1.6389021650e-02    0.0000000000e+00
    1.6399970278e-02    0.0000000000e+00
    1.6409702599e-02    0.0000000000e+00
    1.6419433057e-02    0.0000000000e+00
    1.6429165378e-02    0.0000000000e+00
    1.6438897699e-02    0.0000000000e+00
    1.6449844465e-02    0.0000000000e+00
    1.6459871083e-02    0.0000000000e+00
    1.6469415277e-02    0.0000000000e+00
    1.6479639336e-02    0.0000000000e+00
    1.6489865258e-02    0.0000000000e+00
    1.6499409452e-02    0.0000000000e+00
    1.6509635374e-02    0.0000000000e+00
    1.6519859433e-02    0.0000000000e+00
    1.6529403627e-02    0.0000000000e+00
    1.6539629549e-02    0.0000000000e+00
    1.6549259424e-02    0.0000000000e+00
    1.6559863463e-02    0.0000000000e+00
    1.6569502652e-02    0.0000000000e+00
    1.6579993069e-02    0.0000000000e+00
    1.6589425504e-02    0.0000000000e+00
    1.6599066556e-02    0.0000000000e+00
    1.6609670594e-02    0.0000000000e+00
    1.6619309783e-02    0.0000000000e+00
    1.6629913822e-02    0.0000000000e+00
    1.6639554873e-02    0.0000000000e+00
    1.6649780795e-02    0.0000000000e+00
    1.6659323126e-02    0.0000000000e+00
    1.6669549048e-02    0.0000000000e+00
    1.6679774970e-02    0.0000000000e+00
    1.6689319164e-02    0.0000000000e+00
    1.6699543223e-02    0.0000000000e+00
    1.6709525138e-02    0.0000000000e+00
    1.6719250008e-02    0.0000000000e+00
    1.6729343683e-02    0.0000000000e+00
    1.6739668325e-02    0.0000000000e+00
    1.6749309376e-02    0.0000000000e+00
    1.6759401187e-02    0.0000000000e+00
    1.6769494861e-02    0.0000000000e+00
    1.6779586673e-02    0.0000000000e+00
    1.6789678484e-02    0.0000000000e+00
    1.6799772158e-02    0.0000000000e+00
    1.6809863970e-02    0.0000000000e+00
    1.6819957644e-02    0.0000000000e+00
    1.6829133034e-02    0.0000000000e+00
    1.6839224845e-02    0.0000000000e+00
    1.6849318519e-02    0.0000000000e+00
    1.6859410331e-02    0.0000000000e+00
    1.6869502142e-02    0.0000000000e+00
    1.6879595816e-02    0.0000000000e+00
    1.6889687628e-02    0.0000000000e+00
    1.6899781302e-02    0.0000000000e+00
    1.6909873113e-02    0.0000000000e+00
    1.6919966787e-02    0.0000000000e+00
    1.6929142177e-02    0.0000000000e+00
    1.6939233989e-02    0.0000000000e+00
    1.6949325800e-02    0.0000000000e+00
    1.6959419474e-02    0.0000000000e+00
    1.6969511285e-02    0.0000000000e+00
    1.6979604959e-02    0.0000000000e+00
    1.6989696771e-02    0.0000000000e+00
    1.6999477521e-02    0.0000000000e+00
    1.7009701580e-02    0.0000000000e+00
    1.7019927502e-02    0.0000000000e+00
    1.7029471695e-02    0.0000000000e+00
    1.7039697617e-02    0.0000000000e+00
    1.7049921677e-02    0.0000000000e+00
    1.7059465870e-02    0.0000000000e+00
    1.7069445923e-02    0.0000000000e+00
    1.7079539597e-02    0.0000000000e+00
    1.7089631408e-02    0.0000000000e+00
    1.7099725083e-02    0.0000000000e+00
    1.7109816894e-02    0.0000000000e+00
    1.7119910568e-02    0.0000000000e+00
    1.7129085958e-02    0.0000000000e+00
    1.7139177769e-02    0.0000000000e+00
    1.7149271443e-02    0.0000000000e+00
    1.7159743235e-02    0.0000000000e+00
    1.7169475555e-02    0.0000000000e+00
    1.7179856077e-02    0.0000000000e+00
    1.7189893872e-02    0.0000000000e+00
    1.7199985683e-02    0.0000000000e+00
    1.7209161073e-02    0.0000000000e+00
    1.7219252884e-02    0.0000000000e+00
    1.7229346558e-02    0.0000000000e+00
    1.7239438370e-02    0.0000000000e+00
    1.7249532044e-02    0.0000000000e+00
    1.7259623855e-02    0.0000000000e+00
    1.7269717529e-02    0.0000000000e+00
    1.7279809341e-02    0.0000000000e+00
    1.7289903015e-02    0.0000000000e+00
    1.7299994826e-02    0.0000000000e+00
    1.7309170216e-02    0.0000000000e+00
    1.7319262028e-02    0.0000000000e+00
    1.7329355702e-02    0.0000000000e+00
    1.7339447513e-02    0.0000000000e+00
    1.7349541187e-02    0.0000000000e+00
    1.7359632999e-02    0.0000000000e+00
    1.7369726673e-02    0.0000000000e+00
    1.7379818484e-02    0.0000000000e+00
    1.7389910296e-02    0.0000000000e+00
    1.7399085686e-02    0.0000000000e+00
    1.7409123480e-02    0.0000000000e+00
    1.7418855801e-02    0.0000000000e+00
    1.7429804429e-02    0.0000000000e+00
    1.7439534888e-02    0.0000000000e+00
    1.7449267209e-02    0.0000000000e+00
    1.7458999529e-02    0.0000000000e+00
    1.7469948158e-02    0.0000000000e+00
    1.7479680479e-02    0.0000000000e+00
    1.7489410937e-02    0.0000000000e+00
    1.7499143258e-02    0.0000000000e+00
    1.7508875579e-02    0.0000000000e+00
    1.7519824207e-02    0.0000000000e+00
    1.7529556528e-02    0.0000000000e+00
    1.7539288849e-02    0.0000000000e+00
    1.7549021170e-02    0.0000000000e+00
    1.7559969798e-02    0.0000000000e+00
    1.7569702119e-02    0.0000000000e+00
    1.7579434440e-02    0.0000000000e+00
    1.7589166760e-02    0.0000000000e+00
    1.7598899081e-02    0.0000000000e+00
    1.7609847710e-02    0.0000000000e+00
    1.7619580030e-02    0.0000000000e+00
    1.7629312351e-02    0.0000000000e+00
    1.7639044672e-02    0.0000000000e+00
    1.7649993300e-02    0.0000000000e+00
    1.7659725621e-02    0.0000000000e+00
    1.7669457942e-02    0.0000000000e+00
    1.7679190263e-02    0.0000000000e+00
    1.7688922584e-02    0.0000000000e+00
    1.7699871212e-02    0.0000000000e+00
    1.7709603533e-02    0.0000000000e+00
    1.7719335854e-02    0.0000000000e+00
    1.7729068175e-02    0.0000000000e+00
    1.7738798633e-02    0.0000000000e+00
    1.7749749124e-02    0.0000000000e+00
    1.7759479582e-02    0.0000000000e+00
    1.7769211903e-02    0.0000000000e+00
    1.7778944224e-02    0.0000000000e+00
    1.7789892852e-02    0.0000000000e+00
    1.7799625173e-02    0.0000000000e+00
    1.7809357494e-02    0.0000000000e+00
    1.7819089815e-02    0.0000000000e+00
    1.7828822136e-02    0.0000000000e+00
    1.7839770764e-02    0.0000000000e+00
    1.7849503085e-02    0.0000000000e+00
    1.7859235406e-02    0.0000000000e+00
    1.7868967727e-02    0.0000000000e+00
    1.7879918218e-02    0.0000000000e+00
    1.7889650539e-02    0.0000000000e+00
    1.7899382859e-02    0.0000000000e+00
    1.7909115180e-02    0.0000000000e+00
    1.7918847501e-02    0.0000000000e+00
    1.7929796129e-02    0.0000000000e+00
    1.7939528450e-02    0.0000000000e+00
    1.7949262634e-02    0.0000000000e+00
    1.7958994955e-02    0.0000000000e+00
    1.7969943583e-02    0.0000000000e+00
    1.7979675904e-02    0.0000000000e+00
    1.7989408225e-02    0.0000000000e+00
    1.7999140546e-02    0.0000000000e+00
    1.8008874729e-02    0.0000000000e+00
    1.8019823357e-02    0.0000000000e+00
    1.8029555678e-02    0.0000000000e+00
    1.8039287999e-02    0.0000000000e+00
    1.8049020320e-02    0.0000000000e+00
    1.8059968948e-02    0.0000000000e+00
    1.8069701269e-02    0.0000000000e+00
    1.8079433590e-02    0.0000000000e+00
    1.8089165911e-02    0.0000000000e+00
    1.8098898232e-02    0.0000000000e+00
    1.8109848723e-02    0.0000000000e+00
    1.8119581044e-02    0.0000000000e+00
    1.8129311502e-02    0.0000000000e+00
    1.8139043823e-02    0.0000000000e+00
    1.8149992451e-02    0.0000000000e+00
    1.8159724772e-02    0.0000000000e+00
    1.8169477582e-02    0.0000000000e+00
    1.8179904670e-02    0.0000000000e+00
    1.8189636990e-02    0.0000000000e+00
    1.8199784681e-02    0.0000000000e+00
    1.8209245056e-02    0.0000000000e+00
    1.8219336867e-02    0.0000000000e+00
    1.8229378387e-02    0.0000000000e+00
    1.8239604309e-02    0.0000000000e+00
    1.8249828368e-02    0.0000000000e+00
    1.8259372562e-02    0.0000000000e+00
    1.8269851804e-02    0.0000000000e+00
    1.8279943615e-02    0.0000000000e+00
    1.8289119005e-02    0.0000000000e+00
    1.8299210817e-02    0.0000000000e+00
    1.8309583887e-02    0.0000000000e+00
    1.8319223076e-02    0.0000000000e+00
    1.8329408020e-02    0.0000000000e+00
    1.8339594826e-02    0.0000000000e+00
    1.8349686638e-02    0.0000000000e+00
    1.8359780312e-02    0.0000000000e+00
    1.8369872123e-02    0.0000000000e+00
    1.8379965797e-02    0.0000000000e+00
    1.8389139324e-02    0.0000000000e+00
    1.8399232998e-02    0.0000000000e+00
    1.8409324810e-02    0.0000000000e+00
    1.8419418484e-02    0.0000000000e+00
    1.8429510295e-02    0.0000000000e+00
    1.8439603969e-02    0.0000000000e+00
    1.8449695781e-02    0.0000000000e+00
    1.8459789455e-02    0.0000000000e+00
    1.8469357863e-02    0.0000000000e+00
    1.8479583785e-02    0.0000000000e+00
    1.8489809707e-02    0.0000000000e+00
    1.8499344587e-02    0.0000000000e+00
    1.8509436399e-02    0.0000000000e+00
    1.8519761041e-02    0.0000000000e+00
    1.8529854715e-02    0.0000000000e+00
    1.8539946526e-02    0.0000000000e+00
    1.8549770117e-02    0.0000000000e+00
    1.8559502438e-02    0.0000000000e+00
    1.8569884822e-02    0.0000000000e+00
    1.8579617143e-02    0.0000000000e+00
    1.8589997664e-02    0.0000000000e+00
    1.8599729985e-02    0.0000000000e+00
    1.8609654158e-02    0.0000000000e+00
    1.8619747832e-02    0.0000000000e+00
    1.8629839644e-02    0.0000000000e+00
    1.8639933318e-02    0.0000000000e+00
    1.8649108708e-02    0.0000000000e+00
    1.8659200519e-02    0.0000000000e+00
    1.8669294193e-02    0.0000000000e+00
    1.8679386005e-02    0.0000000000e+00
    1.8689477816e-02    0.0000000000e+00
    1.8699571490e-02    0.0000000000e+00
    1.8709009513e-02    0.0000000000e+00
    1.8719958141e-02    0.0000000000e+00
    1.8729690462e-02    0.0000000000e+00
    1.8739420921e-02    0.0000000000e+00
    1.8749153242e-02    0.0000000000e+00
    1.8758883700e-02    0.0000000000e+00
    1.8769832328e-02    0.0000000000e+00
    1.8779562786e-02    0.0000000000e+00
    1.8789295107e-02    0.0000000000e+00
    1.8799025565e-02    0.0000000000e+00
    1.8809974194e-02    0.0000000000e+00
    1.8819706514e-02    0.0000000000e+00
    1.8829438835e-02    0.0000000000e+00
    1.8839169294e-02    0.0000000000e+00
    1.8848901615e-02    0.0000000000e+00
    1.8859850243e-02    0.0000000000e+00
    1.8869582564e-02    0.0000000000e+00
    1.8879314885e-02    0.0000000000e+00
    1.8889045343e-02    0.0000000000e+00
    1.8899993971e-02    0.0000000000e+00
    1.8909726292e-02    0.0000000000e+00
    1.8919458613e-02    0.0000000000e+00
    1.8929190934e-02    0.0000000000e+00
    1.8938923255e-02    0.0000000000e+00
    1.8949871883e-02    0.0000000000e+00
    1.8959602341e-02    0.0000000000e+00
    1.8969334662e-02    0.0000000000e+00
    1.8979066983e-02    0.0000000000e+00
    1.8988797441e-02    0.0000000000e+00
    1.8999746069e-02    0.0000000000e+00
    1.9009476528e-02    0.0000000000e+00
    1.9019206986e-02    0.0000000000e+00
    1.9028939307e-02    0.0000000000e+00
    1.9039886072e-02    0.0000000000e+00
    1.9049618393e-02    0.0000000000e+00
    1.9059348851e-02    0.0000000000e+00
    1.9069079310e-02    0.0000000000e+00
    1.9078809768e-02    0.0000000000e+00
    1.9089756534e-02    0.0000000000e+00
    1.9099488854e-02    0.0000000000e+00
    1.9109219313e-02    0.0000000000e+00
    1.9118949771e-02    0.0000000000e+00
    1.9129896536e-02    0.0000000000e+00
    1.9139628857e-02    0.0000000000e+00
    1.9149359316e-02    0.0000000000e+00
    1.9159089774e-02    0.0000000000e+00
    1.9168820232e-02    0.0000000000e+00
    1.9179768860e-02    0.0000000000e+00
    1.9189499319e-02    0.0000000000e+00
    1.9199231640e-02    0.0000000000e+00
    1.9208963960e-02    0.0000000000e+00
    1.9219910726e-02    0.0000000000e+00
    1.9229643047e-02    0.0000000000e+00
    1.9239375368e-02    0.0000000000e+00
    1.9249105826e-02    0.0000000000e+00
    1.9258838147e-02    0.0000000000e+00
    1.9269786775e-02    0.0000000000e+00
    1.9279519096e-02    0.0000000000e+00
    1.9289251417e-02    0.0000000000e+00
    1.9298981875e-02    0.0000000000e+00
    1.9309930503e-02    0.0000000000e+00
    1.9319662824e-02    0.0000000000e+00
    1.9329395145e-02    0.0000000000e+00
    1.9339127466e-02    0.0000000000e+00
    1.9348857924e-02    0.0000000000e+00
    1.9359806553e-02    0.0000000000e+00
    1.9369538873e-02    0.0000000000e+00
    1.9379269332e-02    0.0000000000e+00
    1.9389001653e-02    0.0000000000e+00
    1.9399948418e-02    0.0000000000e+00
    1.9409680739e-02    0.0000000000e+00
    1.9419411197e-02    0.0000000000e+00
    1.9429143518e-02    0.0000000000e+00
    1.9438873976e-02    0.0000000000e+00
    1.9449820742e-02    0.0000000000e+00
    1.9459553063e-02    0.0000000000e+00
    1.9469283521e-02    0.0000000000e+00
    1.9479013979e-02    0.0000000000e+00
    1.9489962608e-02    0.0000000000e+00
    1.9499693066e-02    0.0000000000e+00
    1.9509423524e-02    0.0000000000e+00
    1.9519153982e-02    0.0000000000e+00
    1.9528886303e-02    0.0000000000e+00
    1.9539833069e-02    0.0000000000e+00
    1.9549565390e-02    0.0000000000e+00
    1.9559295848e-02    0.0000000000e+00
    1.9569026306e-02    0.0000000000e+00
    1.9579974934e-02    0.0000000000e+00
    1.9589705393e-02    0.0000000000e+00
    1.9599437714e-02    0.0000000000e+00
    1.9609168172e-02    0.0000000000e+00
    1.9618900493e-02    0.0000000000e+00
    1.9629605114e-02    0.0000000000e+00
    1.9639987499e-02    0.0000000000e+00
    1.9649717957e-02    0.0000000000e+00
    1.9659450278e-02    0.0000000000e+00
    1.9669832662e-02    0.0000000000e+00
    1.9679564983e-02    0.0000000000e+00
    1.9689945504e-02    0.0000000000e+00
    1.9699677825e-02    0.0000000000e+00
    1.9709410146e-02    0.0000000000e+00
    1.9719790667e-02    0.0000000000e+00
    1.9729522988e-02    0.0000000000e+00
    1.9739903510e-02    0.0000000000e+00
    1.9749635831e-02    0.0000000000e+00
    1.9759368151e-02    0.0000000000e+00
    1.9769748673e-02    0.0000000000e+00
    1.9779480994e-02    0.0000000000e+00
    1.9789863378e-02    0.0000000000e+00
    1.9799595699e-02    0.0000000000e+00
    1.9809976220e-02    0.0000000000e+00
    1.9819524139e-02    0.0000000000e+00
    1.9829187542e-02    0.0000000000e+00
    1.9838919863e-02    0.0000000000e+00
    1.9849866629e-02    0.0000000000e+00
    1.9859598950e-02    0.0000000000e+00
    1.9869329408e-02    0.0000000000e+00
    1.9879061729e-02    0.0000000000e+00
    1.9888792187e-02    0.0000000000e+00
    1.9899740815e-02    0.0000000000e+00
    1.9909471273e-02    0.0000000000e+00
    1.9919203594e-02    0.0000000000e+00
    1.9928934053e-02    0.0000000000e+00
    1.9939882681e-02    0.0000000000e+00
    1.9949615002e-02    0.0000000000e+00
    1.9959345460e-02    0.0000000000e+00
    1.9969077781e-02    0.0000000000e+00
    1.9978810102e-02    0.0000000000e+00
    1.9989756867e-02    0.0000000000e+00
    1.9999489188e-02    0.0000000000e+00
    2.0009221509e-02    0.0000000000e+00
    2.0018951967e-02    0.0000000000e+00
    2.0029900596e-02    0.0000000000e+00
    2.0039631054e-02    0.0000000000e+00
    2.0049363375e-02    0.0000000000e+00
    2.0059095696e-02    0.0000000000e+00
    2.0068826154e-02    0.0000000000e+00
    2.0079774782e-02    0.0000000000e+00
    2.0089507103e-02    0.0000000000e+00
    2.0099237561e-02    0.0000000000e+00
    2.0108969882e-02    0.0000000000e+00
    2.0119916648e-02    0.0000000000e+00
    2.0129648969e-02    0.0000000000e+00
    2.0139379427e-02    0.0000000000e+00
    2.0149111748e-02    0.0000000000e+00
    2.0158842206e-02    0.0000000000e+00
    2.0169790834e-02    0.0000000000e+00
    2.0179521292e-02    0.0000000000e+00
    2.0189253613e-02    0.0000000000e+00
    2.0198985934e-02    0.0000000000e+00
    2.0209932700e-02    0.0000000000e+00
    2.0219665021e-02    0.0000000000e+00
    2.0229397342e-02    0.0000000000e+00
    2.0239129663e-02    0.0000000000e+00
    2.0248861983e-02    0.0000000000e+00
    2.0259810612e-02    0.0000000000e+00
    2.0269542933e-02    0.0000000000e+00
    2.0279275253e-02    0.0000000000e+00
    2.0289007574e-02    0.0000000000e+00
    2.0299956203e-02    0.0000000000e+00
    2.0309688523e-02    0.0000000000e+00
    2.0319420844e-02    0.0000000000e+00
    2.0329153165e-02    0.0000000000e+00
    2.0338885486e-02    0.0000000000e+00
    2.0349834114e-02    0.0000000000e+00
    2.0359564573e-02    0.0000000000e+00
    2.0369296893e-02    0.0000000000e+00
    2.0379029214e-02    0.0000000000e+00
    2.0389977843e-02    0.0000000000e+00
    2.0399710163e-02    0.0000000000e+00
    2.0409442484e-02    0.0000000000e+00
    2.0419174805e-02    0.0000000000e+00
    2.0428905264e-02    0.0000000000e+00
    2.0439853892e-02    0.0000000000e+00
    2.0449586213e-02    0.0000000000e+00
    2.0459318534e-02    0.0000000000e+00
    2.0469050854e-02    0.0000000000e+00
    2.0479999483e-02    0.0000000000e+00
    2.0489731804e-02    0.0000000000e+00
    2.0499462262e-02    0.0000000000e+00
    2.0509194583e-02    0.0000000000e+00
    2.0518926904e-02    0.0000000000e+00
    2.0529875532e-02    0.0000000000e+00
    2.0539607853e-02    0.0000000000e+00
    2.0549340174e-02    0.0000000000e+00
    2.0559072495e-02    0.0000000000e+00
    2.0568804815e-02    0.0000000000e+00
    2.0579753444e-02    0.0000000000e+00
    2.0589485765e-02    0.0000000000e+00
    2.0599219948e-02    0.0000000000e+00
    2.0608952269e-02    0.0000000000e+00
    2.0619900897e-02    0.0000000000e+00
    2.0629633218e-02    0.0000000000e+00
    2.0639365539e-02    0.0000000000e+00
    2.0649099723e-02    0.0000000000e+00
    2.0658832043e-02    0.0000000000e+00
    2.0669780672e-02    0.0000000000e+00
    2.0679514855e-02    0.0000000000e+00
    2.0689247176e-02    0.0000000000e+00
    2.0698979497e-02    0.0000000000e+00
    2.0709929988e-02    0.0000000000e+00
    2.0719662309e-02    0.0000000000e+00
    2.0729394630e-02    0.0000000000e+00
    2.0739128813e-02    0.0000000000e+00
    2.0748861134e-02    0.0000000000e+00
    2.0759809762e-02    0.0000000000e+00
    2.0769543946e-02    0.0000000000e+00
    2.0779276267e-02    0.0000000000e+00
    2.0789010450e-02    0.0000000000e+00
    2.0799959078e-02    0.0000000000e+00
    2.0809693262e-02    0.0000000000e+00
    2.0819425583e-02    0.0000000000e+00
    2.0829159766e-02    0.0000000000e+00
    2.0838892087e-02    0.0000000000e+00
    2.0849842578e-02    0.0000000000e+00
    2.0859576762e-02    0.0000000000e+00
    2.0869309083e-02    0.0000000000e+00
    2.0879043266e-02    0.0000000000e+00
    2.0889993757e-02    0.0000000000e+00
    2.0899726078e-02    0.0000000000e+00
    2.0909460261e-02    0.0000000000e+00
    2.0919192582e-02    0.0000000000e+00
    2.0928926766e-02    0.0000000000e+00
    2.0939877257e-02    0.0000000000e+00
    2.0949609578e-02    0.0000000000e+00
    2.0959343761e-02    0.0000000000e+00
    2.0969076082e-02    0.0000000000e+00
    2.0978810266e-02    0.0000000000e+00
    2.0989758894e-02    0.0000000000e+00
    2.0999493077e-02    0.0000000000e+00
    2.1009225398e-02    0.0000000000e+00
    2.1018959582e-02    0.0000000000e+00
    2.1029908210e-02    0.0000000000e+00
    2.1039642394e-02    0.0000000000e+00
    2.1049374714e-02    0.0000000000e+00
    2.1059107035e-02    0.0000000000e+00
    2.1068839356e-02    0.0000000000e+00
    2.1079789847e-02    0.0000000000e+00
    2.1089522168e-02    0.0000000000e+00
    2.1099254489e-02    0.0000000000e+00
    2.1108988672e-02    0.0000000000e+00
    2.1119937301e-02    0.0000000000e+00
    2.1129669622e-02    0.0000000000e+00
    2.1139403805e-02    0.0000000000e+00
    2.1149136126e-02    0.0000000000e+00
    2.1158868447e-02    0.0000000000e+00
    2.1169817075e-02    0.0000000000e+00
    2.1179551259e-02    0.0000000000e+00
    2.1189283580e-02    0.0000000000e+00
    2.1199015900e-02    0.0000000000e+00
    2.1209966391e-02    0.0000000000e+00
    2.1219698712e-02    0.0000000000e+00
    2.1229431033e-02    0.0000000000e+00
    2.1239165217e-02    0.0000000000e+00
    2.1248897538e-02    0.0000000000e+00
    2.1259848028e-02    0.0000000000e+00
    2.1269580349e-02    0.0000000000e+00
    2.1279312670e-02    0.0000000000e+00
    2.1289046854e-02    0.0000000000e+00
    2.1299995482e-02    0.0000000000e+00
    2.1309729666e-02    0.0000000000e+00
    2.1319461986e-02    0.0000000000e+00
    2.1329196170e-02    0.0000000000e+00
    2.1338928491e-02    0.0000000000e+00
    2.1349878982e-02    0.0000000000e+00
    2.1359611303e-02    0.0000000000e+00
    2.1369343624e-02    0.0000000000e+00
    2.1379077807e-02    0.0000000000e+00
    2.1388810128e-02    0.0000000000e+00
    2.1399758756e-02    0.0000000000e+00
    2.1409492940e-02    0.0000000000e+00
    2.1419225261e-02    0.0000000000e+00
    2.1428957582e-02    0.0000000000e+00
    2.1439906210e-02    0.0000000000e+00
    2.1449640393e-02    0.0000000000e+00
    2.1459372714e-02    0.0000000000e+00
    2.1469105035e-02    0.0000000000e+00
    2.1478837356e-02    0.0000000000e+00
    2.1489785984e-02    0.0000000000e+00
    2.1499518305e-02    0.0000000000e+00
    2.1509250626e-02    0.0000000000e+00
    2.1518982947e-02    0.0000000000e+00
    2.1529933438e-02    0.0000000000e+00
    2.1539665759e-02    0.0000000000e+00
    2.1549398080e-02    0.0000000000e+00
    2.1559130400e-02    0.0000000000e+00
    2.1568862721e-02    0.0000000000e+00
    2.1579811350e-02    0.0000000000e+00
    2.1589543670e-02    0.0000000000e+00
    2.1599275991e-02    0.0000000000e+00
    2.1609008312e-02    0.0000000000e+00
    2.1619956940e-02    0.0000000000e+00
    2.1629689261e-02    0.0000000000e+00
    2.1639421582e-02    0.0000000000e+00
    2.1649153903e-02    0.0000000000e+00
    2.1658886224e-02    0.0000000000e+00
    2.1669834852e-02    0.0000000000e+00
    2.1679567173e-02    0.0000000000e+00
    2.1689299494e-02    0.0000000000e+00
    2.1699031815e-02    0.0000000000e+00
    2.1709980443e-02    0.0000000000e+00
    2.1719712764e-02    0.0000000000e+00
    2.1729445085e-02    0.0000000000e+00
    2.1739175543e-02    0.0000000000e+00
    2.1748907864e-02    0.0000000000e+00
    2.1759856492e-02    0.0000000000e+00
    2.1769588813e-02    0.0000000000e+00
    2.1779321134e-02    0.0000000000e+00
    2.1789053455e-02    0.0000000000e+00
    2.1798785776e-02    0.0000000000e+00
    2.1809734404e-02    0.0000000000e+00
    2.1819466725e-02    0.0000000000e+00
    2.1829199046e-02    0.0000000000e+00
    2.1838931367e-02    0.0000000000e+00
    2.1849879995e-02    0.0000000000e+00
    2.1859612316e-02    0.0000000000e+00
    2.1869344637e-02    0.0000000000e+00
    2.1879076958e-02    0.0000000000e+00
    2.1888809279e-02    0.0000000000e+00
    2.1899757907e-02    0.0000000000e+00
    2.1909490228e-02    0.0000000000e+00
    2.1919222549e-02    0.0000000000e+00
    2.1928954870e-02    0.0000000000e+00
    2.1939905360e-02    0.0000000000e+00
    2.1949637681e-02    0.0000000000e+00
    2.1959370002e-02    0.0000000000e+00
    2.1969102323e-02    0.0000000000e+00
    2.1978834644e-02    0.0000000000e+00
    2.1989785135e-02    0.0000000000e+00
    2.1999517456e-02    0.0000000000e+00
    2.2009251639e-02    0.0000000000e+00
    2.2018983960e-02    0.0000000000e+00
    2.2029934451e-02    0.0000000000e+00
    2.2039666772e-02    0.0000000000e+00
    2.2049399093e-02    0.0000000000e+00
    2.2059133276e-02    0.0000000000e+00
    2.2068865597e-02    0.0000000000e+00
    2.2079816088e-02    0.0000000000e+00
    2.2089548409e-02    0.0000000000e+00
    2.2099280730e-02    0.0000000000e+00
    2.2109014913e-02    0.0000000000e+00
    2.2119963542e-02    0.0000000000e+00
    2.2129697725e-02    0.0000000000e+00
    2.2139430046e-02    0.0000000000e+00
    2.2149162367e-02    0.0000000000e+00
    2.2158894688e-02    0.0000000000e+00
    2.2169845179e-02    0.0000000000e+00
    2.2179577500e-02    0.0000000000e+00
    2.2189309821e-02    0.0000000000e+00
    2.2199042141e-02    0.0000000000e+00
    2.2209992632e-02    0.0000000000e+00
    2.2219724953e-02    0.0000000000e+00
    2.2229457274e-02    0.0000000000e+00
    2.2239189595e-02    0.0000000000e+00
    2.2248921916e-02    0.0000000000e+00
    2.2259872407e-02    0.0000000000e+00
    2.2269604728e-02    0.0000000000e+00
    2.2279337049e-02    0.0000000000e+00
    2.2289069369e-02    0.0000000000e+00
    2.2298801690e-02    0.0000000000e+00
    2.2309750319e-02    0.0000000000e+00
    2.2319484502e-02    0.0000000000e+00
    2.2329216823e-02    0.0000000000e+00
    2.2338949144e-02    0.0000000000e+00
    2.2349897772e-02    0.0000000000e+00
    2.2359630093e-02    0.0000000000e+00
    2.2369362414e-02    0.0000000000e+00
    2.2379096597e-02    0.0000000000e+00
    2.2388828918e-02    0.0000000000e+00
    2.2399777547e-02    0.0000000000e+00
    2.2409509867e-02    0.0000000000e+00
    2.2419242188e-02    0.0000000000e+00
    2.2428976372e-02    0.0000000000e+00
    2.2439925000e-02    0.0000000000e+00
    2.2449657321e-02    0.0000000000e+00
    2.2459389642e-02    0.0000000000e+00
    2.2469121963e-02    0.0000000000e+00
    2.2478854284e-02    0.0000000000e+00
    2.2489804775e-02    0.0000000000e+00
    2.2499537095e-02    0.0000000000e+00
    2.2509269416e-02    0.0000000000e+00
    2.2519001737e-02    0.0000000000e+00
    2.2529950365e-02    0.0000000000e+00
    2.2539682686e-02    0.0000000000e+00
    2.2549415007e-02    0.0000000000e+00
    2.2559147328e-02    0.0000000000e+00
    2.2568881512e-02    0.0000000000e+00
    2.2579830140e-02    0.0000000000e+00
    2.2589562461e-02    0.0000000000e+00
    2.2599294782e-02    0.0000000000e+00
    2.2609027103e-02    0.0000000000e+00
    2.2619977593e-02    0.0000000000e+00
    2.2629709914e-02    0.0000000000e+00
    2.2639442235e-02    0.0000000000e+00
    2.2649174556e-02    0.0000000000e+00
    2.2658906877e-02    0.0000000000e+00
    2.2669855505e-02    0.0000000000e+00
    2.2679589689e-02    0.0000000000e+00
    2.2689322010e-02    0.0000000000e+00
    2.2699054331e-02    0.0000000000e+00
    2.2708786651e-02    0.0000000000e+00
    2.2719735280e-02    0.0000000000e+00
    2.2729467601e-02    0.0000000000e+00
    2.2739199921e-02    0.0000000000e+00
    2.2748932242e-02    0.0000000000e+00
    2.2759882733e-02    0.0000000000e+00
    2.2769615054e-02    0.0000000000e+00
    2.2779347375e-02    0.0000000000e+00
    2.2789079696e-02    0.0000000000e+00
    2.2798812017e-02    0.0000000000e+00
    2.2809760645e-02    0.0000000000e+00
    2.2819491103e-02    0.0000000000e+00
    2.2829223424e-02    0.0000000000e+00
    2.2838955745e-02    0.0000000000e+00
    2.2849904373e-02    0.0000000000e+00
    2.2859636694e-02    0.0000000000e+00
    2.2869369015e-02    0.0000000000e+00
    2.2879099473e-02    0.0000000000e+00
    2.2888831794e-02    0.0000000000e+00
    2.2899780422e-02    0.0000000000e+00
    2.2909512743e-02    0.0000000000e+00
    2.2919243202e-02    0.0000000000e+00
    2.2928975523e-02    0.0000000000e+00
    2.2939924151e-02    0.0000000000e+00
    2.2949656472e-02    0.0000000000e+00
    2.2959386930e-02    0.0000000000e+00
    2.2969119251e-02    0.0000000000e+00
    2.2978851572e-02    0.0000000000e+00
    2.2989800200e-02    0.0000000000e+00
    2.2999530658e-02    0.0000000000e+00
    2.3009262979e-02    0.0000000000e+00
    2.3018995300e-02    0.0000000000e+00
    2.3029943928e-02    0.0000000000e+00
    2.3039674386e-02    0.0000000000e+00
    2.3049406707e-02    0.0000000000e+00
    2.3059139028e-02    0.0000000000e+00
    2.3068871349e-02    0.0000000000e+00
    2.3079819977e-02    0.0000000000e+00
    2.3089550436e-02    0.0000000000e+00
    2.3099282756e-02    0.0000000000e+00
    2.3109015077e-02    0.0000000000e+00
    2.3119963706e-02    0.0000000000e+00
    2.3129696026e-02    0.0000000000e+00
    2.3139428347e-02    0.0000000000e+00
    2.3149160668e-02    0.0000000000e+00
    2.3158892989e-02    0.0000000000e+00
    2.3169841617e-02    0.0000000000e+00
    2.3179573938e-02    0.0000000000e+00
    2.3189306259e-02    0.0000000000e+00
    2.3199038580e-02    0.0000000000e+00
    2.3209987208e-02    0.0000000000e+00
    2.3219719529e-02    0.0000000000e+00
    2.3229451850e-02    0.0000000000e+00
    2.3239184171e-02    0.0000000000e+00
    2.3248916492e-02    0.0000000000e+00
    2.3259865120e-02    0.0000000000e+00
    2.3269597441e-02    0.0000000000e+00
    2.3279329762e-02    0.0000000000e+00
    2.3289060220e-02    0.0000000000e+00
    2.3298792541e-02    0.0000000000e+00
    2.3309743032e-02    0.0000000000e+00
    2.3319473490e-02    0.0000000000e+00
    2.3329205811e-02    0.0000000000e+00
    2.3338938132e-02    0.0000000000e+00
    2.3349886760e-02    0.0000000000e+00
    2.3359619081e-02    0.0000000000e+00
    2.3369351402e-02    0.0000000000e+00
    2.3379083723e-02    0.0000000000e+00
    2.3388816044e-02    0.0000000000e+00
    2.3399764672e-02    0.0000000000e+00
    2.3409496993e-02    0.0000000000e+00
    2.3419229314e-02    0.0000000000e+00
    2.3428961635e-02    0.0000000000e+00
    2.3439910263e-02    0.0000000000e+00
    2.3449642584e-02    0.0000000000e+00
    2.3459373042e-02    0.0000000000e+00
    2.3469105363e-02    0.0000000000e+00
    2.3478837684e-02    0.0000000000e+00
    2.3489786312e-02    0.0000000000e+00
    2.3499518633e-02    0.0000000000e+00
    2.3509250954e-02    0.0000000000e+00
    2.3518983275e-02    0.0000000000e+00
    2.3529931903e-02    0.0000000000e+00
    2.3539662361e-02    0.0000000000e+00
    2.3549394682e-02    0.0000000000e+00
    2.3559127003e-02    0.0000000000e+00
    2.3568859324e-02    0.0000000000e+00
    2.3579806089e-02    0.0000000000e+00
    2.3589538410e-02    0.0000000000e+00
    2.3599270731e-02    0.0000000000e+00
    2.3609001189e-02    0.0000000000e+00
    2.3619949818e-02    0.0000000000e+00
    2.3629682139e-02    0.0000000000e+00
    2.3639414459e-02    0.0000000000e+00
    2.3649146780e-02    0.0000000000e+00
    2.3658877239e-02    0.0000000000e+00
    2.3669827729e-02    0.0000000000e+00
    2.3679560050e-02    0.0000000000e+00
    2.3689292371e-02    0.0000000000e+00
    2.3699024692e-02    0.0000000000e+00
    2.3709973320e-02    0.0000000000e+00
    2.3719705641e-02    0.0000000000e+00
    2.3729437962e-02    0.0000000000e+00
    2.3739172146e-02    0.0000000000e+00
    2.3748904467e-02    0.0000000000e+00
    2.3759853095e-02    0.0000000000e+00
    2.3769585416e-02    0.0000000000e+00
    2.3779319599e-02    0.0000000000e+00
    2.3789051920e-02    0.0000000000e+00
    2.3798784241e-02    0.0000000000e+00
    2.3809732869e-02    0.0000000000e+00
    2.3819465190e-02    0.0000000000e+00
    2.3829197511e-02    0.0000000000e+00
    2.3838929832e-02    0.0000000000e+00
    2.3849878460e-02    0.0000000000e+00
    2.3859608918e-02    0.0000000000e+00
    2.3869341239e-02    0.0000000000e+00
    2.3879073560e-02    0.0000000000e+00
    2.3888804018e-02    0.0000000000e+00
    2.3899752647e-02    0.0000000000e+00
    2.3909483105e-02    0.0000000000e+00
    2.3919215426e-02    0.0000000000e+00
    2.3928945884e-02    0.0000000000e+00
    2.3939894512e-02    0.0000000000e+00
    2.3949624971e-02    0.0000000000e+00
    2.3959357291e-02    0.0000000000e+00
    2.3969087750e-02    0.0000000000e+00
    2.3978820071e-02    0.0000000000e+00
    2.3989766836e-02    0.0000000000e+00
    2.3999497294e-02    0.0000000000e+00
    2.4009229615e-02    0.0000000000e+00
    2.4018960074e-02    0.0000000000e+00
    2.4029906839e-02    0.0000000000e+00
    2.4039639160e-02    0.0000000000e+00
    2.4049369618e-02    0.0000000000e+00
    2.4059100077e-02    0.0000000000e+00
    2.4068832397e-02    0.0000000000e+00
    2.4079779163e-02    0.0000000000e+00
    2.4089511484e-02    0.0000000000e+00
    2.4099241942e-02    0.0000000000e+00
    2.4108972400e-02    0.0000000000e+00
    2.4119921029e-02    0.0000000000e+00
    2.4129651487e-02    0.0000000000e+00
    2.4139383808e-02    0.0000000000e+00
    2.4149114266e-02    0.0000000000e+00
    2.4158846587e-02    0.0000000000e+00
    2.4169793352e-02    0.0000000000e+00
    2.4179525673e-02    0.0000000000e+00
    2.4189256132e-02    0.0000000000e+00
    2.4198986590e-02    0.0000000000e+00
    2.4209935218e-02    0.0000000000e+00
    2.4219665676e-02    0.0000000000e+00
    2.4229397997e-02    0.0000000000e+00
    2.4239128456e-02    0.0000000000e+00
    2.4248860776e-02    0.0000000000e+00
    2.4259807542e-02    0.0000000000e+00
    2.4269539863e-02    0.0000000000e+00
    2.4279272184e-02    0.0000000000e+00
    2.4289002642e-02    0.0000000000e+00
    2.4299951270e-02    0.0000000000e+00
    2.4309681728e-02    0.0000000000e+00
    2.4319414049e-02    0.0000000000e+00
    2.4329146370e-02    0.0000000000e+00
    2.4338876829e-02    0.0000000000e+00
    2.4349825457e-02    0.0000000000e+00
    2.4359557778e-02    0.0000000000e+00
    2.4369288236e-02    0.0000000000e+00
    2.4379020557e-02    0.0000000000e+00
    2.4389969185e-02    0.0000000000e+00
    2.4399701506e-02    0.0000000000e+00
    2.4409431964e-02    0.0000000000e+00
    2.4419164285e-02    0.0000000000e+00
    2.4428896606e-02    0.0000000000e+00
    2.4439845234e-02    0.0000000000e+00
    2.4449577555e-02    0.0000000000e+00
    2.4459309876e-02    0.0000000000e+00
    2.4469042197e-02    0.0000000000e+00
    2.4479992688e-02    0.0000000000e+00
    2.4489725009e-02    0.0000000000e+00
    2.4499457330e-02    0.0000000000e+00
    2.4509189650e-02    0.0000000000e+00
    2.4518923834e-02    0.0000000000e+00
    2.4529872462e-02    0.0000000000e+00
    2.4539606646e-02    0.0000000000e+00
    2.4549338967e-02    0.0000000000e+00
    2.4559071288e-02    0.0000000000e+00
    2.4568805471e-02    0.0000000000e+00
    2.4579755962e-02    0.0000000000e+00
    2.4589488283e-02    0.0000000000e+00
    2.4599220604e-02    0.0000000000e+00
    2.4608954787e-02    0.0000000000e+00
    2.4619903415e-02    0.0000000000e+00
    2.4629637599e-02    0.0000000000e+00
    2.4639369920e-02    0.0000000000e+00
    2.4649102241e-02    0.0000000000e+00
    2.4658834562e-02    0.0000000000e+00
    2.4669785053e-02    0.0000000000e+00
    2.4679517373e-02    0.0000000000e+00
    2.4689249694e-02    0.0000000000e+00
    2.4698982015e-02    0.0000000000e+00
    2.4709930643e-02    0.0000000000e+00
    2.4719661102e-02    0.0000000000e+00
    2.4729393423e-02    0.0000000000e+00
    2.4739125744e-02    0.0000000000e+00
    2.4748858064e-02    0.0000000000e+00
    2.4759806693e-02    0.0000000000e+00
    2.4769537151e-02    0.0000000000e+00
    2.4779269472e-02    0.0000000000e+00
    2.4789001793e-02    0.0000000000e+00
    2.4799950421e-02    0.0000000000e+00
    2.4809680879e-02    0.0000000000e+00
    2.4819413200e-02    0.0000000000e+00
    2.4829145521e-02    0.0000000000e+00
    2.4838877842e-02    0.0000000000e+00
    2.4849826470e-02    0.0000000000e+00
    2.4859558791e-02    0.0000000000e+00
    2.4869291112e-02    0.0000000000e+00
    2.4879023433e-02    0.0000000000e+00
    2.4889972061e-02    0.0000000000e+00
    2.4899704382e-02    0.0000000000e+00
    2.4909436703e-02    0.0000000000e+00
    2.4919169024e-02    0.0000000000e+00
    2.4928901345e-02    0.0000000000e+00
    2.4939849973e-02    0.0000000000e+00
    2.4949582294e-02    0.0000000000e+00
    2.4959314615e-02    0.0000000000e+00
    2.4969046935e-02    0.0000000000e+00
    2.4979995564e-02    0.0000000000e+00
    2.4989727885e-02    0.0000000000e+00
    2.4999460205e-02    0.0000000000e+00
    2.5009192526e-02    0.0000000000e+00
    2.5018922985e-02    0.0000000000e+00
    2.5029871613e-02    0.0000000000e+00
    2.5039603934e-02    0.0000000000e+00
    2.5049336255e-02    0.0000000000e+00
    2.5059068576e-02    0.0000000000e+00
    2.5068799034e-02    0.0000000000e+00
    2.5079747662e-02    0.0000000000e+00
    2.5089479983e-02    0.0000000000e+00
    2.5099210441e-02    0.0000000000e+00
    2.5108942762e-02    0.0000000000e+00
    2.5119891390e-02    0.0000000000e+00
    2.5129621848e-02    0.0000000000e+00
    2.5139354169e-02    0.0000000000e+00
    2.5149084628e-02    0.0000000000e+00
    2.5158816949e-02    0.0000000000e+00
    2.5169763714e-02    0.0000000000e+00
    2.5179496035e-02    0.0000000000e+00
    2.5189226493e-02    0.0000000000e+00
    2.5198958814e-02    0.0000000000e+00
    2.5209905580e-02    0.0000000000e+00
    2.5219637901e-02    0.0000000000e+00
    2.5229368359e-02    0.0000000000e+00
    2.5239100680e-02    0.0000000000e+00
    2.5248831138e-02    0.0000000000e+00
    2.5259779766e-02    0.0000000000e+00
    2.5269510224e-02    0.0000000000e+00
    2.5279242545e-02    0.0000000000e+00
    2.5288974866e-02    0.0000000000e+00
    2.5299921632e-02    0.0000000000e+00
    2.5309653953e-02    0.0000000000e+00
    2.5319384411e-02    0.0000000000e+00
    2.5329116732e-02    0.0000000000e+00
    2.5338847190e-02    0.0000000000e+00
    2.5349795818e-02    0.0000000000e+00
    2.5359526277e-02    0.0000000000e+00
    2.5369256735e-02    0.0000000000e+00
    2.5378989056e-02    0.0000000000e+00
    2.5389935821e-02    0.0000000000e+00
    2.5399668142e-02    0.0000000000e+00
    2.5409398600e-02    0.0000000000e+00
    2.5419129059e-02    0.0000000000e+00
    2.5428861380e-02    0.0000000000e+00
    2.5439808145e-02    0.0000000000e+00
    2.5449540466e-02    0.0000000000e+00
    2.5459270924e-02    0.0000000000e+00
    2.5469001383e-02    0.0000000000e+00
    2.5479950011e-02    0.0000000000e+00
    2.5489680469e-02    0.0000000000e+00
    2.5499412790e-02    0.0000000000e+00
    2.5509143248e-02    0.0000000000e+00
    2.5518875569e-02    0.0000000000e+00
    2.5529822335e-02    0.0000000000e+00
    2.5539554656e-02    0.0000000000e+00
    2.5549286976e-02    0.0000000000e+00
    2.5559017435e-02    0.0000000000e+00
    2.5569966063e-02    0.0000000000e+00
    2.5579698384e-02    0.0000000000e+00
    2.5589430705e-02    0.0000000000e+00
    2.5599163026e-02    0.0000000000e+00
    2.5608895347e-02    0.0000000000e+00
    2.5619843975e-02    0.0000000000e+00
    2.5629576296e-02    0.0000000000e+00
    2.5639308617e-02    0.0000000000e+00
    2.5649042800e-02    0.0000000000e+00
    2.5659991428e-02    0.0000000000e+00
    2.5669723749e-02    0.0000000000e+00
    2.5679456070e-02    0.0000000000e+00
    2.5689190254e-02    0.0000000000e+00
    2.5698922575e-02    0.0000000000e+00
    2.5709871203e-02    0.0000000000e+00
    2.5719605386e-02    0.0000000000e+00
    2.5729337707e-02    0.0000000000e+00
    2.5739070028e-02    0.0000000000e+00
    2.5748802349e-02    0.0000000000e+00
    2.5759752840e-02    0.0000000000e+00
    2.5769485161e-02    0.0000000000e+00
    2.5779217482e-02    0.0000000000e+00
    2.5788949803e-02    0.0000000000e+00
    2.5799900293e-02    0.0000000000e+00
    2.5809632614e-02    0.0000000000e+00
    2.5819364935e-02    0.0000000000e+00
    2.5829097256e-02    0.0000000000e+00
    2.5838829577e-02    0.0000000000e+00
    2.5849778205e-02    0.0000000000e+00
    2.5859510526e-02    0.0000000000e+00
    2.5869242847e-02    0.0000000000e+00
    2.5878977031e-02    0.0000000000e+00
    2.5889925659e-02    0.0000000000e+00
    2.5899657980e-02    0.0000000000e+00
    2.5909390301e-02    0.0000000000e+00
    2.5919122621e-02    0.0000000000e+00
    2.5928854942e-02    0.0000000000e+00
    2.5939803571e-02    0.0000000000e+00
    2.5949535891e-02    0.0000000000e+00
    2.5959268212e-02    0.0000000000e+00
    2.5969000533e-02    0.0000000000e+00
    2.5979949161e-02    0.0000000000e+00
    2.5989681482e-02    0.0000000000e+00
    2.5999413803e-02    0.0000000000e+00
    2.6009144261e-02    0.0000000000e+00
    2.6018876582e-02    0.0000000000e+00
    2.6029825211e-02    0.0000000000e+00
    2.6039557531e-02    0.0000000000e+00
    2.6049289852e-02    0.0000000000e+00
    2.6059022173e-02    0.0000000000e+00
    2.6069970801e-02    0.0000000000e+00
    2.6079703122e-02    0.0000000000e+00
    2.6089435443e-02    0.0000000000e+00
    2.6099167764e-02    0.0000000000e+00
    2.6108898222e-02    0.0000000000e+00
    2.6119846851e-02    0.0000000000e+00
    2.6129579172e-02    0.0000000000e+00
    2.6139311492e-02    0.0000000000e+00
    2.6149043813e-02    0.0000000000e+00
    2.6159992442e-02    0.0000000000e+00
    2.6169722900e-02    0.0000000000e+00
    2.6179455221e-02    0.0000000000e+00
    2.6189187542e-02    0.0000000000e+00
    2.6198919863e-02    0.0000000000e+00
    2.6209868491e-02    0.0000000000e+00
    2.6219598949e-02    0.0000000000e+00
    2.6229331270e-02    0.0000000000e+00
    2.6239063591e-02    0.0000000000e+00
    2.6248795912e-02    0.0000000000e+00
    2.6259742677e-02    0.0000000000e+00
    2.6269474998e-02    0.0000000000e+00
    2.6279207319e-02    0.0000000000e+00
    2.6288937777e-02    0.0000000000e+00
    2.6299886405e-02    0.0000000000e+00
    2.6309618726e-02    0.0000000000e+00
    2.6319349185e-02    0.0000000000e+00
    2.6329081506e-02    0.0000000000e+00
    2.6338813826e-02    0.0000000000e+00
    2.6349762455e-02    0.0000000000e+00
    2.6359492913e-02    0.0000000000e+00
    2.6369225234e-02    0.0000000000e+00
    2.6378957555e-02    0.0000000000e+00
    2.6389906183e-02    0.0000000000e+00
    2.6399636641e-02    0.0000000000e+00
    2.6409368962e-02    0.0000000000e+00
    2.6419101283e-02    0.0000000000e+00
    2.6428833604e-02    0.0000000000e+00
    2.6439780369e-02    0.0000000000e+00
    2.6449512690e-02    0.0000000000e+00
    2.6459245011e-02    0.0000000000e+00
    2.6468975469e-02    0.0000000000e+00
    2.6479924098e-02    0.0000000000e+00
    2.6489656419e-02    0.0000000000e+00
    2.6499386877e-02    0.0000000000e+00
    2.6509119198e-02    0.0000000000e+00
    2.6518849656e-02    0.0000000000e+00
    2.6529798284e-02    0.0000000000e+00
    2.6539528742e-02    0.0000000000e+00
    2.6549261063e-02    0.0000000000e+00
    2.6558991522e-02    0.0000000000e+00
    2.6569940150e-02    0.0000000000e+00
    2.6579672471e-02    0.0000000000e+00
    2.6589402929e-02    0.0000000000e+00
    2.6599135250e-02    0.0000000000e+00
    2.6608865708e-02    0.0000000000e+00
    2.6619814336e-02    0.0000000000e+00
    2.6629544795e-02    0.0000000000e+00
    2.6639277115e-02    0.0000000000e+00
    2.6649009436e-02    0.0000000000e+00
    2.6659956202e-02    0.0000000000e+00
    2.6669688523e-02    0.0000000000e+00
    2.6679420844e-02    0.0000000000e+00
    2.6689153165e-02    0.0000000000e+00
    2.6698885486e-02    0.0000000000e+00
    2.6709834114e-02    0.0000000000e+00
    2.6719564572e-02    0.0000000000e+00
    2.6729296893e-02    0.0000000000e+00
    2.6739029214e-02    0.0000000000e+00
    2.6749977842e-02    0.0000000000e+00
    2.6759710163e-02    0.0000000000e+00
    2.6769442484e-02    0.0000000000e+00
    2.6779174805e-02    0.0000000000e+00
    2.6788907126e-02    0.0000000000e+00
    2.6799855754e-02    0.0000000000e+00
    2.6809588075e-02    0.0000000000e+00
    2.6819320396e-02    0.0000000000e+00
    2.6829052716e-02    0.0000000000e+00
    2.6838785037e-02    0.0000000000e+00
    2.6849733666e-02    0.0000000000e+00
    2.6859465986e-02    0.0000000000e+00
    2.6869198307e-02    0.0000000000e+00
    2.6878930628e-02    0.0000000000e+00
    2.6889879256e-02    0.0000000000e+00
    2.6899609715e-02    0.0000000000e+00
    2.6909342036e-02    0.0000000000e+00
    2.6919074357e-02    0.0000000000e+00
    2.6928806677e-02    0.0000000000e+00
    2.6939755306e-02    0.0000000000e+00
    2.6949487627e-02    0.0000000000e+00
    2.6959219947e-02    0.0000000000e+00
    2.6968952268e-02    0.0000000000e+00
    2.6979900897e-02    0.0000000000e+00
    2.6989633217e-02    0.0000000000e+00
    2.6999365538e-02    0.0000000000e+00
    2.7009097859e-02    0.0000000000e+00
    2.7018830180e-02    0.0000000000e+00
    2.7029778808e-02    0.0000000000e+00
    2.7039511129e-02    0.0000000000e+00
    2.7049243450e-02    0.0000000000e+00
    2.7058975771e-02    0.0000000000e+00
    2.7069924399e-02    0.0000000000e+00
    2.7079656720e-02    0.0000000000e+00
    2.7089389041e-02    0.0000000000e+00
    2.7099121362e-02    0.0000000000e+00
    2.7108853683e-02    0.0000000000e+00
    2.7119802311e-02    0.0000000000e+00
    2.7129534632e-02    0.0000000000e+00
    2.7139266953e-02    0.0000000000e+00
    2.7148999274e-02    0.0000000000e+00
    2.7159949765e-02    0.0000000000e+00
    2.7169682086e-02    0.0000000000e+00
    2.7179414406e-02    0.0000000000e+00
    2.7189146727e-02    0.0000000000e+00
    2.7198879048e-02    0.0000000000e+00
    2.7209827676e-02    0.0000000000e+00
    2.7219559997e-02    0.0000000000e+00
    2.7229292318e-02    0.0000000000e+00
    2.7239024639e-02    0.0000000000e+00
    2.7249973267e-02    0.0000000000e+00
    2.7259705588e-02    0.0000000000e+00
    2.7269437909e-02    0.0000000000e+00
    2.7279170230e-02    0.0000000000e+00
    2.7288902551e-02    0.0000000000e+00
    2.7299851179e-02    0.0000000000e+00
    2.7309583500e-02    0.0000000000e+00
    2.7319315821e-02    0.0000000000e+00
    2.7329048142e-02    0.0000000000e+00
    2.7339996770e-02    0.0000000000e+00
    2.7349727228e-02    0.0000000000e+00
    2.7359459549e-02    0.0000000000e+00
    2.7369191870e-02    0.0000000000e+00
    2.7378924191e-02    0.0000000000e+00
    2.7389872819e-02    0.0000000000e+00
    2.7399605140e-02    0.0000000000e+00
    2.7409337461e-02    0.0000000000e+00
    2.7419069782e-02    0.0000000000e+00
    2.7428802103e-02    0.0000000000e+00
    2.7439750731e-02    0.0000000000e+00
    2.7449483052e-02    0.0000000000e+00
    2.7459215373e-02    0.0000000000e+00
    2.7468947694e-02    0.0000000000e+00
    2.7479898185e-02    0.0000000000e+00
    2.7489630505e-02    0.0000000000e+00
    2.7499362826e-02    0.0000000000e+00
    2.7509095147e-02    0.0000000000e+00
    2.7518827468e-02    0.0000000000e+00
    2.7529776096e-02    0.0000000000e+00
    2.7539510280e-02    0.0000000000e+00
    2.7549242601e-02    0.0000000000e+00
    2.7558974922e-02    0.0000000000e+00
    2.7569923550e-02    0.0000000000e+00
    2.7579657733e-02    0.0000000000e+00
    2.7589390054e-02    0.0000000000e+00
    2.7599122375e-02    0.0000000000e+00
    2.7608854696e-02    0.0000000000e+00
    2.7619803324e-02    0.0000000000e+00
    2.7629535645e-02    0.0000000000e+00
    2.7639267966e-02    0.0000000000e+00
    2.7649000287e-02    0.0000000000e+00
    2.7659950778e-02    0.0000000000e+00
    2.7669683099e-02    0.0000000000e+00
    2.7679415420e-02    0.0000000000e+00
    2.7689147741e-02    0.0000000000e+00
    2.7698880062e-02    0.0000000000e+00
    2.7709828690e-02    0.0000000000e+00
    2.7719561011e-02    0.0000000000e+00
    2.7729293332e-02    0.0000000000e+00
    2.7739023790e-02    0.0000000000e+00
    2.7749974281e-02    0.0000000000e+00
    2.7759706602e-02    0.0000000000e+00
    2.7769437060e-02    0.0000000000e+00
    2.7779169381e-02    0.0000000000e+00
    2.7788901702e-02    0.0000000000e+00
    2.7799852192e-02    0.0000000000e+00
    2.7809584513e-02    0.0000000000e+00
    2.7819316834e-02    0.0000000000e+00
    2.7829049155e-02    0.0000000000e+00
    2.7839997783e-02    0.0000000000e+00
    2.7849730104e-02    0.0000000000e+00
    2.7859462425e-02    0.0000000000e+00
    2.7869194746e-02    0.0000000000e+00
    2.7878927067e-02    0.0000000000e+00
    2.7889875695e-02    0.0000000000e+00
    2.7899608016e-02    0.0000000000e+00
    2.7909340337e-02    0.0000000000e+00
    2.7919396758e-02    0.0000000000e+00
    2.7929779142e-02    0.0000000000e+00
    2.7939511463e-02    0.0000000000e+00
    2.7949891984e-02    0.0000000000e+00
    2.7959624305e-02    0.0000000000e+00
    2.7969356626e-02    0.0000000000e+00
    2.7979737148e-02    0.0000000000e+00
    2.7989469469e-02    0.0000000000e+00
    2.7999849990e-02    0.0000000000e+00
    2.8009582311e-02    0.0000000000e+00
    2.8019962832e-02    0.0000000000e+00
    2.8029695153e-02    0.0000000000e+00
    2.8039427474e-02    0.0000000000e+00
    2.8049809858e-02    0.0000000000e+00
    2.8059542179e-02    0.0000000000e+00
    2.8069922701e-02    0.0000000000e+00
    2.8079655021e-02    0.0000000000e+00
    2.8089387342e-02    0.0000000000e+00
    2.8099767864e-02    0.0000000000e+00
    2.8109500185e-02    0.0000000000e+00
    2.8119880706e-02    0.0000000000e+00
    2.8129613027e-02    0.0000000000e+00
    2.8139995411e-02    0.0000000000e+00
    2.8149725869e-02    0.0000000000e+00
    2.8159458190e-02    0.0000000000e+00
    2.8169840574e-02    0.0000000000e+00
    2.8179572895e-02    0.0000000000e+00
    2.8189953417e-02    0.0000000000e+00
    2.8199685737e-02    0.0000000000e+00
    2.8209418058e-02    0.0000000000e+00
    2.8219565749e-02    0.0000000000e+00
    2.8229657561e-02    0.0000000000e+00
    2.8239751235e-02    0.0000000000e+00
    2.8249843046e-02    0.0000000000e+00
    2.8259936720e-02    0.0000000000e+00
    2.8269112110e-02    0.0000000000e+00
    2.8279669583e-02    0.0000000000e+00
    2.8289308771e-02    0.0000000000e+00
    2.8299912810e-02    0.0000000000e+00
    2.8309553862e-02    0.0000000000e+00
    2.8319193050e-02    0.0000000000e+00
    2.8329797089e-02    0.0000000000e+00
    2.8339438140e-02    0.0000000000e+00
    2.8349077329e-02    0.0000000000e+00
    2.8359681368e-02    0.0000000000e+00
    2.8369322419e-02    0.0000000000e+00
    2.8379926458e-02    0.0000000000e+00
    2.8389565647e-02    0.0000000000e+00
    2.8399206698e-02    0.0000000000e+00
    2.8409810737e-02    0.0000000000e+00
    2.8419449925e-02    0.0000000000e+00
    2.8429090977e-02    0.0000000000e+00
    2.8439695016e-02    0.0000000000e+00
    2.8449334204e-02    0.0000000000e+00
    2.8459938243e-02    0.0000000000e+00
    2.8469579294e-02    0.0000000000e+00
    2.8479218483e-02    0.0000000000e+00
    2.8489822522e-02    0.0000000000e+00
    2.8499463573e-02    0.0000000000e+00
    2.8509102762e-02    0.0000000000e+00
    2.8519706801e-02    0.0000000000e+00
    2.8529347852e-02    0.0000000000e+00
    2.8539951891e-02    0.0000000000e+00
    2.8549591079e-02    0.0000000000e+00
    2.8559232131e-02    0.0000000000e+00
    2.8569836169e-02    0.0000000000e+00
    2.8579475358e-02    0.0000000000e+00
    2.8589116409e-02    0.0000000000e+00
    2.8599720448e-02    0.0000000000e+00
    2.8609359637e-02    0.0000000000e+00
    2.8619963676e-02    0.0000000000e+00
    2.8629371896e-02    0.0000000000e+00
    2.8639463708e-02    0.0000000000e+00
    2.8649557382e-02    0.0000000000e+00
    2.8659649193e-02    0.0000000000e+00
    2.8669068590e-02    0.0000000000e+00
    2.8678802773e-02    0.0000000000e+00
    2.8689751402e-02    0.0000000000e+00
    2.8699485585e-02    0.0000000000e+00
    2.8709217906e-02    0.0000000000e+00
    2.8719589114e-02    0.0000000000e+00
    2.8729682788e-02    0.0000000000e+00
    2.8739774600e-02    0.0000000000e+00
    2.8749866411e-02    0.0000000000e+00
    2.8759306297e-02    0.0000000000e+00
    2.8769040480e-02    0.0000000000e+00
    2.8779989108e-02    0.0000000000e+00
    2.8789883479e-02    0.0000000000e+00
    2.8799615800e-02    0.0000000000e+00
    2.8809996322e-02    0.0000000000e+00
    2.8819728643e-02    0.0000000000e+00
    2.8829460964e-02    0.0000000000e+00
    2.8839843348e-02    0.0000000000e+00
    2.8849575669e-02    0.0000000000e+00
    2.8859075159e-02    0.0000000000e+00
    2.8869664297e-02    0.0000000000e+00
    2.8879303485e-02    0.0000000000e+00
    2.8889909387e-02    0.0000000000e+00
    2.8899548575e-02    0.0000000000e+00
    2.8909187764e-02    0.0000000000e+00
    2.8919793665e-02    0.0000000000e+00
    2.8929335997e-02    0.0000000000e+00
    2.8939561918e-02    0.0000000000e+00
    2.8949787840e-02    0.0000000000e+00
    2.8959332034e-02    0.0000000000e+00
    2.8969556093e-02    0.0000000000e+00
    2.8979310766e-02    0.0000000000e+00
    2.8989858925e-02    0.0000000000e+00
    2.8999499977e-02    0.0000000000e+00
    2.9009139165e-02    0.0000000000e+00
    2.9019743204e-02    0.0000000000e+00
    2.9029384255e-02    0.0000000000e+00
    2.9039988294e-02    0.0000000000e+00
    2.9049627483e-02    0.0000000000e+00
    2.9059268534e-02    0.0000000000e+00
    2.9069872573e-02    0.0000000000e+00
    2.9079511762e-02    0.0000000000e+00
    2.9089152813e-02    0.0000000000e+00
    2.9099756852e-02    0.0000000000e+00
    2.9109396040e-02    0.0000000000e+00
    2.9119037092e-02    0.0000000000e+00
    2.9129641131e-02    0.0000000000e+00
    2.9139280319e-02    0.0000000000e+00
    2.9149884358e-02    0.0000000000e+00
    2.9159525409e-02    0.0000000000e+00
    2.9169164598e-02    0.0000000000e+00
    2.9179768637e-02    0.0000000000e+00
    2.9189409688e-02    0.0000000000e+00
    2.9199048877e-02    0.0000000000e+00
    2.9209652916e-02    0.0000000000e+00
    2.9219293967e-02    0.0000000000e+00
    2.9229898006e-02    0.0000000000e+00
    2.9239537194e-02    0.0000000000e+00
    2.9249178246e-02    0.0000000000e+00
    2.9259782284e-02    0.0000000000e+00
    2.9269421473e-02    0.0000000000e+00
    2.9279062524e-02    0.0000000000e+00
    2.9289666563e-02    0.0000000000e+00
    2.9299305752e-02    0.0000000000e+00
    2.9309909791e-02    0.0000000000e+00
    2.9319550842e-02    0.0000000000e+00
    2.9329190031e-02    0.0000000000e+00
    2.9339794070e-02    0.0000000000e+00
    2.9349435121e-02    0.0000000000e+00
    2.9359074309e-02    0.0000000000e+00
    2.9369678348e-02    0.0000000000e+00
    2.9379319400e-02    0.0000000000e+00
    2.9389923438e-02    0.0000000000e+00
    2.9399562627e-02    0.0000000000e+00
    2.9409203678e-02    0.0000000000e+00
    2.9419807717e-02    0.0000000000e+00
    2.9429633170e-02    0.0000000000e+00
    2.9439859092e-02    0.0000000000e+00
    2.9449401423e-02    0.0000000000e+00
    2.9459627345e-02    0.0000000000e+00
    2.9469853267e-02    0.0000000000e+00
    2.9479397461e-02    0.0000000000e+00
    2.9489621520e-02    0.0000000000e+00
    2.9499847442e-02    0.0000000000e+00
    2.9509391636e-02    0.0000000000e+00
    2.9519617558e-02    0.0000000000e+00
    2.9529841617e-02    0.0000000000e+00
    2.9539385810e-02    0.0000000000e+00
    2.9549611732e-02    0.0000000000e+00
    2.9559837654e-02    0.0000000000e+00
    2.9569379985e-02    0.0000000000e+00
    2.9579605907e-02    0.0000000000e+00
    2.9589831829e-02    0.0000000000e+00
    2.9599376023e-02    0.0000000000e+00
    2.9609600082e-02    0.0000000000e+00
    2.9619826004e-02    0.0000000000e+00
    2.9629370198e-02    0.0000000000e+00
    2.9639596120e-02    0.0000000000e+00
    2.9649820179e-02    0.0000000000e+00
    2.9659364372e-02    0.0000000000e+00
    2.9669590294e-02    0.0000000000e+00
    2.9679816216e-02    0.0000000000e+00
    2.9689358547e-02    0.0000000000e+00
    2.9699584469e-02    0.0000000000e+00
    2.9709810391e-02    0.0000000000e+00
    2.9719354585e-02    0.0000000000e+00
    2.9729578644e-02    0.0000000000e+00
    2.9739804566e-02    0.0000000000e+00
    2.9749348760e-02    0.0000000000e+00
    2.9759574682e-02    0.0000000000e+00
    2.9769837856e-02    0.0000000000e+00
    2.9779477045e-02    0.0000000000e+00
    2.9789116234e-02    0.0000000000e+00
    2.9799722135e-02    0.0000000000e+00
    2.9809361324e-02    0.0000000000e+00
    2.9819965363e-02    0.0000000000e+00
    2.9829606414e-02    0.0000000000e+00
    2.9839245602e-02    0.0000000000e+00
    2.9849849641e-02    0.0000000000e+00
    2.9859490693e-02    0.0000000000e+00
    2.9869129881e-02    0.0000000000e+00
    2.9879733920e-02    0.0000000000e+00
    2.9889374971e-02    0.0000000000e+00
    2.9899979010e-02    0.0000000000e+00
    2.9909618199e-02    0.0000000000e+00
    2.9919259250e-02    0.0000000000e+00
    2.9929863289e-02    0.0000000000e+00
    2.9939502478e-02    0.0000000000e+00
    2.9949143529e-02    0.0000000000e+00
    2.9959747568e-02    0.0000000000e+00
    2.9969386756e-02    0.0000000000e+00
    2.9979990795e-02    0.0000000000e+00
    2.9989631847e-02    0.0000000000e+00
    2.9999271035e-02    0.0000000000e+00
    3.0000235885e-02    0.0000000000e+00
