      3002
    0.0000000000e+00    0.0000000000e+00
    9.7362280940e-06   -5.2290732810e-07
    1.9472456188e-05   -1.9754277218e-06
    2.9208684282e-05   -4.3575610107e-06
    3.8944912376e-05   -7.6693077062e-06
    4.9898168072e-05   -1.2506199710e-05
    5.9634396166e-05   -1.7793374354e-05
    6.9370624260e-05   -2.4010161724e-05
    7.9106852354e-05   -3.1156559999e-05
    8.8843080448e-05   -3.9232574636e-05
    9.9796336144e-05   -4.9429265346e-05
    1.0953256424e-04   -5.9480702475e-05
    1.1936988449e-04   -7.0580652391e-05
    1.2953022087e-04   -8.3041348262e-05
    1.3996323105e-04   -9.6889933047e-05
    1.4953492791e-04   -1.1053410708e-04
    1.5932475799e-04   -1.2541863543e-04
    1.6991917801e-04   -1.4258919691e-04
    1.7999132979e-04   -5.9879932087e-04
    1.8913866370e-04   -7.1877357550e-03
    1.9923162472e-04   -2.4192860350e-02
    2.0896780188e-04   -4.9001835287e-02
    2.1992098482e-04   -8.4681212902e-02
    2.2965716198e-04   -1.2208504975e-01
    2.3939332459e-04   -1.6399972141e-01
    2.4912951631e-04   -2.0973566175e-01
    2.5886573712e-04   -2.5875994563e-01
    2.6981896372e-04   -3.1719771028e-01
    2.7955518453e-04   -3.7151595950e-01
    2.8929137625e-04   -4.2760822177e-01
    2.9902759707e-04   -4.8510071635e-01
    3.0998082366e-04   -5.5108559132e-01
    3.1971701537e-04   -6.1063891649e-01
    3.2945323619e-04   -6.7084610462e-01
    3.3918942790e-04   -7.3155790567e-01
    3.4892561962e-04   -7.9265338182e-01
    3.5987884621e-04   -8.6171972752e-01
    3.6961500882e-04   -9.2331844568e-01
    3.7935117143e-04   -9.8504358530e-01
    3.8908733404e-04   -1.0468437672e+00
    3.9882346755e-04   -1.1086740494e+00
    4.0977660683e-04   -1.1782138348e+00
    4.1951274034e-04   -1.2399601936e+00
    4.2924884474e-04   -1.3016029596e+00
    4.3898492004e-04   -1.3631182909e+00
    4.4993803021e-04   -1.4321671724e+00
    4.5967410551e-04   -1.4934233427e+00
    4.6941020992e-04   -1.5545917749e+00
    4.7914628522e-04   -1.6156954765e+00
    4.8888236051e-04   -1.6767513752e+00
    4.9983541248e-04   -1.7453942299e+00
    5.0957145868e-04   -1.8063749075e+00
    5.1930750487e-04   -1.8673226833e+00
    5.2904355107e-04   -1.9282364845e+00
    5.3999660304e-04   -1.9967250824e+00
    5.4973264923e-04   -2.0575745106e+00
    5.5946863722e-04   -2.1184029579e+00
    5.6920468342e-04   -2.1792132854e+00
    5.7894072961e-04   -2.2399981022e+00
    5.8989372337e-04   -2.3083274364e+00
    5.9962976957e-04   -2.3689844608e+00
    6.0936575755e-04   -2.4295303822e+00
    6.1910174554e-04   -2.4899311066e+00
    6.2883773353e-04   -2.5501618385e+00
    6.3979072729e-04   -2.6177091599e+00
    6.4952671528e-04   -2.6775794029e+00
    6.5926270327e-04   -2.7373230457e+00
    6.6899863305e-04   -2.7969782352e+00
    6.7995156860e-04   -2.8640182018e+00
    6.8968749838e-04   -2.9235513210e+00
    6.9942342816e-04   -2.9830117226e+00
    7.0915935794e-04   -3.0423653126e+00
    7.1889528772e-04   -3.1015696526e+00
    7.2984816507e-04   -3.1679406166e+00
    7.3958403664e-04   -3.2266867161e+00
    7.4931996642e-04   -3.2851724625e+00
    7.5905583799e-04   -3.3433926105e+00
    7.6879170956e-04   -3.4013633728e+00
    7.7974458691e-04   -3.4663217068e+00
    7.8948045848e-04   -3.5238749981e+00
    7.9921633005e-04   -3.5812931061e+00
    8.0895220162e-04   -3.6386122704e+00
    8.1990502076e-04   -3.7030196190e+00
    8.2964089233e-04   -3.7602357864e+00
    8.3937670570e-04   -3.8174452782e+00
    8.4911251906e-04   -3.8746662140e+00
    8.5884833243e-04   -3.9319088459e+00
    8.6980109336e-04   -3.9963362217e+00
    8.7953690672e-04   -4.0536265373e+00
    8.8927266188e-04   -4.1109261513e+00
    8.9900847524e-04   -4.1682186127e+00
    9.0996123618e-04   -4.2326374054e+00
    9.1969704954e-04   -4.2898411751e+00
    9.2943280470e-04   -4.3469686508e+00
    9.3916861806e-04   -4.4040026665e+00
    9.4890443143e-04   -4.4609284401e+00
    9.5985713415e-04   -4.5248246193e+00
    9.6959294751e-04   -4.5814795494e+00
    9.7932864446e-04   -4.6379885674e+00
    9.8906445783e-04   -4.6943407059e+00
    9.9880015478e-04   -4.7505278587e+00
    1.0097529739e-03   -4.8135328293e+00
    1.0194886709e-03   -4.8693494797e+00
    1.0292244842e-03   -4.9249887466e+00
    1.0389602976e-03   -4.9804515839e+00
    1.0499130003e-03   -5.0426430702e+00
    1.0596488137e-03   -5.0977525711e+00
    1.0693845106e-03   -5.1527118683e+00
    1.0791202076e-03   -5.2075371742e+00
    1.0888560209e-03   -5.2622470856e+00
    1.0998087237e-03   -5.3236861229e+00
    1.1095444206e-03   -5.3782243729e+00
    1.1192800011e-03   -5.4327101707e+00
    1.1290156981e-03   -5.4871525764e+00
    1.1399682844e-03   -5.5483474731e+00
    1.1497038649e-03   -5.6026868820e+00
    1.1594395619e-03   -5.6569585800e+00
    1.1691751424e-03   -5.7111501694e+00
    1.1789107230e-03   -5.7652506828e+00
    1.1898631928e-03   -5.8260006905e+00
    1.1995987734e-03   -5.8799047470e+00
    1.2093343539e-03   -5.9337301254e+00
    1.2190698180e-03   -5.9874939919e+00
    1.2288053986e-03   -6.0412149429e+00
    1.2397578685e-03   -6.1016225815e+00
    1.2494933326e-03   -6.1553063393e+00
    1.2592287967e-03   -6.2089843750e+00
    1.2689642608e-03   -6.2626533508e+00
    1.2799164979e-03   -6.3230051994e+00
    1.2896518456e-03   -6.3766093254e+00
    1.2993871933e-03   -6.4301514626e+00
    1.3091224246e-03   -6.4836096764e+00
    1.3188576559e-03   -6.5369648933e+00
    1.3298095437e-03   -6.5968480110e+00
    1.3395446585e-03   -6.6499395370e+00
    1.3492795406e-03   -6.7028946877e+00
    1.3590144226e-03   -6.7557067871e+00
    1.3699659612e-03   -6.8149437904e+00
    1.3797007268e-03   -6.8674359322e+00
    1.3894352596e-03   -6.9197711945e+00
    1.3991699088e-03   -6.9719486237e+00
    1.4089043252e-03   -7.0239715576e+00
    1.4198555145e-03   -7.0823230743e+00
    1.4295898145e-03   -7.1340484619e+00
    1.4393239981e-03   -7.1856536865e+00
    1.4490581816e-03   -7.2371501923e+00
    1.4587921323e-03   -7.2885465622e+00
    1.4697428560e-03   -7.3462514877e+00
    1.4794766903e-03   -7.3974385262e+00
    1.4892105246e-03   -7.4485182762e+00
    1.4989443589e-03   -7.4994835854e+00
    1.5098948497e-03   -7.5566744804e+00
    1.5196285676e-03   -7.6073808670e+00
    1.5293622855e-03   -7.6579689980e+00
    1.5390960034e-03   -7.7084479332e+00
    1.5488298377e-03   -7.7588300705e+00
    1.5597802121e-03   -7.8154063225e+00
    1.5695139300e-03   -7.8656110764e+00
    1.5792476479e-03   -7.9157342911e+00
    1.5889812494e-03   -7.9657673836e+00
    1.5999315074e-03   -8.0219278336e+00
    1.6096651088e-03   -8.0717153549e+00
    1.6193987103e-03   -8.1213569641e+00
    1.6291323118e-03   -8.1708412170e+00
    1.6388660297e-03   -8.2201614380e+00
    1.6498164041e-03   -8.2754545212e+00
    1.6595501220e-03   -8.3244447708e+00
    1.6692837235e-03   -8.3733015060e+00
    1.6790173249e-03   -8.4220438004e+00
    1.6899674665e-03   -8.4767646790e+00
    1.6997008352e-03   -8.5253162384e+00
    1.7094340874e-03   -8.5737953186e+00
    1.7191673396e-03   -8.6222019196e+00
    1.7289005918e-03   -8.6705331802e+00
    1.7398502678e-03   -8.7248096466e+00
    1.7495832872e-03   -8.7729616165e+00
    1.7593164230e-03   -8.8210163116e+00
    1.7690493260e-03   -8.8689670563e+00
    1.7799990019e-03   -8.9227809906e+00
    1.7897320213e-03   -8.9704961777e+00
    1.7994650407e-03   -9.0180969238e+00
    1.8091980601e-03   -9.0655832291e+00
    1.8189310795e-03   -9.1129541397e+00
    1.8298808718e-03   -9.1661071777e+00
    1.8396140076e-03   -9.2132282257e+00
    1.8493472598e-03   -9.2602262497e+00
    1.8590805121e-03   -9.3070964813e+00
    1.8688137643e-03   -9.3538303375e+00
    1.8797636731e-03   -9.4062356949e+00
    1.8894969253e-03   -9.4526557922e+00
    1.8992302939e-03   -9.4989185333e+00
    1.9089635462e-03   -9.5450201035e+00
    1.9199134549e-03   -9.5966901779e+00
    1.9296468236e-03   -9.6424531937e+00
    1.9393800758e-03   -9.6880645752e+00
    1.9491133280e-03   -9.7335357666e+00
    1.9588465802e-03   -9.7788772583e+00
    1.9697966054e-03   -9.8297462463e+00
    1.9795298576e-03   -9.8748483658e+00
    1.9892631099e-03   -9.9198513031e+00
    1.9989963621e-03   -9.9647598267e+00
    2.0099463873e-03   -1.0015172005e+01
    2.0196796395e-03   -1.0059883118e+01
    2.0294128917e-03   -1.0104493141e+01
    2.0391461439e-03   -1.0148996353e+01
    2.0488793962e-03   -1.0193379402e+01
    2.0598291885e-03   -1.0243153572e+01
    2.0695622079e-03   -1.0287241936e+01
    2.0792954601e-03   -1.0331170082e+01
    2.0890282467e-03   -1.0374923706e+01
    2.0999778062e-03   -1.0423922539e+01
    2.1097105928e-03   -1.0467264175e+01
    2.1194433793e-03   -1.0510396004e+01
    2.1291761659e-03   -1.0553308487e+01
    2.1389087196e-03   -1.0595994949e+01
    2.1498578135e-03   -1.0643743515e+01
    2.1595901344e-03   -1.0685941696e+01
    2.1693224553e-03   -1.0727913857e+01
    2.1790550090e-03   -1.0769665718e+01
    2.1887873299e-03   -1.0811211586e+01
    2.1997361910e-03   -1.0857723236e+01
    2.2094685119e-03   -1.0898887634e+01
    2.2192008328e-03   -1.0939906120e+01
    2.2289329208e-03   -1.0980802536e+01
    2.2398817819e-03   -1.1026694298e+01
    2.2496138699e-03   -1.1067406654e+01
    2.2593459580e-03   -1.1108061790e+01
    2.2690780461e-03   -1.1148672104e+01
    2.2788099013e-03   -1.1189246178e+01
    2.2897582967e-03   -1.1234849930e+01
    2.2994901519e-03   -1.1275349617e+01
    2.3092217743e-03   -1.1315806389e+01
    2.3189533968e-03   -1.1356213570e+01
    2.3299010936e-03   -1.1401598930e+01
    2.3396324832e-03   -1.1441866875e+01
    2.3493638728e-03   -1.1482054710e+01
    2.3590950295e-03   -1.1522153854e+01
    2.3688259535e-03   -1.1562154770e+01
    2.3797734175e-03   -1.1607029915e+01
    2.3895043414e-03   -1.1646798134e+01
    2.3992352653e-03   -1.1686443329e+01
    2.4089659564e-03   -1.1725957870e+01
    2.4199129548e-03   -1.1770243645e+01
    2.4296436459e-03   -1.1809447289e+01
    2.4393741041e-03   -1.1848489761e+01
    2.4491045624e-03   -1.1887360573e+01
    2.4588350207e-03   -1.1926050186e+01
    2.4697817862e-03   -1.1969349861e+01
    2.4795120116e-03   -1.2007630348e+01
    2.4892422371e-03   -1.2045709610e+01
    2.4989724625e-03   -1.2083585739e+01
    2.5099187624e-03   -1.2125954628e+01
    2.5196489878e-03   -1.2163404465e+01
    2.5293789804e-03   -1.2200660706e+01
    2.5391087402e-03   -1.2237730980e+01
    2.5488387328e-03   -1.2274625778e+01
    2.5597847998e-03   -1.2315932274e+01
    2.5695147924e-03   -1.2352481842e+01
    2.5792445522e-03   -1.2388882637e+01
    2.5889743119e-03   -1.2425141335e+01
    2.5999201462e-03   -1.2465769768e+01
    2.6096499059e-03   -1.2501748085e+01
    2.6193796657e-03   -1.2537600517e+01
    2.6291091926e-03   -1.2573334694e+01
    2.6388389524e-03   -1.2608954430e+01
    2.6497847866e-03   -1.2648892403e+01
    2.6595143136e-03   -1.2684278488e+01
    2.6692438405e-03   -1.2719557762e+01
    2.6789733674e-03   -1.2754729271e+01
    2.6899192017e-03   -1.2794165611e+01
    2.6996489614e-03   -1.2829098701e+01
    2.7093784884e-03   -1.2863910675e+01
    2.7191082481e-03   -1.2898596764e+01
    2.7288377751e-03   -1.2933149338e+01
    2.7397836093e-03   -1.2971856117e+01
    2.7495131362e-03   -1.3006108284e+01
    2.7592428960e-03   -1.3040212631e+01
    2.7689724229e-03   -1.3074168205e+01
    2.7799180243e-03   -1.3112188339e+01
    2.7896477841e-03   -1.3145827293e+01
    2.7993773110e-03   -1.3179323196e+01
    2.8091070708e-03   -1.3212681770e+01
    2.8188365977e-03   -1.3245910645e+01
    2.8297826648e-03   -1.3283145905e+01
    2.8395121917e-03   -1.3316120148e+01
    2.8492417186e-03   -1.3348982811e+01
    2.8589712456e-03   -1.3381735802e+01
    2.8699170798e-03   -1.3418451309e+01
    2.8796463739e-03   -1.3450965881e+01
    2.8893756680e-03   -1.3483361244e+01
    2.8991049621e-03   -1.3515631676e+01
    2.9088342562e-03   -1.3547770500e+01
    2.9197793920e-03   -1.3583763123e+01
    2.9295082204e-03   -1.3615609169e+01
    2.9392370488e-03   -1.3647314072e+01
    2.9489658773e-03   -1.3678879738e+01
    2.9599107802e-03   -1.3714225769e+01
    2.9696393758e-03   -1.3745502472e+01
    2.9793679714e-03   -1.3776648521e+01
    2.9890965670e-03   -1.3807663918e+01
    2.9988251626e-03   -1.3838550568e+01
    3.0097695999e-03   -1.3873142242e+01
    3.0194981955e-03   -1.3903750420e+01
    3.0292265583e-03   -1.3934225082e+01
    3.0389551539e-03   -1.3964563370e+01
    3.0498995911e-03   -1.3998528481e+01
    3.0596279539e-03   -1.4028573990e+01
    3.0693565495e-03   -1.4058485031e+01
    3.0790849123e-03   -1.4088266373e+01
    3.0888132751e-03   -1.4117923737e+01
    3.0997577123e-03   -1.4151150703e+01
    3.1094863079e-03   -1.4180574417e+01
    3.1192146707e-03   -1.4209901810e+01
    3.1289428007e-03   -1.4239142418e+01
    3.1398872379e-03   -1.4271944046e+01
    3.1496153679e-03   -1.4301022530e+01
    3.1593434978e-03   -1.4330031395e+01
    3.1690718606e-03   -1.4358973503e+01
    3.1787997577e-03   -1.4387847900e+01
    3.1897439621e-03   -1.4420250893e+01
    3.1994718593e-03   -1.4448979378e+01
    3.2091997564e-03   -1.4477636337e+01
    3.2189276535e-03   -1.4506217957e+01
    3.2298716251e-03   -1.4538281441e+01
    3.2395992894e-03   -1.4566696167e+01
    3.2493269537e-03   -1.4595029831e+01
    3.2590543851e-03   -1.4623277664e+01
    3.2699976582e-03   -1.4654953957e+01
    3.2797250897e-03   -1.4683016777e+01
    3.2894522883e-03   -1.4710990906e+01
    3.2991794869e-03   -1.4738875389e+01
    3.3089064527e-03   -1.4766672134e+01
    3.3198492602e-03   -1.4797842979e+01
    3.3295759931e-03   -1.4825465202e+01
    3.3393027261e-03   -1.4853014946e+01
    3.3490292262e-03   -1.4880496979e+01
    3.3599715680e-03   -1.4911345482e+01
    3.3696980681e-03   -1.4938713074e+01
    3.3794243354e-03   -1.4966036797e+01
    3.3891506027e-03   -1.4993324280e+01
    3.3988766372e-03   -1.5020577431e+01
    3.4098185133e-03   -1.5051198959e+01
    3.4195445478e-03   -1.5078383446e+01
    3.4292705823e-03   -1.5105532646e+01
    3.4389966168e-03   -1.5132641792e+01
    3.4499382600e-03   -1.5163084030e+01
    3.4596642945e-03   -1.5190088272e+01
    3.4693900961e-03   -1.5217032433e+01
    3.4791161306e-03   -1.5243912697e+01
    3.4899821039e-03   -1.5273860931e+01
    3.4988811240e-03   -1.5298318863e+01
    3.5097564105e-03   -1.5328123093e+01
    3.5194826778e-03   -1.5354694366e+01
    3.5292087123e-03   -1.5381187439e+01
    3.5389349796e-03   -1.5407602310e+01
    3.5498770885e-03   -1.5437234879e+01
    3.5596033558e-03   -1.5463511467e+01
    3.5693296231e-03   -1.5489738464e+01
    3.5790561233e-03   -1.5515925407e+01
    3.5899984650e-03   -1.5545343399e+01
    3.5997249652e-03   -1.5571457863e+01
    3.6094514653e-03   -1.5597537994e+01
    3.6191779654e-03   -1.5623582840e+01
    3.6289046984e-03   -1.5649590492e+01
    3.6398470402e-03   -1.5678800583e+01
    3.6495737731e-03   -1.5704720497e+01
    3.6593002733e-03   -1.5730596542e+01
    3.6690270063e-03   -1.5756424904e+01
    3.6799693480e-03   -1.5785425186e+01
    3.6896958482e-03   -1.5811150551e+01
    3.6994223483e-03   -1.5836824417e+01
    3.7091486156e-03   -1.5862444878e+01
    3.7188748829e-03   -1.5888009071e+01
    3.7298169918e-03   -1.5916694641e+01
    3.7395432591e-03   -1.5942123413e+01
    3.7492692936e-03   -1.5967478752e+01
    3.7589955609e-03   -1.5992755890e+01
    3.7699374370e-03   -1.6021093369e+01
    3.7796634715e-03   -1.6046184540e+01
    3.7893897388e-03   -1.6071180344e+01
    3.7991157733e-03   -1.6096073151e+01
    3.8088418078e-03   -1.6120857239e+01
    3.8197836839e-03   -1.6148599625e+01
    3.8295097183e-03   -1.6173133850e+01
    3.8392359857e-03   -1.6197542191e+01
    3.8489620201e-03   -1.6221822739e+01
    3.8599041291e-03   -1.6248985291e+01
    3.8696301635e-03   -1.6272993088e+01
    3.8793564308e-03   -1.6296876907e+01
    3.8890826982e-03   -1.6320640564e+01
    3.8988089655e-03   -1.6344293594e+01
    3.9097508416e-03   -1.6370780945e+01
    3.9194775745e-03   -1.6394231796e+01
    3.9292038418e-03   -1.6417612076e+01
    3.9389301091e-03   -1.6440935135e+01
    3.9498726837e-03   -1.6467126846e+01
    3.9595989510e-03   -1.6490383148e+01
    3.9693252183e-03   -1.6513631821e+01
    3.9790519513e-03   -1.6536886215e+01
    3.9899940602e-03   -1.6563068390e+01
    3.9997203276e-03   -1.6586372375e+01
    4.0094465949e-03   -1.6609712601e+01
    4.0191733278e-03   -1.6633092880e+01
    4.0288991295e-03   -1.6656517029e+01
    4.0398412384e-03   -1.6682920456e+01
    4.0495675057e-03   -1.6706434250e+01
    4.0592937730e-03   -1.6729988098e+01
    4.0690195747e-03   -1.6753578186e+01
    4.0799612179e-03   -1.6780158997e+01
    4.0896874852e-03   -1.6803819656e+01
    4.0994132869e-03   -1.6827510834e+01
    4.1091390885e-03   -1.6851234436e+01
    4.1198283434e-03   -1.6877342224e+01
    4.1299210861e-03   -1.6902032852e+01
    4.1390596889e-03   -1.6924427032e+01
    4.1487854905e-03   -1.6948301315e+01
    4.1597266681e-03   -1.6975217819e+01
    4.1694529355e-03   -1.6999202728e+01
    4.1791787371e-03   -1.7023254395e+01
    4.1889045388e-03   -1.7047384262e+01
    4.1998457164e-03   -1.7074642181e+01
    4.2095715180e-03   -1.7098991394e+01
    4.2192973197e-03   -1.7123476028e+01
    4.2290231213e-03   -1.7148113251e+01
    4.2399647646e-03   -1.7176036835e+01
    4.2496905662e-03   -1.7201061249e+01
    4.2594163679e-03   -1.7226293564e+01
    4.2691421695e-03   -1.7251745224e+01
    4.2788679712e-03   -1.7277427673e+01
    4.2898091488e-03   -1.7306608200e+01
    4.2995349504e-03   -1.7332809448e+01
    4.3092607521e-03   -1.7359268188e+01
    4.3189865537e-03   -1.7385992050e+01
    4.3299281970e-03   -1.7416376114e+01
    4.3396539986e-03   -1.7443677902e+01
    4.3493798003e-03   -1.7471260071e+01
    4.3591060676e-03   -1.7499128342e+01
    4.3688318692e-03   -1.7527282715e+01
    4.3797735125e-03   -1.7559307098e+01
    4.3894993141e-03   -1.7588087082e+01
    4.3992255814e-03   -1.7617164612e+01
    4.4089513831e-03   -1.7646545410e+01
    4.4195950031e-03   -1.7679052353e+01
    4.4299489819e-03   -1.7711040497e+01
    4.4396752492e-03   -1.7741418839e+01
    4.4494010508e-03   -1.7772134781e+01
    4.4595366344e-03   -1.7804515839e+01
    4.4693392701e-03   -1.7836206436e+01
    4.4790655375e-03   -1.7868026733e+01
    4.4887913391e-03   -1.7900236130e+01
    4.4997334480e-03   -1.7936956406e+01
    4.5094592497e-03   -1.7970041275e+01
    4.5191855170e-03   -1.8003549576e+01
    4.5289113186e-03   -1.8037487030e+01
    4.5398534276e-03   -1.8076179504e+01
    4.5495792292e-03   -1.8111034393e+01
    4.5593054965e-03   -1.8146333694e+01
    4.5690312982e-03   -1.8182081223e+01
    4.5799734071e-03   -1.8222848892e+01
    4.5896992087e-03   -1.8259576797e+01
    4.5994254760e-03   -1.8296773911e+01
    4.6091517434e-03   -1.8334436417e+01
    4.6188775450e-03   -1.8372564316e+01
    4.6298196539e-03   -1.8416006088e+01
    4.6395459212e-03   -1.8455104828e+01
    4.6492721885e-03   -1.8494653702e+01
    4.6589984559e-03   -1.8534650803e+01
    4.6699400991e-03   -1.8580183029e+01
    4.6796668321e-03   -1.8621129990e+01
    4.6893930994e-03   -1.8662530899e+01
    4.6991193667e-03   -1.8704387665e+01
    4.7088456340e-03   -1.8746707916e+01
    4.7197882086e-03   -1.8794881821e+01
    4.7295149416e-03   -1.8838211060e+01
    4.7392416745e-03   -1.8882030487e+01
    4.7489684075e-03   -1.8926343918e+01
    4.7596124932e-03   -1.8975416183e+01
    4.7690356150e-03   -1.9019372940e+01
    4.7790557146e-03   -1.9066650391e+01
    4.7894935124e-03   -1.9116497040e+01
    4.7991145402e-03   -1.9162992477e+01
    4.8094466329e-03   -1.9213514328e+01
    4.8191738315e-03   -1.9261642456e+01
    4.8289010301e-03   -1.9310321808e+01
    4.8389350995e-03   -1.9361116409e+01
    4.8498781398e-03   -1.9417182922e+01
    4.8596053384e-03   -1.9467607498e+01
    4.8690806143e-03   -1.9517251968e+01
    4.8790038563e-03   -1.9569799423e+01
    4.8894900829e-03   -1.9625936508e+01
    4.8991683871e-03   -1.9678293228e+01
    4.9096546136e-03   -1.9735605240e+01
    4.9190837890e-03   -1.9787647247e+01
    4.9288417213e-03   -1.9842006683e+01
    4.9390760250e-03   -1.9899560928e+01
    4.9488036893e-03   -1.9954767227e+01
    4.9597471952e-03   -2.0017456055e+01
    4.9694743939e-03   -2.0073692322e+01
    4.9792020582e-03   -2.0130401611e+01
    4.9898936413e-03   -2.0193273544e+01
    4.9989125691e-03   -2.0246738434e+01
    5.0098560750e-03   -2.0312139511e+01
    5.0199353136e-03   -2.0372871399e+01
    5.0292061642e-03   -2.0429145813e+01
    5.0389338285e-03   -2.0488615036e+01
    5.0491685979e-03   -2.0551633835e+01
    5.0588962622e-03   -2.0611953735e+01
    5.0698402338e-03   -2.0680290222e+01
    5.0789085217e-03   -2.0737289429e+01
    5.0898031332e-03   -2.0806203842e+01
    5.0995312631e-03   -2.0868135452e+01
    5.1092593931e-03   -2.0930435181e+01
    5.1189875230e-03   -2.0993091583e+01
    5.1298877224e-03   -2.1063707352e+01
    5.1391148008e-03   -2.1123806000e+01
    5.1488429308e-03   -2.1187475204e+01
    5.1590339281e-03   -2.1254484177e+01
    5.1699788310e-03   -2.1326784134e+01
    5.1799616776e-03   -2.1393011093e+01
    5.1894853823e-03   -2.1456424713e+01
    5.1992139779e-03   -2.1521423340e+01
    5.2097016014e-03   -2.1591720581e+01
    5.2194301970e-03   -2.1657125473e+01
    5.2291592583e-03   -2.1722698212e+01
    5.2388883196e-03   -2.1788415909e+01
    5.2498336881e-03   -2.1862508774e+01
    5.2593103610e-03   -2.1926782608e+01
    5.2690417506e-03   -2.1992893219e+01
    5.2799871191e-03   -2.2067371368e+01
    5.2897166461e-03   -2.2133672714e+01
    5.2994457074e-03   -2.2200052261e+01
    5.3091752343e-03   -2.2266506195e+01
    5.3189042956e-03   -2.2333024979e+01
    5.3298501298e-03   -2.2407934189e+01
    5.3395796567e-03   -2.2474580765e+01
    5.3493087180e-03   -2.2541282654e+01
    5.3590382449e-03   -2.2608034134e+01
    5.3699840792e-03   -2.2683177948e+01
    5.3797136061e-03   -2.2750007629e+01
    5.3899027407e-03   -2.2820024490e+01
    5.3996345960e-03   -2.2886913300e+01
    5.4093641229e-03   -2.2953796387e+01
    5.4190936498e-03   -2.3020675659e+01
    5.4291649722e-03   -2.3089881897e+01
    5.4393038154e-03   -2.3159519196e+01
    5.4490356706e-03   -2.3226303101e+01
    5.4599815048e-03   -2.3301347733e+01
    5.4690064862e-03   -2.3363151550e+01
    5.4799029604e-03   -2.3437686920e+01
    5.4896329530e-03   -2.3504163742e+01
    5.4993629456e-03   -2.3570569992e+01
    5.5090929382e-03   -2.3636911392e+01
    5.5188229308e-03   -2.3703191757e+01
    5.5297696963e-03   -2.3777688980e+01
    5.5394996889e-03   -2.3843852997e+01
    5.5492301472e-03   -2.3909969330e+01
    5.5589601398e-03   -2.3976039886e+01
    5.5699069053e-03   -2.4050319672e+01
    5.5796373636e-03   -2.4116306305e+01
    5.5893678218e-03   -2.4182258606e+01
    5.5995574221e-03   -2.4251287460e+01
    5.6091975421e-03   -2.4316562653e+01
    5.6198015809e-03   -2.4388334274e+01
    5.6299092248e-03   -2.4456714630e+01
    5.6393533014e-03   -2.4520580292e+01
    5.6492653675e-03   -2.4587583542e+01
    5.6598694064e-03   -2.4659231186e+01
    5.6697810069e-03   -2.4726169586e+01
    5.6794211268e-03   -2.4791236877e+01
    5.6890612468e-03   -2.4856266022e+01
    5.6999372318e-03   -2.4929574966e+01
    5.7095773518e-03   -2.4994501114e+01
    5.7193138637e-03   -2.5060018539e+01
    5.7288380340e-03   -2.5124040604e+01
    5.7397643104e-03   -2.5197399139e+01
    5.7499376126e-03   -2.5265600204e+01
    5.7597593404e-03   -2.5331319809e+01
    5.7696965523e-03   -2.5397645950e+01
    5.7792873122e-03   -2.5461456299e+01
    5.7889414020e-03   -2.5525447845e+01
    5.7998546399e-03   -2.5597442627e+01
    5.8088758960e-03   -2.5656639099e+01
    5.8196107857e-03   -2.5726680756e+01
    5.8296304196e-03   -2.5791650772e+01
    5.8393510990e-03   -2.5854314804e+01
    5.8499551378e-03   -2.5922307968e+01
    5.8597880416e-03   -2.5985082626e+01
    5.8694439940e-03   -2.6046531677e+01
    5.8792545460e-03   -2.6108802795e+01
    5.8894166723e-03   -2.6173189163e+01
    5.8988328092e-03   -2.6232809067e+01
    5.9097488411e-03   -2.6301918030e+01
    5.9197689407e-03   -2.6365375519e+01
    5.9290244244e-03   -2.6424013138e+01
    5.9399413876e-03   -2.6493204117e+01
    5.9495107271e-03   -2.6553876877e+01
    5.9592826292e-03   -2.6615819931e+01
    5.9691397473e-03   -2.6678211212e+01
    5.9797232971e-03   -2.6744974136e+01
    5.9893815778e-03   -2.6805603027e+01
    5.9998515062e-03   -2.6870931625e+01
    6.0088592581e-03   -2.6926790237e+01
    6.0197780840e-03   -2.6994081497e+01
    6.0299993493e-03   -2.7056697845e+01
    6.0392632149e-03   -2.7113195419e+01
    6.0492851771e-03   -2.7174083710e+01
    6.0598673299e-03   -2.7238168716e+01
    6.0693742707e-03   -2.7295602798e+01
    6.0798455961e-03   -2.7358774185e+01
    6.0898703523e-03   -2.7419212341e+01
    6.0998322442e-03   -2.7479265213e+01
    6.1090993695e-03   -2.7535133362e+01
    6.1199185438e-03   -2.7600355148e+01
    6.1293928884e-03   -2.7657432556e+01
    6.1392136849e-03   -2.7716527939e+01
    6.1499029398e-03   -2.7780754089e+01
    6.1589586549e-03   -2.7835102081e+01
    6.1698844656e-03   -2.7900640488e+01
    6.1791455373e-03   -2.7956216812e+01
    6.1894669197e-03   -2.8018182755e+01
    6.1999550089e-03   -2.8081083298e+01
    6.2097767368e-03   -2.8139776230e+01
    6.2195989303e-03   -2.8198068619e+01
    6.2295272946e-03   -2.8256383896e+01
    6.2392191030e-03   -2.8312557220e+01
    6.2495032325e-03   -2.8371244431e+01
    6.2592201866e-03   -2.8425848007e+01
    6.2690437771e-03   -2.8480316162e+01
    6.2796012498e-03   -2.8538211823e+01
    6.2892413698e-03   -2.8590669632e+01
    6.2991804443e-03   -2.8644487381e+01
    6.3096624799e-03   -2.8701059341e+01
    6.3198450953e-03   -2.8755901337e+01
    6.3292114064e-03   -2.8806299210e+01
    6.3396948390e-03   -2.8862682343e+01
    6.3494187780e-03   -2.8914943695e+01
    6.3597490080e-03   -2.8970346451e+01
    6.3690179959e-03   -2.9019832611e+01
    6.3798078336e-03   -2.9076978683e+01
    6.3899531960e-03   -2.9130046844e+01
    6.3993805088e-03   -2.9178588867e+01
    6.4098695293e-03   -2.9231521606e+01
    6.4193471335e-03   -2.9278207779e+01
    6.4299516380e-03   -2.9328966141e+01
    6.4395912923e-03   -2.9373577118e+01
    6.4492314123e-03   -2.9416564941e+01
    6.4592119306e-03   -2.9459236145e+01
    6.4698164351e-03   -2.9502449036e+01
    6.4790900797e-03   -2.9538454056e+01
    6.4899465069e-03   -2.9578561783e+01
    6.4995214343e-03   -2.9612216949e+01
    6.5098023042e-03   -2.9646722794e+01
    6.5190722235e-03   -2.9676553726e+01
    6.5292054787e-03   -2.9707996368e+01
    6.5390649252e-03   -2.9737668991e+01
    6.5490473062e-03   -2.9767091751e+01
    6.5598478541e-03   -2.9798578262e+01
    6.5698828548e-03   -2.9827840805e+01
    6.5792063251e-03   -2.9855279922e+01
    6.5893004648e-03   -2.9885480881e+01
    6.5998579375e-03   -2.9917808533e+01
    6.6095478833e-03   -2.9948259354e+01
    6.6193407401e-03   -2.9979841232e+01
    6.6293762065e-03   -3.0013046265e+01
    6.6391024739e-03   -3.0045986176e+01
    6.6488287412e-03   -3.0079587936e+01
    6.6599366255e-03   -3.0118589401e+01
    6.6695767455e-03   -3.0152774811e+01
    6.6792168655e-03   -3.0187015533e+01
    6.6898209043e-03   -3.0224382401e+01
    6.6990945488e-03   -3.0256433487e+01
    6.7092850804e-03   -3.0290534973e+01
    6.7193205468e-03   -3.0322509766e+01
    6.7297555506e-03   -3.0353570938e+01
    6.7398431711e-03   -3.0381053925e+01
    6.7494823597e-03   -3.0404651642e+01
    6.7599262111e-03   -3.0426980972e+01
    6.7696627229e-03   -3.0444538116e+01
    6.7797410302e-03   -3.0459209442e+01
    6.7893699743e-03   -3.0469760895e+01
    6.7999493331e-03   -3.0477365494e+01
    6.8094315939e-03   -3.0480680466e+01
    6.8193562329e-03   -3.0480640411e+01
    6.8297469988e-03   -3.0476913452e+01
    6.8396590650e-03   -3.0470039368e+01
    6.8496689200e-03   -3.0460090637e+01
    6.8593430333e-03   -3.0447906494e+01
    6.8697510287e-03   -3.0432312012e+01
    6.8795625120e-03   -3.0415576935e+01
    6.8899705075e-03   -3.0396057129e+01
    6.8994010799e-03   -3.0377157211e+01
    6.9095329382e-03   -3.0355962753e+01
    6.9191060029e-03   -3.0335475922e+01
    6.9293347187e-03   -3.0313501358e+01
    6.9390842691e-03   -3.0292848587e+01
    6.9499807432e-03   -3.0270526886e+01
    6.9596241228e-03   -3.0251770020e+01
    6.9693145342e-03   -3.0234148026e+01
    6.9798720069e-03   -3.0216613770e+01
    6.9893025793e-03   -3.0202615738e+01
    6.9994460791e-03   -3.0189483643e+01
    7.0092906244e-03   -3.0178771973e+01
    7.0197349414e-03   -3.0169687271e+01
    7.0295217447e-03   -3.0163322449e+01
    7.0394529030e-03   -3.0158966064e+01
    7.0494301617e-03   -3.0156688690e+01
    7.0594656281e-03   -3.0156440735e+01
    7.0694042370e-03   -3.0158117294e+01
    7.0792753249e-03   -3.0161550522e+01
    7.0889908820e-03   -3.0166517258e+01
    7.0999027230e-03   -3.0173789978e+01
    7.1097961627e-03   -3.0181747437e+01
    7.1193682961e-03   -3.0190574646e+01
    7.1291048080e-03   -3.0200588226e+01
    7.1393903345e-03   -3.0212192535e+01
    7.1491268463e-03   -3.0224029541e+01
    7.1587939747e-03   -3.0236486435e+01
    7.1697230451e-03   -3.0251266479e+01
    7.1794372052e-03   -3.0264896393e+01
    7.1891513653e-03   -3.0278882980e+01
    7.1988650598e-03   -3.0293132782e+01
    7.2097922675e-03   -3.0309368134e+01
    7.2190035135e-03   -3.0323148727e+01
    7.2293258272e-03   -3.0338617325e+01
    7.2398832999e-03   -3.0354389191e+01
    7.2496198118e-03   -3.0368810654e+01
    7.2594159283e-03   -3.0383119583e+01
    7.2691543028e-03   -3.0397031784e+01
    7.2792805731e-03   -3.0411024094e+01
    7.2890440933e-03   -3.0423900604e+01
    7.2998302057e-03   -3.0437217712e+01
    7.3090409860e-03   -3.0447669983e+01
    7.3192631826e-03   -3.0458116531e+01
    7.3293559253e-03   -3.0467130661e+01
    7.3394635692e-03   -3.0474794388e+01
    7.3491367511e-03   -3.0480829239e+01
    7.3590758257e-03   -3.0485721588e+01
    7.3698125780e-03   -3.0489568710e+01
    7.3790368624e-03   -3.0491733551e+01
    7.3895375244e-03   -3.0492990494e+01
    7.3992740363e-03   -3.0493043900e+01
    7.4097611941e-03   -3.0491905212e+01
    7.4194855988e-03   -3.0489728928e+01
    7.4291611090e-03   -3.0486465454e+01
    7.4398615398e-03   -3.0481576920e+01
    7.4495249428e-03   -3.0476041794e+01
    7.4590765871e-03   -3.0469614029e+01
    7.4695050716e-03   -3.0461652756e+01
    7.4790283106e-03   -3.0453643799e+01
    7.4899313040e-03   -3.0443769455e+01
    7.4999891222e-03   -3.0434152603e+01
    7.5088478625e-03   -3.0425376892e+01
    7.5198579580e-03   -3.0414197922e+01
    7.5296992436e-03   -3.0404060364e+01
    7.5399847701e-03   -3.0393381119e+01
    7.5490563177e-03   -3.0383920670e+01
    7.5599970296e-03   -3.0372449875e+01
    7.5699714944e-03   -3.0361877441e+01
    7.5798830949e-03   -3.0351200104e+01
    7.5897159986e-03   -3.0340345383e+01
    7.5999377295e-03   -3.0328662872e+01
    7.6094139367e-03   -3.0317369461e+01
    7.6190540567e-03   -3.0305339813e+01
    7.6296580955e-03   -3.0291408539e+01
    7.6398863457e-03   -3.0277223587e+01
    7.6498636045e-03   -3.0262638092e+01
    7.6594096608e-03   -3.0247943878e+01
    7.6691461727e-03   -3.0232147217e+01
    7.6791811734e-03   -3.0214941025e+01
    7.6897949912e-03   -3.0195648193e+01
    7.6996097341e-03   -3.0176763535e+01
    7.7093462460e-03   -3.0157032013e+01
    7.7190827578e-03   -3.0136346817e+01
    7.7298795804e-03   -3.0112403870e+01
    7.7390568331e-03   -3.0091354370e+01
    7.7496147715e-03   -3.0066537857e+01
    7.7592250891e-03   -3.0043571472e+01
    7.7699651010e-03   -3.0017686844e+01
    7.7797980048e-03   -2.9993953705e+01
    7.7890241519e-03   -2.9971776962e+01
    7.7994028106e-03   -2.9947046280e+01
    7.8095626086e-03   -2.9923143387e+01
    7.8197875991e-03   -2.9899446487e+01
    7.8290868551e-03   -2.9878246307e+01
    7.8397989273e-03   -2.9854278564e+01
    7.8494390473e-03   -2.9833156586e+01
    7.8590791672e-03   -2.9812492371e+01
    7.8696832061e-03   -2.9790323257e+01
    7.8792311251e-03   -2.9770896912e+01
    7.8891692683e-03   -2.9751228333e+01
    7.8994072974e-03   -2.9731550217e+01
    7.9096965492e-03   -2.9712345123e+01
    7.9198554158e-03   -2.9693899155e+01
    7.9296110198e-03   -2.9676618576e+01
    7.9393619671e-03   -2.9659725189e+01
    7.9495059326e-03   -2.9642513275e+01
    7.9592308030e-03   -2.9626344681e+01
    7.9693747684e-03   -2.9609823227e+01
    7.9790139571e-03   -2.9594451904e+01
    7.9896682873e-03   -2.9577867508e+01
    7.9989377409e-03   -2.9563802719e+01
    8.0089196563e-03   -2.9549064636e+01
    8.0198720098e-03   -2.9533407211e+01
    8.0296052620e-03   -2.9519960403e+01
    8.0398302525e-03   -2.9506322861e+01
    8.0493744463e-03   -2.9494043350e+01
    8.0596394837e-03   -2.9481290817e+01
    8.0692786723e-03   -2.9469692230e+01
    8.0793648958e-03   -2.9457864761e+01
    8.0892760307e-03   -2.9446447372e+01
    8.0998810008e-03   -2.9434333801e+01
    8.1093590707e-03   -2.9423490524e+01
    8.1199109554e-03   -2.9411285400e+01
    8.1294542179e-03   -2.9400033951e+01
    8.1395423040e-03   -2.9387840271e+01
    8.1495335326e-03   -2.9375391006e+01
    8.1595648080e-03   -2.9362462997e+01
    8.1698587164e-03   -2.9348703384e+01
    8.1796664745e-03   -2.9335075378e+01
    8.1898914650e-03   -2.9320264816e+01
    8.1994356588e-03   -2.9305822372e+01
    8.2098636776e-03   -2.9289291382e+01
    8.2195037976e-03   -2.9273256302e+01
    8.2291439176e-03   -2.9256446838e+01
    8.2397479564e-03   -2.9237024307e+01
    8.2499384880e-03   -2.9217411041e+01
    8.2598989829e-03   -2.9197349548e+01
    8.2690138370e-03   -2.9178243637e+01
    8.2790963352e-03   -2.9156333923e+01
    8.2896044478e-03   -2.9132719040e+01
    8.2994280383e-03   -2.9110031128e+01
    8.3096250892e-03   -2.9085975647e+01
    8.3191255108e-03   -2.9063220978e+01
    8.3297295496e-03   -2.9037572861e+01
    8.3393696696e-03   -2.9014142990e+01
    8.3496812731e-03   -2.8989088058e+01
    8.3593213931e-03   -2.8965766907e+01
    8.3690574393e-03   -2.8942411423e+01
    8.3796614781e-03   -2.8917303085e+01
    8.3893015981e-03   -2.8894861221e+01
    8.3999056369e-03   -2.8870687485e+01
    8.4095457569e-03   -2.8849250793e+01
    8.4191858768e-03   -2.8828386307e+01
    8.4297899157e-03   -2.8806135178e+01
    8.4394300357e-03   -2.8786552429e+01
    8.4493691102e-03   -2.8766984940e+01
    8.4599731490e-03   -2.8746753693e+01
    8.4696132690e-03   -2.8728883743e+01
    8.4792533889e-03   -2.8711444855e+01
    8.4898388013e-03   -2.8692716599e+01
    8.4997992963e-03   -2.8675430298e+01
    8.5093425587e-03   -2.8659111023e+01
    8.5195684806e-03   -2.8641834259e+01
    8.5293147713e-03   -2.8625522614e+01
    8.5399188101e-03   -2.8607917786e+01
    8.5495589301e-03   -2.8592027664e+01
    8.5591990501e-03   -2.8576242447e+01
    8.5698720068e-03   -2.8558897018e+01
    8.5794152692e-03   -2.8543518066e+01
    8.5892789066e-03   -2.8527770996e+01
    8.5998838767e-03   -2.8511035919e+01
    8.6095230654e-03   -2.8496011734e+01
    8.6191631854e-03   -2.8481178284e+01
    8.6298640817e-03   -2.8464942932e+01
    8.6390897632e-03   -2.8451152802e+01
    8.6498782039e-03   -2.8435289383e+01
    8.6593069136e-03   -2.8421678543e+01
    8.6690429598e-03   -2.8407911301e+01
    8.6794840172e-03   -2.8393524170e+01
    8.6891241372e-03   -2.8380651474e+01
    8.6998250335e-03   -2.8366903305e+01
    8.7094651535e-03   -2.8355077744e+01
    8.7191043422e-03   -2.8343854904e+01
    8.7297968566e-03   -2.8332187653e+01
    8.7394760922e-03   -2.8322391510e+01
    8.7492130697e-03   -2.8313346863e+01
    8.7593290955e-03   -2.8304857254e+01
    8.7689440697e-03   -2.8297700882e+01
    8.7796822190e-03   -2.8290798187e+01
    8.7891984731e-03   -2.8285678864e+01
    8.7989186868e-03   -2.8281454086e+01
    8.8098701090e-03   -2.8277936935e+01
    8.8188452646e-03   -2.8276044846e+01
    8.8296914473e-03   -2.8274940491e+01
    8.8393315673e-03   -2.8275024414e+01
    8.8498666883e-03   -2.8276226044e+01
    8.8594108820e-03   -2.8278264999e+01
    8.8689085096e-03   -2.8281139374e+01
    8.8790506124e-03   -2.8285076141e+01
    8.8896546513e-03   -2.8290077209e+01
    8.8992947713e-03   -2.8295349121e+01
    8.9092152193e-03   -2.8301420212e+01
    8.9197959751e-03   -2.8308536530e+01
    8.9293140918e-03   -2.8315469742e+01
    8.9390352368e-03   -2.8323030472e+01
    8.9495657012e-03   -2.8331710815e+01
    8.9592058212e-03   -2.8340036392e+01
    8.9698983356e-03   -2.8349601746e+01
    8.9788734913e-03   -2.8357812881e+01
    8.9899795130e-03   -2.8368095398e+01
    8.9999595657e-03   -2.8377353668e+01
    9.0094367042e-03   -2.8386087418e+01
    9.0198786929e-03   -2.8395580292e+01
    9.0296147391e-03   -2.8404254913e+01
    9.0390918776e-03   -2.8412488937e+01
    9.0497927740e-03   -2.8421485901e+01
    9.0595213696e-03   -2.8429338455e+01
    9.0690953657e-03   -2.8436721802e+01
    9.0795783326e-03   -2.8444356918e+01
    9.0893004090e-03   -2.8450973511e+01
    9.0990234166e-03   -2.8457096100e+01
    9.1093834490e-03   -2.8463075638e+01
    9.1196522117e-03   -2.8468408585e+01
    9.1292923316e-03   -2.8472852707e+01
    9.1398963705e-03   -2.8477087021e+01
    9.1495364904e-03   -2.8480337143e+01
    9.1592734680e-03   -2.8483053207e+01
    9.1698775068e-03   -2.8485393524e+01
    9.1799739748e-03   -2.8487066269e+01
    9.1896140948e-03   -2.8488214493e+01
    9.1994889081e-03   -2.8489000320e+01
    9.2097138986e-03   -2.8489429474e+01
    9.2199398205e-03   -2.8489519119e+01
    9.2295520008e-03   -2.8489328384e+01
    9.2399595305e-03   -2.8488845825e+01
    9.2493863776e-03   -2.8488187790e+01
    9.2593180016e-03   -2.8487281799e+01
    9.2691509053e-03   -2.8486190796e+01
    9.2791896313e-03   -2.8484895706e+01
    9.2895496637e-03   -2.8483383179e+01
    9.2997755855e-03   -2.8481740952e+01
    9.3097565696e-03   -2.8480012894e+01
    9.3199815601e-03   -2.8478143692e+01
    9.3295257539e-03   -2.8476331711e+01
    9.3395579606e-03   -2.8474386215e+01
    9.3491980806e-03   -2.8472505569e+01
    9.3598980457e-03   -2.8470441818e+01
    9.3689151108e-03   -2.8468759537e+01
    9.3797715381e-03   -2.8466840744e+01
    9.3892496079e-03   -2.8465301514e+01
    9.3998536468e-03   -2.8463783264e+01
    9.4094937667e-03   -2.8462627411e+01
    9.4197671860e-03   -2.8461668015e+01
    9.4299921766e-03   -2.8461027145e+01
    9.4395363703e-03   -2.8460735321e+01
    9.4495648518e-03   -2.8460746765e+01
    9.4597907737e-03   -2.8461099625e+01
    9.4698192552e-03   -2.8461786270e+01
    9.4794593751e-03   -2.8462764740e+01
    9.4890994951e-03   -2.8464048386e+01
    9.4996551052e-03   -2.8465793610e+01
    9.5091201365e-03   -2.8467638016e+01
    9.5197241753e-03   -2.8469987869e+01
    9.5297154039e-03   -2.8472438812e+01
    9.5399403945e-03   -2.8475105286e+01
    9.5494845882e-03   -2.8477727890e+01
    9.5599209890e-03   -2.8480714798e+01
    9.5694651827e-03   -2.8483541489e+01
    9.5796901733e-03   -2.8486648560e+01
    9.5899160951e-03   -2.8489826202e+01
    9.5994593576e-03   -2.8492847443e+01
    9.6096852794e-03   -2.8496135712e+01
    9.6199102700e-03   -2.8499475479e+01
    9.6294544637e-03   -2.8502635956e+01
    9.6396794543e-03   -2.8506067276e+01
    9.6499053761e-03   -2.8509534836e+01
    9.6594486386e-03   -2.8512798309e+01
    9.6696745604e-03   -2.8516315460e+01
    9.6798995510e-03   -2.8519849777e+01
    9.6894437447e-03   -2.8523170471e+01
    9.6996687353e-03   -2.8526756287e+01
    9.7098946571e-03   -2.8530389786e+01
    9.7194379196e-03   -2.8533840179e+01
    9.7296638414e-03   -2.8537616730e+01
    9.7398888320e-03   -2.8541500092e+01
    9.7494330257e-03   -2.8545234680e+01
    9.7596580163e-03   -2.8549362183e+01
    9.7698839381e-03   -2.8553627014e+01
    9.7796302289e-03   -2.8557819366e+01
    9.7892237827e-03   -2.8562070847e+01
    9.7995484248e-03   -2.8566778183e+01
    9.8091885448e-03   -2.8571292877e+01
    9.8197925836e-03   -2.8576385498e+01
    9.8294327036e-03   -2.8581115723e+01
    9.8390728235e-03   -2.8585931778e+01
    9.8496768624e-03   -2.8591299057e+01
    9.8593169823e-03   -2.8596218109e+01
    9.8699210212e-03   -2.8601633072e+01
    9.8795611411e-03   -2.8606529236e+01
    9.8892012611e-03   -2.8611366272e+01
    9.8998742178e-03   -2.8616624832e+01
    9.9094184116e-03   -2.8621219635e+01
    9.9196434021e-03   -2.8626008987e+01
    9.9299065769e-03   -2.8630664825e+01
    9.9394535646e-03   -2.8634853363e+01
    9.9490936846e-03   -2.8638940811e+01
    9.9596977234e-03   -2.8643274307e+01
    9.9694067612e-03   -2.8647106171e+01
    9.9796326831e-03   -2.8651023865e+01
    9.9898576736e-03   -2.8654844284e+01
    9.9994018674e-03   -2.8658348083e+01
    1.0009626858e-02   -2.8662069321e+01
    1.0019852780e-02   -2.8665786743e+01
    1.0029396042e-02   -2.8669281006e+01
    1.0039621964e-02   -2.8673076630e+01
    1.0049816221e-02   -2.8676940918e+01
    1.0059690103e-02   -2.8680776596e+01
    1.0069915093e-02   -2.8684858322e+01
    1.0079459287e-02   -2.8688781738e+01
    1.0089684278e-02   -2.8693136215e+01
    1.0099596344e-02   -2.8697523117e+01
    1.0109050199e-02   -2.8701883316e+01
    1.0119606741e-02   -2.8706987381e+01
    1.0129831731e-02   -2.8712202072e+01
    1.0139375925e-02   -2.8717338562e+01
    1.0149600916e-02   -2.8723169327e+01
    1.0159826837e-02   -2.8729372025e+01
    1.0169408284e-02   -2.8735551834e+01
    1.0179965757e-02   -2.8742797852e+01
    1.0189512745e-02   -2.8749765396e+01
    1.0199152865e-02   -2.8757225037e+01
    1.0209756903e-02   -2.8765941620e+01
    1.0219397023e-02   -2.8774368286e+01
    1.0229436681e-02   -2.8783687592e+01
    1.0239347816e-02   -2.8793462753e+01
    1.0249813087e-02   -2.8804422379e+01
    1.0259453207e-02   -2.8815137863e+01
    1.0269278660e-02   -2.8826707840e+01
    1.0279547423e-02   -2.8839544296e+01
    1.0289187543e-02   -2.8852315903e+01
    1.0299265385e-02   -2.8866447449e+01
    1.0309373960e-02   -2.8881444931e+01
    1.0319599882e-02   -2.8897472382e+01
    1.0329910554e-02   -2.8914516449e+01
    1.0339550674e-02   -2.8931255341e+01
    1.0349190794e-02   -2.8948768616e+01
    1.0359562933e-02   -2.8968458176e+01
    1.0369203053e-02   -2.8987524033e+01
    1.0379831307e-02   -2.9009374619e+01
    1.0389374569e-02   -2.9029712677e+01
    1.0399637744e-02   -2.9052322388e+01
    1.0409677401e-02   -2.9075166702e+01
    1.0419902392e-02   -2.9099161148e+01
    1.0429446585e-02   -2.9122211456e+01
    1.0439671576e-02   -2.9147615433e+01
    1.0449897498e-02   -2.9173757553e+01
    1.0459440760e-02   -2.9198839188e+01
    1.0469666682e-02   -2.9226453781e+01
    1.0479891673e-02   -2.9254848480e+01
    1.0489435866e-02   -2.9282058716e+01
    1.0499660857e-02   -2.9311979294e+01
    1.0509886779e-02   -2.9342695236e+01
    1.0519430041e-02   -2.9372079849e+01
    1.0529655963e-02   -2.9404331207e+01
    1.0539880954e-02   -2.9437376022e+01
    1.0549425147e-02   -2.9468929291e+01
    1.0559650138e-02   -2.9503501892e+01
    1.0569876060e-02   -2.9538856506e+01
    1.0579419322e-02   -2.9572555542e+01
    1.0589165613e-02   -2.9607662201e+01
    1.0599769652e-02   -2.9646638870e+01
    1.0609409772e-02   -2.9682752609e+01
    1.0619049892e-02   -2.9719488144e+01
    1.0629653931e-02   -2.9760564804e+01
    1.0639294051e-02   -2.9798463821e+01
    1.0649899021e-02   -2.9840696335e+01
    1.0659373365e-02   -2.9878852844e+01
    1.0669599287e-02   -2.9920404434e+01
    1.0679824278e-02   -2.9962274551e+01
    1.0689852759e-02   -3.0003580093e+01
    1.0699961334e-02   -3.0045383453e+01
    1.0709731840e-02   -3.0085889816e+01
    1.0719957761e-02   -3.0128316879e+01
    1.0729712434e-02   -3.0168767929e+01
    1.0739063844e-02   -3.0207462311e+01
    1.0749785230e-02   -3.0251668930e+01
    1.0759328492e-02   -3.0290821075e+01
    1.0769554414e-02   -3.0332517624e+01
    1.0779779404e-02   -3.0373908997e+01
    1.0789323598e-02   -3.0412235260e+01
    1.0799548589e-02   -3.0452945709e+01
    1.0809774511e-02   -3.0493268967e+01
    1.0819999501e-02   -3.0533193588e+01
    1.0829543695e-02   -3.0570093155e+01
    1.0839768685e-02   -3.0609245300e+01
    1.0849993676e-02   -3.0648015976e+01
    1.0859790258e-02   -3.0684829712e+01
    1.0869819671e-02   -3.0722215652e+01
    1.0879459791e-02   -3.0757902145e+01
    1.0889850557e-02   -3.0796133041e+01
    1.0899431072e-02   -3.0831207275e+01
    1.0909577832e-02   -3.0868200302e+01
    1.0919802822e-02   -3.0905368805e+01
    1.0929347016e-02   -3.0939994812e+01
    1.0939609259e-02   -3.0977195740e+01
    1.0949835181e-02   -3.1014255524e+01
    1.0959378444e-02   -3.1048866272e+01
    1.0969604366e-02   -3.1085994720e+01
    1.0979829356e-02   -3.1123189926e+01
    1.0989373550e-02   -3.1157976151e+01
    1.0999598540e-02   -3.1195333481e+01
    1.1009861715e-02   -3.1232913971e+01
    1.1019501835e-02   -3.1268285751e+01
    1.1029141955e-02   -3.1303720474e+01
    1.1039745994e-02   -3.1342752457e+01
    1.1049386114e-02   -3.1378265381e+01
    1.1059990153e-02   -3.1417337418e+01
    1.1069630273e-02   -3.1452846527e+01
    1.1079270393e-02   -3.1488323212e+01
    1.1089874431e-02   -3.1527284622e+01
    1.1099514551e-02   -3.1562627792e+01
    1.1109154671e-02   -3.1597871780e+01
    1.1119758710e-02   -3.1636499405e+01
    1.1129398830e-02   -3.1671457291e+01
    1.1139038950e-02   -3.1706232071e+01
    1.1149642989e-02   -3.1744237900e+01
    1.1159682646e-02   -3.1779951096e+01
    1.1169908568e-02   -3.1816022873e+01
    1.1179451831e-02   -3.1849391937e+01
    1.1189677753e-02   -3.1884803772e+01
    1.1199902743e-02   -3.1919843674e+01
    1.1209446937e-02   -3.1952199936e+01
    1.1219671927e-02   -3.1986480713e+01
    1.1229896918e-02   -3.2020351410e+01
    1.1239441112e-02   -3.2051578522e+01
    1.1249869131e-02   -3.2085269928e+01
    1.1259732768e-02   -3.2116714478e+01
    1.1269372888e-02   -3.2147041321e+01
    1.1279128492e-02   -3.2177314758e+01
    1.1289675720e-02   -3.2209571838e+01
    1.1299315840e-02   -3.2238624573e+01
    1.1309919879e-02   -3.2270114899e+01
    1.1319959536e-02   -3.2299488068e+01
    1.1329502799e-02   -3.2327037811e+01
    1.1339132674e-02   -3.2354484558e+01
    1.1349736713e-02   -3.2384334564e+01
    1.1359376833e-02   -3.2411170959e+01
    1.1369884014e-02   -3.2440139771e+01
    1.1379428208e-02   -3.2466232300e+01
    1.1389653198e-02   -3.2494003296e+01
    1.1399879120e-02   -3.2521621704e+01
    1.1409422383e-02   -3.2547302246e+01
    1.1419648305e-02   -3.2574745178e+01
    1.1429873295e-02   -3.2602161407e+01
    1.1439338326e-02   -3.2627536774e+01
    1.1449484155e-02   -3.2654777527e+01
    1.1459806003e-02   -3.2682552338e+01
    1.1469349265e-02   -3.2708316803e+01
    1.1479943059e-02   -3.2737014771e+01
    1.1489583179e-02   -3.2763229370e+01
    1.1499223299e-02   -3.2789527893e+01
    1.1509827338e-02   -3.2818538666e+01
    1.1519467458e-02   -3.2844951630e+01
    1.1529692449e-02   -3.2872966766e+01
    1.1539721861e-02   -3.2900394440e+01
    1.1549185961e-02   -3.2926193237e+01
    1.1559790000e-02   -3.2954944611e+01
    1.1569430120e-02   -3.2980892181e+01
    1.1579070240e-02   -3.3006626129e+01
    1.1589674279e-02   -3.3034648895e+01
    1.1599314399e-02   -3.3059833527e+01
    1.1609987356e-02   -3.3087368011e+01
    1.1619530618e-02   -3.3111648560e+01
    1.1629824527e-02   -3.3137458801e+01
    1.1639368720e-02   -3.3161018372e+01
    1.1649593711e-02   -3.3185844421e+01
    1.1659819633e-02   -3.3210231781e+01
    1.1669362895e-02   -3.3232589722e+01
    1.1679800227e-02   -3.3256607056e+01
    1.1689343490e-02   -3.3278182983e+01
    1.1699207127e-02   -3.3300117493e+01
    1.1709811166e-02   -3.3323322296e+01
    1.1719451286e-02   -3.3344120026e+01
    1.1729091406e-02   -3.3364681244e+01
    1.1739930138e-02   -3.3387573242e+01
    1.1749473400e-02   -3.3407588959e+01
    1.1759736575e-02   -3.3429031372e+01
    1.1769376695e-02   -3.3449153900e+01
    1.1779980734e-02   -3.3471332550e+01
    1.1789620854e-02   -3.3491603851e+01
    1.1799260974e-02   -3.3512042999e+01
    1.1809865013e-02   -3.3534790039e+01
    1.1819477193e-02   -3.3555721283e+01
    1.1829884723e-02   -3.3578796387e+01
    1.1839524843e-02   -3.3600620270e+01
    1.1849846691e-02   -3.3624530792e+01
    1.1859390885e-02   -3.3647201538e+01
    1.1869615875e-02   -3.3672130585e+01
    1.1879841797e-02   -3.3697769165e+01
    1.1889423244e-02   -3.3722461700e+01
    1.1899063364e-02   -3.3747989655e+01
    1.1909667403e-02   -3.3776874542e+01
    1.1919307522e-02   -3.3803874969e+01
    1.1929911561e-02   -3.3834396362e+01
    1.1939950287e-02   -3.3864082336e+01
    1.1949494481e-02   -3.3893016815e+01
    1.1959719472e-02   -3.3924781799e+01
    1.1969945394e-02   -3.3957321167e+01
    1.1979488656e-02   -3.3988380432e+01
    1.1989714578e-02   -3.4022361755e+01
    1.1999939568e-02   -3.4057048798e+01
    1.2009483762e-02   -3.4090019226e+01
    1.2019708753e-02   -3.4125949860e+01
    1.2029934675e-02   -3.4162448883e+01
    1.2039477937e-02   -3.4196983337e+01
    1.2049703859e-02   -3.4234428406e+01
    1.2059928849e-02   -3.4272270203e+01
    1.2069473043e-02   -3.4307891846e+01
    1.2079698034e-02   -3.4346324921e+01
    1.2089727446e-02   -3.4384231567e+01
    1.2099952437e-02   -3.4423038483e+01
    1.2109496631e-02   -3.4459362030e+01
    1.2119721621e-02   -3.4498355865e+01
    1.2129947543e-02   -3.4537391663e+01
    1.2139490806e-02   -3.4573829651e+01
    1.2149716727e-02   -3.4612861633e+01
    1.2159941718e-02   -3.4651859283e+01
    1.2169485912e-02   -3.4688209534e+01
    1.2179710902e-02   -3.4727085114e+01
    1.2189936824e-02   -3.4765880585e+01
    1.2199480087e-02   -3.4802009583e+01
    1.2209706008e-02   -3.4840629578e+01
    1.2219930999e-02   -3.4879146576e+01
    1.2229475193e-02   -3.4914997101e+01
    1.2239700183e-02   -3.4953296661e+01
    1.2249926105e-02   -3.4991474152e+01
    1.2259469368e-02   -3.5026985168e+01
    1.2269695289e-02   -3.5064899445e+01
    1.2279920280e-02   -3.5102653503e+01
    1.2289464474e-02   -3.5137737274e+01
    1.2299689464e-02   -3.5175148010e+01
    1.2309915386e-02   -3.5212360382e+01
    1.2319458649e-02   -3.5246902466e+01
    1.2329684570e-02   -3.5283699036e+01
    1.2339909561e-02   -3.5320270538e+01
    1.2349453755e-02   -3.5354187012e+01
    1.2359678745e-02   -3.5390293121e+01
    1.2369904667e-02   -3.5426143646e+01
    1.2379447930e-02   -3.5459365845e+01
    1.2389673851e-02   -3.5494689941e+01
    1.2399898842e-02   -3.5529720306e+01
    1.2409443036e-02   -3.5562126160e+01
    1.2419668026e-02   -3.5596523285e+01
    1.2429893948e-02   -3.5630565643e+01
    1.2439437211e-02   -3.5661998749e+01
    1.2449631467e-02   -3.5695205688e+01
    1.2459271587e-02   -3.5726245880e+01
    1.2469992973e-02   -3.5760337830e+01
    1.2479536235e-02   -3.5790294647e+01
    1.2489762157e-02   -3.5821983337e+01
    1.2499987148e-02   -3.5853237152e+01
    1.2509451248e-02   -3.5881774902e+01
    1.2519091368e-02   -3.5910457611e+01
    1.2529695407e-02   -3.5941562653e+01
    1.2539852411e-02   -3.5970924377e+01
    1.2549395673e-02   -3.5998138428e+01
    1.2559621595e-02   -3.6026905060e+01
    1.2569846585e-02   -3.6055282593e+01
    1.2579390779e-02   -3.6081432343e+01
    1.2589615770e-02   -3.6109123230e+01
    1.2599841692e-02   -3.6136489868e+01
    1.2609384954e-02   -3.6161769867e+01
    1.2619610876e-02   -3.6188602448e+01
    1.2629835866e-02   -3.6215198517e+01
    1.2639380060e-02   -3.6239837646e+01
    1.2649605051e-02   -3.6266071320e+01
    1.2659830973e-02   -3.6292163849e+01
    1.2669374235e-02   -3.6316406250e+01
    1.2679600157e-02   -3.6342277527e+01
    1.2689825147e-02   -3.6368057251e+01
    1.2699369341e-02   -3.6392044067e+01
    1.2709594332e-02   -3.6417663574e+01
    1.2719820254e-02   -3.6443195343e+01
    1.2729363516e-02   -3.6466941833e+01
    1.2739589438e-02   -3.6492282867e+01
    1.2749814428e-02   -3.6517509460e+01
    1.2759358622e-02   -3.6540939331e+01
    1.2769583613e-02   -3.6565906525e+01
    1.2779809535e-02   -3.6590709686e+01
    1.2789352797e-02   -3.6613693237e+01
    1.2799578719e-02   -3.6638111115e+01
    1.2809803709e-02   -3.6662296295e+01
    1.2819347903e-02   -3.6684627533e+01
    1.2829572894e-02   -3.6708271027e+01
    1.2839798816e-02   -3.6731590271e+01
    1.2849342078e-02   -3.6753028870e+01
    1.2859568000e-02   -3.6775615692e+01
    1.2869792990e-02   -3.6797771454e+01
    1.2879092246e-02   -3.6817504883e+01
    1.2889696285e-02   -3.6839492798e+01
    1.2899336405e-02   -3.6858959198e+01
    1.2909940444e-02   -3.6879768372e+01
    1.2919580564e-02   -3.6898094177e+01
    1.2929220684e-02   -3.6915821075e+01
    1.2939824723e-02   -3.6934597015e+01
    1.2949464843e-02   -3.6950973511e+01
    1.2959104963e-02   -3.6966667175e+01
    1.2969709001e-02   -3.6983104706e+01
    1.2979349121e-02   -3.6997287750e+01
    1.2989953160e-02   -3.7012023926e+01
    1.2999593280e-02   -3.7024627686e+01
    1.3009984046e-02   -3.7037357330e+01
    1.3019527309e-02   -3.7048267365e+01
    1.3029753231e-02   -3.7059127808e+01
    1.3039978221e-02   -3.7069149017e+01
    1.3049522415e-02   -3.7077758789e+01
    1.3058966026e-02   -3.7085597992e+01
    1.3069381937e-02   -3.7093486786e+01
    1.3079607859e-02   -3.7100482941e+01
    1.3089832850e-02   -3.7106777191e+01
    1.3099377044e-02   -3.7112045288e+01
    1.3109289110e-02   -3.7116928101e+01
    1.3119227253e-02   -3.7121253967e+01
    1.3129831292e-02   -3.7125289917e+01
    1.3139657676e-02   -3.7128532410e+01
    1.3149412349e-02   -3.7131324768e+01
    1.3159347698e-02   -3.7133781433e+01
    1.3169572689e-02   -3.7135932922e+01
    1.3179798611e-02   -3.7137733459e+01
    1.3189341873e-02   -3.7139122009e+01
    1.3199567795e-02   -3.7140316010e+01
    1.3209792785e-02   -3.7141227722e+01
    1.3219336979e-02   -3.7141849518e+01
    1.3229561970e-02   -3.7142292023e+01
    1.3239787892e-02   -3.7142520905e+01
    1.3249331154e-02   -3.7142562866e+01
    1.3259557076e-02   -3.7142444611e+01
    1.3269782066e-02   -3.7142166138e+01
    1.3279326260e-02   -3.7141773224e+01
    1.3289551251e-02   -3.7141212463e+01
    1.3299777173e-02   -3.7140522003e+01
    1.3309320435e-02   -3.7139762878e+01
    1.3319546357e-02   -3.7138835907e+01
    1.3329771347e-02   -3.7137802124e+01
    1.3339997269e-02   -3.7136669159e+01
    1.3349540532e-02   -3.7135520935e+01
    1.3359766454e-02   -3.7134208679e+01
    1.3369991444e-02   -3.7132812500e+01
    1.3379535638e-02   -3.7131439209e+01
    1.3389760628e-02   -3.7129901886e+01
    1.3399986550e-02   -3.7128307343e+01
    1.3409529813e-02   -3.7126777649e+01
    1.3419755735e-02   -3.7125106812e+01
    1.3429980725e-02   -3.7123424530e+01
    1.3439524919e-02   -3.7121860504e+01
    1.3449749909e-02   -3.7120208740e+01
    1.3459730893e-02   -3.7118648529e+01
    1.3469371013e-02   -3.7117206573e+01
    1.3479692861e-02   -3.7115764618e+01
    1.3489917852e-02   -3.7114459991e+01
    1.3499462046e-02   -3.7113384247e+01
    1.3509772718e-02   -3.7112396240e+01
    1.3519412838e-02   -3.7111667633e+01
    1.3529734686e-02   -3.7111122131e+01
    1.3539960608e-02   -3.7110851288e+01
    1.3549503870e-02   -3.7110858917e+01
    1.3559815474e-02   -3.7111167908e+01
    1.3569874689e-02   -3.7111801147e+01
    1.3579319231e-02   -3.7112716675e+01
    1.3589356095e-02   -3.7114059448e+01
    1.3599690050e-02   -3.7115856171e+01
    1.3609915972e-02   -3.7118076324e+01
    1.3619145378e-02   -3.7120452881e+01
    1.3629750349e-02   -3.7123622894e+01
    1.3639975339e-02   -3.7127117157e+01
    1.3649322093e-02   -3.7130691528e+01
    1.3659927063e-02   -3.7135173798e+01
    1.3669566251e-02   -3.7139644623e+01
    1.3679206371e-02   -3.7144470215e+01
    1.3689996675e-02   -3.7150287628e+01
    1.3699612580e-02   -3.7155815125e+01
    1.3709424064e-02   -3.7161769867e+01
    1.3719064184e-02   -3.7167907715e+01
    1.3729668222e-02   -3.7174953461e+01
    1.3739859685e-02   -3.7181987762e+01
    1.3749499805e-02   -3.7188850403e+01
    1.3759139925e-02   -3.7195888519e+01
    1.3769743964e-02   -3.7203796387e+01
    1.3779683039e-02   -3.7211341858e+01
    1.3789323159e-02   -3.7218753815e+01
    1.3799059205e-02   -3.7226303101e+01
    1.3809664175e-02   -3.7234569550e+01
    1.3819489628e-02   -3.7242244720e+01
    1.3829353265e-02   -3.7249935150e+01
    1.3839957304e-02   -3.7258171082e+01
    1.3849597424e-02   -3.7265609741e+01
    1.3859237544e-02   -3.7272983551e+01
    1.3869841583e-02   -3.7281009674e+01
    1.3879481703e-02   -3.7288215637e+01
    1.3889121823e-02   -3.7295322418e+01
    1.3899725862e-02   -3.7303020477e+01
    1.3909365982e-02   -3.7309898376e+01
    1.3919970021e-02   -3.7317329407e+01
    1.3929610141e-02   -3.7323947906e+01
    1.3939250261e-02   -3.7330432892e+01
    1.3949572109e-02   -3.7337223053e+01
    1.3959798031e-02   -3.7343791962e+01
    1.3969341293e-02   -3.7349784851e+01
    1.3979567215e-02   -3.7356052399e+01
    1.3989995234e-02   -3.7362297058e+01
    1.3999635354e-02   -3.7367942810e+01
    1.4009275474e-02   -3.7373481750e+01
    1.4019879512e-02   -3.7379482269e+01
    1.4029519632e-02   -3.7384868622e+01
    1.4039159752e-02   -3.7390205383e+01
    1.4049763791e-02   -3.7396038055e+01
    1.4059403911e-02   -3.7401321411e+01
    1.4069044031e-02   -3.7406597137e+01
    1.4079648070e-02   -3.7412399292e+01
    1.4089288190e-02   -3.7417682648e+01
    1.4099892229e-02   -3.7423515320e+01
    1.4109532349e-02   -3.7428840637e+01
    1.4119757339e-02   -3.7434516907e+01
    1.4129903167e-02   -3.7440181732e+01
    1.4139543287e-02   -3.7445583344e+01
    1.4149817638e-02   -3.7451351166e+01
    1.4159360901e-02   -3.7456710815e+01
    1.4169586822e-02   -3.7462436676e+01
    1.4179215766e-02   -3.7467800140e+01
    1.4189819805e-02   -3.7473659515e+01
    1.4199459925e-02   -3.7478927612e+01
    1.4209904708e-02   -3.7484554291e+01
    1.4219496399e-02   -3.7489627838e+01
    1.4229360037e-02   -3.7494728088e+01
    1.4239965007e-02   -3.7500041962e+01
    1.4249605127e-02   -3.7504695892e+01
    1.4259244315e-02   -3.7509159088e+01
    1.4269849285e-02   -3.7513816833e+01
    1.4279488474e-02   -3.7517807007e+01
    1.4289808460e-02   -3.7521797180e+01
    1.4299850911e-02   -3.7525398254e+01
    1.4309326187e-02   -3.7528522491e+01
    1.4319754206e-02   -3.7531654358e+01
    1.4329394326e-02   -3.7534259796e+01
    1.4339998364e-02   -3.7536800385e+01
    1.4349638484e-02   -3.7538818359e+01
    1.4359278604e-02   -3.7540561676e+01
    1.4369882643e-02   -3.7542179108e+01
    1.4379591681e-02   -3.7543384552e+01
    1.4389903285e-02   -3.7544391632e+01
    1.4399777167e-02   -3.7545104980e+01
    1.4409321360e-02   -3.7545581818e+01
    1.4419632033e-02   -3.7545883179e+01
    1.4429272152e-02   -3.7545989990e+01
    1.4439429156e-02   -3.7545925140e+01
    1.4449865557e-02   -3.7545688629e+01
    1.4459448867e-02   -3.7545310974e+01
    1.4469088987e-02   -3.7544792175e+01
    1.4479693025e-02   -3.7544055939e+01
    1.4489333145e-02   -3.7543231964e+01
    1.4499937184e-02   -3.7542156219e+01
    1.4509577304e-02   -3.7541019440e+01
    1.4519217424e-02   -3.7539730072e+01
    1.4529408887e-02   -3.7538192749e+01
    1.4539144002e-02   -3.7536560059e+01
    1.4549843036e-02   -3.7534564972e+01
    1.4559483156e-02   -3.7532585144e+01
    1.4569123276e-02   -3.7530422211e+01
    1.4579727314e-02   -3.7527824402e+01
    1.4589367434e-02   -3.7525249481e+01
    1.4599971473e-02   -3.7522171021e+01
    1.4609515667e-02   -3.7519180298e+01
    1.4619740658e-02   -3.7515769958e+01
    1.4629934914e-02   -3.7512142181e+01
    1.4639575034e-02   -3.7508483887e+01
    1.4649215154e-02   -3.7504589081e+01
    1.4659819193e-02   -3.7500011444e+01
    1.4669459313e-02   -3.7495567322e+01
    1.4679333195e-02   -3.7490730286e+01
    1.4689627104e-02   -3.7485378265e+01
    1.4699071646e-02   -3.7480213165e+01
    1.4709675685e-02   -3.7474117279e+01
    1.4719448984e-02   -3.7468227386e+01
    1.4729674906e-02   -3.7461784363e+01
    1.4739606529e-02   -3.7455245972e+01
    1.4749894850e-02   -3.7448192596e+01
    1.4759627171e-02   -3.7441261292e+01
    1.4769359492e-02   -3.7434104919e+01
    1.4779740945e-02   -3.7426231384e+01
    1.4789856039e-02   -3.7418331146e+01
    1.4799496159e-02   -3.7410606384e+01
    1.4809604734e-02   -3.7402297974e+01
    1.4819829725e-02   -3.7393688202e+01
    1.4829373918e-02   -3.7385486603e+01
    1.4839598909e-02   -3.7376541138e+01
    1.4849824831e-02   -3.7367473602e+01
    1.4859736897e-02   -3.7358596802e+01
    1.4869377017e-02   -3.7349918365e+01
    1.4879981056e-02   -3.7340347290e+01
    1.4889361337e-02   -3.7331893921e+01
    1.4899741858e-02   -3.7322582245e+01
    1.4909474179e-02   -3.7313919067e+01
    1.4919552952e-02   -3.7305038452e+01
    1.4929193072e-02   -3.7296661377e+01
    1.4939797111e-02   -3.7287605286e+01
    1.4949437231e-02   -3.7279525757e+01
    1.4959827997e-02   -3.7270996094e+01
    1.4969371259e-02   -3.7263332367e+01
    1.4979597181e-02   -3.7255313873e+01
    1.4989822172e-02   -3.7247497559e+01
    1.4999803156e-02   -3.7240058899e+01
    1.5009443276e-02   -3.7233055115e+01
    1.5019083396e-02   -3.7226226807e+01
    1.5029522590e-02   -3.7219028473e+01
    1.5039747581e-02   -3.7212169647e+01
    1.5049728565e-02   -3.7205631256e+01
    1.5059368685e-02   -3.7199455261e+01
    1.5069972724e-02   -3.7192806244e+01
    1.5079612844e-02   -3.7186882019e+01
    1.5089252964e-02   -3.7181056976e+01
    1.5099857002e-02   -3.7174747467e+01
    1.5109497122e-02   -3.7169082642e+01
    1.5119137242e-02   -3.7163467407e+01
    1.5129741281e-02   -3.7157333374e+01
    1.5139381401e-02   -3.7151782990e+01
    1.5149985440e-02   -3.7145698547e+01
    1.5159625560e-02   -3.7140174866e+01
    1.5169265680e-02   -3.7134658813e+01
    1.5179869719e-02   -3.7128593445e+01
    1.5189509839e-02   -3.7123081207e+01
    1.5199953690e-02   -3.7117115021e+01
    1.5209388919e-02   -3.7111732483e+01
    1.5219992958e-02   -3.7105701447e+01
    1.5229633078e-02   -3.7100242615e+01
    1.5239273198e-02   -3.7094818115e+01
    1.5249877237e-02   -3.7088897705e+01
    1.5259517357e-02   -3.7083572388e+01
    1.5269157477e-02   -3.7078315735e+01
    1.5279761516e-02   -3.7072631836e+01
    1.5289401636e-02   -3.7067573547e+01
    1.5299041755e-02   -3.7062625885e+01
    1.5309943818e-02   -3.7057189941e+01
    1.5319583938e-02   -3.7052536011e+01
    1.5329224057e-02   -3.7048030853e+01
    1.5339828096e-02   -3.7043258667e+01
    1.5349468216e-02   -3.7039089203e+01
    1.5359108336e-02   -3.7035087585e+01
    1.5369781293e-02   -3.7030857086e+01
    1.5379325487e-02   -3.7027263641e+01
    1.5389550477e-02   -3.7023612976e+01
    1.5399776399e-02   -3.7020168304e+01
    1.5409319662e-02   -3.7017116547e+01
    1.5419545583e-02   -3.7013999939e+01
    1.5429981984e-02   -3.7010990143e+01
    1.5439153649e-02   -3.7008487701e+01
    1.5449092723e-02   -3.7005939484e+01
    1.5459696762e-02   -3.7003402710e+01
    1.5469336882e-02   -3.7001255035e+01
    1.5479893424e-02   -3.6999065399e+01
    1.5489436686e-02   -3.6997222900e+01
    1.5499662608e-02   -3.6995372772e+01
    1.5509887598e-02   -3.6993633270e+01
    1.5519431792e-02   -3.6992092133e+01
    1.5529656783e-02   -3.6990512848e+01
    1.5539882705e-02   -3.6988990784e+01
    1.5549493954e-02   -3.6987590790e+01
    1.5559902415e-02   -3.6986091614e+01
    1.5569542535e-02   -3.6984695435e+01
    1.5579182655e-02   -3.6983280182e+01
    1.5589786693e-02   -3.6981678009e+01
    1.5599426813e-02   -3.6980167389e+01
    1.5609066933e-02   -3.6978591919e+01
    1.5619670972e-02   -3.6976772308e+01
    1.5629310161e-02   -3.6975032806e+01
    1.5639914200e-02   -3.6973014832e+01
    1.5649555251e-02   -3.6971076965e+01
    1.5659287572e-02   -3.6969020844e+01
    1.5669891611e-02   -3.6966667175e+01
    1.5679532662e-02   -3.6964435577e+01
    1.5689171851e-02   -3.6962127686e+01
    1.5699615702e-02   -3.6959560394e+01
    1.5709256753e-02   -3.6957153320e+01
    1.5719860792e-02   -3.6954486847e+01
    1.5729499981e-02   -3.6952072144e+01
    1.5739141032e-02   -3.6949680328e+01
    1.5749745071e-02   -3.6947093964e+01
    1.5759384260e-02   -3.6944801331e+01
    1.5769941732e-02   -3.6942375183e+01
    1.5779303387e-02   -3.6940303802e+01
    1.5789907426e-02   -3.6938068390e+01
    1.5799501911e-02   -3.6936157227e+01
    1.5809826553e-02   -3.6934238434e+01
    1.5819465742e-02   -3.6932586670e+01
    1.5829691663e-02   -3.6930988312e+01
    1.5839917585e-02   -3.6929546356e+01
    1.5849461779e-02   -3.6928340912e+01
    1.5859160572e-02   -3.6927238464e+01
    1.5869626775e-02   -3.6926177979e+01
    1.5879383311e-02   -3.6925312042e+01
    1.5889609233e-02   -3.6924518585e+01
    1.5899833292e-02   -3.6923835754e+01
    1.5909377486e-02   -3.6923290253e+01
    1.5919603407e-02   -3.6922786713e+01
    1.5929829329e-02   -3.6922340393e+01
    1.5939371660e-02   -3.6921939850e+01
    1.5949597582e-02   -3.6921504974e+01
    1.5959823504e-02   -3.6921043396e+01
    1.5969367698e-02   -3.6920562744e+01
    1.5979591757e-02   -3.6919982910e+01
    1.5989817679e-02   -3.6919326782e+01
    1.5999361873e-02   -3.6918640137e+01
    1.6009587795e-02   -3.6917816162e+01
    1.6019811854e-02   -3.6916900635e+01
    1.6029356048e-02   -3.6915958405e+01
    1.6039581969e-02   -3.6914855957e+01
    1.6049807891e-02   -3.6913654327e+01
    1.6059350222e-02   -3.6912437439e+01
    1.6069576144e-02   -3.6911029816e+01
    1.6079669818e-02   -3.6909534454e+01
    1.6089402139e-02   -3.6907978058e+01
    1.6099628061e-02   -3.6906219482e+01
    1.6109853983e-02   -3.6904323578e+01
    1.6119608656e-02   -3.6902389526e+01
    1.6129991040e-02   -3.6900211334e+01
    1.6139535233e-02   -3.6898105621e+01
    1.6149759293e-02   -3.6895763397e+01
    1.6159985214e-02   -3.6893333435e+01
    1.6169529408e-02   -3.6890972137e+01
    1.6179753467e-02   -3.6888328552e+01
    1.6189979389e-02   -3.6885543823e+01
    1.6199523583e-02   -3.6882804871e+01
    1.6209749505e-02   -3.6879707336e+01
    1.6219973564e-02   -3.6876426697e+01
    1.6229517758e-02   -3.6873199463e+01
    1.6239743680e-02   -3.6869556427e+01
    1.6249969602e-02   -3.6865734100e+01
    1.6259511933e-02   -3.6861999512e+01
    1.6269737855e-02   -3.6857826233e+01
    1.6279963776e-02   -3.6853477478e+01
    1.6289507970e-02   -3.6849262238e+01
    1.6299732029e-02   -3.6844585419e+01
    1.6309957951e-02   -3.6839736938e+01
    1.6319502145e-02   -3.6835063934e+01
    1.6329728067e-02   -3.6829887390e+01
    1.6339952126e-02   -3.6824542999e+01
    1.6349496320e-02   -3.6819389343e+01
    1.6359722242e-02   -3.6813697815e+01
    1.6369948164e-02   -3.6807819366e+01
    1.6379490495e-02   -3.6802165985e+01
    1.6389716417e-02   -3.6795921326e+01
    1.6399942338e-02   -3.6789485931e+01
    1.6409486532e-02   -3.6783298492e+01
    1.6419710591e-02   -3.6776473999e+01
    1.6429936513e-02   -3.6769439697e+01
    1.6439480707e-02   -3.6762680054e+01
    1.6449706629e-02   -3.6755222321e+01
    1.6459930688e-02   -3.6747539520e+01
    1.6469474882e-02   -3.6740161896e+01
    1.6479767859e-02   -3.6731979370e+01
    1.6489563510e-02   -3.6723979950e+01
    1.6499789432e-02   -3.6715412140e+01
    1.6509333625e-02   -3.6707214355e+01
    1.6519559547e-02   -3.6698226929e+01
    1.6529822722e-02   -3.6688999176e+01
    1.6539461911e-02   -3.6680156708e+01
    1.6549102962e-02   -3.6671154022e+01
    1.6559492797e-02   -3.6661281586e+01
    1.6569718719e-02   -3.6651420593e+01
    1.6579942778e-02   -3.6641426086e+01
    1.6589486971e-02   -3.6631999969e+01
    1.6599712893e-02   -3.6621810913e+01
    1.6609624028e-02   -3.6611865997e+01
    1.6619265079e-02   -3.6602142334e+01
    1.6629537567e-02   -3.6591735840e+01
    1.6639763489e-02   -3.6581340790e+01
    1.6649376601e-02   -3.6571548462e+01
    1.6659818590e-02   -3.6560894012e+01
    1.6669457778e-02   -3.6551063538e+01
    1.6679098830e-02   -3.6541248322e+01
    1.6689419746e-02   -3.6530773163e+01
    1.6699645668e-02   -3.6520446777e+01
    1.6709871590e-02   -3.6510185242e+01
    1.6719100997e-02   -3.6500980377e+01
    1.6729608178e-02   -3.6490585327e+01
    1.6739834100e-02   -3.6480552673e+01
    1.6749378294e-02   -3.6471267700e+01
    1.6759604216e-02   -3.6461410522e+01
    1.6769828275e-02   -3.6451648712e+01
    1.6779128462e-02   -3.6442859650e+01
    1.6789732501e-02   -3.6432941437e+01
    1.6799606383e-02   -3.6423809052e+01
    1.6809832305e-02   -3.6414463043e+01
    1.6819374636e-02   -3.6405845642e+01
    1.6829637811e-02   -3.6396701813e+01
    1.6839278862e-02   -3.6388237000e+01
    1.6849882901e-02   -3.6379062653e+01
    1.6859157011e-02   -3.6371166229e+01
    1.6868889332e-02   -3.6363002777e+01
    1.6879839823e-02   -3.6353977203e+01
    1.6889574006e-02   -3.6346092224e+01
    1.6899306327e-02   -3.6338340759e+01
    1.6909040511e-02   -3.6330726624e+01
    1.6919989139e-02   -3.6322330475e+01
    1.6929723322e-02   -3.6315025330e+01
    1.6939455643e-02   -3.6307865143e+01
    1.6949187964e-02   -3.6300849915e+01
    1.6958922148e-02   -3.6293979645e+01
    1.6969870776e-02   -3.6286415100e+01
    1.6979604959e-02   -3.6279838562e+01
    1.6989337280e-02   -3.6273395538e+01
    1.6999069601e-02   -3.6267086029e+01
    1.7008801922e-02   -3.6260910034e+01
    1.7019752413e-02   -3.6254119873e+01
    1.7029484734e-02   -3.6248237610e+01
    1.7039217055e-02   -3.6242496490e+01
    1.7048951238e-02   -3.6236904144e+01
    1.7059899867e-02   -3.6230796814e+01
    1.7069632187e-02   -3.6225543976e+01
    1.7079364508e-02   -3.6220458984e+01
    1.7089096829e-02   -3.6215553284e+01
    1.7098829150e-02   -3.6210826874e+01
    1.7109779641e-02   -3.6205738068e+01
    1.7119850963e-02   -3.6201274872e+01
    1.7129957676e-02   -3.6197021484e+01
    1.7139771953e-02   -3.6193107605e+01
    1.7149383202e-02   -3.6189498901e+01
    1.7159631476e-02   -3.6185901642e+01
    1.7169510946e-02   -3.6182701111e+01
    1.7179191113e-02   -3.6179821014e+01
    1.7189692706e-02   -3.6176944733e+01
    1.7199996859e-02   -3.6174354553e+01
    1.7209358513e-02   -3.6172199249e+01
    1.7219450325e-02   -3.6170085907e+01
    1.7229806632e-02   -3.6168148041e+01
    1.7239538953e-02   -3.6166542053e+01
    1.7249271274e-02   -3.6165142059e+01
    1.7259884626e-02   -3.6163829803e+01
    1.7269497737e-02   -3.6162811279e+01
    1.7279399559e-02   -3.6161914825e+01
    1.7289131880e-02   -3.6161212921e+01
    1.7299322411e-02   -3.6160675049e+01
    1.7309926450e-02   -3.6160350800e+01
    1.7319567502e-02   -3.6160266876e+01
    1.7329206690e-02   -3.6160377502e+01
    1.7339145765e-02   -3.6160694122e+01
    1.7348878086e-02   -3.6161197662e+01
    1.7359826714e-02   -3.6161983490e+01
    1.7369559035e-02   -3.6162876129e+01
    1.7379291356e-02   -3.6163955688e+01
    1.7389023677e-02   -3.6165222168e+01
    1.7399972305e-02   -3.6166877747e+01
    1.7409704626e-02   -3.6168560028e+01
    1.7419159412e-02   -3.6170391083e+01
    1.7429251224e-02   -3.6172557831e+01
    1.7439343035e-02   -3.6174953461e+01
    1.7449667677e-02   -3.6177639008e+01
    1.7459308729e-02   -3.6180358887e+01
    1.7469912767e-02   -3.6183593750e+01
    1.7479551956e-02   -3.6186748505e+01
    1.7489193007e-02   -3.6190097809e+01
    1.7499797046e-02   -3.6194000244e+01
    1.7509987578e-02   -3.6197956085e+01
    1.7519719899e-02   -3.6201908112e+01
    1.7529452220e-02   -3.6206024170e+01
    1.7539476976e-02   -3.6210418701e+01
    1.7549702898e-02   -3.6215042114e+01
    1.7559928820e-02   -3.6219791412e+01
    1.7569473013e-02   -3.6224308014e+01
    1.7578907311e-02   -3.6228828430e+01
    1.7589855939e-02   -3.6234127045e+01
    1.7599588260e-02   -3.6238868713e+01
    1.7609320581e-02   -3.6243629456e+01
    1.7619052902e-02   -3.6248397827e+01
    1.7628785223e-02   -3.6253162384e+01
    1.7639733851e-02   -3.6258502960e+01
    1.7649466172e-02   -3.6263217926e+01
    1.7659198493e-02   -3.6267879486e+01
    1.7668930814e-02   -3.6272476196e+01
    1.7679879442e-02   -3.6277538300e+01
    1.7689611763e-02   -3.6281921387e+01
    1.7699342221e-02   -3.6286174774e+01
    1.7709380016e-02   -3.6290409088e+01
    1.7719458789e-02   -3.6294479370e+01
    1.7729684711e-02   -3.6298408508e+01
    1.7739908770e-02   -3.6302131653e+01
    1.7749235034e-02   -3.6305332184e+01
    1.7759326845e-02   -3.6308578491e+01
    1.7769418657e-02   -3.6311569214e+01
    1.7779603601e-02   -3.6314308167e+01
    1.7789229751e-02   -3.6316616058e+01
    1.7798962072e-02   -3.6318656921e+01
    1.7809910700e-02   -3.6320587158e+01
    1.7819549888e-02   -3.6321945190e+01
    1.7828823999e-02   -3.6322952271e+01
    1.7839772627e-02   -3.6323760986e+01
    1.7849918455e-02   -3.6324131012e+01
    1.7859557644e-02   -3.6324153900e+01
    1.7869794741e-02   -3.6323810577e+01
    1.7879873514e-02   -3.6323139191e+01
    1.7889067531e-02   -3.6322250366e+01
    1.7898799852e-02   -3.6321010590e+01
    1.7909748480e-02   -3.6319236755e+01
    1.7919737846e-02   -3.6317264557e+01
    1.7928855494e-02   -3.6315170288e+01
    1.7939617857e-02   -3.6312332153e+01
    1.7949869856e-02   -3.6309268951e+01
    1.7959624529e-02   -3.6306041718e+01
    1.7969919369e-02   -3.6302318573e+01
    1.7979700118e-02   -3.6298473358e+01
    1.7989629880e-02   -3.6294265747e+01
    1.7999311909e-02   -3.6289859772e+01
    1.8009589985e-02   -3.6284866333e+01
    1.8019814044e-02   -3.6279563904e+01
    1.8029689789e-02   -3.6274124146e+01
    1.8039422110e-02   -3.6268466949e+01
    1.8049154431e-02   -3.6262512207e+01
    1.8059533089e-02   -3.6255844116e+01
    1.8069569021e-02   -3.6249080658e+01
    1.8079301342e-02   -3.6242229462e+01
    1.8089439720e-02   -3.6234775543e+01
    1.8099820241e-02   -3.6226810455e+01
    1.8109869212e-02   -3.6218776703e+01
    1.8119601533e-02   -3.6210689545e+01
    1.8129333854e-02   -3.6202301025e+01
    1.8139066175e-02   -3.6193611145e+01
    1.8148798496e-02   -3.6184627533e+01
    1.8159747124e-02   -3.6174179077e+01
    1.8169479445e-02   -3.6164596558e+01
    1.8179211766e-02   -3.6154727936e+01
    1.8188942224e-02   -3.6144580841e+01
    1.8199892715e-02   -3.6132812500e+01
    1.8209625036e-02   -3.6122028351e+01
    1.8219357356e-02   -3.6110935211e+01
    1.8229089677e-02   -3.6099517822e+01
    1.8238821998e-02   -3.6087772369e+01
    1.8249770626e-02   -3.6074165344e+01
    1.8259502947e-02   -3.6061714172e+01
    1.8269235268e-02   -3.6048927307e+01
    1.8278967589e-02   -3.6035804749e+01
    1.8289916217e-02   -3.6020641327e+01
    1.8299648538e-02   -3.6006809235e+01
    1.8309380859e-02   -3.5992649078e+01
    1.8319113180e-02   -3.5978164673e+01
    1.8328845501e-02   -3.5963359833e+01
    1.8339794129e-02   -3.5946323395e+01
    1.8349526450e-02   -3.5930847168e+01
    1.8359258771e-02   -3.5915069580e+01
    1.8368991092e-02   -3.5898994446e+01
    1.8379941583e-02   -3.5880573273e+01
    1.8389673904e-02   -3.5863903046e+01
    1.8399406224e-02   -3.5846969604e+01
    1.8409138545e-02   -3.5829784393e+01
    1.8418870866e-02   -3.5812351227e+01
    1.8429819494e-02   -3.5792457581e+01
    1.8439553678e-02   -3.5774536133e+01
    1.8449285999e-02   -3.5756397247e+01
    1.8459018320e-02   -3.5738056183e+01
    1.8469966948e-02   -3.5717193604e+01
    1.8479699269e-02   -3.5698455811e+01
    1.8489433452e-02   -3.5679550171e+01
    1.8499165773e-02   -3.5660480499e+01
    1.8508898094e-02   -3.5641254425e+01
    1.8519846722e-02   -3.5619445801e+01
    1.8529580906e-02   -3.5599903107e+01
    1.8539313227e-02   -3.5580226898e+01
    1.8549045548e-02   -3.5560417175e+01
    1.8559996039e-02   -3.5537982941e+01
    1.8569728360e-02   -3.5517913818e+01
    1.8579460680e-02   -3.5497726440e+01
    1.8589194864e-02   -3.5477432251e+01
    1.8598927185e-02   -3.5457035065e+01
    1.8609877676e-02   -3.5433975220e+01
    1.8619609997e-02   -3.5413383484e+01
    1.8629342318e-02   -3.5392711639e+01
    1.8639076501e-02   -3.5371963501e+01
    1.8648808822e-02   -3.5351154327e+01
    1.8659759313e-02   -3.5327674866e+01
    1.8669491634e-02   -3.5306751251e+01
    1.8679225817e-02   -3.5285793304e+01
    1.8688958138e-02   -3.5264804840e+01
    1.8699908629e-02   -3.5241180420e+01
    1.8709640950e-02   -3.5220172882e+01
    1.8719375134e-02   -3.5199180603e+01
    1.8729107454e-02   -3.5178218842e+01
    1.8738839775e-02   -3.5157295227e+01
    1.8749790266e-02   -3.5133827209e+01
    1.8759522587e-02   -3.5113044739e+01
    1.8769256771e-02   -3.5092357635e+01
    1.8779309466e-02   -3.5071098328e+01
    1.8789401278e-02   -3.5049880981e+01
    1.8799494952e-02   -3.5028808594e+01
    1.8809586763e-02   -3.5007892609e+01
    1.8819047138e-02   -3.4988445282e+01
    1.8829995766e-02   -3.4966129303e+01
    1.8839728087e-02   -3.4946483612e+01
    1.8849462271e-02   -3.4927021027e+01
    1.8859194592e-02   -3.4907745361e+01
    1.8868928775e-02   -3.4888656616e+01
    1.8879877403e-02   -3.4867408752e+01
    1.8889611587e-02   -3.4848720551e+01
    1.8899343908e-02   -3.4830207825e+01
    1.8909076229e-02   -3.4811870575e+01
    1.8918810412e-02   -3.4793697357e+01
    1.8929759040e-02   -3.4773437500e+01
    1.8939493224e-02   -3.4755580902e+01
    1.8949266523e-02   -3.4737785339e+01
    1.8959358335e-02   -3.4719535828e+01
    1.8969452009e-02   -3.4701400757e+01
    1.8979508430e-02   -3.4683433533e+01
    1.8989242613e-02   -3.4666126251e+01
    1.8998974934e-02   -3.4648895264e+01
    1.9009964541e-02   -3.4629505157e+01
    1.9019139931e-02   -3.4613365173e+01
    1.9028898329e-02   -3.4596240997e+01
    1.9039848819e-02   -3.4577060699e+01
    1.9049581140e-02   -3.4560035706e+01
    1.9059315324e-02   -3.4543025970e+01
    1.9069047645e-02   -3.4526027679e+01
    1.9079998136e-02   -3.4506904602e+01
    1.9089730456e-02   -3.4489902496e+01
    1.9099462777e-02   -3.4472888947e+01
    1.9109196961e-02   -3.4455856323e+01
    1.9118929282e-02   -3.4438796997e+01
    1.9129879773e-02   -3.4419570923e+01
    1.9139612094e-02   -3.4402439117e+01
    1.9149346277e-02   -3.4385269165e+01
    1.9159078598e-02   -3.4368057251e+01
    1.9168810919e-02   -3.4350795746e+01
    1.9179761410e-02   -3.4331317902e+01
    1.9189493731e-02   -3.4313949585e+01
    1.9199227914e-02   -3.4296527863e+01
    1.9208960235e-02   -3.4279056549e+01
    1.9219910726e-02   -3.4259338379e+01
    1.9229643047e-02   -3.4241756439e+01
    1.9239377230e-02   -3.4224121094e+01
    1.9249109551e-02   -3.4206432343e+01
    1.9258841872e-02   -3.4188694000e+01
    1.9269792363e-02   -3.4168674469e+01
    1.9279524684e-02   -3.4150825500e+01
    1.9289258868e-02   -3.4132923126e+01
    1.9298991188e-02   -3.4114974976e+01
    1.9309941679e-02   -3.4094718933e+01
    1.9319674000e-02   -3.4076667786e+01
    1.9329408184e-02   -3.4058567047e+01
    1.9339140505e-02   -3.4040416718e+01
    1.9348874688e-02   -3.4022224426e+01
    1.9359823316e-02   -3.4001697540e+01
    1.9369557500e-02   -3.3983398438e+01
    1.9379289821e-02   -3.3965049744e+01
    1.9389024004e-02   -3.3946647644e+01
    1.9399972633e-02   -3.3925876617e+01
    1.9409706816e-02   -3.3907348633e+01
    1.9419439137e-02   -3.3888759613e+01
    1.9429173321e-02   -3.3870098114e+01
    1.9438905641e-02   -3.3851364136e+01
    1.9449856132e-02   -3.3830188751e+01
    1.9459590316e-02   -3.3811279297e+01
    1.9469322637e-02   -3.3792278290e+01
    1.9479056820e-02   -3.3773178101e+01
    1.9488789141e-02   -3.3753982544e+01
    1.9499739632e-02   -3.3732257843e+01
    1.9509471953e-02   -3.3712833405e+01
    1.9519206136e-02   -3.3693294525e+01
    1.9528938457e-02   -3.3673641205e+01
    1.9539888948e-02   -3.3651390076e+01
    1.9549623132e-02   -3.3631484985e+01
    1.9559355453e-02   -3.3611454010e+01
    1.9569089636e-02   -3.3591304779e+01
    1.9578821957e-02   -3.3571033478e+01
    1.9589772448e-02   -3.3548084259e+01
    1.9599506631e-02   -3.3527561188e+01
    1.9609238952e-02   -3.3506923676e+01
    1.9618973136e-02   -3.3486171722e+01
    1.9629923627e-02   -3.3462699890e+01
    1.9639655948e-02   -3.3441719055e+01
    1.9649390131e-02   -3.3420635223e+01
    1.9659122452e-02   -3.3399444580e+01
    1.9668856636e-02   -3.3378154755e+01
    1.9679807127e-02   -3.3354076385e+01
    1.9689539447e-02   -3.3332561493e+01
    1.9699273631e-02   -3.3310939789e+01
    1.9709007815e-02   -3.3289207458e+01
    1.9719956443e-02   -3.3264621735e+01
    1.9729690626e-02   -3.3242637634e+01
    1.9739424810e-02   -3.3220531464e+01
    1.9749157131e-02   -3.3198295593e+01
    1.9758891314e-02   -3.3175926208e+01
    1.9769841805e-02   -3.3150588989e+01
    1.9779574126e-02   -3.3127910614e+01
    1.9789308310e-02   -3.3105083466e+01
    1.9799040630e-02   -3.3082092285e+01
    1.9809991121e-02   -3.3056034088e+01
    1.9819725305e-02   -3.3032688141e+01
    1.9829459488e-02   -3.3009166718e+01
    1.9839191809e-02   -3.2985458374e+01
    1.9848925993e-02   -3.2961563110e+01
    1.9859876484e-02   -3.2934444427e+01
    1.9869608805e-02   -3.2910125732e+01
    1.9879342988e-02   -3.2885601044e+01
    1.9889077172e-02   -3.2860866547e+01
    1.9898809493e-02   -3.2835910797e+01
    1.9909759983e-02   -3.2807575226e+01
    1.9919494167e-02   -3.2782146454e+01
    1.9929226488e-02   -3.2756492615e+01
    1.9938960671e-02   -3.2730609894e+01
    1.9949911162e-02   -3.2701213837e+01
    1.9959645346e-02   -3.2674839020e+01
    1.9969377667e-02   -3.2648231506e+01
    1.9979111850e-02   -3.2621398926e+01
    1.9988846034e-02   -3.2594337463e+01
    1.9999796525e-02   -3.2563632965e+01
    2.0009528846e-02   -3.2536113739e+01
    2.0019263029e-02   -3.2508384705e+01
    2.0028997213e-02   -3.2480457306e+01
    2.0039947703e-02   -3.2448810577e+01
    2.0049680024e-02   -3.2420490265e+01
    2.0059414208e-02   -3.2392002106e+01
    2.0069148391e-02   -3.2363357544e+01
    2.0078882575e-02   -3.2334571838e+01
    2.0089831203e-02   -3.2302028656e+01
    2.0099565387e-02   -3.2272983551e+01
    2.0109299570e-02   -3.2243831635e+01
    2.0119033754e-02   -3.2214599609e+01
    2.0129984245e-02   -3.2181625366e+01
    2.0139716566e-02   -3.2152256012e+01
    2.0149450749e-02   -3.2122840881e+01
    2.0159184933e-02   -3.2093402863e+01
    2.0168919116e-02   -3.2063949585e+01
    2.0179867744e-02   -3.2030807495e+01
    2.0189601928e-02   -3.2001354218e+01
    2.0199336112e-02   -3.1971921921e+01
    2.0209070295e-02   -3.1942510605e+01
    2.0218802616e-02   -3.1913129807e+01
    2.0229753107e-02   -3.1880117416e+01
    2.0239487290e-02   -3.1850811005e+01
    2.0249221474e-02   -3.1821540833e+01
    2.0258955657e-02   -3.1792306900e+01
    2.0269904286e-02   -3.1759460449e+01
    2.0279638469e-02   -3.1730295181e+01
    2.0289372653e-02   -3.1701154709e+01
    2.0299106836e-02   -3.1672039032e+01
    2.0308839157e-02   -3.1642938614e+01
    2.0319789648e-02   -3.1610216141e+01
    2.0329523832e-02   -3.1581136703e+01
    2.0339258015e-02   -3.1552059174e+01
    2.0348992199e-02   -3.1522981644e+01
    2.0359942690e-02   -3.1490264893e+01
    2.0369675010e-02   -3.1461175919e+01
    2.0379409194e-02   -3.1432079315e+01
    2.0389143378e-02   -3.1402975082e+01
    2.0398877561e-02   -3.1373861313e+01
    2.0409828052e-02   -3.1341100693e+01
    2.0419560373e-02   -3.1311973572e+01
    2.0429294556e-02   -3.1282842636e+01
    2.0439028740e-02   -3.1253709793e+01
    2.0449979231e-02   -3.1220941544e+01
    2.0459713414e-02   -3.1191820145e+01
    2.0469445735e-02   -3.1162708282e+01
    2.0479179919e-02   -3.1133613586e+01
    2.0488914102e-02   -3.1104536057e+01
    2.0499864593e-02   -3.1071853638e+01
    2.0509598777e-02   -3.1042833328e+01
    2.0519332960e-02   -3.1013843536e+01
    2.0529065281e-02   -3.0984888077e+01
    2.0538799465e-02   -3.0955970764e+01
    2.0549749956e-02   -3.0923484802e+01
    2.0559484139e-02   -3.0894651413e+01
    2.0569218323e-02   -3.0865858078e+01
    2.0578950644e-02   -3.0837104797e+01
    2.0589901134e-02   -3.0804801941e+01
    2.0599635318e-02   -3.0776126862e+01
    2.0609369501e-02   -3.0747482300e+01
    2.0619103685e-02   -3.0718868256e+01
    2.0628837869e-02   -3.0690279007e+01
    2.0639788359e-02   -3.0658142090e+01
    2.0649520680e-02   -3.0629590988e+01
    2.0659254864e-02   -3.0601047516e+01
    2.0668989047e-02   -3.0572505951e+01
    2.0679939538e-02   -3.0540388107e+01
    2.0689673722e-02   -3.0511825562e+01
    2.0699407905e-02   -3.0483242035e+01
    2.0709140226e-02   -3.0454631805e+01
    2.0718874410e-02   -3.0425989151e+01
    2.0729824901e-02   -3.0393724442e+01
    2.0739559084e-02   -3.0364999771e+01
    2.0749293268e-02   -3.0336231232e+01
    2.0759027451e-02   -3.0307413101e+01
    2.0769977942e-02   -3.0274932861e+01
    2.0779712126e-02   -3.0246002197e+01
    2.0789444447e-02   -3.0217016220e+01
    2.0799178630e-02   -3.0187974930e+01
    2.0808912814e-02   -3.0158876419e+01
    2.0819863304e-02   -3.0126073837e+01
    2.0829597488e-02   -3.0096857071e+01
    2.0839331672e-02   -3.0067586899e+01
    2.0849065855e-02   -3.0038267136e+01
    2.0858798176e-02   -3.0008897781e+01
    2.0869750530e-02   -2.9975801468e+01
    2.0879482850e-02   -2.9946338654e+01
    2.0889217034e-02   -2.9916833878e+01
    2.0898951218e-02   -2.9887292862e+01
    2.0909901708e-02   -2.9854017258e+01
    2.0919635892e-02   -2.9824405670e+01
    2.0929370075e-02   -2.9794767380e+01
    2.0939104259e-02   -2.9765104294e+01
    2.0948838443e-02   -2.9735420227e+01
    2.0959788933e-02   -2.9701999664e+01
    2.0969523117e-02   -2.9672275543e+01
    2.0979257300e-02   -2.9642536163e+01
    2.0988989621e-02   -2.9612781525e+01
    2.0999941975e-02   -2.9579292297e+01
    2.1009674296e-02   -2.9549510956e+01
    2.1019408479e-02   -2.9519714355e+01
    2.1029142663e-02   -2.9489904404e+01
    2.1038876846e-02   -2.9460079193e+01
    2.1049827337e-02   -2.9426504135e+01
    2.1059561521e-02   -2.9396636963e+01
    2.1069295704e-02   -2.9366743088e+01
    2.1079029888e-02   -2.9336822510e+01
    2.1089980379e-02   -2.9303121567e+01
    2.1099714562e-02   -2.9273120880e+01
    2.1109448746e-02   -2.9243078232e+01
    2.1119182929e-02   -2.9212984085e+01
    2.1128917113e-02   -2.9182832718e+01
    2.1139867604e-02   -2.9148836136e+01
    2.1149601787e-02   -2.9118541718e+01
    2.1159335971e-02   -2.9088171005e+01
    2.1169070154e-02   -2.9057718277e+01
    2.1178804338e-02   -2.9027173996e+01
    2.1189754829e-02   -2.8992700577e+01
    2.1199489012e-02   -2.8961950302e+01
    2.1209223196e-02   -2.8931097031e+01
    2.1218957379e-02   -2.8900131226e+01
    2.1229907870e-02   -2.8865161896e+01
    2.1239642054e-02   -2.8833951950e+01
    2.1249376237e-02   -2.8802621841e+01
    2.1259110421e-02   -2.8771169662e+01
    2.1268844604e-02   -2.8739595413e+01
    2.1279795095e-02   -2.8703922272e+01
    2.1289529279e-02   -2.8672080994e+01
    2.1299263462e-02   -2.8640117645e+01
    2.1308997646e-02   -2.8608030319e+01
    2.1319948137e-02   -2.8571788788e+01
    2.1329682320e-02   -2.8539449692e+01
    2.1339416504e-02   -2.8506998062e+01
    2.1349150687e-02   -2.8474437714e+01
    2.1358886734e-02   -2.8441772461e+01
    2.1369837224e-02   -2.8404903412e+01
    2.1379571408e-02   -2.8372030258e+01
    2.1389305592e-02   -2.8339067459e+01
    2.1399039775e-02   -2.8306018829e+01
    2.1409990266e-02   -2.8268741608e+01
    2.1419724450e-02   -2.8235523224e+01
    2.1429458633e-02   -2.8202232361e+01
    2.1439192817e-02   -2.8168870926e+01
    2.1448927000e-02   -2.8135440826e+01
    2.1459879354e-02   -2.8097751617e+01
    2.1469613537e-02   -2.8064182281e+01
    2.1479347721e-02   -2.8030546188e+01
    2.1489081904e-02   -2.7996843338e+01
    2.1498816088e-02   -2.7963075638e+01
    2.1509766579e-02   -2.7925004959e+01
    2.1519500762e-02   -2.7891088486e+01
    2.1529234946e-02   -2.7857099533e+01
    2.1538969129e-02   -2.7823034286e+01
    2.1549919620e-02   -2.7784614563e+01
    2.1559655666e-02   -2.7750373840e+01
    2.1569389850e-02   -2.7716045380e+01
    2.1579124033e-02   -2.7681621552e+01
    2.1588858217e-02   -2.7647102356e+01
    2.1599808708e-02   -2.7608146667e+01
    2.1609542891e-02   -2.7573404312e+01
    2.1619277075e-02   -2.7538553238e+01
    2.1629011258e-02   -2.7503585815e+01
    2.1639961749e-02   -2.7464109421e+01
    2.1649695933e-02   -2.7428888321e+01
    2.1659430116e-02   -2.7393545151e+01
    2.1669164300e-02   -2.7358076096e+01
    2.1678898484e-02   -2.7322479248e+01
    2.1689850837e-02   -2.7282278061e+01
    2.1699585021e-02   -2.7246410370e+01
    2.1709319204e-02   -2.7210412979e+01
    2.1719053388e-02   -2.7174293518e+01
    2.1728787571e-02   -2.7138051987e+01
    2.1739738062e-02   -2.7097143173e+01
    2.1749472246e-02   -2.7060659409e+01
    2.1759206429e-02   -2.7024072647e+01
    2.1768940613e-02   -2.6987386703e+01
    2.1779891104e-02   -2.6946008682e+01
    2.1789625287e-02   -2.6909139633e+01
    2.1799359471e-02   -2.6872198105e+01
    2.1809095517e-02   -2.6835193634e+01
    2.1818829700e-02   -2.6798135757e+01
    2.1829780191e-02   -2.6756391525e+01
    2.1839514375e-02   -2.6719251633e+01
    2.1849248558e-02   -2.6682088852e+01
    2.1858982742e-02   -2.6644914627e+01
    2.1869933233e-02   -2.6603092194e+01
    2.1879667416e-02   -2.6565925598e+01
    2.1889401600e-02   -2.6528779984e+01
    2.1899135783e-02   -2.6491662979e+01
    2.1908869967e-02   -2.6454584122e+01
    2.1919820458e-02   -2.6412925720e+01
    2.1929554641e-02   -2.6375955582e+01
    2.1939288825e-02   -2.6339048386e+01
    2.1949023008e-02   -2.6302207947e+01
    2.1959973499e-02   -2.6260850906e+01
    2.1969707683e-02   -2.6224174500e+01
    2.1979441866e-02   -2.6187578201e+01
    2.1989176050e-02   -2.6151067734e+01
    2.1998910233e-02   -2.6114645004e+01
    2.2009860724e-02   -2.6073778152e+01
    2.2019594908e-02   -2.6037546158e+01
    2.2029329091e-02   -2.6001405716e+01
    2.2039063275e-02   -2.5965356827e+01
    2.2048797458e-02   -2.5929401398e+01
    2.2059747949e-02   -2.5889059067e+01
    2.2069482133e-02   -2.5853298187e+01
    2.2079216316e-02   -2.5817626953e+01
    2.2088948637e-02   -2.5782049179e+01
    2.2099900991e-02   -2.5742136002e+01
    2.2109633312e-02   -2.5706754684e+01
    2.2119367495e-02   -2.5671470642e+01
    2.2129101679e-02   -2.5636281967e+01
    2.2138835862e-02   -2.5601190567e+01
    2.2149786353e-02   -2.5561832428e+01
    2.2159520537e-02   -2.5526954651e+01
    2.2169254720e-02   -2.5492185593e+01
    2.2178988904e-02   -2.5457523346e+01
    2.2189939395e-02   -2.5418663025e+01
    2.2199673578e-02   -2.5384243011e+01
    2.2209407762e-02   -2.5349943161e+01
    2.2219141945e-02   -2.5315769196e+01
    2.2228876129e-02   -2.5281723022e+01
    2.2239826620e-02   -2.5243581772e+01
    2.2249558941e-02   -2.5209823608e+01
    2.2259293124e-02   -2.5176208496e+01
    2.2269027308e-02   -2.5142740250e+01
    2.2279977798e-02   -2.5105268478e+01
    2.2289711982e-02   -2.5072128296e+01
    2.2299446166e-02   -2.5039148331e+01
    2.2309180349e-02   -2.5006334305e+01
    2.2318914533e-02   -2.4973690033e+01
    2.2329865023e-02   -2.4937175751e+01
    2.2339599207e-02   -2.4904907227e+01
    2.2349333391e-02   -2.4872823715e+01
    2.2359067574e-02   -2.4840929031e+01
    2.2368799895e-02   -2.4809226990e+01
    2.2379750386e-02   -2.4773797989e+01
    2.2389484569e-02   -2.4742519379e+01
    2.2399218753e-02   -2.4711448669e+01
    2.2408952937e-02   -2.4680589676e+01
    2.2419903427e-02   -2.4646127701e+01
    2.2429637611e-02   -2.4615730286e+01
    2.2439371794e-02   -2.4585556030e+01
    2.2449104115e-02   -2.4555606842e+01
    2.2458838299e-02   -2.4525890350e+01
    2.2469788790e-02   -2.4492736816e+01
    2.2479522973e-02   -2.4463520050e+01
    2.2489257157e-02   -2.4434543610e+01
    2.2498991340e-02   -2.4405807495e+01
    2.2509941831e-02   -2.4373775482e+01
    2.2519674152e-02   -2.4345563889e+01
    2.2529408336e-02   -2.4317602158e+01
    2.2539142519e-02   -2.4289894104e+01
    2.2548876703e-02   -2.4262439728e+01
    2.2559827194e-02   -2.4231859207e+01
    2.2569561377e-02   -2.4204952240e+01
    2.2579295561e-02   -2.4178300858e+01
    2.2589027882e-02   -2.4151912689e+01
    2.2599980235e-02   -2.4122535706e+01
    2.2609712556e-02   -2.4096702576e+01
    2.2619446740e-02   -2.4071130753e+01
    2.2629180923e-02   -2.4045824051e+01
    2.2638915107e-02   -2.4020778656e+01
    2.2649865597e-02   -2.3992916107e+01
    2.2659599781e-02   -2.3968429565e+01
    2.2669333965e-02   -2.3944204330e+01
    2.2679068148e-02   -2.3920240402e+01
    2.2688800469e-02   -2.3896535873e+01
    2.2699752823e-02   -2.3870174408e+01
    2.2709485143e-02   -2.3847011566e+01
    2.2719219327e-02   -2.3824102402e+01
    2.2728953511e-02   -2.3801439285e+01
    2.2739904001e-02   -2.3776235580e+01
    2.2749638185e-02   -2.3754083633e+01
    2.2759372368e-02   -2.3732164383e+01
    2.2769106552e-02   -2.3710470200e+01
    2.2778840736e-02   -2.3688995361e+01
    2.2789791226e-02   -2.3665086746e+01
    2.2799525410e-02   -2.3644048691e+01
    2.2809257731e-02   -2.3623199463e+01
    2.2818991914e-02   -2.3602533340e+01
    2.2829942405e-02   -2.3579486847e+01
    2.2839676589e-02   -2.3559169769e+01
    2.2849410772e-02   -2.3538999557e+01
    2.2859144956e-02   -2.3518966675e+01
    2.2868879139e-02   -2.3499053955e+01
    2.2879829630e-02   -2.3476787567e+01
    2.2889563814e-02   -2.3457099915e+01
    2.2899297997e-02   -2.3437500000e+01
    2.2909030318e-02   -2.3417974472e+01
    2.2919980809e-02   -2.3396085739e+01
    2.2929714993e-02   -2.3376688004e+01
    2.2939449176e-02   -2.3357330322e+01
    2.2949183360e-02   -2.3338008881e+01
    2.2958917543e-02   -2.3318712234e+01
    2.2969868034e-02   -2.3297021866e+01
    2.2979602218e-02   -2.3277751923e+01
    2.2989334539e-02   -2.3258481979e+01
    2.2999068722e-02   -2.3239208221e+01
    2.3008802906e-02   -2.3219919205e+01
    2.3019753397e-02   -2.3198198318e+01
    2.3029487580e-02   -2.3178865433e+01
    2.3039221764e-02   -2.3159503937e+01
    2.3048955947e-02   -2.3140106201e+01
    2.3059906438e-02   -2.3118234634e+01
    2.3069640622e-02   -2.3098747253e+01
    2.3079374805e-02   -2.3079208374e+01
    2.3089108989e-02   -2.3059616089e+01
    2.3098841310e-02   -2.3039966583e+01
    2.3109793663e-02   -2.3017784119e+01
    2.3119525984e-02   -2.2997997284e+01
    2.3129260167e-02   -2.2978141785e+01
    2.3138994351e-02   -2.2958209991e+01
    2.3149944842e-02   -2.2935697556e+01
    2.3159679025e-02   -2.2915601730e+01
    2.3169413209e-02   -2.2895421982e+01
    2.3179147393e-02   -2.2875160217e+01
    2.3188881576e-02   -2.2854808807e+01
    2.3199832067e-02   -2.2831809998e+01
    2.3209566250e-02   -2.2811267853e+01
    2.3219300434e-02   -2.2790632248e+01
    2.3229034618e-02   -2.2769901276e+01
    2.3239985108e-02   -2.2746463776e+01
    2.3249719292e-02   -2.2725526810e+01
    2.3259453475e-02   -2.2704486847e+01
    2.3269187659e-02   -2.2683343887e+01
    2.3278919980e-02   -2.2662096024e+01
    2.3289872333e-02   -2.2638063431e+01
    2.3299604654e-02   -2.2616586685e+01
    2.3309338838e-02   -2.2594995499e+01
    2.3319073021e-02   -2.2573291779e+01
    2.3328807205e-02   -2.2551473618e+01
    2.3339757696e-02   -2.2526784897e+01
    2.3349491879e-02   -2.2504713058e+01
    2.3359226063e-02   -2.2482521057e+01
    2.3368960246e-02   -2.2460206985e+01
    2.3379910737e-02   -2.2434959412e+01
    2.3389644921e-02   -2.2412385941e+01
    2.3399377242e-02   -2.2389694214e+01
    2.3409111425e-02   -2.2366882324e+01
    2.3418845609e-02   -2.2343954086e+01
    2.3429796100e-02   -2.2318021774e+01
    2.3439530283e-02   -2.2294853210e+01
    2.3449264467e-02   -2.2271577835e+01
    2.3458998650e-02   -2.2248203278e+01
    2.3469949141e-02   -2.2221788406e+01
    2.3479683325e-02   -2.2198215485e+01
    2.3489417508e-02   -2.2174558640e+01
    2.3499151692e-02   -2.2150825500e+01
    2.3508884013e-02   -2.2127021790e+01
    2.3519836366e-02   -2.2100170135e+01
    2.3529568687e-02   -2.2076246262e+01
    2.3539302871e-02   -2.2052272797e+01
    2.3549037054e-02   -2.2028261185e+01
    2.3559987545e-02   -2.2001205444e+01
    2.3569721729e-02   -2.1977128983e+01
    2.3579455912e-02   -2.1953031540e+01
    2.3589190096e-02   -2.1928915024e+01
    2.3598924279e-02   -2.1904787064e+01
    2.3609874770e-02   -2.1877630234e+01
    2.3619608954e-02   -2.1853483200e+01
    2.3629343137e-02   -2.1829332352e+01
    2.3639075458e-02   -2.1805177689e+01
    2.3648809642e-02   -2.1781019211e+01
    2.3659760132e-02   -2.1753837585e+01
    2.3669494316e-02   -2.1729671478e+01
    2.3679228500e-02   -2.1705499649e+01
    2.3688962683e-02   -2.1681320190e+01
    2.3699913174e-02   -2.1654104233e+01
    2.3709647357e-02   -2.1629896164e+01
    2.3719871417e-02   -2.1604446411e+01
    2.3729488254e-02   -2.1580490112e+01
    2.3739386350e-02   -2.1555801392e+01
    2.3749612272e-02   -2.1530265808e+01
    2.3759838194e-02   -2.1504690170e+01
    2.3769818246e-02   -2.1479686737e+01
    2.3779362440e-02   -2.1455736160e+01
    2.3789588362e-02   -2.1430027008e+01
    2.3799812421e-02   -2.1404260635e+01
    2.3809930310e-02   -2.1378711700e+01
    2.3819958791e-02   -2.1353332520e+01
    2.3829501122e-02   -2.1329118729e+01
    2.3839913309e-02   -2.1302642822e+01
    2.3849939927e-02   -2.1277078629e+01
    2.3859484121e-02   -2.1252689362e+01
    2.3869708180e-02   -2.1226490021e+01
    2.3879934102e-02   -2.1200222015e+01
    2.3889478296e-02   -2.1175642014e+01
    2.3899124935e-02   -2.1150735855e+01
    2.3908857256e-02   -2.1125547409e+01
    2.3919807747e-02   -2.1097148895e+01
    2.3929541931e-02   -2.1071861267e+01
    2.3939687759e-02   -2.1045465469e+01
    2.3949328810e-02   -2.1020357132e+01
    2.3958856240e-02   -2.0995523453e+01
    2.3969806731e-02   -2.0966960907e+01
    2.3979540914e-02   -2.0941562653e+01
    2.3989275098e-02   -2.0916160583e+01
    2.3999007419e-02   -2.0890764236e+01
    2.4009453133e-02   -2.0863523483e+01
    2.4019094184e-02   -2.0838403702e+01
    2.4029601365e-02   -2.0811058044e+01
    2.4039827287e-02   -2.0784490585e+01
    2.4049369618e-02   -2.0759744644e+01
    2.4059595540e-02   -2.0733295441e+01
    2.4069892243e-02   -2.0706737518e+01
    2.4079499766e-02   -2.0682043076e+01
    2.4089965969e-02   -2.0655235291e+01
    2.4099510163e-02   -2.0630891800e+01
    2.4109736085e-02   -2.0604923248e+01
    2.4119464681e-02   -2.0580335617e+01
    2.4129198864e-02   -2.0555858612e+01
    2.4139665067e-02   -2.0529684067e+01
    2.4149890989e-02   -2.0504270554e+01
    2.4159435183e-02   -2.0480695724e+01
    2.4169871584e-02   -2.0455080032e+01
    2.4178950116e-02   -2.0432945251e+01
    2.4189805612e-02   -2.0406663895e+01
    2.4199349806e-02   -2.0383729935e+01
    2.4209465832e-02   -2.0359600067e+01
    2.4219200015e-02   -2.0336565018e+01
    2.4228934199e-02   -2.0313707352e+01
    2.4239886552e-02   -2.0288206100e+01
    2.4249618873e-02   -2.0265727997e+01
    2.4259353057e-02   -2.0243429184e+01
    2.4269087240e-02   -2.0221311569e+01
    2.4278821424e-02   -2.0199375153e+01
    2.4289773777e-02   -2.0174919128e+01
    2.4299507961e-02   -2.0153377533e+01
    2.4309242144e-02   -2.0132024765e+01
    2.4318976328e-02   -2.0110860825e+01
    2.4329926819e-02   -2.0087276459e+01
    2.4339661002e-02   -2.0066514969e+01
    2.4349395186e-02   -2.0045936584e+01
    2.4359129369e-02   -2.0025545120e+01
    2.4368863553e-02   -2.0005334854e+01
    2.4379814044e-02   -1.9982812881e+01
    2.4389550090e-02   -1.9962978363e+01
    2.4399284273e-02   -1.9943313599e+01
    2.4409018457e-02   -1.9923816681e+01
    2.4419968948e-02   -1.9902076721e+01
    2.4429703131e-02   -1.9882919312e+01
    2.4439437315e-02   -1.9863916397e+01
    2.4449171498e-02   -1.9845060349e+01
    2.4458905682e-02   -1.9826349258e+01
    2.4469858035e-02   -1.9805461884e+01
    2.4479592219e-02   -1.9787033081e+01
    2.4489326403e-02   -1.9768728256e+01
    2.4499060586e-02   -1.9750535965e+01
    2.4508794770e-02   -1.9732448578e+01
    2.4519747123e-02   -1.9712215424e+01
    2.4529481307e-02   -1.9694322586e+01
    2.4539215490e-02   -1.9676507950e+01
    2.4548949674e-02   -1.9658761978e+01
    2.4559902027e-02   -1.9638870239e+01
    2.4569636211e-02   -1.9621244431e+01
    2.4579370394e-02   -1.9603660583e+01
    2.4589104578e-02   -1.9586114883e+01
    2.4598838761e-02   -1.9568593979e+01
    2.4609791115e-02   -1.9548908234e+01
    2.4619525298e-02   -1.9531421661e+01
    2.4629259482e-02   -1.9513938904e+01
    2.4638993666e-02   -1.9496450424e+01
    2.4649946019e-02   -1.9476764679e+01
    2.4659680203e-02   -1.9459245682e+01
    2.4669414386e-02   -1.9441701889e+01
    2.4679150432e-02   -1.9424129486e+01
    2.4688884616e-02   -1.9406520844e+01
    2.4699835107e-02   -1.9386661530e+01
    2.4709571153e-02   -1.9368963242e+01
    2.4719305336e-02   -1.9351215363e+01
    2.4729039520e-02   -1.9333417892e+01
    2.4739991874e-02   -1.9313327789e+01
    2.4749726057e-02   -1.9295410156e+01
    2.4759460241e-02   -1.9277431488e+01
    2.4769196287e-02   -1.9259387970e+01
    2.4778930470e-02   -1.9241281509e+01
    2.4789882824e-02   -1.9220829010e+01
    2.4799617007e-02   -1.9202575684e+01
    2.4809351191e-02   -1.9184249878e+01
    2.4819087237e-02   -1.9165853500e+01
    2.4828821421e-02   -1.9147380829e+01
    2.4839773774e-02   -1.9126510620e+01
    2.4849507958e-02   -1.9107879639e+01
    2.4859242141e-02   -1.9089174271e+01
    2.4868978187e-02   -1.9070390701e+01
    2.4879928678e-02   -1.9049171448e+01
    2.4889664724e-02   -1.9030227661e+01
    2.4899398908e-02   -1.9011211395e+01
    2.4909133092e-02   -1.8992118835e+01
    2.4918869138e-02   -1.8972951889e+01
    2.4929819629e-02   -1.8951301575e+01
    2.4939555675e-02   -1.8931974411e+01
    2.4949289858e-02   -1.8912572861e+01
    2.4959025905e-02   -1.8893095016e+01
    2.4969976395e-02   -1.8871088028e+01
    2.4979712442e-02   -1.8851442337e+01
    2.4989446625e-02   -1.8831714630e+01
    2.4999180809e-02   -1.8811904907e+01
    2.5008916855e-02   -1.8792007446e+01
    2.5019867346e-02   -1.8769515991e+01
    2.5029603392e-02   -1.8749425888e+01
    2.5039337575e-02   -1.8729240417e+01
    2.5049073622e-02   -1.8708951950e+01
    2.5058807805e-02   -1.8688556671e+01
    2.5069760159e-02   -1.8665481567e+01
    2.5079494342e-02   -1.8644847870e+01
    2.5089228526e-02   -1.8624094009e+01
    2.5098964572e-02   -1.8603216171e+01
    2.5109915063e-02   -1.8579572678e+01
    2.5119651109e-02   -1.8558414459e+01
    2.5129385293e-02   -1.8537120819e+01
    2.5139119476e-02   -1.8515682220e+01
    2.5148855522e-02   -1.8494100571e+01
    2.5159807876e-02   -1.8469640732e+01
    2.5169542059e-02   -1.8447738647e+01
    2.5179276243e-02   -1.8425680161e+01
    2.5189012289e-02   -1.8403465271e+01
    2.5199962780e-02   -1.8378282547e+01
    2.5209698826e-02   -1.8355726242e+01
    2.5219433010e-02   -1.8333007812e+01
    2.5229167193e-02   -1.8310125351e+01
    2.5238903239e-02   -1.8287078857e+01
    2.5249853730e-02   -1.8260950089e+01
    2.5259589776e-02   -1.8237548828e+01
    2.5269323960e-02   -1.8213977814e+01
    2.5279060006e-02   -1.8190238953e+01
    2.5288794190e-02   -1.8166332245e+01
    2.5299746543e-02   -1.8139230728e+01
    2.5309480727e-02   -1.8114961624e+01
    2.5319214910e-02   -1.8090520859e+01
    2.5328950956e-02   -1.8065906525e+01
    2.5339901447e-02   -1.8038007736e+01
    2.5349752977e-02   -1.8012725830e+01
    2.5359522551e-02   -1.7987474442e+01
    2.5369251147e-02   -1.7962148666e+01
    2.5378985330e-02   -1.7936630249e+01
    2.5389937684e-02   -1.7907709122e+01
    2.5399671867e-02   -1.7881811142e+01
    2.5409407914e-02   -1.7855731964e+01
    2.5419142097e-02   -1.7829471588e+01
    2.5428876281e-02   -1.7803031921e+01
    2.5439828634e-02   -1.7773069382e+01
    2.5449562818e-02   -1.7746246338e+01
    2.5459297001e-02   -1.7719240189e+01
    2.5469033048e-02   -1.7692056656e+01
    2.5479983538e-02   -1.7661262512e+01
    2.5489717722e-02   -1.7633701324e+01
    2.5499453768e-02   -1.7605964661e+01
    2.5509187952e-02   -1.7578056335e+01
    2.5518922135e-02   -1.7549978256e+01
    2.5529874489e-02   -1.7518188477e+01
    2.5539608672e-02   -1.7489757538e+01
    2.5549342856e-02   -1.7461166382e+01
    2.5559078902e-02   -1.7432418823e+01
    2.5568813086e-02   -1.7403516769e+01
    2.5579763576e-02   -1.7370824814e+01
    2.5589499623e-02   -1.7341615677e+01
    2.5599233806e-02   -1.7312265396e+01
    2.5608967990e-02   -1.7282785416e+01
    2.5619920343e-02   -1.7249469757e+01
    2.5629654527e-02   -1.7219730377e+01
    2.5639388710e-02   -1.7189882278e+01
    2.5649124756e-02   -1.7159929276e+01
    2.5658858940e-02   -1.7129880905e+01
    2.5669809431e-02   -1.7095975876e+01
    2.5679545477e-02   -1.7065755844e+01
    2.5689279661e-02   -1.7035469055e+01
    2.5699013844e-02   -1.7005123138e+01
    2.5709966198e-02   -1.6970926285e+01
    2.5719700381e-02   -1.6940488815e+01
    2.5729434565e-02   -1.6910018921e+01
    2.5739170611e-02   -1.6879529953e+01
    2.5748904794e-02   -1.6849027634e+01
    2.5759855285e-02   -1.6814708710e+01
    2.5769591331e-02   -1.6784208298e+01
    2.5779325515e-02   -1.6753719330e+01
    2.5789059699e-02   -1.6723251343e+01
    2.5798793882e-02   -1.6692810059e+01
    2.5809746236e-02   -1.6658599854e+01
    2.5819480419e-02   -1.6628232956e+01
    2.5829706341e-02   -1.6596376419e+01
    2.5839930400e-02   -1.6564571381e+01
    2.5849474594e-02   -1.6534933090e+01
    2.5859769434e-02   -1.6503019333e+01
    2.5869993493e-02   -1.6471372604e+01
    2.5879537687e-02   -1.6441883087e+01
    2.5889763609e-02   -1.6410341263e+01
    2.5899989530e-02   -1.6378852844e+01
    2.5909531862e-02   -1.6349508286e+01
    2.5919757783e-02   -1.6318117142e+01
    2.5929983705e-02   -1.6286769867e+01
    2.5939527899e-02   -1.6257553101e+01
    2.5949751958e-02   -1.6226289749e+01
    2.5959977880e-02   -1.6195066452e+01
    2.5968911126e-02   -1.6167814255e+01
    2.5979734957e-02   -1.6134834290e+01
    2.5989374146e-02   -1.6105487823e+01
    2.5999600068e-02   -1.6074384689e+01
    2.6009825990e-02   -1.6043310165e+01
    2.6019262150e-02   -1.6014656067e+01
    2.6028996333e-02   -1.5985115051e+01
    2.6039851829e-02   -1.5952194214e+01
    2.6049396023e-02   -1.5923273087e+01
    2.6059621945e-02   -1.5892305374e+01
    2.6069847867e-02   -1.5861359596e+01
    2.6079459116e-02   -1.5832290649e+01
    2.6089362800e-02   -1.5802361488e+01
    2.6099096984e-02   -1.5772963524e+01
    2.6108831167e-02   -1.5743588448e+01
    2.6119783521e-02   -1.5710573196e+01
    2.6129957289e-02   -1.5679931641e+01
    2.6139501482e-02   -1.5651220322e+01
    2.6149727404e-02   -1.5620493889e+01
    2.6159951463e-02   -1.5589807510e+01
    2.6169495657e-02   -1.5561207771e+01
    2.6179721579e-02   -1.5530611992e+01
    2.6189947501e-02   -1.5500069618e+01
    2.6199411601e-02   -1.5471851349e+01
    2.6209602132e-02   -1.5441522598e+01
    2.6219338179e-02   -1.5412613869e+01
    2.6229530573e-02   -1.5382412910e+01
    2.6239169762e-02   -1.5353917122e+01
    2.6249561459e-02   -1.5323280334e+01
    2.6259787381e-02   -1.5293211937e+01
    2.6269329712e-02   -1.5265225410e+01
    2.6279555634e-02   -1.5235324860e+01
    2.6289781556e-02   -1.5205515862e+01
    2.6299325749e-02   -1.5177777290e+01
    2.6309549809e-02   -1.5148149490e+01
    2.6319775730e-02   -1.5118618965e+01
    2.6329319924e-02   -1.5091143608e+01
    2.6339545846e-02   -1.5061800003e+01
    2.6349769905e-02   -1.5032551765e+01
    2.6359995827e-02   -1.5003399849e+01
    2.6369540021e-02   -1.4976274490e+01
    2.6379765943e-02   -1.4947299957e+01
    2.6389990002e-02   -1.4918415070e+01
    2.6399534196e-02   -1.4891531944e+01
    2.6409760118e-02   -1.4862807274e+01
    2.6419986039e-02   -1.4834160805e+01
    2.6429528370e-02   -1.4807491302e+01
    2.6439754292e-02   -1.4778985023e+01
    2.6449980214e-02   -1.4750546455e+01
    2.6459524408e-02   -1.4724061012e+01
    2.6469748467e-02   -1.4695742607e+01
    2.6479974389e-02   -1.4667483330e+01
    2.6489518583e-02   -1.4641158104e+01
    2.6499744505e-02   -1.4613003731e+01
    2.6509968564e-02   -1.4584900856e+01
    2.6519512758e-02   -1.4558713913e+01
    2.6529738680e-02   -1.4530700684e+01
    2.6539964601e-02   -1.4502730370e+01
    2.6549506932e-02   -1.4476663589e+01
    2.6559732854e-02   -1.4448773384e+01
    2.6569958776e-02   -1.4420925140e+01
    2.6579257101e-02   -1.4395634651e+01
    2.6589861140e-02   -1.4366835594e+01
    2.6599597186e-02   -1.4340436935e+01
    2.6609623805e-02   -1.4313279152e+01
    2.6619849727e-02   -1.4285624504e+01
    2.6629393920e-02   -1.4259843826e+01
    2.6639619842e-02   -1.4232254028e+01
    2.6649843901e-02   -1.4204691887e+01
    2.6659388095e-02   -1.4178990364e+01
    2.6669614017e-02   -1.4151473045e+01
    2.6679839939e-02   -1.4123971939e+01
    2.6689568534e-02   -1.4097815514e+01
    2.6699302718e-02   -1.4071649551e+01
    2.6709036902e-02   -1.4045483589e+01
    2.6719989255e-02   -1.4016040802e+01
    2.6729628444e-02   -1.3990114212e+01
    2.6739852503e-02   -1.3962592125e+01
    2.6749396697e-02   -1.3936882973e+01
    2.6759622619e-02   -1.3909307480e+01
    2.6769848540e-02   -1.3881693840e+01
    2.6779390872e-02   -1.3855881691e+01
    2.6789616793e-02   -1.3828175545e+01
    2.6799842715e-02   -1.3800410271e+01
    2.6809386909e-02   -1.3774436951e+01
    2.6819679886e-02   -1.3746350288e+01
    2.6829123497e-02   -1.3720508575e+01
    2.6839679107e-02   -1.3691534996e+01
    2.6849905029e-02   -1.3663372040e+01
    2.6859449223e-02   -1.3636995316e+01
    2.6869675145e-02   -1.3608630180e+01
    2.6879899204e-02   -1.3580152512e+01
    2.6889443398e-02   -1.3553469658e+01
    2.6899669319e-02   -1.3524764061e+01
    2.6909895241e-02   -1.3495936394e+01
    2.6919437572e-02   -1.3468917847e+01
    2.6929700747e-02   -1.3439738274e+01
    2.6939576492e-02   -1.3411540985e+01
    2.6949800551e-02   -1.3382212639e+01
    2.6959344745e-02   -1.3354721069e+01
    2.6969570667e-02   -1.3325139046e+01
    2.6979796588e-02   -1.3295428276e+01
    2.6989338920e-02   -1.3267581940e+01
    2.6999564841e-02   -1.3237627029e+01
    2.7009790763e-02   -1.3207550049e+01
    2.7019334957e-02   -1.3179372787e+01
    2.7029559016e-02   -1.3149076462e+01
    2.7039784938e-02   -1.3118676186e+01
    2.7049329132e-02   -1.3090214729e+01
    2.7059555054e-02   -1.3059633255e+01
    2.7069779113e-02   -1.3028967857e+01
    2.7079323307e-02   -1.3000278473e+01
    2.7089549229e-02   -1.2969472885e+01
    2.7099775150e-02   -1.2938605309e+01
    2.7109317482e-02   -1.2909745216e+01
    2.7119543403e-02   -1.2878776550e+01
    2.7129769325e-02   -1.2847763062e+01
    2.7139995247e-02   -1.2816711426e+01
    2.7149537578e-02   -1.2787699699e+01
    2.7159763500e-02   -1.2756587982e+01
    2.7169989422e-02   -1.2725455284e+01
    2.7179533616e-02   -1.2696381569e+01
    2.7189757675e-02   -1.2665221214e+01
    2.7199983597e-02   -1.2634053230e+01
    2.7209527791e-02   -1.2604963303e+01
    2.7219751850e-02   -1.2573799133e+01
    2.7229977772e-02   -1.2542644501e+01
    2.7239521965e-02   -1.2513580322e+01
    2.7249747887e-02   -1.2482460022e+01
    2.7259971946e-02   -1.2451366425e+01
    2.7269516140e-02   -1.2422372818e+01
    2.7279742062e-02   -1.2391344070e+01
    2.7289967984e-02   -1.2360357285e+01
    2.7299510315e-02   -1.2331480980e+01
    2.7309736237e-02   -1.2300594330e+01
    2.7319962159e-02   -1.2269768715e+01
    2.7329506353e-02   -1.2241058350e+01
    2.7339730412e-02   -1.2210367203e+01
    2.7349956334e-02   -1.2179755211e+01
    2.7359500527e-02   -1.2151258469e+01
    2.7369726449e-02   -1.2120811462e+01
    2.7379950508e-02   -1.2090456009e+01
    2.7389494702e-02   -1.2062211037e+01
    2.7399720624e-02   -1.2032044411e+01
    2.7409946546e-02   -1.2001980782e+01
    2.7419488877e-02   -1.1974018097e+01
    2.7429714799e-02   -1.1944162369e+01
    2.7439940721e-02   -1.1914418221e+01
    2.7449484915e-02   -1.1886758804e+01
    2.7459708974e-02   -1.1857231140e+01
    2.7469934896e-02   -1.1827816010e+01
    2.7479479089e-02   -1.1800460815e+01
    2.7489705011e-02   -1.1771255493e+01
    2.7499929070e-02   -1.1742154121e+01
    2.7509473264e-02   -1.1715085030e+01
    2.7519699186e-02   -1.1686178207e+01
    2.7529925108e-02   -1.1657364845e+01
    2.7539467439e-02   -1.1630553246e+01
    2.7549693361e-02   -1.1601909637e+01
    2.7559919283e-02   -1.1573344231e+01
    2.7569463477e-02   -1.1546751022e+01
    2.7579687536e-02   -1.1518321991e+01
    2.7589913458e-02   -1.1489954948e+01
    2.7599457651e-02   -1.1463527679e+01
    2.7609683573e-02   -1.1435257912e+01
    2.7619907632e-02   -1.1407030106e+01
    2.7629451826e-02   -1.1380715370e+01
    2.7639677748e-02   -1.1352547646e+01
    2.7649903670e-02   -1.1324400902e+01
    2.7659446001e-02   -1.1298143387e+01
    2.7669671923e-02   -1.1270016670e+01
    2.7679866180e-02   -1.1241977692e+01
    2.7689622715e-02   -1.1215136528e+01
    2.7699848637e-02   -1.1186997414e+01
    2.7709392831e-02   -1.1160722733e+01
    2.7719618753e-02   -1.1132554054e+01
    2.7729842812e-02   -1.1104365349e+01
    2.7739387006e-02   -1.1078034401e+01
    2.7749612927e-02   -1.1049798012e+01
    2.7759838849e-02   -1.1021533966e+01
    2.7769381180e-02   -1.0995127678e+01
    2.7779607102e-02   -1.0966807365e+01
    2.7789833024e-02   -1.0938457489e+01
    2.7799377218e-02   -1.0911972046e+01
    2.7809601277e-02   -1.0883570671e+01
    2.7819827199e-02   -1.0855146408e+01
    2.7829371393e-02   -1.0828600883e+01
    2.7839597315e-02   -1.0800142288e+01
    2.7849821374e-02   -1.0771673203e+01
    2.7859365568e-02   -1.0745094299e+01
    2.7869591489e-02   -1.0716613770e+01
    2.7879817411e-02   -1.0688134193e+01
    2.7889359742e-02   -1.0661559105e+01
    2.7899585664e-02   -1.0633098602e+01
    2.7909811586e-02   -1.0604659081e+01
    2.7919355780e-02   -1.0578141212e+01
    2.7929579839e-02   -1.0549766541e+01
    2.7939805761e-02   -1.0521437645e+01
    2.7949349955e-02   -1.0495047569e+01
    2.7959575877e-02   -1.0466835022e+01
    2.7969799936e-02   -1.0438694954e+01
    2.7979344130e-02   -1.0412502289e+01
    2.7989570051e-02   -1.0384521484e+01
    2.7999795973e-02   -1.0356630325e+01
    2.8009338304e-02   -1.0330682755e+01
    2.8019564226e-02   -1.0302972794e+01
    2.8029790148e-02   -1.0275359154e+01
    2.8039334342e-02   -1.0249671936e+01
    2.8049558401e-02   -1.0222240448e+01
    2.8059784323e-02   -1.0194899559e+01
    2.8069328517e-02   -1.0169461250e+01
    2.8079554439e-02   -1.0142287254e+01
    2.8089778498e-02   -1.0115194321e+01
    2.8099322692e-02   -1.0089979172e+01
    2.8109548613e-02   -1.0063036919e+01
    2.8119774535e-02   -1.0036170006e+01
    2.8129998595e-02   -1.0009377480e+01
    2.8139542788e-02   -9.9844379425e+00
    2.8149768710e-02   -9.9577903748e+00
    2.8159992769e-02   -9.9312181473e+00
    2.8169536963e-02   -9.9064884186e+00
    2.8179762885e-02   -9.8800706863e+00
    2.8189988807e-02   -9.8537359238e+00
    2.8199531138e-02   -9.8292350769e+00
    2.8209757060e-02   -9.8030729294e+00
    2.8219982982e-02   -9.7770042419e+00
    2.8229527175e-02   -9.7527618408e+00
    2.8239751235e-02   -9.7268819809e+00
    2.8249977157e-02   -9.7011003494e+00
    2.8259890154e-02   -9.6762018204e+00
    2.8269529343e-02   -9.6520700455e+00
    2.8279170394e-02   -9.6280164719e+00
    2.8289843351e-02   -9.6014699936e+00
    2.8299385682e-02   -9.5778017044e+00
    2.8309611604e-02   -9.5525064468e+00
    2.8319837525e-02   -9.5272665024e+00
    2.8329467401e-02   -9.5035381317e+00
    2.8339106590e-02   -9.4798164368e+00
    2.8349710628e-02   -9.4537458420e+00
    2.8359467164e-02   -9.4297695160e+00
    2.8369693086e-02   -9.4046440125e+00
    2.8379919007e-02   -9.3795080185e+00
    2.8389463201e-02   -9.3560266495e+00
    2.8399687260e-02   -9.3308372498e+00
    2.8409913182e-02   -9.3056030273e+00
    2.8419457376e-02   -9.2820034027e+00
    2.8429683298e-02   -9.2566566467e+00
    2.8439907357e-02   -9.2312402725e+00
    2.8449663892e-02   -9.2069215775e+00
    2.8459247202e-02   -9.1829557419e+00
    2.8469851241e-02   -9.1563482285e+00
    2.8479490429e-02   -9.1320714951e+00
    2.8489930555e-02   -9.1056842804e+00
    2.8499472886e-02   -9.0814666748e+00
    2.8509698808e-02   -9.0554141998e+00
    2.8519924730e-02   -9.0292520523e+00
    2.8529468924e-02   -9.0047302246e+00
    2.8539692983e-02   -8.9783458710e+00
    2.8549605981e-02   -8.9526586533e+00
    2.8559245169e-02   -8.9275712967e+00
    2.8569849208e-02   -8.8998565674e+00
    2.8579490259e-02   -8.8745555878e+00
    2.8589129448e-02   -8.8491563797e+00
    2.8599733487e-02   -8.8211059570e+00
    2.8609374538e-02   -8.7955083847e+00
    2.8619978577e-02   -8.7672452927e+00
    2.8629617766e-02   -8.7414588928e+00
    2.8639258817e-02   -8.7155857086e+00
    2.8649862856e-02   -8.6870260239e+00
    2.8659502044e-02   -8.6609745026e+00
    2.8669143096e-02   -8.6348419189e+00
    2.8679747134e-02   -8.6060066223e+00
    2.8689386323e-02   -8.5797147751e+00
    2.8699990362e-02   -8.5507154465e+00
    2.8709631413e-02   -8.5242881775e+00
    2.8719339520e-02   -8.4976177216e+00
    2.8729565442e-02   -8.4694766998e+00
    2.8739791363e-02   -8.4412918091e+00
    2.8749333695e-02   -8.4149551392e+00
    2.8759559616e-02   -8.3867120743e+00
    2.8769785538e-02   -8.3584527969e+00
    2.8779329732e-02   -8.3320703506e+00
    2.8789553791e-02   -8.3038043976e+00
    2.8799779713e-02   -8.2755489349e+00
    2.8809323907e-02   -8.2491922379e+00
    2.8819549829e-02   -8.2209777832e+00
    2.8829773888e-02   -8.1927938461e+00
    2.8839318082e-02   -8.1665229797e+00
    2.8849544004e-02   -8.1384181976e+00
    2.8859769925e-02   -8.1103610992e+00
    2.8869524598e-02   -8.0836429596e+00
    2.8878947720e-02   -8.0578823090e+00
    2.8889898211e-02   -8.0280084610e+00
    2.8899632394e-02   -8.0015106201e+00
    2.8909366578e-02   -7.9750657082e+00
    2.8919911012e-02   -7.9464759827e+00
    2.8929455206e-02   -7.9206500053e+00
    2.8939681128e-02   -7.8930292130e+00
    2.8949905187e-02   -7.8654565811e+00
    2.8959449381e-02   -7.8397631645e+00
    2.8969675303e-02   -7.8122773170e+00
    2.8979111463e-02   -7.7869524956e+00
    2.8989555314e-02   -7.7589616776e+00
    2.8999196365e-02   -7.7331681252e+00
    2.9009800404e-02   -7.7048397064e+00
    2.9019439593e-02   -7.6791267395e+00
    2.9029080644e-02   -7.6534514427e+00
    2.9039684683e-02   -7.6252503395e+00
    2.9049323872e-02   -7.5996489525e+00
    2.9059927911e-02   -7.5715246201e+00
    2.9069568962e-02   -7.5459876060e+00
    2.9079208151e-02   -7.5204772949e+00
    2.9089653865e-02   -7.4928641319e+00
    2.9099293053e-02   -7.4673976898e+00
    2.9109897092e-02   -7.4394025803e+00
    2.9119538143e-02   -7.4139661789e+00
    2.9129177332e-02   -7.3885402679e+00
    2.9139781371e-02   -7.3605804443e+00
    2.9149422422e-02   -7.3351697922e+00
    2.9159061611e-02   -7.3097639084e+00
    2.9169665650e-02   -7.2818226814e+00
    2.9179306701e-02   -7.2564253807e+00
    2.9189910740e-02   -7.2284917831e+00
    2.9199549928e-02   -7.2031002045e+00
    2.9209190980e-02   -7.1777110100e+00
    2.9219795018e-02   -7.1497845650e+00
    2.9229434207e-02   -7.1243987083e+00
    2.9239075258e-02   -7.0990152359e+00
    2.9249679297e-02   -7.0710959435e+00
    2.9259318486e-02   -7.0457186699e+00
    2.9269922525e-02   -7.0178079605e+00
    2.9279563576e-02   -6.9924402237e+00
    2.9289202765e-02   -6.9670786858e+00
    2.9299806803e-02   -6.9391899109e+00
    2.9309447855e-02   -6.9138450623e+00
    2.9319439083e-02   -6.8875865936e+00
    2.9329665005e-02   -6.8607220650e+00
    2.9339889064e-02   -6.8338670731e+00
    2.9349433258e-02   -6.8088107109e+00
    2.9359579086e-02   -6.7821817398e+00
    2.9369220138e-02   -6.7568883896e+00
    2.9379824176e-02   -6.7290754318e+00
    2.9389463365e-02   -6.7038006783e+00
    2.9399104416e-02   -6.6785373688e+00
    2.9409611598e-02   -6.6510152817e+00
    2.9419837520e-02   -6.6242523193e+00
    2.9429379851e-02   -6.5992956161e+00
    2.9439974576e-02   -6.5716242790e+00
    2.9449613765e-02   -6.5464768410e+00
    2.9459254816e-02   -6.5213675499e+00
    2.9469858855e-02   -6.4937977791e+00
    2.9479401186e-02   -6.4690380096e+00
    2.9489627108e-02   -6.4425725937e+00
    2.9499853030e-02   -6.4161801338e+00
    2.9509397224e-02   -6.3916201591e+00
    2.9519621283e-02   -6.3653912544e+00
    2.9529847205e-02   -6.3392567635e+00
    2.9539311305e-02   -6.3151578903e+00
    2.9549866915e-02   -6.2883868217e+00
    2.9559411108e-02   -6.2642855644e+00
    2.9569637030e-02   -6.2385749817e+00
    2.9579862952e-02   -6.2129855156e+00
    2.9589405283e-02   -6.1892156601e+00
    2.9599631205e-02   -6.1638731956e+00
    2.9609857127e-02   -6.1386642456e+00
    2.9619401321e-02   -6.1152601242e+00
    2.9629625380e-02   -6.0903201103e+00
    2.9639851302e-02   -6.0655231476e+00
    2.9649395496e-02   -6.0425105095e+00
    2.9659621418e-02   -6.0179963112e+00
    2.9669845477e-02   -5.9936294556e+00
    2.9679389670e-02   -5.9710206985e+00
    2.9689615592e-02   -5.9469399452e+00
    2.9699841514e-02   -5.9230051041e+00
    2.9709383845e-02   -5.9007959366e+00
    2.9719609767e-02   -5.8771367073e+00
    2.9729835689e-02   -5.8536138535e+00
    2.9739981517e-02   -5.8304042816e+00
    2.9749620706e-02   -5.8084664345e+00
    2.9759261757e-02   -5.7866334915e+00
    2.9769865796e-02   -5.7627305984e+00
    2.9779504985e-02   -5.7410960197e+00
    2.9789146036e-02   -5.7195439339e+00
    2.9799750075e-02   -5.6959218979e+00
    2.9809389263e-02   -5.6745162010e+00
    2.9819993302e-02   -5.6510338783e+00
    2.9829634354e-02   -5.6297349930e+00
    2.9839273542e-02   -5.6084742546e+00
    2.9849877581e-02   -5.5851206779e+00
    2.9859518632e-02   -5.5639123917e+00
    2.9869744554e-02   -5.5414304733e+00
    2.9879968613e-02   -5.5189542770e+00
    2.9889512807e-02   -5.4979748726e+00
    2.9899738729e-02   -5.4754877090e+00
    2.9909964651e-02   -5.4529848099e+00
    2.9919506982e-02   -5.4319615364e+00
    2.9929732904e-02   -5.4094095230e+00
    2.9939958826e-02   -5.3868236542e+00
    2.9949503019e-02   -5.3657073975e+00
    2.9959727079e-02   -5.3430390358e+00
    2.9969953001e-02   -5.3203186989e+00
    2.9979497194e-02   -5.2990598679e+00
    2.9989723116e-02   -5.2762188911e+00
    2.9999947175e-02   -5.2533049583e+00
    3.0000628904e-02   -5.2517743111e+00
