      3002
    0.0000000000e+00    0.0000000000e+00
    9.7362280940e-06   -5.2290732810e-07
    1.9472456188e-05   -1.9754277218e-06
    2.9208684282e-05   -4.3575610107e-06
    3.8944912376e-05   -7.6693077062e-06
    4.9898168072e-05   -1.2506199710e-05
    5.9634396166e-05   -1.7793374354e-05
    6.9370624260e-05   -2.4010161724e-05
    7.9106852354e-05   -3.1156559999e-05
    8.8843080448e-05   -3.9232574636e-05
    9.9796336144e-05   -4.9429265346e-05
    1.0953256424e-04   -5.9480702475e-05
    1.1936988449e-04   -7.0580652391e-05
    1.2953022087e-04   -8.3041348262e-05
    1.3996323105e-04   -9.6889933047e-05
    1.4953492791e-04   -1.1053410708e-04
    1.5932475799e-04   -1.2541846081e-04
    1.6991917801e-04   -4.2834525811e-04
    1.7999132979e-04   -8.2718534395e-03
    1.8913866370e-04   -2.5452096015e-02
    1.9923162472e-04   -5.4176446050e-02
    2.0896780188e-04   -8.9498832822e-02
    2.1992098482e-04   -1.3660241663e-01
    2.2965716198e-04   -1.8383532763e-01
    2.3939332459e-04   -2.3525282741e-01
    2.4912951631e-04   -2.9022562504e-01
    2.5886573712e-04   -3.4815570712e-01
    2.6981896372e-04   -4.1616055369e-01
    2.7955518453e-04   -4.7857359052e-01
    2.8929137625e-04   -5.4240041971e-01
    2.9902759707e-04   -6.0733807087e-01
    3.0998082366e-04   -6.8143904209e-01
    3.1971701537e-04   -7.4805313349e-01
    3.2945323619e-04   -8.1522673368e-01
    3.3918942790e-04   -8.8284325600e-01
    3.4892561962e-04   -9.5079296827e-01
    3.5987884621e-04   -1.0275057554e+00
    3.6961500882e-04   -1.0958299637e+00
    3.7935117143e-04   -1.1642037630e+00
    3.8908733404e-04   -1.2325803041e+00
    3.9882346755e-04   -1.3009390831e+00
    4.0977660683e-04   -1.3778169155e+00
    4.1951274034e-04   -1.4461297989e+00
    4.2924884474e-04   -1.5144149065e+00
    4.3898492004e-04   -1.5826597214e+00
    4.4993803021e-04   -1.6593687534e+00
    4.5967410551e-04   -1.7274858952e+00
    4.6941020992e-04   -1.7955416441e+00
    4.7914628522e-04   -1.8635538816e+00
    4.8888236051e-04   -1.9315518141e+00
    4.9983541248e-04   -2.0080702305e+00
    5.0957145868e-04   -2.0761234760e+00
    5.1930750487e-04   -2.1442012787e+00
    5.2904355107e-04   -2.2122659683e+00
    5.3999660304e-04   -2.2887549400e+00
    5.4973264923e-04   -2.3566122055e+00
    5.5946863722e-04   -2.4243075848e+00
    5.6920468342e-04   -2.4918313026e+00
    5.7894072961e-04   -2.5591957569e+00
    5.8989372337e-04   -2.6348249912e+00
    5.9962976957e-04   -2.7019519806e+00
    6.0936575755e-04   -2.7690210342e+00
    6.1910174554e-04   -2.8360574245e+00
    6.2883773353e-04   -2.9030742645e+00
    6.3979072729e-04   -2.9784448147e+00
    6.4952671528e-04   -3.0454101562e+00
    6.5926270327e-04   -3.1123325825e+00
    6.6899863305e-04   -3.1791989803e+00
    6.7995156860e-04   -3.2543456554e+00
    6.8968749838e-04   -3.3210704327e+00
    6.9942342816e-04   -3.3877298832e+00
    7.0915935794e-04   -3.4543294907e+00
    7.1889528772e-04   -3.5208730698e+00
    7.2984816507e-04   -3.5956664085e+00
    7.3958403664e-04   -3.6620843410e+00
    7.4931996642e-04   -3.7284369469e+00
    7.5905583799e-04   -3.7947232723e+00
    7.6879170956e-04   -3.8609414101e+00
    7.7974458691e-04   -3.9353466034e+00
    7.8948045848e-04   -4.0013899803e+00
    7.9921633005e-04   -4.0673260689e+00
    8.0895220162e-04   -4.1331391335e+00
    8.1990502076e-04   -4.2070212364e+00
    8.2964089233e-04   -4.2725524902e+00
    8.3937670570e-04   -4.3379569054e+00
    8.4911251906e-04   -4.4032449722e+00
    8.5884833243e-04   -4.4684295654e+00
    8.6980109336e-04   -4.5416517258e+00
    8.7953690672e-04   -4.6066474915e+00
    8.8927266188e-04   -4.6715607643e+00
    8.9900847524e-04   -4.7363877296e+00
    9.0996123618e-04   -4.8092117310e+00
    9.1969704954e-04   -4.8738479614e+00
    9.2943280470e-04   -4.9383969307e+00
    9.3916861806e-04   -5.0028624535e+00
    9.4890443143e-04   -5.0672459602e+00
    9.5985713415e-04   -5.1395759583e+00
    9.6959294751e-04   -5.2037711143e+00
    9.7932864446e-04   -5.2678647041e+00
    9.8906445783e-04   -5.3318500519e+00
    9.9880015478e-04   -5.3957252502e+00
    1.0097529739e-03   -5.4674577713e+00
    1.0194886709e-03   -5.5311169624e+00
    1.0292244842e-03   -5.5946922302e+00
    1.0389602976e-03   -5.6581935883e+00
    1.0499130003e-03   -5.7295556068e+00
    1.0596488137e-03   -5.7929239273e+00
    1.0693845106e-03   -5.8562293053e+00
    1.0791202076e-03   -5.9194669724e+00
    1.0888560209e-03   -5.9826302528e+00
    1.0998087237e-03   -6.0535902977e+00
    1.1095444206e-03   -6.1165714264e+00
    1.1192800011e-03   -6.1794595718e+00
    1.1290156981e-03   -6.2422537804e+00
    1.1399682844e-03   -6.3127856255e+00
    1.1497038649e-03   -6.3753848076e+00
    1.1594395619e-03   -6.4378991127e+00
    1.1691751424e-03   -6.5003333092e+00
    1.1789107230e-03   -6.5626935959e+00
    1.1898631928e-03   -6.6327686310e+00
    1.1995987734e-03   -6.6949911118e+00
    1.2093343539e-03   -6.7571563721e+00
    1.2190698180e-03   -6.8192658424e+00
    1.2288053986e-03   -6.8813195229e+00
    1.2397578685e-03   -6.9510588646e+00
    1.2494933326e-03   -7.0129804611e+00
    1.2592287967e-03   -7.0748300552e+00
    1.2689642608e-03   -7.1366000175e+00
    1.2799164979e-03   -7.2059884071e+00
    1.2896518456e-03   -7.2675709724e+00
    1.2993871933e-03   -7.3290610313e+00
    1.3091224246e-03   -7.3904581070e+00
    1.3188576559e-03   -7.4517636299e+00
    1.3298095437e-03   -7.5206260681e+00
    1.3395446585e-03   -7.5817432404e+00
    1.3492795406e-03   -7.6427688599e+00
    1.3590144226e-03   -7.7036952972e+00
    1.3699659612e-03   -7.7721061707e+00
    1.3797007268e-03   -7.8327856064e+00
    1.3894352596e-03   -7.8933315277e+00
    1.3991699088e-03   -7.9537415504e+00
    1.4089043252e-03   -8.0140180588e+00
    1.4198555145e-03   -8.0816831589e+00
    1.4295898145e-03   -8.1417150497e+00
    1.4393239981e-03   -8.2016506195e+00
    1.4490581816e-03   -8.2614984512e+00
    1.4587921323e-03   -8.3212585449e+00
    1.4697428560e-03   -8.3883819580e+00
    1.4794766903e-03   -8.4479436874e+00
    1.4892105246e-03   -8.5074062347e+00
    1.4989443589e-03   -8.5667705536e+00
    1.5098948497e-03   -8.6334476471e+00
    1.5196285676e-03   -8.6926336288e+00
    1.5293622855e-03   -8.7517547607e+00
    1.5390960034e-03   -8.8108196259e+00
    1.5488298377e-03   -8.8698301315e+00
    1.5597802121e-03   -8.9361467361e+00
    1.5695139300e-03   -8.9950189590e+00
    1.5792476479e-03   -9.0538063049e+00
    1.5889812494e-03   -9.1124992371e+00
    1.5999315074e-03   -9.1784057617e+00
    1.6096651088e-03   -9.2368803024e+00
    1.6193987103e-03   -9.2952585220e+00
    1.6291323118e-03   -9.3535547256e+00
    1.6388660297e-03   -9.4117822647e+00
    1.6498164041e-03   -9.4772262573e+00
    1.6595501220e-03   -9.5353536606e+00
    1.6692837235e-03   -9.5934429169e+00
    1.6790173249e-03   -9.6514921188e+00
    1.6899674665e-03   -9.7167367935e+00
    1.6997008352e-03   -9.7746572495e+00
    1.7094340874e-03   -9.8324890137e+00
    1.7191673396e-03   -9.8902101517e+00
    1.7289005918e-03   -9.9478025436e+00
    1.7398502678e-03   -1.0012427330e+01
    1.7495832872e-03   -1.0069714546e+01
    1.7593164230e-03   -1.0126853943e+01
    1.7690493260e-03   -1.0183851242e+01
    1.7799990019e-03   -1.0247810364e+01
    1.7897320213e-03   -1.0304527283e+01
    1.7994650407e-03   -1.0361123085e+01
    1.8091980601e-03   -1.0417604446e+01
    1.8189310795e-03   -1.0473972321e+01
    1.8298808718e-03   -1.0537255287e+01
    1.8396140076e-03   -1.0593392372e+01
    1.8493472598e-03   -1.0649426460e+01
    1.8590805121e-03   -1.0705360413e+01
    1.8688137643e-03   -1.0761200905e+01
    1.8797636731e-03   -1.0823919296e+01
    1.8894969253e-03   -1.0879586220e+01
    1.8992302939e-03   -1.0935182571e+01
    1.9089635462e-03   -1.0990715981e+01
    1.9199134549e-03   -1.1053118706e+01
    1.9296468236e-03   -1.1108526230e+01
    1.9393800758e-03   -1.1163874626e+01
    1.9491133280e-03   -1.1219163895e+01
    1.9588465802e-03   -1.1274390221e+01
    1.9697966054e-03   -1.1336440086e+01
    1.9795298576e-03   -1.1391520500e+01
    1.9892631099e-03   -1.1446529388e+01
    1.9989963621e-03   -1.1501464844e+01
    2.0099463873e-03   -1.1563179970e+01
    2.0196796395e-03   -1.1617959023e+01
    2.0294128917e-03   -1.1672664642e+01
    2.0391461439e-03   -1.1727295876e+01
    2.0488793962e-03   -1.1781849861e+01
    2.0598291885e-03   -1.1843124390e+01
    2.0695622079e-03   -1.1897494316e+01
    2.0792954601e-03   -1.1951762199e+01
    2.0890282467e-03   -1.2005917549e+01
    2.0999778062e-03   -1.2066691399e+01
    2.1097105928e-03   -1.2120568275e+01
    2.1194433793e-03   -1.2174299240e+01
    2.1291761659e-03   -1.2227880478e+01
    2.1389087196e-03   -1.2281310081e+01
    2.1498578135e-03   -1.2341240883e+01
    2.1595901344e-03   -1.2394361496e+01
    2.1693224553e-03   -1.2447348595e+01
    2.1790550090e-03   -1.2500214577e+01
    2.1887873299e-03   -1.2552970886e+01
    2.1997361910e-03   -1.2612204552e+01
    2.2094685119e-03   -1.2664762497e+01
    2.2192008328e-03   -1.2717241287e+01
    2.2289329208e-03   -1.2769642830e+01
    2.2398817819e-03   -1.2828503609e+01
    2.2496138699e-03   -1.2880743027e+01
    2.2593459580e-03   -1.2932901382e+01
    2.2690780461e-03   -1.2984972954e+01
    2.2788099013e-03   -1.3036952972e+01
    2.2897582967e-03   -1.3095315933e+01
    2.2994901519e-03   -1.3147087097e+01
    2.3092217743e-03   -1.3198756218e+01
    2.3189533968e-03   -1.3250320435e+01
    2.3299010936e-03   -1.3308203697e+01
    2.3396324832e-03   -1.3359543800e+01
    2.3493638728e-03   -1.3410776138e+01
    2.3590950295e-03   -1.3461901665e+01
    2.3688259535e-03   -1.3512919426e+01
    2.3797734175e-03   -1.3570183754e+01
    2.3895043414e-03   -1.3620971680e+01
    2.3992352653e-03   -1.3671650887e+01
    2.4089659564e-03   -1.3722225189e+01
    2.4199129548e-03   -1.3778997421e+01
    2.4296436459e-03   -1.3829353333e+01
    2.4393741041e-03   -1.3879611015e+01
    2.4491045624e-03   -1.3929770470e+01
    2.4588350207e-03   -1.3979831696e+01
    2.4697817862e-03   -1.4036033630e+01
    2.4795120116e-03   -1.4085882187e+01
    2.4892422371e-03   -1.4135624886e+01
    2.4989724625e-03   -1.4185256004e+01
    2.5099187624e-03   -1.4240952492e+01
    2.5196489878e-03   -1.4290330887e+01
    2.5293789804e-03   -1.4339583397e+01
    2.5391087402e-03   -1.4388709068e+01
    2.5488387328e-03   -1.4437706947e+01
    2.5597847998e-03   -1.4492678642e+01
    2.5695147924e-03   -1.4541412354e+01
    2.5792445522e-03   -1.4590028763e+01
    2.5889743119e-03   -1.4638535500e+01
    2.5999201462e-03   -1.4692982674e+01
    2.6096499059e-03   -1.4741278648e+01
    2.6193796657e-03   -1.4789484024e+01
    2.6291091926e-03   -1.4837603569e+01
    2.6388389524e-03   -1.4885637283e+01
    2.6497847866e-03   -1.4939571381e+01
    2.6595143136e-03   -1.4987416267e+01
    2.6692438405e-03   -1.5035163879e+01
    2.6789733674e-03   -1.5082807541e+01
    2.6899192017e-03   -1.5136273384e+01
    2.6996489614e-03   -1.5183674812e+01
    2.7093784884e-03   -1.5230956078e+01
    2.7191082481e-03   -1.5278112411e+01
    2.7288377751e-03   -1.5325143814e+01
    2.7397836093e-03   -1.5377904892e+01
    2.7495131362e-03   -1.5424670219e+01
    2.7592428960e-03   -1.5471310616e+01
    2.7689724229e-03   -1.5517826080e+01
    2.7799180243e-03   -1.5570009232e+01
    2.7896477841e-03   -1.5616264343e+01
    2.7993773110e-03   -1.5662399292e+01
    2.8091070708e-03   -1.5708417892e+01
    2.8188365977e-03   -1.5754322052e+01
    2.8297826648e-03   -1.5805828094e+01
    2.8395121917e-03   -1.5851490974e+01
    2.8492417186e-03   -1.5897040367e+01
    2.8589712456e-03   -1.5942476273e+01
    2.8699170798e-03   -1.5993453026e+01
    2.8796463739e-03   -1.6038644791e+01
    2.8893756680e-03   -1.6083721161e+01
    2.8991049621e-03   -1.6128688812e+01
    2.9088342562e-03   -1.6173553467e+01
    2.9197793920e-03   -1.6223909378e+01
    2.9295082204e-03   -1.6268577576e+01
    2.9392370488e-03   -1.6313169479e+01
    2.9489658773e-03   -1.6357688904e+01
    2.9599107802e-03   -1.6407699585e+01
    2.9696393758e-03   -1.6452093124e+01
    2.9793679714e-03   -1.6496433258e+01
    2.9890965670e-03   -1.6540723801e+01
    2.9988251626e-03   -1.6584964752e+01
    3.0097695999e-03   -1.6634677887e+01
    3.0194981955e-03   -1.6678819656e+01
    3.0292265583e-03   -1.6722915649e+01
    3.0389551539e-03   -1.6766969681e+01
    3.0498995911e-03   -1.6816478729e+01
    3.0596279539e-03   -1.6860441208e+01
    3.0693565495e-03   -1.6904361725e+01
    3.0790849123e-03   -1.6948234558e+01
    3.0888132751e-03   -1.6992055893e+01
    3.0997577123e-03   -1.7041288376e+01
    3.1094863079e-03   -1.7084983826e+01
    3.1192146707e-03   -1.7128608704e+01
    3.1289428007e-03   -1.7172155380e+01
    3.1398872379e-03   -1.7221050262e+01
    3.1496153679e-03   -1.7264421463e+01
    3.1593434978e-03   -1.7307708740e+01
    3.1690718606e-03   -1.7350912094e+01
    3.1787997577e-03   -1.7394031525e+01
    3.1897439621e-03   -1.7442445755e+01
    3.1994718593e-03   -1.7485395432e+01
    3.2091997564e-03   -1.7528264999e+01
    3.2189276535e-03   -1.7571056366e+01
    3.2298716251e-03   -1.7619092941e+01
    3.2395992894e-03   -1.7661699295e+01
    3.2493269537e-03   -1.7704208374e+01
    3.2590543851e-03   -1.7746618271e+01
    3.2699976582e-03   -1.7794200897e+01
    3.2797250897e-03   -1.7836380005e+01
    3.2894522883e-03   -1.7878444672e+01
    3.2991794869e-03   -1.7920394897e+01
    3.3089064527e-03   -1.7962230682e+01
    3.3198492602e-03   -1.8009162903e+01
    3.3295759931e-03   -1.8050769806e+01
    3.3393027261e-03   -1.8092271805e+01
    3.3490292262e-03   -1.8133678436e+01
    3.3599715680e-03   -1.8180149078e+01
    3.3696980681e-03   -1.8221363068e+01
    3.3794243354e-03   -1.8262489319e+01
    3.3891506027e-03   -1.8303533554e+01
    3.3988766372e-03   -1.8344493866e+01
    3.4098185133e-03   -1.8390474319e+01
    3.4195445478e-03   -1.8431257248e+01
    3.4292705823e-03   -1.8471956253e+01
    3.4389966168e-03   -1.8512569427e+01
    3.4499382600e-03   -1.8558160782e+01
    3.4596642945e-03   -1.8598596573e+01
    3.4693900961e-03   -1.8638950348e+01
    3.4791161306e-03   -1.8679224014e+01
    3.4899821039e-03   -1.8724123001e+01
    3.4988811240e-03   -1.8760822296e+01
    3.5097564105e-03   -1.8805585861e+01
    3.5194826778e-03   -1.8845542908e+01
    3.5292087123e-03   -1.8885431290e+01
    3.5389349796e-03   -1.8925251007e+01
    3.5498770885e-03   -1.8969970703e+01
    3.5596033558e-03   -1.9009654999e+01
    3.5693296231e-03   -1.9049278259e+01
    3.5790561233e-03   -1.9088842392e+01
    3.5899984650e-03   -1.9133279800e+01
    3.5997249652e-03   -1.9172714233e+01
    3.6094514653e-03   -1.9212089539e+01
    3.6191779654e-03   -1.9251399994e+01
    3.6289046984e-03   -1.9290641785e+01
    3.6398470402e-03   -1.9334707260e+01
    3.6495737731e-03   -1.9373796463e+01
    3.6593002733e-03   -1.9412809372e+01
    3.6690270063e-03   -1.9451744080e+01
    3.6799693480e-03   -1.9495449066e+01
    3.6896958482e-03   -1.9534208298e+01
    3.6994223483e-03   -1.9572885513e+01
    3.7091486156e-03   -1.9611478806e+01
    3.7188748829e-03   -1.9649991989e+01
    3.7298169918e-03   -1.9693220139e+01
    3.7395432591e-03   -1.9731561661e+01
    3.7492692936e-03   -1.9769824982e+01
    3.7589955609e-03   -1.9808010101e+01
    3.7699374370e-03   -1.9850875854e+01
    3.7796634715e-03   -1.9888893127e+01
    3.7893897388e-03   -1.9926828384e+01
    3.7991157733e-03   -1.9964673996e+01
    3.8088418078e-03   -2.0002426147e+01
    3.8197836839e-03   -2.0044778824e+01
    3.8295097183e-03   -2.0082309723e+01
    3.8392359857e-03   -2.0119724274e+01
    3.8489620201e-03   -2.0157016754e+01
    3.8599041291e-03   -2.0198812485e+01
    3.8696301635e-03   -2.0235818863e+01
    3.8793564308e-03   -2.0272682190e+01
    3.8890826982e-03   -2.0309396744e+01
    3.8988089655e-03   -2.0345960617e+01
    3.9097508416e-03   -2.0386909485e+01
    3.9194775745e-03   -2.0423139572e+01
    3.9292038418e-03   -2.0459213257e+01
    3.9389301091e-03   -2.0495128632e+01
    3.9498726837e-03   -2.0535341263e+01
    3.9595989510e-03   -2.0570920944e+01
    3.9693252183e-03   -2.0606342316e+01
    3.9790519513e-03   -2.0641607285e+01
    3.9899940602e-03   -2.0681095123e+01
    3.9997203276e-03   -2.0716032028e+01
    4.0094465949e-03   -2.0750814438e+01
    4.0191733278e-03   -2.0785442352e+01
    4.0288991295e-03   -2.0819915771e+01
    4.0398412384e-03   -2.0858514786e+01
    4.0495675057e-03   -2.0892662048e+01
    4.0592937730e-03   -2.0926656723e+01
    4.0690195747e-03   -2.0960496902e+01
    4.0799612179e-03   -2.0998384476e+01
    4.0896874852e-03   -2.1031900406e+01
    4.0994132869e-03   -2.1065265656e+01
    4.1091390885e-03   -2.1098482132e+01
    4.1198283434e-03   -2.1134813309e+01
    4.1299210861e-03   -2.1168951035e+01
    4.1390596889e-03   -2.1199722290e+01
    4.1487854905e-03   -2.1232324600e+01
    4.1597266681e-03   -2.1268827438e+01
    4.1694529355e-03   -2.1301118851e+01
    4.1791787371e-03   -2.1333271027e+01
    4.1889045388e-03   -2.1365285873e+01
    4.1998457164e-03   -2.1401140213e+01
    4.2095715180e-03   -2.1432865143e+01
    4.2192973197e-03   -2.1464450836e+01
    4.2290231213e-03   -2.1495895386e+01
    4.2399647646e-03   -2.1531091690e+01
    4.2496905662e-03   -2.1562213898e+01
    4.2594163679e-03   -2.1593185425e+01
    4.2691421695e-03   -2.1624000549e+01
    4.2788679712e-03   -2.1654664993e+01
    4.2898091488e-03   -2.1688983917e+01
    4.2995349504e-03   -2.1719337463e+01
    4.3092607521e-03   -2.1749547958e+01
    4.3189865537e-03   -2.1779624939e+01
    4.3299281970e-03   -2.1813302994e+01
    4.3396539986e-03   -2.1843101501e+01
    4.3493798003e-03   -2.1872770309e+01
    4.3591060676e-03   -2.1902313232e+01
    4.3688318692e-03   -2.1931724548e+01
    4.3797735125e-03   -2.1964654922e+01
    4.3894993141e-03   -2.1993783951e+01
    4.3992255814e-03   -2.2022773743e+01
    4.4089513831e-03   -2.2051618576e+01
    4.4195950031e-03   -2.2083011627e+01
    4.4299489819e-03   -2.2113370895e+01
    4.4396752492e-03   -2.2141716003e+01
    4.4494010508e-03   -2.2169885635e+01
    4.4595366344e-03   -2.2199041367e+01
    4.4693392701e-03   -2.2227037430e+01
    4.4790655375e-03   -2.2254606247e+01
    4.4887913391e-03   -2.2281953812e+01
    4.4997334480e-03   -2.2312442780e+01
    4.5094592497e-03   -2.2339284897e+01
    4.5191855170e-03   -2.2365875244e+01
    4.5289113186e-03   -2.2392200470e+01
    4.5398534276e-03   -2.2421489716e+01
    4.5495792292e-03   -2.2447227478e+01
    4.5593054965e-03   -2.2472675323e+01
    4.5690312982e-03   -2.2497831345e+01
    4.5799734071e-03   -2.2525775909e+01
    4.5896992087e-03   -2.2550296783e+01
    4.5994254760e-03   -2.2574518204e+01
    4.6091517434e-03   -2.2598438263e+01
    4.6188775450e-03   -2.2622056961e+01
    4.6298196539e-03   -2.2648273468e+01
    4.6395459212e-03   -2.2671260834e+01
    4.6492721885e-03   -2.2693956375e+01
    4.6589984559e-03   -2.2716365814e+01
    4.6699400991e-03   -2.2741239548e+01
    4.6796668321e-03   -2.2763059616e+01
    4.6893930994e-03   -2.2784614563e+01
    4.6991193667e-03   -2.2805912018e+01
    4.7088456340e-03   -2.2826961517e+01
    4.7197882086e-03   -2.2850351334e+01
    4.7295149416e-03   -2.2870891571e+01
    4.7392416745e-03   -2.2891199112e+01
    4.7489684075e-03   -2.2911281586e+01
    4.7596124932e-03   -2.2932998657e+01
    4.7690356150e-03   -2.2951999664e+01
    4.7790557146e-03   -2.2971971512e+01
    4.7894935124e-03   -2.2992515564e+01
    4.7991145402e-03   -2.3011215210e+01
    4.8094466329e-03   -2.3031036377e+01
    4.8191738315e-03   -2.3049438477e+01
    4.8289010301e-03   -2.3067588806e+01
    4.8389350995e-03   -2.3086044312e+01
    4.8498781398e-03   -2.3105850220e+01
    4.8596053384e-03   -2.3123178482e+01
    4.8690806143e-03   -2.3139812469e+01
    4.8790038563e-03   -2.3156972885e+01
    4.8894900829e-03   -2.3174819946e+01
    4.8991683871e-03   -2.3191032410e+01
    4.9096546136e-03   -2.3208312988e+01
    4.9190837890e-03   -2.3223600388e+01
    4.9288417213e-03   -2.3239166260e+01
    4.9390760250e-03   -2.3255216599e+01
    4.9488036893e-03   -2.3270208359e+01
    4.9597471952e-03   -2.3286771774e+01
    4.9694743939e-03   -2.3301221848e+01
    4.9792020582e-03   -2.3315412521e+01
    4.9898936413e-03   -2.3330705643e+01
    4.9989125691e-03   -2.3343357086e+01
    5.0098560750e-03   -2.3358388901e+01
    5.0199353136e-03   -2.3371921539e+01
    5.0292061642e-03   -2.3384103775e+01
    5.0389338285e-03   -2.3396617889e+01
    5.0491685979e-03   -2.3409490585e+01
    5.0588962622e-03   -2.3421443939e+01
    5.0698402338e-03   -2.3434568405e+01
    5.0789085217e-03   -2.3445192337e+01
    5.0898031332e-03   -2.3457662582e+01
    5.0995312631e-03   -2.3468540192e+01
    5.1092593931e-03   -2.3479173660e+01
    5.1189875230e-03   -2.3489576340e+01
    5.1298877224e-03   -2.3500955582e+01
    5.1391148008e-03   -2.3510366440e+01
    5.1488429308e-03   -2.3520076752e+01
    5.1590339281e-03   -2.3530021667e+01
    5.1699788310e-03   -2.3540456772e+01
    5.1799616776e-03   -2.3549762726e+01
    5.1894853823e-03   -2.3558446884e+01
    5.1992139779e-03   -2.3567129135e+01
    5.2097016014e-03   -2.3576272964e+01
    5.2194301970e-03   -2.3584562302e+01
    5.2291592583e-03   -2.3592664719e+01
    5.2388883196e-03   -2.3600585938e+01
    5.2498336881e-03   -2.3609277725e+01
    5.2593103610e-03   -2.3616622925e+01
    5.2690417506e-03   -2.3623994827e+01
    5.2799871191e-03   -2.3632093430e+01
    5.2897166461e-03   -2.3639133453e+01
    5.2994457074e-03   -2.3646030426e+01
    5.3091752343e-03   -2.3652797699e+01
    5.3189042956e-03   -2.3659440994e+01
    5.3298501298e-03   -2.3666774750e+01
    5.3395796567e-03   -2.3673170090e+01
    5.3493087180e-03   -2.3679454803e+01
    5.3590382449e-03   -2.3685638428e+01
    5.3699840792e-03   -2.3692480087e+01
    5.3797136061e-03   -2.3698461533e+01
    5.3899027407e-03   -2.3704631805e+01
    5.3996345960e-03   -2.3710433960e+01
    5.4093641229e-03   -2.3716154099e+01
    5.4190936498e-03   -2.3721794128e+01
    5.4291649722e-03   -2.3727546692e+01
    5.4393038154e-03   -2.3733255386e+01
    5.4490356706e-03   -2.3738656998e+01
    5.4599815048e-03   -2.3744653702e+01
    5.4690064862e-03   -2.3749538422e+01
    5.4799029604e-03   -2.3755376816e+01
    5.4896329530e-03   -2.3760540009e+01
    5.4993629456e-03   -2.3765665054e+01
    5.5090929382e-03   -2.3770753860e+01
    5.5188229308e-03   -2.3775806427e+01
    5.5297696963e-03   -2.3781450272e+01
    5.5394996889e-03   -2.3786434174e+01
    5.5492301472e-03   -2.3791383743e+01
    5.5589601398e-03   -2.3796298981e+01
    5.5699069053e-03   -2.3801788330e+01
    5.5796373636e-03   -2.3806623459e+01
    5.5893678218e-03   -2.3811418533e+01
    5.5995574221e-03   -2.3816394806e+01
    5.6091975421e-03   -2.3821056366e+01
    5.6198015809e-03   -2.3826131821e+01
    5.6299092248e-03   -2.3830915451e+01
    5.6393533014e-03   -2.3835336685e+01
    5.6492653675e-03   -2.3839923859e+01
    5.6598694064e-03   -2.3844772339e+01
    5.6697810069e-03   -2.3849248886e+01
    5.6794211268e-03   -2.3853551865e+01
    5.6890612468e-03   -2.3857803345e+01
    5.6999372318e-03   -2.3862543106e+01
    5.7095773518e-03   -2.3866691589e+01
    5.7193138637e-03   -2.3870836258e+01
    5.7288380340e-03   -2.3874849319e+01
    5.7397643104e-03   -2.3879404068e+01
    5.7499376126e-03   -2.3883594513e+01
    5.7597593404e-03   -2.3887575150e+01
    5.7696965523e-03   -2.3891506195e+01
    5.7792873122e-03   -2.3895179749e+01
    5.7889414020e-03   -2.3898727417e+01
    5.7998546399e-03   -2.3902523041e+01
    5.8088758960e-03   -2.3905473709e+01
    5.8196107857e-03   -2.3908752441e+01
    5.8296304196e-03   -2.3911581039e+01
    5.8393510990e-03   -2.3914121628e+01
    5.8499551378e-03   -2.3916698456e+01
    5.8597880416e-03   -2.3918928146e+01
    5.8694439940e-03   -2.3921022415e+01
    5.8792545460e-03   -2.3923070908e+01
    5.8894166723e-03   -2.3925140381e+01
    5.8988328092e-03   -2.3927019119e+01
    5.9097488411e-03   -2.3929166794e+01
    5.9197689407e-03   -2.3931100845e+01
    5.9290244244e-03   -2.3932882309e+01
    5.9399413876e-03   -2.3934980392e+01
    5.9495107271e-03   -2.3936853409e+01
    5.9592826292e-03   -2.3938821793e+01
    5.9691397473e-03   -2.3940876007e+01
    5.9797232971e-03   -2.3943164825e+01
    5.9893815778e-03   -2.3945335388e+01
    5.9998515062e-03   -2.3947790146e+01
    6.0088592581e-03   -2.3950004578e+01
    6.0197780840e-03   -2.3952825546e+01
    6.0299993493e-03   -2.3955614090e+01
    6.0392632149e-03   -2.3958246231e+01
    6.0492851771e-03   -2.3961166382e+01
    6.0598673299e-03   -2.3964294434e+01
    6.0693742707e-03   -2.3967124939e+01
    6.0798455961e-03   -2.3970266342e+01
    6.0898703523e-03   -2.3973329544e+01
    6.0998322442e-03   -2.3976448059e+01
    6.1090993695e-03   -2.3979400635e+01
    6.1199185438e-03   -2.3982862473e+01
    6.1293928884e-03   -2.3985858917e+01
    6.1392136849e-03   -2.3988927841e+01
    6.1499029398e-03   -2.3992294312e+01
    6.1589586549e-03   -2.3995292664e+01
    6.1698844656e-03   -2.3999259949e+01
    6.1791455373e-03   -2.4003004074e+01
    6.1894669197e-03   -2.4007570267e+01
    6.1999550089e-03   -2.4012491226e+01
    6.2097767368e-03   -2.4017139435e+01
    6.2195989303e-03   -2.4021627426e+01
    6.2295272946e-03   -2.4025886536e+01
    6.2392191030e-03   -2.4029785156e+01
    6.2495032325e-03   -2.4033782959e+01
    6.2592201866e-03   -2.4037635803e+01
    6.2690437771e-03   -2.4041833878e+01
    6.2796012498e-03   -2.4046880722e+01
    6.2892413698e-03   -2.4052051544e+01
    6.2991804443e-03   -2.4057918549e+01
    6.3096624799e-03   -2.4064632416e+01
    6.3198450953e-03   -2.4071641922e+01
    6.3292114064e-03   -2.4078544617e+01
    6.3396948390e-03   -2.4086807251e+01
    6.3494187780e-03   -2.4094995499e+01
    6.3597490080e-03   -2.4104179382e+01
    6.3690179959e-03   -2.4112728119e+01
    6.3798078336e-03   -2.4122844696e+01
    6.3899531960e-03   -2.4132303238e+01
    6.3993805088e-03   -2.4140867233e+01
    6.4098695293e-03   -2.4149978638e+01
    6.4193471335e-03   -2.4157732010e+01
    6.4299516380e-03   -2.4165836334e+01
    6.4395912923e-03   -2.4172679901e+01
    6.4492314123e-03   -2.4179065704e+01
    6.4592119306e-03   -2.4185279846e+01
    6.4698164351e-03   -2.4191583633e+01
    6.4790900797e-03   -2.4196996689e+01
    6.4899465069e-03   -2.4203418732e+01
    6.4995214343e-03   -2.4209323883e+01
    6.5098023042e-03   -2.4216072083e+01
    6.5190722235e-03   -2.4222620010e+01
    6.5292054787e-03   -2.4230400085e+01
    6.5390649252e-03   -2.4238725662e+01
    6.5490473062e-03   -2.4248071671e+01
    6.5598478541e-03   -2.4259450912e+01
    6.5698828548e-03   -2.4271442413e+01
    6.5792063251e-03   -2.4283987045e+01
    6.5893004648e-03   -2.4299247742e+01
    6.5998579375e-03   -2.4317123413e+01
    6.6095478833e-03   -2.4335231781e+01
    6.6193407401e-03   -2.4355064392e+01
    6.6293762065e-03   -2.4376808167e+01
    6.6391024739e-03   -2.4399036407e+01
    6.6488287412e-03   -2.4422151566e+01
    6.6599366255e-03   -2.4449275970e+01
    6.6695767455e-03   -2.4473117828e+01
    6.6792168655e-03   -2.4496913910e+01
    6.6898209043e-03   -2.4522661209e+01
    6.6990945488e-03   -2.4544504166e+01
    6.7092850804e-03   -2.4567472458e+01
    6.7193205468e-03   -2.4588769913e+01
    6.7297555506e-03   -2.4609308243e+01
    6.7398431711e-03   -2.4627485275e+01
    6.7494823597e-03   -2.4643270493e+01
    6.7599262111e-03   -2.4658641815e+01
    6.7696627229e-03   -2.4671415329e+01
    6.7797410302e-03   -2.4683155060e+01
    6.7893699743e-03   -2.4693073273e+01
    6.7999493331e-03   -2.4702667236e+01
    6.8094315939e-03   -2.4710258484e+01
    6.8193562329e-03   -2.4717365265e+01
    6.8297469988e-03   -2.4724113464e+01
    6.8396590650e-03   -2.4730140686e+01
    6.8496689200e-03   -2.4736083984e+01
    6.8593430333e-03   -2.4741952896e+01
    6.8697510287e-03   -2.4748655319e+01
    6.8795625120e-03   -2.4755533218e+01
    6.8899705075e-03   -2.4763601303e+01
    6.8994010799e-03   -2.4771768570e+01
    6.9095329382e-03   -2.4781599045e+01
    6.9191060029e-03   -2.4792026520e+01
    6.9293347187e-03   -2.4804523468e+01
    6.9390842691e-03   -2.4817836761e+01
    6.9499807432e-03   -2.4834421158e+01
    6.9596241228e-03   -2.4850656509e+01
    6.9693145342e-03   -2.4868480682e+01
    6.9798720069e-03   -2.4889652252e+01
    6.9893025793e-03   -2.4910129547e+01
    6.9994460791e-03   -2.4933809280e+01
    7.0092906244e-03   -2.4958421707e+01
    7.0197349414e-03   -2.4986249924e+01
    7.0295217447e-03   -2.5013866425e+01
    7.0394529030e-03   -2.5043319702e+01
    7.0494301617e-03   -2.5074243546e+01
    7.0594656281e-03   -2.5106571198e+01
    7.0694042370e-03   -2.5139667511e+01
    7.0792753249e-03   -2.5173475266e+01
    7.0889908820e-03   -2.5207555771e+01
    7.0999027230e-03   -2.5246658325e+01
    7.1097961627e-03   -2.5282741547e+01
    7.1193682961e-03   -2.5318101883e+01
    7.1291048080e-03   -2.5354394913e+01
    7.1393903345e-03   -2.5392936707e+01
    7.1491268463e-03   -2.5429464340e+01
    7.1587939747e-03   -2.5465656281e+01
    7.1697230451e-03   -2.5506357193e+01
    7.1794372052e-03   -2.5542276382e+01
    7.1891513653e-03   -2.5577915192e+01
    7.1988650598e-03   -2.5613260269e+01
    7.2097922675e-03   -2.5652681351e+01
    7.2190035135e-03   -2.5685634613e+01
    7.2293258272e-03   -2.5722259521e+01
    7.2398832999e-03   -2.5759382248e+01
    7.2496198118e-03   -2.5793285370e+01
    7.2594159283e-03   -2.5827041626e+01
    7.2691543028e-03   -2.5860208511e+01
    7.2792805731e-03   -2.5894252777e+01
    7.2890440933e-03   -2.5926641464e+01
    7.2998302057e-03   -2.5961954117e+01
    7.3090409860e-03   -2.5991767883e+01
    7.3192631826e-03   -2.6024555206e+01
    7.3293559253e-03   -2.6056686401e+01
    7.3394635692e-03   -2.6088666916e+01
    7.3491367511e-03   -2.6119104385e+01
    7.3590758257e-03   -2.6150184631e+01
    7.3698125780e-03   -2.6183485031e+01
    7.3790368624e-03   -2.6211797714e+01
    7.3895375244e-03   -2.6243608475e+01
    7.3992740363e-03   -2.6272645950e+01
    7.4097611941e-03   -2.6303382874e+01
    7.4194855988e-03   -2.6331367493e+01
    7.4291611090e-03   -2.6358739853e+01
    7.4398615398e-03   -2.6388498306e+01
    7.4495249428e-03   -2.6414951324e+01
    7.4590765871e-03   -2.6440723419e+01
    7.4695050716e-03   -2.6468421936e+01
    7.4790283106e-03   -2.6493284225e+01
    7.4899313040e-03   -2.6521169662e+01
    7.4999891222e-03   -2.6546285629e+01
    7.5088478625e-03   -2.6567876816e+01
    7.5198579580e-03   -2.6593990326e+01
    7.5296992436e-03   -2.6616661072e+01
    7.5399847701e-03   -2.6639724731e+01
    7.5490563177e-03   -2.6659574509e+01
    7.5599970296e-03   -2.6682960510e+01
    7.5699714944e-03   -2.6703800201e+01
    7.5798830949e-03   -2.6724082947e+01
    7.5897159986e-03   -2.6743797302e+01
    7.5999377295e-03   -2.6763872147e+01
    7.6094139367e-03   -2.6782102585e+01
    7.6190540567e-03   -2.6800281525e+01
    7.6296580955e-03   -2.6819837570e+01
    7.6398863457e-03   -2.6838243484e+01
    7.6498636045e-03   -2.6855726242e+01
    7.6594096608e-03   -2.6871963501e+01
    7.6691461727e-03   -2.6887989044e+01
    7.6791811734e-03   -2.6903905869e+01
    7.6897949912e-03   -2.6920076370e+01
    7.6996097341e-03   -2.6934450150e+01
    7.7093462460e-03   -2.6948217392e+01
    7.7190827578e-03   -2.6961582184e+01
    7.7298795804e-03   -2.6976049423e+01
    7.7390568331e-03   -2.6988134384e+01
    7.7496147715e-03   -2.7001893997e+01
    7.7592250891e-03   -2.7014366150e+01
    7.7699651010e-03   -2.7028312683e+01
    7.7797980048e-03   -2.7041145325e+01
    7.7890241519e-03   -2.7053293228e+01
    7.7994028106e-03   -2.7067140579e+01
    7.8095626086e-03   -2.7080963135e+01
    7.8197875991e-03   -2.7095228195e+01
    7.8290868551e-03   -2.7108566284e+01
    7.8397989273e-03   -2.7124439240e+01
    7.8494390473e-03   -2.7139240265e+01
    7.8590791672e-03   -2.7154558182e+01
    7.8696832061e-03   -2.7172023773e+01
    7.8792311251e-03   -2.7188287735e+01
    7.8891692683e-03   -2.7205741882e+01
    7.8994072974e-03   -2.7224233627e+01
    7.9096965492e-03   -2.7243289948e+01
    7.9198554158e-03   -2.7262523651e+01
    7.9296110198e-03   -2.7281351089e+01
    7.9393619671e-03   -2.7300504684e+01
    7.9495059326e-03   -2.7320770264e+01
    7.9592308030e-03   -2.7340522766e+01
    7.9693747684e-03   -2.7361461639e+01
    7.9790139571e-03   -2.7381675720e+01
    7.9896682873e-03   -2.7404369354e+01
    7.9989377409e-03   -2.7424407959e+01
    8.0089196563e-03   -2.7446289062e+01
    8.0198720098e-03   -2.7470651627e+01
    8.0296052620e-03   -2.7492626190e+01
    8.0398302525e-03   -2.7516061783e+01
    8.0493744463e-03   -2.7538288116e+01
    8.0596394837e-03   -2.7562601089e+01
    8.0692786723e-03   -2.7585842133e+01
    8.0793648958e-03   -2.7610580444e+01
    8.0892760307e-03   -2.7635303497e+01
    8.0998810008e-03   -2.7662172318e+01
    8.1093590707e-03   -2.7686527252e+01
    8.1199109554e-03   -2.7713973999e+01
    8.1294542179e-03   -2.7739078522e+01
    8.1395423040e-03   -2.7765872955e+01
    8.1495335326e-03   -2.7792644501e+01
    8.1595648080e-03   -2.7819721222e+01
    8.1698587164e-03   -2.7847652435e+01
    8.1796664745e-03   -2.7874341965e+01
    8.1898914650e-03   -2.7902156830e+01
    8.1994356588e-03   -2.7928026199e+01
    8.2098636776e-03   -2.7956090927e+01
    8.2195037976e-03   -2.7981767654e+01
    8.2291439176e-03   -2.8007122040e+01
    8.2397479564e-03   -2.8034576416e+01
    8.2499384880e-03   -2.8060487747e+01
    8.2598989829e-03   -2.8085336685e+01
    8.2690138370e-03   -2.8107658386e+01
    8.2790963352e-03   -2.8131895065e+01
    8.2896044478e-03   -2.8156660080e+01
    8.2994280383e-03   -2.8179384232e+01
    8.3096250892e-03   -2.8202564240e+01
    8.3191255108e-03   -2.8223798752e+01
    8.3297295496e-03   -2.8247108459e+01
    8.3393696696e-03   -2.8267961502e+01
    8.3496812731e-03   -2.8289947510e+01
    8.3593213931e-03   -2.8310230255e+01
    8.3690574393e-03   -2.8330488205e+01
    8.3796614781e-03   -2.8352329254e+01
    8.3893015981e-03   -2.8372022629e+01
    8.3999056369e-03   -2.8393533707e+01
    8.4095457569e-03   -2.8412965775e+01
    8.4191858768e-03   -2.8432281494e+01
    8.4297899157e-03   -2.8453374863e+01
    8.4394300357e-03   -2.8472383499e+01
    8.4493691102e-03   -2.8491781235e+01
    8.4599731490e-03   -2.8512214661e+01
    8.4696132690e-03   -2.8530521393e+01
    8.4792533889e-03   -2.8548536301e+01
    8.4898388013e-03   -2.8567935944e+01
    8.4997992963e-03   -2.8585788727e+01
    8.5093425587e-03   -2.8602508545e+01
    8.5195684806e-03   -2.8619974136e+01
    8.5293147713e-03   -2.8636173248e+01
    8.5399188101e-03   -2.8653272629e+01
    8.5495589301e-03   -2.8668327332e+01
    8.5591990501e-03   -2.8682909012e+01
    8.5698720068e-03   -2.8698509216e+01
    8.5794152692e-03   -2.8711990356e+01
    8.5892789066e-03   -2.8725477219e+01
    8.5998838767e-03   -2.8739503860e+01
    8.6095230654e-03   -2.8751855850e+01
    8.6191631854e-03   -2.8763856888e+01
    8.6298640817e-03   -2.8776802063e+01
    8.6390897632e-03   -2.8787677765e+01
    8.6498782039e-03   -2.8800115585e+01
    8.6593069136e-03   -2.8810785294e+01
    8.6690429598e-03   -2.8821664810e+01
    8.6794840172e-03   -2.8833230972e+01
    8.6891241372e-03   -2.8843870163e+01
    8.6998250335e-03   -2.8855690002e+01
    8.7094651535e-03   -2.8866384506e+01
    8.7191043422e-03   -2.8877155304e+01
    8.7297968566e-03   -2.8889219284e+01
    8.7394760922e-03   -2.8900260925e+01
    8.7492130697e-03   -2.8911493301e+01
    8.7593290955e-03   -2.8923299789e+01
    8.7689440697e-03   -2.8934654236e+01
    8.7796822190e-03   -2.8947492599e+01
    8.7891984731e-03   -2.8959012985e+01
    8.7989186868e-03   -2.8970914841e+01
    8.8098701090e-03   -2.8984485626e+01
    8.8188452646e-03   -2.8995725632e+01
    8.8296914473e-03   -2.9009437561e+01
    8.8393315673e-03   -2.9021720886e+01
    8.8498666883e-03   -2.9035219193e+01
    8.8594108820e-03   -2.9047485352e+01
    8.8689085096e-03   -2.9059698105e+01
    8.8790506124e-03   -2.9072710037e+01
    8.8896546513e-03   -2.9086246490e+01
    8.8992947713e-03   -2.9098453522e+01
    8.9092152193e-03   -2.9110866547e+01
    8.9197959751e-03   -2.9123889923e+01
    8.9293140918e-03   -2.9135360718e+01
    8.9390352368e-03   -2.9146799088e+01
    8.9495657012e-03   -2.9158840179e+01
    8.9592058212e-03   -2.9169519424e+01
    8.9698983356e-03   -2.9180959702e+01
    8.9788734913e-03   -2.9190223694e+01
    8.9899795130e-03   -2.9201248169e+01
    8.9999595657e-03   -2.9210725784e+01
    9.0094367042e-03   -2.9219350815e+01
    9.0198786929e-03   -2.9228441238e+01
    9.0296147391e-03   -2.9236553192e+01
    9.0390918776e-03   -2.9244140625e+01
    9.0497927740e-03   -2.9252399445e+01
    9.0595213696e-03   -2.9259675980e+01
    9.0690953657e-03   -2.9266662598e+01
    9.0795783326e-03   -2.9274152756e+01
    9.0893004090e-03   -2.9280988693e+01
    9.0990234166e-03   -2.9287744522e+01
    9.1093834490e-03   -2.9294885635e+01
    9.1196522117e-03   -2.9301929474e+01
    9.1292923316e-03   -2.9308536530e+01
    9.1398963705e-03   -2.9315830231e+01
    9.1495364904e-03   -2.9322511673e+01
    9.1592734680e-03   -2.9329339981e+01
    9.1698775068e-03   -2.9336906433e+01
    9.1799739748e-03   -2.9344274521e+01
    9.1896140948e-03   -2.9351486206e+01
    9.1994889081e-03   -2.9359083176e+01
    9.2097138986e-03   -2.9367195129e+01
    9.2199398205e-03   -2.9375562668e+01
    9.2295520008e-03   -2.9383665085e+01
    9.2399595305e-03   -2.9392698288e+01
    9.2493863776e-03   -2.9401107788e+01
    9.2593180016e-03   -2.9410205841e+01
    9.2691509053e-03   -2.9419456482e+01
    9.2791896313e-03   -2.9429159164e+01
    9.2895496637e-03   -2.9439455032e+01
    9.2997755855e-03   -2.9449916840e+01
    9.3097565696e-03   -2.9460437775e+01
    9.3199815601e-03   -2.9471555710e+01
    9.3295257539e-03   -2.9482252121e+01
    9.3395579606e-03   -2.9493833542e+01
    9.3491980806e-03   -2.9505283356e+01
    9.3598980457e-03   -2.9518339157e+01
    9.3689151108e-03   -2.9529602051e+01
    9.3797715381e-03   -2.9543445587e+01
    9.3892496079e-03   -2.9555757523e+01
    9.3998536468e-03   -2.9569759369e+01
    9.4094937667e-03   -2.9582672119e+01
    9.4197671860e-03   -2.9596605301e+01
    9.4299921766e-03   -2.9610620499e+01
    9.4395363703e-03   -2.9623817444e+01
    9.4495648518e-03   -2.9637777328e+01
    9.4597907737e-03   -2.9652090073e+01
    9.4698192552e-03   -2.9666185379e+01
    9.4794593751e-03   -2.9679767609e+01
    9.4890994951e-03   -2.9693367004e+01
    9.4996551052e-03   -2.9708263397e+01
    9.5091201365e-03   -2.9721616745e+01
    9.5197241753e-03   -2.9736568451e+01
    9.5297154039e-03   -2.9750635147e+01
    9.5399403945e-03   -2.9765003204e+01
    9.5494845882e-03   -2.9778390884e+01
    9.5599209890e-03   -2.9793014526e+01
    9.5694651827e-03   -2.9806377411e+01
    9.5796901733e-03   -2.9820701599e+01
    9.5899160951e-03   -2.9835050583e+01
    9.5994593576e-03   -2.9848478317e+01
    9.6096852794e-03   -2.9862915039e+01
    9.6199102700e-03   -2.9877408981e+01
    9.6294544637e-03   -2.9891000748e+01
    9.6396794543e-03   -2.9905641556e+01
    9.6499053761e-03   -2.9920375824e+01
    9.6594486386e-03   -2.9934221268e+01
    9.6696745604e-03   -2.9949178696e+01
    9.6798995510e-03   -2.9964279175e+01
    9.6894437447e-03   -2.9978523254e+01
    9.6996687353e-03   -2.9993955612e+01
    9.7098946571e-03   -3.0009563446e+01
    9.7194379196e-03   -3.0024280548e+01
    9.7296638414e-03   -3.0040199280e+01
    9.7398888320e-03   -3.0056251526e+01
    9.7494330257e-03   -3.0071336746e+01
    9.7596580163e-03   -3.0087581635e+01
    9.7698839381e-03   -3.0103889465e+01
    9.7796302289e-03   -3.0119462967e+01
    9.7892237827e-03   -3.0134792328e+01
    9.7995484248e-03   -3.0151258469e+01
    9.8091885448e-03   -3.0166578293e+01
    9.8197925836e-03   -3.0183340073e+01
    9.8294327036e-03   -3.0198472977e+01
    9.8390728235e-03   -3.0213491440e+01
    9.8496768624e-03   -3.0229860306e+01
    9.8593169823e-03   -3.0244594574e+01
    9.8699210212e-03   -3.0260633469e+01
    9.8795611411e-03   -3.0275064468e+01
    9.8892012611e-03   -3.0289356232e+01
    9.8998742178e-03   -3.0305028915e+01
    9.9094184116e-03   -3.0318923950e+01
    9.9196434021e-03   -3.0333700180e+01
    9.9299065769e-03   -3.0348434448e+01
    9.9394535646e-03   -3.0362068176e+01
    9.9490936846e-03   -3.0375780106e+01
    9.9596977234e-03   -3.0390813828e+01
    9.9694067612e-03   -3.0404554367e+01
    9.9796326831e-03   -3.0419015884e+01
    9.9898576736e-03   -3.0433479309e+01
    9.9994018674e-03   -3.0446989059e+01
    1.0009626858e-02   -3.0461484909e+01
    1.0019852780e-02   -3.0476003647e+01
    1.0029396042e-02   -3.0489576340e+01
    1.0039621964e-02   -3.0504140854e+01
    1.0049816221e-02   -3.0518676758e+01
    1.0059690103e-02   -3.0532773972e+01
    1.0069915093e-02   -3.0547382355e+01
    1.0079459287e-02   -3.0561027527e+01
    1.0089684278e-02   -3.0575653076e+01
    1.0099596344e-02   -3.0589838028e+01
    1.0109050199e-02   -3.0603376389e+01
    1.0119606741e-02   -3.0618505478e+01
    1.0129831731e-02   -3.0633172989e+01
    1.0139375925e-02   -3.0646877289e+01
    1.0149600916e-02   -3.0661579132e+01
    1.0159826837e-02   -3.0676307678e+01
    1.0169408284e-02   -3.0690141678e+01
    1.0179965757e-02   -3.0705430984e+01
    1.0189512745e-02   -3.0719312668e+01
    1.0199152865e-02   -3.0733390808e+01
    1.0209756903e-02   -3.0748966217e+01
    1.0219397023e-02   -3.0763217926e+01
    1.0229436681e-02   -3.0778167725e+01
    1.0239347816e-02   -3.0793048859e+01
    1.0249813087e-02   -3.0808898926e+01
    1.0259453207e-02   -3.0823633194e+01
    1.0269278660e-02   -3.0838787079e+01
    1.0279547423e-02   -3.0854780197e+01
    1.0289187543e-02   -3.0869939804e+01
    1.0299265385e-02   -3.0885940552e+01
    1.0309373960e-02   -3.0902143478e+01
    1.0319599882e-02   -3.0918691635e+01
    1.0329910554e-02   -3.0935539246e+01
    1.0339550674e-02   -3.0951429367e+01
    1.0349190794e-02   -3.0967449188e+01
    1.0359562933e-02   -3.0984819412e+01
    1.0369203053e-02   -3.1001079559e+01
    1.0379831307e-02   -3.1019121170e+01
    1.0389374569e-02   -3.1035411835e+01
    1.0399637744e-02   -3.1053010941e+01
    1.0409677401e-02   -3.1070287704e+01
    1.0419902392e-02   -3.1087930679e+01
    1.0429446585e-02   -3.1104421616e+01
    1.0439671576e-02   -3.1122108459e+01
    1.0449897498e-02   -3.1139799118e+01
    1.0459440760e-02   -3.1156299591e+01
    1.0469666682e-02   -3.1173946381e+01
    1.0479891673e-02   -3.1191545486e+01
    1.0489435866e-02   -3.1207908630e+01
    1.0499660857e-02   -3.1225351334e+01
    1.0509886779e-02   -3.1242677689e+01
    1.0519430041e-02   -3.1258724213e+01
    1.0529655963e-02   -3.1275764465e+01
    1.0539880954e-02   -3.1292623520e+01
    1.0549425147e-02   -3.1308177948e+01
    1.0559650138e-02   -3.1324628830e+01
    1.0569876060e-02   -3.1340831757e+01
    1.0579419322e-02   -3.1355707169e+01
    1.0589165613e-02   -3.1370637894e+01
    1.0599769652e-02   -3.1386562347e+01
    1.0609409772e-02   -3.1400732040e+01
    1.0619049892e-02   -3.1414602280e+01
    1.0629653931e-02   -3.1429502487e+01
    1.0639294051e-02   -3.1442718506e+01
    1.0649899021e-02   -3.1456892014e+01
    1.0659373365e-02   -3.1469230652e+01
    1.0669599287e-02   -3.1482212067e+01
    1.0679824278e-02   -3.1494853973e+01
    1.0689852759e-02   -3.1506944656e+01
    1.0699961334e-02   -3.1518850327e+01
    1.0709731840e-02   -3.1530118942e+01
    1.0719957761e-02   -3.1541694641e+01
    1.0729712434e-02   -3.1552562714e+01
    1.0739063844e-02   -3.1562850952e+01
    1.0749785230e-02   -3.1574523926e+01
    1.0759328492e-02   -3.1584836960e+01
    1.0769554414e-02   -3.1595840454e+01
    1.0779779404e-02   -3.1606834412e+01
    1.0789323598e-02   -3.1617118835e+01
    1.0799548589e-02   -3.1628194809e+01
    1.0809774511e-02   -3.1639352798e+01
    1.0819999501e-02   -3.1650613785e+01
    1.0829543695e-02   -3.1661226273e+01
    1.0839768685e-02   -3.1672716141e+01
    1.0849993676e-02   -3.1684329987e+01
    1.0859790258e-02   -3.1695573807e+01
    1.0869819671e-02   -3.1707197189e+01
    1.0879459791e-02   -3.1718465805e+01
    1.0889850557e-02   -3.1730709076e+01
    1.0899431072e-02   -3.1742074966e+01
    1.0909577832e-02   -3.1754163742e+01
    1.0919802822e-02   -3.1766378403e+01
    1.0929347016e-02   -3.1777770996e+01
    1.0939609259e-02   -3.1789981842e+01
    1.0949835181e-02   -3.1802070618e+01
    1.0959378444e-02   -3.1813253403e+01
    1.0969604366e-02   -3.1825096130e+01
    1.0979829356e-02   -3.1836767197e+01
    1.0989373550e-02   -3.1847484589e+01
    1.0999598540e-02   -3.1858764648e+01
    1.1009861715e-02   -3.1869861603e+01
    1.1019501835e-02   -3.1880073547e+01
    1.1029141955e-02   -3.1890081406e+01
    1.1039745994e-02   -3.1900863647e+01
    1.1049386114e-02   -3.1910467148e+01
    1.1059990153e-02   -3.1920829773e+01
    1.1069630273e-02   -3.1930086136e+01
    1.1079270393e-02   -3.1939201355e+01
    1.1089874431e-02   -3.1949090958e+01
    1.1099514551e-02   -3.1957975388e+01
    1.1109154671e-02   -3.1966781616e+01
    1.1119758710e-02   -3.1976411819e+01
    1.1129398830e-02   -3.1985145569e+01
    1.1139038950e-02   -3.1993898392e+01
    1.1149642989e-02   -3.2003593445e+01
    1.1159682646e-02   -3.2012882233e+01
    1.1169908568e-02   -3.2022506714e+01
    1.1179451831e-02   -3.2031673431e+01
    1.1189677753e-02   -3.2041728973e+01
    1.1199902743e-02   -3.2052070618e+01
    1.1209446937e-02   -3.2062004089e+01
    1.1219671927e-02   -3.2072975159e+01
    1.1229896918e-02   -3.2084312439e+01
    1.1239441112e-02   -3.2095241547e+01
    1.1249869131e-02   -3.2107574463e+01
    1.1259732768e-02   -3.2119621277e+01
    1.1269372888e-02   -3.2131759644e+01
    1.1279128492e-02   -3.2144393921e+01
    1.1289675720e-02   -3.2158439636e+01
    1.1299315840e-02   -3.2171611786e+01
    1.1309919879e-02   -3.2186435699e+01
    1.1319959536e-02   -3.2200759888e+01
    1.1329502799e-02   -3.2214607239e+01
    1.1339132674e-02   -3.2228778839e+01
    1.1349736713e-02   -3.2244583130e+01
    1.1359376833e-02   -3.2259105682e+01
    1.1369884014e-02   -3.2275085449e+01
    1.1379428208e-02   -3.2289699554e+01
    1.1389653198e-02   -3.2305438995e+01
    1.1399879120e-02   -3.2321224213e+01
    1.1409422383e-02   -3.2335964203e+01
    1.1419648305e-02   -3.2351745605e+01
    1.1429873295e-02   -3.2367488861e+01
    1.1439338326e-02   -3.2382022858e+01
    1.1449484155e-02   -3.2397552490e+01
    1.1459806003e-02   -3.2413299561e+01
    1.1469349265e-02   -3.2427814484e+01
    1.1479943059e-02   -3.2443870544e+01
    1.1489583179e-02   -3.2458431244e+01
    1.1499223299e-02   -3.2472942352e+01
    1.1509827338e-02   -3.2488849640e+01
    1.1519467458e-02   -3.2503261566e+01
    1.1529692449e-02   -3.2518505096e+01
    1.1539721861e-02   -3.2533416748e+01
    1.1549185961e-02   -3.2547466278e+01
    1.1559790000e-02   -3.2563201904e+01
    1.1569430120e-02   -3.2577510834e+01
    1.1579070240e-02   -3.2591838837e+01
    1.1589674279e-02   -3.2607635498e+01
    1.1599314399e-02   -3.2622047424e+01
    1.1609987356e-02   -3.2638072968e+01
    1.1619530618e-02   -3.2652477264e+01
    1.1629824527e-02   -3.2668102264e+01
    1.1639368720e-02   -3.2682685852e+01
    1.1649593711e-02   -3.2698425293e+01
    1.1659819633e-02   -3.2714294434e+01
    1.1669362895e-02   -3.2729232788e+01
    1.1679800227e-02   -3.2745712280e+01
    1.1689343490e-02   -3.2760913849e+01
    1.1699207127e-02   -3.2776760101e+01
    1.1709811166e-02   -3.2793933868e+01
    1.1719451286e-02   -3.2809669495e+01
    1.1729091406e-02   -3.2825519562e+01
    1.1739930138e-02   -3.2843460083e+01
    1.1749473400e-02   -3.2859359741e+01
    1.1759736575e-02   -3.2876560211e+01
    1.1769376695e-02   -3.2892807007e+01
    1.1779980734e-02   -3.2910766602e+01
    1.1789620854e-02   -3.2927165985e+01
    1.1799260974e-02   -3.2943626404e+01
    1.1809865013e-02   -3.2961784363e+01
    1.1819477193e-02   -3.2978271484e+01
    1.1829884723e-02   -3.2996150970e+01
    1.1839524843e-02   -3.3012718201e+01
    1.1849846691e-02   -3.3030460358e+01
    1.1859390885e-02   -3.3046852112e+01
    1.1869615875e-02   -3.3064395905e+01
    1.1879841797e-02   -3.3081909180e+01
    1.1889423244e-02   -3.3098285675e+01
    1.1899063364e-02   -3.3114719391e+01
    1.1909667403e-02   -3.3132747650e+01
    1.1919307522e-02   -3.3149089813e+01
    1.1929911561e-02   -3.3167018890e+01
    1.1939950287e-02   -3.3183952332e+01
    1.1949494481e-02   -3.3200016022e+01
    1.1959719472e-02   -3.3217201233e+01
    1.1969945394e-02   -3.3234371185e+01
    1.1979488656e-02   -3.3250389099e+01
    1.1989714578e-02   -3.3267559052e+01
    1.1999939568e-02   -3.3284751892e+01
    1.2009483762e-02   -3.3300842285e+01
    1.2019708753e-02   -3.3318138123e+01
    1.2029934675e-02   -3.3335521698e+01
    1.2039477937e-02   -3.3351833344e+01
    1.2049703859e-02   -3.3369426727e+01
    1.2059928849e-02   -3.3387145996e+01
    1.2069473043e-02   -3.3403804779e+01
    1.2079698034e-02   -3.3421791077e+01
    1.2089727446e-02   -3.3439571381e+01
    1.2099952437e-02   -3.3457843781e+01
    1.2109496631e-02   -3.3475021362e+01
    1.2119721621e-02   -3.3493549347e+01
    1.2129947543e-02   -3.3512195587e+01
    1.2139490806e-02   -3.3529693604e+01
    1.2149716727e-02   -3.3548526764e+01
    1.2159941718e-02   -3.3567432404e+01
    1.2169485912e-02   -3.3585124969e+01
    1.2179710902e-02   -3.3604122162e+01
    1.2189936824e-02   -3.3623130798e+01
    1.2199480087e-02   -3.3640872955e+01
    1.2209706008e-02   -3.3659866333e+01
    1.2219930999e-02   -3.3678821564e+01
    1.2229475193e-02   -3.3696464539e+01
    1.2239700183e-02   -3.3715301514e+01
    1.2249926105e-02   -3.3734054565e+01
    1.2259469368e-02   -3.3751472473e+01
    1.2269695289e-02   -3.3770038605e+01
    1.2279920280e-02   -3.3788490295e+01
    1.2289464474e-02   -3.3805603027e+01
    1.2299689464e-02   -3.3823822021e+01
    1.2309915386e-02   -3.3841907501e+01
    1.2319458649e-02   -3.3858665466e+01
    1.2329684570e-02   -3.3876495361e+01
    1.2339909561e-02   -3.3894184113e+01
    1.2349453755e-02   -3.3910572052e+01
    1.2359678745e-02   -3.3927993774e+01
    1.2369904667e-02   -3.3945278168e+01
    1.2379447930e-02   -3.3961296082e+01
    1.2389673851e-02   -3.3978336334e+01
    1.2399898842e-02   -3.3995265961e+01
    1.2409443036e-02   -3.4010974884e+01
    1.2419668026e-02   -3.4027717590e+01
    1.2429893948e-02   -3.4044380188e+01
    1.2439437211e-02   -3.4059867859e+01
    1.2449631467e-02   -3.4076351166e+01
    1.2459271587e-02   -3.4091903687e+01
    1.2469992973e-02   -3.4109165192e+01
    1.2479536235e-02   -3.4124523163e+01
    1.2489762157e-02   -3.4140979767e+01
    1.2499987148e-02   -3.4157466888e+01
    1.2509451248e-02   -3.4172760010e+01
    1.2519091368e-02   -3.4188392639e+01
    1.2529695407e-02   -3.4205661774e+01
    1.2539852411e-02   -3.4222290039e+01
    1.2549395673e-02   -3.4238006592e+01
    1.2559621595e-02   -3.4254947662e+01
    1.2569846585e-02   -3.4272006989e+01
    1.2579390779e-02   -3.4288036346e+01
    1.2589615770e-02   -3.4305332184e+01
    1.2599841692e-02   -3.4322750092e+01
    1.2609384954e-02   -3.4339118958e+01
    1.2619610876e-02   -3.4356773376e+01
    1.2629835866e-02   -3.4374549866e+01
    1.2639380060e-02   -3.4391254425e+01
    1.2649605051e-02   -3.4409267426e+01
    1.2659830973e-02   -3.4427398682e+01
    1.2669374235e-02   -3.4444419861e+01
    1.2679600157e-02   -3.4462757111e+01
    1.2689825147e-02   -3.4481189728e+01
    1.2699369341e-02   -3.4498474121e+01
    1.2709594332e-02   -3.4517078400e+01
    1.2719820254e-02   -3.4535766602e+01
    1.2729363516e-02   -3.4553287506e+01
    1.2739589438e-02   -3.4572154999e+01
    1.2749814428e-02   -3.4591121674e+01
    1.2759358622e-02   -3.4608924866e+01
    1.2769583613e-02   -3.4628108978e+01
    1.2779809535e-02   -3.4647418976e+01
    1.2789352797e-02   -3.4665557861e+01
    1.2799578719e-02   -3.4685123444e+01
    1.2809803709e-02   -3.4704833984e+01
    1.2819347903e-02   -3.4723361969e+01
    1.2829572894e-02   -3.4743370056e+01
    1.2839798816e-02   -3.4763545990e+01
    1.2849342078e-02   -3.4782535553e+01
    1.2859568000e-02   -3.4803058624e+01
    1.2869792990e-02   -3.4823783875e+01
    1.2879092246e-02   -3.4842807770e+01
    1.2889696285e-02   -3.4864719391e+01
    1.2899336405e-02   -3.4884845734e+01
    1.2909940444e-02   -3.4907218933e+01
    1.2919580564e-02   -3.4927764893e+01
    1.2929220684e-02   -3.4948513031e+01
    1.2939824723e-02   -3.4971561432e+01
    1.2949464843e-02   -3.4992717743e+01
    1.2959104963e-02   -3.5014060974e+01
    1.2969709001e-02   -3.5037750244e+01
    1.2979349121e-02   -3.5059467316e+01
    1.2989953160e-02   -3.5083549500e+01
    1.2999593280e-02   -3.5105606079e+01
    1.3009984046e-02   -3.5129535675e+01
    1.3019527309e-02   -3.5151638031e+01
    1.3029753231e-02   -3.5175434113e+01
    1.3039978221e-02   -3.5199325562e+01
    1.3049522415e-02   -3.5221691132e+01
    1.3058966026e-02   -3.5243869781e+01
    1.3069381937e-02   -3.5268371582e+01
    1.3079607859e-02   -3.5292434692e+01
    1.3089832850e-02   -3.5316493988e+01
    1.3099377044e-02   -3.5338920593e+01
    1.3109289110e-02   -3.5362174988e+01
    1.3119227253e-02   -3.5385433197e+01
    1.3129831292e-02   -3.5410167694e+01
    1.3139657676e-02   -3.5433006287e+01
    1.3149412349e-02   -3.5455593109e+01
    1.3159347698e-02   -3.5478500366e+01
    1.3169572689e-02   -3.5501979828e+01
    1.3179798611e-02   -3.5525367737e+01
    1.3189341873e-02   -3.5547115326e+01
    1.3199567795e-02   -3.5570335388e+01
    1.3209792785e-02   -3.5593490601e+01
    1.3219336979e-02   -3.5615051270e+01
    1.3229561970e-02   -3.5638114929e+01
    1.3239787892e-02   -3.5661159515e+01
    1.3249331154e-02   -3.5682666779e+01
    1.3259557076e-02   -3.5705726624e+01
    1.3269782066e-02   -3.5728820801e+01
    1.3279326260e-02   -3.5750419617e+01
    1.3289551251e-02   -3.5773624420e+01
    1.3299777173e-02   -3.5796916962e+01
    1.3309320435e-02   -3.5818744659e+01
    1.3319546357e-02   -3.5842247009e+01
    1.3329771347e-02   -3.5865871429e+01
    1.3339997269e-02   -3.5889636993e+01
    1.3349540532e-02   -3.5911945343e+01
    1.3359766454e-02   -3.5935989380e+01
    1.3369991444e-02   -3.5960182190e+01
    1.3379535638e-02   -3.5982902527e+01
    1.3389760628e-02   -3.6007385254e+01
    1.3399986550e-02   -3.6032016754e+01
    1.3409529813e-02   -3.6055130005e+01
    1.3419755735e-02   -3.6080024719e+01
    1.3429980725e-02   -3.6105041504e+01
    1.3439524919e-02   -3.6128498077e+01
    1.3449749909e-02   -3.6153724670e+01
    1.3459730893e-02   -3.6178443909e+01
    1.3469371013e-02   -3.6202392578e+01
    1.3479692861e-02   -3.6228115082e+01
    1.3489917852e-02   -3.6253665924e+01
    1.3499462046e-02   -3.6277568817e+01
    1.3509772718e-02   -3.6303436279e+01
    1.3519412838e-02   -3.6327655792e+01
    1.3529734686e-02   -3.6353607178e+01
    1.3539960608e-02   -3.6379322052e+01
    1.3549503870e-02   -3.6403312683e+01
    1.3559815474e-02   -3.6429214478e+01
    1.3569874689e-02   -3.6454448700e+01
    1.3579319231e-02   -3.6478092194e+01
    1.3589356095e-02   -3.6503162384e+01
    1.3599690050e-02   -3.6528896332e+01
    1.3609915972e-02   -3.6554267883e+01
    1.3619145378e-02   -3.6577079773e+01
    1.3629750349e-02   -3.6603168488e+01
    1.3639975339e-02   -3.6628196716e+01
    1.3649322093e-02   -3.6650947571e+01
    1.3659927063e-02   -3.6676605225e+01
    1.3669566251e-02   -3.6699779510e+01
    1.3679206371e-02   -3.6722797394e+01
    1.3689996675e-02   -3.6748367310e+01
    1.3699612580e-02   -3.6770977020e+01
    1.3709424064e-02   -3.6793872833e+01
    1.3719064184e-02   -3.6816192627e+01
    1.3729668222e-02   -3.6840545654e+01
    1.3739859685e-02   -3.6863750458e+01
    1.3749499805e-02   -3.6885528564e+01
    1.3759139925e-02   -3.6907138824e+01
    1.3769743964e-02   -3.6930725098e+01
    1.3779683039e-02   -3.6952655792e+01
    1.3789323159e-02   -3.6973773956e+01
    1.3799059205e-02   -3.6994941711e+01
    1.3809664175e-02   -3.7017814636e+01
    1.3819489628e-02   -3.7038841248e+01
    1.3829353265e-02   -3.7059783936e+01
    1.3839957304e-02   -3.7082126617e+01
    1.3849597424e-02   -3.7102279663e+01
    1.3859237544e-02   -3.7122287750e+01
    1.3869841583e-02   -3.7144130707e+01
    1.3879481703e-02   -3.7163837433e+01
    1.3889121823e-02   -3.7183403015e+01
    1.3899725862e-02   -3.7204753876e+01
    1.3909365982e-02   -3.7224006653e+01
    1.3919970021e-02   -3.7245014191e+01
    1.3929610141e-02   -3.7263950348e+01
    1.3939250261e-02   -3.7282733917e+01
    1.3949572109e-02   -3.7302677155e+01
    1.3959798031e-02   -3.7322254181e+01
    1.3969341293e-02   -3.7340370178e+01
    1.3979567215e-02   -3.7359607697e+01
    1.3989995234e-02   -3.7379039764e+01
    1.3999635354e-02   -3.7396835327e+01
    1.4009275474e-02   -3.7414463043e+01
    1.4019879512e-02   -3.7433662415e+01
    1.4029519632e-02   -3.7450935364e+01
    1.4039159752e-02   -3.7468036652e+01
    1.4049763791e-02   -3.7486637115e+01
    1.4059403911e-02   -3.7503360748e+01
    1.4069044031e-02   -3.7519893646e+01
    1.4079648070e-02   -3.7537864685e+01
    1.4089288190e-02   -3.7554000854e+01
    1.4099892229e-02   -3.7571521759e+01
    1.4109532349e-02   -3.7587249756e+01
    1.4119757339e-02   -3.7603725433e+01
    1.4129903167e-02   -3.7619865417e+01
    1.4139543287e-02   -3.7635013580e+01
    1.4149817638e-02   -3.7650970459e+01
    1.4159360901e-02   -3.7665622711e+01
    1.4169586822e-02   -3.7681148529e+01
    1.4179215766e-02   -3.7695617676e+01
    1.4189819805e-02   -3.7711391449e+01
    1.4199459925e-02   -3.7725601196e+01
    1.4209904708e-02   -3.7740867615e+01
    1.4219496399e-02   -3.7754787445e+01
    1.4229360037e-02   -3.7769012451e+01
    1.4239965007e-02   -3.7784225464e+01
    1.4249605127e-02   -3.7797996521e+01
    1.4259244315e-02   -3.7811729431e+01
    1.4269849285e-02   -3.7826805115e+01
    1.4279488474e-02   -3.7840499878e+01
    1.4289808460e-02   -3.7855163574e+01
    1.4299850911e-02   -3.7869441986e+01
    1.4309326187e-02   -3.7882934570e+01
    1.4319754206e-02   -3.7897815704e+01
    1.4329394326e-02   -3.7911602020e+01
    1.4339998364e-02   -3.7926811218e+01
    1.4349638484e-02   -3.7940677643e+01
    1.4359278604e-02   -3.7954586029e+01
    1.4369882643e-02   -3.7969932556e+01
    1.4379591681e-02   -3.7984020233e+01
    1.4389903285e-02   -3.7999011993e+01
    1.4399777167e-02   -3.8013393402e+01
    1.4409321360e-02   -3.8027305603e+01
    1.4419632033e-02   -3.8042339325e+01
    1.4429272152e-02   -3.8056388855e+01
    1.4439429156e-02   -3.8071163177e+01
    1.4449865557e-02   -3.8086299896e+01
    1.4459448867e-02   -3.8100147247e+01
    1.4469088987e-02   -3.8114009857e+01
    1.4479693025e-02   -3.8129177094e+01
    1.4489333145e-02   -3.8142868042e+01
    1.4499937184e-02   -3.8157814026e+01
    1.4509577304e-02   -3.8171287537e+01
    1.4519217424e-02   -3.8184635162e+01
    1.4529408887e-02   -3.8198604584e+01
    1.4539144002e-02   -3.8211795807e+01
    1.4549843036e-02   -3.8226119995e+01
    1.4559483156e-02   -3.8238857269e+01
    1.4569123276e-02   -3.8251438141e+01
    1.4579727314e-02   -3.8265083313e+01
    1.4589367434e-02   -3.8277313232e+01
    1.4599971473e-02   -3.8290561676e+01
    1.4609515667e-02   -3.8302299500e+01
    1.4619740658e-02   -3.8314682007e+01
    1.4629934914e-02   -3.8326816559e+01
    1.4639575034e-02   -3.8338104248e+01
    1.4649215154e-02   -3.8349208832e+01
    1.4659819193e-02   -3.8361221313e+01
    1.4669459313e-02   -3.8371955872e+01
    1.4679333195e-02   -3.8382774353e+01
    1.4689627104e-02   -3.8393867493e+01
    1.4699071646e-02   -3.8403873444e+01
    1.4709675685e-02   -3.8414928436e+01
    1.4719448984e-02   -3.8424945831e+01
    1.4729674906e-02   -3.8435256958e+01
    1.4739606529e-02   -3.8445110321e+01
    1.4749894850e-02   -3.8455158234e+01
    1.4759627171e-02   -3.8464511871e+01
    1.4769359492e-02   -3.8473724365e+01
    1.4779740945e-02   -3.8483406067e+01
    1.4789856039e-02   -3.8492691040e+01
    1.4799496159e-02   -3.8501403809e+01
    1.4809604734e-02   -3.8510398865e+01
    1.4819829725e-02   -3.8519348145e+01
    1.4829373918e-02   -3.8527568817e+01
    1.4839598909e-02   -3.8536224365e+01
    1.4849824831e-02   -3.8544734955e+01
    1.4859736897e-02   -3.8552833557e+01
    1.4869377017e-02   -3.8560577393e+01
    1.4879981056e-02   -3.8568935394e+01
    1.4889361337e-02   -3.8576183319e+01
    1.4899741858e-02   -3.8584049225e+01
    1.4909474179e-02   -3.8591262817e+01
    1.4919552952e-02   -3.8598567963e+01
    1.4929193072e-02   -3.8605392456e+01
    1.4939797111e-02   -3.8612716675e+01
    1.4949437231e-02   -3.8619201660e+01
    1.4959827997e-02   -3.8626010895e+01
    1.4969371259e-02   -3.8632099152e+01
    1.4979597181e-02   -3.8638439178e+01
    1.4989822172e-02   -3.8644588470e+01
    1.4999803156e-02   -3.8650409698e+01
    1.5009443276e-02   -3.8655857086e+01
    1.5019083396e-02   -3.8661140442e+01
    1.5029522590e-02   -3.8666679382e+01
    1.5039747581e-02   -3.8671932220e+01
    1.5049728565e-02   -3.8676898956e+01
    1.5059368685e-02   -3.8681549072e+01
    1.5069972724e-02   -3.8686504364e+01
    1.5079612844e-02   -3.8690860748e+01
    1.5089252964e-02   -3.8695087433e+01
    1.5099857002e-02   -3.8699584961e+01
    1.5109497122e-02   -3.8703540802e+01
    1.5119137242e-02   -3.8707378387e+01
    1.5129741281e-02   -3.8711460114e+01
    1.5139381401e-02   -3.8715049744e+01
    1.5149985440e-02   -3.8718875885e+01
    1.5159625560e-02   -3.8722240448e+01
    1.5169265680e-02   -3.8725502014e+01
    1.5179869719e-02   -3.8728973389e+01
    1.5189509839e-02   -3.8732013702e+01
    1.5199953690e-02   -3.8735179901e+01
    1.5209388919e-02   -3.8737918854e+01
    1.5219992958e-02   -3.8740852356e+01
    1.5229633078e-02   -3.8743377686e+01
    1.5239273198e-02   -3.8745765686e+01
    1.5249877237e-02   -3.8748218536e+01
    1.5259517357e-02   -3.8750286102e+01
    1.5269157477e-02   -3.8752197266e+01
    1.5279761516e-02   -3.8754108429e+01
    1.5289401636e-02   -3.8755668640e+01
    1.5299041755e-02   -3.8757053375e+01
    1.5309943818e-02   -3.8758403778e+01
    1.5319583938e-02   -3.8759399414e+01
    1.5329224057e-02   -3.8760196686e+01
    1.5339828096e-02   -3.8760848999e+01
    1.5349468216e-02   -3.8761222839e+01
    1.5359108336e-02   -3.8761386871e+01
    1.5369781293e-02   -3.8761314392e+01
    1.5379325487e-02   -3.8761016846e+01
    1.5389550477e-02   -3.8760456085e+01
    1.5399776399e-02   -3.8759643555e+01
    1.5409319662e-02   -3.8758651733e+01
    1.5419545583e-02   -3.8757339478e+01
    1.5429981984e-02   -3.8755729675e+01
    1.5439153649e-02   -3.8754093170e+01
    1.5449092723e-02   -3.8752090454e+01
    1.5459696762e-02   -3.8749679565e+01
    1.5469336882e-02   -3.8747241974e+01
    1.5479893424e-02   -3.8744300842e+01
    1.5489436686e-02   -3.8741405487e+01
    1.5499662608e-02   -3.8738067627e+01
    1.5509887598e-02   -3.8734523773e+01
    1.5519431792e-02   -3.8731033325e+01
    1.5529656783e-02   -3.8727115631e+01
    1.5539882705e-02   -3.8723014832e+01
    1.5549493954e-02   -3.8719001770e+01
    1.5559902415e-02   -3.8714504242e+01
    1.5569542535e-02   -3.8710208893e+01
    1.5579182655e-02   -3.8705799103e+01
    1.5589786693e-02   -3.8700832367e+01
    1.5599426813e-02   -3.8696216583e+01
    1.5609066933e-02   -3.8691528320e+01
    1.5619670972e-02   -3.8686298370e+01
    1.5629310161e-02   -3.8681488037e+01
    1.5639914200e-02   -3.8676151276e+01
    1.5649555251e-02   -3.8671276093e+01
    1.5659287572e-02   -3.8666332245e+01
    1.5669891611e-02   -3.8660945892e+01
    1.5679532662e-02   -3.8656044006e+01
    1.5689171851e-02   -3.8651149750e+01
    1.5699615702e-02   -3.8645851135e+01
    1.5709256753e-02   -3.8640968323e+01
    1.5719860792e-02   -3.8635597229e+01
    1.5729499981e-02   -3.8630714417e+01
    1.5739141032e-02   -3.8625816345e+01
    1.5749745071e-02   -3.8620410919e+01
    1.5759384260e-02   -3.8615463257e+01
    1.5769941732e-02   -3.8609996796e+01
    1.5779303387e-02   -3.8605094910e+01
    1.5789907426e-02   -3.8599468231e+01
    1.5799501911e-02   -3.8594310760e+01
    1.5809826553e-02   -3.8588672638e+01
    1.5819465742e-02   -3.8583324432e+01
    1.5829691663e-02   -3.8577545166e+01
    1.5839917585e-02   -3.8571659088e+01
    1.5849461779e-02   -3.8566055298e+01
    1.5859160572e-02   -3.8560249329e+01
    1.5869626775e-02   -3.8553855896e+01
    1.5879383311e-02   -3.8547771454e+01
    1.5889609233e-02   -3.8541278839e+01
    1.5899833292e-02   -3.8534667969e+01
    1.5909377486e-02   -3.8528400421e+01
    1.5919603407e-02   -3.8521579742e+01
    1.5929829329e-02   -3.8514659882e+01
    1.5939371660e-02   -3.8508117676e+01
    1.5949597582e-02   -3.8501026154e+01
    1.5959823504e-02   -3.8493869781e+01
    1.5969367698e-02   -3.8487136841e+01
    1.5979591757e-02   -3.8479877472e+01
    1.5989817679e-02   -3.8472572327e+01
    1.5999361873e-02   -3.8465728760e+01
    1.6009587795e-02   -3.8458366394e+01
    1.6019811854e-02   -3.8450981140e+01
    1.6029356048e-02   -3.8444076538e+01
    1.6039581969e-02   -3.8436676025e+01
    1.6049807891e-02   -3.8429279327e+01
    1.6059350222e-02   -3.8422389984e+01
    1.6069576144e-02   -3.8415023804e+01
    1.6079669818e-02   -3.8407772064e+01
    1.6089402139e-02   -3.8400802612e+01
    1.6099628061e-02   -3.8393501282e+01
    1.6109853983e-02   -3.8386230469e+01
    1.6119608656e-02   -3.8379322052e+01
    1.6129991040e-02   -3.8372009277e+01
    1.6139535233e-02   -3.8365322113e+01
    1.6149759293e-02   -3.8358177185e+01
    1.6159985214e-02   -3.8351055145e+01
    1.6169529408e-02   -3.8344417572e+01
    1.6179753467e-02   -3.8337310791e+01
    1.6189979389e-02   -3.8330196381e+01
    1.6199523583e-02   -3.8323547363e+01
    1.6209749505e-02   -3.8316410065e+01
    1.6219973564e-02   -3.8309253693e+01
    1.6229517758e-02   -3.8302547455e+01
    1.6239743680e-02   -3.8295337677e+01
    1.6249969602e-02   -3.8288085938e+01
    1.6259511933e-02   -3.8281284332e+01
    1.6269737855e-02   -3.8273948669e+01
    1.6279963776e-02   -3.8266559601e+01
    1.6289507970e-02   -3.8259609222e+01
    1.6299732029e-02   -3.8252105713e+01
    1.6309957951e-02   -3.8244544983e+01
    1.6319502145e-02   -3.8237426758e+01
    1.6329728067e-02   -3.8229740143e+01
    1.6339952126e-02   -3.8221984863e+01
    1.6349496320e-02   -3.8214683533e+01
    1.6359722242e-02   -3.8206798553e+01
    1.6369948164e-02   -3.8198841095e+01
    1.6379490495e-02   -3.8191360474e+01
    1.6389716417e-02   -3.8183280945e+01
    1.6399942338e-02   -3.8175140381e+01
    1.6409486532e-02   -3.8167499542e+01
    1.6419710591e-02   -3.8159267426e+01
    1.6429936513e-02   -3.8151000977e+01
    1.6439480707e-02   -3.8143253326e+01
    1.6449706629e-02   -3.8134929657e+01
    1.6459930688e-02   -3.8126586914e+01
    1.6469474882e-02   -3.8118782043e+01
    1.6479767859e-02   -3.8110351562e+01
    1.6489563510e-02   -3.8102325439e+01
    1.6499789432e-02   -3.8093944550e+01
    1.6509333625e-02   -3.8086120605e+01
    1.6519559547e-02   -3.8077739716e+01
    1.6529822722e-02   -3.8069332123e+01
    1.6539461911e-02   -3.8061439514e+01
    1.6549102962e-02   -3.8053546906e+01
    1.6559492797e-02   -3.8045040131e+01
    1.6569718719e-02   -3.8036666870e+01
    1.6579942778e-02   -3.8028293610e+01
    1.6589486971e-02   -3.8020473480e+01
    1.6599712893e-02   -3.8012084961e+01
    1.6609624028e-02   -3.8003940582e+01
    1.6619265079e-02   -3.7996006012e+01
    1.6629537567e-02   -3.7987529755e+01
    1.6639763489e-02   -3.7979068756e+01
    1.6649376601e-02   -3.7971092224e+01
    1.6659818590e-02   -3.7962398529e+01
    1.6669457778e-02   -3.7954349518e+01
    1.6679098830e-02   -3.7946273804e+01
    1.6689419746e-02   -3.7937595367e+01
    1.6699645668e-02   -3.7928966522e+01
    1.6709871590e-02   -3.7920299530e+01
    1.6719100997e-02   -3.7912433624e+01
    1.6729608178e-02   -3.7903434753e+01
    1.6739834100e-02   -3.7894626617e+01
    1.6749378294e-02   -3.7886348724e+01
    1.6759604216e-02   -3.7877426147e+01
    1.6769828275e-02   -3.7868438721e+01
    1.6779128462e-02   -3.7860214233e+01
    1.6789732501e-02   -3.7850769043e+01
    1.6799606383e-02   -3.7841911316e+01
    1.6809832305e-02   -3.7832672119e+01
    1.6819374636e-02   -3.7823993683e+01
    1.6829637811e-02   -3.7814590454e+01
    1.6839278862e-02   -3.7805694580e+01
    1.6849882901e-02   -3.7795837402e+01
    1.6859157011e-02   -3.7787147522e+01
    1.6868889332e-02   -3.7777961731e+01
    1.6879839823e-02   -3.7767539978e+01
    1.6889574006e-02   -3.7758193970e+01
    1.6899306327e-02   -3.7748764038e+01
    1.6909040511e-02   -3.7739250183e+01
    1.6919989139e-02   -3.7728439331e+01
    1.6929723322e-02   -3.7718730927e+01
    1.6939455643e-02   -3.7708927155e+01
    1.6949187964e-02   -3.7699016571e+01
    1.6958922148e-02   -3.7688999176e+01
    1.6969870776e-02   -3.7677600861e+01
    1.6979604959e-02   -3.7667343140e+01
    1.6989337280e-02   -3.7656967163e+01
    1.6999069601e-02   -3.7646465302e+01
    1.7008801922e-02   -3.7635841370e+01
    1.7019752413e-02   -3.7623737335e+01
    1.7029484734e-02   -3.7612834930e+01
    1.7039217055e-02   -3.7601802826e+01
    1.7048951238e-02   -3.7590629578e+01
    1.7059899867e-02   -3.7577892303e+01
    1.7069632187e-02   -3.7566417694e+01
    1.7079364508e-02   -3.7554794312e+01
    1.7089096829e-02   -3.7543025970e+01
    1.7098829150e-02   -3.7531108856e+01
    1.7109779641e-02   -3.7517524719e+01
    1.7119850963e-02   -3.7504859924e+01
    1.7129957676e-02   -3.7491996765e+01
    1.7139771953e-02   -3.7479358673e+01
    1.7149383202e-02   -3.7466838837e+01
    1.7159631476e-02   -3.7453346252e+01
    1.7169510946e-02   -3.7440196991e+01
    1.7179191113e-02   -3.7427188873e+01
    1.7189692706e-02   -3.7412940979e+01
    1.7199996859e-02   -3.7398818970e+01
    1.7209358513e-02   -3.7385879517e+01
    1.7219450325e-02   -3.7371810913e+01
    1.7229806632e-02   -3.7357257843e+01
    1.7239538953e-02   -3.7343482971e+01
    1.7249271274e-02   -3.7329612732e+01
    1.7259884626e-02   -3.7314399719e+01
    1.7269497737e-02   -3.7300544739e+01
    1.7279399559e-02   -3.7286209106e+01
    1.7289131880e-02   -3.7272068024e+01
    1.7299322411e-02   -3.7257202148e+01
    1.7309926450e-02   -3.7241687775e+01
    1.7319567502e-02   -3.7227542877e+01
    1.7329206690e-02   -3.7213363647e+01
    1.7339145765e-02   -3.7198707581e+01
    1.7348878086e-02   -3.7184326172e+01
    1.7359826714e-02   -3.7168121338e+01
    1.7369559035e-02   -3.7153694153e+01
    1.7379291356e-02   -3.7139251709e+01
    1.7389023677e-02   -3.7124797821e+01
    1.7399972305e-02   -3.7108528137e+01
    1.7409704626e-02   -3.7094058990e+01
    1.7419159412e-02   -3.7079998016e+01
    1.7429251224e-02   -3.7064979553e+01
    1.7439343035e-02   -3.7049961090e+01
    1.7449667677e-02   -3.7034591675e+01
    1.7459308729e-02   -3.7020236969e+01
    1.7469912767e-02   -3.7004444122e+01
    1.7479551956e-02   -3.6990077972e+01
    1.7489193007e-02   -3.6975700378e+01
    1.7499797046e-02   -3.6959873199e+01
    1.7509987578e-02   -3.6944644928e+01
    1.7519719899e-02   -3.6930084229e+01
    1.7529452220e-02   -3.6915504456e+01
    1.7539476976e-02   -3.6900466919e+01
    1.7549702898e-02   -3.6885105133e+01
    1.7559928820e-02   -3.6869716644e+01
    1.7569473013e-02   -3.6855335236e+01
    1.7578907311e-02   -3.6841094971e+01
    1.7589855939e-02   -3.6824554443e+01
    1.7599588260e-02   -3.6809833527e+01
    1.7609320581e-02   -3.6795108795e+01
    1.7619052902e-02   -3.6780376434e+01
    1.7628785223e-02   -3.6765647888e+01
    1.7639733851e-02   -3.6749084473e+01
    1.7649466172e-02   -3.6734375000e+01
    1.7659198493e-02   -3.6719684601e+01
    1.7668930814e-02   -3.6705017090e+01
    1.7679879442e-02   -3.6688556671e+01
    1.7689611763e-02   -3.6673965454e+01
    1.7699342221e-02   -3.6659420013e+01
    1.7709380016e-02   -3.6644462585e+01
    1.7719458789e-02   -3.6629501343e+01
    1.7729684711e-02   -3.6614376068e+01
    1.7739908770e-02   -3.6599311829e+01
    1.7749235034e-02   -3.6585624695e+01
    1.7759326845e-02   -3.6570869446e+01
    1.7769418657e-02   -3.6556171417e+01
    1.7779603601e-02   -3.6541404724e+01
    1.7789229751e-02   -3.6527500153e+01
    1.7798962072e-02   -3.6513504028e+01
    1.7809910700e-02   -3.6497825623e+01
    1.7819549888e-02   -3.6484085083e+01
    1.7828823999e-02   -3.6470920563e+01
    1.7839772627e-02   -3.6455448151e+01
    1.7849918455e-02   -3.6441177368e+01
    1.7859557644e-02   -3.6427673340e+01
    1.7869794741e-02   -3.6413391113e+01
    1.7879873514e-02   -3.6399391174e+01
    1.7889067531e-02   -3.6386665344e+01
    1.7898799852e-02   -3.6373241425e+01
    1.7909748480e-02   -3.6358196259e+01
    1.7919737846e-02   -3.6344512939e+01
    1.7928855494e-02   -3.6332065582e+01
    1.7939617857e-02   -3.6317413330e+01
    1.7949869856e-02   -3.6303501129e+01
    1.7959624529e-02   -3.6290306091e+01
    1.7969919369e-02   -3.6276424408e+01
    1.7979700118e-02   -3.6263278961e+01
    1.7989629880e-02   -3.6249977112e+01
    1.7999311909e-02   -3.6237045288e+01
    1.8009589985e-02   -3.6223365784e+01
    1.8019814044e-02   -3.6209808350e+01
    1.8029689789e-02   -3.6196762085e+01
    1.8039422110e-02   -3.6183963776e+01
    1.8049154431e-02   -3.6171226501e+01
    1.8059533089e-02   -3.6157718658e+01
    1.8069569021e-02   -3.6144733429e+01
    1.8079301342e-02   -3.6132221222e+01
    1.8089439720e-02   -3.6119266510e+01
    1.8099820241e-02   -3.6106094360e+01
    1.8109869212e-02   -3.6093441010e+01
    1.8119601533e-02   -3.6081279755e+01
    1.8129333854e-02   -3.6069217682e+01
    1.8139066175e-02   -3.6057254791e+01
    1.8148798496e-02   -3.6045391083e+01
    1.8159747124e-02   -3.6032161713e+01
    1.8169479445e-02   -3.6020500183e+01
    1.8179211766e-02   -3.6008937836e+01
    1.8188942224e-02   -3.5997467041e+01
    1.8199892715e-02   -3.5984676361e+01
    1.8209625036e-02   -3.5973407745e+01
    1.8219357356e-02   -3.5962223053e+01
    1.8229089677e-02   -3.5951122284e+01
    1.8238821998e-02   -3.5940097809e+01
    1.8249770626e-02   -3.5927780151e+01
    1.8259502947e-02   -3.5916896820e+01
    1.8269235268e-02   -3.5906074524e+01
    1.8278967589e-02   -3.5895301819e+01
    1.8289916217e-02   -3.5883243561e+01
    1.8299648538e-02   -3.5872562408e+01
    1.8309380859e-02   -3.5861915588e+01
    1.8319113180e-02   -3.5851291656e+01
    1.8328845501e-02   -3.5840682983e+01
    1.8339794129e-02   -3.5828758240e+01
    1.8349526450e-02   -3.5818161011e+01
    1.8359258771e-02   -3.5807559967e+01
    1.8368991092e-02   -3.5796951294e+01
    1.8379941583e-02   -3.5784996033e+01
    1.8389673904e-02   -3.5774345398e+01
    1.8399406224e-02   -3.5763668060e+01
    1.8409138545e-02   -3.5752967834e+01
    1.8418870866e-02   -3.5742233276e+01
    1.8429819494e-02   -3.5730121613e+01
    1.8439553678e-02   -3.5719322205e+01
    1.8449285999e-02   -3.5708488464e+01
    1.8459018320e-02   -3.5697620392e+01
    1.8469966948e-02   -3.5685356140e+01
    1.8479699269e-02   -3.5674415588e+01
    1.8489433452e-02   -3.5663448334e+01
    1.8499165773e-02   -3.5652446747e+01
    1.8508898094e-02   -3.5641414642e+01
    1.8519846722e-02   -3.5628967285e+01
    1.8529580906e-02   -3.5617870331e+01
    1.8539313227e-02   -3.5606742859e+01
    1.8549045548e-02   -3.5595588684e+01
    1.8559996039e-02   -3.5583011627e+01
    1.8569728360e-02   -3.5571807861e+01
    1.8579460680e-02   -3.5560585022e+01
    1.8589194864e-02   -3.5549350739e+01
    1.8598927185e-02   -3.5538101196e+01
    1.8609877676e-02   -3.5525440216e+01
    1.8619609997e-02   -3.5514179230e+01
    1.8629342318e-02   -3.5502914429e+01
    1.8639076501e-02   -3.5491653442e+01
    1.8648808822e-02   -3.5480396271e+01
    1.8659759313e-02   -3.5467739105e+01
    1.8669491634e-02   -3.5456501007e+01
    1.8679225817e-02   -3.5445270538e+01
    1.8688958138e-02   -3.5434051514e+01
    1.8699908629e-02   -3.5421443939e+01
    1.8709640950e-02   -3.5410247803e+01
    1.8719375134e-02   -3.5399063110e+01
    1.8729107454e-02   -3.5387889862e+01
    1.8738839775e-02   -3.5376724243e+01
    1.8749790266e-02   -3.5364173889e+01
    1.8759522587e-02   -3.5353027344e+01
    1.8769256771e-02   -3.5341880798e+01
    1.8779309466e-02   -3.5330375671e+01
    1.8789401278e-02   -3.5318820953e+01
    1.8799494952e-02   -3.5307270050e+01
    1.8809586763e-02   -3.5295715332e+01
    1.8819047138e-02   -3.5284889221e+01
    1.8829995766e-02   -3.5272354126e+01
    1.8839728087e-02   -3.5261211395e+01
    1.8849462271e-02   -3.5250068665e+01
    1.8859194592e-02   -3.5238925934e+01
    1.8868928775e-02   -3.5227787018e+01
    1.8879877403e-02   -3.5215255737e+01
    1.8889611587e-02   -3.5204120636e+01
    1.8899343908e-02   -3.5192993164e+01
    1.8909076229e-02   -3.5181865692e+01
    1.8918810412e-02   -3.5170745850e+01
    1.8929759040e-02   -3.5158241272e+01
    1.8939493224e-02   -3.5147121429e+01
    1.8949266523e-02   -3.5135955811e+01
    1.8959358335e-02   -3.5124423981e+01
    1.8969452009e-02   -3.5112880707e+01
    1.8979508430e-02   -3.5101364136e+01
    1.8989242613e-02   -3.5090206146e+01
    1.8998974934e-02   -3.5079032898e+01
    1.9009964541e-02   -3.5066394806e+01
    1.9019139931e-02   -3.5055824280e+01
    1.9028898329e-02   -3.5044555664e+01
    1.9039848819e-02   -3.5031883240e+01
    1.9049581140e-02   -3.5020587921e+01
    1.9059315324e-02   -3.5009254456e+01
    1.9069047645e-02   -3.4997882843e+01
    1.9079998136e-02   -3.4985038757e+01
    1.9089730456e-02   -3.4973575592e+01
    1.9099462777e-02   -3.4962062836e+01
    1.9109196961e-02   -3.4950496674e+01
    1.9118929282e-02   -3.4938873291e+01
    1.9129879773e-02   -3.4925731659e+01
    1.9139612094e-02   -3.4913978577e+01
    1.9149346277e-02   -3.4902164459e+01
    1.9159078598e-02   -3.4890277863e+01
    1.9168810919e-02   -3.4878322601e+01
    1.9179761410e-02   -3.4864788055e+01
    1.9189493731e-02   -3.4852672577e+01
    1.9199227914e-02   -3.4840484619e+01
    1.9208960235e-02   -3.4828212738e+01
    1.9219910726e-02   -3.4814311981e+01
    1.9229643047e-02   -3.4801864624e+01
    1.9239377230e-02   -3.4789333344e+01
    1.9249109551e-02   -3.4776710510e+01
    1.9258841872e-02   -3.4764003754e+01
    1.9269792363e-02   -3.4749595642e+01
    1.9279524684e-02   -3.4736694336e+01
    1.9289258868e-02   -3.4723697662e+01
    1.9298991188e-02   -3.4710613251e+01
    1.9309941679e-02   -3.4695777893e+01
    1.9319674000e-02   -3.4682498932e+01
    1.9329408184e-02   -3.4669124603e+01
    1.9339140505e-02   -3.4655658722e+01
    1.9348874688e-02   -3.4642105103e+01
    1.9359823316e-02   -3.4626754761e+01
    1.9369557500e-02   -3.4613021851e+01
    1.9379289821e-02   -3.4599205017e+01
    1.9389024004e-02   -3.4585308075e+01
    1.9399972633e-02   -3.4569591522e+01
    1.9409706816e-02   -3.4555549622e+01
    1.9419439137e-02   -3.4541442871e+01
    1.9429173321e-02   -3.4527278900e+01
    1.9438905641e-02   -3.4513065338e+01
    1.9449856132e-02   -3.4497016907e+01
    1.9459590316e-02   -3.4482700348e+01
    1.9469322637e-02   -3.4468345642e+01
    1.9479056820e-02   -3.4453952789e+01
    1.9488789141e-02   -3.4439517975e+01
    1.9499739632e-02   -3.4423236847e+01
    1.9509471953e-02   -3.4408721924e+01
    1.9519206136e-02   -3.4394168854e+01
    1.9528938457e-02   -3.4379573822e+01
    1.9539888948e-02   -3.4363101959e+01
    1.9549623132e-02   -3.4348415375e+01
    1.9559355453e-02   -3.4333679199e+01
    1.9569089636e-02   -3.4318893433e+01
    1.9578821957e-02   -3.4304054260e+01
    1.9589772448e-02   -3.4287292480e+01
    1.9599506631e-02   -3.4272327423e+01
    1.9609238952e-02   -3.4257301331e+01
    1.9618973136e-02   -3.4242206573e+01
    1.9629923627e-02   -3.4225139618e+01
    1.9639655948e-02   -3.4209892273e+01
    1.9649390131e-02   -3.4194564819e+01
    1.9659122452e-02   -3.4179161072e+01
    1.9668856636e-02   -3.4163669586e+01
    1.9679807127e-02   -3.4146137238e+01
    1.9689539447e-02   -3.4130455017e+01
    1.9699273631e-02   -3.4114681244e+01
    1.9709007815e-02   -3.4098812103e+01
    1.9719956443e-02   -3.4080841064e+01
    1.9729690626e-02   -3.4064762115e+01
    1.9739424810e-02   -3.4048576355e+01
    1.9749157131e-02   -3.4032287598e+01
    1.9758891314e-02   -3.4015888214e+01
    1.9769841805e-02   -3.3997314453e+01
    1.9779574126e-02   -3.3980690002e+01
    1.9789308310e-02   -3.3963954926e+01
    1.9799040630e-02   -3.3947109222e+01
    1.9809991121e-02   -3.3928031921e+01
    1.9819725305e-02   -3.3910961151e+01
    1.9829459488e-02   -3.3893783569e+01
    1.9839191809e-02   -3.3876502991e+01
    1.9848925993e-02   -3.3859127045e+01
    1.9859876484e-02   -3.3839458466e+01
    1.9869608805e-02   -3.3821876526e+01
    1.9879342988e-02   -3.3804203033e+01
    1.9889077172e-02   -3.3786441803e+01
    1.9898809493e-02   -3.3768596649e+01
    1.9909759983e-02   -3.3748420715e+01
    1.9919494167e-02   -3.3730403900e+01
    1.9929226488e-02   -3.3712310791e+01
    1.9938960671e-02   -3.3694145203e+01
    1.9949911162e-02   -3.3673622131e+01
    1.9959645346e-02   -3.3655303955e+01
    1.9969377667e-02   -3.3636920929e+01
    1.9979111850e-02   -3.3618469238e+01
    1.9988846034e-02   -3.3599948883e+01
    1.9999796525e-02   -3.3579040527e+01
    2.0009528846e-02   -3.3560382843e+01
    2.0019263029e-02   -3.3541656494e+01
    2.0028997213e-02   -3.3522869110e+01
    2.0039947703e-02   -3.3501644135e+01
    2.0049680024e-02   -3.3482704163e+01
    2.0059414208e-02   -3.3463691711e+01
    2.0069148391e-02   -3.3444602966e+01
    2.0078882575e-02   -3.3425437927e+01
    2.0089831203e-02   -3.3403778076e+01
    2.0099565387e-02   -3.3384437561e+01
    2.0109299570e-02   -3.3365009308e+01
    2.0119033754e-02   -3.3345497131e+01
    2.0129984245e-02   -3.3323440552e+01
    2.0139716566e-02   -3.3303745270e+01
    2.0149450749e-02   -3.3283958435e+01
    2.0159184933e-02   -3.3264080048e+01
    2.0168919116e-02   -3.3244117737e+01
    2.0179867744e-02   -3.3221557617e+01
    2.0189601928e-02   -3.3201412201e+01
    2.0199336112e-02   -3.3181182861e+01
    2.0209070295e-02   -3.3160869598e+01
    2.0218802616e-02   -3.3140480042e+01
    2.0229753107e-02   -3.3117446899e+01
    2.0239487290e-02   -3.3096897125e+01
    2.0249221474e-02   -3.3076274872e+01
    2.0258955657e-02   -3.3055580139e+01
    2.0269904286e-02   -3.3032222748e+01
    2.0279638469e-02   -3.3011394501e+01
    2.0289372653e-02   -3.2990501404e+01
    2.0299106836e-02   -3.2969547272e+01
    2.0308839157e-02   -3.2948535919e+01
    2.0319789648e-02   -3.2924827576e+01
    2.0329523832e-02   -3.2903697968e+01
    2.0339258015e-02   -3.2882511139e+01
    2.0348992199e-02   -3.2861270905e+01
    2.0359942690e-02   -3.2837310791e+01
    2.0369675010e-02   -3.2815959930e+01
    2.0379409194e-02   -3.2794555664e+01
    2.0389143378e-02   -3.2773097992e+01
    2.0398877561e-02   -3.2751586914e+01
    2.0409828052e-02   -3.2727325439e+01
    2.0419560373e-02   -3.2705703735e+01
    2.0429294556e-02   -3.2684020996e+01
    2.0439028740e-02   -3.2662284851e+01
    2.0449979231e-02   -3.2637760162e+01
    2.0459713414e-02   -3.2615894318e+01
    2.0469445735e-02   -3.2593963623e+01
    2.0479179919e-02   -3.2571968079e+01
    2.0488914102e-02   -3.2549903870e+01
    2.0499864593e-02   -3.2524993896e+01
    2.0509598777e-02   -3.2502777100e+01
    2.0519332960e-02   -3.2480484009e+01
    2.0529065281e-02   -3.2458110809e+01
    2.0538799465e-02   -3.2435657501e+01
    2.0549749956e-02   -3.2410305023e+01
    2.0559484139e-02   -3.2387680054e+01
    2.0569218323e-02   -3.2364971161e+01
    2.0578950644e-02   -3.2342182159e+01
    2.0589901134e-02   -3.2316440582e+01
    2.0599635318e-02   -3.2293468475e+01
    2.0609369501e-02   -3.2270416260e+01
    2.0619103685e-02   -3.2247276306e+01
    2.0628837869e-02   -3.2224048615e+01
    2.0639788359e-02   -3.2197822571e+01
    2.0649520680e-02   -3.2174419403e+01
    2.0659254864e-02   -3.2150932312e+01
    2.0668989047e-02   -3.2127361298e+01
    2.0679939538e-02   -3.2100746155e+01
    2.0689673722e-02   -3.2076999664e+01
    2.0699407905e-02   -3.2053176880e+01
    2.0709140226e-02   -3.2029270172e+01
    2.0718874410e-02   -3.2005283356e+01
    2.0729824901e-02   -3.1978206635e+01
    2.0739559084e-02   -3.1954055786e+01
    2.0749293268e-02   -3.1929830551e+01
    2.0759027451e-02   -3.1905532837e+01
    2.0769977942e-02   -3.1878108978e+01
    2.0779712126e-02   -3.1853658676e+01
    2.0789444447e-02   -3.1829139709e+01
    2.0799178630e-02   -3.1804553986e+01
    2.0808912814e-02   -3.1779901505e+01
    2.0819863304e-02   -3.1752090454e+01
    2.0829597488e-02   -3.1727304459e+01
    2.0839331672e-02   -3.1702455521e+01
    2.0849065855e-02   -3.1677547455e+01
    2.0858798176e-02   -3.1652580261e+01
    2.0869750530e-02   -3.1624422073e+01
    2.0879482850e-02   -3.1599332809e+01
    2.0889217034e-02   -3.1574184418e+01
    2.0898951218e-02   -3.1548978806e+01
    2.0909901708e-02   -3.1520555496e+01
    2.0919635892e-02   -3.1495227814e+01
    2.0929370075e-02   -3.1469841003e+01
    2.0939104259e-02   -3.1444396973e+01
    2.0948838443e-02   -3.1418891907e+01
    2.0959788933e-02   -3.1390127182e+01
    2.0969523117e-02   -3.1364492416e+01
    2.0979257300e-02   -3.1338794708e+01
    2.0988989621e-02   -3.1313034058e+01
    2.0999941975e-02   -3.1283973694e+01
    2.1009674296e-02   -3.1258071899e+01
    2.1019408479e-02   -3.1232103348e+01
    2.1029142663e-02   -3.1206066132e+01
    2.1038876846e-02   -3.1179960251e+01
    2.1049827337e-02   -3.1150505066e+01
    2.1059561521e-02   -3.1124248505e+01
    2.1069295704e-02   -3.1097919464e+01
    2.1079029888e-02   -3.1071521759e+01
    2.1089980379e-02   -3.1041736603e+01
    2.1099714562e-02   -3.1015186310e+01
    2.1109448746e-02   -3.0988567352e+01
    2.1119182929e-02   -3.0961879730e+01
    2.1128917113e-02   -3.0935125351e+01
    2.1139867604e-02   -3.0904949188e+01
    2.1149601787e-02   -3.0878061295e+01
    2.1159335971e-02   -3.0851112366e+01
    2.1169070154e-02   -3.0824106216e+01
    2.1178804338e-02   -3.0797046661e+01
    2.1189754829e-02   -3.0766542435e+01
    2.1199489012e-02   -3.0739376068e+01
    2.1209223196e-02   -3.0712165833e+01
    2.1218957379e-02   -3.0684911728e+01
    2.1229907870e-02   -3.0654201508e+01
    2.1239642054e-02   -3.0626861572e+01
    2.1249376237e-02   -3.0599487305e+01
    2.1259110421e-02   -3.0572076797e+01
    2.1268844604e-02   -3.0544631958e+01
    2.1279795095e-02   -3.0513715744e+01
    2.1289529279e-02   -3.0486202240e+01
    2.1299263462e-02   -3.0458654404e+01
    2.1308997646e-02   -3.0431076050e+01
    2.1319948137e-02   -3.0400011063e+01
    2.1329682320e-02   -3.0372362137e+01
    2.1339416504e-02   -3.0344680786e+01
    2.1349150687e-02   -3.0316965103e+01
    2.1358886734e-02   -3.0289215088e+01
    2.1369837224e-02   -3.0257953644e+01
    2.1379571408e-02   -3.0230125427e+01
    2.1389305592e-02   -3.0202262878e+01
    2.1399039775e-02   -3.0174360275e+01
    2.1409990266e-02   -3.0142925262e+01
    2.1419724450e-02   -3.0114940643e+01
    2.1429458633e-02   -3.0086915970e+01
    2.1439192817e-02   -3.0058851242e+01
    2.1448927000e-02   -3.0030746460e+01
    2.1459879354e-02   -2.9999078751e+01
    2.1469613537e-02   -2.9970884323e+01
    2.1479347721e-02   -2.9942647934e+01
    2.1489081904e-02   -2.9914369583e+01
    2.1498816088e-02   -2.9886047363e+01
    2.1509766579e-02   -2.9854131699e+01
    2.1519500762e-02   -2.9825717926e+01
    2.1529234946e-02   -2.9797258377e+01
    2.1538969129e-02   -2.9768754959e+01
    2.1549919620e-02   -2.9736635208e+01
    2.1559655666e-02   -2.9708036423e+01
    2.1569389850e-02   -2.9679391861e+01
    2.1579124033e-02   -2.9650703430e+01
    2.1588858217e-02   -2.9621967316e+01
    2.1599808708e-02   -2.9589582443e+01
    2.1609542891e-02   -2.9560749054e+01
    2.1619277075e-02   -2.9531866074e+01
    2.1629011258e-02   -2.9502937317e+01
    2.1639961749e-02   -2.9470336914e+01
    2.1649695933e-02   -2.9441305161e+01
    2.1659430116e-02   -2.9412227631e+01
    2.1669164300e-02   -2.9383102417e+01
    2.1678898484e-02   -2.9353929520e+01
    2.1689850837e-02   -2.9321050644e+01
    2.1699585021e-02   -2.9291772842e+01
    2.1709319204e-02   -2.9262447357e+01
    2.1719053388e-02   -2.9233072281e+01
    2.1728787571e-02   -2.9203647614e+01
    2.1739738062e-02   -2.9170484543e+01
    2.1749472246e-02   -2.9140953064e+01
    2.1759206429e-02   -2.9111370087e+01
    2.1768940613e-02   -2.9081735611e+01
    2.1779891104e-02   -2.9048334122e+01
    2.1789625287e-02   -2.9018587112e+01
    2.1799359471e-02   -2.8988786697e+01
    2.1809095517e-02   -2.8958929062e+01
    2.1818829700e-02   -2.8929018021e+01
    2.1829780191e-02   -2.8895298004e+01
    2.1839514375e-02   -2.8865266800e+01
    2.1849248558e-02   -2.8835178375e+01
    2.1858982742e-02   -2.8805032730e+01
    2.1869933233e-02   -2.8771051407e+01
    2.1879667416e-02   -2.8740787506e+01
    2.1889401600e-02   -2.8710466385e+01
    2.1899135783e-02   -2.8680093765e+01
    2.1908869967e-02   -2.8649665833e+01
    2.1919820458e-02   -2.8615373611e+01
    2.1929554641e-02   -2.8584838867e+01
    2.1939288825e-02   -2.8554256439e+01
    2.1949023008e-02   -2.8523626328e+01
    2.1959973499e-02   -2.8489110947e+01
    2.1969707683e-02   -2.8458385468e+01
    2.1979441866e-02   -2.8427614212e+01
    2.1989176050e-02   -2.8396802902e+01
    2.1998910233e-02   -2.8365947723e+01
    2.2009860724e-02   -2.8331184387e+01
    2.2019594908e-02   -2.8300239563e+01
    2.2029329091e-02   -2.8269252777e+01
    2.2039063275e-02   -2.8238222122e+01
    2.2048797458e-02   -2.8207147598e+01
    2.2059747949e-02   -2.8172132492e+01
    2.2069482133e-02   -2.8140956879e+01
    2.2079216316e-02   -2.8109731674e+01
    2.2088948637e-02   -2.8078451157e+01
    2.2099900991e-02   -2.8043195724e+01
    2.2109633312e-02   -2.8011793137e+01
    2.2119367495e-02   -2.7980325699e+01
    2.2129101679e-02   -2.7948793411e+01
    2.2138835862e-02   -2.7917188644e+01
    2.2149786353e-02   -2.7881542206e+01
    2.2159520537e-02   -2.7849773407e+01
    2.2169254720e-02   -2.7817916870e+01
    2.2178988904e-02   -2.7785970688e+01
    2.2189939395e-02   -2.7749919891e+01
    2.2199673578e-02   -2.7717767715e+01
    2.2209407762e-02   -2.7685510635e+01
    2.2219141945e-02   -2.7653142929e+01
    2.2228876129e-02   -2.7620662689e+01
    2.2239826620e-02   -2.7583978653e+01
    2.2249558941e-02   -2.7551240921e+01
    2.2259293124e-02   -2.7518375397e+01
    2.2269027308e-02   -2.7485376358e+01
    2.2279977798e-02   -2.7448093414e+01
    2.2289711982e-02   -2.7414802551e+01
    2.2299446166e-02   -2.7381372452e+01
    2.2309180349e-02   -2.7347795486e+01
    2.2318914533e-02   -2.7314073563e+01
    2.2329865023e-02   -2.7275957108e+01
    2.2339599207e-02   -2.7241914749e+01
    2.2349333391e-02   -2.7207721710e+01
    2.2359067574e-02   -2.7173374176e+01
    2.2368799895e-02   -2.7138874054e+01
    2.2379750386e-02   -2.7099878311e+01
    2.2389484569e-02   -2.7065053940e+01
    2.2399218753e-02   -2.7030076981e+01
    2.2408952937e-02   -2.6994951248e+01
    2.2419903427e-02   -2.6955257416e+01
    2.2429637611e-02   -2.6919820786e+01
    2.2439371794e-02   -2.6884241104e+01
    2.2449104115e-02   -2.6848524094e+01
    2.2458838299e-02   -2.6812671661e+01
    2.2469788790e-02   -2.6772180557e+01
    2.2479522973e-02   -2.6736055374e+01
    2.2489257157e-02   -2.6699808121e+01
    2.2498991340e-02   -2.6663444519e+01
    2.2509941831e-02   -2.6622404099e+01
    2.2519674152e-02   -2.6585809708e+01
    2.2529408336e-02   -2.6549118042e+01
    2.2539142519e-02   -2.6512329102e+01
    2.2548876703e-02   -2.6475452423e+01
    2.2559827194e-02   -2.6433864594e+01
    2.2569561377e-02   -2.6396814346e+01
    2.2579295561e-02   -2.6359693527e+01
    2.2589027882e-02   -2.6322502136e+01
    2.2599980235e-02   -2.6280586243e+01
    2.2609712556e-02   -2.6243267059e+01
    2.2619446740e-02   -2.6205892563e+01
    2.2629180923e-02   -2.6168466568e+01
    2.2638915107e-02   -2.6130994797e+01
    2.2649865597e-02   -2.6088785172e+01
    2.2659599781e-02   -2.6051221848e+01
    2.2669333965e-02   -2.6013620377e+01
    2.2679068148e-02   -2.5975982666e+01
    2.2688800469e-02   -2.5938310623e+01
    2.2699752823e-02   -2.5895891190e+01
    2.2709485143e-02   -2.5858152390e+01
    2.2719219327e-02   -2.5820384979e+01
    2.2728953511e-02   -2.5782588959e+01
    2.2739904001e-02   -2.5740037918e+01
    2.2749638185e-02   -2.5702188492e+01
    2.2759372368e-02   -2.5664314270e+01
    2.2769106552e-02   -2.5626419067e+01
    2.2778840736e-02   -2.5588502884e+01
    2.2789791226e-02   -2.5545825958e+01
    2.2799525410e-02   -2.5507873535e+01
    2.2809257731e-02   -2.5469907761e+01
    2.2818991914e-02   -2.5431928635e+01
    2.2829942405e-02   -2.5389192581e+01
    2.2839676589e-02   -2.5351200104e+01
    2.2849410772e-02   -2.5313201904e+01
    2.2859144956e-02   -2.5275207520e+01
    2.2868879139e-02   -2.5237215042e+01
    2.2879829630e-02   -2.5194482803e+01
    2.2889563814e-02   -2.5156511307e+01
    2.2899297997e-02   -2.5118555069e+01
    2.2909030318e-02   -2.5080617905e+01
    2.2919980809e-02   -2.5037963867e+01
    2.2929714993e-02   -2.5000078201e+01
    2.2939449176e-02   -2.4962219238e+01
    2.2949183360e-02   -2.4924394608e+01
    2.2958917543e-02   -2.4886602402e+01
    2.2969868034e-02   -2.4844131470e+01
    2.2979602218e-02   -2.4806421280e+01
    2.2989334539e-02   -2.4768751144e+01
    2.2999068722e-02   -2.4731124878e+01
    2.3008802906e-02   -2.4693540573e+01
    2.3019753397e-02   -2.4651311874e+01
    2.3029487580e-02   -2.4613821030e+01
    2.3039221764e-02   -2.4576375961e+01
    2.3048955947e-02   -2.4538974762e+01
    2.3059906438e-02   -2.4496950150e+01
    2.3069640622e-02   -2.4459640503e+01
    2.3079374805e-02   -2.4422370911e+01
    2.3089108989e-02   -2.4385145187e+01
    2.3098841310e-02   -2.4347955704e+01
    2.3109793663e-02   -2.4306165695e+01
    2.3119525984e-02   -2.4269056320e+01
    2.3129260167e-02   -2.4231983185e+01
    2.3138994351e-02   -2.4194944382e+01
    2.3149944842e-02   -2.4153314590e+01
    2.3159679025e-02   -2.4116346359e+01
    2.3169413209e-02   -2.4079406738e+01
    2.3179147393e-02   -2.4042499542e+01
    2.3188881576e-02   -2.4005622864e+01
    2.3199832067e-02   -2.3964172363e+01
    2.3209566250e-02   -2.3927360535e+01
    2.3219300434e-02   -2.3890579224e+01
    2.3229034618e-02   -2.3853830338e+01
    2.3239985108e-02   -2.3812524796e+01
    2.3249719292e-02   -2.3775846481e+01
    2.3259453475e-02   -2.3739202499e+01
    2.3269187659e-02   -2.3702596664e+01
    2.3278919980e-02   -2.3666027069e+01
    2.3289872333e-02   -2.3624935150e+01
    2.3299604654e-02   -2.3588453293e+01
    2.3309338838e-02   -2.3552017212e+01
    2.3319073021e-02   -2.3515626907e+01
    2.3328807205e-02   -2.3479288101e+01
    2.3339757696e-02   -2.3438467026e+01
    2.3349491879e-02   -2.3402238846e+01
    2.3359226063e-02   -2.3366067886e+01
    2.3368960246e-02   -2.3329956055e+01
    2.3379910737e-02   -2.3289403915e+01
    2.3389644921e-02   -2.3253425598e+01
    2.3399377242e-02   -2.3217512131e+01
    2.3409111425e-02   -2.3181667328e+01
    2.3418845609e-02   -2.3145889282e+01
    2.3429796100e-02   -2.3105726242e+01
    2.3439530283e-02   -2.3070098877e+01
    2.3449264467e-02   -2.3034545898e+01
    2.3458998650e-02   -2.2999063492e+01
    2.3469949141e-02   -2.2959232330e+01
    2.3479683325e-02   -2.2923904419e+01
    2.3489417508e-02   -2.2888645172e+01
    2.3499151692e-02   -2.2853458405e+01
    2.3508884013e-02   -2.2818340302e+01
    2.3519836366e-02   -2.2778911591e+01
    2.3529568687e-02   -2.2743936539e+01
    2.3539302871e-02   -2.2709022522e+01
    2.3549037054e-02   -2.2674173355e+01
    2.3559987545e-02   -2.2635036469e+01
    2.3569721729e-02   -2.2600311279e+01
    2.3579455912e-02   -2.2565639496e+01
    2.3589190096e-02   -2.2531021118e+01
    2.3598924279e-02   -2.2496450424e+01
    2.3609874770e-02   -2.2457618713e+01
    2.3619608954e-02   -2.2423147202e+01
    2.3629343137e-02   -2.2388719559e+01
    2.3639075458e-02   -2.2354331970e+01
    2.3648809642e-02   -2.2319982529e+01
    2.3659760132e-02   -2.2281381607e+01
    2.3669494316e-02   -2.2247106552e+01
    2.3679228500e-02   -2.2212863922e+01
    2.3688962683e-02   -2.2178649902e+01
    2.3699913174e-02   -2.2140192032e+01
    2.3709647357e-02   -2.2106033325e+01
    2.3719871417e-02   -2.2070177078e+01
    2.3729488254e-02   -2.2036481857e+01
    2.3739386350e-02   -2.2001811981e+01
    2.3749612272e-02   -2.1966018677e+01
    2.3759838194e-02   -2.1930244446e+01
    2.3769818246e-02   -2.1895341873e+01
    2.3779362440e-02   -2.1861980438e+01
    2.3789588362e-02   -2.1826248169e+01
    2.3799812421e-02   -2.1790527344e+01
    2.3809930310e-02   -2.1755191803e+01
    2.3819958791e-02   -2.1720180511e+01
    2.3829501122e-02   -2.1686861038e+01
    2.3839913309e-02   -2.1650520325e+01
    2.3849939927e-02   -2.1615520477e+01
    2.3859484121e-02   -2.1582210541e+01
    2.3869708180e-02   -2.1546520233e+01
    2.3879934102e-02   -2.1510829926e+01
    2.3889478296e-02   -2.1477516174e+01
    2.3899124935e-02   -2.1443841934e+01
    2.3908857256e-02   -2.1409858704e+01
    2.3919807747e-02   -2.1371623993e+01
    2.3929541931e-02   -2.1337631226e+01
    2.3939687759e-02   -2.1302198410e+01
    2.3949328810e-02   -2.1268526077e+01
    2.3958856240e-02   -2.1235242844e+01
    2.3969806731e-02   -2.1196981430e+01
    2.3979540914e-02   -2.1162969589e+01
    2.3989275098e-02   -2.1128955841e+01
    2.3999007419e-02   -2.1094942093e+01
    2.4009453133e-02   -2.1058441162e+01
    2.4019094184e-02   -2.1024755478e+01
    2.4029601365e-02   -2.0988040924e+01
    2.4039827287e-02   -2.0952318192e+01
    2.4049369618e-02   -2.0918983459e+01
    2.4059595540e-02   -2.0883274078e+01
    2.4069892243e-02   -2.0847326279e+01
    2.4079499766e-02   -2.0813804626e+01
    2.4089965969e-02   -2.0777292252e+01
    2.4099510163e-02   -2.0744016647e+01
    2.4109736085e-02   -2.0708385468e+01
    2.4119464681e-02   -2.0674505234e+01
    2.4129198864e-02   -2.0640634537e+01
    2.4139665067e-02   -2.0604240417e+01
    2.4149890989e-02   -2.0568719864e+01
    2.4159435183e-02   -2.0535598755e+01
    2.4169871584e-02   -2.0499418259e+01
    2.4178950116e-02   -2.0467983246e+01
    2.4189805612e-02   -2.0430440903e+01
    2.4199349806e-02   -2.0397480011e+01
    2.4209465832e-02   -2.0362586975e+01
    2.4219200015e-02   -2.0329071045e+01
    2.4228934199e-02   -2.0295610428e+01
    2.4239886552e-02   -2.0258039474e+01
    2.4249618873e-02   -2.0224710464e+01
    2.4259353057e-02   -2.0191448212e+01
    2.4269087240e-02   -2.0158256531e+01
    2.4278821424e-02   -2.0125135422e+01
    2.4289773777e-02   -2.0087963104e+01
    2.4299507961e-02   -2.0054998398e+01
    2.4309242144e-02   -2.0022108078e+01
    2.4318976328e-02   -1.9989292145e+01
    2.4329926819e-02   -1.9952459335e+01
    2.4339661002e-02   -1.9919795990e+01
    2.4349395186e-02   -1.9887201309e+01
    2.4359129369e-02   -1.9854671478e+01
    2.4368863553e-02   -1.9822204590e+01
    2.4379814044e-02   -1.9785749435e+01
    2.4389550090e-02   -1.9753402710e+01
    2.4399284273e-02   -1.9721109390e+01
    2.4409018457e-02   -1.9688865662e+01
    2.4419968948e-02   -1.9652641296e+01
    2.4429703131e-02   -1.9620485306e+01
    2.4439437315e-02   -1.9588367462e+01
    2.4449171498e-02   -1.9556280136e+01
    2.4458905682e-02   -1.9524223328e+01
    2.4469858035e-02   -1.9488189697e+01
    2.4479592219e-02   -1.9456184387e+01
    2.4489326403e-02   -1.9424198151e+01
    2.4499060586e-02   -1.9392229080e+01
    2.4508794770e-02   -1.9360275269e+01
    2.4519747123e-02   -1.9324340820e+01
    2.4529481307e-02   -1.9292407990e+01
    2.4539215490e-02   -1.9260482788e+01
    2.4548949674e-02   -1.9228567123e+01
    2.4559902027e-02   -1.9192668915e+01
    2.4569636211e-02   -1.9160766602e+01
    2.4579370394e-02   -1.9128871918e+01
    2.4589104578e-02   -1.9096986771e+01
    2.4598838761e-02   -1.9065113068e+01
    2.4609791115e-02   -1.9029270172e+01
    2.4619525298e-02   -1.8997428894e+01
    2.4629259482e-02   -1.8965604782e+01
    2.4638993666e-02   -1.8933803558e+01
    2.4649946019e-02   -1.8898057938e+01
    2.4659680203e-02   -1.8866315842e+01
    2.4669414386e-02   -1.8834606171e+01
    2.4679150432e-02   -1.8802932739e+01
    2.4688884616e-02   -1.8771297455e+01
    2.4699835107e-02   -1.8735755920e+01
    2.4709571153e-02   -1.8704210281e+01
    2.4719305336e-02   -1.8672710419e+01
    2.4729039520e-02   -1.8641260147e+01
    2.4739991874e-02   -1.8605939865e+01
    2.4749726057e-02   -1.8574600220e+01
    2.4759460241e-02   -1.8543315887e+01
    2.4769196287e-02   -1.8512090683e+01
    2.4778930470e-02   -1.8480922699e+01
    2.4789882824e-02   -1.8445930481e+01
    2.4799617007e-02   -1.8414890289e+01
    2.4809351191e-02   -1.8383913040e+01
    2.4819087237e-02   -1.8352998734e+01
    2.4828821421e-02   -1.8322147369e+01
    2.4839773774e-02   -1.8287511826e+01
    2.4849507958e-02   -1.8256793976e+01
    2.4859242141e-02   -1.8226137161e+01
    2.4868978187e-02   -1.8195541382e+01
    2.4879928678e-02   -1.8161197662e+01
    2.4889664724e-02   -1.8130735397e+01
    2.4899398908e-02   -1.8100337982e+01
    2.4909133092e-02   -1.8070003510e+01
    2.4918869138e-02   -1.8039733887e+01
    2.4929819629e-02   -1.8005756378e+01
    2.4939555675e-02   -1.7975625992e+01
    2.4949289858e-02   -1.7945562363e+01
    2.4959025905e-02   -1.7915567398e+01
    2.4969976395e-02   -1.7881904602e+01
    2.4979712442e-02   -1.7852058411e+01
    2.4989446625e-02   -1.7822284698e+01
    2.4999180809e-02   -1.7792583466e+01
    2.5008916855e-02   -1.7762958527e+01
    2.5019867346e-02   -1.7729721069e+01
    2.5029603392e-02   -1.7700258255e+01
    2.5039337575e-02   -1.7670875549e+01
    2.5049073622e-02   -1.7641572952e+01
    2.5058807805e-02   -1.7612352371e+01
    2.5069760159e-02   -1.7579578400e+01
    2.5079494342e-02   -1.7550535202e+01
    2.5089228526e-02   -1.7521574020e+01
    2.5098964572e-02   -1.7492696762e+01
    2.5109915063e-02   -1.7460311890e+01
    2.5119651109e-02   -1.7431613922e+01
    2.5129385293e-02   -1.7402997971e+01
    2.5139119476e-02   -1.7374465942e+01
    2.5148855522e-02   -1.7346014023e+01
    2.5159807876e-02   -1.7314100266e+01
    2.5169542059e-02   -1.7285816193e+01
    2.5179276243e-02   -1.7257608414e+01
    2.5189012289e-02   -1.7229475021e+01
    2.5199962780e-02   -1.7197908401e+01
    2.5209698826e-02   -1.7169923782e+01
    2.5219433010e-02   -1.7142005920e+01
    2.5229167193e-02   -1.7114151001e+01
    2.5238903239e-02   -1.7086357117e+01
    2.5249853730e-02   -1.7055158615e+01
    2.5259589776e-02   -1.7027482986e+01
    2.5269323960e-02   -1.6999858856e+01
    2.5279060006e-02   -1.6972284317e+01
    2.5288794190e-02   -1.6944755554e+01
    2.5299746543e-02   -1.6913839340e+01
    2.5309480727e-02   -1.6886400223e+01
    2.5319214910e-02   -1.6859001160e+01
    2.5328950956e-02   -1.6831640244e+01
    2.5339901447e-02   -1.6800901413e+01
    2.5349752977e-02   -1.6773288727e+01
    2.5359522551e-02   -1.6745937347e+01
    2.5369251147e-02   -1.6718729019e+01
    2.5378985330e-02   -1.6691535950e+01
    2.5389937684e-02   -1.6660978317e+01
    2.5399671867e-02   -1.6633848190e+01
    2.5409407914e-02   -1.6606746674e+01
    2.5419142097e-02   -1.6579673767e+01
    2.5428876281e-02   -1.6552631378e+01
    2.5439828634e-02   -1.6522245407e+01
    2.5449562818e-02   -1.6495267868e+01
    2.5459297001e-02   -1.6468324661e+01
    2.5469033048e-02   -1.6441415787e+01
    2.5479983538e-02   -1.6411186218e+01
    2.5489717722e-02   -1.6384357452e+01
    2.5499453768e-02   -1.6357568741e+01
    2.5509187952e-02   -1.6330821991e+01
    2.5518922135e-02   -1.6304122925e+01
    2.5529874489e-02   -1.6274141312e+01
    2.5539608672e-02   -1.6247547150e+01
    2.5549342856e-02   -1.6221004486e+01
    2.5559078902e-02   -1.6194519043e+01
    2.5568813086e-02   -1.6168094635e+01
    2.5579763576e-02   -1.6138439178e+01
    2.5589499623e-02   -1.6112148285e+01
    2.5599233806e-02   -1.6085926056e+01
    2.5608967990e-02   -1.6059772491e+01
    2.5619920343e-02   -1.6030435562e+01
    2.5629654527e-02   -1.6004438400e+01
    2.5639388710e-02   -1.5978519440e+01
    2.5649124756e-02   -1.5952677727e+01
    2.5658858940e-02   -1.5926916122e+01
    2.5669809431e-02   -1.5898031235e+01
    2.5679545477e-02   -1.5872445107e+01
    2.5689279661e-02   -1.5846941948e+01
    2.5699013844e-02   -1.5821523666e+01
    2.5709966198e-02   -1.5793029785e+01
    2.5719700381e-02   -1.5767794609e+01
    2.5729434565e-02   -1.5742646217e+01
    2.5739170611e-02   -1.5717584610e+01
    2.5748904794e-02   -1.5692610741e+01
    2.5759855285e-02   -1.5664619446e+01
    2.5769591331e-02   -1.5639831543e+01
    2.5779325515e-02   -1.5615131378e+01
    2.5789059699e-02   -1.5590517044e+01
    2.5798793882e-02   -1.5565990448e+01
    2.5809746236e-02   -1.5538500786e+01
    2.5819480419e-02   -1.5514157295e+01
    2.5829706341e-02   -1.5488677025e+01
    2.5839930400e-02   -1.5463289261e+01
    2.5849474594e-02   -1.5439676285e+01
    2.5859769434e-02   -1.5414296150e+01
    2.5869993493e-02   -1.5389174461e+01
    2.5879537687e-02   -1.5365805626e+01
    2.5889763609e-02   -1.5340851784e+01
    2.5899989530e-02   -1.5315980911e+01
    2.5909531862e-02   -1.5292843819e+01
    2.5919757783e-02   -1.5268131256e+01
    2.5929983705e-02   -1.5243496895e+01
    2.5939527899e-02   -1.5220573425e+01
    2.5949751958e-02   -1.5196083069e+01
    2.5959977880e-02   -1.5171662331e+01
    2.5968911126e-02   -1.5150382042e+01
    2.5979734957e-02   -1.5124666214e+01
    2.5989374146e-02   -1.5101818085e+01
    2.5999600068e-02   -1.5077637672e+01
    2.6009825990e-02   -1.5053510666e+01
    2.6019262150e-02   -1.5031288147e+01
    2.6028996333e-02   -1.5008402824e+01
    2.6039851829e-02   -1.4982923508e+01
    2.6049396023e-02   -1.4960556984e+01
    2.6059621945e-02   -1.4936622620e+01
    2.6069847867e-02   -1.4912713051e+01
    2.6079459116e-02   -1.4890254974e+01
    2.6089362800e-02   -1.4867131233e+01
    2.6099096984e-02   -1.4844408989e+01
    2.6108831167e-02   -1.4821690559e+01
    2.6119783521e-02   -1.4796131134e+01
    2.6129957289e-02   -1.4772379875e+01
    2.6139501482e-02   -1.4750089645e+01
    2.6149727404e-02   -1.4726194382e+01
    2.6159951463e-02   -1.4702279091e+01
    2.6169495657e-02   -1.4679939270e+01
    2.6179721579e-02   -1.4655978203e+01
    2.6189947501e-02   -1.4631989479e+01
    2.6199411601e-02   -1.4609758377e+01
    2.6209602132e-02   -1.4585786819e+01
    2.6219338179e-02   -1.4562858582e+01
    2.6229530573e-02   -1.4538815498e+01
    2.6239169762e-02   -1.4516041756e+01
    2.6249561459e-02   -1.4491457939e+01
    2.6259787381e-02   -1.4467226982e+01
    2.6269329712e-02   -1.4444576263e+01
    2.6279555634e-02   -1.4420272827e+01
    2.6289781556e-02   -1.4395931244e+01
    2.6299325749e-02   -1.4373181343e+01
    2.6309549809e-02   -1.4348773003e+01
    2.6319775730e-02   -1.4324330330e+01
    2.6329319924e-02   -1.4301489830e+01
    2.6339545846e-02   -1.4276988029e+01
    2.6349769905e-02   -1.4252457619e+01
    2.6359995827e-02   -1.4227900505e+01
    2.6369540021e-02   -1.4204957008e+01
    2.6379765943e-02   -1.4180350304e+01
    2.6389990002e-02   -1.4155721664e+01
    2.6399534196e-02   -1.4132713318e+01
    2.6409760118e-02   -1.4108041763e+01
    2.6419986039e-02   -1.4083348274e+01
    2.6429528370e-02   -1.4060282707e+01
    2.6439754292e-02   -1.4035550117e+01
    2.6449980214e-02   -1.4010797501e+01
    2.6459524408e-02   -1.3987675667e+01
    2.6469748467e-02   -1.3962882996e+01
    2.6479974389e-02   -1.3938068390e+01
    2.6489518583e-02   -1.3914886475e+01
    2.6499744505e-02   -1.3890026093e+01
    2.6509968564e-02   -1.3865139961e+01
    2.6519512758e-02   -1.3841887474e+01
    2.6529738680e-02   -1.3816945076e+01
    2.6539964601e-02   -1.3791970253e+01
    2.6549506932e-02   -1.3768630028e+01
    2.6559732854e-02   -1.3743587494e+01
    2.6569958776e-02   -1.3718506813e+01
    2.6579257101e-02   -1.3695662498e+01
    2.6589861140e-02   -1.3669569016e+01
    2.6599597186e-02   -1.3645573616e+01
    2.6609623805e-02   -1.3620812416e+01
    2.6619849727e-02   -1.3595515251e+01
    2.6629393920e-02   -1.3571860313e+01
    2.6639619842e-02   -1.3546466827e+01
    2.6649843901e-02   -1.3521021843e+01
    2.6659388095e-02   -1.3497227669e+01
    2.6669614017e-02   -1.3471682549e+01
    2.6679839939e-02   -1.3446085930e+01
    2.6689568534e-02   -1.3421682358e+01
    2.6699302718e-02   -1.3397218704e+01
    2.6709036902e-02   -1.3372708321e+01
    2.6719989255e-02   -1.3345078468e+01
    2.6729628444e-02   -1.3320711136e+01
    2.6739852503e-02   -1.3294814110e+01
    2.6749396697e-02   -1.3270599365e+01
    2.6759622619e-02   -1.3244608879e+01
    2.6769848540e-02   -1.3218572617e+01
    2.6779390872e-02   -1.3194231033e+01
    2.6789616793e-02   -1.3168109894e+01
    2.6799842715e-02   -1.3141945839e+01
    2.6809386909e-02   -1.3117488861e+01
    2.6819679886e-02   -1.3091072083e+01
    2.6829123497e-02   -1.3066800117e+01
    2.6839679107e-02   -1.3039633751e+01
    2.6849905029e-02   -1.3013278961e+01
    2.6859449223e-02   -1.2988648415e+01
    2.6869675145e-02   -1.2962224007e+01
    2.6879899204e-02   -1.2935762405e+01
    2.6889443398e-02   -1.2911030769e+01
    2.6899669319e-02   -1.2884497643e+01
    2.6909895241e-02   -1.2857925415e+01
    2.6919437572e-02   -1.2833090782e+01
    2.6929700747e-02   -1.2806344986e+01
    2.6939576492e-02   -1.2780573845e+01
    2.6949800551e-02   -1.2753844261e+01
    2.6959344745e-02   -1.2728857040e+01
    2.6969570667e-02   -1.2702042580e+01
    2.6979796588e-02   -1.2675181389e+01
    2.6989338920e-02   -1.2650068283e+01
    2.6999564841e-02   -1.2623112679e+01
    2.7009790763e-02   -1.2596107483e+01
    2.7019334957e-02   -1.2570856094e+01
    2.7029559016e-02   -1.2543749809e+01
    2.7039784938e-02   -1.2516591072e+01
    2.7049329132e-02   -1.2491194725e+01
    2.7059555054e-02   -1.2463932991e+01
    2.7069779113e-02   -1.2436618805e+01
    2.7079323307e-02   -1.2411078453e+01
    2.7089549229e-02   -1.2383665085e+01
    2.7099775150e-02   -1.2356202126e+01
    2.7109317482e-02   -1.2330526352e+01
    2.7119543403e-02   -1.2302973747e+01
    2.7129769325e-02   -1.2275377274e+01
    2.7139995247e-02   -1.2247740746e+01
    2.7149537578e-02   -1.2221912384e+01
    2.7159763500e-02   -1.2194205284e+01
    2.7169989422e-02   -1.2166466713e+01
    2.7179533616e-02   -1.2140551567e+01
    2.7189757675e-02   -1.2112761497e+01
    2.7199983597e-02   -1.2084950447e+01
    2.7209527791e-02   -1.2058976173e+01
    2.7219751850e-02   -1.2031134605e+01
    2.7229977772e-02   -1.2003280640e+01
    2.7239521965e-02   -1.1977277756e+01
    2.7249747887e-02   -1.1949414253e+01
    2.7259971946e-02   -1.1921548843e+01
    2.7269516140e-02   -1.1895543098e+01
    2.7279742062e-02   -1.1867685318e+01
    2.7289967984e-02   -1.1839834213e+01
    2.7299510315e-02   -1.1813850403e+01
    2.7309736237e-02   -1.1786023140e+01
    2.7319962159e-02   -1.1758211136e+01
    2.7329506353e-02   -1.1732270241e+01
    2.7339730412e-02   -1.1704495430e+01
    2.7349956334e-02   -1.1676742554e+01
    2.7359500527e-02   -1.1650860786e+01
    2.7369726449e-02   -1.1623153687e+01
    2.7379950508e-02   -1.1595473289e+01
    2.7389494702e-02   -1.1569661140e+01
    2.7399720624e-02   -1.1542032242e+01
    2.7409946546e-02   -1.1514430046e+01
    2.7419488877e-02   -1.1488693237e+01
    2.7429714799e-02   -1.1461142540e+01
    2.7439940721e-02   -1.1433616638e+01
    2.7449484915e-02   -1.1407949448e+01
    2.7459708974e-02   -1.1380470276e+01
    2.7469934896e-02   -1.1353013039e+01
    2.7479479089e-02   -1.1327404022e+01
    2.7489705011e-02   -1.1299984932e+01
    2.7499929070e-02   -1.1272581100e+01
    2.7509473264e-02   -1.1247017860e+01
    2.7519699186e-02   -1.1219640732e+01
    2.7529925108e-02   -1.1192275047e+01
    2.7539467439e-02   -1.1166740417e+01
    2.7549693361e-02   -1.1139389038e+01
    2.7559919283e-02   -1.1112042427e+01
    2.7569463477e-02   -1.1086520195e+01
    2.7579687536e-02   -1.1059175491e+01
    2.7589913458e-02   -1.1031828880e+01
    2.7599457651e-02   -1.1006300926e+01
    2.7609683573e-02   -1.0978942871e+01
    2.7619907632e-02   -1.0951577187e+01
    2.7629451826e-02   -1.0926024437e+01
    2.7639677748e-02   -1.0898634911e+01
    2.7649903670e-02   -1.0871229172e+01
    2.7659446001e-02   -1.0845635414e+01
    2.7669671923e-02   -1.0818196297e+01
    2.7679866180e-02   -1.0790821075e+01
    2.7689622715e-02   -1.0764599800e+01
    2.7699848637e-02   -1.0737099648e+01
    2.7709392831e-02   -1.0711412430e+01
    2.7719618753e-02   -1.0683870316e+01
    2.7729842812e-02   -1.0656307220e+01
    2.7739387006e-02   -1.0630561829e+01
    2.7749612927e-02   -1.0602956772e+01
    2.7759838849e-02   -1.0575329781e+01
    2.7769381180e-02   -1.0549523354e+01
    2.7779607102e-02   -1.0521850586e+01
    2.7789833024e-02   -1.0494155884e+01
    2.7799377218e-02   -1.0468285561e+01
    2.7809601277e-02   -1.0440548897e+01
    2.7819827199e-02   -1.0412792206e+01
    2.7829371393e-02   -1.0386870384e+01
    2.7839597315e-02   -1.0359083176e+01
    2.7849821374e-02   -1.0331281662e+01
    2.7859365568e-02   -1.0305322647e+01
    2.7869591489e-02   -1.0277498245e+01
    2.7879817411e-02   -1.0249662399e+01
    2.7889359742e-02   -1.0223672867e+01
    2.7899585664e-02   -1.0195816994e+01
    2.7909811586e-02   -1.0167951584e+01
    2.7919355780e-02   -1.0141936302e+01
    2.7929579839e-02   -1.0114056587e+01
    2.7939805761e-02   -1.0086171150e+01
    2.7949349955e-02   -1.0060141563e+01
    2.7959575877e-02   -1.0032249451e+01
    2.7969799936e-02   -1.0004356384e+01
    2.7979344130e-02   -9.9783201218e+00
    2.7989570051e-02   -9.9504241943e+00
    2.7999795973e-02   -9.9225282669e+00
    2.8009338304e-02   -9.8964948654e+00
    2.8019564226e-02   -9.8686065674e+00
    2.8029790148e-02   -9.8407249451e+00
    2.8039334342e-02   -9.8147115707e+00
    2.8049558401e-02   -9.7868518829e+00
    2.8059784323e-02   -9.7590055466e+00
    2.8069328517e-02   -9.7330303192e+00
    2.8079554439e-02   -9.7052164078e+00
    2.8089778498e-02   -9.6774225235e+00
    2.8099322692e-02   -9.6515026093e+00
    2.8109548613e-02   -9.6237564087e+00
    2.8119774535e-02   -9.5960388184e+00
    2.8129998595e-02   -9.5683526993e+00
    2.8139542788e-02   -9.5425415039e+00
    2.8149768710e-02   -9.5149202347e+00
    2.8159992769e-02   -9.4873352051e+00
    2.8169536963e-02   -9.4616212845e+00
    2.8179762885e-02   -9.4341039658e+00
    2.8189988807e-02   -9.4066209793e+00
    2.8199531138e-02   -9.3809976578e+00
    2.8209757060e-02   -9.3535718918e+00
    2.8219982982e-02   -9.3261699677e+00
    2.8229527175e-02   -9.3006153107e+00
    2.8239751235e-02   -9.2732505798e+00
    2.8249977157e-02   -9.2458992004e+00
    2.8259890154e-02   -9.2193956375e+00
    2.8269529343e-02   -9.1936216354e+00
    2.8279170394e-02   -9.1678466797e+00
    2.8289843351e-02   -9.1393032074e+00
    2.8299385682e-02   -9.1137704849e+00
    2.8309611604e-02   -9.0863990784e+00
    2.8319837525e-02   -9.0590085983e+00
    2.8329467401e-02   -9.0331926346e+00
    2.8339106590e-02   -9.0073261261e+00
    2.8349710628e-02   -8.9788436890e+00
    2.8359467164e-02   -8.9526081085e+00
    2.8369693086e-02   -8.9250831604e+00
    2.8379919007e-02   -8.8975257874e+00
    2.8389463201e-02   -8.8717775345e+00
    2.8399687260e-02   -8.8441581726e+00
    2.8409913182e-02   -8.8165054321e+00
    2.8419457376e-02   -8.7906665802e+00
    2.8429683298e-02   -8.7629480362e+00
    2.8439907357e-02   -8.7351951599e+00
    2.8449663892e-02   -8.7086858749e+00
    2.8459247202e-02   -8.6826095581e+00
    2.8469851241e-02   -8.6537189484e+00
    2.8479490429e-02   -8.6274185181e+00
    2.8489930555e-02   -8.5989007950e+00
    2.8499472886e-02   -8.5727939606e+00
    2.8509698808e-02   -8.5447835922e+00
    2.8519924730e-02   -8.5167331696e+00
    2.8529468924e-02   -8.4905157089e+00
    2.8539692983e-02   -8.4623832703e+00
    2.8549605981e-02   -8.4350709915e+00
    2.8559245169e-02   -8.4084672928e+00
    2.8569849208e-02   -8.3791561127e+00
    2.8579490259e-02   -8.3524656296e+00
    2.8589129448e-02   -8.3257341385e+00
    2.8599733487e-02   -8.2962846756e+00
    2.8609374538e-02   -8.2694711685e+00
    2.8619978577e-02   -8.2399339676e+00
    2.8629617766e-02   -8.2130470276e+00
    2.8639258817e-02   -8.1861257553e+00
    2.8649862856e-02   -8.1564779282e+00
    2.8659502044e-02   -8.1294937134e+00
    2.8669143096e-02   -8.1024808884e+00
    2.8679747134e-02   -8.0727338791e+00
    2.8689386323e-02   -8.0456619263e+00
    2.8699990362e-02   -8.0158529282e+00
    2.8709631413e-02   -7.9887256622e+00
    2.8719339520e-02   -7.9613804817e+00
    2.8729565442e-02   -7.9325556755e+00
    2.8739791363e-02   -7.9037075043e+00
    2.8749333695e-02   -7.8767633438e+00
    2.8759559616e-02   -7.8478760719e+00
    2.8769785538e-02   -7.8189702034e+00
    2.8779329732e-02   -7.7919759750e+00
    2.8789553791e-02   -7.7630376816e+00
    2.8799779713e-02   -7.7340836525e+00
    2.8809323907e-02   -7.7070465088e+00
    2.8819549829e-02   -7.6780653000e+00
    2.8829773888e-02   -7.6490740776e+00
    2.8839318082e-02   -7.6220083237e+00
    2.8849544004e-02   -7.5930056572e+00
    2.8859769925e-02   -7.5640034676e+00
    2.8869524598e-02   -7.5363392830e+00
    2.8878947720e-02   -7.5096216202e+00
    2.8889898211e-02   -7.4785881042e+00
    2.8899632394e-02   -7.4510173798e+00
    2.8909366578e-02   -7.4234633446e+00
    2.8919911012e-02   -7.3936357498e+00
    2.8929455206e-02   -7.3666629791e+00
    2.8939681128e-02   -7.3377904892e+00
    2.8949905187e-02   -7.3089494705e+00
    2.8959449381e-02   -7.2820630074e+00
    2.8969675303e-02   -7.2532930374e+00
    2.8979111463e-02   -7.2267804146e+00
    2.8989555314e-02   -7.1974740028e+00
    2.8999196365e-02   -7.1704668999e+00
    2.9009800404e-02   -7.1408038139e+00
    2.9019439593e-02   -7.1138782501e+00
    2.9029080644e-02   -7.0869913101e+00
    2.9039684683e-02   -7.0574584007e+00
    2.9049323872e-02   -7.0306491852e+00
    2.9059927911e-02   -7.0011997223e+00
    2.9069568962e-02   -6.9744634628e+00
    2.9079208151e-02   -6.9477591515e+00
    2.9089653865e-02   -6.9188599586e+00
    2.9099293053e-02   -6.8922142982e+00
    2.9109897092e-02   -6.8629307747e+00
    2.9119538143e-02   -6.8363304138e+00
    2.9129177332e-02   -6.8097448349e+00
    2.9139781371e-02   -6.7805142403e+00
    2.9149422422e-02   -6.7539486885e+00
    2.9159061611e-02   -6.7273855209e+00
    2.9169665650e-02   -6.6981654167e+00
    2.9179306701e-02   -6.6715965271e+00
    2.9189910740e-02   -6.6423611641e+00
    2.9199549928e-02   -6.6157712936e+00
    2.9209190980e-02   -6.5891675949e+00
    2.9219795018e-02   -6.5598835945e+00
    2.9229434207e-02   -6.5332407951e+00
    2.9239075258e-02   -6.5065765381e+00
    2.9249679297e-02   -6.4772176743e+00
    2.9259318486e-02   -6.4504990578e+00
    2.9269922525e-02   -6.4210753441e+00
    2.9279563576e-02   -6.3942937851e+00
    2.9289202765e-02   -6.3674798012e+00
    2.9299806803e-02   -6.3379459381e+00
    2.9309447855e-02   -6.3110618591e+00
    2.9319439083e-02   -6.2831621170e+00
    2.9329665005e-02   -6.2545714378e+00
    2.9339889064e-02   -6.2259430885e+00
    2.9349433258e-02   -6.1991896629e+00
    2.9359579086e-02   -6.1707139015e+00
    2.9369220138e-02   -6.1436257362e+00
    2.9379824176e-02   -6.1137938499e+00
    2.9389463365e-02   -6.0866436958e+00
    2.9399104416e-02   -6.0594673157e+00
    2.9409611598e-02   -6.0298156738e+00
    2.9419837520e-02   -6.0009341240e+00
    2.9429379851e-02   -5.9739565849e+00
    2.9439974576e-02   -5.9439892769e+00
    2.9449613765e-02   -5.9167008400e+00
    2.9459254816e-02   -5.8893971443e+00
    2.9469858855e-02   -5.8593463898e+00
    2.9479401186e-02   -5.8322882652e+00
    2.9489627108e-02   -5.8032855988e+00
    2.9499853030e-02   -5.7742719650e+00
    2.9509397224e-02   -5.7471842766e+00
    2.9519621283e-02   -5.7181539536e+00
    2.9529847205e-02   -5.6891174316e+00
    2.9539311305e-02   -5.6622366905e+00
    2.9549866915e-02   -5.6322503090e+00
    2.9559411108e-02   -5.6051349640e+00
    2.9569637030e-02   -5.5760779381e+00
    2.9579862952e-02   -5.5470161438e+00
    2.9589405283e-02   -5.5198874474e+00
    2.9599631205e-02   -5.4908175468e+00
    2.9609857127e-02   -5.4617443085e+00
    2.9619401321e-02   -5.4346079826e+00
    2.9629625380e-02   -5.4055318832e+00
    2.9639851302e-02   -5.3764562607e+00
    2.9649395496e-02   -5.3493194580e+00
    2.9659621418e-02   -5.3202457428e+00
    2.9669845477e-02   -5.2911725044e+00
    2.9679389670e-02   -5.2640385628e+00
    2.9689615592e-02   -5.2349667549e+00
    2.9699841514e-02   -5.2058954239e+00
    2.9709383845e-02   -5.1787624359e+00
    2.9719609767e-02   -5.1496925354e+00
    2.9729835689e-02   -5.1206240654e+00
    2.9739981517e-02   -5.0917844772e+00
    2.9749620706e-02   -5.0643854141e+00
    2.9759261757e-02   -5.0369911194e+00
    2.9769865796e-02   -5.0068635941e+00
    2.9779504985e-02   -4.9794821739e+00
    2.9789146036e-02   -4.9521079063e+00
    2.9799750075e-02   -4.9220066071e+00
    2.9809389263e-02   -4.8946523666e+00
    2.9819993302e-02   -4.8645749092e+00
    2.9829634354e-02   -4.8372445107e+00
    2.9839273542e-02   -4.8099269867e+00
    2.9849877581e-02   -4.7798938751e+00
    2.9859518632e-02   -4.7526068687e+00
    2.9869744554e-02   -4.7236800194e+00
    2.9879968613e-02   -4.6947727203e+00
    2.9889512807e-02   -4.6678104401e+00
    2.9899738729e-02   -4.6389422417e+00
    2.9909964651e-02   -4.6100950241e+00
    2.9919506982e-02   -4.5831890106e+00
    2.9929732904e-02   -4.5543813705e+00
    2.9939958826e-02   -4.5255928040e+00
    2.9949503019e-02   -4.4987406731e+00
    2.9959727079e-02   -4.4699873924e+00
    2.9969953001e-02   -4.4412503242e+00
    2.9979497194e-02   -4.4144425392e+00
    2.9989723116e-02   -4.3857336044e+00
    2.9999947175e-02   -4.3570375443e+00
    3.0000628904e-02   -4.3551249504e+00
