      3002
    0.0000000000e+00    0.0000000000e+00
    9.7362280940e-06   -5.2290732810e-07
    1.9472456188e-05   -1.9754277218e-06
    2.9208684282e-05   -4.3575610107e-06
    3.8944912376e-05   -7.6693077062e-06
    4.9898168072e-05   -1.2506199710e-05
    5.9634396166e-05   -1.7793374354e-05
    6.9370624260e-05   -2.4010161724e-05
    7.9106852354e-05   -3.1156559999e-05
    8.8843080448e-05   -3.9232574636e-05
    9.9796336144e-05   -4.9429265346e-05
    1.0953256424e-04   -5.9480702475e-05
    1.1923941929e-04   -7.0427231549e-05
    1.2928200886e-04   -8.2724880485e-05
    1.3919382764e-04   -9.5832183433e-05
    1.4983341680e-04   -1.1097404786e-04
    1.5979130694e-04   -1.2615145533e-04
    1.6966363182e-04   -1.4215822739e-04
    1.7999549164e-04   -1.5992428234e-04
    1.8954776169e-04   -2.0129798213e-04
    1.9904421060e-04   -5.7214125991e-03
    2.0999737899e-04   -2.1763628349e-02
    2.1973351249e-04   -4.3068960309e-02
    2.2946963145e-04   -6.9893643260e-02
    2.3920576496e-04   -1.0136680305e-01
    2.4894194212e-04   -1.3673889637e-01
    2.5989516871e-04   -1.8039166927e-01
    2.6963136042e-04   -2.2199785709e-01
    2.7936755214e-04   -2.6575067639e-01
    2.8910374385e-04   -3.1125304103e-01
    2.9883993557e-04   -3.5818007588e-01
    3.0979316216e-04   -4.1235595942e-01
    3.1952935387e-04   -4.6152189374e-01
    3.2926554559e-04   -5.1147359610e-01
    3.3900170820e-04   -5.6207668781e-01
    3.4995490569e-04   -6.1963516474e-01
    3.5969106830e-04   -6.7124307156e-01
    3.6942723091e-04   -7.2317963839e-01
    3.7916333531e-04   -7.7537721395e-01
    3.8889943971e-04   -8.2778489590e-01
    3.9985252079e-04   -8.8694649935e-01
    4.0958859609e-04   -9.3967455626e-01
    4.1932461318e-04   -9.9248713255e-01
    4.2906065937e-04   -1.0453259945e+00
    4.3879664736e-04   -1.0981262922e+00
    4.4974964112e-04   -1.1574077606e+00
    4.5948562911e-04   -1.2099508047e+00
    4.6922161710e-04   -1.2623287439e+00
    4.7895760508e-04   -1.3145334721e+00
    4.8991054064e-04   -1.3730527163e+00
    4.9964652862e-04   -1.4248770475e+00
    5.0938245840e-04   -1.4765136242e+00
    5.1911838818e-04   -1.5279589891e+00
    5.2885431796e-04   -1.5792156458e+00
    5.3980719531e-04   -1.6366645098e+00
    5.4954312509e-04   -1.6875506639e+00
    5.5927899666e-04   -1.7382739782e+00
    5.6901486823e-04   -1.7888332605e+00
    5.7996774558e-04   -1.8455069065e+00
    5.8970367536e-04   -1.8956903219e+00
    5.9943954693e-04   -1.9456832409e+00
    6.0917536030e-04   -1.9954791069e+00
    6.1891123187e-04   -2.0450718403e+00
    6.2986405101e-04   -2.1006131172e+00
    6.3959986437e-04   -2.1497578621e+00
    6.4933567774e-04   -2.1986970901e+00
    6.5907149110e-04   -2.2474479675e+00
    6.6880724626e-04   -2.2960352898e+00
    6.7976000719e-04   -2.3505332470e+00
    6.8949576234e-04   -2.3988490105e+00
    6.9923145929e-04   -2.4470467567e+00
    7.0896715624e-04   -2.4951148033e+00
    7.1991980076e-04   -2.5490133762e+00
    7.2965549771e-04   -2.5967481136e+00
    7.3939119466e-04   -2.6443088055e+00
    7.4912689161e-04   -2.6916923523e+00
    7.5886253035e-04   -2.7388989925e+00
    7.6981511666e-04   -2.7917957306e+00
    7.7955081360e-04   -2.8386287689e+00
    7.8928645235e-04   -2.8852887154e+00
    7.9902209109e-04   -2.9317777157e+00
    8.0997467740e-04   -2.9838716984e+00
    8.1971025793e-04   -3.0299859047e+00
    8.2944583846e-04   -3.0759069920e+00
    8.3918141900e-04   -3.1216189861e+00
    8.4891694132e-04   -3.1671071053e+00
    8.5986941122e-04   -3.2179965973e+00
    8.6960493354e-04   -3.2629652023e+00
    8.7934039766e-04   -3.3076715469e+00
    8.8907591999e-04   -3.3521070480e+00
    8.9881138410e-04   -3.3962676525e+00
    9.0976385400e-04   -3.4456236362e+00
    9.1949937632e-04   -3.4892203808e+00
    9.2923484044e-04   -3.5325775146e+00
    9.3897036277e-04   -3.5757186413e+00
    9.4992277445e-04   -3.6240246296e+00
    9.5965829678e-04   -3.6667830944e+00
    9.6939376090e-04   -3.7093849182e+00
    9.7912922502e-04   -3.7518308163e+00
    9.8886457272e-04   -3.7941107750e+00
    9.9981692620e-04   -3.8414554596e+00
    1.0095523903e-03   -3.8833215237e+00
    1.0192877380e-03   -3.9249653816e+00
    1.0290229693e-03   -3.9663767815e+00
    1.0399750900e-03   -4.0126829147e+00
    1.0497102048e-03   -4.0535941124e+00
    1.0594453197e-03   -4.0942754745e+00
    1.0691803182e-03   -4.1347322464e+00
    1.0789153166e-03   -4.1749730110e+00
    1.0898672044e-03   -4.2199954987e+00
    1.0996020865e-03   -4.2598042488e+00
    1.1093369685e-03   -4.2994217873e+00
    1.1190717341e-03   -4.3388514519e+00
    1.1288063833e-03   -4.3780956268e+00
    1.1397578055e-03   -4.4220223427e+00
    1.1494923383e-03   -4.4608659744e+00
    1.1592267547e-03   -4.4995169640e+00
    1.1689610546e-03   -4.5379714966e+00
    1.1799120111e-03   -4.5809979439e+00
    1.1896460783e-03   -4.6190361977e+00
    1.1993800290e-03   -4.6568846703e+00
    1.2091139797e-03   -4.6945514679e+00
    1.2188478140e-03   -4.7320480347e+00
    1.2297983048e-03   -4.7740468979e+00
    1.2395319063e-03   -4.8112320900e+00
    1.2492653914e-03   -4.8482966423e+00
    1.2589987600e-03   -4.8852534294e+00
    1.2699486688e-03   -4.9267163277e+00
    1.2796819210e-03   -4.9634799957e+00
    1.2894149404e-03   -5.0001621246e+00
    1.2991479598e-03   -5.0367655754e+00
    1.3088809792e-03   -5.0732922554e+00
    1.3198305387e-03   -5.1142940521e+00
    1.3295634417e-03   -5.1506600380e+00
    1.3392963447e-03   -5.1869525909e+00
    1.3490293641e-03   -5.2231731415e+00
    1.3599788072e-03   -5.2638368607e+00
    1.3697117101e-03   -5.2999100685e+00
    1.3794444967e-03   -5.3359165192e+00
    1.3891771669e-03   -5.3718605042e+00
    1.3989098370e-03   -5.4077472687e+00
    1.4098590473e-03   -5.4480619431e+00
    1.4195917174e-03   -5.4838552475e+00
    1.4293243876e-03   -5.5196161270e+00
    1.4390570577e-03   -5.5553441048e+00
    1.4487897279e-03   -5.5910291672e+00
    1.4597390546e-03   -5.6310987473e+00
    1.4694718411e-03   -5.6666145325e+00
    1.4792046277e-03   -5.7019972801e+00
    1.4889371814e-03   -5.7372107506e+00
    1.4998862753e-03   -5.7765827179e+00
    1.5096187126e-03   -5.8113365173e+00
    1.5193511499e-03   -5.8458452225e+00
    1.5290833544e-03   -5.8801031113e+00
    1.5388155589e-03   -5.9141130447e+00
    1.5497640707e-03   -5.9520869255e+00
    1.5594960423e-03   -5.9855957031e+00
    1.5692280140e-03   -6.0188813210e+00
    1.5789598692e-03   -6.0519471169e+00
    1.5899082646e-03   -6.0888838768e+00
    1.5996401198e-03   -6.1214804649e+00
    1.6093719751e-03   -6.1538538933e+00
    1.6191038303e-03   -6.1860060692e+00
    1.6288358020e-03   -6.2179441452e+00
    1.6397841973e-03   -6.2536373138e+00
    1.6495162854e-03   -6.2851772308e+00
    1.6592483735e-03   -6.3165664673e+00
    1.6689804615e-03   -6.3478302956e+00
    1.6799290897e-03   -6.3828787804e+00
    1.6896612942e-03   -6.4139380455e+00
    1.6993934987e-03   -6.4449110031e+00
    1.7091257032e-03   -6.4757866859e+00
    1.7188580241e-03   -6.5065422058e+00
    1.7298067687e-03   -6.5409584045e+00
    1.7395390896e-03   -6.5713419914e+00
    1.7492715269e-03   -6.6014857292e+00
    1.7590038478e-03   -6.6313490868e+00
    1.7699527089e-03   -6.6645698547e+00
    1.7796851462e-03   -6.6937403679e+00
    1.7894174671e-03   -6.7225632668e+00
    1.7991499044e-03   -6.7510433197e+00
    1.8088822253e-03   -6.7791976929e+00
    1.8198310863e-03   -6.8105163574e+00
    1.8295634072e-03   -6.8380765915e+00
    1.8392956117e-03   -6.8654112816e+00
    1.8490276998e-03   -6.8925533295e+00
    1.8599763280e-03   -6.9228882790e+00
    1.8697082996e-03   -6.9496884346e+00
    1.8794402713e-03   -6.9763355255e+00
    1.8891721265e-03   -7.0028162003e+00
    1.8989038654e-03   -7.0291070938e+00
    1.9098520279e-03   -7.0584192276e+00
    1.9195835339e-03   -7.0841989517e+00
    1.9293149235e-03   -7.1096806526e+00
    1.9390461966e-03   -7.1348309517e+00
    1.9499937771e-03   -7.1626930237e+00
    1.9597248174e-03   -7.1870522499e+00
    1.9694557413e-03   -7.2110171318e+00
    1.9791866653e-03   -7.2345862389e+00
    1.9889173564e-03   -7.2577695847e+00
    1.9998645876e-03   -7.2834129333e+00
    2.0095950458e-03   -7.3058490753e+00
    2.0193257369e-03   -7.3279843330e+00
    2.0290561952e-03   -7.3498578072e+00
    2.0387866534e-03   -7.3715105057e+00
    2.0497331861e-03   -7.3956542015e+00
    2.0594631787e-03   -7.4169654846e+00
    2.0691934042e-03   -7.4381680489e+00
    2.0789231639e-03   -7.4592890739e+00
    2.0898692310e-03   -7.4829764366e+00
    2.0995989908e-03   -7.5039811134e+00
    2.1093285177e-03   -7.5249457359e+00
    2.1190578118e-03   -7.5458707809e+00
    2.1287871059e-03   -7.5667538643e+00
    2.1397322416e-03   -7.5901870728e+00
    2.1494613029e-03   -7.6109504700e+00
    2.1591901314e-03   -7.6316370964e+00
    2.1689187270e-03   -7.6522302628e+00
    2.1798636299e-03   -7.6752657890e+00
    2.1895922255e-03   -7.6956048012e+00
    2.1993205883e-03   -7.7157979012e+00
    2.2090489510e-03   -7.7358288765e+00
    2.2199931554e-03   -7.7581510544e+00
    2.2297215182e-03   -7.7777891159e+00
    2.2394494154e-03   -7.7972211838e+00
    2.2491775453e-03   -7.8164334297e+00
    2.2589054424e-03   -7.8354129791e+00
    2.2698494140e-03   -7.8564686775e+00
    2.2795773111e-03   -7.8749060631e+00
    2.2893052083e-03   -7.8930678368e+00
    2.2990328725e-03   -7.9109420776e+00
    2.3099766113e-03   -7.9306964874e+00
    2.3197045084e-03   -7.9479351044e+00
    2.3294319399e-03   -7.9648723602e+00
    2.3391596042e-03   -7.9815135002e+00
    2.3488872685e-03   -7.9978694916e+00
    2.3598305415e-03   -8.0159482956e+00
    2.3695582058e-03   -8.0317525864e+00
    2.3792856373e-03   -8.0473289490e+00
    2.3890130688e-03   -8.0626983643e+00
    2.3999563418e-03   -8.0797643661e+00
    2.4096837733e-03   -8.0947523117e+00
    2.4194112048e-03   -8.1095809937e+00
    2.4291386362e-03   -8.1242561340e+00
    2.4388658348e-03   -8.1387786865e+00
    2.4498091079e-03   -8.1549320221e+00
    2.4595363066e-03   -8.1691207886e+00
    2.4692635052e-03   -8.1831407547e+00
    2.4789904710e-03   -8.1969842911e+00
    2.4899335112e-03   -8.2123384476e+00
    2.4996602442e-03   -8.2257862091e+00
    2.5093872100e-03   -8.2390413284e+00
    2.5191139430e-03   -8.2521057129e+00
    2.5288406760e-03   -8.2649822235e+00
    2.5397830177e-03   -8.2792510986e+00
    2.5495095178e-03   -8.2917490005e+00
    2.5592360180e-03   -8.3040790558e+00
    2.5689622853e-03   -8.3162441254e+00
    2.5799039286e-03   -8.3297338486e+00
    2.5896299630e-03   -8.3415460587e+00
    2.5993557647e-03   -8.3531808853e+00
    2.6090813335e-03   -8.3646249771e+00
    2.6188069023e-03   -8.3758583069e+00
    2.6297480799e-03   -8.3882188797e+00
    2.6394736487e-03   -8.3989315033e+00
    2.6491992176e-03   -8.4093589783e+00
    2.6589247864e-03   -8.4194755554e+00
    2.6698659640e-03   -8.4304523468e+00
    2.6795913000e-03   -8.4398260117e+00
    2.6893168688e-03   -8.4488201141e+00
    2.6990422048e-03   -8.4574203491e+00
    2.7099833824e-03   -8.4666128159e+00
    2.7197087184e-03   -8.4743528366e+00
    2.7294342872e-03   -8.4816894531e+00
    2.7391596232e-03   -8.4886312485e+00
    2.7488851920e-03   -8.4951906204e+00
    2.7598263696e-03   -8.5021352768e+00
    2.7695517056e-03   -8.5079460144e+00
    2.7792772744e-03   -8.5134420395e+00
    2.7890026104e-03   -8.5186481476e+00
    2.7999435551e-03   -8.5241966248e+00
    2.8096688911e-03   -8.5288848877e+00
    2.8193939943e-03   -8.5333681107e+00
    2.8291193303e-03   -8.5376691818e+00
    2.8388442006e-03   -8.5418043137e+00
    2.8497849125e-03   -8.5462665558e+00
    2.8595097829e-03   -8.5500679016e+00
    2.8692344204e-03   -8.5537061691e+00
    2.8789590579e-03   -8.5571708679e+00
    2.8898990713e-03   -8.5608434677e+00
    2.8996234760e-03   -8.5638904572e+00
    2.9093476478e-03   -8.5667181015e+00
    2.9190715868e-03   -8.5693149567e+00
    2.9287952930e-03   -8.5716733932e+00
    2.9397343751e-03   -8.5740404129e+00
    2.9494578484e-03   -8.5758924484e+00
    2.9591810890e-03   -8.5775108337e+00
    2.9689040966e-03   -8.5789022446e+00
    2.9798424803e-03   -8.5802030563e+00
    2.9895652551e-03   -8.5811300278e+00
    2.9995348305e-03   -8.5818643570e+00
    3.0099158175e-03   -8.5824947357e+00
    3.0192330014e-03   -8.5830240250e+00
    3.0289555434e-03   -8.5835113525e+00
    3.0398932286e-03   -8.5838899612e+00
    3.0493421946e-03   -8.5840015411e+00
    3.0599927995e-03   -8.5838518143e+00
    3.0697151087e-03   -8.5834751129e+00
    3.0794376507e-03   -8.5828590393e+00
    3.0891599599e-03   -8.5820016861e+00
    3.0992042739e-03   -8.5808544159e+00
    3.1098790932e-03   -8.5793352127e+00
    3.1196014024e-03   -8.5776710510e+00
    3.1293237116e-03   -8.5757341385e+00
    3.1390462536e-03   -8.5735321045e+00
    3.1499839388e-03   -8.5707511902e+00
    3.1591588631e-03   -8.5681753159e+00
    3.1691899057e-03   -8.5651016235e+00
    3.1789124478e-03   -8.5618581772e+00
    3.1898501329e-03   -8.5578775406e+00
    3.1995726749e-03   -8.5540256500e+00
    3.2095913775e-03   -8.5497360229e+00
    3.2198168337e-03   -8.5450210571e+00
    3.2293605618e-03   -8.5403261185e+00
    3.2393413130e-03   -8.5351333618e+00
    3.2499367371e-03   -8.5293197632e+00
    3.2596590463e-03   -8.5237083435e+00
    3.2693813555e-03   -8.5178098679e+00
    3.2795204315e-03   -8.5113210678e+00
    3.2892569434e-03   -8.5047416687e+00
    3.2989303581e-03   -8.4978523254e+00
    3.3098678105e-03   -8.4896259308e+00
    3.3195901196e-03   -8.4819355011e+00
    3.3299319912e-03   -8.4733648300e+00
    3.3392466139e-03   -8.4652938843e+00
    3.3496879041e-03   -8.4558410645e+00
    3.3594099805e-03   -8.4466428757e+00
    3.3691322897e-03   -8.4370698929e+00
    3.3788543660e-03   -8.4271287918e+00
    3.3895403612e-03   -8.4158029556e+00
    3.3990000375e-03   -8.4054584503e+00
    3.4099372569e-03   -8.3931589127e+00
    3.4196593333e-03   -8.3819370270e+00
    3.4293816425e-03   -8.3704423904e+00
    3.4391037188e-03   -8.3586769104e+00
    3.4488260280e-03   -8.3466424942e+00
    3.4597876947e-03   -8.3327531815e+00
    3.4690557513e-03   -8.3207550049e+00
    3.4797897097e-03   -8.3065824509e+00
    3.4895120189e-03   -8.2934989929e+00
    3.4992343280e-03   -8.2801933289e+00
    3.5089568701e-03   -8.2666749954e+00
    3.5198945552e-03   -8.2512168884e+00
    3.5296173301e-03   -8.2372617722e+00
    3.5393398721e-03   -8.2231159210e+00
    3.5490624141e-03   -8.2087955475e+00
    3.5592052154e-03   -8.1936988831e+00
    3.5698094871e-03   -8.1777744293e+00
    3.5788256209e-03   -8.1641483307e+00
    3.5897637717e-03   -8.1475372314e+00
    3.5994867794e-03   -8.1327190399e+00
    3.6092095543e-03   -8.1178636551e+00
    3.6189323291e-03   -8.1029815674e+00
    3.6298704799e-03   -8.0862131119e+00
    3.6395932548e-03   -8.0712881088e+00
    3.6493162625e-03   -8.0563497543e+00
    3.6590388045e-03   -8.0414037704e+00
    3.6699769553e-03   -8.0245981216e+00
    3.6796997301e-03   -8.0096893311e+00
    3.6894222721e-03   -7.9948277473e+00
    3.6991448142e-03   -7.9800357819e+00
    3.7088673562e-03   -7.9653296471e+00
    3.7198050413e-03   -7.9489040375e+00
    3.7295273505e-03   -7.9344191551e+00
    3.7392496597e-03   -7.9200472832e+00
    3.7489717361e-03   -7.9057912827e+00
    3.7599091884e-03   -7.8898921013e+00
    3.7696312647e-03   -7.8758816719e+00
    3.7793533411e-03   -7.8619832993e+00
    3.7890751846e-03   -7.8481903076e+00
    3.7987970281e-03   -7.8344922066e+00
    3.8097342476e-03   -7.8191804886e+00
    3.8194560912e-03   -7.8056440353e+00
    3.8291779347e-03   -7.7921643257e+00
    3.8397295866e-03   -7.7775859833e+00
    3.8499550428e-03   -7.7635002136e+00
    3.8594987709e-03   -7.7503833771e+00
    3.8697242271e-03   -7.7363543510e+00
    3.8795999717e-03   -7.7228255272e+00
    3.8893215824e-03   -7.7095260620e+00
    3.8990431931e-03   -7.6962499619e+00
    3.9099799469e-03   -7.6813516617e+00
    3.9194505662e-03   -7.6684894562e+00
    3.9290906861e-03   -7.6554350853e+00
    3.9396947250e-03   -7.6411147118e+00
    3.9493348449e-03   -7.6281228065e+00
    3.9588529617e-03   -7.6153082848e+00
    3.9697894827e-03   -7.6005873680e+00
    3.9795110933e-03   -7.5874929428e+00
    3.9892327040e-03   -7.5743794441e+00
    3.9989543147e-03   -7.5612363815e+00
    4.0098908357e-03   -7.5463957787e+00
    4.0196124464e-03   -7.5331363678e+00
    4.0293340571e-03   -7.5197920799e+00
    4.0390556678e-03   -7.5063419342e+00
    4.0493970737e-03   -7.4918966293e+00
    4.0594898164e-03   -7.4776434898e+00
    4.0695825592e-03   -7.4632201195e+00
    4.0796753019e-03   -7.4486145973e+00
    4.0897675790e-03   -7.4338183403e+00
    4.0998603217e-03   -7.4188270569e+00
    4.1099530645e-03   -7.4036421776e+00
    4.1191279888e-03   -7.3896732330e+00
    4.1292207316e-03   -7.3741340637e+00
    4.1393134743e-03   -7.3584227562e+00
    4.1494062170e-03   -7.3425488472e+00
    4.1594989598e-03   -7.3265199661e+00
    4.1695912369e-03   -7.3103427887e+00
    4.1796839796e-03   -7.2940220833e+00
    4.1897767223e-03   -7.2775611877e+00
    4.1998694651e-03   -7.2609629631e+00
    4.2090066709e-03   -7.2458200455e+00
    4.2199436575e-03   -7.2275557518e+00
    4.2296657339e-03   -7.2112002373e+00
    4.2393873446e-03   -7.1947393417e+00
    4.2491094209e-03   -7.1781826019e+00
    4.2588310316e-03   -7.1615428925e+00
    4.2699784972e-03   -7.1423816681e+00
    4.2796186171e-03   -7.1257624626e+00
    4.2892587371e-03   -7.1091222763e+00
    4.2999512516e-03   -7.0906720161e+00
    4.3096733280e-03   -7.0739307404e+00
    4.3193949386e-03   -7.0572457314e+00
    4.3299989775e-03   -7.0391378403e+00
    4.3392674997e-03   -7.0234074593e+00
    4.3495460413e-03   -7.0060863495e+00
    4.3594199233e-03   -6.9895939827e+00
    4.3696453795e-03   -6.9726929665e+00
    4.3796771206e-03   -6.9563174248e+00
    4.3890937231e-03   -6.9411559105e+00
    4.3994709849e-03   -6.9247069359e+00
    4.4098370709e-03   -6.9085578918e+00
    4.4192965142e-03   -6.8940773010e+00
    4.4290190563e-03   -6.8794584274e+00
    4.4399565086e-03   -6.8633460999e+00
    4.4496785849e-03   -6.8493342400e+00
    4.4594011270e-03   -6.8356275558e+00
    4.4691232033e-03   -6.8222427368e+00
    4.4795172289e-03   -6.8083095551e+00
    4.4892537408e-03   -6.7956309319e+00
    4.4998577796e-03   -6.7822575569e+00
    4.5094978996e-03   -6.7705125809e+00
    4.5192344114e-03   -6.7590622902e+00
    4.5289709233e-03   -6.7480382919e+00
    4.5398599468e-03   -6.7362313271e+00
    4.5497510582e-03   -6.7260007858e+00
    4.5592286624e-03   -6.7166576385e+00
    4.5697116293e-03   -6.7068691254e+00
    4.5789377764e-03   -6.6987457275e+00
    4.5898756944e-03   -6.6897354126e+00
    4.5997835696e-03   -6.6821742058e+00
    4.6090823598e-03   -6.6756038666e+00
    4.6197208576e-03   -6.6686811447e+00
    4.6291984618e-03   -6.6630306244e+00
    4.6391859651e-03   -6.6576004028e+00
    4.6496279538e-03   -6.6525096893e+00
    4.6597705223e-03   -6.6481471062e+00
    4.6692481264e-03   -6.6446251869e+00
    4.6794386581e-03   -6.6414766312e+00
    4.6891616657e-03   -6.6391220093e+00
    4.6998076141e-03   -6.6373143196e+00
    4.7092852183e-03   -6.6364092827e+00
    4.7198892571e-03   -6.6362085342e+00
    4.7295293771e-03   -6.6367883682e+00
    4.7390488908e-03   -6.6380906105e+00
    4.7498322092e-03   -6.6403942108e+00
    4.7598928213e-03   -6.6431856155e+00
    4.7695329413e-03   -6.6464762688e+00
    4.7790524550e-03   -6.6503872871e+00
    4.7890846618e-03   -6.6552863121e+00
    4.7999825329e-03   -6.6615362167e+00
    4.8096221872e-03   -6.6678571701e+00
    4.8198550940e-03   -6.6753878593e+00
    4.8290761188e-03   -6.6828951836e+00
    4.8396806233e-03   -6.6923685074e+00
    4.8492006026e-03   -6.7016334534e+00
    4.8598661087e-03   -6.7128577232e+00
    4.8699490726e-03   -6.7242770195e+00
    4.8795891926e-03   -6.7359266281e+00
    4.8891096376e-03   -6.7481231689e+00
    4.8988345079e-03   -6.7612762451e+00
    4.9097752199e-03   -6.7768955231e+00
    4.9195000902e-03   -6.7915024757e+00
    4.9296859652e-03   -6.8075318336e+00
    4.9393260852e-03   -6.8233942986e+00
    4.9499301240e-03   -6.8416213989e+00
    4.9595702440e-03   -6.8588905334e+00
    4.9698036164e-03   -6.8779358864e+00
    4.9798502587e-03   -6.8973302841e+00
    4.9889883958e-03   -6.9155564308e+00
    4.9999300390e-03   -6.9380955696e+00
    5.0094039179e-03   -6.9582271576e+00
    5.0193425268e-03   -6.9799470901e+00
    5.0290683284e-03   -7.0017786026e+00
    5.0399242900e-03   -7.0267920494e+00
    5.0495644100e-03   -7.0495452881e+00
    5.0588338636e-03   -7.0718812943e+00
    5.0699841231e-03   -7.0993199348e+00
    5.0789592788e-03   -7.1218495369e+00
    5.0899009220e-03   -7.1498494148e+00
    5.0996271893e-03   -7.1752295494e+00
    5.1093529910e-03   -7.2010755539e+00
    5.1197912544e-03   -7.2293372154e+00
    5.1294313744e-03   -7.2559218407e+00
    5.1390714943e-03   -7.2829723358e+00
    5.1490534097e-03   -7.3114724159e+00
    5.1599955186e-03   -7.3432812691e+00
    5.1697217859e-03   -7.3720488548e+00
    5.1794480532e-03   -7.4012742043e+00
    5.1891747862e-03   -7.4309530258e+00
    5.1989010535e-03   -7.4610848427e+00
    5.2098431624e-03   -7.4955234528e+00
    5.2199130878e-03   -7.5277214050e+00
    5.2294139750e-03   -7.5585365295e+00
    5.2388925105e-03   -7.5896925926e+00
    5.2498350851e-03   -7.6261620522e+00
    5.2595618181e-03   -7.6590189934e+00
    5.2692885511e-03   -7.6922788620e+00
    5.2798925899e-03   -7.7289867401e+00
    5.2893711254e-03   -7.7621808052e+00
    5.2990983240e-03   -7.7966027260e+00
    5.3088250570e-03   -7.8313679695e+00
    5.3196810186e-03   -7.8705511093e+00
    5.3293211386e-03   -7.9056673050e+00
    5.3397640586e-03   -7.9440379143e+00
    5.3494912572e-03   -7.9800858498e+00
    5.3592184559e-03   -8.0164308548e+00
    5.3696143441e-03   -8.0556030273e+00
    5.3792544641e-03   -8.0922288895e+00
    5.3899493068e-03   -8.1331872940e+00
    5.3996765055e-03   -8.1707210541e+00
    5.4094041698e-03   -8.2084970474e+00
    5.4195481353e-03   -8.2481222153e+00
    5.4291882552e-03   -8.2859764099e+00
    5.4397922941e-03   -8.3278083801e+00
    5.4494324140e-03   -8.3659877777e+00
    5.4590725340e-03   -8.4042844772e+00
    5.4690553807e-03   -8.4440422058e+00
    5.4799998179e-03   -8.4877176285e+00
    5.4897279479e-03   -8.5266008377e+00
    5.4994560778e-03   -8.5655260086e+00
    5.5091842078e-03   -8.6044807434e+00
    5.5198767222e-03   -8.6473131180e+00
    5.5295168422e-03   -8.6859283447e+00
    5.5391569622e-03   -8.7245244980e+00
    5.5497610010e-03   -8.7669343948e+00
    5.5594011210e-03   -8.8054237366e+00
    5.5695404299e-03   -8.8458185196e+00
    5.5798958056e-03   -8.8869590759e+00
    5.5890758522e-03   -8.9233217239e+00
    5.5996798910e-03   -8.9651851654e+00
    5.6089516729e-03   -9.0016593933e+00
    5.6198975071e-03   -9.0445632935e+00
    5.6296265684e-03   -9.0825634003e+00
    5.6393560953e-03   -9.1204462051e+00
    5.6490860879e-03   -9.1582279205e+00
    5.6588156149e-03   -9.1959218979e+00
    5.6697619148e-03   -9.2382402420e+00
    5.6794914417e-03   -9.2757825851e+00
    5.6892214343e-03   -9.3132572174e+00
    5.6989518926e-03   -9.3506574631e+00
    5.7098981924e-03   -9.3926372528e+00
    5.7196281850e-03   -9.4298563004e+00
    5.7293586433e-03   -9.4669752121e+00
    5.7390891016e-03   -9.5039825439e+00
    5.7488195598e-03   -9.5408687592e+00
    5.7597663254e-03   -9.5822076797e+00
    5.7691996917e-03   -9.6176853180e+00
    5.7798037305e-03   -9.6574010849e+00
    5.7894438505e-03   -9.6933507919e+00
    5.7990839705e-03   -9.7291488647e+00
    5.8093206026e-03   -9.7669992447e+00
    5.8190519921e-03   -9.8028249741e+00
    5.8299992234e-03   -9.8429527283e+00
    5.8397306129e-03   -9.8784685135e+00
    5.8494620025e-03   -9.9138450623e+00
    5.8591933921e-03   -9.9490871429e+00
    5.8689247817e-03   -9.9842052460e+00
    5.8798729442e-03   -1.0023574829e+01
    5.8896252885e-03   -1.0058538437e+01
    5.8993836865e-03   -1.0093439102e+01
    5.9093218297e-03   -1.0128909111e+01
    5.9197656810e-03   -1.0166117668e+01
    5.9294975363e-03   -1.0200743675e+01
    5.9392293915e-03   -1.0235331535e+01
    5.9489612468e-03   -1.0269886017e+01
    5.9599098749e-03   -1.0308713913e+01
    5.9696417302e-03   -1.0343173981e+01
    5.9793735854e-03   -1.0377571106e+01
    5.9891059063e-03   -1.0411891937e+01
    5.9988377616e-03   -1.0446123123e+01
    6.0097863898e-03   -1.0484515190e+01
    6.0195187107e-03   -1.0518526077e+01
    6.0299625620e-03   -1.0554894447e+01
    6.0396948829e-03   -1.0588657379e+01
    6.0494272038e-03   -1.0622288704e+01
    6.0591595247e-03   -1.0655780792e+01
    6.0688918456e-03   -1.0689128876e+01
    6.0798409395e-03   -1.0726464272e+01
    6.0895737261e-03   -1.0759483337e+01
    6.0993060470e-03   -1.0792333603e+01
    6.1090388335e-03   -1.0825001717e+01
    6.1196428724e-03   -1.0860377312e+01
    6.1291693710e-03   -1.0891953468e+01
    6.1395405792e-03   -1.0926103592e+01
    6.1489595100e-03   -1.0956905365e+01
    6.1592012644e-03   -1.0990160942e+01
    6.1688837595e-03   -1.1021361351e+01
    6.1798333190e-03   -1.1056344032e+01
    6.1895661056e-03   -1.1087153435e+01
    6.1997575685e-03   -1.1119100571e+01
    6.2093976885e-03   -1.1148996353e+01
    6.2190378085e-03   -1.1178553581e+01
    6.2296418473e-03   -1.1210648537e+01
    6.2392819673e-03   -1.1239422798e+01
    6.2499823980e-03   -1.1270882607e+01
    6.2590995803e-03   -1.1297267914e+01
    6.2696863897e-03   -1.1327390671e+01
    6.2792589888e-03   -1.1354116440e+01
    6.2897489406e-03   -1.1382801056e+01
    6.2993247993e-03   -1.1408400536e+01
    6.3097849488e-03   -1.1435682297e+01
    6.3197277486e-03   -1.1460926056e+01
    6.3295355067e-03   -1.1485139847e+01
    6.3391756266e-03   -1.1508246422e+01
    6.3494206406e-03   -1.1532000542e+01
    6.3594491221e-03   -1.1554401398e+01
    6.3693942502e-03   -1.1575732231e+01
    6.3795489259e-03   -1.1596551895e+01
    6.3896807842e-03   -1.1616328239e+01
    6.3995048404e-03   -1.1634552956e+01
    6.4094830304e-03   -1.1652093887e+01
    6.4192656428e-03   -1.1668313980e+01
    6.4291022718e-03   -1.1683618546e+01
    6.4390413463e-03   -1.1698025703e+01
    6.4490670338e-03   -1.1711440086e+01
    6.4597674645e-03   -1.1724494934e+01
    6.4692813903e-03   -1.1735025406e+01
    6.4797597006e-03   -1.1745469093e+01
    6.4894757234e-03   -1.1754059792e+01
    6.4997998998e-03   -1.1762020111e+01
    6.5092272125e-03   -1.1768247604e+01
    6.5196673386e-03   -1.1773985863e+01
    6.5291328356e-03   -1.1778103828e+01
    6.5392060205e-03   -1.1781325340e+01
    6.5499339253e-03   -1.1783537865e+01
    6.5589160658e-03   -1.1784445763e+01
    6.5691838972e-03   -1.1784303665e+01
    6.5796221606e-03   -1.1782732010e+01
    6.5890662372e-03   -1.1780016899e+01
    6.5998048522e-03   -1.1775411606e+01
    6.6095995717e-03   -1.1769745827e+01
    6.6199903376e-03   -1.1762179375e+01
    6.6296304576e-03   -1.1753731728e+01
    6.6398563795e-03   -1.1743263245e+01
    6.6489642486e-03   -1.1732605934e+01
    6.6593927331e-03   -1.1718805313e+01
    6.6696633585e-03   -1.1703519821e+01
    6.6792499274e-03   -1.1687753677e+01
    6.6895354539e-03   -1.1669253349e+01
    6.6993096843e-03   -1.1650172234e+01
    6.7095351405e-03   -1.1628641129e+01
    6.7194621079e-03   -1.1606191635e+01
    6.7299571820e-03   -1.1580782890e+01
    6.7397607490e-03   -1.1555491447e+01
    6.7494008690e-03   -1.1529128075e+01
    6.7590409890e-03   -1.1501231194e+01
    6.7699807696e-03   -1.1467665672e+01
    6.7797955126e-03   -1.1435836792e+01
    6.7899795249e-03   -1.1401155472e+01
    6.7994440906e-03   -1.1367454529e+01
    6.8093710579e-03   -1.1330562592e+01
    6.8191075698e-03   -1.1292800903e+01
    6.8292967044e-03   -1.1251615524e+01
    6.8395347334e-03   -1.1208597183e+01
    6.8496479653e-03   -1.1164630890e+01
    6.8596834317e-03   -1.1119658470e+01
    6.8698246032e-03   -1.1072846413e+01
    6.8794647232e-03   -1.1026965141e+01
    6.8895001896e-03   -1.0977617264e+01
    6.8993330933e-03   -1.0927607536e+01
    6.9093578495e-03   -1.0874996185e+01
    6.9190724753e-03   -1.0822663307e+01
    6.9299265742e-03   -1.0763038635e+01
    6.9395666942e-03   -1.0709484100e+01
    6.9490424357e-03   -1.0656630516e+01
    6.9596464746e-03   -1.0597464561e+01
    6.9692865945e-03   -1.0543669701e+01
    6.9790612906e-03   -1.0488928795e+01
    6.9890860468e-03   -1.0432229996e+01
    6.9996668026e-03   -1.0371285439e+01
    7.0097018033e-03   -1.0311947823e+01
    7.0194383152e-03   -1.0252556801e+01
    7.0290681906e-03   -1.0191791534e+01
    7.0399711840e-03   -1.0120416641e+01
    7.0491852239e-03   -1.0058048248e+01
    7.0597892627e-03   -9.9842901230e+00
    7.0699788630e-03   -9.9119768143e+00
    7.0796934888e-03   -9.8423795700e+00
    7.0892171934e-03   -9.7742176056e+00
    7.0990598761e-03   -9.7045392990e+00
    7.1089989506e-03   -9.6356248856e+00
    7.1199494414e-03   -9.5620031357e+00
    7.1289245971e-03   -9.5037775040e+00
    7.1399719454e-03   -9.4348716736e+00
    7.1499487385e-03   -9.3751802444e+00
    7.1596754715e-03   -9.3190393448e+00
    7.1693444625e-03   -9.2648153305e+00
    7.1793217212e-03   -9.2099199295e+00
    7.1898670867e-03   -9.1522521973e+00
    7.1994108148e-03   -9.0995960236e+00
    7.2096362710e-03   -9.0418634415e+00
    7.2198617272e-03   -8.9820089340e+00
    7.2292089462e-03   -8.9248991013e+00
    7.2398129851e-03   -8.8568754196e+00
    7.2495699860e-03   -8.7909946442e+00
    7.2596669197e-03   -8.7194013596e+00
    7.2693070397e-03   -8.6478490829e+00
    7.2799115442e-03   -8.5657434464e+00
    7.2896201164e-03   -8.4877796173e+00
    7.2998455726e-03   -8.4032897949e+00
    7.3093893006e-03   -8.3228044510e+00
    7.3196147569e-03   -8.2355384827e+00
    7.3298402131e-03   -8.1479997635e+00
    7.3397522792e-03   -8.0636596680e+00
    7.3490669020e-03   -7.9855103493e+00
    7.3596709408e-03   -7.8985581398e+00
    7.3692644946e-03   -7.8223199844e+00
    7.3798685335e-03   -7.7413239479e+00
    7.3896548711e-03   -7.6700773239e+00
    7.3997476138e-03   -7.6005101204e+00
    7.4098403566e-03   -7.5352106094e+00
    7.4194353074e-03   -7.4772753716e+00
    7.4292318895e-03   -7.4223833084e+00
    7.4393246323e-03   -7.3703074455e+00
    7.4498355389e-03   -7.3207478523e+00
    7.4596586637e-03   -7.2784914970e+00
    7.4693369679e-03   -7.2403793335e+00
    7.4798413552e-03   -7.2025637627e+00
    7.4891909026e-03   -7.1716284752e+00
    7.4998266064e-03   -7.1390933990e+00
    7.5095631182e-03   -7.1113438606e+00
    7.5192032382e-03   -7.0853424072e+00
    7.5298449956e-03   -7.0577969551e+00
    7.5395815074e-03   -7.0331439972e+00
    7.5492216274e-03   -7.0087633133e+00
    7.5595467351e-03   -6.9821648598e+00
    7.5699854642e-03   -6.9542460442e+00
    7.5790504925e-03   -6.9287939072e+00
    7.5893155299e-03   -6.8982501030e+00
    7.5995367952e-03   -6.8656783104e+00
    7.6091769151e-03   -6.8327088356e+00
    7.6198773459e-03   -6.7932810783e+00
    7.6299705543e-03   -6.7531480789e+00
    7.6395180076e-03   -6.7124309540e+00
    7.6491581276e-03   -6.6685438156e+00
    7.6590967365e-03   -6.6203827858e+00
    7.6697007753e-03   -6.5657973289e+00
    7.6798903756e-03   -6.5103254318e+00
    7.6898820698e-03   -6.4531612396e+00
    7.6990430243e-03   -6.3984189034e+00
    7.7095315792e-03   -6.3331303596e+00
    7.7195204794e-03   -6.2684955597e+00
    7.7290567569e-03   -6.2047095299e+00
    7.7397068962e-03   -6.1312942505e+00
    7.7492906712e-03   -6.0634875298e+00
    7.7598947100e-03   -5.9868307114e+00
    7.7692274936e-03   -5.9182257652e+00
    7.7799120918e-03   -5.8387489319e+00
    7.7893561684e-03   -5.7680010796e+00
    7.7999602072e-03   -5.6884016991e+00
    7.8091854230e-03   -5.6193289757e+00
    7.8195752576e-03   -5.5420718193e+00
    7.8297322616e-03   -5.4674286842e+00
    7.8394785523e-03   -5.3969039917e+00
    7.8491186723e-03   -5.3284645081e+00
    7.8597227111e-03   -5.2549395561e+00
    7.8693628311e-03   -5.1898736954e+00
    7.8799668700e-03   -5.1203966141e+00
    7.8894421458e-03   -5.0602688789e+00
    7.8996671364e-03   -4.9975237846e+00
    7.9099610448e-03   -4.9366774559e+00
    7.9194046557e-03   -4.8829421997e+00
    7.9290447757e-03   -4.8301839828e+00
    7.9396488145e-03   -4.7746114731e+00
    7.9492889345e-03   -4.7263431549e+00
    7.9598929733e-03   -4.6757278442e+00
    7.9695330933e-03   -4.6319680214e+00
    7.9794079065e-03   -4.5893692970e+00
    7.9890368506e-03   -4.5499773026e+00
    7.9996408895e-03   -4.5089979172e+00
    8.0099627376e-03   -4.4714274406e+00
    8.0192619935e-03   -4.4394316673e+00
    8.0298660323e-03   -4.4049544334e+00
    8.0397408456e-03   -4.3746628761e+00
    8.0498373136e-03   -4.3454070091e+00
    8.0594774336e-03   -4.3190422058e+00
    8.0691175535e-03   -4.2941684723e+00
    8.0797569826e-03   -4.2683882713e+00
    8.0893971026e-03   -4.2464728355e+00
    8.0990372226e-03   -4.2258367538e+00
    8.1096412614e-03   -4.2044858932e+00
    8.1192813814e-03   -4.1861701012e+00
    8.1295548007e-03   -4.1676502228e+00
    8.1395842135e-03   -4.1504235268e+00
    8.1492243335e-03   -4.1345410347e+00
    8.1598283723e-03   -4.1177315712e+00
    8.1696920097e-03   -4.1026430130e+00
    8.1793321297e-03   -4.0883479118e+00
    8.1899361685e-03   -4.0730648041e+00
    8.1995762885e-03   -4.0594882965e+00
    8.2092164084e-03   -4.0461077690e+00
    8.2198204473e-03   -4.0314631462e+00
    8.2294605672e-03   -4.0180587769e+00
    8.2391006872e-03   -4.0043931007e+00
    8.2496115938e-03   -3.9889972210e+00
    8.2591585815e-03   -3.9743981361e+00
    8.2694841549e-03   -3.9577844143e+00
    8.2798087969e-03   -3.9401803017e+00
    8.2897795364e-03   -3.9221518040e+00
    8.2995984703e-03   -3.9033558369e+00
    8.3098756149e-03   -3.8825449944e+00
    8.3192223683e-03   -3.8625967503e+00
    8.3297304809e-03   -3.8390226364e+00
    8.3399554715e-03   -3.8149392605e+00
    8.3494996652e-03   -3.7914726734e+00
    8.3593633026e-03   -3.7662527561e+00
    8.3691775799e-03   -3.7402210236e+00
    8.3797816187e-03   -3.7110867500e+00
    8.3892466500e-03   -3.6842479706e+00
    8.3998506889e-03   -3.6533131599e+00
    8.4094908088e-03   -3.6244795322e+00
    8.4198806435e-03   -3.5927398205e+00
    8.4294248372e-03   -3.5630691051e+00
    8.4396498278e-03   -3.5308167934e+00
    8.4497965872e-03   -3.4984319210e+00
    8.4594367072e-03   -3.4673810005e+00
    8.4690768272e-03   -3.4361178875e+00
    8.4796808660e-03   -3.4015462399e+00
    8.4893209860e-03   -3.3699882030e+00
    8.4999250248e-03   -3.3351535797e+00
    8.5094682872e-03   -3.3037092686e+00
    8.5196942091e-03   -3.2699425220e+00
    8.5299191996e-03   -3.2361276150e+00
    8.5395686328e-03   -3.2042105198e+00
    8.5492087528e-03   -3.1723673344e+00
    8.5598127916e-03   -3.1374592781e+00
    8.5694529116e-03   -3.1059141159e+00
    8.5797747597e-03   -3.0724313259e+00
    8.5893189535e-03   -3.0418272018e+00
    8.5993474349e-03   -3.0101206303e+00
    8.6099514738e-03   -2.9771847725e+00
    8.6191734299e-03   -2.9491009712e+00
    8.6293127388e-03   -2.9188776016e+00
    8.6398255080e-03   -2.8883013725e+00
    8.6493687704e-03   -2.8612208366e+00
    8.6595946923e-03   -2.8329012394e+00
    8.6698569357e-03   -2.8051757812e+00
    8.6794011295e-03   -2.7799940109e+00
    8.6896261200e-03   -2.7536230087e+00
    8.6998520419e-03   -2.7278439999e+00
    8.7093953043e-03   -2.7042713165e+00
    8.7196212262e-03   -2.6794750690e+00
    8.7298462167e-03   -2.6550798416e+00
    8.7393904105e-03   -2.6325941086e+00
    8.7496154010e-03   -2.6087112427e+00
    8.7598413229e-03   -2.5849354267e+00
    8.7693845853e-03   -2.5627410412e+00
    8.7794139981e-03   -2.5393102169e+00
    8.7890541181e-03   -2.5165843964e+00
    8.7996581569e-03   -2.4912421703e+00
    8.8092982769e-03   -2.4677953720e+00
    8.8199023157e-03   -2.4414546490e+00
    8.8295424357e-03   -2.4169330597e+00
    8.8391825557e-03   -2.3918080330e+00
    8.8496208191e-03   -2.3638834953e+00
    8.8598467410e-03   -2.3357977867e+00
    8.8693900034e-03   -2.3089458942e+00
    8.8796159253e-03   -2.2795217037e+00
    8.8898409158e-03   -2.2494626045e+00
    8.8993851095e-03   -2.2208795547e+00
    8.9096101001e-03   -2.1897375584e+00
    8.9198360220e-03   -2.1581122875e+00
    8.9293792844e-03   -2.1282081604e+00
    8.9396052063e-03   -2.0958020687e+00
    8.9498301968e-03   -2.0630662441e+00
    8.9598596096e-03   -2.0306847095e+00
    8.9699681848e-03   -1.9978084564e+00
    8.9795114473e-03   -1.9665757418e+00
    8.9897373691e-03   -1.9329223633e+00
    8.9999623597e-03   -1.8990744352e+00
    9.0095065534e-03   -1.8672926426e+00
    9.0197315440e-03   -1.8330087662e+00
    9.0299574658e-03   -1.7984483242e+00
    9.0395687148e-03   -1.7656714916e+00
    9.0499771759e-03   -1.7298161983e+00
    9.0596172959e-03   -1.6962294579e+00
    9.0692574158e-03   -1.6622391939e+00
    9.0798614547e-03   -1.6243414879e+00
    9.0895015746e-03   -1.5893906355e+00
    9.0991416946e-03   -1.5539370775e+00
    9.1097457334e-03   -1.5143386126e+00
    9.1196196154e-03   -1.4768918753e+00
    9.1299135238e-03   -1.4372582436e+00
    9.1394577175e-03   -1.3999695778e+00
    9.1496827081e-03   -1.3594411612e+00
    9.1592948884e-03   -1.3208026886e+00
    9.1694891453e-03   -1.2792488337e+00
    9.1797150671e-03   -1.2369744778e+00
    9.1895787045e-03   -1.1956270933e+00
    9.1992188245e-03   -1.1546850204e+00
    9.2098228633e-03   -1.1090605259e+00
    9.2194629833e-03   -1.0670720339e+00
    9.2294542119e-03   -1.0230603218e+00
    9.2396792024e-03   -9.7753423452e-01
    9.2499051243e-03   -9.3157118559e-01
    9.2594483867e-03   -8.8833075762e-01
    9.2696743086e-03   -8.4170204401e-01
    9.2798992991e-03   -7.9483026266e-01
    9.2894434929e-03   -7.5091338158e-01
    9.2996684834e-03   -7.0372539759e-01
    9.3098944053e-03   -6.5644240379e-01
    9.3194376677e-03   -6.1225980520e-01
    9.3296635896e-03   -5.6489747763e-01
    9.3398885801e-03   -5.1753920317e-01
    9.3494327739e-03   -4.7336575389e-01
    9.3596577644e-03   -4.2609244585e-01
    9.3699209392e-03   -3.7873306870e-01
    9.3795610592e-03   -3.3435815573e-01
    9.3897180632e-03   -2.8774625063e-01
    9.3999430537e-03   -2.4098947644e-01
    9.4094872475e-03   -1.9753551483e-01
    9.4197122380e-03   -1.5121394396e-01
    9.4299381599e-03   -1.0518977046e-01
    9.4394814223e-03   -6.2559761107e-02
    9.4497073442e-03   -1.7302498221e-02
    9.4599323347e-03    2.7445113286e-02
    9.4694765285e-03    6.8678148091e-02
    9.4796223566e-03    1.1187531799e-01
    9.4897309318e-03    1.5418478847e-01
    9.4997594133e-03    1.9537848234e-01
    9.5097506419e-03    2.3558862507e-01
    9.5194969326e-03    2.7397882938e-01
    9.5291370526e-03    3.1112071872e-01
    9.5399757847e-03    3.5189324617e-01
    9.5495190471e-03    3.8695031404e-01
    9.5597449690e-03    4.2367359996e-01
    9.5699699596e-03    4.5958104730e-01
    9.5795141533e-03    4.9240577221e-01
    9.5897391438e-03    5.2688598633e-01
    9.5999650657e-03    5.6070548296e-01
    9.6095083281e-03    5.9172445536e-01
    9.6197342500e-03    6.2443864346e-01
    9.6299592406e-03    6.5669637918e-01
    9.6395034343e-03    6.8647497892e-01
    9.6496492624e-03    7.1787369251e-01
    9.6598742530e-03    7.4933677912e-01
    9.6691735089e-03    7.7786439657e-01
    9.6797775477e-03    8.1038397551e-01
    9.6899345517e-03    8.4160470963e-01
    9.6994778141e-03    8.7108075619e-01
    9.7097037360e-03    9.0288001299e-01
    9.7198495641e-03    9.3469703197e-01
    9.7293928266e-03    9.6488046646e-01
    9.7396187484e-03    9.9747711420e-01
    9.7494823858e-03    1.0291304588e+00
    9.7591225058e-03    1.0602048635e+00
    9.7697265446e-03    1.0944615602e+00
    9.7795529291e-03    1.1261894703e+00
    9.7897779197e-03    1.1590971947e+00
    9.7993221134e-03    1.1896307468e+00
    9.8095843568e-03    1.2221932411e+00
    9.8192244768e-03    1.2524639368e+00
    9.8298285156e-03    1.2853664160e+00
    9.8395375535e-03    1.3151156902e+00
    9.8497634754e-03    1.3460777998e+00
    9.8599884659e-03    1.3767106533e+00
    9.8695326596e-03    1.4050703049e+00
    9.8797576502e-03    1.4352931976e+00
    9.8899835721e-03    1.4654437304e+00
    9.8995268345e-03    1.4936081171e+00
    9.9097527564e-03    1.5239045620e+00
    9.9199777469e-03    1.5544183254e+00
    9.9294418469e-03    1.5829272270e+00
    9.9397161976e-03    1.6142300367e+00
    9.9499411881e-03    1.6458081007e+00
    9.9591715261e-03    1.6747092009e+00
    9.9697755650e-03    1.7084059715e+00
    9.9794156849e-03    1.7395144701e+00
    9.9897375330e-03    1.7733355761e+00
    9.9999625236e-03    1.8073645830e+00
    1.0009506717e-02    1.8395847082e+00
    1.0019731708e-02    1.8745754957e+00
    1.0029957630e-02    1.9100193977e+00
    1.0039500892e-02    1.9434752464e+00
    1.0049726814e-02    1.9796829224e+00
    1.0059951805e-02    2.0162220001e+00
    1.0069495998e-02    2.0505859852e+00
    1.0079720989e-02    2.0876424313e+00
    1.0089946911e-02    2.1249005795e+00
    1.0099490173e-02    2.1598155499e+00
    1.0109716095e-02    2.1973302364e+00
    1.0119941086e-02    2.2349088192e+00
    1.0129485279e-02    2.2700002193e+00
    1.0139710270e-02    2.3075799942e+00
    1.0149322450e-02    2.3428587914e+00
    1.0159517638e-02    2.3802030087e+00
    1.0169742629e-02    2.4175615311e+00
    1.0179936886e-02    2.4546937943e+00
    1.0189577006e-02    2.4897029400e+00
    1.0199217126e-02    2.5246205330e+00
    1.0209821165e-02    2.5629472733e+00
    1.0219461285e-02    2.5977365971e+00
    1.0229101405e-02    2.6324942112e+00
    1.0239705443e-02    2.6706945896e+00
    1.0249345563e-02    2.7053728104e+00
    1.0259890929e-02    2.7432117462e+00
    1.0269531049e-02    2.7776710987e+00
    1.0279171169e-02    2.8119671345e+00
    1.0289775208e-02    2.8494772911e+00
    1.0299318470e-02    2.8830358982e+00
    1.0309544392e-02    2.9187939167e+00
    1.0319769382e-02    2.9543919563e+00
    1.0329995304e-02    2.9898960590e+00
    1.0339538567e-02    3.0230276585e+00
    1.0349764489e-02    3.0586278439e+00
    1.0359989479e-02    3.0944628716e+00
    1.0369533673e-02    3.1282348633e+00
    1.0379758663e-02    3.1648917198e+00
    1.0389984585e-02    3.2021679878e+00
    1.0399527848e-02    3.2376248837e+00
    1.0409753770e-02    3.2764315605e+00
    1.0419100523e-02    3.3127288818e+00
    1.0429657996e-02    3.3547585011e+00
    1.0439675301e-02    3.3957111835e+00
    1.0449901223e-02    3.4386394024e+00
    1.0459444486e-02    3.4797503948e+00
    1.0469670407e-02    3.5249199867e+00
    1.0479895398e-02    3.5712308884e+00
    1.0489439592e-02    3.6154465675e+00
    1.0499194264e-02    3.6615710258e+00
    1.0509693995e-02    3.7121806145e+00
    1.0519918986e-02    3.7623326778e+00
    1.0529463179e-02    3.8098077774e+00
    1.0539688170e-02    3.8612678051e+00
    1.0549913161e-02    3.9132139683e+00
    1.0559457354e-02    3.9620201588e+00
    1.0569682345e-02    4.0145382881e+00
    1.0579908267e-02    4.0671734810e+00
    1.0589451529e-02    4.1163067818e+00
    1.0599677451e-02    4.1688609123e+00
    1.0609902442e-02    4.2212257385e+00
    1.0619446635e-02    4.2698440552e+00
    1.0629671626e-02    4.3215765953e+00
    1.0639897548e-02    4.3728547096e+00
    1.0649440810e-02    4.4202322960e+00
    1.0659666732e-02    4.4704074860e+00
    1.0669891723e-02    4.5199079514e+00
    1.0679435916e-02    4.5654449463e+00
    1.0689581744e-02    4.6130976677e+00
    1.0699339211e-02    4.6581416130e+00
    1.0709564202e-02    4.7044749260e+00
    1.0719790123e-02    4.7498707771e+00
    1.0729333386e-02    4.7913613319e+00
    1.0739559308e-02    4.8348379135e+00
    1.0749784298e-02    4.8772668839e+00
    1.0759328492e-02    4.9158911705e+00
    1.0769553483e-02    4.9561958313e+00
    1.0779779404e-02    4.9953484535e+00
    1.0789322667e-02    5.0308184624e+00
    1.0799548589e-02    5.0676350594e+00
    1.0809773579e-02    5.1031804085e+00
    1.0819529183e-02    5.1358623505e+00
    1.0829512030e-02    5.1680274010e+00
    1.0839737020e-02    5.1995887756e+00
    1.0849962011e-02    5.2296981812e+00
    1.0859506205e-02    5.2564425468e+00
    1.0869731195e-02    5.2835965157e+00
    1.0879760608e-02    5.3086886406e+00
    1.0889400728e-02    5.3313522339e+00
    1.0899625719e-02    5.3538260460e+00
    1.0909851640e-02    5.3746943474e+00
    1.0919394903e-02    5.3927392960e+00
    1.0929620825e-02    5.4105610847e+00
    1.0939815082e-02    5.4268016815e+00
    1.0949455202e-02    5.4407868385e+00
    1.0959893465e-02    5.4544525146e+00
    1.0969437659e-02    5.4656214714e+00
    1.0979631916e-02    5.4761714935e+00
    1.0989272036e-02    5.4848480225e+00
    1.0999876074e-02    5.4929323196e+00
    1.1009516194e-02    5.4989490509e+00
    1.1019390076e-02    5.5037970543e+00
    1.1029615998e-02    5.5074281693e+00
    1.1039840989e-02    5.5096607208e+00
    1.1049319059e-02    5.5105156898e+00
    1.1059544049e-02    5.5103635788e+00
    1.1069769971e-02    5.5090985298e+00
    1.1079994962e-02    5.5067396164e+00
    1.1089539155e-02    5.5035657883e+00
    1.1099764146e-02    5.4991421700e+00
    1.1109990068e-02    5.4936547279e+00
    1.1119533330e-02    5.4875664711e+00
    1.1129759252e-02    5.4800086021e+00
    1.1139984243e-02    5.4714031219e+00
    1.1149528436e-02    5.4624495506e+00
    1.1159753427e-02    5.4518933296e+00
    1.1169979349e-02    5.4403614998e+00
    1.1179522611e-02    5.4287242889e+00
    1.1189748533e-02    5.4153418541e+00
    1.1199973524e-02    5.4010391235e+00
    1.1209517717e-02    5.3868570328e+00
    1.1219272390e-02    5.3715124130e+00
    1.1229819618e-02    5.3539366722e+00
    1.1239459738e-02    5.3369760513e+00
    1.1249734089e-02    5.3179607391e+00
    1.1259314604e-02    5.2993412018e+00
    1.1269423179e-02    5.2787499428e+00
    1.1279649101e-02    5.2569017410e+00
    1.1289874092e-02    5.2339997292e+00
    1.1299418285e-02    5.2116518021e+00
    1.1309643276e-02    5.1866483688e+00
    1.1319869198e-02    5.1605472565e+00
    1.1329412460e-02    5.1352066994e+00
    1.1339441873e-02    5.1075687408e+00
    1.1349549517e-02    5.0786838531e+00
    1.1359775439e-02    5.0484290123e+00
    1.1369318701e-02    5.0192623138e+00
    1.1379544623e-02    4.9870257378e+00
    1.1389769614e-02    4.9537773132e+00
    1.1399750598e-02    4.9203572273e+00
    1.1409390718e-02    4.8871850967e+00
    1.1419994757e-02    4.8497009277e+00
    1.1429402046e-02    4.8156027794e+00
    1.1439654045e-02    4.7775883675e+00
    1.1449879035e-02    4.7388358116e+00
    1.1459423229e-02    4.7019834518e+00
    1.1469648220e-02    4.6618542671e+00
    1.1479874142e-02    4.6211504936e+00
    1.1489417404e-02    4.5827240944e+00
    1.1499643326e-02    4.5411686897e+00
    1.1509868316e-02    4.4992952347e+00
    1.1519098654e-02    4.4612884521e+00
    1.1529702693e-02    4.4174547195e+00
    1.1539296247e-02    4.3777151108e+00
    1.1549388990e-02    4.3358945847e+00
    1.1559760198e-02    4.2929658890e+00
    1.1569400318e-02    4.2531418800e+00
    1.1579040438e-02    4.2134051323e+00
    1.1589644477e-02    4.1697974205e+00
    1.1599284597e-02    4.1302433014e+00
    1.1609558016e-02    4.0881767273e+00
    1.1619783938e-02    4.0463895798e+00
    1.1629327200e-02    4.0074582100e+00
    1.1639553122e-02    3.9658236504e+00
    1.1649778113e-02    3.9242820740e+00
    1.1659322307e-02    3.8856146336e+00
    1.1669547297e-02    3.8443291187e+00
    1.1679773219e-02    3.8032338619e+00
    1.1689998209e-02    3.7623775005e+00
    1.1699542403e-02    3.7245073318e+00
    1.1709767394e-02    3.6842617989e+00
    1.1719993316e-02    3.6443991661e+00
    1.1729536578e-02    3.6075694561e+00
    1.1739762500e-02    3.5685346127e+00
    1.1749987490e-02    3.5299561024e+00
    1.1759531684e-02    3.4943749905e+00
    1.1769756675e-02    3.4567203522e+00
    1.1779982597e-02    3.4195630550e+00
    1.1789525859e-02    3.3853430748e+00
    1.1799751781e-02    3.3491804600e+00
    1.1809976771e-02    3.3135428429e+00
    1.1819520965e-02    3.2807595730e+00
    1.1829745956e-02    3.2461507320e+00
    1.1839971878e-02    3.2120831013e+00
    1.1849435978e-02    3.1810429096e+00
    1.1859660968e-02    3.1480498314e+00
    1.1869886890e-02    3.1156370640e+00
    1.1879430152e-02    3.0859222412e+00
    1.1889656074e-02    3.0546743870e+00
    1.1899881065e-02    3.0240578651e+00
    1.1909425259e-02    2.9960789680e+00
    1.1919650249e-02    2.9667603970e+00
    1.1929876171e-02    2.9381301403e+00
    1.1939419433e-02    2.9120278358e+00
    1.1949645355e-02    2.8847165108e+00
    1.1959870346e-02    2.8580727577e+00
    1.1969414540e-02    2.8337965012e+00
    1.1979639530e-02    2.8084087372e+00
    1.1989865452e-02    2.7836570740e+00
    1.1999408714e-02    2.7611236572e+00
    1.2009634636e-02    2.7375810146e+00
    1.2019859627e-02    2.7146475315e+00
    1.2029403821e-02    2.6937794685e+00
    1.2039628811e-02    2.6719760895e+00
    1.2049854733e-02    2.6507203579e+00
    1.2059397995e-02    2.6313457489e+00
    1.2069623917e-02    2.6110453606e+00
    1.2079848908e-02    2.5911753178e+00
    1.2089829892e-02    2.5721538067e+00
    1.2099985965e-02    2.5531401634e+00
    1.2109530158e-02    2.5355560780e+00
    1.2119755149e-02    2.5169830322e+00
    1.2129981071e-02    2.4986469746e+00
    1.2139524333e-02    2.4817101955e+00
    1.2149750255e-02    2.4637115002e+00
    1.2159504928e-02    2.4466490746e+00
    1.2169730850e-02    2.4288475513e+00
    1.2179955840e-02    2.4111094475e+00
    1.2189500034e-02    2.3946003914e+00
    1.2199725024e-02    2.3769593239e+00
    1.2209950946e-02    2.3593709469e+00
    1.2219494209e-02    2.3430085182e+00
    1.2229720131e-02    2.3255450726e+00
    1.2239945121e-02    2.3081674576e+00
    1.2249489315e-02    2.2920458317e+00
    1.2259714305e-02    2.2749021053e+00
    1.2269940227e-02    2.2579181194e+00
    1.2279483490e-02    2.2422306538e+00
    1.2289709412e-02    2.2256155014e+00
    1.2299934402e-02    2.2092137337e+00
    1.2309478596e-02    2.1941082478e+00
    1.2319703586e-02    2.1781482697e+00
    1.2329929508e-02    2.1624214649e+00
    1.2339111418e-02    2.1484966278e+00
    1.2349715456e-02    2.1326453686e+00
    1.2359355576e-02    2.1184477806e+00
    1.2369959615e-02    2.1030623913e+00
    1.2379599735e-02    2.0892813206e+00
    1.2389824726e-02    2.0748698711e+00
    1.2399368919e-02    2.0616018772e+00
    1.2409397401e-02    2.0478408337e+00
    1.2419037521e-02    2.0347828865e+00
    1.2429641560e-02    2.0206060410e+00
    1.2439399026e-02    2.0077295303e+00
    1.2449624017e-02    1.9943994284e+00
    1.2459849939e-02    1.9812252522e+00
    1.2469393201e-02    1.9690550566e+00
    1.2479619123e-02    1.9561321735e+00
    1.2489844114e-02    1.9433093071e+00
    1.2499388307e-02    1.9314111471e+00
    1.2509613298e-02    1.9187117815e+00
    1.2519368902e-02    1.9066166878e+00
    1.2529916130e-02    1.8935297728e+00
    1.2539556250e-02    1.8815357685e+00
    1.2549947016e-02    1.8685537577e+00
    1.2559490278e-02    1.8565708399e+00
    1.2569353916e-02    1.8441219330e+00
    1.2579958886e-02    1.8306634426e+00
    1.2589598075e-02    1.8183612823e+00
    1.2599238195e-02    1.8059954643e+00
    1.2609842233e-02    1.7923227549e+00
    1.2619482353e-02    1.7798355818e+00
    1.2629122473e-02    1.7673007250e+00
    1.2639726512e-02    1.7534669638e+00
    1.2649366632e-02    1.7408628464e+00
    1.2659971602e-02    1.7269886732e+00
    1.2669610791e-02    1.7143894434e+00
    1.2679250911e-02    1.7018251419e+00
    1.2689855881e-02    1.6880662441e+00
    1.2699495070e-02    1.6756286621e+00
    1.2709135190e-02    1.6632635593e+00
    1.2719739228e-02    1.6497449875e+00
    1.2729565613e-02    1.6372919083e+00
    1.2739791535e-02    1.6244014502e+00
    1.2749334797e-02    1.6124287844e+00
    1.2759560719e-02    1.5996593237e+00
    1.2769785710e-02    1.5869489908e+00
    1.2779329903e-02    1.5751386881e+00
    1.2789554894e-02    1.5625417233e+00
    1.2799780816e-02    1.5500051975e+00
    1.2809244916e-02    1.5384558439e+00
    1.2819848955e-02    1.5255786180e+00
    1.2829489075e-02    1.5139312744e+00
    1.2839480303e-02    1.5019193888e+00
    1.2849705294e-02    1.4896908998e+00
    1.2859931216e-02    1.4775269032e+00
    1.2869474478e-02    1.4662303925e+00
    1.2879700400e-02    1.4541841745e+00
    1.2889925390e-02    1.4421899319e+00
    1.2899469584e-02    1.4310323000e+00
    1.2909694575e-02    1.4191031456e+00
    1.2919920497e-02    1.4071841240e+00
    1.2929463759e-02    1.3960551023e+00
    1.2939689681e-02    1.3841136694e+00
    1.2949914671e-02    1.3721449375e+00
    1.2959458865e-02    1.3609448671e+00
    1.2969322503e-02    1.3493387699e+00
    1.2979547493e-02    1.3372752666e+00
    1.2989773415e-02    1.3251825571e+00
    1.2999998406e-02    1.3130675554e+00
    1.3009542599e-02    1.3017520905e+00
    1.3019767590e-02    1.2896354198e+00
    1.3029993512e-02    1.2775459290e+00
    1.3039536774e-02    1.2663041353e+00
    1.3049762696e-02    1.2543207407e+00
    1.3059987687e-02    1.2424162626e+00
    1.3069531880e-02    1.2313896418e+00
    1.3079756871e-02    1.2196797132e+00
    1.3089982793e-02    1.2080918550e+00
    1.3099526055e-02    1.1973977089e+00
    1.3109751977e-02    1.1860780716e+00
    1.3119976968e-02    1.1749076843e+00
    1.3129521161e-02    1.1646207571e+00
    1.3139102608e-02    1.1544328928e+00
    1.3149706647e-02    1.1433275938e+00
    1.3159346767e-02    1.1333950758e+00
    1.3169950806e-02    1.1226598024e+00
    1.3179590926e-02    1.1130850315e+00
    1.3189912774e-02    1.1030408144e+00
    1.3199456036e-02    1.0939553976e+00
    1.3209681958e-02    1.0844472647e+00
    1.3219992630e-02    1.0751034021e+00
    1.3229632750e-02    1.0665897131e+00
    1.3239272870e-02    1.0582852364e+00
    1.3249876909e-02    1.0493810177e+00
    1.3259517029e-02    1.0414804220e+00
    1.3269625604e-02    1.0333727598e+00
    1.3279237784e-02    1.0258051157e+00
    1.3289645314e-02    1.0177291632e+00
    1.3299285434e-02    1.0103197098e+00
    1.3309889473e-02    1.0022023916e+00
    1.3319529593e-02    9.9481523037e-01
    1.3329169713e-02    9.8738551140e-01
    1.3339773752e-02    9.7912645340e-01
    1.3349413872e-02    9.7150576115e-01
    1.3359639794e-02    9.6326804161e-01
    1.3369864784e-02    9.5483803749e-01
    1.3379446231e-02    9.4673907757e-01
    1.3389086351e-02    9.3837231398e-01
    1.3399525546e-02    9.2904078960e-01
    1.3409750536e-02    9.1960376501e-01
    1.3419976458e-02    9.0985387564e-01
    1.3429519720e-02    9.0045773983e-01
    1.3439745642e-02    8.9006048441e-01
    1.3449970633e-02    8.7931060791e-01
    1.3459514827e-02    8.6895030737e-01
    1.3469739817e-02    8.5749065876e-01
    1.3479965739e-02    8.4565025568e-01
    1.3489509001e-02    8.3424830437e-01
    1.3499734923e-02    8.2165145874e-01
    1.3509959914e-02    8.0866146088e-01
    1.3519504108e-02    7.9618752003e-01
    1.3529729098e-02    7.8245693445e-01
    1.3539955020e-02    7.6836180687e-01
    1.3549498282e-02    7.5489592552e-01
    1.3559724204e-02    7.4016040564e-01
    1.3569949195e-02    7.2513419390e-01
    1.3579493389e-02    7.1087843180e-01
    1.3589718379e-02    6.9539117813e-01
    1.3599944301e-02    6.7971622944e-01
    1.3609487563e-02    6.6494363546e-01
    1.3619713485e-02    6.4898520708e-01
    1.3629938476e-02    6.3290518522e-01
    1.3639482670e-02    6.1779409647e-01
    1.3649707660e-02    6.0149800777e-01
    1.3659933582e-02    5.8509904146e-01
    1.3669476844e-02    5.6970942020e-01
    1.3679702766e-02    5.5314338207e-01
    1.3689927757e-02    5.3651285172e-01
    1.3699471951e-02    5.2094775438e-01
    1.3709696941e-02    5.0424146652e-01
    1.3719922863e-02    4.8752269149e-01
    1.3729466125e-02    4.7192296386e-01
    1.3739692047e-02    4.5522969961e-01
    1.3749917038e-02    4.3857321143e-01
    1.3759461232e-02    4.2307358980e-01
    1.3769686222e-02    4.0652981400e-01
    1.3779912144e-02    3.9006313682e-01
    1.3789455406e-02    3.7477251887e-01
    1.3799681328e-02    3.5848027468e-01
    1.3809906319e-02    3.4228631854e-01
    1.3819450513e-02    3.2726204395e-01
    1.3829675503e-02    3.1126058102e-01
    1.3839901425e-02    2.9535830021e-01
    1.3849444687e-02    2.8060472012e-01
    1.3859670609e-02    2.6489078999e-01
    1.3869895600e-02    2.4927236140e-01
    1.3879439794e-02    2.3478098214e-01
    1.3889664784e-02    2.1934774518e-01
    1.3899889775e-02    2.0401515067e-01
    1.3909433968e-02    1.8980228901e-01
    1.3919658959e-02    1.7468914390e-01
    1.3929884881e-02    1.5970815718e-01
    1.3939428143e-02    1.4585912228e-01
    1.3949654065e-02    1.3118198514e-01
    1.3959879056e-02    1.1669304222e-01
    1.3969423249e-02    1.0336036980e-01
    1.3979648240e-02    8.9299976826e-02
    1.3989874162e-02    7.5489491224e-02
    1.3999417424e-02    6.2837064266e-02
    1.4009643346e-02    4.9544990063e-02
    1.4019868337e-02    3.6534782499e-02
    1.4029412530e-02    2.4652427062e-02
    1.4039637521e-02    1.2203635648e-02
    1.4049863443e-02    4.5118602429e-05
    1.4059891924e-02   -1.1604419909e-02
    1.4069532044e-02   -2.2555068135e-02
    1.4079172164e-02   -3.3274672925e-02
    1.4089962468e-02   -4.5014571398e-02
    1.4099506661e-02   -5.5186461657e-02
    1.4109731652e-02   -6.5883278847e-02
    1.4119956642e-02   -7.6393261552e-02
    1.4129500836e-02   -8.6054511368e-02
    1.4139725827e-02   -9.6268996596e-02
    1.4149951749e-02   -1.0636343062e-01
    1.4159495011e-02   -1.1569416523e-01
    1.4169720933e-02   -1.2561006844e-01
    1.4179945923e-02   -1.3545468450e-01
    1.4189490117e-02   -1.4458678663e-01
    1.4199635945e-02   -1.5424074233e-01
    1.4209276065e-02   -1.6336344182e-01
    1.4219880104e-02   -1.7334200442e-01
    1.4229520224e-02   -1.8236021698e-01
    1.4239160344e-02   -1.9132477045e-01
    1.4249764383e-02   -2.0111918449e-01
    1.4259404503e-02   -2.0995758474e-01
    1.4269044623e-02   -2.1872824430e-01
    1.4279648662e-02   -2.2829231620e-01
    1.4289288782e-02   -2.3690757155e-01
    1.4299892820e-02   -2.4629598856e-01
    1.4309532940e-02   -2.5475203991e-01
    1.4319173060e-02   -2.6313620806e-01
    1.4329777099e-02   -2.7228072286e-01
    1.4339417219e-02   -2.8052777052e-01
    1.4349057339e-02   -2.8871595860e-01
    1.4359661378e-02   -2.9765853286e-01
    1.4369301498e-02   -3.0573165417e-01
    1.4379905537e-02   -3.1455078721e-01
    1.4389545657e-02   -3.2251134515e-01
    1.4399585314e-02   -3.3074244857e-01
    1.4409810305e-02   -3.3905708790e-01
    1.4419354498e-02   -3.4674543142e-01
    1.4429579489e-02   -3.5489794612e-01
    1.4439805411e-02   -3.6296084523e-01
    1.4449386857e-02   -3.7043476105e-01
    1.4459990896e-02   -3.7861758471e-01
    1.4469631016e-02   -3.8597995043e-01
    1.4479271136e-02   -3.9327326417e-01
    1.4489875175e-02   -4.0122246742e-01
    1.4499515295e-02   -4.0839102864e-01
    1.4509155415e-02   -4.1551303864e-01
    1.4519759454e-02   -4.2329996824e-01
    1.4529399574e-02   -4.3033745885e-01
    1.4539837837e-02   -4.3790987134e-01
    1.4549382031e-02   -4.4478282332e-01
    1.4559607022e-02   -4.5208561420e-01
    1.4569832943e-02   -4.5931872725e-01
    1.4579376206e-02   -4.6600440145e-01
    1.4589602128e-02   -4.7309979796e-01
    1.4599827118e-02   -4.8013061285e-01
    1.4609371312e-02   -4.8664101958e-01
    1.4619565569e-02   -4.9354836345e-01
    1.4629205689e-02   -5.0004494190e-01
    1.4639809728e-02   -5.0716364384e-01
    1.4649449848e-02   -5.1362299919e-01
    1.4659089968e-02   -5.2008539438e-01
    1.4669694006e-02   -5.2721470594e-01
    1.4679334126e-02   -5.3373235464e-01
    1.4689938165e-02   -5.4096740484e-01
    1.4699578285e-02   -5.4762995243e-01
    1.4709218405e-02   -5.5439633131e-01
    1.4719822444e-02   -5.6197816133e-01
    1.4729462564e-02   -5.6900519133e-01
    1.4739102684e-02   -5.7615792751e-01
    1.4749706723e-02   -5.8416098356e-01
    1.4759346843e-02   -5.9154689312e-01
    1.4769950882e-02   -5.9977644682e-01
    1.4779776335e-02   -6.0748678446e-01
    1.4789320529e-02   -6.1504381895e-01
    1.4799545519e-02   -6.2320768833e-01
    1.4809771441e-02   -6.3143181801e-01
    1.4819517732e-02   -6.3932079077e-01
    1.4829743654e-02   -6.4764827490e-01
    1.4839968644e-02   -6.5602922440e-01
    1.4849512838e-02   -6.6390377283e-01
    1.4859737828e-02   -6.7240226269e-01
    1.4869963750e-02   -6.8096840382e-01
    1.4879507013e-02   -6.8902450800e-01
    1.4889732935e-02   -6.9771587849e-01
    1.4899957925e-02   -7.0645737648e-01
    1.4909502119e-02   -7.1464598179e-01
    1.4919727109e-02   -7.2343319654e-01
    1.4929953031e-02   -7.3221641779e-01
    1.4939299785e-02   -7.4023061991e-01
    1.4949903823e-02   -7.4929267168e-01
    1.4959543943e-02   -7.5749224424e-01
    1.4969184063e-02   -7.6564365625e-01
    1.4979788102e-02   -7.7453976870e-01
    1.4989428222e-02   -7.8254836798e-01
    1.4999068342e-02   -7.9046595097e-01
    1.5009672381e-02   -7.9904896021e-01
    1.5019312501e-02   -8.0671787262e-01
    1.5029916540e-02   -8.1498432159e-01
    1.5039556660e-02   -8.2232356071e-01
    1.5049196780e-02   -8.2947862148e-01
    1.5059635974e-02   -8.3699959517e-01
    1.5069860965e-02   -8.4412407875e-01
    1.5079724602e-02   -8.5076034069e-01
    1.5089364722e-02   -8.5701262951e-01
    1.5099968761e-02   -8.6361688375e-01
    1.5109608881e-02   -8.6937594414e-01
    1.5119249001e-02   -8.7490767241e-01
    1.5129853040e-02   -8.8073611259e-01
    1.5139493160e-02   -8.8579905033e-01
    1.5149133280e-02   -8.9062511921e-01
    1.5159737319e-02   -8.9563506842e-01
    1.5169377439e-02   -8.9989322424e-01
    1.5179981478e-02   -9.0422743559e-01
    1.5189621598e-02   -9.0783089399e-01
    1.5199261717e-02   -9.1109418869e-01
    1.5209652483e-02   -9.1420698166e-01
    1.5219946392e-02   -9.1688656807e-01
    1.5229390934e-02   -9.1901147366e-01
    1.5239715576e-02   -9.2099058628e-01
    1.5249808319e-02   -9.2258375883e-01
    1.5259901062e-02   -9.2382812500e-01
    1.5269215219e-02   -9.2464053631e-01
    1.5279819258e-02   -9.2513072491e-01
    1.5289927833e-02   -9.2512625456e-01
    1.5299472027e-02   -9.2466980219e-01
    1.5309598297e-02   -9.2368131876e-01
    1.5319395810e-02   -9.2228525877e-01
    1.5329534188e-02   -9.2050302029e-01
    1.5339720063e-02   -9.1835379601e-01
    1.5349859372e-02   -9.1578727961e-01
    1.5359499492e-02   -9.1289407015e-01
    1.5369731002e-02   -9.0929669142e-01
    1.5379823744e-02   -9.0520030260e-01
    1.5389916487e-02   -9.0055692196e-01
    1.5399416909e-02   -8.9569401741e-01
    1.5409057029e-02   -8.9028382301e-01
    1.5419661067e-02   -8.8379311562e-01
    1.5429846942e-02   -8.7704032660e-01
    1.5439939685e-02   -8.6986923218e-01
    1.5449115075e-02   -8.6295962334e-01
    1.5459207818e-02   -8.5496097803e-01
    1.5469300561e-02   -8.4657824039e-01
    1.5479718335e-02   -8.3755278587e-01
    1.5489358455e-02   -8.2888692617e-01
    1.5499962494e-02   -8.1902426481e-01
    1.5509602614e-02   -8.0976891518e-01
    1.5519242734e-02   -8.0024302006e-01
    1.5529846773e-02   -7.8945463896e-01
    1.5539486893e-02   -7.7936905622e-01
    1.5549127012e-02   -7.6902484894e-01
    1.5559731051e-02   -7.5735461712e-01
    1.5569371171e-02   -7.4648314714e-01
    1.5579975210e-02   -7.3423254490e-01
    1.5589150600e-02   -7.2337841988e-01
    1.5599243343e-02   -7.1115732193e-01
    1.5609336086e-02   -6.9863700867e-01
    1.5619427897e-02   -6.8582135439e-01
    1.5629520640e-02   -6.7272132635e-01
    1.5639891848e-02   -6.5897858143e-01
    1.5649532899e-02   -6.4596694708e-01
    1.5659172088e-02   -6.3274240494e-01
    1.5669776127e-02   -6.1796867847e-01
    1.5679417178e-02   -6.0434454679e-01
    1.5689056367e-02   -5.9054213762e-01
    1.5699660406e-02   -5.7515245676e-01
    1.5709301457e-02   -5.6096833944e-01
    1.5719905496e-02   -5.4514765739e-01
    1.5729544684e-02   -5.3056621552e-01
    1.5739185736e-02   -5.1579922438e-01
    1.5749789774e-02   -4.9934965372e-01
    1.5759428963e-02   -4.8421740532e-01
    1.5769070014e-02   -4.6892362833e-01
    1.5779674053e-02   -4.5192247629e-01
    1.5789153054e-02   -4.3657323718e-01
    1.5799297020e-02   -4.1999652982e-01
    1.5809901059e-02   -4.0251126885e-01
    1.5819542110e-02   -3.8648247719e-01
    1.5829181299e-02   -3.7033265829e-01
    1.5839785337e-02   -3.5243320465e-01
    1.5849426389e-02   -3.3604142070e-01
    1.5859065577e-02   -3.1953698397e-01
    1.5869669616e-02   -3.0125206709e-01
    1.5879310668e-02   -2.8451117873e-01
    1.5889914706e-02   -2.6596716046e-01
    1.5899647027e-02   -2.4883207679e-01
    1.5909377486e-02   -2.3159307241e-01
    1.5919107944e-02   -2.1425664425e-01
    1.5928838402e-02   -1.9683414698e-01
    1.5939209610e-02   -1.7818747461e-01
    1.5949301422e-02   -1.5998043120e-01
    1.5959395096e-02   -1.4173251390e-01
    1.5969647095e-02   -1.2317249179e-01
    1.5979871154e-02   -1.0464669019e-01
    1.5989415348e-02   -8.7353758514e-02
    1.5999641269e-02   -6.8833194673e-02
    1.6009865329e-02   -5.0331544131e-02
    1.6019409522e-02   -3.3091194928e-02
    1.6029635444e-02   -1.4659882523e-02
    1.6039382666e-02    2.8625300620e-03
    1.6049986705e-02    2.1872809157e-02
    1.6059625894e-02    3.9107356220e-02
    1.6069266945e-02    5.6300409138e-02
    1.6079870984e-02    7.5170286000e-02
    1.6089510173e-02    9.2289730906e-02
    1.6099151224e-02    1.0937678814e-01
    1.6109755263e-02    1.2813301384e-01
    1.6119394451e-02    1.4514477551e-01
    1.6129998490e-02    1.6381175816e-01
    1.6139546409e-02    1.8057756126e-01
    1.6149638221e-02    1.9826404750e-01
    1.6159731895e-02    2.1591874957e-01
    1.6169045120e-02    2.3218995333e-01
    1.6179649159e-02    2.5069206953e-01
    1.6189290211e-02    2.6749315858e-01
    1.6199894249e-02    2.8595146537e-01
    1.6209121794e-02    3.0198997259e-01
    1.6218852252e-02    3.1887534261e-01
    1.6229754314e-02    3.3774653077e-01
    1.6239395365e-02    3.5438111424e-01
    1.6249999404e-02    3.7260794640e-01
    1.6259638593e-02    3.8910174370e-01
    1.6269279644e-02    4.0551635623e-01
    1.6279883683e-02    4.2347875237e-01
    1.6289336607e-02    4.3941149116e-01
    1.6299430281e-02    4.5633715391e-01
    1.6309615225e-02    4.7333246469e-01
    1.6319256276e-02    4.8933723569e-01
    1.6329860315e-02    5.0685101748e-01
    1.6339499503e-02    5.2268821001e-01
    1.6349140555e-02    5.3844261169e-01
    1.6359744594e-02    5.5567020178e-01
    1.6369383782e-02    5.7122826576e-01
    1.6379987821e-02    5.8821243048e-01
    1.6389628872e-02    6.0351747274e-01
    1.6399268061e-02    6.1867445707e-01
    1.6409872100e-02    6.3515120745e-01
    1.6419513151e-02    6.4992874861e-01
    1.6429651529e-02    6.6524189711e-01
    1.6439745203e-02    6.8023383617e-01
    1.6449183226e-02    6.9401729107e-01
    1.6458913684e-02    7.0798128843e-01
    1.6469608992e-02    7.2303503752e-01
    1.6479250044e-02    7.3633664846e-01
    1.6489854082e-02    7.5067204237e-01
    1.6499493271e-02    7.6343154907e-01
    1.6509134322e-02    7.7592897415e-01
    1.6519738361e-02    7.8937017918e-01
    1.6529377550e-02    8.0130851269e-01
    1.6539983451e-02    8.1412649155e-01
    1.6549436375e-02    8.2526963949e-01
    1.6559530050e-02    8.3685779572e-01
    1.6569906846e-02    8.4842586517e-01
    1.6579844058e-02    8.5916090012e-01
    1.6589485109e-02    8.6924237013e-01
    1.6599124297e-02    8.7899285555e-01
    1.6609728336e-02    8.8933861256e-01
    1.6619369388e-02    8.9840686321e-01
    1.6629973426e-02    9.0802371502e-01
    1.6639452428e-02    9.1631466150e-01
    1.6649598256e-02    9.2487949133e-01
    1.6659237444e-02    9.3273365498e-01
    1.6669841483e-02    9.4106334448e-01
    1.6679434106e-02    9.4832384586e-01
    1.6689660028e-02    9.5577728748e-01
    1.6699884087e-02    9.6292799711e-01
    1.6709428281e-02    9.6931660175e-01
    1.6719654202e-02    9.7583913803e-01
    1.6729880124e-02    9.8201084137e-01
    1.6739422455e-02    9.8744171858e-01
    1.6749648377e-02    9.9289828539e-01
    1.6759680584e-02    9.9788218737e-01
    1.6769774258e-02    1.0025229454e+00
    1.6779510304e-02    1.0066421032e+00
    1.6789151356e-02    1.0103685856e+00
    1.6799852252e-02    1.0140877962e+00
    1.6809491441e-02    1.0170538425e+00
    1.6819132492e-02    1.0196468830e+00
    1.6829736531e-02    1.0220599174e+00
    1.6839375719e-02    1.0238504410e+00
    1.6849609092e-02    1.0253297091e+00
    1.6859887168e-02    1.0263805389e+00
    1.6868907958e-02    1.0269455910e+00
    1.6879763454e-02    1.0271862745e+00
    1.6889747232e-02    1.0269978046e+00
    1.6899479553e-02    1.0265327692e+00
    1.6909942031e-02    1.0258287191e+00
    1.6919117421e-02    1.0250273943e+00
    1.6929209232e-02    1.0239068270e+00
    1.6939301044e-02    1.0225085020e+00
    1.6949636862e-02    1.0208094120e+00
    1.6959369183e-02    1.0189902782e+00
    1.6969261691e-02    1.0169409513e+00
    1.6979865730e-02    1.0145434141e+00
    1.6989506781e-02    1.0121991634e+00
    1.6999145970e-02    1.0097103119e+00
    1.7009908333e-02    1.0067739487e+00
    1.7019083723e-02    1.0041512251e+00
    1.7029177397e-02    1.0011540651e+00
    1.7039641738e-02    9.9793761969e-01
    1.7049280927e-02    9.9489349127e-01
    1.7059884965e-02    9.9148154259e-01
    1.7069526017e-02    9.8834788799e-01
    1.7079165205e-02    9.8520565033e-01
    1.7089258879e-02    9.8192393780e-01
    1.7099350691e-02    9.7865951061e-01
    1.7109088600e-02    9.7552537918e-01
    1.7119532451e-02    9.7217249870e-01
    1.7129171640e-02    9.6907037497e-01
    1.7139775679e-02    9.6562731266e-01
    1.7149962485e-02    9.6227133274e-01
    1.7159137875e-02    9.5919871330e-01
    1.7169462517e-02    9.5568358898e-01
    1.7179101706e-02    9.5235061646e-01
    1.7189705744e-02    9.4862920046e-01
    1.7199346796e-02    9.4519478083e-01
    1.7209531739e-02    9.4150698185e-01
    1.7219625413e-02    9.3778282404e-01
    1.7229640856e-02    9.3400877714e-01
    1.7239864916e-02    9.3006825447e-01
    1.7249409109e-02    9.2631047964e-01
    1.7259635031e-02    9.2220091820e-01
    1.7269860953e-02    9.1800671816e-01
    1.7279403284e-02    9.1401547194e-01
    1.7289841548e-02    9.0956330299e-01
    1.7299924046e-02    9.0517234802e-01
    1.7309362069e-02    9.0098148584e-01
    1.7319094390e-02    8.9658421278e-01
    1.7328826711e-02    8.9211934805e-01
    1.7339773476e-02    8.8703465462e-01
    1.7349505797e-02    8.8248121738e-01
    1.7359238118e-02    8.7791728973e-01
    1.7368970439e-02    8.7336218357e-01
    1.7379971221e-02    8.6824613810e-01
    1.7389515415e-02    8.6385339499e-01
    1.7399739474e-02    8.5920929909e-01
    1.7409039661e-02    8.5505443811e-01
    1.7419641837e-02    8.5041230917e-01
    1.7429374158e-02    8.4625595808e-01
    1.7439106479e-02    8.4221500158e-01
    1.7448836938e-02    8.3830267191e-01
    1.7459398136e-02    8.3421474695e-01
    1.7469624057e-02    8.3042001724e-01
    1.7479848117e-02    8.2678878307e-01
    1.7489392310e-02    8.2354593277e-01
    1.7499618232e-02    8.2022434473e-01
    1.7509844154e-02    8.1705534458e-01
    1.7519142479e-02    8.1430041790e-01
    1.7529744655e-02    8.1129974127e-01
    1.7539476976e-02    8.0867040157e-01
    1.7549209297e-02    8.0615383387e-01
    1.7558941618e-02    8.0374330282e-01
    1.7569890246e-02    8.0115002394e-01
    1.7579622567e-02    7.9894316196e-01
    1.7589353025e-02    7.9682159424e-01
    1.7599085346e-02    7.9477822781e-01
    1.7608817667e-02    7.9280555248e-01
    1.7619766295e-02    7.9066157341e-01
    1.7629498616e-02    7.8881472349e-01
    1.7639230937e-02    7.8701609373e-01
    1.7648963258e-02    7.8525859118e-01
    1.7659911886e-02    7.8332149982e-01
    1.7669644207e-02    7.8162646294e-01
    1.7679376528e-02    7.7994805574e-01
    1.7689108849e-02    7.7827805281e-01
    1.7698839307e-02    7.7660876513e-01
    1.7709789798e-02    7.7472370863e-01
    1.7719520256e-02    7.7303612232e-01
    1.7729252577e-02    7.7133333683e-01
    1.7738984898e-02    7.6961314678e-01
    1.7749335617e-02    7.6776355505e-01
    1.7759429291e-02    7.6594084501e-01
    1.7769521102e-02    7.6410120726e-01
    1.7779614776e-02    7.6224750280e-01
    1.7789950594e-02    7.6033854485e-01
    1.7799682915e-02    7.5853592157e-01
    1.7809415236e-02    7.5673186779e-01
    1.7819147557e-02    7.5492894650e-01
    1.7829498276e-02    7.5301492214e-01
    1.7839590088e-02    7.5115507841e-01
    1.7849683762e-02    7.4930691719e-01
    1.7859740183e-02    7.4748587608e-01
    1.7869472504e-02    7.4575328827e-01
    1.7879204825e-02    7.4405872822e-01
    1.7889257520e-02    7.4235594273e-01
    1.7899349332e-02    7.4070084095e-01
    1.7909443006e-02    7.3910593987e-01
    1.7919478938e-02    7.3758614063e-01
    1.7929211259e-02    7.3618334532e-01
    1.7939902842e-02    7.3473060131e-01
    1.7949994653e-02    7.3344910145e-01
    1.7959170043e-02    7.3236322403e-01
    1.7969263718e-02    7.3125672340e-01
    1.7979320139e-02    7.3024427891e-01
    1.7989052460e-02    7.2934621572e-01
    1.7999703065e-02    7.2844719887e-01
    1.8009794876e-02    7.2766691446e-01
    1.8019888550e-02    7.2694528103e-01
    1.8029980361e-02    7.2627192736e-01
    1.8039155751e-02    7.2569251060e-01
    1.8049214035e-02    7.2508448362e-01
    1.8059264868e-02    7.2449779510e-01
    1.8069358543e-02    7.2391933203e-01
    1.8079450354e-02    7.2333556414e-01
    1.8089544028e-02    7.2273719311e-01
    1.8099635839e-02    7.2211629152e-01
    1.8109729514e-02    7.2146713734e-01
    1.8119821325e-02    7.2078669071e-01
    1.8129913136e-02    7.2007542849e-01
    1.8139088526e-02    7.1941083670e-01
    1.8149182200e-02    7.1867442131e-01
    1.8159836531e-02    7.1791094542e-01
    1.8169568852e-02    7.1724581718e-01
    1.8179301172e-02    7.1662926674e-01
    1.8189033493e-02    7.1607607603e-01
    1.8199982122e-02    7.1554458141e-01
    1.8209714442e-02    7.1516352892e-01
    1.8219446763e-02    7.1487641335e-01
    1.8229179084e-02    7.1468997002e-01
    1.8238911405e-02    7.1461081505e-01
    1.8249860033e-02    7.1465879679e-01
    1.8259590492e-02    7.1483153105e-01
    1.8269322813e-02    7.1513408422e-01
    1.8279055133e-02    7.1557241678e-01
    1.8289841712e-02    7.1621429920e-01
    1.8299574032e-02    7.1690732241e-01
    1.8309954554e-02    7.1773689985e-01
    1.8319686875e-02    7.1857881546e-01
    1.8329419196e-02    7.1947330236e-01
    1.8339799717e-02    7.2048383951e-01
    1.8349532038e-02    7.2149789333e-01
    1.8359912559e-02    7.2269052267e-01
    1.8369799480e-02    7.2396206856e-01
    1.8379529938e-02    7.2535735369e-01
    1.8389262259e-02    7.2689688206e-01
    1.8398992717e-02    7.2857445478e-01
    1.8409941345e-02    7.3061347008e-01
    1.8419673666e-02    7.3254662752e-01
    1.8429404125e-02    7.3457944393e-01
    1.8439136446e-02    7.3669904470e-01
    1.8448866904e-02    7.3889374733e-01
    1.8459815532e-02    7.4143898487e-01
    1.8469545990e-02    7.4375838041e-01
    1.8479278311e-02    7.4612253904e-01
    1.8489008769e-02    7.4852412939e-01
    1.8499957398e-02    7.5126314163e-01
    1.8509687856e-02    7.5372588634e-01
    1.8519418314e-02    7.5621181726e-01
    1.8529150635e-02    7.5871962309e-01
    1.8538881093e-02    7.6124942303e-01
    1.8549827859e-02    7.6412367821e-01
    1.8559560180e-02    7.6670640707e-01
    1.8569290638e-02    7.6931852102e-01
    1.8579021096e-02    7.7196323872e-01
    1.8589969724e-02    7.7498185635e-01
    1.8599700183e-02    7.7770763636e-01
    1.8609430641e-02    7.8047752380e-01
    1.8619161099e-02    7.8329586983e-01
    1.8628891557e-02    7.8616690636e-01
    1.8639838323e-02    7.8946518898e-01
    1.8649570644e-02    7.9246240854e-01
    1.8659301102e-02    7.9552525282e-01
    1.8669031560e-02    7.9865789413e-01
    1.8679978326e-02    8.0227112770e-01
    1.8689708784e-02    8.0556774139e-01
    1.8699439242e-02    8.0895000696e-01
    1.8709169701e-02    8.1242388487e-01
    1.8718900159e-02    8.1599509716e-01
    1.8729846925e-02    8.2013583183e-01
    1.8739577383e-02    8.2393163443e-01
    1.8749307841e-02    8.2784062624e-01
    1.8759038299e-02    8.3186739683e-01
    1.8769985065e-02    8.3654379845e-01
    1.8779715523e-02    8.4083527327e-01
    1.8789445981e-02    8.4525746107e-01
    1.8799176440e-02    8.4981334209e-01
    1.8808906898e-02    8.5450500250e-01
    1.8819853663e-02    8.5994619131e-01
    1.8829584122e-02    8.6492723227e-01
    1.8839314580e-02    8.7004250288e-01
    1.8849043176e-02    8.7529003620e-01
    1.8859989941e-02    8.8134884834e-01
    1.8869720399e-02    8.8687062263e-01
    1.8879450858e-02    8.9251935482e-01
    1.8889181316e-02    8.9829486609e-01
    1.8898911774e-02    9.0419751406e-01
    1.8909856677e-02    9.1099131107e-01
    1.8919587135e-02    9.1716837883e-01
    1.8929317594e-02    9.2347735167e-01
    1.8939048052e-02    9.2992067337e-01
    1.8949994817e-02    9.3733322620e-01
    1.8959723413e-02    9.4407135248e-01
    1.8969453871e-02    9.5095384121e-01
    1.8979184330e-02    9.5798516273e-01
    1.8988914788e-02    9.6517050266e-01
    1.8999859691e-02    9.7344535589e-01
    1.9009590149e-02    9.8097807169e-01
    1.9019320607e-02    9.8868489265e-01
    1.9029049203e-02    9.9657326937e-01
    1.9039995968e-02    1.0056749582e+00
    1.9049724564e-02    1.0139772892e+00
    1.9059455022e-02    1.0224889517e+00
    1.9069185480e-02    1.0312196016e+00
    1.9078914076e-02    1.0401794910e+00
    1.9089860842e-02    1.0505458117e+00
    1.9099589437e-02    1.0600259304e+00
    1.9109319896e-02    1.0697656870e+00
    1.9119050354e-02    1.0797736645e+00
    1.9129995257e-02    1.0913628340e+00
    1.9139725715e-02    1.1019650698e+00
    1.9149454311e-02    1.1128554344e+00
    1.9159184769e-02    1.1240379810e+00
    1.9168913364e-02    1.1355154514e+00
    1.9179860130e-02    1.1487822533e+00
    1.9189588726e-02    1.1608906984e+00
    1.9199319184e-02    1.1732959747e+00
    1.9209047779e-02    1.1859964132e+00
    1.9219994545e-02    1.2006348372e+00
    1.9229723141e-02    1.2139551640e+00
    1.9239453599e-02    1.2275625467e+00
    1.9249182194e-02    1.2414542437e+00
    1.9258910790e-02    1.2556272745e+00
    1.9269857556e-02    1.2719050646e+00
    1.9279586151e-02    1.2866679430e+00
    1.9289316610e-02    1.3017057180e+00
    1.9299045205e-02    1.3170175552e+00
    1.9309990108e-02    1.3345704079e+00
    1.9319720566e-02    1.3504638672e+00
    1.9329449162e-02    1.3666315079e+00
    1.9339179620e-02    1.3830736876e+00
    1.9348908216e-02    1.3997900486e+00
    1.9359854981e-02    1.4189225435e+00
    1.9369583577e-02    1.4362173080e+00
    1.9379312173e-02    1.4537802935e+00
    1.9389042631e-02    1.4716067314e+00
    1.9399987534e-02    1.4919698238e+00
    1.9409717992e-02    1.5103374720e+00
    1.9419446588e-02    1.5289491415e+00
    1.9429177046e-02    1.5477972031e+00
    1.9438905641e-02    1.5668736696e+00
    1.9449852407e-02    1.5885983706e+00
    1.9459581003e-02    1.6081349850e+00
    1.9469311461e-02    1.6278767586e+00
    1.9479040056e-02    1.6478166580e+00
    1.9489984959e-02    1.6704778671e+00
    1.9499715418e-02    1.6908178329e+00
    1.9509444013e-02    1.7113364935e+00
    1.9519174471e-02    1.7320280075e+00
    1.9528903067e-02    1.7528866529e+00
    1.9539847970e-02    1.7765454054e+00
    1.9549578428e-02    1.7977403402e+00
    1.9559307024e-02    1.8190846443e+00
    1.9569035619e-02    1.8405728340e+00
    1.9579980522e-02    1.8649123907e+00
    1.9589710981e-02    1.8866889477e+00
    1.9599439576e-02    1.9085936546e+00
    1.9609168172e-02    1.9306219816e+00
    1.9618896767e-02    1.9527698755e+00
    1.9629843533e-02    1.9778246880e+00
    1.9639572129e-02    2.0002150536e+00
    1.9649300724e-02    2.0227148533e+00
    1.9659029320e-02    2.0453214645e+00
    1.9669974223e-02    2.0708792210e+00
    1.9679704681e-02    2.0937066078e+00
    1.9689433277e-02    2.1166350842e+00
    1.9699161872e-02    2.1396634579e+00
    1.9708890468e-02    2.1627912521e+00
    1.9719837233e-02    2.1889278889e+00
    1.9729565829e-02    2.2122650146e+00
    1.9739294425e-02    2.2357013226e+00
    1.9749023020e-02    2.2592380047e+00
    1.9759969786e-02    2.2858386040e+00
    1.9769698381e-02    2.3095943928e+00
    1.9779426977e-02    2.3334572315e+00
    1.9789155573e-02    2.3574304581e+00
    1.9798886031e-02    2.3815169334e+00
    1.9809830934e-02    2.4087543488e+00
    1.9819559529e-02    2.4330935478e+00
    1.9829289988e-02    2.4575574398e+00
    1.9839018583e-02    2.4821491241e+00
    1.9849963486e-02    2.5099723339e+00
    1.9859692082e-02    2.5348474979e+00
    1.9869422540e-02    2.5598616600e+00
    1.9879151136e-02    2.5850181580e+00
    1.9888881594e-02    2.6103200912e+00
    1.9899826497e-02    2.6389627457e+00
    1.9909555092e-02    2.6645836830e+00
    1.9919283688e-02    2.6903579235e+00
    1.9929014146e-02    2.7162866592e+00
    1.9939959049e-02    2.7456407547e+00
    1.9949687645e-02    2.7718958855e+00
    1.9959418103e-02    2.7983014584e+00
    1.9969146699e-02    2.8248536587e+00
    1.9978877157e-02    2.8515474796e+00
    1.9989822060e-02    2.8817393780e+00
    1.9999550655e-02    2.9087131023e+00
    2.0009281114e-02    2.9358079433e+00
    2.0019009709e-02    2.9630162716e+00
    2.0029954612e-02    2.9937536716e+00
    2.0039685071e-02    3.0211825371e+00
    2.0049413666e-02    3.0487070084e+00
    2.0059144124e-02    3.0763232708e+00
    2.0068872720e-02    3.1040289402e+00
    2.0079819486e-02    3.1353037357e+00
    2.0089548081e-02    3.1631977558e+00
    2.0099278539e-02    3.1911823750e+00
    2.0109007135e-02    3.2192597389e+00
    2.0119953901e-02    3.2509615421e+00
    2.0129682496e-02    3.2792465687e+00
    2.0139412954e-02    3.3076350689e+00
    2.0149141550e-02    3.3361299038e+00
    2.0158872008e-02    3.3647344112e+00
    2.0169816911e-02    3.3970484734e+00
    2.0179547369e-02    3.4258933067e+00
    2.0189275965e-02    3.4548532963e+00
    2.0199006423e-02    3.4839291573e+00
    2.0209951326e-02    3.5167779922e+00
    2.0219681785e-02    3.5460991859e+00
    2.0229410380e-02    3.5755348206e+00
    2.0239140838e-02    3.6050839424e+00
    2.0248869434e-02    3.6347458363e+00
    2.0259816200e-02    3.6682496071e+00
    2.0269544795e-02    3.6981492043e+00
    2.0279275253e-02    3.7281603813e+00
    2.0289003849e-02    3.7582836151e+00
    2.0299950615e-02    3.7923073769e+00
    2.0309681073e-02    3.8226721287e+00
    2.0319409668e-02    3.8531529903e+00
    2.0329140127e-02    3.8837525845e+00
    2.0338868722e-02    3.9144732952e+00
    2.0349815488e-02    3.9491829872e+00
    2.0359545946e-02    3.9801723957e+00
    2.0369274542e-02    4.0112938881e+00
    2.0379005000e-02    4.0425524712e+00
    2.0389951766e-02    4.0778870583e+00
    2.0399680361e-02    4.1094512939e+00
    2.0409410819e-02    4.1411657333e+00
    2.0419141278e-02    4.1730365753e+00
    2.0428869873e-02    4.2050676346e+00
    2.0439816639e-02    4.2412996292e+00
    2.0449547097e-02    4.2736854553e+00
    2.0459277555e-02    4.3062453270e+00
    2.0469006151e-02    4.3389811516e+00
    2.0479952917e-02    4.3760242462e+00
    2.0489683375e-02    4.4091448784e+00
    2.0499413833e-02    4.4424490929e+00
    2.0509144291e-02    4.4759383202e+00
    2.0518872887e-02    4.5096120834e+00
    2.0529819652e-02    4.5477156639e+00
    2.0539550111e-02    4.5817809105e+00
    2.0549280569e-02    4.6160278320e+00
    2.0559011027e-02    4.6504549980e+00
    2.0569957793e-02    4.6893987656e+00
    2.0579688251e-02    4.7242012024e+00
    2.0589418709e-02    4.7591776848e+00
    2.0599149168e-02    4.7943248749e+00
    2.0608879626e-02    4.8296408653e+00
    2.0619826391e-02    4.8695721626e+00
    2.0629556850e-02    4.9052433968e+00
    2.0639287308e-02    4.9410796165e+00
    2.0649017766e-02    4.9770803452e+00
    2.0659966394e-02    5.0177774429e+00
    2.0669696853e-02    5.0541267395e+00
    2.0679427311e-02    5.0906391144e+00
    2.0689157769e-02    5.1273136139e+00
    2.0698888227e-02    5.1641502380e+00
    2.0709834993e-02    5.2057833672e+00
    2.0719567314e-02    5.2429585457e+00
    2.0729297772e-02    5.2802896500e+00
    2.0739028230e-02    5.3177738190e+00
    2.0749974996e-02    5.3601217270e+00
    2.0759707317e-02    5.3979187012e+00
    2.0769437775e-02    5.4358558655e+00
    2.0779168233e-02    5.4739294052e+00
    2.0788900554e-02    5.5121331215e+00
    2.0799847320e-02    5.5552635193e+00
    2.0809577778e-02    5.5937299728e+00
    2.0819310099e-02    5.6323127747e+00
    2.0829040557e-02    5.6710081100e+00
    2.0839987323e-02    5.7146692276e+00
    2.0849719644e-02    5.7535915375e+00
    2.0859450102e-02    5.7926163673e+00
    2.0869182423e-02    5.8317422867e+00
    2.0878912881e-02    5.8709678650e+00
    2.0889859647e-02    5.9152150154e+00
    2.0899591967e-02    5.9546508789e+00
    2.0909322426e-02    5.9941868782e+00
    2.0919054747e-02    6.0338230133e+00
    2.0928785205e-02    6.0735607147e+00
    2.0939733833e-02    6.1183900833e+00
    2.0949466154e-02    6.1583499908e+00
    2.0959196612e-02    6.1984171867e+00
    2.0968928933e-02    6.2385935783e+00
    2.0979875699e-02    6.2839255333e+00
    2.0989608020e-02    6.3243417740e+00
    2.0999340340e-02    6.3648743629e+00
    2.1009070799e-02    6.4055252075e+00
    2.1018803120e-02    6.4462966919e+00
    2.1029751748e-02    6.4923119545e+00
    2.1039482206e-02    6.5333480835e+00
    2.1049214527e-02    6.5745120049e+00
    2.1058946848e-02    6.6158070564e+00
    2.1069895476e-02    6.6624226570e+00
    2.1079625934e-02    6.7040023804e+00
    2.1089358255e-02    6.7457194328e+00
    2.1099090576e-02    6.7875752449e+00
    2.1108822897e-02    6.8295717239e+00
    2.1119771525e-02    6.8769879341e+00
    2.1129503846e-02    6.9192876816e+00
    2.1139236167e-02    6.9617319107e+00
    2.1148966625e-02    7.0043215752e+00
    2.1159915254e-02    7.0524082184e+00
    2.1169647574e-02    7.0953063965e+00
    2.1179379895e-02    7.1383495331e+00
    2.1189112216e-02    7.1815366745e+00
    2.1198844537e-02    7.2248673439e+00
    2.1209793165e-02    7.2737836838e+00
    2.1219525486e-02    7.3174123764e+00
    2.1229257807e-02    7.3611764908e+00
    2.1238990128e-02    7.4050731659e+00
    2.1249938756e-02    7.4546089172e+00
    2.1259671077e-02    7.4987702370e+00
    2.1269403398e-02    7.5430464745e+00
    2.1279135719e-02    7.5874300003e+00
    2.1288868040e-02    7.6319131851e+00
    2.1299816668e-02    7.6820650101e+00
    2.1309548989e-02    7.7267284393e+00
    2.1319281310e-02    7.7714610100e+00
    2.1329013631e-02    7.8162508011e+00
    2.1339964122e-02    7.8666934967e+00
    2.1349696442e-02    7.9115662575e+00
    2.1359428763e-02    7.9564585686e+00
    2.1369159222e-02    8.0013580322e+00
    2.1378891543e-02    8.0462532043e+00
    2.1389842033e-02    8.0967378616e+00
    2.1399572492e-02    8.1415815353e+00
    2.1409304813e-02    8.1863842010e+00
    2.1419037133e-02    8.2311334610e+00
    2.1429987624e-02    8.2814025879e+00
    2.1439718083e-02    8.3260087967e+00
    2.1449450403e-02    8.3705339432e+00
    2.1459182724e-02    8.4149694443e+00
    2.1468915045e-02    8.4593086243e+00
    2.1479863673e-02    8.5090665817e+00
    2.1489595994e-02    8.5531797409e+00
    2.1499328315e-02    8.5971784592e+00
    2.1509060636e-02    8.6410560608e+00
    2.1518792957e-02    8.6848096848e+00
    2.1529741585e-02    8.7338781357e+00
    2.1539473906e-02    8.7773542404e+00
    2.1549206227e-02    8.8206939697e+00
    2.1558938548e-02    8.8638944626e+00
    2.1569889039e-02    8.9123249054e+00
    2.1579621360e-02    8.9552202225e+00
    2.1589353681e-02    8.9979705811e+00
    2.1599086002e-02    9.0405731201e+00
    2.1608816460e-02    9.0830287933e+00
    2.1619766951e-02    9.1306152344e+00
    2.1629499272e-02    9.1727590561e+00
    2.1639231592e-02    9.2147579193e+00
    2.1648963913e-02    9.2566156387e+00
    2.1659912542e-02    9.3035392761e+00
    2.1669644862e-02    9.3451061249e+00
    2.1679377183e-02    9.3865442276e+00
    2.1689109504e-02    9.4278583527e+00
    2.1698841825e-02    9.4690532684e+00
    2.1709790453e-02    9.5152645111e+00
    2.1719522774e-02    9.5562305450e+00
    2.1729255095e-02    9.5970993042e+00
    2.1738987416e-02    9.6378793716e+00
    2.1749936044e-02    9.6836595535e+00
    2.1759668365e-02    9.7242755890e+00
    2.1769400686e-02    9.7648267746e+00
    2.1779133007e-02    9.8053207397e+00
    2.1788865328e-02    9.8457651138e+00
    2.1799813956e-02    9.8912153244e+00
    2.1809546277e-02    9.9315776825e+00
    2.1819278598e-02    9.9719123840e+00
    2.1829010919e-02    1.0012226105e+01
    2.1839959547e-02    1.0057560921e+01
    2.1849691868e-02    1.0097846985e+01
    2.1859424189e-02    1.0138128281e+01
    2.1869156510e-02    1.0178408623e+01
    2.1878888831e-02    1.0218690872e+01
    2.1889837459e-02    1.0264014244e+01
    2.1899569780e-02    1.0304307938e+01
    2.1909303963e-02    1.0344608307e+01
    2.1919036284e-02    1.0384917259e+01
    2.1929984912e-02    1.0430272102e+01
    2.1939717233e-02    1.0470593452e+01
    2.1949449554e-02    1.0510918617e+01
    2.1959181875e-02    1.0551245689e+01
    2.1968914196e-02    1.0591571808e+01
    2.1979862824e-02    1.0636935234e+01
    2.1989595145e-02    1.0677250862e+01
    2.1999327466e-02    1.0717557907e+01
    2.2009059787e-02    1.0757852554e+01
    2.2018792108e-02    1.0798133850e+01
    2.2029740736e-02    1.0843430519e+01
    2.2039473057e-02    1.0883674622e+01
    2.2049205378e-02    1.0923900604e+01
    2.2058937699e-02    1.0964105606e+01
    2.2069886327e-02    1.1009311676e+01
    2.2079618648e-02    1.1049471855e+01
    2.2089350969e-02    1.1089610100e+01
    2.2099083290e-02    1.1129727364e+01
    2.2108815610e-02    1.1169822693e+01
    2.2119764239e-02    1.1214904785e+01
    2.2129496560e-02    1.1254955292e+01
    2.2139228880e-02    1.1294986725e+01
    2.2148961201e-02    1.1335000038e+01
    2.2159909829e-02    1.1379994392e+01
    2.2169642150e-02    1.1419973373e+01
    2.2179374471e-02    1.1459940910e+01
    2.2189106792e-02    1.1499899864e+01
    2.2198839113e-02    1.1539855003e+01
    2.2209789604e-02    1.1584804535e+01
    2.2219521925e-02    1.1624768257e+01
    2.2229254246e-02    1.1664745331e+01
    2.2238986567e-02    1.1704745293e+01
    2.2249935195e-02    1.1749782562e+01
    2.2259667516e-02    1.1789860725e+01
    2.2269399837e-02    1.1829992294e+01
    2.2279132158e-02    1.1870188713e+01
    2.2288864478e-02    1.1910462379e+01
    2.2299813107e-02    1.1955878258e+01
    2.2309545428e-02    1.1996358871e+01
    2.2319277748e-02    1.2036956787e+01
    2.2329010069e-02    1.2077687263e+01
    2.2339958698e-02    1.2123682022e+01
    2.2349691018e-02    1.2164735794e+01
    2.2359423339e-02    1.2205963135e+01
    2.2369155660e-02    1.2247374535e+01
    2.2378887981e-02    1.2288984299e+01
    2.2389836609e-02    1.2336044312e+01
    2.2399568930e-02    1.2378109932e+01
    2.2409301251e-02    1.2420406342e+01
    2.2419033572e-02    1.2462942123e+01
    2.2429982200e-02    1.2511091232e+01
    2.2439714521e-02    1.2554162025e+01
    2.2449446842e-02    1.2597494125e+01
    2.2459179163e-02    1.2641094208e+01
    2.2468911484e-02    1.2684965134e+01
    2.2479860112e-02    1.2734647751e+01
    2.2489592433e-02    1.2779104233e+01
    2.2499324754e-02    1.2823837280e+01
    2.2509057075e-02    1.2868846893e+01
    2.2518789396e-02    1.2914133072e+01
    2.2529738024e-02    1.2965406418e+01
    2.2539470345e-02    1.3011268616e+01
    2.2549202666e-02    1.3057396889e+01
    2.2558934987e-02    1.3103784561e+01
    2.2569883615e-02    1.3156274796e+01
    2.2579615936e-02    1.3203193665e+01
    2.2589348257e-02    1.3250352859e+01
    2.2599080577e-02    1.3297740936e+01
    2.2608812898e-02    1.3345350266e+01
    2.2619761527e-02    1.3399163246e+01
    2.2629493847e-02    1.3447209358e+01
    2.2639224306e-02    1.3495445251e+01
    2.2648956627e-02    1.3543858528e+01
    2.2659905255e-02    1.3598520279e+01
    2.2669637576e-02    1.3647273064e+01
    2.2679369897e-02    1.3696165085e+01
    2.2689102218e-02    1.3745186806e+01
    2.2698834538e-02    1.3794325829e+01
    2.2709781304e-02    1.3849732399e+01
    2.2719513625e-02    1.3899081230e+01
    2.2729245946e-02    1.3948511124e+01
    2.2738978267e-02    1.3998012543e+01
    2.2749926895e-02    1.4053773880e+01
    2.2759659216e-02    1.4103394508e+01
    2.2769389674e-02    1.4153057098e+01
    2.2779121995e-02    1.4202754021e+01
    2.2788854316e-02    1.4252479553e+01
    2.2799802944e-02    1.4308446884e+01
    2.2809535265e-02    1.4358212471e+01
    2.2819265723e-02    1.4407990456e+01
    2.2828998044e-02    1.4457777977e+01
    2.2839946672e-02    1.4513794899e+01
    2.2849678993e-02    1.4563591957e+01
    2.2859409451e-02    1.4613390923e+01
    2.2869141772e-02    1.4663190842e+01
    2.2878874093e-02    1.4712991714e+01
    2.2889822721e-02    1.4769018173e+01
    2.2899553180e-02    1.4818820953e+01
    2.2909285501e-02    1.4868624687e+01
    2.2919017822e-02    1.4918429375e+01
    2.2929966450e-02    1.4974463463e+01
    2.2939696908e-02    1.5024275780e+01
    2.2949429229e-02    1.5074092865e+01
    2.2959161550e-02    1.5123915672e+01
    2.2968892008e-02    1.5173745155e+01
    2.2979840636e-02    1.5229813576e+01
    2.2989572957e-02    1.5279663086e+01
    2.2999305278e-02    1.5329524040e+01
    2.3009035736e-02    1.5379398346e+01
    2.3019984365e-02    1.5435526848e+01
    2.3029716685e-02    1.5485437393e+01
    2.3039449006e-02    1.5535369873e+01
    2.3049179465e-02    1.5585326195e+01
    2.3058911785e-02    1.5635311127e+01
    2.3069860414e-02    1.5691580772e+01
    2.3079592735e-02    1.5741636276e+01
    2.3089323193e-02    1.5791732788e+01
    2.3099055514e-02    1.5841874123e+01
    2.3108787835e-02    1.5892066002e+01
    2.3119736463e-02    1.5948596954e+01
    2.3129468784e-02    1.5998910904e+01
    2.3139199242e-02    1.6049289703e+01
    2.3148931563e-02    1.6099739075e+01
    2.3159692064e-02    1.6155607224e+01
    2.3169917986e-02    1.6208787918e+01
    2.3179460317e-02    1.6258506775e+01
    2.3189686239e-02    1.6311868668e+01
    2.3199912161e-02    1.6365327835e+01
    2.3209456354e-02    1.6415313721e+01
    2.3219680414e-02    1.6468965530e+01
    2.3229906335e-02    1.6522716522e+01
    2.3239450529e-02    1.6572973251e+01
    2.3249676451e-02    1.6626913071e+01
    2.3259900510e-02    1.6680942535e+01
    2.3269444704e-02    1.6731447220e+01
    2.3279670626e-02    1.6785636902e+01
    2.3289896548e-02    1.6839897156e+01
    2.3299438879e-02    1.6890596390e+01
    2.3309420794e-02    1.6943666458e+01
    2.3319644853e-02    1.6998079300e+01
    2.3329870775e-02    1.7052520752e+01
    2.3339414969e-02    1.7103351593e+01
    2.3349640891e-02    1.7157819748e+01
    2.3359864950e-02    1.7212282181e+01
    2.3369494826e-02    1.7263553619e+01
    2.3379135877e-02    1.7314855576e+01
    2.3389926180e-02    1.7372226715e+01
    2.3399468511e-02    1.7422914505e+01
    2.3409694433e-02    1.7477144241e+01
    2.3419920355e-02    1.7531278610e+01
    2.3429464549e-02    1.7581703186e+01
    2.3439688608e-02    1.7635612488e+01
    2.3449914530e-02    1.7689388275e+01
    2.3459261283e-02    1.7738424301e+01
    2.3469865322e-02    1.7793910980e+01
    2.3479506373e-02    1.7844219208e+01
    2.3489145562e-02    1.7894390106e+01
    2.3499749601e-02    1.7949417114e+01
    2.3509390652e-02    1.7999282837e+01
    2.3519994691e-02    1.8053955078e+01
    2.3529633880e-02    1.8103479385e+01
    2.3539274931e-02    1.8152824402e+01
    2.3549878970e-02    1.8206886292e+01
    2.3558853194e-02    1.8252452850e+01
    2.3569801822e-02    1.8307794571e+01
    2.3579439148e-02    1.8356288910e+01
    2.3589665070e-02    1.8407512665e+01
    2.3599889129e-02    1.8458498001e+01
    2.3609433323e-02    1.8505863190e+01
    2.3619659245e-02    1.8556371689e+01
    2.3629885167e-02    1.8606622696e+01
    2.3639427498e-02    1.8653284073e+01
    2.3649653420e-02    1.8703016281e+01
    2.3659879342e-02    1.8752468109e+01
    2.3669423535e-02    1.8798370361e+01
    2.3679617792e-02    1.8847126007e+01
    2.3689256981e-02    1.8892969131e+01
    2.3699861020e-02    1.8943096161e+01
    2.3708835244e-02    1.8985271454e+01
    2.3719595745e-02    1.9035526276e+01
    2.3729821667e-02    1.9082960129e+01
    2.3739365861e-02    1.9126939774e+01
    2.3749591783e-02    1.9173740387e+01
    2.3759884760e-02    1.9220516205e+01
    2.3769328371e-02    1.9263132095e+01
    2.3779932410e-02    1.9310642242e+01
    2.3789573461e-02    1.9353519440e+01
    2.3799212649e-02    1.9396099091e+01
    2.3809816688e-02    1.9442586899e+01
    2.3819457740e-02    1.9484531403e+01
    2.3829096928e-02    1.9526168823e+01
    2.3839700967e-02    1.9571611404e+01
    2.3849342018e-02    1.9612596512e+01
    2.3859946057e-02    1.9657318115e+01
    2.3869585246e-02    1.9697643280e+01
    2.3879226297e-02    1.9737651825e+01
    2.3889830336e-02    1.9781299591e+01
    2.3899469525e-02    1.9820648193e+01
    2.3909110576e-02    1.9859685898e+01
    2.3919714615e-02    1.9902267456e+01
    2.3929450661e-02    1.9941040039e+01
    2.3939132690e-02    1.9979286194e+01
    2.3949988186e-02    2.0021820068e+01
    2.3959629238e-02    2.0059274673e+01
    2.3969337344e-02    2.0096702576e+01
    2.3979563266e-02    2.0135808945e+01
    2.3989789188e-02    2.0174596786e+01
    2.3999253288e-02    2.0210222244e+01
    2.4009857327e-02    2.0249832153e+01
    2.4019593373e-02    2.0285926819e+01
    2.4029275402e-02    2.0321563721e+01
    2.4039005861e-02    2.0357133865e+01
    2.4049954489e-02    2.0396852493e+01
    2.4059846997e-02    2.0432470322e+01
    2.4069486186e-02    2.0466932297e+01
    2.4079525843e-02    2.0502563477e+01
    2.4089751765e-02    2.0538585663e+01
    2.4099977687e-02    2.0574338913e+01
    2.4109853432e-02    2.0608621597e+01
    2.4119583890e-02    2.0642164230e+01
    2.4129316211e-02    2.0675472260e+01
    2.4139253423e-02    2.0709253311e+01
    2.4149857461e-02    2.0745037079e+01
    2.4158878252e-02    2.0775272369e+01
    2.4169826880e-02    2.0811716080e+01
    2.4179905653e-02    2.0845031738e+01
    2.4189447984e-02    2.0876377106e+01
    2.4199886248e-02    2.0910442352e+01
    2.4209421128e-02    2.0941377640e+01
    2.4219647050e-02    2.0974363327e+01
    2.4229871109e-02    2.1007160187e+01
    2.4239415303e-02    2.1037605286e+01
    2.4249641225e-02    2.1070041656e+01
    2.4259867147e-02    2.1102283478e+01
    2.4269409478e-02    2.1132190704e+01
    2.4279635400e-02    2.1164030075e+01
    2.4289216846e-02    2.1193666458e+01
    2.4299390614e-02    2.1224914551e+01
    2.4309614673e-02    2.1256099701e+01
    2.4319840595e-02    2.1287065506e+01
    2.4329384789e-02    2.1315774918e+01
    2.4339610711e-02    2.1346342087e+01
    2.4349834770e-02    2.1376728058e+01
    2.4359710515e-02    2.1405910492e+01
    2.4369442835e-02    2.1434524536e+01
    2.4379175156e-02    2.1462999344e+01
    2.4388905615e-02    2.1491342545e+01
    2.4399854243e-02    2.1523077011e+01
    2.4409586564e-02    2.1551153183e+01
    2.4419317022e-02    2.1579105377e+01
    2.4429049343e-02    2.1606941223e+01
    2.4439996108e-02    2.1638124466e+01
    2.4449728429e-02    2.1665733337e+01
    2.4459460750e-02    2.1693250656e+01
    2.4469191208e-02    2.1720687866e+01
    2.4478923529e-02    2.1748060226e+01
    2.4489872158e-02    2.1778787613e+01
    2.4499602616e-02    2.1806056976e+01
    2.4509334937e-02    2.1833293915e+01
    2.4519065395e-02    2.1860504150e+01
    2.4528797716e-02    2.1887699127e+01
    2.4539744481e-02    2.1918281555e+01
    2.4549476802e-02    2.1945466995e+01
    2.4559209123e-02    2.1972663879e+01
    2.4568939582e-02    2.1999883652e+01
    2.4579888210e-02    2.2030544281e+01
    2.4589618668e-02    2.2057834625e+01
    2.4599350989e-02    2.2085165024e+01
    2.4609081447e-02    2.2112535477e+01
    2.4618813768e-02    2.2139945984e+01
    2.4629760534e-02    2.2170829773e+01
    2.4639492854e-02    2.2198324203e+01
    2.4649223313e-02    2.2225854874e+01
    2.4658955634e-02    2.2253421783e+01
    2.4669902399e-02    2.2284475327e+01
    2.4679634720e-02    2.2312118530e+01
    2.4689365178e-02    2.2339797974e+01
    2.4699095637e-02    2.2367519379e+01
    2.4708827958e-02    2.2395288467e+01
    2.4719774723e-02    2.2426589966e+01
    2.4729507044e-02    2.2454473495e+01
    2.4739237502e-02    2.2482421875e+01
    2.4748969823e-02    2.2510438919e+01
    2.4759916589e-02    2.2542051315e+01
    2.4769648910e-02    2.2570234299e+01
    2.4779379368e-02    2.2598499298e+01
    2.4789111689e-02    2.2626848221e+01
    2.4798842147e-02    2.2655281067e+01
    2.4809790775e-02    2.2687362671e+01
    2.4819521233e-02    2.2715961456e+01
    2.4829251692e-02    2.2744632721e+01
    2.4838984013e-02    2.2773374557e+01
    2.4849930778e-02    2.2805786133e+01
    2.4859663099e-02    2.2834663391e+01
    2.4869393557e-02    2.2863601685e+01
    2.4879125878e-02    2.2892593384e+01
    2.4888856336e-02    2.2921640396e+01
    2.4899804965e-02    2.2954376221e+01
    2.4909535423e-02    2.2983524323e+01
    2.4919265881e-02    2.3012712479e+01
    2.4928998202e-02    2.3041938782e+01
    2.4939944968e-02    2.3074855804e+01
    2.4949677289e-02    2.3104146957e+01
    2.4959407747e-02    2.3133460999e+01
    2.4969140068e-02    2.3162796021e+01
    2.4978870526e-02    2.3192150116e+01
    2.4989817291e-02    2.3225189209e+01
    2.4999549612e-02    2.3254571915e+01
    2.5009280071e-02    2.3283966064e+01
    2.5019012392e-02    2.3313365936e+01
    2.5029959157e-02    2.3346445084e+01
    2.5039689615e-02    2.3375854492e+01
    2.5049421936e-02    2.3405261993e+01
    2.5059152395e-02    2.3434671402e+01
    2.5068884715e-02    2.3464076996e+01
    2.5079831481e-02    2.3497158051e+01
    2.5089563802e-02    2.3526557922e+01
    2.5099294260e-02    2.3555952072e+01
    2.5109024718e-02    2.3585340500e+01
    2.5119973347e-02    2.3618389130e+01
    2.5129703805e-02    2.3647750854e+01
    2.5139436126e-02    2.3677095413e+01
    2.5149166584e-02    2.3706420898e+01
    2.5158898905e-02    2.3735719681e+01
    2.5169845670e-02    2.3768648148e+01
    2.5179576129e-02    2.3797885895e+01
    2.5189308450e-02    2.3827091217e+01
    2.5199038908e-02    2.3856258392e+01
    2.5209987536e-02    2.3889024734e+01
    2.5219717994e-02    2.3918104172e+01
    2.5229450315e-02    2.3947134018e+01
    2.5239180773e-02    2.3976108551e+01
    2.5248913094e-02    2.4005023956e+01
    2.5259859860e-02    2.4037473679e+01
    2.5269592181e-02    2.4066242218e+01
    2.5279322639e-02    2.4094932556e+01
    2.5289053097e-02    2.4123542786e+01
    2.5298785418e-02    2.4152067184e+01
    2.5309732184e-02    2.4184053421e+01
    2.5319464505e-02    2.4212388992e+01
    2.5329194963e-02    2.4240629196e+01
    2.5338927284e-02    2.4268772125e+01
    2.5349874049e-02    2.4300313950e+01
    2.5359606370e-02    2.4328241348e+01
    2.5369336829e-02    2.4356060028e+01
    2.5379067287e-02    2.4383768082e+01
    2.5388799608e-02    2.4411361694e+01
    2.5399746373e-02    2.4442268372e+01
    2.5409478694e-02    2.4469617844e+01
    2.5419209152e-02    2.4496850967e+01
    2.5428941473e-02    2.4523965836e+01
    2.5439888239e-02    2.4554334641e+01
    2.5449618697e-02    2.4581207275e+01
    2.5459351018e-02    2.4607965469e+01
    2.5469081476e-02    2.4634611130e+01
    2.5478813797e-02    2.4661144257e+01
    2.5489760563e-02    2.4690860748e+01
    2.5499492884e-02    2.4717155457e+01
    2.5509223342e-02    2.4743335724e+01
    2.5518953800e-02    2.4769399643e+01
    2.5529902428e-02    2.4798583984e+01
    2.5539632887e-02    2.4824399948e+01
    2.5549365208e-02    2.4850093842e+01
    2.5559095666e-02    2.4875665665e+01
    2.5568827987e-02    2.4901115417e+01
    2.5579774752e-02    2.4929599762e+01
    2.5589507073e-02    2.4954790115e+01
    2.5599237531e-02    2.4979856491e+01
    2.5608969852e-02    2.5004806519e+01
    2.5619916618e-02    2.5032733917e+01
    2.5629648939e-02    2.5057437897e+01
    2.5639379397e-02    2.5082031250e+01
    2.5649111718e-02    2.5106515884e+01
    2.5658842176e-02    2.5130897522e+01
    2.5669790804e-02    2.5158206940e+01
    2.5679521263e-02    2.5182376862e+01
    2.5689253584e-02    2.5206449509e+01
    2.5698984042e-02    2.5230430603e+01
    2.5709932670e-02    2.5257303238e+01
    2.5719663128e-02    2.5281099319e+01
    2.5729395449e-02    2.5304815292e+01
    2.5739125907e-02    2.5328454971e+01
    2.5748858228e-02    2.5352022171e+01
    2.5759804994e-02    2.5378454208e+01
    2.5769537315e-02    2.5401885986e+01
    2.5779267773e-02    2.5425260544e+01
    2.5789000094e-02    2.5448583603e+01
    2.5799946859e-02    2.5474765778e+01
    2.5809679180e-02    2.5497995377e+01
    2.5819409639e-02    2.5521186829e+01
    2.5829141960e-02    2.5544345856e+01
    2.5838872418e-02    2.5567478180e+01
    2.5849821046e-02    2.5593473434e+01
    2.5859551504e-02    2.5616559982e+01
    2.5869283825e-02    2.5639635086e+01
    2.5879014283e-02    2.5662704468e+01
    2.5889962912e-02    2.5688655853e+01
    2.5899695233e-02    2.5711732864e+01
    2.5909425691e-02    2.5734823227e+01
    2.5919158012e-02    2.5757936478e+01
    2.5928888470e-02    2.5781080246e+01
    2.5939837098e-02    2.5807165146e+01
    2.5949567556e-02    2.5830404282e+01
    2.5959299877e-02    2.5853700638e+01
    2.5969032198e-02    2.5877061844e+01
    2.5979978964e-02    2.5903432846e+01
    2.5989711285e-02    2.5926961899e+01
    2.5999441743e-02    2.5950582504e+01
    2.6009174064e-02    2.5974298477e+01
    2.6018904522e-02    2.5998121262e+01
    2.6029853150e-02    2.6025053024e+01
    2.6039585471e-02    2.6049118042e+01
    2.6049315929e-02    2.6073308945e+01
    2.6059048250e-02    2.6097635269e+01
    2.6069995016e-02    2.6125171661e+01
    2.6079727337e-02    2.6149808884e+01
    2.6089457795e-02    2.6174606323e+01
    2.6099190116e-02    2.6199573517e+01
    2.6108922437e-02    2.6224721909e+01
    2.6119869202e-02    2.6253244400e+01
    2.6129601523e-02    2.6278812408e+01
    2.6139331982e-02    2.6304594040e+01
    2.6149064302e-02    2.6330604553e+01
    2.6158794761e-02    2.6356851578e+01
    2.6169743389e-02    2.6386678696e+01
    2.6179475710e-02    2.6413471222e+01
    2.6189206168e-02    2.6440536499e+01
    2.6198938489e-02    2.6467887878e+01
    2.6209885255e-02    2.6499011993e+01
    2.6219617575e-02    2.6527000427e+01
    2.6229348034e-02    2.6555305481e+01
    2.6239080355e-02    2.6583934784e+01
    2.6248810813e-02    2.6612894058e+01
    2.6259759441e-02    2.6645875931e+01
    2.6269491762e-02    2.6675559998e+01
    2.6279222220e-02    2.6705593109e+01
    2.6288954541e-02    2.6735980988e+01
    2.6299901307e-02    2.6770591736e+01
    2.6309633628e-02    2.6801738739e+01
    2.6319364086e-02    2.6833244324e+01
    2.6329096407e-02    2.6865110397e+01
    2.6338828728e-02    2.6897335052e+01
    2.6349775493e-02    2.6934015274e+01
    2.6359507814e-02    2.6966995239e+01
    2.6369238272e-02    2.7000326157e+01
    2.6378970593e-02    2.7034006119e+01
    2.6389917359e-02    2.7072303772e+01
    2.6399649680e-02    2.7106704712e+01
    2.6409380138e-02    2.7141439438e+01
    2.6419112459e-02    2.7176502228e+01
    2.6428844780e-02    2.7211889267e+01
    2.6439791545e-02    2.7252077103e+01
    2.6449523866e-02    2.7288135529e+01
    2.6459254324e-02    2.7324499130e+01
    2.6468986645e-02    2.7361167908e+01
    2.6479933411e-02    2.7402778625e+01
    2.6489665732e-02    2.7440076828e+01
    2.6499396190e-02    2.7477663040e+01
    2.6509128511e-02    2.7515531540e+01
    2.6518860832e-02    2.7553676605e+01
    2.6529807597e-02    2.7596912384e+01
    2.6539539918e-02    2.7635622025e+01
    2.6549270377e-02    2.7674585342e+01
    2.6559002697e-02    2.7713794708e+01
    2.6569949463e-02    2.7758188248e+01
    2.6579681784e-02    2.7797891617e+01
    2.6589412242e-02    2.7837814331e+01
    2.6599144563e-02    2.7877946854e+01
    2.6608875021e-02    2.7918279648e+01
    2.6619823650e-02    2.7963884354e+01
    2.6629554108e-02    2.8004613876e+01
    2.6639286429e-02    2.8045518875e+01
    2.6649018750e-02    2.8086589813e+01
    2.6659965515e-02    2.8132982254e+01
    2.6669697836e-02    2.8174375534e+01
    2.6679428294e-02    2.8215911865e+01
    2.6689160615e-02    2.8257579803e+01
    2.6698891073e-02    2.8299375534e+01
    2.6709839702e-02    2.8346536636e+01
    2.6719570160e-02    2.8388576508e+01
    2.6729302481e-02    2.8430725098e+01
    2.6739034802e-02    2.8472970963e+01
    2.6749981567e-02    2.8520610809e+01
    2.6759713888e-02    2.8563049316e+01
    2.6769444346e-02    2.8605567932e+01
    2.6779176667e-02    2.8648160934e+01
    2.6788907126e-02    2.8690820694e+01
    2.6799855754e-02    2.8738882065e+01
    2.6809588075e-02    2.8781658173e+01
    2.6819318533e-02    2.8824478149e+01
    2.6829050854e-02    2.8867334366e+01
    2.6839997619e-02    2.8915578842e+01
    2.6849729940e-02    2.8958482742e+01
    2.6859462261e-02    2.9001398087e+01
    2.6869192719e-02    2.9044315338e+01
    2.6878925040e-02    2.9087228775e+01
    2.6889871806e-02    2.9135490417e+01
    2.6899604127e-02    2.9178369522e+01
    2.6909336448e-02    2.9221220016e+01
    2.6919066906e-02    2.9264036179e+01
    2.6928799227e-02    2.9306810379e+01
    2.6939745992e-02    2.9354877472e+01
    2.6949478313e-02    2.9397546768e+01
    2.6959210634e-02    2.9440158844e+01
    2.6968941092e-02    2.9482706070e+01
    2.6979889721e-02    2.9530492783e+01
    2.6989620179e-02    2.9572893143e+01
    2.6999352500e-02    2.9615217209e+01
    2.7009084821e-02    2.9657464981e+01
    2.7018815279e-02    2.9699630737e+01
    2.7029763907e-02    2.9746969223e+01
    2.7039494365e-02    2.9788955688e+01
    2.7049226686e-02    2.9830854416e+01
    2.7058959007e-02    2.9872661591e+01
    2.7069905773e-02    2.9919582367e+01
    2.7079638094e-02    2.9961187363e+01
    2.7089370415e-02    3.0002693176e+01
    2.7099100873e-02    3.0044092178e+01
    2.7108833194e-02    3.0085384369e+01
    2.7119781822e-02    3.0131702423e+01
    2.7129512280e-02    3.0172746658e+01
    2.7139244601e-02    3.0213668823e+01
    2.7148976922e-02    3.0254463196e+01
    2.7159923688e-02    3.0300195694e+01
    2.7169656008e-02    3.0340698242e+01
    2.7179388329e-02    3.0381055832e+01
    2.7189120650e-02    3.0421262741e+01
    2.7198851109e-02    3.0461313248e+01
    2.7209799737e-02    3.0506177902e+01
    2.7219532058e-02    3.0545877457e+01
    2.7229262516e-02    3.0585401535e+01
    2.7238994837e-02    3.0624746323e+01
    2.7249943465e-02    3.0668785095e+01
    2.7259675786e-02    3.0707727432e+01
    2.7269406244e-02    3.0746467590e+01
    2.7279138565e-02    3.0785005569e+01
    2.7288870886e-02    3.0823333740e+01
    2.7299819514e-02    3.0866195679e+01
    2.7309549972e-02    3.0904062271e+01
    2.7319282293e-02    3.0941705704e+01
    2.7329014614e-02    3.0979124069e+01
    2.7339963242e-02    3.1020944595e+01
    2.7349695563e-02    3.1057874680e+01
    2.7359426022e-02    3.1094573975e+01
    2.7369158342e-02    3.1131038666e+01
    2.7378890663e-02    3.1167272568e+01
    2.7389839292e-02    3.1207756042e+01
    2.7399571612e-02    3.1243497849e+01
    2.7409302071e-02    3.1279008865e+01
    2.7419034392e-02    3.1314292908e+01
    2.7429983020e-02    3.1353717804e+01
    2.7439715341e-02    3.1388526917e+01
    2.7449447662e-02    3.1423118591e+01
    2.7459178120e-02    3.1457496643e+01
    2.7468910441e-02    3.1491664886e+01
    2.7479859069e-02    3.1529859543e+01
    2.7489591390e-02    3.1563598633e+01
    2.7499323711e-02    3.1597145081e+01
    2.7509056032e-02    3.1630502701e+01
    2.7518788353e-02    3.1663677216e+01
    2.7529735118e-02    3.1700786591e+01
    2.7539467439e-02    3.1733591080e+01
    2.7549199760e-02    3.1766229630e+01
    2.7558932081e-02    3.1798706055e+01
    2.7569880709e-02    3.1835052490e+01
    2.7579613030e-02    3.1867198944e+01
    2.7589345351e-02    3.1899196625e+01
    2.7599075809e-02    3.1931047440e+01
    2.7608808130e-02    3.1962757111e+01
    2.7619756758e-02    3.1998260498e+01
    2.7629489079e-02    3.2029670715e+01
    2.7639221400e-02    3.2060943604e+01
    2.7648953721e-02    3.2092082977e+01
    2.7659902349e-02    3.2126953125e+01
    2.7669634670e-02    3.2157802582e+01
    2.7679366991e-02    3.2188522339e+01
    2.7689097449e-02    3.2219104767e+01
    2.7698829770e-02    3.2249553680e+01
    2.7709778398e-02    3.2283645630e+01
    2.7719510719e-02    3.2313808441e+01
    2.7729243040e-02    3.2343837738e+01
    2.7738975361e-02    3.2373729706e+01
    2.7749923989e-02    3.2407196045e+01
    2.7759656310e-02    3.2436801910e+01
    2.7769388631e-02    3.2466270447e+01
    2.7779119089e-02    3.2495605469e+01
    2.7788851410e-02    3.2524810791e+01
    2.7799800038e-02    3.2557506561e+01
    2.7809532359e-02    3.2586433411e+01
    2.7819264680e-02    3.2615230560e+01
    2.7828997001e-02    3.2643901825e+01
    2.7839945629e-02    3.2676013947e+01
    2.7849677950e-02    3.2704433441e+01
    2.7859410271e-02    3.2732738495e+01
    2.7869142592e-02    3.2760936737e+01
    2.7878873050e-02    3.2789028168e+01
    2.7889821678e-02    3.2820510864e+01
    2.7899553999e-02    3.2848392487e+01
    2.7909286320e-02    3.2876190186e+01
    2.7919018641e-02    3.2903900146e+01
    2.7929967269e-02    3.2934986115e+01
    2.7939699590e-02    3.2962539673e+01
    2.7949431911e-02    3.2990028381e+01
    2.7959164232e-02    3.3017456055e+01
    2.7968896553e-02    3.3044830322e+01
    2.7979845181e-02    3.3075565338e+01
    2.7989577502e-02    3.3102844238e+01
    2.7999309823e-02    3.3130084991e+01
    2.8009042144e-02    3.3157299042e+01
    2.8019990772e-02    3.3187881470e+01
    2.8029723093e-02    3.3215049744e+01
    2.8039455414e-02    3.3242202759e+01
    2.8049185872e-02    3.3269344330e+01
    2.8058918193e-02    3.3296482086e+01
    2.8069866821e-02    3.3327011108e+01
    2.8079599142e-02    3.3354148865e+01
    2.8089331463e-02    3.3381290436e+01
    2.8099063784e-02    3.3408443451e+01
    2.8108796105e-02    3.3435607910e+01
    2.8119744733e-02    3.3466182709e+01
    2.8129477054e-02    3.3493377686e+01
    2.8139209375e-02    3.3520595551e+01
    2.8148941696e-02    3.3547832489e+01
    2.8159890324e-02    3.3578506470e+01
    2.8169622645e-02    3.3605796814e+01
    2.8179354966e-02    3.3633117676e+01
    2.8189087287e-02    3.3660461426e+01
    2.8198819607e-02    3.3687835693e+01
    2.8209768236e-02    3.3718669891e+01
    2.8219500557e-02    3.3746105194e+01
    2.8229232877e-02    3.3773567200e+01
    2.8238965198e-02    3.3801063538e+01
    2.8249913827e-02    3.3832027435e+01
    2.8259646147e-02    3.3859584808e+01
    2.8269378468e-02    3.3887168884e+01
    2.8279110789e-02    3.3914783478e+01
    2.8288843110e-02    3.3942432404e+01
    2.8299791738e-02    3.3973571777e+01
    2.8309524059e-02    3.4001289368e+01
    2.8319256380e-02    3.4029041290e+01
    2.8328988701e-02    3.4056831360e+01
    2.8339937329e-02    3.4088138580e+01
    2.8349669650e-02    3.4116008759e+01
    2.8359401971e-02    3.4143920898e+01
    2.8369134292e-02    3.4171878815e+01
    2.8378866613e-02    3.4199882507e+01
    2.8389815241e-02    3.4231441498e+01
    2.8399547562e-02    3.4259548187e+01
    2.8409279883e-02    3.4287708282e+01
    2.8419012204e-02    3.4315917969e+01
    2.8429960832e-02    3.4347717285e+01
    2.8439693153e-02    3.4376045227e+01
    2.8449425474e-02    3.4404430389e+01
    2.8459157795e-02    3.4432872772e+01
    2.8468890116e-02    3.4461376190e+01
    2.8479838744e-02    3.4493511200e+01
    2.8489571065e-02    3.4522144318e+01
    2.8499303386e-02    3.4550834656e+01
    2.8509035707e-02    3.4579593658e+01
    2.8519984335e-02    3.4612022400e+01
    2.8529716656e-02    3.4640914917e+01
    2.8539448977e-02    3.4669876099e+01
    2.8549181297e-02    3.4698909760e+01
    2.8558913618e-02    3.4728008270e+01
    2.8569862247e-02    3.4760833740e+01
    2.8579594567e-02    3.4790092468e+01
    2.8589326888e-02    3.4819427490e+01
    2.8599059209e-02    3.4848838806e+01
    2.8608791530e-02    3.4878334045e+01
    2.8619740158e-02    3.4911613464e+01
    2.8629472479e-02    3.4941287994e+01
    2.8639204800e-02    3.4971050262e+01
    2.8648937121e-02    3.5000900269e+01
    2.8659885749e-02    3.5034591675e+01
    2.8669618070e-02    3.5064636230e+01
    2.8679350391e-02    3.5094776154e+01
    2.8689082712e-02    3.5125011444e+01
    2.8698815033e-02    3.5155342102e+01
    2.8709765524e-02    3.5189579010e+01
    2.8719497845e-02    3.5220111847e+01
    2.8729230165e-02    3.5250743866e+01
    2.8738960624e-02    3.5281471252e+01
    2.8749911115e-02    3.5316158295e+01
    2.8759643435e-02    3.5347091675e+01
    2.8769375756e-02    3.5378120422e+01
    2.8779108077e-02    3.5409240723e+01
    2.8788840398e-02    3.5440456390e+01
    2.8799789026e-02    3.5475681305e+01
    2.8809521347e-02    3.5507087708e+01
    2.8819253668e-02    3.5538574219e+01
    2.8828985989e-02    3.5570144653e+01
    2.8839934617e-02    3.5605754852e+01
    2.8849666938e-02    3.5637481689e+01
    2.8859399259e-02    3.5669277191e+01
    2.8869129717e-02    3.5701133728e+01
    2.8878862038e-02    3.5733043671e+01
    2.8889810666e-02    3.5769001007e+01
    2.8899542987e-02    3.5801006317e+01
    2.8909275308e-02    3.5833045959e+01
    2.8919007629e-02    3.5865108490e+01
    2.8929956257e-02    3.5901203156e+01
    2.8939688578e-02    3.5933292389e+01
    2.8949420899e-02    3.5965381622e+01
    2.8959153220e-02    3.5997463226e+01
    2.8968883678e-02    3.6029521942e+01
    2.8979832307e-02    3.6065555573e+01
    2.8989564627e-02    3.6097545624e+01
    2.8999296948e-02    3.6129482269e+01
    2.9009029269e-02    3.6161361694e+01
    2.9019976035e-02    3.6197143555e+01
    2.9029708356e-02    3.6228866577e+01
    2.9039440677e-02    3.6260501862e+01
    2.9049172997e-02    3.6292037964e+01
    2.9058903456e-02    3.6323467255e+01
    2.9069852084e-02    3.6358692169e+01
    2.9079584405e-02    3.6389873505e+01
    2.9089316726e-02    3.6420925140e+01
    2.9099047184e-02    3.6451843262e+01
    2.9109995812e-02    3.6486457825e+01
    2.9119728133e-02    3.6517070770e+01
    2.9129458591e-02    3.6547538757e+01
    2.9139190912e-02    3.6577850342e+01
    2.9148923233e-02    3.6608009338e+01
    2.9159869999e-02    3.6641750336e+01
    2.9169602320e-02    3.6671569824e+01
    2.9179334641e-02    3.6701232910e+01
    2.9189065099e-02    3.6730728149e+01
    2.9198797420e-02    3.6760066986e+01
    2.9209744185e-02    3.6792873383e+01
    2.9219476506e-02    3.6821861267e+01
    2.9229206964e-02    3.6850685120e+01
    2.9238939285e-02    3.6879341125e+01
    2.9249887913e-02    3.6911380768e+01
    2.9259618372e-02    3.6939685822e+01
    2.9269350693e-02    3.6967819214e+01
    2.9279081151e-02    3.6995780945e+01
    2.9288813472e-02    3.7023574829e+01
    2.9299760237e-02    3.7054630280e+01
    2.9309492558e-02    3.7082050323e+01
    2.9319223017e-02    3.7109283447e+01
    2.9328955337e-02    3.7136337280e+01
    2.9339902103e-02    3.7166538239e+01
    2.9349634424e-02    3.7193180084e+01
    2.9359364882e-02    3.7219619751e+01
    2.9369095340e-02    3.7245849609e+01
    2.9378827661e-02    3.7271869659e+01
    2.9389774427e-02    3.7300872803e+01
    2.9399506748e-02    3.7326412201e+01
    2.9409237206e-02    3.7351715088e+01
    2.9418969527e-02    3.7376773834e+01
    2.9429916292e-02    3.7404663086e+01
    2.9439646751e-02    3.7429180145e+01
    2.9449379072e-02    3.7453430176e+01
    2.9459109530e-02    3.7477405548e+01
    2.9468839988e-02    3.7501098633e+01
    2.9479788616e-02    3.7527412415e+01
    2.9489519075e-02    3.7550491333e+01
    2.9499249533e-02    3.7573272705e+01
    2.9508981854e-02    3.7595752716e+01
    2.9519928619e-02    3.7620674133e+01
    2.9529659078e-02    3.7642498016e+01
    2.9539391398e-02    3.7664009094e+01
    2.9549121857e-02    3.7685207367e+01
    2.9558852315e-02    3.7706089020e+01
    2.9569799080e-02    3.7729202271e+01
    2.9579529539e-02    3.7749412537e+01
    2.9589261860e-02    3.7769306183e+01
    2.9598992318e-02    3.7788883209e+01
    2.9609939083e-02    3.7810531616e+01
    2.9619669542e-02    3.7829444885e+01
    2.9629401863e-02    3.7848041534e+01
    2.9639132321e-02    3.7866329193e+01
    2.9648862779e-02    3.7884311676e+01
    2.9659809545e-02    3.7904170990e+01
    2.9669540003e-02    3.7921504974e+01
    2.9679272324e-02    3.7938533783e+01
    2.9689002782e-02    3.7955261230e+01
    2.9699949548e-02    3.7973724365e+01
    2.9709680006e-02    3.7989818573e+01
    2.9719410464e-02    3.8005622864e+01
    2.9729140922e-02    3.8021129608e+01
    2.9738871381e-02    3.8036350250e+01
    2.9749820009e-02    3.8053127289e+01
    2.9759550467e-02    3.8067733765e+01
    2.9769480228e-02    3.8082347870e+01
    2.9779706150e-02    3.8097084045e+01
    2.9789932072e-02    3.8111515045e+01
    2.9799476266e-02    3.8124702454e+01
    2.9809700325e-02    3.8138534546e+01
    2.9819926247e-02    3.8152065277e+01
    2.9829470441e-02    3.8164421082e+01
    2.9839696363e-02    3.8177371979e+01
    2.9849920422e-02    3.8190029144e+01
    2.9859464616e-02    3.8201580048e+01
    2.9869690537e-02    3.8213680267e+01
    2.9879916459e-02    3.8225498199e+01
    2.9889827594e-02    3.8236690521e+01
    2.9899468645e-02    3.8247333527e+01
    2.9909575358e-02    3.8258239746e+01
    2.9919801280e-02    3.8269020081e+01
    2.9929345474e-02    3.8278854370e+01
    2.9939571396e-02    3.8289154053e+01
    2.9949795455e-02    3.8299221039e+01
    2.9959339648e-02    3.8308410645e+01
    2.9969565570e-02    3.8318046570e+01
    2.9979791492e-02    3.8327476501e+01
    2.9989333823e-02    3.8336093903e+01
    2.9999559745e-02    3.8345146179e+01
    3.0000241473e-02    3.8345741272e+01
