      3002
    0.0000000000e+00    0.0000000000e+00
    9.7362280940e-06   -5.2290732810e-07
    1.9472456188e-05   -1.9754277218e-06
    2.9208684282e-05   -4.3575610107e-06
    3.8944912376e-05   -7.6693077062e-06
    4.9898168072e-05   -1.2506199710e-05
    5.9634396166e-05   -1.7793374354e-05
    6.9370624260e-05   -2.4010161724e-05
    7.9106852354e-05   -3.1156559999e-05
    8.8843080448e-05   -3.9232574636e-05
    9.9796336144e-05   -4.9429265346e-05
    1.0953254969e-04   -5.9480691561e-05
    1.1927346350e-04   -7.0467249316e-05
    1.2966935174e-04   -8.3219012595e-05
    1.3936702453e-04   -9.6069787105e-05
    1.4957833628e-04   -1.1059803364e-04
    1.5916032135e-04   -1.2515371782e-04
    1.6953409067e-04   -1.4088822354e-04
    1.7927007866e-04   -1.3330037473e-04
    1.8900603754e-04   -3.4025998320e-04
    1.9995904586e-04   -8.9581438806e-04
    2.0969503385e-04   -1.2643476948e-03
    2.1943096363e-04   -1.8696418265e-03
    2.2916687885e-04   -2.6759507600e-03
    2.3890283774e-04   -3.4995242022e-03
    2.4985588971e-04   -4.4654775411e-03
    2.5959202321e-04   -5.3859995678e-03
    2.6932815672e-04   -6.3446466811e-03
    2.7906429023e-04   -7.3039317504e-03
    2.8880042373e-04   -8.3248419687e-03
    2.9975359212e-04   -9.6149034798e-03
    3.0948969652e-04   -1.0982829146e-02
    3.1922583003e-04   -1.2585150078e-02
    3.2896193443e-04   -1.4300078154e-02
    3.3991501550e-04   -1.6257341951e-02
    3.4965106170e-04   -1.8030975014e-02
    3.5938710789e-04   -1.9850257784e-02
    3.6912309588e-04   -2.1640222520e-02
    3.7885899656e-04   -2.3363683373e-02
    3.8981181569e-04   -2.5334490463e-02
    3.9954759995e-04   -2.7307953686e-02
    4.0928332601e-04   -2.9565306380e-02
    4.1901899385e-04   -3.1994409859e-02
    4.2997155106e-04   -3.4773476422e-02
    4.3970713159e-04   -3.7288356572e-02
    4.4944265392e-04   -3.9930608124e-02
    4.5917817624e-04   -4.2740035802e-02
    4.6891369857e-04   -4.5622307807e-02
    4.7986613936e-04   -4.8812821507e-02
    4.8960157437e-04   -5.1647774875e-02
    4.9933698028e-04   -5.4592180997e-02
    5.0907238619e-04   -5.7716760784e-02
    5.1880773390e-04   -6.0974057764e-02
    5.2975991275e-04   -6.4693398774e-02
    5.3949520225e-04   -6.8094655871e-02
    5.4923043353e-04   -7.1676649153e-02
    5.5896566482e-04   -7.5478784740e-02
    5.6991778547e-04   -7.9927086830e-02
    5.7965301676e-04   -8.3909980953e-02
    5.8938824804e-04   -8.7907396257e-02
    5.9912342113e-04   -9.1996341944e-02
    6.0885853600e-04   -9.6241958439e-02
    6.1981054023e-04   -1.0117942840e-01
    6.2954559689e-04   -1.0564408451e-01
    6.3928065356e-04   -1.1016046256e-01
    6.4901565202e-04   -1.1473657936e-01
    6.5996742342e-04   -1.1990204453e-01
    6.6970230546e-04   -1.2445525825e-01
    6.7943712929e-04   -1.2878009677e-01
    6.8917183671e-04   -1.3293191791e-01
    6.9890648592e-04   -1.3683113456e-01
    7.0985779166e-04   -1.4087541401e-01
    7.1959214984e-04   -1.4410674572e-01
    7.2932633338e-04   -1.4699395001e-01
    7.3906040052e-04   -1.4946360886e-01
    7.4879435124e-04   -1.5157896280e-01
    7.5974490028e-04   -1.5356312692e-01
    7.6947855996e-04   -1.5502327681e-01
    7.7921216143e-04   -1.5613172948e-01
    7.8894570470e-04   -1.5684735775e-01
    7.9989572987e-04   -1.5736047924e-01
    8.0962892389e-04   -1.5764552355e-01
    8.1936200149e-04   -1.5775492787e-01
    8.2909490447e-04   -1.5765680373e-01
    8.3882757463e-04   -1.5735335648e-01
    8.4977661027e-04   -1.5680812299e-01
    8.5950887296e-04   -1.5614160895e-01
    8.6924090283e-04   -1.5527237952e-01
    8.7897275807e-04   -1.5420861542e-01
    8.8992092060e-04   -1.5280041099e-01
    8.9965248480e-04   -1.5143291652e-01
    9.0938387439e-04   -1.5002796054e-01
    9.1911520576e-04   -1.4854876697e-01
    9.2884636251e-04   -1.4705817401e-01
    9.3979376834e-04   -1.4541842043e-01
    9.4952457584e-04   -1.4394333959e-01
    9.5925526693e-04   -1.4239339530e-01
    9.6898584161e-04   -1.4081491530e-01
    9.7993249074e-04   -1.3907475770e-01
    9.8966283258e-04   -1.3754920661e-01
    9.9939294159e-04   -1.3599133492e-01
    1.0091229342e-03   -1.3437157869e-01
    1.0188529268e-03   -1.3271836936e-01
    1.0297988774e-03   -1.3091211021e-01
    1.0395286372e-03   -1.2937738001e-01
    1.0492583970e-03   -1.2788221240e-01
    1.0589880403e-03   -1.2646581233e-01
    1.0699337581e-03   -1.2487319857e-01
    1.0796632851e-03   -1.2336414307e-01
    1.0893928120e-03   -1.2191649526e-01
    1.0991222225e-03   -1.2063036859e-01
    1.1088516330e-03   -1.1956272274e-01
    1.1197971180e-03   -1.1875581741e-01
    1.1295265285e-03   -1.1843281239e-01
    1.1392558226e-03   -1.1855005473e-01
    1.1489852332e-03   -1.1914022267e-01
    1.1599308345e-03   -1.2041429430e-01
    1.1696603615e-03   -1.2209998816e-01
    1.1793898884e-03   -1.2433364242e-01
    1.1891194154e-03   -1.2719382346e-01
    1.1988490587e-03   -1.3072566688e-01
    1.2097946601e-03   -1.3545247912e-01
    1.2195238378e-03   -1.4021904767e-01
    1.2292530155e-03   -1.4538513124e-01
    1.2389819603e-03   -1.5074561536e-01
    1.2499268632e-03   -1.5674214065e-01
    1.2596555753e-03   -1.6197350621e-01
    1.2693840545e-03   -1.6694582999e-01
    1.2791125337e-03   -1.7156264186e-01
    1.2888408964e-03   -1.7576591671e-01
    1.2997852173e-03   -1.7998827994e-01
    1.3095134636e-03   -1.8333935738e-01
    1.3192418264e-03   -1.8640618026e-01
    1.3289700728e-03   -1.8918648362e-01
    1.3399145100e-03   -1.9187510014e-01
    1.3496428728e-03   -1.9381514192e-01
    1.3593712356e-03   -1.9531953335e-01
    1.3690997148e-03   -1.9649155438e-01
    1.3788280776e-03   -1.9742012024e-01
    1.3897725148e-03   -1.9821608067e-01
    1.3995006448e-03   -1.9869923592e-01
    1.4092286583e-03   -1.9895640016e-01
    1.4189564390e-03   -1.9900101423e-01
    1.4299000613e-03   -1.9878061116e-01
    1.4396273764e-03   -1.9829912484e-01
    1.4493545750e-03   -1.9752131402e-01
    1.4590816572e-03   -1.9645798206e-01
    1.4688085066e-03   -1.9517081976e-01
    1.4797509648e-03   -1.9352120161e-01
    1.4894774649e-03   -1.9196678698e-01
    1.4992038487e-03   -1.9032052159e-01
    1.5095787821e-03   -1.8851253390e-01
    1.5199597692e-03   -1.8678013980e-01
    1.5296920901e-03   -1.8520520627e-01
    1.5394242946e-03   -1.8378701806e-01
    1.5498868888e-03   -1.8253546953e-01
    1.5591537813e-03   -1.8168504536e-01
    1.5696665505e-03   -1.8106776476e-01
    1.5798920067e-03   -1.8082788587e-01
    1.5898727579e-03   -1.8094988167e-01
    1.5992803965e-03   -1.8144956231e-01
    1.6096245963e-03   -1.8250180781e-01
    1.6198499361e-03   -1.8406552076e-01
    1.6296050744e-03   -1.8602682650e-01
    1.6399183078e-03   -1.8852828443e-01
    1.6494620359e-03   -1.9113452733e-01
    1.6596874921e-03   -1.9428223372e-01
    1.6694581136e-03   -1.9761545956e-01
    1.6795508564e-03   -2.0112207532e-01
    1.6893561697e-03   -2.0456406474e-01
    1.6995816259e-03   -2.0819203556e-01
    1.7098069657e-03   -2.1193873882e-01
    1.7193508102e-03   -2.1555417776e-01
    1.7295761500e-03   -2.1940082312e-01
    1.7398016062e-03   -2.2314566374e-01
    1.7493453342e-03   -2.2650653124e-01
    1.7598492559e-03   -2.3000754416e-01
    1.7696802970e-03   -2.3311854899e-01
    1.7799057532e-03   -2.3617897928e-01
    1.7894494813e-03   -2.3878227174e-01
    1.7996749375e-03   -2.4134492874e-01
    1.8099003937e-03   -2.4368582666e-01
    1.8199326005e-03   -2.4574710429e-01
    1.8291077577e-03   -2.4745482206e-01
    1.8392003840e-03   -2.4916833639e-01
    1.8497131532e-03   -2.5072544813e-01
    1.8599386094e-03   -2.5206306577e-01
    1.8694823375e-03   -2.5313544273e-01
    1.8797077937e-03   -2.5413906574e-01
    1.8899332499e-03   -2.5500339270e-01
    1.8994769780e-03   -2.5569030643e-01
    1.9097024342e-03   -2.5634592772e-01
    1.9199278904e-03   -2.5697126985e-01
    1.9294716185e-03   -2.5759664178e-01
    1.9396970747e-03   -2.5841251016e-01
    1.9499224145e-03   -2.5937637687e-01
    1.9594661426e-03   -2.6040944457e-01
    1.9693779759e-03   -2.6167690754e-01
    1.9799820147e-03   -2.6330694556e-01
    1.9896221347e-03   -2.6498588920e-01
    1.9992622547e-03   -2.6679405570e-01
    2.0098662935e-03   -2.6895347238e-01
    2.0195064135e-03   -2.7105054259e-01
    2.0291465335e-03   -2.7326163650e-01
    2.0399366040e-03   -2.7592393756e-01
    2.0494803321e-03   -2.7839332819e-01
    2.0597057883e-03   -2.8113934398e-01
    2.0699312445e-03   -2.8399685025e-01
    2.0792784635e-03   -2.8666806221e-01
    2.0898825023e-03   -2.8977546096e-01
    2.0995226223e-03   -2.9267841578e-01
    2.1093485411e-03   -2.9562678933e-01
    2.1195739973e-03   -2.9862758517e-01
    2.1297994535e-03   -3.0156952143e-01
    2.1393431816e-03   -3.0426543951e-01
    2.1495686378e-03   -3.0709147453e-01
    2.1599968895e-03   -3.0988138914e-01
    2.1696370095e-03   -3.1240788102e-01
    2.1792771295e-03   -3.1487411261e-01
    2.1898811683e-03   -3.1746834517e-01
    2.1995212883e-03   -3.1953802705e-01
    2.2091614082e-03   -3.2106694579e-01
    2.2197654471e-03   -3.2233861089e-01
    2.2294055670e-03   -3.2327887416e-01
    2.2390456870e-03   -3.2403415442e-01
    2.2496497259e-03   -3.2469210029e-01
    2.2592898458e-03   -3.2514324784e-01
    2.2698938847e-03   -3.2554283738e-01
    2.2795340046e-03   -3.2588008046e-01
    2.2891741246e-03   -3.2626733184e-01
    2.2997781634e-03   -3.2681360841e-01
    2.3094182834e-03   -3.2741880417e-01
    2.3196919356e-03   -3.2816594839e-01
    2.3299173918e-03   -3.2902169228e-01
    2.3394611198e-03   -3.2994598150e-01
    2.3496865761e-03   -3.3111277223e-01
    2.3599120323e-03   -3.3235839009e-01
    2.3694557603e-03   -3.3353701234e-01
    2.3796812166e-03   -3.3478876948e-01
    2.3899066728e-03   -3.3608055115e-01
    2.3994504008e-03   -3.3736076951e-01
    2.4096758571e-03   -3.3879190683e-01
    2.4199013133e-03   -3.4025391936e-01
    2.4295307230e-03   -3.4166121483e-01
    2.4391708430e-03   -3.4312209487e-01
    2.4498712737e-03   -3.4478515387e-01
    2.4595372379e-03   -3.4623906016e-01
    2.4699645583e-03   -3.4776118398e-01
    2.4796046782e-03   -3.4908905625e-01
    2.4897130206e-03   -3.5039582849e-01
    2.4999384768e-03   -3.5175877810e-01
    2.5094822049e-03   -3.5311844945e-01
    2.5197076611e-03   -3.5463434458e-01
    2.5299331173e-03   -3.5611915588e-01
    2.5394768454e-03   -3.5742440820e-01
    2.5497023016e-03   -3.5873398185e-01
    2.5599277578e-03   -3.5999011993e-01
    2.5694714859e-03   -3.6113050580e-01
    2.5796969421e-03   -3.6231982708e-01
    2.5899223983e-03   -3.6352035403e-01
    2.5994661264e-03   -3.6462098360e-01
    2.6096915826e-03   -3.6571317911e-01
    2.6199170388e-03   -3.6668017507e-01
    2.6294607669e-03   -3.6744031310e-01
    2.6396862231e-03   -3.6807262897e-01
    2.6499116793e-03   -3.6855775118e-01
    2.6593760122e-03   -3.6894991994e-01
    2.6699800510e-03   -3.6930656433e-01
    2.6796201710e-03   -3.6957448721e-01
    2.6892602909e-03   -3.6979350448e-01
    2.6998643298e-03   -3.7003263831e-01
    2.7095044497e-03   -3.7037071586e-01
    2.7191445697e-03   -3.7096539140e-01
    2.7297486085e-03   -3.7186914682e-01
    2.7393887285e-03   -3.7284162641e-01
    2.7499927673e-03   -3.7403696775e-01
    2.7596328873e-03   -3.7521579862e-01
    2.7692730073e-03   -3.7647709250e-01
    2.7798770461e-03   -3.7793487310e-01
    2.7895171661e-03   -3.7926331162e-01
    2.7991572861e-03   -3.8056930900e-01
    2.8097613249e-03   -3.8199517131e-01
    2.8194014449e-03   -3.8327422738e-01
    2.8290415648e-03   -3.8453564048e-01
    2.8396456037e-03   -3.8592448831e-01
    2.8492857236e-03   -3.8717770576e-01
    2.8593251482e-03   -3.8846376538e-01
    2.8695506044e-03   -3.8975024223e-01
    2.8797760606e-03   -3.9097708464e-01
    2.8893197887e-03   -3.9212492108e-01
    2.8995452449e-03   -3.9339435101e-01
    2.9097707011e-03   -3.9470651746e-01
    2.9199961573e-03   -3.9603579044e-01
    2.9295398854e-03   -3.9726969600e-01
    2.9391210992e-03   -3.9850795269e-01
    2.9497253709e-03   -3.9986240864e-01
    2.9593652580e-03   -4.0107923746e-01
    2.9699695297e-03   -4.0235900879e-01
    2.9796096496e-03   -4.0347406268e-01
    2.9892495368e-03   -4.0456798673e-01
    2.9998538084e-03   -4.0573814511e-01
    3.0094936956e-03   -4.0675124526e-01
    3.0191338155e-03   -4.0770885348e-01
    3.0297380872e-03   -4.0870064497e-01
    3.0393779743e-03   -4.0954884887e-01
    3.0499822460e-03   -4.1042989492e-01
    3.0596223660e-03   -4.1119739413e-01
    3.0693311710e-03   -4.1195607185e-01
    3.0795566272e-03   -4.1274839640e-01
    3.0897820834e-03   -4.1351518035e-01
    3.0993258115e-03   -4.1421106458e-01
    3.1095512677e-03   -4.1492655873e-01
    3.1197767239e-03   -4.1561603546e-01
    3.1290757470e-03   -4.1623014212e-01
    3.1396797858e-03   -4.1690546274e-01
    3.1493199058e-03   -4.1748785973e-01
    3.1599239446e-03   -4.1806787252e-01
    3.1695640646e-03   -4.1854259372e-01
    3.1792041846e-03   -4.1899418831e-01
    3.1898082234e-03   -4.1947776079e-01
    3.1994483434e-03   -4.1988617182e-01
    3.2090884633e-03   -4.2026445270e-01
    3.2196925022e-03   -4.2065808177e-01
    3.2293326221e-03   -4.2102837563e-01
    3.2399366610e-03   -4.2147570848e-01
    3.2495767809e-03   -4.2191794515e-01
    3.2592169009e-03   -4.2237654328e-01
    3.2698209397e-03   -4.2287561297e-01
    3.2794610597e-03   -4.2331781983e-01
    3.2891011797e-03   -4.2374810576e-01
    3.2997052185e-03   -4.2419889569e-01
    3.3093453385e-03   -4.2456609011e-01
    3.3199493773e-03   -4.2490383983e-01
    3.3295894973e-03   -4.2513725162e-01
    3.3392296173e-03   -4.2529660463e-01
    3.3498336561e-03   -4.2539820075e-01
    3.3594737761e-03   -4.2543563247e-01
    3.3691138960e-03   -4.2542338371e-01
    3.3797179349e-03   -4.2535012960e-01
    3.3893580548e-03   -4.2522796988e-01
    3.3999623265e-03   -4.2504042387e-01
    3.4096022137e-03   -4.2483898997e-01
    3.4192423336e-03   -4.2463451624e-01
    3.4298463725e-03   -4.2442047596e-01
    3.4394864924e-03   -4.2423224449e-01
    3.4491266124e-03   -4.2405548692e-01
    3.4597306512e-03   -4.2388132215e-01
    3.4693707712e-03   -4.2369547486e-01
    3.4799750429e-03   -4.2342504859e-01
    3.4896149300e-03   -4.2313611507e-01
    3.4993239678e-03   -4.2281791568e-01
    3.5095494241e-03   -4.2247322202e-01
    3.5197748803e-03   -4.2211952806e-01
    3.5293186083e-03   -4.2176735401e-01
    3.5395440646e-03   -4.2134150863e-01
    3.5497695208e-03   -4.2087313533e-01
    3.5597984679e-03   -4.2041113973e-01
    3.5694385879e-03   -4.1998377442e-01
    3.5790784750e-03   -4.1960200667e-01
    3.5896827467e-03   -4.1919386387e-01
    3.5993228666e-03   -4.1882142425e-01
    3.6099269055e-03   -4.1842761636e-01
    3.6198010202e-03   -4.1807562113e-01
    3.6293447483e-03   -4.1778418422e-01
    3.6392083857e-03   -4.1752648354e-01
    3.6498126574e-03   -4.1724792123e-01
    3.6594527774e-03   -4.1697144508e-01
    3.6690926645e-03   -4.1665583849e-01
    3.6796969362e-03   -4.1629359126e-01
    3.6893370561e-03   -4.1599783301e-01
    3.6999410950e-03   -4.1570511460e-01
    3.7099323235e-03   -4.1543987393e-01
    3.7194760516e-03   -4.1520920396e-01
    3.7297015078e-03   -4.1498798132e-01
    3.7399269640e-03   -4.1480892897e-01
    3.7494706921e-03   -4.1468095779e-01
    3.7596961483e-03   -4.1455677152e-01
    3.7699216045e-03   -4.1443258524e-01
    3.7794653326e-03   -4.1429707408e-01
    3.7896907888e-03   -4.1413080692e-01
    3.7991551217e-03   -4.1396698356e-01
    3.8097591605e-03   -4.1375872493e-01
    3.8193992805e-03   -4.1357377172e-01
    3.8290394004e-03   -4.1340655088e-01
    3.8396434393e-03   -4.1323864460e-01
    3.8492835592e-03   -4.1307592392e-01
    3.8598875981e-03   -4.1282150149e-01
    3.8695277181e-03   -4.1248327494e-01
    3.8791678380e-03   -4.1203150153e-01
    3.8897718769e-03   -4.1141191125e-01
    3.8997107185e-03   -4.1075471044e-01
    3.9093508385e-03   -4.1009533405e-01
    3.9199548773e-03   -4.0940836072e-01
    3.9295949973e-03   -4.0885272622e-01
    3.9392351173e-03   -4.0838557482e-01
    3.9498391561e-03   -4.0798833966e-01
    3.9594792761e-03   -4.0777647495e-01
    3.9691193961e-03   -4.0774184465e-01
    3.9797234349e-03   -4.0787974000e-01
    3.9893635549e-03   -4.0811797976e-01
    3.9999675937e-03   -4.0846702456e-01
    4.0096077137e-03   -4.0885248780e-01
    4.0192478336e-03   -4.0928646922e-01
    4.0298518725e-03   -4.0980273485e-01
    4.0394919924e-03   -4.1029188037e-01
    4.0491321124e-03   -4.1077938676e-01
    4.0597361512e-03   -4.1129630804e-01
    4.0693762712e-03   -4.1175663471e-01
    4.0799803101e-03   -4.1227769852e-01
    4.0896204300e-03   -4.1278320551e-01
    4.0992605500e-03   -4.1332396865e-01
    4.1098645888e-03   -4.1395324469e-01
    4.1195047088e-03   -4.1456085443e-01
    4.1291448288e-03   -4.1519990563e-01
    4.1397488676e-03   -4.1592448950e-01
    4.1493889876e-03   -4.1658094525e-01
    4.1599930264e-03   -4.1727775335e-01
    4.1696331464e-03   -4.1787606478e-01
    4.1792732663e-03   -4.1843244433e-01
    4.1898773052e-03   -4.1899758577e-01
    4.1995174251e-03   -4.1948205233e-01
    4.2099561542e-03   -4.1999372840e-01
    4.2194998823e-03   -4.2048433423e-01
    4.2297253385e-03   -4.2102119327e-01
    4.2399507947e-03   -4.2157286406e-01
    4.2494945228e-03   -4.2209553719e-01
    4.2599313892e-03   -4.2266410589e-01
    4.2698658071e-03   -4.2317807674e-01
    4.2794100009e-03   -4.2366674542e-01
    4.2891562916e-03   -4.2414385080e-01
    4.2994301766e-03   -4.2460554838e-01
    4.3096551672e-03   -4.2506822944e-01
    4.3199183419e-03   -4.2550015450e-01
    4.3295584619e-03   -4.2584663630e-01
    4.3391985819e-03   -4.2614656687e-01
    4.3499888852e-03   -4.2644420266e-01
    4.3595326133e-03   -4.2670398951e-01
    4.3697580695e-03   -4.2698013783e-01
    4.3799830601e-03   -4.2725306749e-01
    4.3895272538e-03   -4.2748862505e-01
    4.3997522444e-03   -4.2771315575e-01
    4.4093644246e-03   -4.2790648341e-01
    4.4195898809e-03   -4.2809683084e-01
    4.4298153371e-03   -4.2829653621e-01
    4.4394270517e-03   -4.2850434780e-01
    4.4498355128e-03   -4.2872914672e-01
    4.4594756328e-03   -4.2893439531e-01
    4.4691157527e-03   -4.2915797234e-01
    4.4797197916e-03   -4.2942240834e-01
    4.4899932109e-03   -4.2970854044e-01
    4.4995369390e-03   -4.3003624678e-01
    4.5097623952e-03   -4.3042436242e-01
    4.5197433792e-03   -4.3082621694e-01
    4.5293834992e-03   -4.3118521571e-01
    4.5399875380e-03   -4.3153992295e-01
    4.5496276580e-03   -4.3184408545e-01
    4.5597357675e-03   -4.3217515945e-01
    4.5699612238e-03   -4.3256190419e-01
    4.5795049518e-03   -4.3296015263e-01
    4.5896507800e-03   -4.3341076374e-01
    4.5997593552e-03   -4.3385657668e-01
    4.6099848114e-03   -4.3432652950e-01
    4.6195285395e-03   -4.3477168679e-01
    4.6297539957e-03   -4.3525919318e-01
    4.6399794519e-03   -4.3575736880e-01
    4.6495231800e-03   -4.3622395396e-01
    4.6597486362e-03   -4.3672013283e-01
    4.6699740924e-03   -4.3719598651e-01
    4.6795178205e-03   -4.3761134148e-01
    4.6897432767e-03   -4.3802964687e-01
    4.6993726864e-03   -4.3838939071e-01
    4.7095981427e-03   -4.3875443935e-01
    4.7198235989e-03   -4.3910625577e-01
    4.7293673269e-03   -4.3941947818e-01
    4.7395927832e-03   -4.3974217772e-01
    4.7498182394e-03   -4.4004440308e-01
    4.7593619674e-03   -4.4030094147e-01
    4.7695874237e-03   -4.4055730104e-01
    4.7798128799e-03   -4.4080719352e-01
    4.7893566079e-03   -4.4104817510e-01
    4.7995820642e-03   -4.4131767750e-01
    4.8098075204e-03   -4.4160366058e-01
    4.8193512484e-03   -4.4188925624e-01
    4.8295767047e-03   -4.4221302867e-01
    4.8398021609e-03   -4.4255715609e-01
    4.8493458889e-03   -4.4290199876e-01
    4.8595713452e-03   -4.4329258800e-01
    4.8697968014e-03   -4.4370082021e-01
    4.8793405294e-03   -4.4409352541e-01
    4.8895659856e-03   -4.4451826811e-01
    4.8997914419e-03   -4.4494354725e-01
    4.9093351699e-03   -4.4534090161e-01
    4.9195606261e-03   -4.4576612115e-01
    4.9297860824e-03   -4.4619047642e-01
    4.9393298104e-03   -4.4658839703e-01
    4.9495552666e-03   -4.4702130556e-01
    4.9597807229e-03   -4.4746297598e-01
    4.9693244509e-03   -4.4788432121e-01
    4.9795499071e-03   -4.4834589958e-01
    4.9897753634e-03   -4.4881650805e-01
    4.9993190914e-03   -4.4926348329e-01
    5.0095445476e-03   -4.4974726439e-01
    5.0197700039e-03   -4.5022773743e-01
    5.0299954601e-03   -4.5069694519e-01
    5.0395391881e-03   -4.5111820102e-01
    5.0497646444e-03   -4.5154762268e-01
    5.0599896349e-03   -4.5195356011e-01
    5.0695338286e-03   -4.5230928063e-01
    5.0797588192e-03   -4.5266473293e-01
    5.0899842754e-03   -4.5299538970e-01
    5.0995280035e-03   -4.5328214765e-01
    5.1097534597e-03   -4.5356807113e-01
    5.1199789159e-03   -4.5383626223e-01
    5.1295226440e-03   -4.5407500863e-01
    5.1397481002e-03   -4.5432370901e-01
    5.1499735564e-03   -4.5456632972e-01
    5.1595172845e-03   -4.5478776097e-01
    5.1697427407e-03   -4.5502105355e-01
    5.1799681969e-03   -4.5524811745e-01
    5.1895119250e-03   -4.5545187593e-01
    5.1997373812e-03   -4.5565915108e-01
    5.2099628374e-03   -4.5585334301e-01
    5.2195065655e-03   -4.5602077246e-01
    5.2297320217e-03   -4.5618110895e-01
    5.2399574779e-03   -4.5631563663e-01
    5.2497885190e-03   -4.5641767979e-01
    5.2595208399e-03   -4.5649287105e-01
    5.2699018270e-03   -4.5654767752e-01
    5.2796341479e-03   -4.5657640696e-01
    5.2893660031e-03   -4.5658516884e-01
    5.2997469902e-03   -4.5657852292e-01
    5.3094793111e-03   -4.5655870438e-01
    5.3198602982e-03   -4.5652592182e-01
    5.3295926191e-03   -4.5649099350e-01
    5.3393580019e-03   -4.5645639300e-01
    5.3495829925e-03   -4.5642310381e-01
    5.3598084487e-03   -4.5639330149e-01
    5.3693521768e-03   -4.5636880398e-01
    5.3795776330e-03   -4.5634949207e-01
    5.3898030892e-03   -4.5634016395e-01
    5.3993468173e-03   -4.5634043217e-01
    5.4095722735e-03   -4.5635038614e-01
    5.4197977297e-03   -4.5637091994e-01
    5.4293414578e-03   -4.5639955997e-01
    5.4395669140e-03   -4.5644077659e-01
    5.4497923702e-03   -4.5649170876e-01
    5.4593360983e-03   -4.5654848218e-01
    5.4695615545e-03   -4.5662176609e-01
    5.4797870107e-03   -4.5670688152e-01
    5.4893307388e-03   -4.5679461956e-01
    5.4995561950e-03   -4.5689314604e-01
    5.5097816512e-03   -4.5699191093e-01
    5.5193253793e-03   -4.5708206296e-01
    5.5295508355e-03   -4.5717218518e-01
    5.5397762917e-03   -4.5724996924e-01
    5.5493200198e-03   -4.5730683208e-01
    5.5595454760e-03   -4.5734596252e-01
    5.5697709322e-03   -4.5735895634e-01
    5.5799963884e-03   -4.5734322071e-01
    5.5895401165e-03   -4.5730027556e-01
    5.5997655727e-03   -4.5722419024e-01
    5.6099910289e-03   -4.5711985230e-01
    5.6195347570e-03   -4.5699977875e-01
    5.6297602132e-03   -4.5685023069e-01
    5.6399856694e-03   -4.5668187737e-01
    5.6495293975e-03   -4.5651224256e-01
    5.6597548537e-03   -4.5632377267e-01
    5.6699803099e-03   -4.5613458753e-01
    5.6795240380e-03   -4.5596450567e-01
    5.6897494942e-03   -4.5579749346e-01
    5.6999749504e-03   -4.5565250516e-01
    5.7095186785e-03   -4.5554032922e-01
    5.7197441347e-03   -4.5544552803e-01
    5.7299695909e-03   -4.5537599921e-01
    5.7395133190e-03   -4.5533120632e-01
    5.7497387752e-03   -4.5530039072e-01
    5.7599642314e-03   -4.5528310537e-01
    5.7695079595e-03   -4.5527699590e-01
    5.7797334157e-03   -4.5527845621e-01
    5.7894657366e-03   -4.5528423786e-01
    5.7998467237e-03   -4.5529481769e-01
    5.8095785789e-03   -4.5531275868e-01
    5.8199600317e-03   -4.5534449816e-01
    5.8296918869e-03   -4.5538860559e-01
    5.8394242078e-03   -4.5544946194e-01
    5.8498051949e-03   -4.5553502440e-01
    5.8597675525e-03   -4.5563662052e-01
    5.8699930087e-03   -4.5575767756e-01
    5.8795367368e-03   -4.5588243008e-01
    5.8897621930e-03   -4.5602631569e-01
    5.8999876492e-03   -4.5617991686e-01
    5.9095313773e-03   -4.5633009076e-01
    5.9197568335e-03   -4.5649540424e-01
    5.9299822897e-03   -4.5666426420e-01
    5.9395260178e-03   -4.5682284236e-01
    5.9497514740e-03   -4.5699247718e-01
    5.9599769302e-03   -4.5716065168e-01
    5.9695206583e-03   -4.5731517673e-01
    5.9797461145e-03   -4.5747900009e-01
    5.9899715707e-03   -4.5764330029e-01
    5.9995152988e-03   -4.5779985189e-01
    6.0097407550e-03   -4.5797428489e-01
    6.0199662112e-03   -4.5815828443e-01
    6.0295099393e-03   -4.5833972096e-01
    6.0397353955e-03   -4.5854619145e-01
    6.0499608517e-03   -4.5876356959e-01
    6.0595045798e-03   -4.5897212625e-01
    6.0697300360e-03   -4.5919957757e-01
    6.0799554922e-03   -4.5942747593e-01
    6.0894992203e-03   -4.5963749290e-01
    6.0997246765e-03   -4.5985740423e-01
    6.1099501327e-03   -4.6007022262e-01
    6.1194938608e-03   -4.6026104689e-01
    6.1297193170e-03   -4.6045696735e-01
    6.1399447732e-03   -4.6064493060e-01
    6.1494885013e-03   -4.6081358194e-01
    6.1597139575e-03   -4.6098712087e-01
    6.1699394137e-03   -4.6115437150e-01
    6.1794831418e-03   -4.6130600572e-01
    6.1897085980e-03   -4.6146515012e-01
    6.1999340542e-03   -4.6162199974e-01
    6.2094777822e-03   -4.6176627278e-01
    6.2197032385e-03   -4.6191814542e-01
    6.2299286947e-03   -4.6206688881e-01
    6.2394724227e-03   -4.6220186353e-01
    6.2496978790e-03   -4.6233969927e-01
    6.2599233352e-03   -4.6246650815e-01
    6.2694670632e-03   -4.6257117391e-01
    6.2796925195e-03   -4.6266511083e-01
    6.2899179757e-03   -4.6273702383e-01
    6.2994617037e-03   -4.6278199553e-01
    6.3096871600e-03   -4.6280586720e-01
    6.3199126162e-03   -4.6280676126e-01
    6.3294563442e-03   -4.6278983355e-01
    6.3396818005e-03   -4.6275630593e-01
    6.3499072567e-03   -4.6271076798e-01
    6.3594509847e-03   -4.6265891194e-01
    6.3696764410e-03   -4.6259447932e-01
    6.3799018972e-03   -4.6252360940e-01
    6.3894456252e-03   -4.6245390177e-01
    6.3996706158e-03   -4.6237596869e-01
    6.4098960720e-03   -4.6229419112e-01
    6.4194398001e-03   -4.6221360564e-01
    6.4296652563e-03   -4.6212038398e-01
    6.4398907125e-03   -4.6201640368e-01
    6.4494344406e-03   -4.6190676093e-01
    6.4596598968e-03   -4.6177598834e-01
    6.4698853530e-03   -4.6163448691e-01
    6.4794290811e-03   -4.6149528027e-01
    6.4896545373e-03   -4.6133956313e-01
    6.4998799935e-03   -4.6117711067e-01
    6.5094237216e-03   -4.6102058887e-01
    6.5196491778e-03   -4.6085309982e-01
    6.5298746340e-03   -4.6069446206e-01
    6.5394183621e-03   -4.6055892110e-01
    6.5496438183e-03   -4.6042841673e-01
    6.5598692745e-03   -4.6031486988e-01
    6.5694130026e-03   -4.6022498608e-01
    6.5796384588e-03   -4.6014353633e-01
    6.5898639150e-03   -4.6007481217e-01
    6.5994076431e-03   -4.6002003551e-01
    6.6096330993e-03   -4.5996990800e-01
    6.6198585555e-03   -4.5992597938e-01
    6.6294022836e-03   -4.5988601446e-01
    6.6396277398e-03   -4.5983716846e-01
    6.6498531960e-03   -4.5977452397e-01
    6.6593969241e-03   -4.5969891548e-01
    6.6696223803e-03   -4.5959851146e-01
    6.6798478365e-03   -4.5947921276e-01
    6.6893915646e-03   -4.5935422182e-01
    6.6996170208e-03   -4.5921111107e-01
    6.7098424770e-03   -4.5906341076e-01
    6.7193862051e-03   -4.5892381668e-01
    6.7296116613e-03   -4.5877116919e-01
    6.7398371175e-03   -4.5861196518e-01
    6.7493808456e-03   -4.5845317841e-01
    6.7596063018e-03   -4.5826724172e-01
    6.7698317580e-03   -4.5806106925e-01
    6.7793754861e-03   -4.5784667134e-01
    6.7896009423e-03   -4.5759019256e-01
    6.7998263985e-03   -4.5730620623e-01
    6.8093701266e-03   -4.5701947808e-01
    6.8195955828e-03   -4.5669421554e-01
    6.8298210390e-03   -4.5635616779e-01
    6.8393647671e-03   -4.5603510737e-01
    6.8495902233e-03   -4.5569190383e-01
    6.8598156795e-03   -4.5535552502e-01
    6.8693594076e-03   -4.5505118370e-01
    6.8795848638e-03   -4.5473679900e-01
    6.8898103200e-03   -4.5443364978e-01
    6.8993540481e-03   -4.5415824652e-01
    6.9095795043e-03   -4.5386773348e-01
    6.9198049605e-03   -4.5357745886e-01
    6.9293486886e-03   -4.5330438018e-01
    6.9395741448e-03   -4.5300716162e-01
    6.9497996010e-03   -4.5270398259e-01
    6.9593433291e-03   -4.5241844654e-01
    6.9695687853e-03   -4.5211303234e-01
    6.9797942415e-03   -4.5181110501e-01
    6.9893379696e-03   -4.5153528452e-01
    6.9995634258e-03   -4.5124885440e-01
    7.0097888820e-03   -4.5097348094e-01
    7.0193326101e-03   -4.5072782040e-01
    7.0295576006e-03   -4.5047762990e-01
    7.0397830568e-03   -4.5023989677e-01
    7.0493267849e-03   -4.5002728701e-01
    7.0595522411e-03   -4.4980701804e-01
    7.0697776973e-03   -4.4959202409e-01
    7.0793214254e-03   -4.4939458370e-01
    7.0895468816e-03   -4.4918572903e-01
    7.0997723378e-03   -4.4897922873e-01
    7.1099977940e-03   -4.4877511263e-01
    7.1195415221e-03   -4.4858741760e-01
    7.1297669783e-03   -4.4839140773e-01
    7.1399924345e-03   -4.4820326567e-01
    7.1495361626e-03   -4.4803699851e-01
    7.1597616188e-03   -4.4786956906e-01
    7.1699870750e-03   -4.4771188498e-01
    7.1795308031e-03   -4.4757238030e-01
    7.1897562593e-03   -4.4742867351e-01
    7.1999817155e-03   -4.4728654623e-01
    7.2095254436e-03   -4.4715145230e-01
    7.2197508998e-03   -4.4700324535e-01
    7.2299763560e-03   -4.4685170054e-01
    7.2395200841e-03   -4.4670638442e-01
    7.2497455403e-03   -4.4654485583e-01
    7.2599709965e-03   -4.4637593627e-01
    7.2695147246e-03   -4.4620245695e-01
    7.2797401808e-03   -4.4600322843e-01
    7.2899656370e-03   -4.4579020143e-01
    7.2995093651e-03   -4.4558250904e-01
    7.3097348213e-03   -4.4535490870e-01
    7.3199602775e-03   -4.4512417912e-01
    7.3295040056e-03   -4.4490650296e-01
    7.3397294618e-03   -4.4467163086e-01
    7.3499549180e-03   -4.4443544745e-01
    7.3594986461e-03   -4.4421303272e-01
    7.3697241023e-03   -4.4397193193e-01
    7.3799495585e-03   -4.4372689724e-01
    7.3894932866e-03   -4.4349461794e-01
    7.3997187428e-03   -4.4324243069e-01
    7.4099441990e-03   -4.4298866391e-01
    7.4194879271e-03   -4.4275331497e-01
    7.4297133833e-03   -4.4250515103e-01
    7.4399388395e-03   -4.4226294756e-01
    7.4494825676e-03   -4.4204363227e-01
    7.4597080238e-03   -4.4181710482e-01
    7.4699334800e-03   -4.4160071015e-01
    7.4794772081e-03   -4.4140836596e-01
    7.4897026643e-03   -4.4121173024e-01
    7.4999281205e-03   -4.4102272391e-01
    7.5094718486e-03   -4.4085067511e-01
    7.5196973048e-03   -4.4066795707e-01
    7.5299227610e-03   -4.4048434496e-01
    7.5394664891e-03   -4.4031015038e-01
    7.5496919453e-03   -4.4011870027e-01
    7.5599174015e-03   -4.3992140889e-01
    7.5694611296e-03   -4.3973189592e-01
    7.5796865858e-03   -4.3952551484e-01
    7.5899120420e-03   -4.3931898475e-01
    7.5994557701e-03   -4.3912789226e-01
    7.6096812263e-03   -4.3892773986e-01
    7.6199066825e-03   -4.3873289227e-01
    7.6294504106e-03   -4.3855571747e-01
    7.6396758668e-03   -4.3837395310e-01
    7.6499008574e-03   -4.3820026517e-01
    7.6594450511e-03   -4.3804267049e-01
    7.6696700417e-03   -4.3787735701e-01
    7.6798954979e-03   -4.3771526217e-01
    7.6894392259e-03   -4.3756911159e-01
    7.6996646821e-03   -4.3741667271e-01
    7.7098901384e-03   -4.3726640940e-01
    7.7194338664e-03   -4.3713137507e-01
    7.7296593226e-03   -4.3699342012e-01
    7.7398847789e-03   -4.3686032295e-01
    7.7494285069e-03   -4.3674170971e-01
    7.7596539631e-03   -4.3662217259e-01
    7.7698794194e-03   -4.3651059270e-01
    7.7794231474e-03   -4.3641355634e-01
    7.7896486036e-03   -4.3631577492e-01
    7.7998740599e-03   -4.3622362614e-01
    7.8094177879e-03   -4.3614080548e-01
    7.8196432441e-03   -4.3605148792e-01
    7.8298682347e-03   -4.3596008420e-01
    7.8394124284e-03   -4.3587201834e-01
    7.8496374190e-03   -4.3577238917e-01
    7.8598633409e-03   -4.3566599488e-01
    7.8694066033e-03   -4.3556019664e-01
    7.8796325251e-03   -4.3543854356e-01
    7.8898575157e-03   -4.3530708551e-01
    7.8994017094e-03   -4.3517515063e-01
    7.9096267000e-03   -4.3502512574e-01
    7.9198526219e-03   -4.3486741185e-01
    7.9293958843e-03   -4.3471413851e-01
    7.9396218061e-03   -4.3454521894e-01
    7.9498467967e-03   -4.3437314034e-01
    7.9593909904e-03   -4.3421065807e-01
    7.9696159810e-03   -4.3403512239e-01
    7.9798419029e-03   -4.3385782838e-01
    7.9893851653e-03   -4.3368968368e-01
    7.9996110871e-03   -4.3350526690e-01
    8.0098360777e-03   -4.3331503868e-01
    8.0193802714e-03   -4.3314173818e-01
    8.0296052620e-03   -4.3302223086e-01
    8.0398311839e-03   -4.3296426535e-01
    8.0493744463e-03   -4.3282631040e-01
    8.0596003681e-03   -4.3254384398e-01
    8.0698253587e-03   -4.3208989501e-01
    8.0793695524e-03   -4.3152642250e-01
    8.0895945430e-03   -4.3087062240e-01
    8.0998204648e-03   -4.3026024103e-01
    8.1093637273e-03   -4.2976865172e-01
    8.1195896491e-03   -4.2934396863e-01
    8.1298146397e-03   -4.2901158333e-01
    8.1393588334e-03   -4.2872393131e-01
    8.1495838240e-03   -4.2841389775e-01
    8.1598097458e-03   -4.2808717489e-01
    8.1693530083e-03   -4.2775243521e-01
    8.1795789301e-03   -4.2739820480e-01
    8.1898039207e-03   -4.2704549432e-01
    8.1993481144e-03   -4.2670631409e-01
    8.2095731050e-03   -4.2634603381e-01
    8.2197990268e-03   -4.2597985268e-01
    8.2293422893e-03   -4.2563924193e-01
    8.2395682111e-03   -4.2528542876e-01
    8.2497932017e-03   -4.2493963242e-01
    8.2593373954e-03   -4.2464420199e-01
    8.2695623860e-03   -4.2435675859e-01
    8.2797883078e-03   -4.2408666015e-01
    8.2893315703e-03   -4.2385134101e-01
    8.2995574921e-03   -4.2361000180e-01
    8.3097824827e-03   -4.2336249352e-01
    8.3193266764e-03   -4.2311471701e-01
    8.3295516670e-03   -4.2284455895e-01
    8.3397766575e-03   -4.2257884145e-01
    8.3493208513e-03   -4.2226669192e-01
    8.3595458418e-03   -4.2183250189e-01
    8.3697717637e-03   -4.2135643959e-01
    8.3799967542e-03   -4.2087972164e-01
    8.3895409480e-03   -4.2040345073e-01
    8.3997659385e-03   -4.1985574365e-01
    8.4099918604e-03   -4.1929170489e-01
    8.4195351228e-03   -4.1876214743e-01
    8.4297610447e-03   -4.1818451881e-01
    8.4399860352e-03   -4.1762781143e-01
    8.4495302290e-03   -4.1716071963e-01
    8.4597552195e-03   -4.1673368216e-01
    8.4699811414e-03   -4.1635555029e-01
    8.4795244038e-03   -4.1602680087e-01
    8.4897503257e-03   -4.1568478942e-01
    8.4999753162e-03   -4.1533201933e-01
    8.5095195100e-03   -4.1496375203e-01
    8.5197445005e-03   -4.1454428434e-01
    8.5299704224e-03   -4.1412946582e-01
    8.5395136848e-03   -4.1375288367e-01
    8.5497396067e-03   -4.1336530447e-01
    8.5599645972e-03   -4.1299498081e-01
    8.5695087910e-03   -4.1266366839e-01
    8.5797337815e-03   -4.1231703758e-01
    8.5899597034e-03   -4.1196852922e-01
    8.5995029658e-03   -4.1164499521e-01
    8.6097288877e-03   -4.1132092476e-01
    8.6199538782e-03   -4.1102424264e-01
    8.6294980720e-03   -4.1076838970e-01
    8.6397230625e-03   -4.1051840782e-01
    8.6499489844e-03   -4.1027119756e-01
    8.6594922468e-03   -4.0995284915e-01
    8.6697181687e-03   -4.0956571698e-01
    8.6799431592e-03   -4.0922561288e-01
    8.6894873530e-03   -4.0892684460e-01
    8.6997123435e-03   -4.0855392814e-01
    8.7099382654e-03   -4.0809303522e-01
    8.7194815278e-03   -4.0753778815e-01
    8.7297074497e-03   -4.0676710010e-01
    8.7399324402e-03   -4.0596264601e-01
    8.7494766340e-03   -4.0535822511e-01
    8.7597016245e-03   -4.0484550595e-01
    8.7699275464e-03   -4.0427321196e-01
    8.7794708088e-03   -4.0365204215e-01
    8.7896967307e-03   -4.0294620395e-01
    8.7999217212e-03   -4.0220847726e-01
    8.8094659150e-03   -4.0145394206e-01
    8.8196909055e-03   -4.0060409904e-01
    8.8299168274e-03   -3.9982792735e-01
    8.8394600898e-03   -3.9919656515e-01
    8.8496860117e-03   -3.9849495888e-01
    8.8599110022e-03   -3.9775937796e-01
    8.8694551960e-03   -3.9714956284e-01
    8.8796801865e-03   -3.9654400945e-01
    8.8899061084e-03   -3.9591082931e-01
    8.8994493708e-03   -3.9528596401e-01
    8.9096752927e-03   -3.9460536838e-01
    8.9199002832e-03   -3.9393302798e-01
    8.9294444770e-03   -3.9332675934e-01
    8.9396694675e-03   -3.9269056916e-01
    8.9498953894e-03   -3.9210328460e-01
    8.9594386518e-03   -3.9163544774e-01
    8.9696645737e-03   -3.9116859436e-01
    8.9798895642e-03   -3.9066484571e-01
    8.9894337580e-03   -3.9016935229e-01
    8.9996587485e-03   -3.8962659240e-01
    9.0098846704e-03   -3.8905888796e-01
    9.0194279328e-03   -3.8852888346e-01
    9.0296538547e-03   -3.8798964024e-01
    9.0398788452e-03   -3.8740167022e-01
    9.0494230390e-03   -3.8684251904e-01
    9.0596480295e-03   -3.8626778126e-01
    9.0698739514e-03   -3.8564655185e-01
    9.0794172138e-03   -3.8498479128e-01
    9.0896431357e-03   -3.8419419527e-01
    9.0998681262e-03   -3.8335931301e-01
    9.1094123200e-03   -3.8257244229e-01
    9.1196373105e-03   -3.8167977333e-01
    9.1298632324e-03   -3.8077130914e-01
    9.1394064948e-03   -3.7995949388e-01
    9.1496324167e-03   -3.7919256091e-01
    9.1598574072e-03   -3.7851849198e-01
    9.1694016010e-03   -3.7792879343e-01
    9.1796265915e-03   -3.7732821703e-01
    9.1898515821e-03   -3.7670126557e-01
    9.1993957758e-03   -3.7607708573e-01
    9.2096207663e-03   -3.7539631128e-01
    9.2198466882e-03   -3.7475812435e-01
    9.2293899506e-03   -3.7420991063e-01
    9.2396158725e-03   -3.7364986539e-01
    9.2498408630e-03   -3.7308979034e-01
    9.2593850568e-03   -3.7256002426e-01
    9.2696100473e-03   -3.7200659513e-01
    9.2798359692e-03   -3.7147578597e-01
    9.2893792316e-03   -3.7098637223e-01
    9.2996051535e-03   -3.7046939135e-01
    9.3098301440e-03   -3.6997961998e-01
    9.3193743378e-03   -3.6954298615e-01
    9.3295993283e-03   -3.6906278133e-01
    9.3398252502e-03   -3.6857083440e-01
    9.3493685126e-03   -3.6810609698e-01
    9.3595944345e-03   -3.6758756638e-01
    9.3698194250e-03   -3.6706161499e-01
    9.3793636188e-03   -3.6657038331e-01
    9.3895886093e-03   -3.6603134871e-01
    9.3998145312e-03   -3.6548471451e-01
    9.4093577936e-03   -3.6497581005e-01
    9.4195837155e-03   -3.6442637444e-01
    9.4298087060e-03   -3.6385488510e-01
    9.4393528998e-03   -3.6330127716e-01
    9.4495778903e-03   -3.6269748211e-01
    9.4598038122e-03   -3.6205929518e-01
    9.4693470746e-03   -3.6145535111e-01
    9.4795729965e-03   -3.6084583402e-01
    9.4897979870e-03   -3.6025851965e-01
    9.4993421808e-03   -3.5968509316e-01
    9.5095671713e-03   -3.5904201865e-01
    9.5197930932e-03   -3.5839956999e-01
    9.5293363556e-03   -3.5781532526e-01
    9.5395622775e-03   -3.5719317198e-01
    9.5497872680e-03   -3.5656455159e-01
    9.5593314618e-03   -3.5598295927e-01
    9.5695564523e-03   -3.5536468029e-01
    9.5797823742e-03   -3.5472947359e-01
    9.5893256366e-03   -3.5411325097e-01
    9.5995515585e-03   -3.5343855619e-01
    9.6097765490e-03   -3.5274454951e-01
    9.6193207428e-03   -3.5207751393e-01
    9.6295457333e-03   -3.5135543346e-01
    9.6397716552e-03   -3.5063973069e-01
    9.6499966457e-03   -3.4994807839e-01
    9.6595408395e-03   -3.4931302071e-01
    9.6697658300e-03   -3.4862160683e-01
    9.6799917519e-03   -3.4791010618e-01
    9.6895350143e-03   -3.4722703695e-01
    9.6997609362e-03   -3.4646973014e-01
    9.7099859267e-03   -3.4568494558e-01
    9.7194500268e-03   -3.4494817257e-01
    9.7290901467e-03   -3.4423148632e-01
    9.7396941856e-03   -3.4342673421e-01
    9.7493343055e-03   -3.4267002344e-01
    9.7599383444e-03   -3.4181061387e-01
    9.7695784643e-03   -3.4099748731e-01
    9.7795696929e-03   -3.4011548758e-01
    9.7897956148e-03   -3.3915185928e-01
    9.7993388772e-03   -3.3823442459e-01
    9.8095647991e-03   -3.3722814918e-01
    9.8197897896e-03   -3.3619928360e-01
    9.8293339834e-03   -3.3522459865e-01
    9.8395589739e-03   -3.3416035771e-01
    9.8497848958e-03   -3.3306780457e-01
    9.8593281582e-03   -3.3202311397e-01
    9.8695540801e-03   -3.3088549972e-01
    9.8797790706e-03   -3.2973298430e-01
    9.8893232644e-03   -3.2863998413e-01
    9.8995482549e-03   -3.2744947076e-01
    9.9097741768e-03   -3.2624319196e-01
    9.9199991673e-03   -3.2501712441e-01
    9.9295433611e-03   -3.2384878397e-01
    9.9397683516e-03   -3.2257103920e-01
    9.9499942735e-03   -3.2127335668e-01
    9.9595375359e-03   -3.2004895806e-01
    9.9697634578e-03   -3.1872400641e-01
    9.9799884483e-03   -3.1738701463e-01
    9.9895326421e-03   -3.1612879038e-01
    9.9997576326e-03   -3.1476733088e-01
    1.0009983554e-02   -3.1338703632e-01
    1.0019526817e-02   -3.1208127737e-01
    1.0029752739e-02   -3.1066417694e-01
    1.0039977729e-02   -3.0922448635e-01
    1.0049521923e-02   -3.0786141753e-01
    1.0059746914e-02   -3.0638176203e-01
    1.0069094598e-02   -3.0502551794e-01
    1.0079698637e-02   -3.0351763964e-01
    1.0089338757e-02   -3.0212298036e-01
    1.0099845938e-02   -3.0054903030e-01
    1.0109390132e-02   -2.9907563329e-01
    1.0119615123e-02   -2.9748475552e-01
    1.0129841045e-02   -2.9588580132e-01
    1.0139384307e-02   -2.9438605905e-01
    1.0149610229e-02   -2.9276695848e-01
    1.0159835219e-02   -2.9112488031e-01
    1.0169379413e-02   -2.8957012296e-01
    1.0179604404e-02   -2.8788155317e-01
    1.0189830326e-02   -2.8617092967e-01
    1.0199373588e-02   -2.8455579281e-01
    1.0209599510e-02   -2.8281289339e-01
    1.0219824500e-02   -2.8106275201e-01
    1.0229368694e-02   -2.7942097187e-01
    1.0239593685e-02   -2.7764850855e-01
    1.0249819607e-02   -2.7585923672e-01
    1.0259362869e-02   -2.7417629957e-01
    1.0269588791e-02   -2.7236148715e-01
    1.0279813781e-02   -2.7053490281e-01
    1.0289357975e-02   -2.6882386208e-01
    1.0299582966e-02   -2.6698055863e-01
    1.0309808888e-02   -2.6512128115e-01
    1.0319352150e-02   -2.6338016987e-01
    1.0329578072e-02   -2.6149952412e-01
    1.0339803062e-02   -2.5960332155e-01
    1.0349347256e-02   -2.5781935453e-01
    1.0359572247e-02   -2.5589343905e-01
    1.0369798169e-02   -2.5395712256e-01
    1.0379341431e-02   -2.5214210153e-01
    1.0389567353e-02   -2.5018984079e-01
    1.0399792343e-02   -2.4823682010e-01
    1.0409336537e-02   -2.4641777575e-01
    1.0419561528e-02   -2.4446956813e-01
    1.0429787450e-02   -2.4251927435e-01
    1.0439330712e-02   -2.4069495499e-01
    1.0449556634e-02   -2.3873689771e-01
    1.0459781624e-02   -2.3677524924e-01
    1.0469325818e-02   -2.3493851721e-01
    1.0479550809e-02   -2.3296456039e-01
    1.0489776731e-02   -2.3098793626e-01
    1.0499319993e-02   -2.2914074361e-01
    1.0509545915e-02   -2.2715501487e-01
    1.0519770905e-02   -2.2516332567e-01
    1.0529996827e-02   -2.2317463160e-01
    1.0539540090e-02   -2.2132721543e-01
    1.0549766012e-02   -2.1935829520e-01
    1.0559991002e-02   -2.1740116179e-01
    1.0569534265e-02   -2.1558590233e-01
    1.0579760186e-02   -2.1366061270e-01
    1.0589985177e-02   -2.1175383031e-01
    1.0599529371e-02   -2.0998080075e-01
    1.0609754361e-02   -2.0808747411e-01
    1.0619980283e-02   -2.0620366931e-01
    1.0629523546e-02   -2.0445467532e-01
    1.0639749467e-02   -2.0259255171e-01
    1.0649974458e-02   -2.0074933767e-01
    1.0659518652e-02   -1.9904984534e-01
    1.0669743642e-02   -1.9721281528e-01
    1.0679969564e-02   -1.9538582861e-01
    1.0689512827e-02   -1.9373531640e-01
    1.0699738748e-02   -1.9197012484e-01
    1.0709963739e-02   -1.9020862877e-01
    1.0719507933e-02   -1.8860070407e-01
    1.0729732923e-02   -1.8685862422e-01
    1.0739083402e-02   -1.8525864184e-01
    1.0748805478e-02   -1.8370859325e-01
    1.0759752244e-02   -1.8203894794e-01
    1.0769483633e-02   -1.8052056432e-01
    1.0779214092e-02   -1.7903502285e-01
    1.0788944550e-02   -1.7752672732e-01
    1.0799891315e-02   -1.7586182058e-01
    1.0809621774e-02   -1.7447316647e-01
    1.0819352232e-02   -1.7313103378e-01
    1.0829082690e-02   -1.7181970179e-01
    1.0838812217e-02   -1.7053270340e-01
    1.0849758983e-02   -1.6909819841e-01
    1.0859488510e-02   -1.6784505546e-01
    1.0869218968e-02   -1.6661040485e-01
    1.0878948495e-02   -1.6538465023e-01
    1.0889894329e-02   -1.6402105987e-01
    1.0899624787e-02   -1.6283649206e-01
    1.0909354314e-02   -1.6167831421e-01
    1.0919083841e-02   -1.6053517163e-01
    1.0928813368e-02   -1.5940448642e-01
    1.0939759202e-02   -1.5814314783e-01
    1.0949488729e-02   -1.5702186525e-01
    1.0959218256e-02   -1.5591186285e-01
    1.0968947783e-02   -1.5482430160e-01
    1.0979892686e-02   -1.5361459553e-01
    1.0989622213e-02   -1.5254589915e-01
    1.0999350809e-02   -1.5150551498e-01
    1.1009080335e-02   -1.5040835738e-01
    1.1018808931e-02   -1.4922428131e-01
    1.1029754765e-02   -1.4795026183e-01
    1.1039483361e-02   -1.4691272378e-01
    1.1049211957e-02   -1.4577800035e-01
    1.1058941483e-02   -1.4465741813e-01
    1.1069886386e-02   -1.4329780638e-01
    1.1079614982e-02   -1.4211975038e-01
    1.1089343578e-02   -1.4095067978e-01
    1.1099072173e-02   -1.3980691135e-01
    1.1108800769e-02   -1.3874506950e-01
    1.1119744740e-02   -1.3759545982e-01
    1.1129473336e-02   -1.3660216331e-01
    1.1139201932e-02   -1.3565261662e-01
    1.1148930527e-02   -1.3472786546e-01
    1.1159874499e-02   -1.3371707499e-01
    1.1169603094e-02   -1.3285107911e-01
    1.1179331690e-02   -1.3202813268e-01
    1.1189059354e-02   -1.3109369576e-01
    1.1198787950e-02   -1.3017572463e-01
    1.1209731922e-02   -1.2915681303e-01
    1.1219460517e-02   -1.2812750041e-01
    1.1229188181e-02   -1.2710028887e-01
    1.1238916777e-02   -1.2617525458e-01
    1.1249860749e-02   -1.2515830994e-01
    1.1259588413e-02   -1.2429067492e-01
    1.1269317009e-02   -1.2347165495e-01
    1.1279044673e-02   -1.2265861779e-01
    1.1289988644e-02   -1.2174721062e-01
    1.1299717240e-02   -1.2095181644e-01
    1.1309444904e-02   -1.2019217759e-01
    1.1319172569e-02   -1.1946374923e-01
    1.1328901164e-02   -1.1874062568e-01
    1.1339845136e-02   -1.1792176217e-01
    1.1349572800e-02   -1.1720661074e-01
    1.1359300464e-02   -1.1651425064e-01
    1.1369029060e-02   -1.1584974825e-01
    1.1379973032e-02   -1.1509817094e-01
    1.1389700696e-02   -1.1427278817e-01
    1.1399428360e-02   -1.1344036460e-01
    1.1409156956e-02   -1.1268338561e-01
    1.1418884620e-02   -1.1195077747e-01
    1.1429828592e-02   -1.1118917167e-01
    1.1439556256e-02   -1.1056204885e-01
    1.1449283920e-02   -1.0990752280e-01
    1.1459011585e-02   -1.0921927541e-01
    1.1469955556e-02   -1.0844792426e-01
    1.1479684152e-02   -1.0777776688e-01
    1.1489411816e-02   -1.0711226612e-01
    1.1499139480e-02   -1.0643921793e-01
    1.1508867145e-02   -1.0569094867e-01
    1.1519811116e-02   -1.0489742458e-01
    1.1529538780e-02   -1.0417237133e-01
    1.1539267376e-02   -1.0338833928e-01
    1.1548995040e-02   -1.0268890113e-01
    1.1559939012e-02   -1.0194814950e-01
    1.1569666676e-02   -1.0130574554e-01
    1.1579394341e-02   -1.0069252551e-01
    1.1589122936e-02   -9.9985890090e-02
    1.1598850600e-02   -9.9277421832e-02
    1.1609794572e-02   -9.8502792418e-02
    1.1619522236e-02   -9.7828224301e-02
    1.1629249901e-02   -9.7205646336e-02
    1.1638978496e-02   -9.6560351551e-02
    1.1649921536e-02   -9.5820665359e-02
    1.1659650132e-02   -9.5136165619e-02
    1.1669377796e-02   -9.4488471746e-02
    1.1679105461e-02   -9.3853607774e-02
    1.1688834056e-02   -9.3217924237e-02
    1.1699778028e-02   -9.2523217201e-02
    1.1709505692e-02   -9.1915048659e-02
    1.1719233356e-02   -9.1323271394e-02
    1.1728961021e-02   -9.0746797621e-02
    1.1739904992e-02   -9.0122193098e-02
    1.1749633588e-02   -8.9597120881e-02
    1.1759361252e-02   -8.9062012732e-02
    1.1769088916e-02   -8.8524095714e-02
    1.1778816581e-02   -8.8007003069e-02
    1.1789760552e-02   -8.7414994836e-02
    1.1799488217e-02   -8.6870931089e-02
    1.1809216812e-02   -8.6325660348e-02
    1.1818944477e-02   -8.5783071816e-02
    1.1829887517e-02   -8.5178188980e-02
    1.1839615181e-02   -8.4648579359e-02
    1.1849342845e-02   -8.4130823612e-02
    1.1859070510e-02   -8.3604611456e-02
    1.1868798174e-02   -8.3097718656e-02
    1.1879742146e-02   -8.2522585988e-02
    1.1889469810e-02   -8.2009918988e-02
    1.1899197474e-02   -8.1519097090e-02
    1.1908924207e-02   -8.1048622727e-02
    1.1919868179e-02   -8.0522589386e-02
    1.1929595843e-02   -8.0013208091e-02
    1.1939322576e-02   -7.9507917166e-02
    1.1949050240e-02   -7.8989274800e-02
    1.1959993280e-02   -7.8374952078e-02
    1.1969720945e-02   -7.7842593193e-02
    1.1979448609e-02   -7.7340066433e-02
    1.1989175342e-02   -7.6861515641e-02
    1.1998903006e-02   -7.6408952475e-02
    1.2009846047e-02   -7.5938671827e-02
    1.2019573711e-02   -7.5549677014e-02
    1.2029300444e-02   -7.5171992183e-02
    1.2039028108e-02   -7.4793018401e-02
    1.2049971148e-02   -7.4358150363e-02
    1.2059697881e-02   -7.3968410492e-02
    1.2069425546e-02   -7.3587268591e-02
    1.2079152279e-02   -7.3216162622e-02
    1.2088879943e-02   -7.2843544185e-02
    1.2099822052e-02   -7.2413280606e-02
    1.2109549716e-02   -7.2025418282e-02
    1.2119276449e-02   -7.1638315916e-02
    1.2129003182e-02   -7.1257643402e-02
    1.2139946222e-02   -7.0844881237e-02
    1.2149673887e-02   -7.0495374501e-02
    1.2159400620e-02   -7.0162490010e-02
    1.2169127353e-02   -6.9843560457e-02
    1.2178854086e-02   -6.9537416101e-02
    1.2189797126e-02   -6.9222144783e-02
    1.2199523859e-02   -6.8905547261e-02
    1.2209250592e-02   -6.8564251065e-02
    1.2218977325e-02   -6.8250089884e-02
    1.2229920365e-02   -6.7895628512e-02
    1.2239647098e-02   -6.7587345839e-02
    1.2249373831e-02   -6.7299254239e-02
    1.2259100564e-02   -6.7008912563e-02
    1.2268827297e-02   -6.6706299782e-02
    1.2279770337e-02   -6.6374137998e-02
    1.2289497070e-02   -6.6099636257e-02
    1.2299223803e-02   -6.5837487578e-02
    1.2308949605e-02   -6.5580204129e-02
    1.2319892645e-02   -6.5295368433e-02
    1.2329619378e-02   -6.5043389797e-02
    1.2339346111e-02   -6.4799092710e-02
    1.2349072844e-02   -6.4568594098e-02
    1.2358798645e-02   -6.4345359802e-02
    1.2369741686e-02   -6.4094834030e-02
    1.2379468419e-02   -6.3869714737e-02
    1.2389194220e-02   -6.3638433814e-02
    1.2398920953e-02   -6.3398696482e-02
    1.2409863994e-02   -6.3121736050e-02
    1.2419589795e-02   -6.2877871096e-02
    1.2429316528e-02   -6.2640167773e-02
    1.2439043261e-02   -6.2401637435e-02
    1.2449985370e-02   -6.2128093094e-02
    1.2459712103e-02   -6.1890926212e-02
    1.2469437905e-02   -6.1666995287e-02
    1.2479164638e-02   -6.1451386660e-02
    1.2488891371e-02   -6.1237517744e-02
    1.2499833480e-02   -6.1001241207e-02
    1.2509559281e-02   -6.0798477381e-02
    1.2519286014e-02   -6.0599174351e-02
    1.2529012747e-02   -6.0401830822e-02
    1.2539954856e-02   -6.0183212161e-02
    1.2549680658e-02   -5.9989031404e-02
    1.2559407391e-02   -5.9787537903e-02
    1.2569134124e-02   -5.9577576816e-02
    1.2578859925e-02   -5.9364151210e-02
    1.2589802034e-02   -5.9130899608e-02
    1.2599528767e-02   -5.8890804648e-02
    1.2609254569e-02   -5.8580048382e-02
    1.2618981302e-02   -5.8299411088e-02
    1.2629923411e-02   -5.7919092476e-02
    1.2639649212e-02   -5.7607952505e-02
    1.2649375014e-02   -5.7348489761e-02
    1.2659101747e-02   -5.7044602931e-02
    1.2668827549e-02   -5.6725673378e-02
    1.2679769658e-02   -5.6399744004e-02
    1.2689496391e-02   -5.6057516485e-02
    1.2699222192e-02   -5.5745076388e-02
    1.2708948925e-02   -5.5467050523e-02
    1.2719890103e-02   -5.5191736668e-02
    1.2729616836e-02   -5.4961401969e-02
    1.2739342637e-02   -5.4732382298e-02
    1.2749069370e-02   -5.4514337331e-02
    1.2758795172e-02   -5.4280322045e-02
    1.2769737281e-02   -5.4034158587e-02
    1.2779463083e-02   -5.3836513311e-02
    1.2789188884e-02   -5.3623732179e-02
    1.2798915617e-02   -5.3413152695e-02
    1.2809856795e-02   -5.3178161383e-02
    1.2819583528e-02   -5.2958056331e-02
    1.2829309329e-02   -5.2753809839e-02
    1.2839035131e-02   -5.2557859570e-02
    1.2849977240e-02   -5.2339799702e-02
    1.2859703042e-02   -5.2154339850e-02
    1.2869428843e-02   -5.1963221282e-02
    1.2879155576e-02   -5.1783241332e-02
    1.2888881378e-02   -5.1619954407e-02
    1.2899823487e-02   -5.1447100937e-02
    1.2909549288e-02   -5.1314938813e-02
    1.2919275090e-02   -5.1194019616e-02
    1.2929000892e-02   -5.1080606878e-02
    1.2939943001e-02   -5.0962369889e-02
    1.2949668802e-02   -5.0856597722e-02
    1.2959395535e-02   -5.0760027021e-02
    1.2969121337e-02   -5.0673186779e-02
    1.2978847139e-02   -5.0589744002e-02
    1.2989789248e-02   -5.0506267697e-02
    1.2999515049e-02   -5.0440765917e-02
    1.3009240851e-02   -5.0382021815e-02
    1.3018966652e-02   -5.0329409540e-02
    1.3029908761e-02   -5.0281073898e-02
    1.3039634563e-02   -5.0247583538e-02
    1.3049360365e-02   -5.0216469914e-02
    1.3059086166e-02   -5.0189819187e-02
    1.3068811968e-02   -5.0167430192e-02
    1.3079424389e-02   -5.0143141299e-02
    1.3089649379e-02   -5.0119493157e-02
    1.3099874370e-02   -5.0097875297e-02
    1.3109418564e-02   -5.0084117800e-02
    1.3119644485e-02   -5.0077315420e-02
    1.3129869476e-02   -5.0070811063e-02
    1.3139413670e-02   -5.0067540258e-02
    1.3149638660e-02   -5.0074715167e-02
    1.3159863651e-02   -5.0092704594e-02
    1.3169407845e-02   -5.0117198378e-02
    1.3179632835e-02   -5.0153605640e-02
    1.3189858757e-02   -5.0201240927e-02
    1.3199402019e-02   -5.0253223628e-02
    1.3209627941e-02   -5.0315126777e-02
    1.3219852932e-02   -5.0381183624e-02
    1.3229397126e-02   -5.0446867943e-02
    1.3239622116e-02   -5.0523500890e-02
    1.3249848038e-02   -5.0603669137e-02
    1.3259391300e-02   -5.0681803375e-02
    1.3269617222e-02   -5.0766155124e-02
    1.3279842213e-02   -5.0848182291e-02
    1.3289386407e-02   -5.0927128643e-02
    1.3299611397e-02   -5.1016490906e-02
    1.3309837319e-02   -5.1112748682e-02
    1.3319380581e-02   -5.1207687706e-02
    1.3329606503e-02   -5.1310077310e-02
    1.3339831494e-02   -5.1414132118e-02
    1.3349375688e-02   -5.1512446254e-02
    1.3359600678e-02   -5.1616683602e-02
    1.3369826600e-02   -5.1722131670e-02
    1.3379369862e-02   -5.1821455359e-02
    1.3389595784e-02   -5.1927570254e-02
    1.3399820775e-02   -5.2035503089e-02
    1.3409364969e-02   -5.2137434483e-02
    1.3419589959e-02   -5.2247874439e-02
    1.3429815881e-02   -5.2360784262e-02
    1.3439359143e-02   -5.2466627210e-02
    1.3449585065e-02   -5.2580904216e-02
    1.3459810056e-02   -5.2696585655e-02
    1.3469354250e-02   -5.2804313600e-02
    1.3479579240e-02   -5.2921008319e-02
    1.3489805162e-02   -5.3039442748e-02
    1.3499348424e-02   -5.3151156753e-02
    1.3509574346e-02   -5.3273204714e-02
    1.3519799337e-02   -5.3395211697e-02
    1.3529343531e-02   -5.3507886827e-02
    1.3539568521e-02   -5.3628467023e-02
    1.3549794443e-02   -5.3748570383e-02
    1.3559337705e-02   -5.3863421082e-02
    1.3569563627e-02   -5.3992502391e-02
    1.3579788618e-02   -5.4126717150e-02
    1.3589332812e-02   -5.4256994277e-02
    1.3599557802e-02   -5.4400499910e-02
    1.3609783724e-02   -5.4547488689e-02
    1.3619326986e-02   -5.4690048099e-02
    1.3629620895e-02   -5.4846670479e-02
    1.3639519922e-02   -5.4992828518e-02
    1.3649245724e-02   -5.5131506175e-02
    1.3658971526e-02   -5.5269721895e-02
    1.3669912703e-02   -5.5422075093e-02
    1.3679638505e-02   -5.5556349456e-02
    1.3689365238e-02   -5.5691298097e-02
    1.3699091040e-02   -5.5827867240e-02
    1.3708816841e-02   -5.5965140462e-02
    1.3719758019e-02   -5.6119948626e-02
    1.3729483820e-02   -5.6260585785e-02
    1.3739210553e-02   -5.6403785944e-02
    1.3748936355e-02   -5.6548029184e-02
    1.3759877533e-02   -5.6708700955e-02
    1.3769604266e-02   -5.6848920882e-02
    1.3779330067e-02   -5.6988678873e-02
    1.3789055869e-02   -5.7127375156e-02
    1.3799997978e-02   -5.7279285043e-02
    1.3809723780e-02   -5.7411439717e-02
    1.3819449581e-02   -5.7540513575e-02
    1.3829175383e-02   -5.7666312903e-02
    1.3838902116e-02   -5.7790488005e-02
    1.3849843293e-02   -5.7927928865e-02
    1.3859570026e-02   -5.8048237115e-02
    1.3869295828e-02   -5.8167587966e-02
    1.3879021630e-02   -5.8286249638e-02
    1.3889963739e-02   -5.8420747519e-02
    1.3899690472e-02   -5.8542557061e-02
    1.3909416273e-02   -5.8670185506e-02
    1.3919142075e-02   -5.8807823807e-02
    1.3928868808e-02   -5.8951340616e-02
    1.3939810917e-02   -5.9111233801e-02
    1.3949536718e-02   -5.9249278158e-02
    1.3959263451e-02   -5.9383902699e-02
    1.3968989253e-02   -5.9516277164e-02
    1.3979931362e-02   -5.9662267566e-02
    1.3989658095e-02   -5.9789188206e-02
    1.3999383897e-02   -5.9914939106e-02
    1.4009110630e-02   -6.0040093958e-02
    1.4018836431e-02   -6.0165792704e-02
    1.4029779471e-02   -6.0310415924e-02
    1.4039505273e-02   -6.0442429036e-02
    1.4049232006e-02   -6.0577679425e-02
    1.4058958739e-02   -6.0715660453e-02
    1.4069900848e-02   -6.0874164104e-02
    1.4079626650e-02   -6.1017177999e-02
    1.4089353383e-02   -6.1159845442e-02
    1.4099080116e-02   -6.1300165951e-02
    1.4108806849e-02   -6.1438988894e-02
    1.4119748957e-02   -6.1593879014e-02
    1.4129475690e-02   -6.1729785055e-02
    1.4139202423e-02   -6.1863817275e-02
    1.4148929156e-02   -6.1996094882e-02
    1.4159871265e-02   -6.2143910676e-02
    1.4169597998e-02   -6.2275040895e-02
    1.4179324731e-02   -6.2406904995e-02
    1.4189051464e-02   -6.2540732324e-02
    1.4199994504e-02   -6.2694124877e-02
    1.4209721237e-02   -6.2835112214e-02
    1.4219447970e-02   -6.2982290983e-02
    1.4229174703e-02   -6.3135661185e-02
    1.4238901436e-02   -6.3295252621e-02
    1.4249844477e-02   -6.3482299447e-02
    1.4259571210e-02   -6.3654705882e-02
    1.4269297943e-02   -6.3832715154e-02
    1.4279025607e-02   -6.4016014338e-02
    1.4289967716e-02   -6.4228959382e-02
    1.4299695380e-02   -6.4425274730e-02
    1.4309422113e-02   -6.4628422260e-02
    1.4319149777e-02   -6.4839288592e-02
    1.4328876510e-02   -6.5058767796e-02
    1.4339819551e-02   -6.5316110849e-02
    1.4349547215e-02   -6.5554507077e-02
    1.4359273948e-02   -6.5801568329e-02
    1.4369001612e-02   -6.6056989133e-02
    1.4379944652e-02   -6.6354937851e-02
    1.4389672317e-02   -6.6629886627e-02
    1.4399399981e-02   -6.6915005445e-02
    1.4409126714e-02   -6.7210584879e-02
    1.4418854378e-02   -6.7516274750e-02
    1.4429797418e-02   -6.7872054875e-02
    1.4439525083e-02   -6.8198852241e-02
    1.4449252747e-02   -6.8535968661e-02
    1.4458980411e-02   -6.8884626031e-02
    1.4469924383e-02   -6.9290935993e-02
    1.4479652047e-02   -6.9664306939e-02
    1.4489379711e-02   -7.0048250258e-02
    1.4499107376e-02   -7.0441253483e-02
    1.4508835040e-02   -7.0842914283e-02
    1.4519779012e-02   -7.1303501725e-02
    1.4529506676e-02   -7.1718171239e-02
    1.4539234340e-02   -7.2172850370e-02
    1.4548962004e-02   -7.2631374002e-02
    1.4559905976e-02   -7.3133125901e-02
    1.4569634572e-02   -7.3608130217e-02
    1.4579362236e-02   -7.4108704925e-02
    1.4589090832e-02   -7.4600696564e-02
    1.4598818496e-02   -7.5095780194e-02
    1.4609762467e-02   -7.5662903488e-02
    1.4619491063e-02   -7.6174408197e-02
    1.4629218727e-02   -7.6694495976e-02
    1.4638947323e-02   -7.7224940062e-02
    1.4649892226e-02   -7.7834568918e-02
    1.4659619890e-02   -7.8386463225e-02
    1.4669348486e-02   -7.8944146633e-02
    1.4679077081e-02   -7.9506672919e-02
    1.4688805677e-02   -8.0078743398e-02
    1.4699750580e-02   -8.0734424293e-02
    1.4709479176e-02   -8.1323921680e-02
    1.4719207771e-02   -8.1922851503e-02
    1.4728936367e-02   -8.2536444068e-02
    1.4739881270e-02   -8.3243533969e-02
    1.4749609865e-02   -8.3883553743e-02
    1.4759338461e-02   -8.4531731904e-02
    1.4769067056e-02   -8.5187658668e-02
    1.4778796583e-02   -8.5852481425e-02
    1.4789741486e-02   -8.6610257626e-02
    1.4799470082e-02   -8.7291829288e-02
    1.4809199609e-02   -8.7981782854e-02
    1.4818928204e-02   -8.8680714369e-02
    1.4829874039e-02   -8.9477874339e-02
    1.4839602634e-02   -9.0194992721e-02
    1.4849332161e-02   -9.0919204056e-02
    1.4859061688e-02   -9.1650754213e-02
    1.4868790284e-02   -9.2388674617e-02
    1.4879736118e-02   -9.3225128949e-02
    1.4889465645e-02   -9.3974322081e-02
    1.4899195172e-02   -9.4729416072e-02
    1.4908924699e-02   -9.5490776002e-02
    1.4919869602e-02   -9.6354410052e-02
    1.4929599129e-02   -9.7128480673e-02
    1.4939328656e-02   -9.7909875214e-02
    1.4949058183e-02   -9.8698817194e-02
    1.4958788641e-02   -9.9494643509e-02
    1.4969734475e-02   -1.0039773583e-01
    1.4979464002e-02   -1.0120690614e-01
    1.4989193529e-02   -1.0202140361e-01
    1.4998923987e-02   -1.0284159333e-01
    1.5009869821e-02   -1.0377860069e-01
    1.5019599348e-02   -1.0461435467e-01
    1.5029329807e-02   -1.0546143353e-01
    1.5039059334e-02   -1.0631605238e-01
    1.5048789792e-02   -1.0716952384e-01
    1.5059735626e-02   -1.0813247412e-01
    1.5069466084e-02   -1.0899863392e-01
    1.5079195611e-02   -1.0987921804e-01
    1.5088926069e-02   -1.1076960713e-01
    1.5099872835e-02   -1.1177635938e-01
    1.5109603293e-02   -1.1266965419e-01
    1.5119332820e-02   -1.1356316507e-01
    1.5129063278e-02   -1.1446108669e-01
    1.5138793737e-02   -1.1536797881e-01
    1.5149740502e-02   -1.1639680713e-01
    1.5159470960e-02   -1.1731018126e-01
    1.5169201419e-02   -1.1822246760e-01
    1.5178931877e-02   -1.1914201826e-01
    1.5189878643e-02   -1.2018693238e-01
    1.5199610032e-02   -1.2111898512e-01
    1.5209340490e-02   -1.2205670774e-01
    1.5219070949e-02   -1.2300370634e-01
    1.5228801407e-02   -1.2395732105e-01
    1.5239749104e-02   -1.2503720820e-01
    1.5249479562e-02   -1.2600339949e-01
    1.5259210020e-02   -1.2697860599e-01
    1.5268941410e-02   -1.2795855105e-01
    1.5279888175e-02   -1.2905956805e-01
    1.5289619565e-02   -1.3003575802e-01
    1.5299350023e-02   -1.3101220131e-01
    1.5309081413e-02   -1.3199114799e-01
    1.5318812802e-02   -1.3297782838e-01
    1.5329759568e-02   -1.3409379125e-01
    1.5339490958e-02   -1.3507519662e-01
    1.5349221416e-02   -1.3604724407e-01
    1.5358952805e-02   -1.3702425361e-01
    1.5369900502e-02   -1.3813148439e-01
    1.5379630961e-02   -1.3911330700e-01
    1.5389362350e-02   -1.4009171724e-01
    1.5399093740e-02   -1.4107103646e-01
    1.5408824198e-02   -1.4204950631e-01
    1.5419771895e-02   -1.4314273000e-01
    1.5429503284e-02   -1.4411100745e-01
    1.5439233743e-02   -1.4507892728e-01
    1.5448965132e-02   -1.4603747427e-01
    1.5459911898e-02   -1.4710582793e-01
    1.5469643287e-02   -1.4805974066e-01
    1.5479374677e-02   -1.4901824296e-01
    1.5489105135e-02   -1.4997619390e-01
    1.5498836525e-02   -1.5093274415e-01
    1.5509784222e-02   -1.5200573206e-01
    1.5519514680e-02   -1.5295547247e-01
    1.5529246069e-02   -1.5390102565e-01
    1.5538976528e-02   -1.5484401584e-01
    1.5549924225e-02   -1.5590302646e-01
    1.5559655614e-02   -1.5684279799e-01
    1.5569386072e-02   -1.5778179467e-01
    1.5579117462e-02   -1.5871995687e-01
    1.5588848852e-02   -1.5965546668e-01
    1.5599795617e-02   -1.6070789099e-01
    1.5609527007e-02   -1.6164456308e-01
    1.5619258396e-02   -1.6258135438e-01
    1.5628987923e-02   -1.6351780295e-01
    1.5639936551e-02   -1.6457368433e-01
    1.5649667010e-02   -1.6551852226e-01
    1.5659397468e-02   -1.6646672785e-01
    1.5669129789e-02   -1.6741465032e-01
    1.5678860247e-02   -1.6836386919e-01
    1.5689807013e-02   -1.6943523288e-01
    1.5699282289e-02   -1.7037148774e-01
    1.5709374100e-02   -1.7138206959e-01
    1.5719467774e-02   -1.7239096761e-01
    1.5729559585e-02   -1.7340026796e-01
    1.5739651397e-02   -1.7441232502e-01
    1.5749745071e-02   -1.7543095350e-01
    1.5759836882e-02   -1.7648546398e-01
    1.5769930556e-02   -1.7762865126e-01
    1.5779105946e-02   -1.7872150242e-01
    1.5789197758e-02   -1.7996454239e-01
    1.5799291432e-02   -1.8124318123e-01
    1.5809383243e-02   -1.8254995346e-01
    1.5819476917e-02   -1.8388061225e-01
    1.5829568729e-02   -1.8523177505e-01
    1.5839660540e-02   -1.8660059571e-01
    1.5849754214e-02   -1.8798559904e-01
    1.5859846026e-02   -1.8938730657e-01
    1.5869939700e-02   -1.9079616666e-01
    1.5879115090e-02   -1.9203867018e-01
    1.5889206901e-02   -1.9336606562e-01
    1.5899300575e-02   -1.9467256963e-01
    1.5909392387e-02   -1.9596466422e-01
    1.5919484198e-02   -1.9724187255e-01
    1.5929577872e-02   -1.9850422442e-01
    1.5939669684e-02   -1.9975787401e-01
    1.5949763358e-02   -2.0100736618e-01
    1.5959855169e-02   -2.0225167274e-01
    1.5969948843e-02   -2.0348790288e-01
    1.5979124233e-02   -2.0460642874e-01
    1.5989216045e-02   -2.0583350956e-01
    1.5999307856e-02   -2.0705641806e-01
    1.6009401530e-02   -2.0827366412e-01
    1.6019493341e-02   -2.0948921144e-01
    1.6029587016e-02   -2.1070724726e-01
    1.6039678827e-02   -2.1193163097e-01
    1.6049772501e-02   -2.1316437423e-01
    1.6059864312e-02   -2.1440213919e-01
    1.6069957986e-02   -2.1564200521e-01
    1.6079131514e-02   -2.1677353978e-01
    1.6089225188e-02   -2.1802651882e-01
    1.6099316999e-02   -2.1928846836e-01
    1.6109410673e-02   -2.2055536509e-01
    1.6119735315e-02   -2.2185561061e-01
    1.6129376367e-02   -2.2307394445e-01
    1.6139980406e-02   -2.2443073988e-01
    1.6149619594e-02   -2.2568140924e-01
    1.6159260646e-02   -2.2694274783e-01
    1.6169864684e-02   -2.2833977640e-01
    1.6179503873e-02   -2.2961953282e-01
    1.6189144924e-02   -2.3090654612e-01
    1.6199748963e-02   -2.3232796788e-01
    1.6209388152e-02   -2.3362635076e-01
    1.6219992191e-02   -2.3506110907e-01
    1.6229633242e-02   -2.3637042940e-01
    1.6239272431e-02   -2.3768471181e-01
    1.6249876469e-02   -2.3913596570e-01
    1.6259517521e-02   -2.4046002328e-01
    1.6269156709e-02   -2.4178913236e-01
    1.6279760748e-02   -2.4325710535e-01
    1.6289401799e-02   -2.4459700286e-01
    1.6299040988e-02   -2.4594253302e-01
    1.6309645027e-02   -2.4742980301e-01
    1.6319286078e-02   -2.4878975749e-01
    1.6329890117e-02   -2.5029414892e-01
    1.6339529306e-02   -2.5166791677e-01
    1.6349170357e-02   -2.5304758549e-01
    1.6359774396e-02   -2.5457465649e-01
    1.6369413584e-02   -2.5596997142e-01
    1.6379054636e-02   -2.5736942887e-01
    1.6389658675e-02   -2.5891396403e-01
    1.6399297863e-02   -2.6032504439e-01
    1.6409901902e-02   -2.6188623905e-01
    1.6419542953e-02   -2.6331415772e-01
    1.6429182142e-02   -2.6475057006e-01
    1.6439786181e-02   -2.6633831859e-01
    1.6449427232e-02   -2.6778802276e-01
    1.6459066421e-02   -2.6924335957e-01
    1.6469670460e-02   -2.7085173130e-01
    1.6479948536e-02   -2.7242171764e-01
    1.6489123926e-02   -2.7383664250e-01
    1.6499217600e-02   -2.7540394664e-01
    1.6509309411e-02   -2.7697932720e-01
    1.6519403085e-02   -2.7856075764e-01
    1.6529494897e-02   -2.8014633060e-01
    1.6539586708e-02   -2.8173506260e-01
    1.6549680382e-02   -2.8332725167e-01
    1.6559772193e-02   -2.8492960334e-01
    1.6569865867e-02   -2.8654304147e-01
    1.6579957679e-02   -2.8816315532e-01
    1.6589133069e-02   -2.8964170814e-01
    1.6599226743e-02   -2.9127588868e-01
    1.6609318554e-02   -2.9291790724e-01
    1.6619410366e-02   -2.9456615448e-01
    1.6629504040e-02   -2.9621914029e-01
    1.6639595851e-02   -2.9787623882e-01
    1.6649689525e-02   -2.9953718185e-01
    1.6659781337e-02   -3.0120122433e-01
    1.6669189557e-02   -3.0275464058e-01
    1.6679793596e-02   -3.0450561643e-01
    1.6689432785e-02   -3.0610084534e-01
    1.6699073836e-02   -3.0770009756e-01
    1.6709677875e-02   -3.0946329236e-01
    1.6719317064e-02   -3.1106993556e-01
    1.6729876399e-02   -3.1283366680e-01
    1.6739968210e-02   -3.1452578306e-01
    1.6749143600e-02   -3.1606817245e-01
    1.6759235412e-02   -3.1776717305e-01
    1.6769329086e-02   -3.1946843863e-01
    1.6779420897e-02   -3.2117065787e-01
    1.6789514571e-02   -3.2287096977e-01
    1.6799606383e-02   -3.2456713915e-01
    1.6809700057e-02   -3.2625794411e-01
    1.6819791868e-02   -3.2794219255e-01
    1.6829883680e-02   -3.2961854339e-01
    1.6839977354e-02   -3.3128514886e-01
    1.6849152744e-02   -3.3279037476e-01
    1.6859244555e-02   -3.3443474770e-01
    1.6869338229e-02   -3.3606821299e-01
    1.6879430041e-02   -3.3769097924e-01
    1.6889523715e-02   -3.3929872513e-01
    1.6899615526e-02   -3.4088584781e-01
    1.6909707338e-02   -3.4244966507e-01
    1.6919115558e-02   -3.4388321638e-01
    1.6929719597e-02   -3.4546431899e-01
    1.6939360648e-02   -3.4687119722e-01
    1.6949964687e-02   -3.4838545322e-01
    1.6959603876e-02   -3.4973263741e-01
    1.6969244927e-02   -3.5105141997e-01
    1.6979848966e-02   -3.5246461630e-01
    1.6989488155e-02   -3.5370728374e-01
    1.6999129206e-02   -3.5489764810e-01
    1.7009733245e-02   -3.5613632202e-01
    1.7019372433e-02   -3.5719799995e-01
    1.7029976472e-02   -3.5829317570e-01
    1.7039617524e-02   -3.5920354724e-01
    1.7049256712e-02   -3.6002394557e-01
    1.7059860751e-02   -3.6084136367e-01
    1.7069501802e-02   -3.6152961850e-01
    1.7079140991e-02   -3.6217594147e-01
    1.7089745030e-02   -3.6283698678e-01
    1.7099386081e-02   -3.6338928342e-01
    1.7109990120e-02   -3.6395350099e-01
    1.7119629309e-02   -3.6443158984e-01
    1.7129270360e-02   -3.6487826705e-01
    1.7139874399e-02   -3.6532256007e-01
    1.7149513587e-02   -3.6566424370e-01
    1.7159154639e-02   -3.6595016718e-01
    1.7169758677e-02   -3.6622557044e-01
    1.7179397866e-02   -3.6642688513e-01
    1.7189038917e-02   -3.6655566096e-01
    1.7199642956e-02   -3.6663159728e-01
    1.7209282145e-02   -3.6666074395e-01
    1.7219886184e-02   -3.6665821075e-01
    1.7229527235e-02   -3.6663502455e-01
    1.7239166424e-02   -3.6660134792e-01
    1.7249770463e-02   -3.6656656861e-01
    1.7259411514e-02   -3.6653989553e-01
    1.7269050702e-02   -3.6649101973e-01
    1.7279654741e-02   -3.6638733745e-01
    1.7289295793e-02   -3.6626303196e-01
    1.7299899831e-02   -3.6609640718e-01
    1.7309539020e-02   -3.6590087414e-01
    1.7319772393e-02   -3.6565867066e-01
    1.7329864204e-02   -3.6540690064e-01
    1.7339225858e-02   -3.6515671015e-01
    1.7349829897e-02   -3.6487010121e-01
    1.7359469086e-02   -3.6462768912e-01
    1.7369110137e-02   -3.6436873674e-01
    1.7379714176e-02   -3.6404383183e-01
    1.7389353365e-02   -3.6374360323e-01
    1.7399957404e-02   -3.6343538761e-01
    1.7409184948e-02   -3.6319684982e-01
    1.7419788986e-02   -3.6295947433e-01
    1.7429430038e-02   -3.6276370287e-01
    1.7439069226e-02   -3.6256402731e-01
    1.7449533567e-02   -3.6234307289e-01
    1.7459627241e-02   -3.6213067174e-01
    1.7469719052e-02   -3.6190328002e-01
    1.7479812726e-02   -3.6166310310e-01
    1.7489904538e-02   -3.6141559482e-01
    1.7499998212e-02   -3.6115893722e-01
    1.7509171739e-02   -3.6093807220e-01
    1.7519265413e-02   -3.6073619127e-01
    1.7529357225e-02   -3.6058357358e-01
    1.7539450899e-02   -3.6048603058e-01
    1.7549542710e-02   -3.6044234037e-01
    1.7559636384e-02   -3.6042624712e-01
    1.7569728196e-02   -3.6041998863e-01
    1.7579821870e-02   -3.6039867997e-01
    1.7589913681e-02   -3.6035060883e-01
    1.7599089071e-02   -3.6029949784e-01
    1.7609180883e-02   -3.6026105285e-01
    1.7619274557e-02   -3.6025705934e-01
    1.7629366368e-02   -3.6028778553e-01
    1.7639460042e-02   -3.6035102606e-01
    1.7649551854e-02   -3.6044278741e-01
    1.7659645528e-02   -3.6054420471e-01
    1.7669737339e-02   -3.6063903570e-01
    1.7679829150e-02   -3.6073583364e-01
    1.7689922825e-02   -3.6084470153e-01
    1.7699098215e-02   -3.6096015573e-01
    1.7709190026e-02   -3.6111241579e-01
    1.7719283700e-02   -3.6129769683e-01
    1.7729375511e-02   -3.6151474714e-01
    1.7739469185e-02   -3.6176052690e-01
    1.7749560997e-02   -3.6203348637e-01
    1.7759652808e-02   -3.6232715845e-01
    1.7769746482e-02   -3.6263966560e-01
    1.7779838294e-02   -3.6294928193e-01
    1.7789931968e-02   -3.6322933435e-01
    1.7799107358e-02   -3.6345916986e-01
    1.7809199169e-02   -3.6371201277e-01
    1.7819292843e-02   -3.6399295926e-01
    1.7829384655e-02   -3.6430931091e-01
    1.7839476466e-02   -3.6465588212e-01
    1.7849570140e-02   -3.6500585079e-01
    1.7859661952e-02   -3.6531832814e-01
    1.7869755626e-02   -3.6556619406e-01
    1.7879847437e-02   -3.6575621367e-01
    1.7889941111e-02   -3.6593016982e-01
    1.7899116501e-02   -3.6609795690e-01
    1.7909208313e-02   -3.6628478765e-01
    1.7919300124e-02   -3.6646938324e-01
    1.7929393798e-02   -3.6666482687e-01
    1.7939485610e-02   -3.6683973670e-01
    1.7949579284e-02   -3.6694931984e-01
    1.7959857360e-02   -3.6700057983e-01
    1.7969498411e-02   -3.6698782444e-01
    1.7979137599e-02   -3.6693567038e-01
    1.7989741638e-02   -3.6689192057e-01
    1.7999382690e-02   -3.6686766148e-01
    1.8009986728e-02   -3.6683908105e-01
    1.8019625917e-02   -3.6682921648e-01
    1.8029266968e-02   -3.6681631207e-01
    1.8039871007e-02   -3.6675962806e-01
    1.8049510196e-02   -3.6667430401e-01
    1.8059151247e-02   -3.6656790972e-01
    1.8069755286e-02   -3.6643970013e-01
    1.8079394475e-02   -3.6633110046e-01
    1.8089998513e-02   -3.6622396111e-01
    1.8099639565e-02   -3.6612039804e-01
    1.8109278753e-02   -3.6601060629e-01
    1.8119882792e-02   -3.6588314176e-01
    1.8129523844e-02   -3.6574670672e-01
    1.8139163032e-02   -3.6559861898e-01
    1.8149767071e-02   -3.6544704437e-01
    1.8159408122e-02   -3.6531689763e-01
    1.8169047311e-02   -3.6519601941e-01
    1.8179651350e-02   -3.6509534717e-01
    1.8189245835e-02   -3.6503037810e-01
    1.8199337646e-02   -3.6498099566e-01
    1.8209431320e-02   -3.6495065689e-01
    1.8219523132e-02   -3.6493438482e-01
    1.8229614943e-02   -3.6493292451e-01
    1.8239708617e-02   -3.6495116353e-01
    1.8249800429e-02   -3.6498552561e-01
    1.8259894103e-02   -3.6503073573e-01
    1.8269985914e-02   -3.6509054899e-01
    1.8279161304e-02   -3.6516034603e-01
    1.8289254978e-02   -3.6525279284e-01
    1.8299346790e-02   -3.6536473036e-01
    1.8309438601e-02   -3.6550182104e-01
    1.8319532275e-02   -3.6566492915e-01
    1.8329624087e-02   -3.6585438251e-01
    1.8339717761e-02   -3.6607086658e-01
    1.8349809572e-02   -3.6630922556e-01
    1.8359903246e-02   -3.6656972766e-01
    1.8369995058e-02   -3.6685299873e-01
    1.8379170448e-02   -3.6712455750e-01
    1.8389262259e-02   -3.6743533611e-01
    1.8399355933e-02   -3.6775588989e-01
    1.8409447744e-02   -3.6808112264e-01
    1.8419541419e-02   -3.6840844154e-01
    1.8429633230e-02   -3.6873751879e-01
    1.8439726904e-02   -3.6906895041e-01
    1.8449818715e-02   -3.6940377951e-01
    1.8459912390e-02   -3.6974060535e-01
    1.8469085917e-02   -3.7004587054e-01
    1.8479179591e-02   -3.7038058043e-01
    1.8489271402e-02   -3.7071529031e-01
    1.8499365076e-02   -3.7105080485e-01
    1.8509456888e-02   -3.7138712406e-01
    1.8519550562e-02   -3.7172389030e-01
    1.8529642373e-02   -3.7205895782e-01
    1.8539736047e-02   -3.7238684297e-01
    1.8549827859e-02   -3.7270548940e-01
    1.8559921533e-02   -3.7301564217e-01
    1.8569095060e-02   -3.7328955531e-01
    1.8579188734e-02   -3.7358194590e-01
    1.8589280546e-02   -3.7386423349e-01
    1.8599374220e-02   -3.7413242459e-01
    1.8609466031e-02   -3.7438294291e-01
    1.8619559705e-02   -3.7461391091e-01
    1.8629651517e-02   -3.7482461333e-01
    1.8639745191e-02   -3.7501779199e-01
    1.8649837002e-02   -3.7519779801e-01
    1.8659928814e-02   -3.7536841631e-01
    1.8669104204e-02   -3.7551873922e-01
    1.8679197878e-02   -3.7568068504e-01
    1.8689289689e-02   -3.7583899498e-01
    1.8699383363e-02   -3.7599182129e-01
    1.8709475175e-02   -3.7613636255e-01
    1.8719568849e-02   -3.7625908852e-01
    1.8729660660e-02   -3.7634161115e-01
    1.8739752471e-02   -3.7638878822e-01
    1.8749846146e-02   -3.7640333176e-01
    1.8759937957e-02   -3.7638553977e-01
    1.8769113347e-02   -3.7634021044e-01
    1.8779207021e-02   -3.7625724077e-01
    1.8789298832e-02   -3.7613946199e-01
    1.8799392506e-02   -3.7598785758e-01
    1.8809484318e-02   -3.7580373883e-01
    1.8819576129e-02   -3.7559083104e-01
    1.8829669803e-02   -3.7535306811e-01
    1.8839761615e-02   -3.7509375811e-01
    1.8849855289e-02   -3.7481561303e-01
    1.8859947100e-02   -3.7452146411e-01
    1.8869122490e-02   -3.7424197793e-01
    1.8879216164e-02   -3.7394046783e-01
    1.8889307976e-02   -3.7368068099e-01
    1.8899399787e-02   -3.7344709039e-01
    1.8909493461e-02   -3.7322723866e-01
    1.8919585273e-02   -3.7301990390e-01
    1.8929678947e-02   -3.7282398343e-01
    1.8939770758e-02   -3.7263718247e-01
    1.8949864432e-02   -3.7245735526e-01
    1.8959956244e-02   -3.7228327990e-01
    1.8969131634e-02   -3.7213024497e-01
    1.8979223445e-02   -3.7196949124e-01
    1.8989317119e-02   -3.7181949615e-01
    1.8999408931e-02   -3.7168195844e-01
    1.9009502605e-02   -3.7155765295e-01
    1.9019594416e-02   -3.7144735456e-01
    1.9029688090e-02   -3.7135216594e-01
    1.9039779902e-02   -3.7127500772e-01
    1.9049873576e-02   -3.7121322751e-01
    1.9059965387e-02   -3.7116223574e-01
    1.9069140777e-02   -3.7112316489e-01
    1.9079232588e-02   -3.7108653784e-01
    1.9089326262e-02   -3.7106072903e-01
    1.9099418074e-02   -3.7107446790e-01
    1.9109511748e-02   -3.7110581994e-01
    1.9119603559e-02   -3.7109369040e-01
    1.9129697233e-02   -3.7102845311e-01
    1.9139965996e-02   -3.7094449997e-01
    1.9149698317e-02   -3.7089231610e-01
    1.9159430638e-02   -3.7088796496e-01
    1.9169811159e-02   -3.7092196941e-01
    1.9179543480e-02   -3.7097409368e-01
    1.9189924002e-02   -3.7104001641e-01
    1.9199656323e-02   -3.7108230591e-01
    1.9209388644e-02   -3.7108567357e-01
    1.9219771028e-02   -3.7105354667e-01
    1.9229503348e-02   -3.7100505829e-01
    1.9239883870e-02   -3.7094730139e-01
    1.9249616191e-02   -3.7089782953e-01
    1.9259996712e-02   -3.7085261941e-01
    1.9269729033e-02   -3.7080186605e-01
    1.9279461354e-02   -3.7073481083e-01
    1.9289841875e-02   -3.7064951658e-01
    1.9299574196e-02   -3.7055972219e-01
    1.9309956580e-02   -3.7046131492e-01
    1.9319687039e-02   -3.7037932873e-01
    1.9329419360e-02   -3.7030383945e-01
    1.9339801744e-02   -3.7022355199e-01
    1.9349534065e-02   -3.7015211582e-01
    1.9359914586e-02   -3.7007871270e-01
    1.9369646907e-02   -3.7000688910e-01
    1.9379379228e-02   -3.6992752552e-01
    1.9389759749e-02   -3.6984553933e-01
    1.9399492070e-02   -3.6979043484e-01
    1.9409872591e-02   -3.6973452568e-01
    1.9419604912e-02   -3.6965036392e-01
    1.9429987296e-02   -3.6950382590e-01
    1.9439717755e-02   -3.6932137609e-01
    1.9449450076e-02   -3.6914169788e-01
    1.9459832460e-02   -3.6899909377e-01
    1.9469564781e-02   -3.6892610788e-01
    1.9479945302e-02   -3.6890503764e-01
    1.9489677623e-02   -3.6891359091e-01
    1.9499409944e-02   -3.6891952157e-01
    1.9509790465e-02   -3.6890098453e-01
    1.9519522786e-02   -3.6884990335e-01
    1.9529903308e-02   -3.6876893044e-01
    1.9539635628e-02   -3.6868098378e-01
    1.9549367949e-02   -3.6859297752e-01
    1.9559750333e-02   -3.6850646138e-01
    1.9569480792e-02   -3.6842277646e-01
    1.9579863176e-02   -3.6832401156e-01
    1.9589595497e-02   -3.6822828650e-01
    1.9599976018e-02   -3.6813256145e-01
    1.9609708339e-02   -3.6805683374e-01
    1.9619440660e-02   -3.6800363660e-01
    1.9629821181e-02   -3.6797147989e-01
    1.9639553502e-02   -3.6795762181e-01
    1.9649934024e-02   -3.6795479059e-01
    1.9659666345e-02   -3.6796569824e-01
    1.9669398665e-02   -3.6798328161e-01
    1.9679781049e-02   -3.6798280478e-01
    1.9689511508e-02   -3.6795127392e-01
    1.9699893892e-02   -3.6787891388e-01
    1.9709626213e-02   -3.6778095365e-01
    1.9719358534e-02   -3.6768114567e-01
    1.9729739055e-02   -3.6759194732e-01
    1.9739471376e-02   -3.6753222346e-01
    1.9749851897e-02   -3.6750432849e-01
    1.9759584218e-02   -3.6750811338e-01
    1.9769964740e-02   -3.6752924323e-01
    1.9779697061e-02   -3.6755555868e-01
    1.9789429381e-02   -3.6758506298e-01
    1.9799811766e-02   -3.6762079597e-01
    1.9809542224e-02   -3.6766025424e-01
    1.9819924608e-02   -3.6771076918e-01
    1.9829656929e-02   -3.6775994301e-01
    1.9839389250e-02   -3.6779838800e-01
    1.9849769771e-02   -3.6782652140e-01
    1.9859502092e-02   -3.6784514785e-01
    1.9869882613e-02   -3.6785870790e-01
    1.9879614934e-02   -3.6787495017e-01
    1.9889995456e-02   -3.6790591478e-01
    1.9899727777e-02   -3.6794850230e-01
    1.9909460098e-02   -3.6800810695e-01
    1.9919842482e-02   -3.6809530854e-01
    1.9929574803e-02   -3.6819064617e-01
    1.9939955324e-02   -3.6829552054e-01
    1.9949687645e-02   -3.6839285493e-01
    1.9959419966e-02   -3.6848139763e-01
    1.9969800487e-02   -3.6855003238e-01
    1.9979532808e-02   -3.6859109998e-01
    1.9989913329e-02   -3.6862260103e-01
    1.9999645650e-02   -3.6864289641e-01
    2.0009377971e-02   -3.6865288019e-01
    2.0019758493e-02   -3.6865437031e-01
    2.0029490814e-02   -3.6864846945e-01
    2.0039873198e-02   -3.6863768101e-01
    2.0049605519e-02   -3.6862656474e-01
    2.0059986040e-02   -3.6861544847e-01
    2.0069718361e-02   -3.6860859394e-01
    2.0079450682e-02   -3.6860606074e-01
    2.0089831203e-02   -3.6860501766e-01
    2.0099563524e-02   -3.6859551072e-01
    2.0109944046e-02   -3.6857458949e-01
    2.0119676366e-02   -3.6855149269e-01
    2.0129408687e-02   -3.6852231622e-01
    2.0139789209e-02   -3.6848446727e-01
    2.0149521530e-02   -3.6843478680e-01
    2.0159903914e-02   -3.6835798621e-01
    2.0169636235e-02   -3.6827418208e-01
    2.0179366693e-02   -3.6818623543e-01
    2.0189749077e-02   -3.6808875203e-01
    2.0199481398e-02   -3.6798730493e-01
    2.0209861919e-02   -3.6786326766e-01
    2.0219594240e-02   -3.6774349213e-01
    2.0229974762e-02   -3.6763173342e-01
    2.0239707083e-02   -3.6754545569e-01
    2.0249439403e-02   -3.6746391654e-01
    2.0259819925e-02   -3.6736869812e-01
    2.0269552246e-02   -3.6726585031e-01
    2.0279934630e-02   -3.6713731289e-01
    2.0289666951e-02   -3.6700007319e-01
    2.0299399272e-02   -3.6684158444e-01
    2.0309779793e-02   -3.6666142941e-01
    2.0319512114e-02   -3.6650648713e-01
    2.0329892635e-02   -3.6635410786e-01
    2.0339624956e-02   -3.6620444059e-01
    2.0349357277e-02   -3.6602249742e-01
    2.0359737799e-02   -3.6579778790e-01
    2.0369470119e-02   -3.6557638645e-01
    2.0379850641e-02   -3.6533954740e-01
    2.0389582962e-02   -3.6512213945e-01
    2.0399965346e-02   -3.6489662528e-01
    2.0409697667e-02   -3.6469420791e-01
    2.0419429988e-02   -3.6448195577e-01
    2.0429810509e-02   -3.6423486471e-01
    2.0439542830e-02   -3.6399346590e-01
    2.0449923351e-02   -3.6372888088e-01
    2.0459655672e-02   -3.6347436905e-01
    2.0469387993e-02   -3.6321601272e-01
    2.0479768515e-02   -3.6293807626e-01
    2.0489500836e-02   -3.6268270016e-01
    2.0499881357e-02   -3.6241734028e-01
    2.0509613678e-02   -3.6217314005e-01
    2.0519996062e-02   -3.6192226410e-01
    2.0529728383e-02   -3.6169737577e-01
    2.0539460704e-02   -3.6147543788e-01
    2.0549841225e-02   -3.6122474074e-01
    2.0559573546e-02   -3.6098918319e-01
    2.0569954067e-02   -3.6075219512e-01
    2.0579686388e-02   -3.6055433750e-01
    2.0589418709e-02   -3.6038148403e-01
    2.0599799231e-02   -3.6019104719e-01
    2.0609531552e-02   -3.6000990868e-01
    2.0619912073e-02   -3.5985404253e-01
    2.0629644394e-02   -3.5970833898e-01
    2.0639376715e-02   -3.5954582691e-01
    2.0649759099e-02   -3.5935673118e-01
    2.0659491420e-02   -3.5917410254e-01
    2.0669871941e-02   -3.5898581147e-01
    2.0679734647e-02   -3.5881900787e-01
    2.0689960569e-02   -3.5865846276e-01
    2.0699504763e-02   -3.5851562023e-01
    2.0709730685e-02   -3.5836443305e-01
    2.0719954744e-02   -3.5821029544e-01
    2.0729498938e-02   -3.5806187987e-01
    2.0739724860e-02   -3.5789820552e-01
    2.0749950781e-02   -3.5773074627e-01
    2.0759493113e-02   -3.5757109523e-01
    2.0769719034e-02   -3.5739475489e-01
    2.0779944956e-02   -3.5721090436e-01
    2.0789489150e-02   -3.5703083873e-01
    2.0799713209e-02   -3.5682794452e-01
    2.0809939131e-02   -3.5661560297e-01
    2.0819483325e-02   -3.5641115904e-01
    2.0829709247e-02   -3.5618862510e-01
    2.0839933306e-02   -3.5596558452e-01
    2.0849477500e-02   -3.5575732589e-01
    2.0859703422e-02   -3.5553115606e-01
    2.0869929343e-02   -3.5530120134e-01
    2.0879471675e-02   -3.5508814454e-01
    2.0889697596e-02   -3.5486894846e-01
    2.0899923518e-02   -3.5466045141e-01
    2.0909467712e-02   -3.5446816683e-01
    2.0919691771e-02   -3.5425168276e-01
    2.0929917693e-02   -3.5401555896e-01
    2.0939461887e-02   -3.5377553105e-01
    2.0949687809e-02   -3.5349938273e-01
    2.0959911868e-02   -3.5321199894e-01
    2.0969456062e-02   -3.5294443369e-01
    2.0979681984e-02   -3.5266932845e-01
    2.0989907905e-02   -3.5241365433e-01
    2.0999450237e-02   -3.5219389200e-01
    2.1009676158e-02   -3.5197377205e-01
    2.1019902080e-02   -3.5176274180e-01
    2.1029446274e-02   -3.5156995058e-01
    2.1039215848e-02   -3.5137495399e-01
    2.1049309522e-02   -3.5117825866e-01
    2.1059401333e-02   -3.5098963976e-01
    2.1069493145e-02   -3.5081294179e-01
    2.1079586819e-02   -3.5065057874e-01
    2.1089678630e-02   -3.5049769282e-01
    2.1099772304e-02   -3.5034516454e-01
    2.1109864116e-02   -3.5018721223e-01
    2.1119957790e-02   -3.5002326965e-01
    2.1129133180e-02   -3.4986931086e-01
    2.1139224991e-02   -3.4969475865e-01
    2.1149495617e-02   -3.4951272607e-01
    2.1159876138e-02   -3.4932762384e-01
    2.1169608459e-02   -3.4915912151e-01
    2.1179988980e-02   -3.4898892045e-01
    2.1189721301e-02   -3.4883818030e-01
    2.1199453622e-02   -3.4869357944e-01
    2.1209834144e-02   -3.4854182601e-01
    2.1219566464e-02   -3.4839758277e-01
    2.1229946986e-02   -3.4823885560e-01
    2.1239679307e-02   -3.4808436036e-01
    2.1249411628e-02   -3.4792336822e-01
    2.1259794012e-02   -3.4774512053e-01
    2.1269526333e-02   -3.4757503867e-01
    2.1279906854e-02   -3.4739345312e-01
    2.1289639175e-02   -3.4722134471e-01
    2.1299371496e-02   -3.4704330564e-01
    2.1309752017e-02   -3.4684446454e-01
    2.1319484338e-02   -3.4665295482e-01
    2.1329864860e-02   -3.4644919634e-01
    2.1339597180e-02   -3.4626445174e-01
    2.1349977702e-02   -3.4607803822e-01
    2.1359710023e-02   -3.4591299295e-01
    2.1369442344e-02   -3.4575420618e-01
    2.1379824728e-02   -3.4558808804e-01
    2.1389557049e-02   -3.4543186426e-01
    2.1399937570e-02   -3.4526348114e-01
    2.1409669891e-02   -3.4510546923e-01
    2.1419402212e-02   -3.4495073557e-01
    2.1429782733e-02   -3.4479382634e-01
    2.1439515054e-02   -3.4465619922e-01
    2.1449895576e-02   -3.4451809525e-01
    2.1459627897e-02   -3.4439367056e-01
    2.1469360217e-02   -3.4427118301e-01
    2.1479740739e-02   -3.4414091706e-01
    2.1489473060e-02   -3.4401986003e-01
    2.1499855444e-02   -3.4389498830e-01
    2.1509587765e-02   -3.4378463030e-01
    2.1519968286e-02   -3.4367388487e-01
    2.1529700607e-02   -3.4357419610e-01
    2.1539432928e-02   -3.4347581863e-01
    2.1549813449e-02   -3.4336957335e-01
    2.1559545770e-02   -3.4326666594e-01
    2.1569926292e-02   -3.4315085411e-01
    2.1579658613e-02   -3.4303465486e-01
    2.1589390934e-02   -3.4291109443e-01
    2.1599771455e-02   -3.4277299047e-01
    2.1609503776e-02   -3.4263801575e-01
    2.1619886160e-02   -3.4248614311e-01
    2.1629618481e-02   -3.4233623743e-01
    2.1639999002e-02   -3.4216454625e-01
    2.1649731323e-02   -3.4199091792e-01
    2.1659463644e-02   -3.4180867672e-01
    2.1669844165e-02   -3.4160602093e-01
    2.1679576486e-02   -3.4140720963e-01
    2.1689957008e-02   -3.4118929505e-01
    2.1699689329e-02   -3.4098142385e-01
    2.1709421650e-02   -3.4076952934e-01
    2.1719802171e-02   -3.4054294229e-01
    2.1729534492e-02   -3.4032773972e-01
    2.1739916876e-02   -3.4009259939e-01
    2.1749649197e-02   -3.3986869454e-01
    2.1759381518e-02   -3.3964163065e-01
    2.1769762039e-02   -3.3939474821e-01
    2.1779494360e-02   -3.3915787935e-01
    2.1789874882e-02   -3.3889946342e-01
    2.1799607202e-02   -3.3865270019e-01
    2.1809987724e-02   -3.3838585019e-01
    2.1819720045e-02   -3.3813315630e-01
    2.1829452366e-02   -3.3787852526e-01
    2.1839832887e-02   -3.3760511875e-01
    2.1849565208e-02   -3.3734738827e-01
    2.1859947592e-02   -3.3707064390e-01
    2.1869679913e-02   -3.3680948615e-01
    2.1879412234e-02   -3.3654722571e-01
    2.1889792755e-02   -3.3626642823e-01
    2.1899525076e-02   -3.3600202203e-01
    2.1909905598e-02   -3.3571827412e-01
    2.1919637918e-02   -3.3544975519e-01
    2.1929370239e-02   -3.3517780900e-01
    2.1939750761e-02   -3.3488348126e-01
    2.1949483082e-02   -3.3460327983e-01
    2.1959863603e-02   -3.3429923654e-01
    2.1969595924e-02   -3.3400872350e-01
    2.1979978308e-02   -3.3369180560e-01
    2.1989710629e-02   -3.3338630199e-01
    2.1999442950e-02   -3.3307105303e-01
    2.2009823471e-02   -3.3272323012e-01
    2.2019555792e-02   -3.3238676190e-01
    2.2029936314e-02   -3.3201828599e-01
    2.2039668635e-02   -3.3166575432e-01
    2.2049400955e-02   -3.3130764961e-01
    2.2059781477e-02   -3.3091977239e-01
    2.2069513798e-02   -3.3055013418e-01
    2.2079894319e-02   -3.3014851809e-01
    2.2089626640e-02   -3.2976448536e-01
    2.2099358961e-02   -3.2937288284e-01
    2.2109741345e-02   -3.2894685864e-01
    2.2119473666e-02   -3.2853993773e-01
    2.2129854187e-02   -3.2809844613e-01
    2.2139586508e-02   -3.2767796516e-01
    2.2149967030e-02   -3.2722258568e-01
    2.2159699351e-02   -3.2678875327e-01
    2.2169431672e-02   -3.2634755969e-01
    2.2179812193e-02   -3.2586818933e-01
    2.2189544514e-02   -3.2541015744e-01
    2.2199926898e-02   -3.2491204143e-01
    2.2209657356e-02   -3.2443588972e-01
    2.2219389677e-02   -3.2395055890e-01
    2.2229772061e-02   -3.2342261076e-01
    2.2239504382e-02   -3.2291793823e-01
    2.2249884903e-02   -3.2236939669e-01
    2.2259617224e-02   -3.2184547186e-01
    2.2269997746e-02   -3.2127556205e-01
    2.2279730067e-02   -3.2072961330e-01
    2.2289462388e-02   -3.2017078996e-01
    2.2299842909e-02   -3.1955888867e-01
    2.2309575230e-02   -3.1896939874e-01
    2.2319957614e-02   -3.1832399964e-01
    2.2329688072e-02   -3.1770431995e-01
    2.2339420393e-02   -3.1707152724e-01
    2.2349802777e-02   -3.1638291478e-01
    2.2359535098e-02   -3.1572470069e-01
    2.2369915619e-02   -3.1500875950e-01
    2.2379647940e-02   -3.1432393193e-01
    2.2389380261e-02   -3.1362530589e-01
    2.2399760783e-02   -3.1286451221e-01
    2.2409493104e-02   -3.1213667989e-01
    2.2419873625e-02   -3.1134489179e-01
    2.2429605946e-02   -3.1058841944e-01
    2.2439988330e-02   -3.0976668000e-01
    2.2449718788e-02   -3.0898272991e-01
    2.2459451109e-02   -3.0818590522e-01
    2.2469833493e-02   -3.0732223392e-01
    2.2479565814e-02   -3.0649989843e-01
    2.2489946336e-02   -3.0560943484e-01
    2.2499678656e-02   -3.0476209521e-01
    2.2509410977e-02   -3.0390250683e-01
    2.2519791499e-02   -3.0297169089e-01
    2.2529523820e-02   -3.0208539963e-01
    2.2539904341e-02   -3.0112451315e-01
    2.2549636662e-02   -3.0020809174e-01
    2.2559368983e-02   -2.9927560687e-01
    2.2569751367e-02   -2.9826220870e-01
    2.2579481825e-02   -2.9729372263e-01
    2.2589864209e-02   -2.9624035954e-01
    2.2599596530e-02   -2.9523351789e-01
    2.2609977052e-02   -2.9413914680e-01
    2.2619709373e-02   -2.9309359193e-01
    2.2629441693e-02   -2.9202860594e-01
    2.2639822215e-02   -2.9087141156e-01
    2.2649554536e-02   -2.8976744413e-01
    2.2659935057e-02   -2.8857123852e-01
    2.2669667378e-02   -2.8743433952e-01
    2.2679399699e-02   -2.8628453612e-01
    2.2689782083e-02   -2.8504583240e-01
    2.2699512541e-02   -2.8387466073e-01
    2.2709894925e-02   -2.8261613846e-01
    2.2719627246e-02   -2.8142860532e-01
    2.2729359567e-02   -2.8023365140e-01
    2.2739740089e-02   -2.7894991636e-01
    2.2749472409e-02   -2.7773633599e-01
    2.2759852931e-02   -2.7642932534e-01
    2.2769585252e-02   -2.7519077063e-01
    2.2779965773e-02   -2.7385434508e-01
    2.2789698094e-02   -2.7258643508e-01
    2.2799430415e-02   -2.7130356431e-01
    2.2809812799e-02   -2.6991850138e-01
    2.2819543257e-02   -2.6860433817e-01
    2.2829925641e-02   -2.6718598604e-01
    2.2839657962e-02   -2.6584100723e-01
    2.2849390283e-02   -2.6448714733e-01
    2.2859770805e-02   -2.6304703951e-01
    2.2869503126e-02   -2.6169690490e-01
    2.2879883647e-02   -2.6025292277e-01
    2.2889615968e-02   -2.5889506936e-01
    2.2899996489e-02   -2.5744205713e-01
    2.2909728810e-02   -2.5607502460e-01
    2.2919461131e-02   -2.5470304489e-01
    2.2929843515e-02   -2.5323420763e-01
    2.2939575836e-02   -2.5185224414e-01
    2.2949956357e-02   -2.5037333369e-01
    2.2959688678e-02   -2.4898265302e-01
    2.2969420999e-02   -2.4758838117e-01
    2.2979801521e-02   -2.4609649181e-01
    2.2989533842e-02   -2.4469324946e-01
    2.2999914363e-02   -2.4319174886e-01
    2.3009646684e-02   -2.4177911878e-01
    2.3019379005e-02   -2.4036107957e-01
    2.3029759526e-02   -2.3884181678e-01
    2.3039491847e-02   -2.3741026223e-01
    2.3049874231e-02   -2.3587547243e-01
    2.3059606552e-02   -2.3442912102e-01
    2.3069987074e-02   -2.3287723958e-01
    2.3079719394e-02   -2.3141357303e-01
    2.3089451715e-02   -2.2994199395e-01
    2.3099832237e-02   -2.2836351395e-01
    2.3109564558e-02   -2.2687453032e-01
    2.3119945079e-02   -2.2527617216e-01
    2.3129677400e-02   -2.2376865149e-01
    2.3139409721e-02   -2.2225257754e-01
    2.3149790242e-02   -2.2062571347e-01
    2.3159522563e-02   -2.1909131110e-01
    2.3169904947e-02   -2.1744434536e-01
    2.3179637268e-02   -2.1588967741e-01
    2.3189367726e-02   -2.1432368457e-01
    2.3199750111e-02   -2.1264033020e-01
    2.3209482431e-02   -2.1104954183e-01
    2.3219862953e-02   -2.0933915675e-01
    2.3229595274e-02   -2.0772466063e-01
    2.3239975795e-02   -2.0599362254e-01
    2.3249095306e-02   -2.0446577668e-01
    2.3259365931e-02   -2.0274089277e-01
    2.3269746453e-02   -2.0098592341e-01
    2.3279478773e-02   -1.9934459031e-01
    2.3289859295e-02   -1.9760535657e-01
    2.3299358785e-02   -1.9602459669e-01
    2.3309800774e-02   -1.9431473315e-01
    2.3319533095e-02   -1.9274468720e-01
    2.3329263553e-02   -1.9117730856e-01
    2.3338995874e-02   -1.8961182237e-01
    2.3349942639e-02   -1.8786308169e-01
    2.3359674960e-02   -1.8633686006e-01
    2.3369405419e-02   -1.8485692143e-01
    2.3379137740e-02   -1.8340791762e-01
    2.3388868198e-02   -1.8197169900e-01
    2.3399816826e-02   -1.8036730587e-01
    2.3409547284e-02   -1.7896184325e-01
    2.3419279605e-02   -1.7758797109e-01
    2.3429010063e-02   -1.7623670399e-01
    2.3439958692e-02   -1.7471495271e-01
    2.3449689150e-02   -1.7338129878e-01
    2.3459419608e-02   -1.7209082842e-01
    2.3469151929e-02   -1.7085495591e-01
    2.3478882387e-02   -1.6966691613e-01
    2.3489831015e-02   -1.6834962368e-01
    2.3499561474e-02   -1.6722431779e-01
    2.3509293795e-02   -1.6616195440e-01
    2.3519024253e-02   -1.6515442729e-01
    2.3529971018e-02   -1.6407406330e-01
    2.3539703339e-02   -1.6315189004e-01
    2.3549433798e-02   -1.6227196157e-01
    2.3559166119e-02   -1.6144062579e-01
    2.3568896577e-02   -1.6065773368e-01
    2.3579843342e-02   -1.5982884169e-01
    2.3589575663e-02   -1.5910848975e-01
    2.3599306121e-02   -1.5842022002e-01
    2.3609036580e-02   -1.5778331459e-01
    2.3619985208e-02   -1.5712191164e-01
    2.3629715666e-02   -1.5657246113e-01
    2.3639447987e-02   -1.5604643524e-01
    2.3649178445e-02   -1.5552404523e-01
    2.3658908904e-02   -1.5503378212e-01
    2.3669857532e-02   -1.5453882515e-01
    2.3679587990e-02   -1.5413458645e-01
    2.3689318448e-02   -1.5373331308e-01
    2.3699050769e-02   -1.5334926546e-01
    2.3709997535e-02   -1.5295092762e-01
    2.3719727993e-02   -1.5262222290e-01
    2.3729458451e-02   -1.5230570734e-01
    2.3739190772e-02   -1.5199530125e-01
    2.3748921230e-02   -1.5169553459e-01
    2.3759867996e-02   -1.5137240291e-01
    2.3769600317e-02   -1.5109515190e-01
    2.3779330775e-02   -1.5083016455e-01
    2.3789061233e-02   -1.5057604015e-01
    2.3798791692e-02   -1.5032553673e-01
    2.3809740320e-02   -1.5004791319e-01
    2.3819470778e-02   -1.4980477095e-01
    2.3829201236e-02   -1.4956155419e-01
    2.3838933557e-02   -1.4931716025e-01
    2.3849880323e-02   -1.4904241264e-01
    2.3859610781e-02   -1.4879840612e-01
    2.3869341239e-02   -1.4854295552e-01
    2.3879073560e-02   -1.4828345180e-01
    2.3888804018e-02   -1.4802668989e-01
    2.3899750784e-02   -1.4773470163e-01
    2.3909483105e-02   -1.4747036994e-01
    2.3919213563e-02   -1.4719681442e-01
    2.3928944021e-02   -1.4691171050e-01
    2.3939890787e-02   -1.4658962190e-01
    2.3949623108e-02   -1.4630329609e-01
    2.3959353566e-02   -1.4601618052e-01
    2.3969084024e-02   -1.4572940767e-01
    2.3978816345e-02   -1.4544272423e-01
    2.3989763111e-02   -1.4512343705e-01
    2.3999493569e-02   -1.4484173059e-01
    2.4009224027e-02   -1.4455990493e-01
    2.4018956348e-02   -1.4428406954e-01
    2.4029903114e-02   -1.4398719370e-01
    2.4039633572e-02   -1.4373175800e-01
    2.4049365893e-02   -1.4348074794e-01
    2.4059096351e-02   -1.4322948456e-01
    2.4068826810e-02   -1.4297603071e-01
    2.4079773575e-02   -1.4269211888e-01
    2.4089505896e-02   -1.4244721830e-01
    2.4099236354e-02   -1.4220851660e-01
    2.4108966812e-02   -1.4197228849e-01
    2.4119915441e-02   -1.4170813560e-01
    2.4129645899e-02   -1.4147515595e-01
    2.4139376357e-02   -1.4124259353e-01
    2.4149108678e-02   -1.4101001620e-01
    2.4158839136e-02   -1.4078408480e-01
    2.4169785902e-02   -1.4053842425e-01
    2.4179518223e-02   -1.4031998813e-01
    2.4189248681e-02   -1.4010204375e-01
    2.4198979139e-02   -1.3988378644e-01
    2.4209927768e-02   -1.3964290917e-01
    2.4219658226e-02   -1.3943493366e-01
    2.4229388684e-02   -1.3923093677e-01
    2.4239121005e-02   -1.3903053105e-01
    2.4248851463e-02   -1.3883505762e-01
    2.4259798229e-02   -1.3862292469e-01
    2.4269530550e-02   -1.3844585419e-01
    2.4279261008e-02   -1.3828133047e-01
    2.4288991466e-02   -1.3812983036e-01
    2.4299940094e-02   -1.3797464967e-01
    2.4309670553e-02   -1.3784737885e-01
    2.4319402874e-02   -1.3772800565e-01
    2.4329133332e-02   -1.3761524856e-01
    2.4338863790e-02   -1.3750955462e-01
    2.4349812418e-02   -1.3739912212e-01
    2.4359542876e-02   -1.3730663061e-01
    2.4369273335e-02   -1.3721962273e-01
    2.4379005656e-02   -1.3713720441e-01
    2.4389952421e-02   -1.3704796135e-01
    2.4399682879e-02   -1.3697165251e-01
    2.4409413338e-02   -1.3689914346e-01
    2.4419143796e-02   -1.3683280349e-01
    2.4428876117e-02   -1.3677163422e-01
    2.4439822882e-02   -1.3670714200e-01
    2.4449553341e-02   -1.3665440679e-01
    2.4459283799e-02   -1.3660474122e-01
    2.4469014257e-02   -1.3655696809e-01
    2.4479961023e-02   -1.3650418818e-01
    2.4489691481e-02   -1.3645654917e-01
    2.4499423802e-02   -1.3640762866e-01
    2.4509154260e-02   -1.3635700941e-01
    2.4518884718e-02   -1.3630543649e-01
    2.4529831484e-02   -1.3624757528e-01
    2.4539561942e-02   -1.3619728386e-01
    2.4549292400e-02   -1.3614149392e-01
    2.4559022859e-02   -1.3607536256e-01
    2.4569967762e-02   -1.3599652052e-01
    2.4579698220e-02   -1.3592091203e-01
    2.4589428678e-02   -1.3584259152e-01
    2.4599159136e-02   -1.3576315343e-01
    2.4608889595e-02   -1.3567739725e-01
    2.4619836360e-02   -1.3556832075e-01
    2.4629566818e-02   -1.3545997441e-01
    2.4639295414e-02   -1.3534325361e-01
    2.4649025872e-02   -1.3522373140e-01
    2.4659972638e-02   -1.3508026302e-01
    2.4669703096e-02   -1.3494886458e-01
    2.4679433554e-02   -1.3481308520e-01
    2.4689162150e-02   -1.3466925919e-01
    2.4698892608e-02   -1.3452254236e-01
    2.4709839374e-02   -1.3435064256e-01
    2.4719567969e-02   -1.3418608904e-01
    2.4729298428e-02   -1.3401329517e-01
    2.4739028886e-02   -1.3383005559e-01
    2.4749973789e-02   -1.3361147046e-01
    2.4759704247e-02   -1.3340567052e-01
    2.4769434705e-02   -1.3318762183e-01
    2.4779163301e-02   -1.3295894861e-01
    2.4788893759e-02   -1.3271886110e-01
    2.4799838662e-02   -1.3243716955e-01
    2.4809569120e-02   -1.3217991590e-01
    2.4819297716e-02   -1.3191609085e-01
    2.4829028174e-02   -1.3164612651e-01
    2.4839974940e-02   -1.3133512437e-01
    2.4849703535e-02   -1.3104923069e-01
    2.4859433994e-02   -1.3075296581e-01
    2.4869162589e-02   -1.3044482470e-01
    2.4878893048e-02   -1.3012559712e-01
    2.4889837950e-02   -1.2975336611e-01
    2.4899568409e-02   -1.2940925360e-01
    2.4909297004e-02   -1.2905375659e-01
    2.4919027463e-02   -1.2868700922e-01
    2.4929972365e-02   -1.2826213241e-01
    2.4939702824e-02   -1.2787722051e-01
    2.4949431419e-02   -1.2748658657e-01
    2.4959161878e-02   -1.2709085643e-01
    2.4968890473e-02   -1.2669071555e-01
    2.4979837239e-02   -1.2623555958e-01
    2.4989565834e-02   -1.2582480907e-01
    2.4999294430e-02   -1.2540373206e-01
    2.5009024888e-02   -1.2497971207e-01
    2.5019969791e-02   -1.2450063974e-01
    2.5029700249e-02   -1.2407109886e-01
    2.5039428845e-02   -1.2363874912e-01
    2.5049159303e-02   -1.2320306152e-01
    2.5058887899e-02   -1.2276252359e-01
    2.5069834664e-02   -1.2225424498e-01
    2.5079563260e-02   -1.2180572003e-01
    2.5089293718e-02   -1.2136477977e-01
    2.5099022314e-02   -1.2093112618e-01
    2.5109967217e-02   -1.2045337260e-01
    2.5119697675e-02   -1.2003462017e-01
    2.5129426271e-02   -1.1961748451e-01
    2.5139156729e-02   -1.1920521408e-01
    2.5148885325e-02   -1.1880246550e-01
    2.5159832090e-02   -1.1836510152e-01
    2.5169560686e-02   -1.1799063534e-01
    2.5179291144e-02   -1.1762682348e-01
    2.5189019740e-02   -1.1727724969e-01
    2.5199966505e-02   -1.1689814925e-01
    2.5209695101e-02   -1.1656944454e-01
    2.5219425559e-02   -1.1625024676e-01
    2.5229154155e-02   -1.1594240367e-01
    2.5238884613e-02   -1.1564613134e-01
    2.5249829516e-02   -1.1532609165e-01
    2.5259559974e-02   -1.1505365372e-01
    2.5269288570e-02   -1.1479274929e-01
    2.5279019028e-02   -1.1454052478e-01
    2.5289963931e-02   -1.1426858604e-01
    2.5299694389e-02   -1.1403971910e-01
    2.5309422985e-02   -1.1382073909e-01
    2.5319153443e-02   -1.1360965669e-01
    2.5328882039e-02   -1.1340713501e-01
    2.5339828804e-02   -1.1319059134e-01
    2.5349557400e-02   -1.1300660670e-01
    2.5359287858e-02   -1.1283005774e-01
    2.5369016454e-02   -1.1266417056e-01
    2.5379963219e-02   -1.1249095947e-01
    2.5389691815e-02   -1.1234667152e-01
    2.5399422273e-02   -1.1221194267e-01
    2.5409152731e-02   -1.1209414154e-01
    2.5418881327e-02   -1.1197430640e-01
    2.5429828092e-02   -1.1181278527e-01
    2.5439556688e-02   -1.1168611050e-01
    2.5449287146e-02   -1.1158142984e-01
    2.5459015742e-02   -1.1149702966e-01
    2.5469962507e-02   -1.1141991615e-01
    2.5479691103e-02   -1.1134818196e-01
    2.5489421561e-02   -1.1127109081e-01
    2.5499152020e-02   -1.1119948328e-01
    2.5508880615e-02   -1.1113827676e-01
    2.5519827381e-02   -1.1108431965e-01
    2.5529555976e-02   -1.1104931682e-01
    2.5539286435e-02   -1.1102420092e-01
    2.5549015030e-02   -1.1100737005e-01
    2.5559961796e-02   -1.1099436134e-01
    2.5569690391e-02   -1.1098726839e-01
    2.5579420850e-02   -1.1098565161e-01
    2.5589151308e-02   -1.1099151522e-01
    2.5598879904e-02   -1.1100500822e-01
    2.5609826669e-02   -1.1102734506e-01
    2.5619555265e-02   -1.1105248332e-01
    2.5629285723e-02   -1.1108010262e-01
    2.5639014319e-02   -1.1111109704e-01
    2.5649961084e-02   -1.1115639657e-01
    2.5659689680e-02   -1.1120354384e-01
    2.5669420138e-02   -1.1125380546e-01
    2.5679148734e-02   -1.1130750924e-01
    2.5688879192e-02   -1.1136528850e-01
    2.5699825957e-02   -1.1143638194e-01
    2.5709554553e-02   -1.1150456220e-01
    2.5719285011e-02   -1.1157889664e-01
    2.5729013607e-02   -1.1166095734e-01
    2.5739960372e-02   -1.1175896972e-01
    2.5749688968e-02   -1.1185145378e-01
    2.5759419426e-02   -1.1195281893e-01
    2.5769148022e-02   -1.1206444353e-01
    2.5778878480e-02   -1.1218520254e-01
    2.5789823383e-02   -1.1232911050e-01
    2.5799553841e-02   -1.1246383190e-01
    2.5809282437e-02   -1.1260476708e-01
    2.5819012895e-02   -1.1274933815e-01
    2.5829957798e-02   -1.1291561276e-01
    2.5839688256e-02   -1.1306623369e-01
    2.5849416852e-02   -1.1321713030e-01
    2.5859147310e-02   -1.1336746812e-01
    2.5868875906e-02   -1.1351811886e-01
    2.5879820809e-02   -1.1369097978e-01
    2.5889551267e-02   -1.1384981126e-01
    2.5899279863e-02   -1.1401327699e-01
    2.5909010321e-02   -1.1418110877e-01
    2.5919955224e-02   -1.1437433958e-01
    2.5929685682e-02   -1.1454886943e-01
    2.5939414278e-02   -1.1472686380e-01
    2.5949144736e-02   -1.1490925401e-01
    2.5958873332e-02   -1.1509496719e-01
    2.5969820097e-02   -1.1530598253e-01
    2.5979548693e-02   -1.1549516022e-01
    2.5989277288e-02   -1.1568626761e-01
    2.5999007747e-02   -1.1587917805e-01
    2.6009952649e-02   -1.1609800905e-01
    2.6019683108e-02   -1.1629589647e-01
    2.6029411703e-02   -1.1649790406e-01
    2.6039142162e-02   -1.1669905484e-01
    2.6048870757e-02   -1.1690937728e-01
    2.6059817523e-02   -1.1715865135e-01
    2.6069546118e-02   -1.1737757176e-01
    2.6079276577e-02   -1.1759258807e-01
    2.6089005172e-02   -1.1780528724e-01
    2.6099950075e-02   -1.1804566532e-01
    2.6109680533e-02   -1.1826310307e-01
    2.6119409129e-02   -1.1848424375e-01
    2.6129139587e-02   -1.1870781332e-01
    2.6138868183e-02   -1.1893483996e-01
    2.6149814948e-02   -1.1920154840e-01
    2.6159543544e-02   -1.1945255101e-01
    2.6169274002e-02   -1.1971596628e-01
    2.6179002598e-02   -1.1998812109e-01
    2.6189949363e-02   -1.2030240148e-01
    2.6199677959e-02   -1.2059134245e-01
    2.6209408417e-02   -1.2088714540e-01
    2.6219137013e-02   -1.2118477374e-01
    2.6228867471e-02   -1.2147978693e-01
    2.6239812374e-02   -1.2181078643e-01
    2.6249542832e-02   -1.2210311741e-01
    2.6259271428e-02   -1.2238831073e-01
    2.6269001886e-02   -1.2267375737e-01
    2.6279948652e-02   -1.2299488485e-01
    2.6289677247e-02   -1.2328211963e-01
    2.6299407706e-02   -1.2356841564e-01
    2.6309136301e-02   -1.2385156006e-01
    2.6318866760e-02   -1.2413058430e-01
    2.6329811662e-02   -1.2444242835e-01
    2.6339542121e-02   -1.2471833825e-01
    2.6349272579e-02   -1.2499058992e-01
    2.6359001175e-02   -1.2525878847e-01
    2.6369947940e-02   -1.2555563450e-01
    2.6379678398e-02   -1.2581524253e-01
    2.6389406994e-02   -1.2607192993e-01
    2.6399137452e-02   -1.2632542849e-01
    2.6408867911e-02   -1.2657466531e-01
    2.6419812813e-02   -1.2684962153e-01
    2.6429543272e-02   -1.2708997726e-01
    2.6439273730e-02   -1.2732696533e-01
    2.6449002326e-02   -1.2755940855e-01
    2.6459949091e-02   -1.2781520188e-01
    2.6469679549e-02   -1.2803830206e-01
    2.6479410008e-02   -1.2825673819e-01
    2.6489138603e-02   -1.2847015262e-01
    2.6498869061e-02   -1.2867903709e-01
    2.6509815827e-02   -1.2890923023e-01
    2.6519546285e-02   -1.2910993397e-01
    2.6529276744e-02   -1.2930680811e-01
    2.6539007202e-02   -1.2949950993e-01
    2.6549952105e-02   -1.2971131504e-01
    2.6559682563e-02   -1.2989494205e-01
    2.6569413021e-02   -1.3007365167e-01
    2.6579143479e-02   -1.3024745882e-01
    2.6588873938e-02   -1.3041660190e-01
    2.6599820703e-02   -1.3060133159e-01
    2.6609551162e-02   -1.3076098263e-01
    2.6619281620e-02   -1.3091662526e-01
    2.6629012078e-02   -1.3106836379e-01
    2.6639958844e-02   -1.3123458624e-01
    2.6649689302e-02   -1.3137918711e-01
    2.6659419760e-02   -1.3152141869e-01
    2.6669150218e-02   -1.3166104257e-01
    2.6678880677e-02   -1.3179737329e-01
    2.6689827442e-02   -1.3194668293e-01
    2.6699557900e-02   -1.3207603991e-01
    2.6709288359e-02   -1.3220188022e-01
    2.6719018817e-02   -1.3232411444e-01
    2.6729965582e-02   -1.3245791197e-01
    2.6739696041e-02   -1.3257388771e-01
    2.6749426499e-02   -1.3268733025e-01
    2.6759156957e-02   -1.3279829919e-01
    2.6768889278e-02   -1.3290713727e-01
    2.6779836044e-02   -1.3302756846e-01
    2.6789566502e-02   -1.3313299417e-01
    2.6799296960e-02   -1.3323707879e-01
    2.6809027418e-02   -1.3334019482e-01
    2.6819976047e-02   -1.3345529139e-01
    2.6829706505e-02   -1.3355726004e-01
    2.6839436963e-02   -1.3365963101e-01
    2.6849167421e-02   -1.3376285136e-01
    2.6858899742e-02   -1.3386742771e-01
    2.6869846508e-02   -1.3398663700e-01
    2.6879576966e-02   -1.3409379125e-01
    2.6889309287e-02   -1.3420277834e-01
    2.6899039745e-02   -1.3431397080e-01
    2.6909986511e-02   -1.3444162905e-01
    2.6919718832e-02   -1.3455753028e-01
    2.6929449290e-02   -1.3467614353e-01
    2.6939179748e-02   -1.3479790092e-01
    2.6948912069e-02   -1.3492332399e-01
    2.6959858835e-02   -1.3506960869e-01
    2.6969589293e-02   -1.3520491123e-01
    2.6979321614e-02   -1.3534545898e-01
    2.6989052072e-02   -1.3549174368e-01
    2.6998782530e-02   -1.3564459980e-01
    2.7009731159e-02   -1.3582472503e-01
    2.7019461617e-02   -1.3599212468e-01
    2.7029192075e-02   -1.3616688550e-01
    2.7038924396e-02   -1.3634873927e-01
    2.7049871162e-02   -1.3655985892e-01
    2.7059601620e-02   -1.3675291836e-01
    2.7069333941e-02   -1.3695205748e-01
    2.7079064399e-02   -1.3715808094e-01
    2.7088794857e-02   -1.3737101853e-01
    2.7099743485e-02   -1.3761837780e-01
    2.7109473944e-02   -1.3784563541e-01
    2.7119204402e-02   -1.3808034360e-01
    2.7128934860e-02   -1.3832247257e-01
    2.7139883488e-02   -1.3860352337e-01
    2.7149613947e-02   -1.3886111975e-01
    2.7159344405e-02   -1.3912625611e-01
    2.7169076726e-02   -1.3939665258e-01
    2.7178807184e-02   -1.3967324793e-01
    2.7189753950e-02   -1.3999873400e-01
    2.7199486271e-02   -1.4030279219e-01
    2.7209216729e-02   -1.4061875641e-01
    2.7218947187e-02   -1.4094489813e-01
    2.7229895815e-02   -1.4132206142e-01
    2.7239626274e-02   -1.4167147875e-01
    2.7249356732e-02   -1.4203110337e-01
    2.7259089053e-02   -1.4239294827e-01
    2.7268819511e-02   -1.4276258647e-01
    2.7279766276e-02   -1.4318996668e-01
    2.7289498597e-02   -1.4358071983e-01
    2.7299229056e-02   -1.4398705959e-01
    2.7308959514e-02   -1.4440678060e-01
    2.7319908142e-02   -1.4488990605e-01
    2.7329638600e-02   -1.4532347023e-01
    2.7339369059e-02   -1.4575652778e-01
    2.7349101380e-02   -1.4619375765e-01
    2.7358831838e-02   -1.4663712680e-01
    2.7369778603e-02   -1.4714440703e-01
    2.7379510924e-02   -1.4760990441e-01
    2.7389241382e-02   -1.4808191359e-01
    2.7398971841e-02   -1.4855599403e-01
    2.7409920469e-02   -1.4909377694e-01
    2.7419650927e-02   -1.4957544208e-01
    2.7429381385e-02   -1.5006348491e-01
    2.7439113706e-02   -1.5056145191e-01
    2.7448844165e-02   -1.5106593072e-01
    2.7459790930e-02   -1.5163899958e-01
    2.7469523251e-02   -1.5215283632e-01
    2.7479253709e-02   -1.5266942978e-01
    2.7488984168e-02   -1.5318980813e-01
    2.7499932796e-02   -1.5378046036e-01
    2.7509663254e-02   -1.5430921316e-01
    2.7519395575e-02   -1.5484131873e-01
    2.7529126033e-02   -1.5537691116e-01
    2.7538856491e-02   -1.5591673553e-01
    2.7549805120e-02   -1.5652912855e-01
    2.7559535578e-02   -1.5707831085e-01
    2.7569266036e-02   -1.5763440728e-01
    2.7578998357e-02   -1.5819552541e-01
    2.7589945123e-02   -1.5883065760e-01
    2.7599677444e-02   -1.5939973295e-01
    2.7609407902e-02   -1.5997283161e-01
    2.7619138360e-02   -1.6055166721e-01
    2.7628870681e-02   -1.6113960743e-01
    2.7639817446e-02   -1.6180819273e-01
    2.7649549767e-02   -1.6240291297e-01
    2.7659280226e-02   -1.6299706697e-01
    2.7669010684e-02   -1.6358926892e-01
    2.7679959312e-02   -1.6425536573e-01
    2.7689689770e-02   -1.6485320032e-01
    2.7699422091e-02   -1.6545638442e-01
    2.7709152550e-02   -1.6606073081e-01
    2.7718883008e-02   -1.6666488349e-01
    2.7729831636e-02   -1.6734394431e-01
    2.7739562094e-02   -1.6794802248e-01
    2.7749294415e-02   -1.6855494678e-01
    2.7759024873e-02   -1.6916511953e-01
    2.7769973502e-02   -1.6985483468e-01
    2.7779703960e-02   -1.7046944797e-01
    2.7789434418e-02   -1.7108641565e-01
    2.7799166739e-02   -1.7170870304e-01
    2.7808897197e-02   -1.7233493924e-01
    2.7819845825e-02   -1.7304044962e-01
    2.7829576284e-02   -1.7366847396e-01
    2.7839308605e-02   -1.7429673672e-01
    2.7849039063e-02   -1.7492526770e-01
    2.7859985828e-02   -1.7563495040e-01
    2.7869718149e-02   -1.7626884580e-01
    2.7879448608e-02   -1.7690569162e-01
    2.7889180928e-02   -1.7754511535e-01
    2.7898911387e-02   -1.7818665504e-01
    2.7909860015e-02   -1.7891140282e-01
    2.7919590473e-02   -1.7955814302e-01
    2.7929320931e-02   -1.8020714819e-01
    2.7939053252e-02   -1.8085955083e-01
    2.7948783711e-02   -1.8151552975e-01
    2.7959732339e-02   -1.8225678802e-01
    2.7969462797e-02   -1.8291778862e-01
    2.7979195118e-02   -1.8358014524e-01
    2.7988925576e-02   -1.8424437940e-01
    2.7999874204e-02   -1.8499468267e-01
    2.8009604663e-02   -1.8566378951e-01
    2.8019336984e-02   -1.8633449078e-01
    2.8029067442e-02   -1.8700645864e-01
    2.8038797900e-02   -1.8767926097e-01
    2.8049746528e-02   -1.8843704462e-01
    2.8059476987e-02   -1.8911164999e-01
    2.8069209307e-02   -1.8978749216e-01
    2.8078939766e-02   -1.9046463072e-01
    2.8089888394e-02   -1.9122704864e-01
    2.8099618852e-02   -1.9190479815e-01
    2.8109351173e-02   -1.9258290529e-01
    2.8119081631e-02   -1.9326129556e-01
    2.8128813952e-02   -1.9394005835e-01
    2.8139760718e-02   -1.9470453262e-01
    2.8149491176e-02   -1.9538488984e-01
    2.8159223497e-02   -1.9606603682e-01
    2.8168953955e-02   -1.9674782455e-01
    2.8179902583e-02   -1.9751539826e-01
    2.8189633042e-02   -1.9819846749e-01
    2.8199365363e-02   -1.9888231158e-01
    2.8209095821e-02   -1.9956691563e-01
    2.8218828142e-02   -2.0025233924e-01
    2.8229774907e-02   -2.0102347434e-01
    2.8239507228e-02   -2.0170883834e-01
    2.8249237686e-02   -2.0239590108e-01
    2.8258970007e-02   -2.0308421552e-01
    2.8269916773e-02   -2.0385795832e-01
    2.8279649094e-02   -2.0454581082e-01
    2.8289379552e-02   -2.0523560047e-01
    2.8299110010e-02   -2.0592604578e-01
    2.8308842331e-02   -2.0661467314e-01
    2.8319789097e-02   -2.0738780499e-01
    2.8329521418e-02   -2.0807524025e-01
    2.8339251876e-02   -2.0876260102e-01
    2.8348984197e-02   -2.0944938064e-01
    2.8359930962e-02   -2.1022138000e-01
    2.8369663283e-02   -2.1090708673e-01
    2.8379393741e-02   -2.1159239113e-01
    2.8389126062e-02   -2.1227736771e-01
    2.8398856521e-02   -2.1296256781e-01
    2.8409805149e-02   -2.1373420954e-01
    2.8419535607e-02   -2.1442049742e-01
    2.8429267928e-02   -2.1510688961e-01
    2.8438998386e-02   -2.1579316258e-01
    2.8449947014e-02   -2.1656502783e-01
    2.8459677473e-02   -2.1725144982e-01
    2.8469409794e-02   -2.1793821454e-01
    2.8479140252e-02   -2.1862511337e-01
    2.8488872573e-02   -2.1931277215e-01
    2.8499819338e-02   -2.2008688748e-01
    2.8509551659e-02   -2.2077485919e-01
    2.8519282117e-02   -2.2146265209e-01
    2.8529014438e-02   -2.2215044498e-01
    2.8539961204e-02   -2.2292470932e-01
    2.8549693525e-02   -2.2361351550e-01
    2.8559423983e-02   -2.2430254519e-01
    2.8569156304e-02   -2.2499176860e-01
    2.8578886762e-02   -2.2568139434e-01
    2.8589835390e-02   -2.2645814717e-01
    2.8599565849e-02   -2.2714978456e-01
    2.8609298170e-02   -2.2784245014e-01
    2.8619028628e-02   -2.2853611410e-01
    2.8629977256e-02   -2.2931757569e-01
    2.8639707714e-02   -2.3001320660e-01
    2.8649440035e-02   -2.3071007431e-01
    2.8659170493e-02   -2.3140807450e-01
    2.8668902814e-02   -2.3210759461e-01
    2.8679849580e-02   -2.3289746046e-01
    2.8689581901e-02   -2.3360140622e-01
    2.8699312359e-02   -2.3430657387e-01
    2.8709044680e-02   -2.3501442373e-01
    2.8719991446e-02   -2.3581551015e-01
    2.8729723766e-02   -2.3652936518e-01
    2.8739454225e-02   -2.3724332452e-01
    2.8749413788e-02   -2.3797629774e-01
    2.8759794310e-02   -2.3876333237e-01
    2.8769526631e-02   -2.3950429261e-01
    2.8779909015e-02   -2.4028956890e-01
    2.8789639473e-02   -2.4102497101e-01
    2.8799371794e-02   -2.4176158011e-01
    2.8809754178e-02   -2.4254886806e-01
    2.8819486499e-02   -2.4328848720e-01
    2.8829867020e-02   -2.4407951534e-01
    2.8839599341e-02   -2.4482330680e-01
    2.8849979863e-02   -2.4561844766e-01
    2.8859712183e-02   -2.4636571109e-01
    2.8869444504e-02   -2.4711400270e-01
    2.8879825026e-02   -2.4791306257e-01
    2.8889557347e-02   -2.4866469204e-01
    2.8899939731e-02   -2.4946954846e-01
    2.8909670189e-02   -2.5022691488e-01
    2.8919402510e-02   -2.5098758936e-01
    2.8929784894e-02   -2.5180277228e-01
    2.8939517215e-02   -2.5257113576e-01
    2.8949897736e-02   -2.5339549780e-01
    2.8959630057e-02   -2.5417235494e-01
    2.8969362378e-02   -2.5495314598e-01
    2.8979742900e-02   -2.5579056144e-01
    2.8989475220e-02   -2.5658053160e-01
    2.8999855742e-02   -2.5742924213e-01
    2.9009588063e-02   -2.5823104382e-01
    2.9019970447e-02   -2.5909206271e-01
    2.9029702768e-02   -2.5990360975e-01
    2.9039433226e-02   -2.6071825624e-01
    2.9049815610e-02   -2.6159098744e-01
    2.9059547931e-02   -2.6241272688e-01
    2.9069928452e-02   -2.6329270005e-01
    2.9079660773e-02   -2.6412218809e-01
    2.9089393094e-02   -2.6495644450e-01
    2.9099773616e-02   -2.6585149765e-01
    2.9109505937e-02   -2.6669532061e-01
    2.9119886458e-02   -2.6760011911e-01
    2.9129618779e-02   -2.6845309138e-01
    2.9139351100e-02   -2.6931062341e-01
    2.9149733484e-02   -2.7023002505e-01
    2.9159463942e-02   -2.7109643817e-01
    2.9169846326e-02   -2.7202561498e-01
    2.9179578647e-02   -2.7290168405e-01
    2.9189959168e-02   -2.7384188771e-01
    2.9199691489e-02   -2.7472847700e-01
    2.9209423810e-02   -2.7561989427e-01
    2.9219804332e-02   -2.7657589316e-01
    2.9229536653e-02   -2.7747660875e-01
    2.9239917174e-02   -2.7844253182e-01
    2.9249649495e-02   -2.7935346961e-01
    2.9259381816e-02   -2.8026977181e-01
    2.9269764200e-02   -2.8125295043e-01
    2.9279494658e-02   -2.8218001127e-01
    2.9289877042e-02   -2.8317388892e-01
    2.9299609363e-02   -2.8411048651e-01
    2.9309989884e-02   -2.8511503339e-01
    2.9319722205e-02   -2.8606241941e-01
    2.9329454526e-02   -2.8701508045e-01
    2.9339835048e-02   -2.8803560138e-01
    2.9349567369e-02   -2.8899523616e-01
    2.9359947890e-02   -2.9002127051e-01
    2.9369680211e-02   -2.9098510742e-01
    2.9379412532e-02   -2.9195123911e-01
    2.9389794916e-02   -2.9298508167e-01
    2.9399527237e-02   -2.9395806789e-01
    2.9409907758e-02   -2.9500034451e-01
    2.9419640079e-02   -2.9598125815e-01
    2.9429372400e-02   -2.9696542025e-01
    2.9439752921e-02   -2.9801842570e-01
    2.9449485242e-02   -2.9900842905e-01
    2.9459865764e-02   -3.0006763339e-01
    2.9469598085e-02   -3.0106341839e-01
    2.9479978606e-02   -3.0212816596e-01
    2.9489710927e-02   -3.0312862992e-01
    2.9499443248e-02   -3.0413120985e-01
    2.9509825632e-02   -3.0520302057e-01
    2.9519557953e-02   -3.0621030927e-01
    2.9529938474e-02   -3.0728760362e-01
    2.9539670795e-02   -3.0830043554e-01
    2.9549403116e-02   -3.0931618810e-01
    2.9559783638e-02   -3.1040245295e-01
    2.9569515958e-02   -3.1142261624e-01
    2.9579896480e-02   -3.1251180172e-01
    2.9589628801e-02   -3.1353372335e-01
    2.9599361122e-02   -3.1455621123e-01
    2.9609741643e-02   -3.1564620137e-01
    2.9619473964e-02   -3.1666588783e-01
    2.9629856348e-02   -3.1774938107e-01
    2.9639588669e-02   -3.1876051426e-01
    2.9649969190e-02   -3.1983497739e-01
    2.9659701511e-02   -3.2083913684e-01
    2.9669433832e-02   -3.2184064388e-01
    2.9679814354e-02   -3.2290810347e-01
    2.9689546674e-02   -3.2390698791e-01
    2.9699927196e-02   -3.2497560978e-01
    2.9709659517e-02   -3.2598131895e-01
    2.9719391838e-02   -3.2698461413e-01
    2.9729772359e-02   -3.2804852724e-01
    2.9739504680e-02   -3.2903957367e-01
    2.9749887064e-02   -3.3009049296e-01
    2.9759619385e-02   -3.3106973767e-01
    2.9769351706e-02   -3.3204215765e-01
    2.9779732227e-02   -3.3306998014e-01
    2.9789464548e-02   -3.3402293921e-01
    2.9799845070e-02   -3.3502614498e-01
    2.9809577391e-02   -3.3595228195e-01
    2.9819957912e-02   -3.3692252636e-01
    2.9829690233e-02   -3.3781352639e-01
    2.9839422554e-02   -3.3868530393e-01
    2.9849803075e-02   -3.3959296346e-01
    2.9859535396e-02   -3.4042191505e-01
    2.9869917780e-02   -3.4128147364e-01
    2.9879650101e-02   -3.4206327796e-01
    2.9889382422e-02   -3.4282103181e-01
    2.9899762943e-02   -3.4360179305e-01
    2.9909495264e-02   -3.4430709481e-01
    2.9919875786e-02   -3.4503015876e-01
    2.9929608107e-02   -3.4567987919e-01
    2.9939988628e-02   -3.4634274244e-01
    2.9949720949e-02   -3.4693714976e-01
    2.9959453270e-02   -3.4750771523e-01
    2.9969833791e-02   -3.4809148312e-01
    2.9979566112e-02   -3.4861239791e-01
    2.9989948496e-02   -3.4913191199e-01
    2.9999680817e-02   -3.4957933426e-01
    3.0000329018e-02   -3.4960776567e-01
