      3002
    0.0000000000e+00    0.0000000000e+00
    9.7362280940e-06   -5.2290732810e-07
    1.9472456188e-05   -1.9754277218e-06
    2.9208684282e-05   -4.3575610107e-06
    3.8944912376e-05   -7.6693077062e-06
    4.9898168072e-05   -1.2506199710e-05
    5.9634396166e-05   -1.7793374354e-05
    6.9370624260e-05   -2.4010161724e-05
    7.9106852354e-05   -3.1156559999e-05
    8.8843080448e-05   -3.9232574636e-05
    9.9796336144e-05   -4.9429265346e-05
    1.0953254969e-04   -7.8722991748e-04
    1.1927346350e-04   -2.5799353607e-03
    1.2966935174e-04   -3.8491624873e-03
    1.3936702453e-04   -4.6951645054e-03
    1.4957833628e-04   -5.2948850207e-03
    1.5916032135e-04   -6.0875453055e-03
    1.6953409067e-04   -7.7035007998e-03
    1.7927007866e-04   -9.3631017953e-03
    1.8900603754e-04   -1.1023197323e-02
    1.9995904586e-04   -1.3079578057e-02
    2.0969503385e-04   -1.5047799796e-02
    2.1943096363e-04   -1.7322696745e-02
    2.2916687885e-04   -1.9963517785e-02
    2.3890283774e-04   -2.2828133777e-02
    2.4985588971e-04   -2.6171315461e-02
    2.5959202321e-04   -2.9121762142e-02
    2.6932815672e-04   -3.2092932612e-02
    2.7906429023e-04   -3.5275500268e-02
    2.8880042373e-04   -3.8755439222e-02
    2.9975359212e-04   -4.3022990227e-02
    3.0948969652e-04   -4.7073490918e-02
    3.1922583003e-04   -5.1285728812e-02
    3.2896193443e-04   -5.5656898767e-02
    3.3991501550e-04   -6.0778029263e-02
    3.4965106170e-04   -6.5464980900e-02
    3.5938710789e-04   -7.0234082639e-02
    3.6912309588e-04   -7.5070582330e-02
    3.7885899656e-04   -8.0042399466e-02
    3.8981181569e-04   -8.5903786123e-02
    3.9954759995e-04   -9.1376528144e-02
    4.0928332601e-04   -9.7051903605e-02
    4.1901899385e-04   -1.0284769535e-01
    4.2997155106e-04   -1.0946343094e-01
    4.3970713159e-04   -1.1544575542e-01
    4.4944265392e-04   -1.2155172974e-01
    4.5917817624e-04   -1.2779073417e-01
    4.6891369857e-04   -1.3415530324e-01
    4.7986613936e-04   -1.4149123430e-01
    4.8960157437e-04   -1.4819251001e-01
    4.9933698028e-04   -1.5506827831e-01
    5.0907238619e-04   -1.6211196780e-01
    5.1880773390e-04   -1.6929143667e-01
    5.2975991275e-04   -1.7751649022e-01
    5.3949520225e-04   -1.8498946726e-01
    5.4923043353e-04   -1.9265341759e-01
    5.5896566482e-04   -2.0053653419e-01
    5.6991778547e-04   -2.0966994762e-01
    5.7965301676e-04   -2.1800239384e-01
    5.8938824804e-04   -2.2652550042e-01
    5.9912342113e-04   -2.3523379862e-01
    6.0885853600e-04   -2.4411405623e-01
    6.1981054023e-04   -2.5429072976e-01
    6.2954559689e-04   -2.6347443461e-01
    6.3928065356e-04   -2.7278557420e-01
    6.4901565202e-04   -2.8226017952e-01
    6.5996742342e-04   -2.9317292571e-01
    6.6970230546e-04   -3.0314797163e-01
    6.7943712929e-04   -3.1339964271e-01
    6.8917183671e-04   -3.2392793894e-01
    6.9890648592e-04   -3.3473354578e-01
    7.0985779166e-04   -3.4721603990e-01
    7.1959214984e-04   -3.5859054327e-01
    7.2932633338e-04   -3.7020668387e-01
    7.3906040052e-04   -3.8203707337e-01
    7.4879435124e-04   -3.9406895638e-01
    7.5974490028e-04   -4.0785324574e-01
    7.6947855996e-04   -4.2033645511e-01
    7.7921216143e-04   -4.3304359913e-01
    7.8894570470e-04   -4.4596695900e-01
    7.9989572987e-04   -4.6075424552e-01
    8.0962892389e-04   -4.7413274646e-01
    8.1936200149e-04   -4.8775461316e-01
    8.2909490447e-04   -5.0164395571e-01
    8.3882757463e-04   -5.1580762863e-01
    8.4977661027e-04   -5.3205513954e-01
    8.5950887296e-04   -5.4676496983e-01
    8.6924090283e-04   -5.6172096729e-01
    8.7897275807e-04   -5.7691532373e-01
    8.8992092060e-04   -5.9427708387e-01
    8.9965248480e-04   -6.0993391275e-01
    9.0938387439e-04   -6.2579160929e-01
    9.1911520576e-04   -6.4185267687e-01
    9.2884636251e-04   -6.5813213587e-01
    9.3979376834e-04   -6.7672890425e-01
    9.4952457584e-04   -6.9352501631e-01
    9.5925526693e-04   -7.1058845520e-01
    9.6898584161e-04   -7.2793996334e-01
    9.7993249074e-04   -7.4782222509e-01
    9.8966283258e-04   -7.6582908630e-01
    9.9939294159e-04   -7.8414911032e-01
    1.0091229342e-03   -8.0277115107e-01
    1.0188529268e-03   -8.2168561220e-01
    1.0297988774e-03   -8.4330224991e-01
    1.0395286372e-03   -8.6281776428e-01
    1.0492583970e-03   -8.8262230158e-01
    1.0589880403e-03   -9.0272021294e-01
    1.0699337581e-03   -9.2568928003e-01
    1.0796632851e-03   -9.4642972946e-01
    1.0893928120e-03   -9.6747905016e-01
    1.0991222225e-03   -9.8884409666e-01
    1.1088516330e-03   -1.0105291605e+00
    1.1197971180e-03   -1.0352976322e+00
    1.1295265285e-03   -1.0576250553e+00
    1.1392558226e-03   -1.0802216530e+00
    1.1489852332e-03   -1.1030662060e+00
    1.1599308345e-03   -1.1290345192e+00
    1.1696603615e-03   -1.1523281336e+00
    1.1793898884e-03   -1.1758003235e+00
    1.1891194154e-03   -1.1994339228e+00
    1.1988490587e-03   -1.2232176065e+00
    1.2097946601e-03   -1.2501479387e+00
    1.2195238378e-03   -1.2742246389e+00
    1.2292530155e-03   -1.2984185219e+00
    1.2389819603e-03   -1.3227322102e+00
    1.2499268632e-03   -1.3502521515e+00
    1.2596555753e-03   -1.3748923540e+00
    1.2693840545e-03   -1.3997188807e+00
    1.2791125337e-03   -1.4247236252e+00
    1.2888408964e-03   -1.4498776197e+00
    1.2997852173e-03   -1.4783116579e+00
    1.3095134636e-03   -1.5036656857e+00
    1.3192418264e-03   -1.5290590525e+00
    1.3289700728e-03   -1.5544662476e+00
    1.3399145100e-03   -1.5830496550e+00
    1.3496428728e-03   -1.6084640026e+00
    1.3593712356e-03   -1.6339060068e+00
    1.3690997148e-03   -1.6594023705e+00
    1.3788280776e-03   -1.6849786043e+00
    1.3897725148e-03   -1.7138808966e+00
    1.3995006448e-03   -1.7397197485e+00
    1.4092286583e-03   -1.7657328844e+00
    1.4189564390e-03   -1.7919452190e+00
    1.4299000613e-03   -1.8216857910e+00
    1.4396273764e-03   -1.8483375311e+00
    1.4493545750e-03   -1.8751469851e+00
    1.4590816572e-03   -1.9020475149e+00
    1.4688085066e-03   -1.9289685488e+00
    1.4797509648e-03   -1.9591987133e+00
    1.4894774649e-03   -1.9859638214e+00
    1.4992038487e-03   -2.0125894547e+00
    1.5095787821e-03   -2.0408113003e+00
    1.5199597692e-03   -2.0688555241e+00
    1.5296920901e-03   -2.0949568748e+00
    1.5394242946e-03   -2.1209244728e+00
    1.5498868888e-03   -2.1487944126e+00
    1.5591537813e-03   -2.1734941006e+00
    1.5696665505e-03   -2.2015366554e+00
    1.5798920067e-03   -2.2288589478e+00
    1.5898727579e-03   -2.2556426525e+00
    1.5992803965e-03   -2.2810904980e+00
    1.6096245963e-03   -2.3093762398e+00
    1.6198499361e-03   -2.3376307487e+00
    1.6296050744e-03   -2.3648257256e+00
    1.6399183078e-03   -2.3938145638e+00
    1.6494620359e-03   -2.4208519459e+00
    1.6596874921e-03   -2.4499690533e+00
    1.6694581136e-03   -2.4778420925e+00
    1.6795508564e-03   -2.5066292286e+00
    1.6893561697e-03   -2.5345993042e+00
    1.6995816259e-03   -2.5637190342e+00
    1.7098069657e-03   -2.5926821232e+00
    1.7193508102e-03   -2.6195831299e+00
    1.7295761500e-03   -2.6483759880e+00
    1.7398016062e-03   -2.6772148609e+00
    1.7493453342e-03   -2.7041845322e+00
    1.7598492559e-03   -2.7339468002e+00
    1.7696802970e-03   -2.7619411945e+00
    1.7799057532e-03   -2.7912366390e+00
    1.7894494813e-03   -2.8187024593e+00
    1.7996749375e-03   -2.8482427597e+00
    1.8099003937e-03   -2.8779203892e+00
    1.8199326005e-03   -2.9071660042e+00
    1.8291077577e-03   -2.9340100288e+00
    1.8392003840e-03   -2.9636287689e+00
    1.8497131532e-03   -2.9945251942e+00
    1.8599386094e-03   -3.0245709419e+00
    1.8694823375e-03   -3.0525717735e+00
    1.8797077937e-03   -3.0825324059e+00
    1.8899332499e-03   -3.1124575138e+00
    1.8994769780e-03   -3.1403217316e+00
    1.9097024342e-03   -3.1700394154e+00
    1.9199278904e-03   -3.1995723248e+00
    1.9294716185e-03   -3.2269709110e+00
    1.9396970747e-03   -3.2561554909e+00
    1.9499224145e-03   -3.2851474285e+00
    1.9594661426e-03   -3.3120174408e+00
    1.9693779759e-03   -3.3397383690e+00
    1.9799820147e-03   -3.3692286015e+00
    1.9896221347e-03   -3.3959033489e+00
    1.9992622547e-03   -3.4224300385e+00
    2.0098662935e-03   -3.4514355659e+00
    2.0195064135e-03   -3.4776844978e+00
    2.0291465335e-03   -3.5038504601e+00
    2.0399366040e-03   -3.5330674648e+00
    2.0494803321e-03   -3.5588784218e+00
    2.0597057883e-03   -3.5865392685e+00
    2.0699312445e-03   -3.6142566204e+00
    2.0792784635e-03   -3.6396765709e+00
    2.0898825023e-03   -3.6686227322e+00
    2.0995226223e-03   -3.6950347424e+00
    2.1093485411e-03   -3.7220420837e+00
    2.1195739973e-03   -3.7502183914e+00
    2.1297994535e-03   -3.7784461975e+00
    2.1393431816e-03   -3.8048329353e+00
    2.1495686378e-03   -3.8331477642e+00
    2.1599968895e-03   -3.8620676994e+00
    2.1696370095e-03   -3.8888537884e+00
    2.1792771295e-03   -3.9157299995e+00
    2.1898811683e-03   -3.9454197884e+00
    2.1995212883e-03   -3.9725270271e+00
    2.2091614082e-03   -3.9997546673e+00
    2.2197654471e-03   -4.0298585892e+00
    2.2294055670e-03   -4.0573673248e+00
    2.2390456870e-03   -4.0850052834e+00
    2.2496497259e-03   -4.1155362129e+00
    2.2592898458e-03   -4.1433944702e+00
    2.2698938847e-03   -4.1741476059e+00
    2.2795340046e-03   -4.2021956444e+00
    2.2891741246e-03   -4.2303128242e+00
    2.2997781634e-03   -4.2612910271e+00
    2.3094182834e-03   -4.2894792557e+00
    2.3196919356e-03   -4.3195285797e+00
    2.3299173918e-03   -4.3494057655e+00
    2.3394611198e-03   -4.3772244453e+00
    2.3496865761e-03   -4.4069771767e+00
    2.3599120323e-03   -4.4366970062e+00
    2.3694557603e-03   -4.4643893242e+00
    2.3796812166e-03   -4.4939708710e+00
    2.3899066728e-03   -4.5234451294e+00
    2.3994504008e-03   -4.5508656502e+00
    2.4096758571e-03   -4.5801601410e+00
    2.4199013133e-03   -4.6093678474e+00
    2.4295307230e-03   -4.6367878914e+00
    2.4391708430e-03   -4.6641707420e+00
    2.4498712737e-03   -4.6945004463e+00
    2.4595372379e-03   -4.7218050957e+00
    2.4699645583e-03   -4.7511544228e+00
    2.4796046782e-03   -4.7782077789e+00
    2.4897130206e-03   -4.8064880371e+00
    2.4999384768e-03   -4.8350033760e+00
    2.5094822049e-03   -4.8615489006e+00
    2.5197076611e-03   -4.8899264336e+00
    2.5299331173e-03   -4.9182405472e+00
    2.5394768454e-03   -4.9446058273e+00
    2.5497023016e-03   -4.9727916718e+00
    2.5599277578e-03   -5.0009360313e+00
    2.5694714859e-03   -5.0271797180e+00
    2.5796969421e-03   -5.0552730560e+00
    2.5899223983e-03   -5.0833234787e+00
    2.5994661264e-03   -5.1094484329e+00
    2.6096915826e-03   -5.1373896599e+00
    2.6199170388e-03   -5.1652960777e+00
    2.6294607669e-03   -5.1913161278e+00
    2.6396862231e-03   -5.2191748619e+00
    2.6499116793e-03   -5.2470164299e+00
    2.6593760122e-03   -5.2727632523e+00
    2.6699800510e-03   -5.3015871048e+00
    2.6796201710e-03   -5.3277773857e+00
    2.6892602909e-03   -5.3539385796e+00
    2.6998643298e-03   -5.3826799393e+00
    2.7095044497e-03   -5.4087929726e+00
    2.7191445697e-03   -5.4348921776e+00
    2.7297486085e-03   -5.4635787010e+00
    2.7393887285e-03   -5.4896297455e+00
    2.7499927673e-03   -5.5182466507e+00
    2.7596328873e-03   -5.5442371368e+00
    2.7692730073e-03   -5.5702133179e+00
    2.7798770461e-03   -5.5987558365e+00
    2.7895171661e-03   -5.6246671677e+00
    2.7991572861e-03   -5.6505413055e+00
    2.8097613249e-03   -5.6789870262e+00
    2.8194014449e-03   -5.7048630714e+00
    2.8290415648e-03   -5.7307534218e+00
    2.8396456037e-03   -5.7592463493e+00
    2.8492857236e-03   -5.7851433754e+00
    2.8593251482e-03   -5.8120870590e+00
    2.8695506044e-03   -5.8395037651e+00
    2.8797760606e-03   -5.8669023514e+00
    2.8893197887e-03   -5.8924865723e+00
    2.8995452449e-03   -5.9199233055e+00
    2.9097707011e-03   -5.9473671913e+00
    2.9199961573e-03   -5.9748020172e+00
    2.9295398854e-03   -6.0004029274e+00
    2.9391210992e-03   -6.0261068344e+00
    2.9497253709e-03   -6.0545654297e+00
    2.9593652580e-03   -6.0804262161e+00
    2.9699695297e-03   -6.1088180542e+00
    2.9796096496e-03   -6.1345801353e+00
    2.9892495368e-03   -6.1603260040e+00
    2.9998538084e-03   -6.1886639595e+00
    3.0094936956e-03   -6.2144355774e+00
    3.0191338155e-03   -6.2401862144e+00
    3.0297380872e-03   -6.2684650421e+00
    3.0393779743e-03   -6.2941327095e+00
    3.0499822460e-03   -6.3223576546e+00
    3.0596223660e-03   -6.3480515480e+00
    3.0693311710e-03   -6.3739728928e+00
    3.0795566272e-03   -6.4013028145e+00
    3.0897820834e-03   -6.4286637306e+00
    3.0993258115e-03   -6.4542050362e+00
    3.1095512677e-03   -6.4815182686e+00
    3.1197767239e-03   -6.5087413788e+00
    3.1290757470e-03   -6.5334191322e+00
    3.1396797858e-03   -6.5614829063e+00
    3.1493199058e-03   -6.5869345665e+00
    3.1599239446e-03   -6.6148729324e+00
    3.1695640646e-03   -6.6402440071e+00
    3.1792041846e-03   -6.6656298637e+00
    3.1898082234e-03   -6.6935901642e+00
    3.1994483434e-03   -6.7190165520e+00
    3.2090884633e-03   -6.7444143295e+00
    3.2196925022e-03   -6.7722778320e+00
    3.2293326221e-03   -6.7975401878e+00
    3.2399366610e-03   -6.8252978325e+00
    3.2495767809e-03   -6.8505296707e+00
    3.2592169009e-03   -6.8757710457e+00
    3.2698209397e-03   -6.9035482407e+00
    3.2794610597e-03   -6.9287986755e+00
    3.2891011797e-03   -6.9540405273e+00
    3.2997052185e-03   -6.9817976952e+00
    3.3093453385e-03   -7.0070314407e+00
    3.3199493773e-03   -7.0347905159e+00
    3.3295894973e-03   -7.0600280762e+00
    3.3392296173e-03   -7.0852751732e+00
    3.3498336561e-03   -7.1130633354e+00
    3.3594737761e-03   -7.1383404732e+00
    3.3691138960e-03   -7.1636319160e+00
    3.3797179349e-03   -7.1914596558e+00
    3.3893580548e-03   -7.2167568207e+00
    3.3999623265e-03   -7.2445726395e+00
    3.4096022137e-03   -7.2698397636e+00
    3.4192423336e-03   -7.2950820923e+00
    3.4298463725e-03   -7.3228178024e+00
    3.4394864924e-03   -7.3479981422e+00
    3.4491266124e-03   -7.3731441498e+00
    3.4597306512e-03   -7.4007663727e+00
    3.4693707712e-03   -7.4258489609e+00
    3.4799750429e-03   -7.4534153938e+00
    3.4896149300e-03   -7.4784560204e+00
    3.4993239678e-03   -7.5036602020e+00
    3.5095494241e-03   -7.5301923752e+00
    3.5197748803e-03   -7.5567283630e+00
    3.5293186083e-03   -7.5814905167e+00
    3.5395440646e-03   -7.6079764366e+00
    3.5497695208e-03   -7.6343731880e+00
    3.5597984679e-03   -7.6601648331e+00
    3.5694385879e-03   -7.6848821640e+00
    3.5790784750e-03   -7.7095341682e+00
    3.5896827467e-03   -7.7365736961e+00
    3.5993228666e-03   -7.7610869408e+00
    3.6099269055e-03   -7.7879891396e+00
    3.6198010202e-03   -7.8129835129e+00
    3.6293447483e-03   -7.8370652199e+00
    3.6392083857e-03   -7.8618659973e+00
    3.6498126574e-03   -7.8884263039e+00
    3.6594527774e-03   -7.9124617577e+00
    3.6690926645e-03   -7.9363746643e+00
    3.6796969362e-03   -7.9625501633e+00
    3.6893370561e-03   -7.9862842560e+00
    3.6999410950e-03   -8.0123691559e+00
    3.7099323235e-03   -8.0369186401e+00
    3.7194760516e-03   -8.0603160858e+00
    3.7297015078e-03   -8.0853147507e+00
    3.7399269640e-03   -8.1102466583e+00
    3.7494706921e-03   -8.1334476471e+00
    3.7596961483e-03   -8.1582231522e+00
    3.7699216045e-03   -8.1829223633e+00
    3.7794653326e-03   -8.2059326172e+00
    3.7896907888e-03   -8.2305727005e+00
    3.7991551217e-03   -8.2533836365e+00
    3.8097591605e-03   -8.2789392471e+00
    3.8193992805e-03   -8.3021478653e+00
    3.8290394004e-03   -8.3253297806e+00
    3.8396434393e-03   -8.3508329391e+00
    3.8492835592e-03   -8.3740615845e+00
    3.8598875981e-03   -8.3996610641e+00
    3.8695277181e-03   -8.4229526520e+00
    3.8791678380e-03   -8.4462385178e+00
    3.8897718769e-03   -8.4718179703e+00
    3.8997107185e-03   -8.4957675934e+00
    3.9093508385e-03   -8.5189876556e+00
    3.9199548773e-03   -8.5445165634e+00
    3.9295949973e-03   -8.5677108765e+00
    3.9392351173e-03   -8.5908880234e+00
    3.9498391561e-03   -8.6163625717e+00
    3.9594792761e-03   -8.6394996643e+00
    3.9691193961e-03   -8.6626148224e+00
    3.9797234349e-03   -8.6880226135e+00
    3.9893635549e-03   -8.7111072540e+00
    3.9999675937e-03   -8.7364902496e+00
    4.0096077137e-03   -8.7595653534e+00
    4.0192478336e-03   -8.7826442719e+00
    4.0298518725e-03   -8.8080310822e+00
    4.0394919924e-03   -8.8311090469e+00
    4.0491321124e-03   -8.8541860580e+00
    4.0597361512e-03   -8.8795824051e+00
    4.0693762712e-03   -8.9026889801e+00
    4.0799803101e-03   -8.9281425476e+00
    4.0896204300e-03   -8.9513206482e+00
    4.0992605500e-03   -8.9745359421e+00
    4.1098645888e-03   -9.0001029968e+00
    4.1195047088e-03   -9.0233526230e+00
    4.1291448288e-03   -9.0465917587e+00
    4.1397488676e-03   -9.0721368790e+00
    4.1493889876e-03   -9.0953388214e+00
    4.1599930264e-03   -9.1208410263e+00
    4.1696331464e-03   -9.1440210342e+00
    4.1792732663e-03   -9.1672153473e+00
    4.1898773052e-03   -9.1927604675e+00
    4.1995174251e-03   -9.2160224915e+00
    4.2099561542e-03   -9.2412586212e+00
    4.2194998823e-03   -9.2643737793e+00
    4.2297253385e-03   -9.2891759872e+00
    4.2399507947e-03   -9.3140068054e+00
    4.2494945228e-03   -9.3372001648e+00
    4.2599313892e-03   -9.3625640869e+00
    4.2698658071e-03   -9.3866901398e+00
    4.2794100009e-03   -9.4098587036e+00
    4.2891562916e-03   -9.4335212708e+00
    4.2994301766e-03   -9.4584798813e+00
    4.3096551672e-03   -9.4833335876e+00
    4.3199183419e-03   -9.5082635880e+00
    4.3295584619e-03   -9.5316600800e+00
    4.3391985819e-03   -9.5550584793e+00
    4.3499888852e-03   -9.5812425613e+00
    4.3595326133e-03   -9.6043615341e+00
    4.3697580695e-03   -9.6290950775e+00
    4.3799830601e-03   -9.6538343430e+00
    4.3895272538e-03   -9.6769418716e+00
    4.3997522444e-03   -9.7016887665e+00
    4.4093644246e-03   -9.7249288559e+00
    4.4195898809e-03   -9.7496376038e+00
    4.4298153371e-03   -9.7743453979e+00
    4.4394270517e-03   -9.7975893021e+00
    4.4498355128e-03   -9.8227825165e+00
    4.4594756328e-03   -9.8461380005e+00
    4.4691157527e-03   -9.8695154190e+00
    4.4797197916e-03   -9.8952703476e+00
    4.4899932109e-03   -9.9202785492e+00
    4.4995369390e-03   -9.9435644150e+00
    4.5097623952e-03   -9.9685497284e+00
    4.5197433792e-03   -9.9929513931e+00
    4.5293834992e-03   -1.0016513824e+01
    4.5399875380e-03   -1.0042425156e+01
    4.5496276580e-03   -1.0065956116e+01
    4.5597357675e-03   -1.0090575218e+01
    4.5699612238e-03   -1.0115403175e+01
    4.5795049518e-03   -1.0138524055e+01
    4.5896507800e-03   -1.0163066864e+01
    4.5997593552e-03   -1.0187468529e+01
    4.6099848114e-03   -1.0212038040e+01
    4.6195285395e-03   -1.0234823227e+01
    4.6297539957e-03   -1.0259105682e+01
    4.6399794519e-03   -1.0283310890e+01
    4.6495231800e-03   -1.0305841446e+01
    4.6597486362e-03   -1.0329876900e+01
    4.6699740924e-03   -1.0353768349e+01
    4.6795178205e-03   -1.0375932693e+01
    4.6897432767e-03   -1.0399537086e+01
    4.6993726864e-03   -1.0421619415e+01
    4.7095981427e-03   -1.0444921494e+01
    4.7198235989e-03   -1.0468073845e+01
    4.7293673269e-03   -1.0489548683e+01
    4.7395927832e-03   -1.0512432098e+01
    4.7498182394e-03   -1.0535184860e+01
    4.7593619674e-03   -1.0556269646e+01
    4.7695874237e-03   -1.0578680038e+01
    4.7798128799e-03   -1.0600917816e+01
    4.7893566079e-03   -1.0621532440e+01
    4.7995820642e-03   -1.0643483162e+01
    4.8098075204e-03   -1.0665293694e+01
    4.8193512484e-03   -1.0685507774e+01
    4.8295767047e-03   -1.0706999779e+01
    4.8398021609e-03   -1.0728323936e+01
    4.8493458889e-03   -1.0748089790e+01
    4.8595713452e-03   -1.0769125938e+01
    4.8697968014e-03   -1.0790019035e+01
    4.8793405294e-03   -1.0809391022e+01
    4.8895659856e-03   -1.0830001831e+01
    4.8997914419e-03   -1.0850454330e+01
    4.9093351699e-03   -1.0869400024e+01
    4.9195606261e-03   -1.0889555931e+01
    4.9297860824e-03   -1.0909584999e+01
    4.9393298104e-03   -1.0928181648e+01
    4.9495552666e-03   -1.0948012352e+01
    4.9597807229e-03   -1.0967745781e+01
    4.9693244509e-03   -1.0986074448e+01
    4.9795499071e-03   -1.1005617142e+01
    4.9897753634e-03   -1.1025079727e+01
    4.9993190914e-03   -1.1043188095e+01
    5.0095445476e-03   -1.1062533379e+01
    5.0197700039e-03   -1.1081816673e+01
    5.0299954601e-03   -1.1101034164e+01
    5.0395391881e-03   -1.1118906975e+01
    5.0497646444e-03   -1.1137993813e+01
    5.0599896349e-03   -1.1157014847e+01
    5.0695338286e-03   -1.1174708366e+01
    5.0797588192e-03   -1.1193597794e+01
    5.0899842754e-03   -1.1211697578e+01
    5.0995280035e-03   -1.1227829933e+01
    5.1097534597e-03   -1.1245346069e+01
    5.1199789159e-03   -1.1263195038e+01
    5.1295226440e-03   -1.1280123711e+01
    5.1397481002e-03   -1.1298277855e+01
    5.1499735564e-03   -1.1316061020e+01
    5.1595172845e-03   -1.1332494736e+01
    5.1697427407e-03   -1.1350121498e+01
    5.1799681969e-03   -1.1367674828e+01
    5.1895119250e-03   -1.1383938789e+01
    5.1997373812e-03   -1.1401200294e+01
    5.2099628374e-03   -1.1418282509e+01
    5.2195065655e-03   -1.1434123993e+01
    5.2297320217e-03   -1.1451041222e+01
    5.2399574779e-03   -1.1467907906e+01
    5.2497885190e-03   -1.1484077454e+01
    5.2595208399e-03   -1.1500033379e+01
    5.2699018270e-03   -1.1516973495e+01
    5.2796341479e-03   -1.1532777786e+01
    5.2893660031e-03   -1.1548518181e+01
    5.2997469902e-03   -1.1565241814e+01
    5.3094793111e-03   -1.1580854416e+01
    5.3198602982e-03   -1.1597430229e+01
    5.3295926191e-03   -1.1612904549e+01
    5.3393580019e-03   -1.1628381729e+01
    5.3495829925e-03   -1.1644547462e+01
    5.3598084487e-03   -1.1660667419e+01
    5.3693521768e-03   -1.1675666809e+01
    5.3795776330e-03   -1.1691680908e+01
    5.3898030892e-03   -1.1707628250e+01
    5.3993468173e-03   -1.1722452164e+01
    5.4095722735e-03   -1.1738265038e+01
    5.4197977297e-03   -1.1753995895e+01
    5.4293414578e-03   -1.1768595695e+01
    5.4395669140e-03   -1.1784144402e+01
    5.4497923702e-03   -1.1799601555e+01
    5.4593360983e-03   -1.1813951492e+01
    5.4695615545e-03   -1.1829246521e+01
    5.4797870107e-03   -1.1844450951e+01
    5.4893307388e-03   -1.1858544350e+01
    5.4995561950e-03   -1.1873519897e+01
    5.5097816512e-03   -1.1888355255e+01
    5.5193253793e-03   -1.1902076721e+01
    5.5295508355e-03   -1.1916645050e+01
    5.5397762917e-03   -1.1931071281e+01
    5.5493200198e-03   -1.1944402695e+01
    5.5595454760e-03   -1.1958543777e+01
    5.5697709322e-03   -1.1972546577e+01
    5.5799963884e-03   -1.1986413956e+01
    5.5895401165e-03   -1.1999237061e+01
    5.5997655727e-03   -1.2012848854e+01
    5.6099910289e-03   -1.2026321411e+01
    5.6195347570e-03   -1.2038754463e+01
    5.6297602132e-03   -1.2051905632e+01
    5.6399856694e-03   -1.2064868927e+01
    5.6495293975e-03   -1.2076795578e+01
    5.6597548537e-03   -1.2089398384e+01
    5.6699803099e-03   -1.2101836205e+01
    5.6795240380e-03   -1.2113301277e+01
    5.6897494942e-03   -1.2125417709e+01
    5.6999749504e-03   -1.2137342453e+01
    5.7095186785e-03   -1.2148289680e+01
    5.7197441347e-03   -1.2159829140e+01
    5.7299695909e-03   -1.2171186447e+01
    5.7395133190e-03   -1.2181625366e+01
    5.7497387752e-03   -1.2192625046e+01
    5.7599642314e-03   -1.2203413963e+01
    5.7695079595e-03   -1.2213283539e+01
    5.7797334157e-03   -1.2223646164e+01
    5.7894657366e-03   -1.2233316422e+01
    5.7998467237e-03   -1.2243440628e+01
    5.8095785789e-03   -1.2252765656e+01
    5.8199600317e-03   -1.2262542725e+01
    5.8296918869e-03   -1.2271548271e+01
    5.8394242078e-03   -1.2280395508e+01
    5.8498051949e-03   -1.2289654732e+01
    5.8597675525e-03   -1.2298371315e+01
    5.8699930087e-03   -1.2307154655e+01
    5.8795367368e-03   -1.2315205574e+01
    5.8897621930e-03   -1.2323672295e+01
    5.8999876492e-03   -1.2331965446e+01
    5.9095313773e-03   -1.2339548111e+01
    5.9197568335e-03   -1.2347506523e+01
    5.9299822897e-03   -1.2355298042e+01
    5.9395260178e-03   -1.2362421989e+01
    5.9497514740e-03   -1.2369896889e+01
    5.9599769302e-03   -1.2377206802e+01
    5.9695206583e-03   -1.2384132385e+01
    5.9797461145e-03   -1.2391811371e+01
    5.9899715707e-03   -1.2399587631e+01
    5.9995152988e-03   -1.2406747818e+01
    6.0097407550e-03   -1.2413880348e+01
    6.0199662112e-03   -1.2420576096e+01
    6.0295099393e-03   -1.2426650047e+01
    6.0397353955e-03   -1.2433084488e+01
    6.0499608517e-03   -1.2439450264e+01
    6.0595045798e-03   -1.2445282936e+01
    6.0697300360e-03   -1.2451409340e+01
    6.0799554922e-03   -1.2457417488e+01
    6.0894992203e-03   -1.2462903023e+01
    6.0997246765e-03   -1.2468649864e+01
    6.1099501327e-03   -1.2474248886e+01
    6.1194938608e-03   -1.2479347229e+01
    6.1297193170e-03   -1.2484681129e+01
    6.1399447732e-03   -1.2489878654e+01
    6.1494885013e-03   -1.2494626045e+01
    6.1597139575e-03   -1.2499604225e+01
    6.1699394137e-03   -1.2504449844e+01
    6.1794831418e-03   -1.2508840561e+01
    6.1897085980e-03   -1.2513396263e+01
    6.1999340542e-03   -1.2517798424e+01
    6.2094777822e-03   -1.2521759987e+01
    6.2197032385e-03   -1.2525804520e+01
    6.2299286947e-03   -1.2529657364e+01
    6.2394724227e-03   -1.2533109665e+01
    6.2496978790e-03   -1.2536677361e+01
    6.2599233352e-03   -1.2540129662e+01
    6.2694670632e-03   -1.2543252945e+01
    6.2796925195e-03   -1.2546489716e+01
    6.2899179757e-03   -1.2549605370e+01
    6.2994617037e-03   -1.2552392006e+01
    6.3096871600e-03   -1.2555234909e+01
    6.3199126162e-03   -1.2557919502e+01
    6.3294563442e-03   -1.2560273170e+01
    6.3396818005e-03   -1.2562628746e+01
    6.3499072567e-03   -1.2564808846e+01
    6.3594509847e-03   -1.2566689491e+01
    6.3696764410e-03   -1.2568548203e+01
    6.3799018972e-03   -1.2570255280e+01
    6.3894456252e-03   -1.2571718216e+01
    6.3996706158e-03   -1.2573150635e+01
    6.4098960720e-03   -1.2574445724e+01
    6.4194398001e-03   -1.2575531960e+01
    6.4296652563e-03   -1.2576564789e+01
    6.4398907125e-03   -1.2577466011e+01
    6.4494344406e-03   -1.2578187943e+01
    6.4596598968e-03   -1.2578833580e+01
    6.4698853530e-03   -1.2579344749e+01
    6.4794290811e-03   -1.2579697609e+01
    6.4896545373e-03   -1.2579942703e+01
    6.4998799935e-03   -1.2580048561e+01
    6.5094237216e-03   -1.2580023766e+01
    6.5196491778e-03   -1.2579874039e+01
    6.5298746340e-03   -1.2579611778e+01
    6.5394183621e-03   -1.2579279900e+01
    6.5496438183e-03   -1.2578845024e+01
    6.5598692745e-03   -1.2578340530e+01
    6.5694130026e-03   -1.2577814102e+01
    6.5796384588e-03   -1.2577193260e+01
    6.5898639150e-03   -1.2576513290e+01
    6.5994076431e-03   -1.2575821877e+01
    6.6096330993e-03   -1.2575013161e+01
    6.6198585555e-03   -1.2574136734e+01
    6.6294022836e-03   -1.2573260307e+01
    6.6396277398e-03   -1.2572269440e+01
    6.6498531960e-03   -1.2571235657e+01
    6.6593969241e-03   -1.2570233345e+01
    6.6696223803e-03   -1.2569072723e+01
    6.6798478365e-03   -1.2567823410e+01
    6.6893915646e-03   -1.2566592216e+01
    6.6996170208e-03   -1.2565196991e+01
    6.7098424770e-03   -1.2563729286e+01
    6.7193862051e-03   -1.2562307358e+01
    6.7296116613e-03   -1.2560721397e+01
    6.7398371175e-03   -1.2559058189e+01
    6.7493808456e-03   -1.2557421684e+01
    6.7596063018e-03   -1.2555565834e+01
    6.7698317580e-03   -1.2553593636e+01
    6.7793754861e-03   -1.2551603317e+01
    6.7896009423e-03   -1.2549324989e+01
    6.7998263985e-03   -1.2546921730e+01
    6.8093701266e-03   -1.2544586182e+01
    6.8195955828e-03   -1.2542003632e+01
    6.8298210390e-03   -1.2539350510e+01
    6.8393647671e-03   -1.2536813736e+01
    6.8495902233e-03   -1.2534028053e+01
    6.8598156795e-03   -1.2531164169e+01
    6.8693594076e-03   -1.2528408051e+01
    6.8795848638e-03   -1.2525355339e+01
    6.8898103200e-03   -1.2522187233e+01
    6.8993540481e-03   -1.2519120216e+01
    6.9095795043e-03   -1.2515715599e+01
    6.9198049605e-03   -1.2512189865e+01
    6.9293486886e-03   -1.2508794785e+01
    6.9395741448e-03   -1.2505051613e+01
    6.9497996010e-03   -1.2501202583e+01
    6.9593433291e-03   -1.2497517586e+01
    6.9695687853e-03   -1.2493474960e+01
    6.9797942415e-03   -1.2489337921e+01
    6.9893379696e-03   -1.2485352516e+01
    6.9995634258e-03   -1.2480904579e+01
    7.0097888820e-03   -1.2476297379e+01
    7.0193326101e-03   -1.2471865654e+01
    7.0295576006e-03   -1.2466998100e+01
    7.0397830568e-03   -1.2462014198e+01
    7.0493267849e-03   -1.2457261086e+01
    7.0595522411e-03   -1.2452047348e+01
    7.0697776973e-03   -1.2446701050e+01
    7.0793214254e-03   -1.2441594124e+01
    7.0895468816e-03   -1.2435993195e+01
    7.0997723378e-03   -1.2430252075e+01
    7.1099977940e-03   -1.2424370766e+01
    7.1195415221e-03   -1.2418756485e+01
    7.1297669783e-03   -1.2412611008e+01
    7.1399924345e-03   -1.2406336784e+01
    7.1495361626e-03   -1.2400367737e+01
    7.1597616188e-03   -1.2393853188e+01
    7.1699870750e-03   -1.2387215614e+01
    7.1795308031e-03   -1.2380910873e+01
    7.1897562593e-03   -1.2374038696e+01
    7.1999817155e-03   -1.2367041588e+01
    7.2095254436e-03   -1.2360394478e+01
    7.2197508998e-03   -1.2353145599e+01
    7.2299763560e-03   -1.2345764160e+01
    7.2395200841e-03   -1.2338754654e+01
    7.2497455403e-03   -1.2331117630e+01
    7.2599709965e-03   -1.2323352814e+01
    7.2695147246e-03   -1.2316002846e+01
    7.2797401808e-03   -1.2308009148e+01
    7.2899656370e-03   -1.2299894333e+01
    7.2995093651e-03   -1.2292220116e+01
    7.3097348213e-03   -1.2283881187e+01
    7.3199602775e-03   -1.2275413513e+01
    7.3295040056e-03   -1.2267398834e+01
    7.3397294618e-03   -1.2258619308e+01
    7.3499549180e-03   -1.2249629021e+01
    7.3594986461e-03   -1.2241075516e+01
    7.3697241023e-03   -1.2231760979e+01
    7.3799495585e-03   -1.2222304344e+01
    7.3894932866e-03   -1.2213360786e+01
    7.3997187428e-03   -1.2203667641e+01
    7.4099441990e-03   -1.2193878174e+01
    7.4194879271e-03   -1.2184671402e+01
    7.4297133833e-03   -1.2174731255e+01
    7.4399388395e-03   -1.2164781570e+01
    7.4494825676e-03   -1.2155508995e+01
    7.4597080238e-03   -1.2145531654e+01
    7.4699334800e-03   -1.2135499001e+01
    7.4794772081e-03   -1.2126068115e+01
    7.4897026643e-03   -1.2115879059e+01
    7.4999281205e-03   -1.2105610847e+01
    7.5094718486e-03   -1.2095958710e+01
    7.5196973048e-03   -1.2085544586e+01
    7.5299227610e-03   -1.2075053215e+01
    7.5394664891e-03   -1.2065201759e+01
    7.5496919453e-03   -1.2054583549e+01
    7.5599174015e-03   -1.2043897629e+01
    7.5694611296e-03   -1.2033920288e+01
    7.5796865858e-03   -1.2023218155e+01
    7.5899120420e-03   -1.2012466431e+01
    7.5994557701e-03   -1.2002356529e+01
    7.6096812263e-03   -1.1991416931e+01
    7.6199066825e-03   -1.1980350494e+01
    7.6294504106e-03   -1.1969907761e+01
    7.6396758668e-03   -1.1958602905e+01
    7.6499008574e-03   -1.1947195053e+01
    7.6594450511e-03   -1.1936467171e+01
    7.6696700417e-03   -1.1924899101e+01
    7.6798954979e-03   -1.1913261414e+01
    7.6894392259e-03   -1.1902335167e+01
    7.6996646821e-03   -1.1890555382e+01
    7.7098901384e-03   -1.1878691673e+01
    7.7194338664e-03   -1.1867534637e+01
    7.7296593226e-03   -1.1855484962e+01
    7.7398847789e-03   -1.1843333244e+01
    7.7494285069e-03   -1.1831895828e+01
    7.7596539631e-03   -1.1819540024e+01
    7.7698794194e-03   -1.1807083130e+01
    7.7794231474e-03   -1.1795365334e+01
    7.7896486036e-03   -1.1782715797e+01
    7.7998740599e-03   -1.1769968987e+01
    7.8094177879e-03   -1.1757985115e+01
    7.8196432441e-03   -1.1745050430e+01
    7.8298682347e-03   -1.1732016563e+01
    7.8394124284e-03   -1.1719761848e+01
    7.8496374190e-03   -1.1706535339e+01
    7.8598633409e-03   -1.1693214417e+01
    7.8694066033e-03   -1.1680696487e+01
    7.8796325251e-03   -1.1667199135e+01
    7.8898575157e-03   -1.1653616905e+01
    7.8994017094e-03   -1.1640868187e+01
    7.9096267000e-03   -1.1627135277e+01
    7.9198526219e-03   -1.1613328934e+01
    7.9293958843e-03   -1.1600377083e+01
    7.9396218061e-03   -1.1586427689e+01
    7.9498467967e-03   -1.1572401047e+01
    7.9593909904e-03   -1.1559237480e+01
    7.9696159810e-03   -1.1545054436e+01
    7.9798419029e-03   -1.1530791283e+01
    7.9893851653e-03   -1.1517409325e+01
    7.9996110871e-03   -1.1502998352e+01
    8.0098360777e-03   -1.1488516808e+01
    8.0193802714e-03   -1.1474938393e+01
    8.0296052620e-03   -1.1460324287e+01
    8.0398311839e-03   -1.1445646286e+01
    8.0493744463e-03   -1.1431891441e+01
    8.0596003681e-03   -1.1417098999e+01
    8.0698253587e-03   -1.1402255058e+01
    8.0793695524e-03   -1.1388358116e+01
    8.0895945430e-03   -1.1373431206e+01
    8.0998204648e-03   -1.1358471870e+01
    8.1093637273e-03   -1.1344484329e+01
    8.1195896491e-03   -1.1329471588e+01
    8.1298146397e-03   -1.1314433098e+01
    8.1393588334e-03   -1.1300372124e+01
    8.1495838240e-03   -1.1285278320e+01
    8.1598097458e-03   -1.1270153999e+01
    8.1693530083e-03   -1.1256009102e+01
    8.1795789301e-03   -1.1240824699e+01
    8.1898039207e-03   -1.1225608826e+01
    8.1993481144e-03   -1.1211380005e+01
    8.2095731050e-03   -1.1196105003e+01
    8.2197990268e-03   -1.1180799484e+01
    8.2293422893e-03   -1.1166489601e+01
    8.2395682111e-03   -1.1151131630e+01
    8.2497932017e-03   -1.1135748863e+01
    8.2593373954e-03   -1.1121369362e+01
    8.2695623860e-03   -1.1105940819e+01
    8.2797883078e-03   -1.1090522766e+01
    8.2893315703e-03   -1.1076147079e+01
    8.2995574921e-03   -1.1060722351e+01
    8.3097824827e-03   -1.1045260429e+01
    8.3193266764e-03   -1.1030794144e+01
    8.3295516670e-03   -1.1015262604e+01
    8.3397766575e-03   -1.0999711037e+01
    8.3493208513e-03   -1.0985186577e+01
    8.3595458418e-03   -1.0969616890e+01
    8.3697717637e-03   -1.0954047203e+01
    8.3799967542e-03   -1.0938476562e+01
    8.3895409480e-03   -1.0923938751e+01
    8.3997659385e-03   -1.0908348083e+01
    8.4099918604e-03   -1.0892730713e+01
    8.4195351228e-03   -1.0878116608e+01
    8.4297610447e-03   -1.0862412453e+01
    8.4399860352e-03   -1.0846660614e+01
    8.4495302290e-03   -1.0831921577e+01
    8.4597552195e-03   -1.0816095352e+01
    8.4699811414e-03   -1.0800240517e+01
    8.4795244038e-03   -1.0785425186e+01
    8.4897503257e-03   -1.0769536972e+01
    8.4999753162e-03   -1.0753631592e+01
    8.5095195100e-03   -1.0738770485e+01
    8.5197445005e-03   -1.0722826958e+01
    8.5299704224e-03   -1.0706859589e+01
    8.5395136848e-03   -1.0691927910e+01
    8.5497396067e-03   -1.0675891876e+01
    8.5599645972e-03   -1.0659811974e+01
    8.5695087910e-03   -1.0644762993e+01
    8.5797337815e-03   -1.0628597260e+01
    8.5899597034e-03   -1.0612395287e+01
    8.5995029658e-03   -1.0597251892e+01
    8.6097288877e-03   -1.0581017494e+01
    8.6199538782e-03   -1.0564785957e+01
    8.6294980720e-03   -1.0549648285e+01
    8.6397230625e-03   -1.0533443451e+01
    8.6499489844e-03   -1.0517245293e+01
    8.6594922468e-03   -1.0502120972e+01
    8.6697181687e-03   -1.0485897064e+01
    8.6799431592e-03   -1.0469635010e+01
    8.6894873530e-03   -1.0454415321e+01
    8.6997123435e-03   -1.0438058853e+01
    8.7099382654e-03   -1.0421656609e+01
    8.7194815278e-03   -1.0406311989e+01
    8.7297074497e-03   -1.0389845848e+01
    8.7399324402e-03   -1.0373362541e+01
    8.7494766340e-03   -1.0357969284e+01
    8.7597016245e-03   -1.0341470718e+01
    8.7699275464e-03   -1.0324965477e+01
    8.7794708088e-03   -1.0309551239e+01
    8.7896967307e-03   -1.0293023109e+01
    8.7999217212e-03   -1.0276479721e+01
    8.8094659150e-03   -1.0261020660e+01
    8.8196909055e-03   -1.0244430542e+01
    8.8299168274e-03   -1.0227814674e+01
    8.8394600898e-03   -1.0212283134e+01
    8.8496860117e-03   -1.0195613861e+01
    8.8599110022e-03   -1.0178927422e+01
    8.8694551960e-03   -1.0163345337e+01
    8.8796801865e-03   -1.0146643639e+01
    8.8899061084e-03   -1.0129940987e+01
    8.8994493708e-03   -1.0114367485e+01
    8.9096752927e-03   -1.0097704887e+01
    8.9199002832e-03   -1.0081064224e+01
    8.9294444770e-03   -1.0065552711e+01
    8.9396694675e-03   -1.0048949242e+01
    8.9498953894e-03   -1.0032338142e+01
    8.9594386518e-03   -1.0016819000e+01
    8.9696645737e-03   -1.0000182152e+01
    8.9798895642e-03   -9.9835405350e+00
    8.9894337580e-03   -9.9680166245e+00
    8.9996587485e-03   -9.9514045715e+00
    9.0098846704e-03   -9.9348154068e+00
    9.0194279328e-03   -9.9193506241e+00
    9.0296538547e-03   -9.9027957916e+00
    9.0398788452e-03   -9.8862485886e+00
    9.0494230390e-03   -9.8708000183e+00
    9.0596480295e-03   -9.8542270660e+00
    9.0698739514e-03   -9.8376188278e+00
    9.0794172138e-03   -9.8220767975e+00
    9.0896431357e-03   -9.8053808212e+00
    9.0998681262e-03   -9.7886562347e+00
    9.1094123200e-03   -9.7730350494e+00
    9.1196373105e-03   -9.7562980652e+00
    9.1298632324e-03   -9.7395629883e+00
    9.1394064948e-03   -9.7239389420e+00
    9.1496324167e-03   -9.7071800232e+00
    9.1598574072e-03   -9.6903886795e+00
    9.1694016010e-03   -9.6746864319e+00
    9.1796265915e-03   -9.6578302383e+00
    9.1898515821e-03   -9.6409406662e+00
    9.1993957758e-03   -9.6251544952e+00
    9.2096207663e-03   -9.6082248688e+00
    9.2198466882e-03   -9.5912809372e+00
    9.2293899506e-03   -9.5754594803e+00
    9.2396158725e-03   -9.5585069656e+00
    9.2498408630e-03   -9.5415544510e+00
    9.2593850568e-03   -9.5257215500e+00
    9.2696100473e-03   -9.5087404251e+00
    9.2798359692e-03   -9.4917411804e+00
    9.2893792316e-03   -9.4758644104e+00
    9.2996051535e-03   -9.4588489532e+00
    9.3098301440e-03   -9.4418439865e+00
    9.3193743378e-03   -9.4259891510e+00
    9.3295993283e-03   -9.4090175629e+00
    9.3398252502e-03   -9.3920621872e+00
    9.3493685126e-03   -9.3762493134e+00
    9.3595944345e-03   -9.3593101501e+00
    9.3698194250e-03   -9.3423662186e+00
    9.3793636188e-03   -9.3265457153e+00
    9.3895886093e-03   -9.3095827103e+00
    9.3998145312e-03   -9.2926025391e+00
    9.4093577936e-03   -9.2767448425e+00
    9.4195837155e-03   -9.2597532272e+00
    9.4298087060e-03   -9.2427587509e+00
    9.4393528998e-03   -9.2268972397e+00
    9.4495778903e-03   -9.2099065781e+00
    9.4598038122e-03   -9.1929197311e+00
    9.4693470746e-03   -9.1770620346e+00
    9.4795729965e-03   -9.1600666046e+00
    9.4897979870e-03   -9.1430606842e+00
    9.4993421808e-03   -9.1271791458e+00
    9.5095671713e-03   -9.1101570129e+00
    9.5197930932e-03   -9.0931339264e+00
    9.5293363556e-03   -9.0772485733e+00
    9.5395622775e-03   -9.0602359772e+00
    9.5497872680e-03   -9.0432357788e+00
    9.5593314618e-03   -9.0273818970e+00
    9.5695564523e-03   -9.0104093552e+00
    9.5797823742e-03   -8.9934511185e+00
    9.5893256366e-03   -8.9776363373e+00
    9.5995515585e-03   -8.9607086182e+00
    9.6097765490e-03   -8.9437971115e+00
    9.6193207428e-03   -8.9280309677e+00
    9.6295457333e-03   -8.9111661911e+00
    9.6397716552e-03   -8.8943309784e+00
    9.6499966457e-03   -8.8775205612e+00
    9.6595408395e-03   -8.8618564606e+00
    9.6697658300e-03   -8.8451013565e+00
    9.6799917519e-03   -8.8283739090e+00
    9.6895350143e-03   -8.8127899170e+00
    9.6997609362e-03   -8.7961292267e+00
    9.7099859267e-03   -8.7795104980e+00
    9.7194500268e-03   -8.7641716003e+00
    9.7290901467e-03   -8.7485876083e+00
    9.7396941856e-03   -8.7314834595e+00
    9.7493343055e-03   -8.7159757614e+00
    9.7599383444e-03   -8.6989660263e+00
    9.7695784643e-03   -8.6835336685e+00
    9.7795696929e-03   -8.6675539017e+00
    9.7897956148e-03   -8.6512193680e+00
    9.7993388772e-03   -8.6359977722e+00
    9.8095647991e-03   -8.6197156906e+00
    9.8197897896e-03   -8.6034603119e+00
    9.8293339834e-03   -8.5883169174e+00
    9.8395589739e-03   -8.5721282959e+00
    9.8497848958e-03   -8.5559778214e+00
    9.8593281582e-03   -8.5409355164e+00
    9.8695540801e-03   -8.5248498917e+00
    9.8797790706e-03   -8.5087957382e+00
    9.8893232644e-03   -8.4938488007e+00
    9.8995482549e-03   -8.4778757095e+00
    9.9097741768e-03   -8.4619407654e+00
    9.9199991673e-03   -8.4460458755e+00
    9.9295433611e-03   -8.4312448502e+00
    9.9397683516e-03   -8.4154224396e+00
    9.9499942735e-03   -8.3996362686e+00
    9.9595375359e-03   -8.3849353790e+00
    9.9697634578e-03   -8.3692226410e+00
    9.9799884483e-03   -8.3535470963e+00
    9.9895326421e-03   -8.3389520645e+00
    9.9997576326e-03   -8.3233537674e+00
    1.0009983554e-02   -8.3077955246e+00
    1.0019526817e-02   -8.2933111191e+00
    1.0029752739e-02   -8.2778339386e+00
    1.0039977729e-02   -8.2624034882e+00
    1.0049521923e-02   -8.2480449677e+00
    1.0059746914e-02   -8.2327098846e+00
    1.0069094598e-02   -8.2187356949e+00
    1.0079698637e-02   -8.2029266357e+00
    1.0089338757e-02   -8.1885948181e+00
    1.0099845938e-02   -8.1730260849e+00
    1.0109390132e-02   -8.1589441299e+00
    1.0119615123e-02   -8.1439008713e+00
    1.0129841045e-02   -8.1288890839e+00
    1.0139384307e-02   -8.1149091721e+00
    1.0149610229e-02   -8.0999813080e+00
    1.0159835219e-02   -8.0851182938e+00
    1.0169379413e-02   -8.0712976456e+00
    1.0179604404e-02   -8.0565328598e+00
    1.0189830326e-02   -8.0418052673e+00
    1.0199373588e-02   -8.0280971527e+00
    1.0209599510e-02   -8.0134592056e+00
    1.0219824500e-02   -7.9988737106e+00
    1.0229368694e-02   -7.9853076935e+00
    1.0239593685e-02   -7.9708237648e+00
    1.0249819607e-02   -7.9563908577e+00
    1.0259362869e-02   -7.9429631233e+00
    1.0269588791e-02   -7.9286212921e+00
    1.0279813781e-02   -7.9143242836e+00
    1.0289357975e-02   -7.9010171890e+00
    1.0299582966e-02   -7.8868002892e+00
    1.0309808888e-02   -7.8726272583e+00
    1.0319352150e-02   -7.8594412804e+00
    1.0329578072e-02   -7.8453588486e+00
    1.0339803062e-02   -7.8313217163e+00
    1.0349347256e-02   -7.8182597160e+00
    1.0359572247e-02   -7.8043065071e+00
    1.0369798169e-02   -7.7903952599e+00
    1.0379341431e-02   -7.7774496078e+00
    1.0389567353e-02   -7.7636184692e+00
    1.0399792343e-02   -7.7498269081e+00
    1.0409336537e-02   -7.7369890213e+00
    1.0419561528e-02   -7.7232708931e+00
    1.0429787450e-02   -7.7095913887e+00
    1.0439330712e-02   -7.6968569756e+00
    1.0449556634e-02   -7.6832475662e+00
    1.0459781624e-02   -7.6696743965e+00
    1.0469325818e-02   -7.6570410728e+00
    1.0479550809e-02   -7.6435451508e+00
    1.0489776731e-02   -7.6300897598e+00
    1.0499319993e-02   -7.6175661087e+00
    1.0509545915e-02   -7.6041831970e+00
    1.0519770905e-02   -7.5908355713e+00
    1.0529996827e-02   -7.5775218010e+00
    1.0539540090e-02   -7.5651259422e+00
    1.0549766012e-02   -7.5518774986e+00
    1.0559991002e-02   -7.5386629105e+00
    1.0569534265e-02   -7.5263600349e+00
    1.0579760186e-02   -7.5132117271e+00
    1.0589985177e-02   -7.5000991821e+00
    1.0599529371e-02   -7.4878931046e+00
    1.0609754361e-02   -7.4748501778e+00
    1.0619980283e-02   -7.4618444443e+00
    1.0629523546e-02   -7.4497404099e+00
    1.0639749467e-02   -7.4368085861e+00
    1.0649974458e-02   -7.4239120483e+00
    1.0659518652e-02   -7.4119052887e+00
    1.0669743642e-02   -7.3990683556e+00
    1.0679969564e-02   -7.3862576485e+00
    1.0689512827e-02   -7.3743262291e+00
    1.0699738748e-02   -7.3615708351e+00
    1.0709963739e-02   -7.3488492966e+00
    1.0719507933e-02   -7.3370108604e+00
    1.0729732923e-02   -7.3243670464e+00
    1.0739083402e-02   -7.3128437996e+00
    1.0748805478e-02   -7.3008971214e+00
    1.0759752244e-02   -7.2874779701e+00
    1.0769483633e-02   -7.2755880356e+00
    1.0779214092e-02   -7.2637405396e+00
    1.0788944550e-02   -7.2519264221e+00
    1.0799891315e-02   -7.2386546135e+00
    1.0809621774e-02   -7.2268719673e+00
    1.0819352232e-02   -7.2151093483e+00
    1.0829082690e-02   -7.2033786774e+00
    1.0838812217e-02   -7.1916847229e+00
    1.0849758983e-02   -7.1785655022e+00
    1.0859488510e-02   -7.1669297218e+00
    1.0869218968e-02   -7.1553173065e+00
    1.0878948495e-02   -7.1437306404e+00
    1.0889894329e-02   -7.1307287216e+00
    1.0899624787e-02   -7.1192045212e+00
    1.0909354314e-02   -7.1077151299e+00
    1.0919083841e-02   -7.0962619781e+00
    1.0928813368e-02   -7.0848422050e+00
    1.0939759202e-02   -7.0720353127e+00
    1.0949488729e-02   -7.0606851578e+00
    1.0959218256e-02   -7.0493674278e+00
    1.0968947783e-02   -7.0380816460e+00
    1.0979892686e-02   -7.0254259109e+00
    1.0989622213e-02   -7.0142140388e+00
    1.0999350809e-02   -7.0030369759e+00
    1.1009080335e-02   -6.9918928146e+00
    1.1018808931e-02   -6.9807796478e+00
    1.1029754765e-02   -6.9683117867e+00
    1.1039483361e-02   -6.9572572708e+00
    1.1049211957e-02   -6.9462299347e+00
    1.1058941483e-02   -6.9352316856e+00
    1.1069886386e-02   -6.9228954315e+00
    1.1079614982e-02   -6.9119648933e+00
    1.1089343578e-02   -6.9010682106e+00
    1.1099072173e-02   -6.8902068138e+00
    1.1108800769e-02   -6.8793773651e+00
    1.1119744740e-02   -6.8672289848e+00
    1.1129473336e-02   -6.8564605713e+00
    1.1139201932e-02   -6.8457183838e+00
    1.1148930527e-02   -6.8350028992e+00
    1.1159874499e-02   -6.8229780197e+00
    1.1169603094e-02   -6.8123130798e+00
    1.1179331690e-02   -6.8016724586e+00
    1.1189059354e-02   -6.7910580635e+00
    1.1198787950e-02   -6.7804722786e+00
    1.1209731922e-02   -6.7685966492e+00
    1.1219460517e-02   -6.7580690384e+00
    1.1229188181e-02   -6.7475667000e+00
    1.1238916777e-02   -6.7370910645e+00
    1.1249860749e-02   -6.7253370285e+00
    1.1259588413e-02   -6.7149181366e+00
    1.1269317009e-02   -6.7045269012e+00
    1.1279044673e-02   -6.6941633224e+00
    1.1289988644e-02   -6.6825399399e+00
    1.1299717240e-02   -6.6722435951e+00
    1.1309444904e-02   -6.6619868279e+00
    1.1319172569e-02   -6.6517729759e+00
    1.1328901164e-02   -6.6416072845e+00
    1.1339845136e-02   -6.6302299500e+00
    1.1349572800e-02   -6.6201705933e+00
    1.1359300464e-02   -6.6101613045e+00
    1.1369029060e-02   -6.6001987457e+00
    1.1379973032e-02   -6.5890455246e+00
    1.1389700696e-02   -6.5791788101e+00
    1.1399428360e-02   -6.5693554878e+00
    1.1409156956e-02   -6.5595731735e+00
    1.1418884620e-02   -6.5498294830e+00
    1.1429828592e-02   -6.5389113426e+00
    1.1439556256e-02   -6.5292477608e+00
    1.1449283920e-02   -6.5196280479e+00
    1.1459011585e-02   -6.5100550652e+00
    1.1469955556e-02   -6.4993467331e+00
    1.1479684152e-02   -6.4898867607e+00
    1.1489411816e-02   -6.4804849625e+00
    1.1499139480e-02   -6.4711422920e+00
    1.1508867145e-02   -6.4618587494e+00
    1.1519811116e-02   -6.4514818192e+00
    1.1529538780e-02   -6.4423122406e+00
    1.1539267376e-02   -6.4331874847e+00
    1.1548995040e-02   -6.4241051674e+00
    1.1559939012e-02   -6.4139356613e+00
    1.1569666676e-02   -6.4049382210e+00
    1.1579394341e-02   -6.3959789276e+00
    1.1589122936e-02   -6.3870558739e+00
    1.1598850600e-02   -6.3781709671e+00
    1.1609794572e-02   -6.3682308197e+00
    1.1619522236e-02   -6.3594541550e+00
    1.1629249901e-02   -6.3507404327e+00
    1.1638978496e-02   -6.3420934677e+00
    1.1649921536e-02   -6.3324465752e+00
    1.1659650132e-02   -6.3239412308e+00
    1.1669377796e-02   -6.3154993057e+00
    1.1679105461e-02   -6.3071188927e+00
    1.1688834056e-02   -6.2987990379e+00
    1.1699778028e-02   -6.2895121574e+00
    1.1709505692e-02   -6.2813229561e+00
    1.1719233356e-02   -6.2731933594e+00
    1.1728961021e-02   -6.2651166916e+00
    1.1739904992e-02   -6.2560830116e+00
    1.1749633588e-02   -6.2480959892e+00
    1.1759361252e-02   -6.2401494980e+00
    1.1769088916e-02   -6.2322449684e+00
    1.1778816581e-02   -6.2243866920e+00
    1.1789760552e-02   -6.2156081200e+00
    1.1799488217e-02   -6.2078700066e+00
    1.1809216812e-02   -6.2002000809e+00
    1.1818944477e-02   -6.1925997734e+00
    1.1829887517e-02   -6.1841268539e+00
    1.1839615181e-02   -6.1766543388e+00
    1.1849342845e-02   -6.1692328453e+00
    1.1859070510e-02   -6.1618590355e+00
    1.1868798174e-02   -6.1545319557e+00
    1.1879742146e-02   -6.1463437080e+00
    1.1889469810e-02   -6.1391139030e+00
    1.1899197474e-02   -6.1319322586e+00
    1.1908924207e-02   -6.1248035431e+00
    1.1919868179e-02   -6.1168518066e+00
    1.1929595843e-02   -6.1098456383e+00
    1.1939322576e-02   -6.1029005051e+00
    1.1949050240e-02   -6.0960187912e+00
    1.1959993280e-02   -6.0883536339e+00
    1.1969720945e-02   -6.0816063881e+00
    1.1979448609e-02   -6.0749173164e+00
    1.1989175342e-02   -6.0682821274e+00
    1.1998903006e-02   -6.0616960526e+00
    1.2009846047e-02   -6.0543437004e+00
    1.2019573711e-02   -6.0478563309e+00
    1.2029300444e-02   -6.0414142609e+00
    1.2039028108e-02   -6.0350179672e+00
    1.2049971148e-02   -6.0278792381e+00
    1.2059697881e-02   -6.0215878487e+00
    1.2069425546e-02   -6.0153527260e+00
    1.2079152279e-02   -6.0091786385e+00
    1.2088879943e-02   -6.0030708313e+00
    1.2099822052e-02   -5.9962821007e+00
    1.2109549716e-02   -5.9903197289e+00
    1.2119276449e-02   -5.9844222069e+00
    1.2129003182e-02   -5.9785852432e+00
    1.2139946222e-02   -5.9720878601e+00
    1.2149673887e-02   -5.9663729668e+00
    1.2159400620e-02   -5.9607133865e+00
    1.2169127353e-02   -5.9551086426e+00
    1.2178854086e-02   -5.9495587349e+00
    1.2189797126e-02   -5.9433774948e+00
    1.2199523859e-02   -5.9379382133e+00
    1.2209250592e-02   -5.9325518608e+00
    1.2218977325e-02   -5.9272203445e+00
    1.2229920365e-02   -5.9212927818e+00
    1.2239647098e-02   -5.9160919189e+00
    1.2249373831e-02   -5.9109592438e+00
    1.2259100564e-02   -5.9058942795e+00
    1.2268827297e-02   -5.9008932114e+00
    1.2279770337e-02   -5.8953328133e+00
    1.2289497070e-02   -5.8904418945e+00
    1.2299223803e-02   -5.8855934143e+00
    1.2308949605e-02   -5.8807878494e+00
    1.2319892645e-02   -5.8754353523e+00
    1.2329619378e-02   -5.8707304001e+00
    1.2339346111e-02   -5.8660783768e+00
    1.2349072844e-02   -5.8614826202e+00
    1.2358798645e-02   -5.8569440842e+00
    1.2369741686e-02   -5.8519110680e+00
    1.2379468419e-02   -5.8475046158e+00
    1.2389194220e-02   -5.8431639671e+00
    1.2398920953e-02   -5.8388895988e+00
    1.2409863994e-02   -5.8341593742e+00
    1.2419589795e-02   -5.8300247192e+00
    1.2429316528e-02   -5.8259530067e+00
    1.2439043261e-02   -5.8219399452e+00
    1.2449985370e-02   -5.8174872398e+00
    1.2459712103e-02   -5.8135781288e+00
    1.2469437905e-02   -5.8097124100e+00
    1.2479164638e-02   -5.8058886528e+00
    1.2488891371e-02   -5.8021087646e+00
    1.2499833480e-02   -5.7979145050e+00
    1.2509559281e-02   -5.7942428589e+00
    1.2519286014e-02   -5.7906284332e+00
    1.2529012747e-02   -5.7870726585e+00
    1.2539954856e-02   -5.7831406593e+00
    1.2549680658e-02   -5.7797036171e+00
    1.2559407391e-02   -5.7763166428e+00
    1.2569134124e-02   -5.7729787827e+00
    1.2578859925e-02   -5.7696900368e+00
    1.2589802034e-02   -5.7660508156e+00
    1.2599528767e-02   -5.7628707886e+00
    1.2609254569e-02   -5.7597446442e+00
    1.2618981302e-02   -5.7566714287e+00
    1.2629923411e-02   -5.7532758713e+00
    1.2639649212e-02   -5.7503099442e+00
    1.2649375014e-02   -5.7473912239e+00
    1.2659101747e-02   -5.7445187569e+00
    1.2668827549e-02   -5.7416939735e+00
    1.2679769658e-02   -5.7385749817e+00
    1.2689496391e-02   -5.7358589172e+00
    1.2699222192e-02   -5.7331972122e+00
    1.2708948925e-02   -5.7305927277e+00
    1.2719890103e-02   -5.7277312279e+00
    1.2729616836e-02   -5.7252478600e+00
    1.2739342637e-02   -5.7228183746e+00
    1.2749069370e-02   -5.7204399109e+00
    1.2758795172e-02   -5.7181115150e+00
    1.2769737281e-02   -5.7155542374e+00
    1.2779463083e-02   -5.7133369446e+00
    1.2789188884e-02   -5.7111735344e+00
    1.2798915617e-02   -5.7090611458e+00
    1.2809856795e-02   -5.7067418098e+00
    1.2819583528e-02   -5.7047305107e+00
    1.2829309329e-02   -5.7027659416e+00
    1.2839035131e-02   -5.7008495331e+00
    1.2849977240e-02   -5.6987557411e+00
    1.2859703042e-02   -5.6969504356e+00
    1.2869428843e-02   -5.6951985359e+00
    1.2879155576e-02   -5.6934995651e+00
    1.2888881378e-02   -5.6918520927e+00
    1.2899823487e-02   -5.6900591850e+00
    1.2909549288e-02   -5.6885204315e+00
    1.2919275090e-02   -5.6870336533e+00
    1.2929000892e-02   -5.6855988503e+00
    1.2939943001e-02   -5.6840453148e+00
    1.2949668802e-02   -5.6827163696e+00
    1.2959395535e-02   -5.6814322472e+00
    1.2969121337e-02   -5.6801915169e+00
    1.2978847139e-02   -5.6789922714e+00
    1.2989789248e-02   -5.6776919365e+00
    1.2999515049e-02   -5.6765799522e+00
    1.3009240851e-02   -5.6755089760e+00
    1.3018966652e-02   -5.6744794846e+00
    1.3029908761e-02   -5.6733698845e+00
    1.3039634563e-02   -5.6724271774e+00
    1.3049360365e-02   -5.6715250015e+00
    1.3059086166e-02   -5.6706647873e+00
    1.3068811968e-02   -5.6698479652e+00
    1.3079424389e-02   -5.6690111160e+00
    1.3089649379e-02   -5.6682620049e+00
    1.3099874370e-02   -5.6675729752e+00
    1.3109418564e-02   -5.6669850349e+00
    1.3119644485e-02   -5.6664113998e+00
    1.3129869476e-02   -5.6658968925e+00
    1.3139413670e-02   -5.6654686928e+00
    1.3149638660e-02   -5.6650629044e+00
    1.3159863651e-02   -5.6647095680e+00
    1.3169407845e-02   -5.6644248962e+00
    1.3179632835e-02   -5.6641674042e+00
    1.3189858757e-02   -5.6639571190e+00
    1.3199402019e-02   -5.6638026237e+00
    1.3209627941e-02   -5.6636805534e+00
    1.3219852932e-02   -5.6636023521e+00
    1.3229397126e-02   -5.6635694504e+00
    1.3239622116e-02   -5.6635785103e+00
    1.3249848038e-02   -5.6636347771e+00
    1.3259391300e-02   -5.6637325287e+00
    1.3269617222e-02   -5.6638870239e+00
    1.3279842213e-02   -5.6640944481e+00
    1.3289386407e-02   -5.6643352509e+00
    1.3299611397e-02   -5.6646447182e+00
    1.3309837319e-02   -5.6650061607e+00
    1.3319380581e-02   -5.6653909683e+00
    1.3329606503e-02   -5.6658535004e+00
    1.3339831494e-02   -5.6663680077e+00
    1.3349375688e-02   -5.6668949127e+00
    1.3359600678e-02   -5.6675090790e+00
    1.3369826600e-02   -5.6681756973e+00
    1.3379369862e-02   -5.6688451767e+00
    1.3389595784e-02   -5.6696147919e+00
    1.3399820775e-02   -5.6704387665e+00
    1.3409364969e-02   -5.6712574959e+00
    1.3419589959e-02   -5.6721882820e+00
    1.3429815881e-02   -5.6731748581e+00
    1.3439359143e-02   -5.6741461754e+00
    1.3449585065e-02   -5.6752400398e+00
    1.3459810056e-02   -5.6763882637e+00
    1.3469354250e-02   -5.6775088310e+00
    1.3479579240e-02   -5.6787614822e+00
    1.3489805162e-02   -5.6800675392e+00
    1.3499348424e-02   -5.6813349724e+00
    1.3509574346e-02   -5.6827454567e+00
    1.3519799337e-02   -5.6842112541e+00
    1.3529343531e-02   -5.6856312752e+00
    1.3539568521e-02   -5.6872091293e+00
    1.3549794443e-02   -5.6888465881e+00
    1.3559337705e-02   -5.6904292107e+00
    1.3569563627e-02   -5.6921830177e+00
    1.3579788618e-02   -5.6939964294e+00
    1.3589332812e-02   -5.6957411766e+00
    1.3599557802e-02   -5.6976656914e+00
    1.3609783724e-02   -5.6996445656e+00
    1.3619326986e-02   -5.7015399933e+00
    1.3629620895e-02   -5.7036352158e+00
    1.3639519922e-02   -5.7057003975e+00
    1.3649245724e-02   -5.7077798843e+00
    1.3658971526e-02   -5.7099103928e+00
    1.3669912703e-02   -5.7123651505e+00
    1.3679638505e-02   -5.7145967484e+00
    1.3689365238e-02   -5.7168774605e+00
    1.3699091040e-02   -5.7192091942e+00
    1.3708816841e-02   -5.7215909958e+00
    1.3719758019e-02   -5.7243285179e+00
    1.3729483820e-02   -5.7268118858e+00
    1.3739210553e-02   -5.7293434143e+00
    1.3748936355e-02   -5.7319231033e+00
    1.3759877533e-02   -5.7348828316e+00
    1.3769604266e-02   -5.7375640869e+00
    1.3779330067e-02   -5.7402925491e+00
    1.3789055869e-02   -5.7430682182e+00
    1.3799997978e-02   -5.7462477684e+00
    1.3809723780e-02   -5.7491250038e+00
    1.3819449581e-02   -5.7520508766e+00
    1.3829175383e-02   -5.7550253868e+00
    1.3838902116e-02   -5.7580480576e+00
    1.3849843293e-02   -5.7615051270e+00
    1.3859570026e-02   -5.7646269798e+00
    1.3869295828e-02   -5.7677931786e+00
    1.3879021630e-02   -5.7710027695e+00
    1.3889963739e-02   -5.7746624947e+00
    1.3899690472e-02   -5.7779593468e+00
    1.3909416273e-02   -5.7812967300e+00
    1.3919142075e-02   -5.7846755981e+00
    1.3928868808e-02   -5.7880964279e+00
    1.3939810917e-02   -5.7919960022e+00
    1.3949536718e-02   -5.7955083847e+00
    1.3959263451e-02   -5.7990646362e+00
    1.3968989253e-02   -5.8026642799e+00
    1.3979931362e-02   -5.8067665100e+00
    1.3989658095e-02   -5.8104600906e+00
    1.3999383897e-02   -5.8141980171e+00
    1.4009110630e-02   -5.8179802895e+00
    1.4018836431e-02   -5.8218064308e+00
    1.4029779471e-02   -5.8261623383e+00
    1.4039505273e-02   -5.8300786018e+00
    1.4049232006e-02   -5.8340353966e+00
    1.4058958739e-02   -5.8380322456e+00
    1.4069900848e-02   -5.8425760269e+00
    1.4079626650e-02   -5.8466567993e+00
    1.4089353383e-02   -5.8507747650e+00
    1.4099080116e-02   -5.8549313545e+00
    1.4108806849e-02   -5.8591265678e+00
    1.4119748957e-02   -5.8638949394e+00
    1.4129475690e-02   -5.8681755066e+00
    1.4139202423e-02   -5.8724961281e+00
    1.4148929156e-02   -5.8768548965e+00
    1.4159871265e-02   -5.8818049431e+00
    1.4169597998e-02   -5.8862457275e+00
    1.4179324731e-02   -5.8907241821e+00
    1.4189051464e-02   -5.8952398300e+00
    1.4199994504e-02   -5.9003629684e+00
    1.4209721237e-02   -5.9049544334e+00
    1.4219447970e-02   -5.9095811844e+00
    1.4229174703e-02   -5.9142422676e+00
    1.4238901436e-02   -5.9189372063e+00
    1.4249844477e-02   -5.9242591858e+00
    1.4259571210e-02   -5.9290256500e+00
    1.4269297943e-02   -5.9338264465e+00
    1.4279025607e-02   -5.9386610985e+00
    1.4289967716e-02   -5.9441404343e+00
    1.4299695380e-02   -5.9490461349e+00
    1.4309422113e-02   -5.9539842606e+00
    1.4319149777e-02   -5.9589533806e+00
    1.4328876510e-02   -5.9639515877e+00
    1.4339819551e-02   -5.9696092606e+00
    1.4349547215e-02   -5.9746675491e+00
    1.4359273948e-02   -5.9797530174e+00
    1.4369001612e-02   -5.9848642349e+00
    1.4379944652e-02   -5.9906449318e+00
    1.4389672317e-02   -5.9958100319e+00
    1.4399399981e-02   -6.0010013580e+00
    1.4409126714e-02   -6.0062184334e+00
    1.4418854378e-02   -6.0114626884e+00
    1.4429797418e-02   -6.0173945427e+00
    1.4439525083e-02   -6.0226964951e+00
    1.4449252747e-02   -6.0280256271e+00
    1.4458980411e-02   -6.0333814621e+00
    1.4469924383e-02   -6.0394411087e+00
    1.4479652047e-02   -6.0448565483e+00
    1.4489379711e-02   -6.0502986908e+00
    1.4499107376e-02   -6.0557665825e+00
    1.4508835040e-02   -6.0612592697e+00
    1.4519779012e-02   -6.0674676895e+00
    1.4529506676e-02   -6.0730113983e+00
    1.4539234340e-02   -6.0785794258e+00
    1.4548962004e-02   -6.0841717720e+00
    1.4559905976e-02   -6.0904922485e+00
    1.4569634572e-02   -6.0961360931e+00
    1.4579362236e-02   -6.1018047333e+00
    1.4589090832e-02   -6.1074967384e+00
    1.4598818496e-02   -6.1132106781e+00
    1.4609762467e-02   -6.1196651459e+00
    1.4619491063e-02   -6.1254253387e+00
    1.4629218727e-02   -6.1312055588e+00
    1.4638947323e-02   -6.1370053291e+00
    1.4649892226e-02   -6.1435532570e+00
    1.4659619890e-02   -6.1493930817e+00
    1.4669348486e-02   -6.1552524567e+00
    1.4679077081e-02   -6.1611323357e+00
    1.4688805677e-02   -6.1670327187e+00
    1.4699750580e-02   -6.1736965179e+00
    1.4709479176e-02   -6.1796431541e+00
    1.4719207771e-02   -6.1856126785e+00
    1.4728936367e-02   -6.1916046143e+00
    1.4739881270e-02   -6.1983723640e+00
    1.4749609865e-02   -6.2044115067e+00
    1.4759338461e-02   -6.2104730606e+00
    1.4769067056e-02   -6.2165565491e+00
    1.4778796583e-02   -6.2226619720e+00
    1.4789741486e-02   -6.2295570374e+00
    1.4799470082e-02   -6.2357101440e+00
    1.4809199609e-02   -6.2418856621e+00
    1.4818928204e-02   -6.2480840683e+00
    1.4829874039e-02   -6.2550840378e+00
    1.4839602634e-02   -6.2613301277e+00
    1.4849332161e-02   -6.2675981522e+00
    1.4859061688e-02   -6.2738885880e+00
    1.4868790284e-02   -6.2802019119e+00
    1.4879736118e-02   -6.2873325348e+00
    1.4889465645e-02   -6.2936964035e+00
    1.4899195172e-02   -6.3000855446e+00
    1.4908924699e-02   -6.3064999580e+00
    1.4919869602e-02   -6.3137445450e+00
    1.4929599129e-02   -6.3202090263e+00
    1.4939328656e-02   -6.3266959190e+00
    1.4949058183e-02   -6.3332042694e+00
    1.4958788641e-02   -6.3397331238e+00
    1.4969734475e-02   -6.3471016884e+00
    1.4979464002e-02   -6.3536720276e+00
    1.4989193529e-02   -6.3602614403e+00
    1.4998923987e-02   -6.3668699265e+00
    1.5009869821e-02   -6.3743276596e+00
    1.5019599348e-02   -6.3809776306e+00
    1.5029329807e-02   -6.3876466751e+00
    1.5039059334e-02   -6.3943343163e+00
    1.5048789792e-02   -6.4010405540e+00
    1.5059735626e-02   -6.4086055756e+00
    1.5069466084e-02   -6.4153494835e+00
    1.5079195611e-02   -6.4221110344e+00
    1.5088926069e-02   -6.4288907051e+00
    1.5099872835e-02   -6.4365386963e+00
    1.5109603293e-02   -6.4433560371e+00
    1.5119332820e-02   -6.4501905441e+00
    1.5129063278e-02   -6.4570422173e+00
    1.5138793737e-02   -6.4639110565e+00
    1.5149740502e-02   -6.4716587067e+00
    1.5159470960e-02   -6.4785637856e+00
    1.5169201419e-02   -6.4854860306e+00
    1.5178931877e-02   -6.4924259186e+00
    1.5189878643e-02   -6.5002527237e+00
    1.5199610032e-02   -6.5072274208e+00
    1.5209340490e-02   -6.5142183304e+00
    1.5219070949e-02   -6.5212268829e+00
    1.5228801407e-02   -6.5282530785e+00
    1.5239749104e-02   -6.5361785889e+00
    1.5249479562e-02   -6.5432419777e+00
    1.5259210020e-02   -6.5503220558e+00
    1.5268941410e-02   -6.5574188232e+00
    1.5279888175e-02   -6.5654239655e+00
    1.5289619565e-02   -6.5725588799e+00
    1.5299350023e-02   -6.5797104836e+00
    1.5309081413e-02   -6.5868782997e+00
    1.5318812802e-02   -6.5940618515e+00
    1.5329759568e-02   -6.6021618843e+00
    1.5339490958e-02   -6.6093783379e+00
    1.5349221416e-02   -6.6166100502e+00
    1.5358952805e-02   -6.6238579750e+00
    1.5369900502e-02   -6.6320338249e+00
    1.5379630961e-02   -6.6393222809e+00
    1.5389362350e-02   -6.6466331482e+00
    1.5399093740e-02   -6.6539678574e+00
    1.5408824198e-02   -6.6613264084e+00
    1.5419771895e-02   -6.6696314812e+00
    1.5429503284e-02   -6.6770334244e+00
    1.5439233743e-02   -6.6844487190e+00
    1.5448965132e-02   -6.6918745041e+00
    1.5459911898e-02   -6.7002396584e+00
    1.5469643287e-02   -6.7076869011e+00
    1.5479374677e-02   -6.7151470184e+00
    1.5489105135e-02   -6.7226204872e+00
    1.5498836525e-02   -6.7301082611e+00
    1.5509784222e-02   -6.7385487556e+00
    1.5519514680e-02   -6.7460665703e+00
    1.5529246069e-02   -6.7535991669e+00
    1.5538976528e-02   -6.7611460686e+00
    1.5549924225e-02   -6.7696533203e+00
    1.5559655614e-02   -6.7772302628e+00
    1.5569386072e-02   -6.7848210335e+00
    1.5579117462e-02   -6.7924256325e+00
    1.5588848852e-02   -6.8000426292e+00
    1.5599795617e-02   -6.8086276054e+00
    1.5609527007e-02   -6.8162732124e+00
    1.5619258396e-02   -6.8239331245e+00
    1.5628987923e-02   -6.8316082954e+00
    1.5639936551e-02   -6.8402614594e+00
    1.5649667010e-02   -6.8479690552e+00
    1.5659397468e-02   -6.8556904793e+00
    1.5669129789e-02   -6.8634247780e+00
    1.5678860247e-02   -6.8711705208e+00
    1.5689807013e-02   -6.8798990250e+00
    1.5699282289e-02   -6.8874645233e+00
    1.5709374100e-02   -6.8955335617e+00
    1.5719467774e-02   -6.9036130905e+00
    1.5729559585e-02   -6.9117059708e+00
    1.5739651397e-02   -6.9198131561e+00
    1.5749745071e-02   -6.9279303551e+00
    1.5759836882e-02   -6.9360551834e+00
    1.5769930556e-02   -6.9441876411e+00
    1.5779105946e-02   -6.9515900612e+00
    1.5789197758e-02   -6.9597449303e+00
    1.5799291432e-02   -6.9679117203e+00
    1.5809383243e-02   -6.9760890007e+00
    1.5819476917e-02   -6.9842734337e+00
    1.5829568729e-02   -6.9924640656e+00
    1.5839660540e-02   -7.0006613731e+00
    1.5849754214e-02   -7.0088677406e+00
    1.5859846026e-02   -7.0170869827e+00
    1.5869939700e-02   -7.0253195763e+00
    1.5879115090e-02   -7.0328130722e+00
    1.5889206901e-02   -7.0410642624e+00
    1.5899300575e-02   -7.0493235588e+00
    1.5909392387e-02   -7.0575890541e+00
    1.5919484198e-02   -7.0658617020e+00
    1.5929577872e-02   -7.0741424561e+00
    1.5939669684e-02   -7.0824308395e+00
    1.5949763358e-02   -7.0907282829e+00
    1.5959855169e-02   -7.0990347862e+00
    1.5969948843e-02   -7.1073493958e+00
    1.5979124233e-02   -7.1149148941e+00
    1.5989216045e-02   -7.1232423782e+00
    1.5999307856e-02   -7.1315751076e+00
    1.6009401530e-02   -7.1399130821e+00
    1.6019493341e-02   -7.1482572556e+00
    1.6029587016e-02   -7.1566071510e+00
    1.6039678827e-02   -7.1649632454e+00
    1.6049772501e-02   -7.1733241081e+00
    1.6059864312e-02   -7.1816902161e+00
    1.6069957986e-02   -7.1900591850e+00
    1.6079131514e-02   -7.1976695061e+00
    1.6089225188e-02   -7.2060441971e+00
    1.6099316999e-02   -7.2144227028e+00
    1.6109410673e-02   -7.2228040695e+00
    1.6119735315e-02   -7.2313818932e+00
    1.6129376367e-02   -7.2393927574e+00
    1.6139980406e-02   -7.2482066154e+00
    1.6149619594e-02   -7.2562212944e+00
    1.6159260646e-02   -7.2642359734e+00
    1.6169864684e-02   -7.2730522156e+00
    1.6179503873e-02   -7.2810664177e+00
    1.6189144924e-02   -7.2890801430e+00
    1.6199748963e-02   -7.2978935242e+00
    1.6209388152e-02   -7.3059034348e+00
    1.6219992191e-02   -7.3147120476e+00
    1.6229633242e-02   -7.3227181435e+00
    1.6239272431e-02   -7.3307228088e+00
    1.6249876469e-02   -7.3395261765e+00
    1.6259517521e-02   -7.3475279808e+00
    1.6269156709e-02   -7.3555278778e+00
    1.6279760748e-02   -7.3643250465e+00
    1.6289401799e-02   -7.3723201752e+00
    1.6299040988e-02   -7.3803124428e+00
    1.6309645027e-02   -7.3891010284e+00
    1.6319286078e-02   -7.3970870972e+00
    1.6329890117e-02   -7.4058685303e+00
    1.6339529306e-02   -7.4138474464e+00
    1.6349170357e-02   -7.4218225479e+00
    1.6359774396e-02   -7.4305891991e+00
    1.6369413584e-02   -7.4385533333e+00
    1.6379054636e-02   -7.4465117455e+00
    1.6389658675e-02   -7.4552598000e+00
    1.6399297863e-02   -7.4632058144e+00
    1.6409901902e-02   -7.4719400406e+00
    1.6419542953e-02   -7.4798741341e+00
    1.6429182142e-02   -7.4878015518e+00
    1.6439786181e-02   -7.4965138435e+00
    1.6449427232e-02   -7.5044274330e+00
    1.6459066421e-02   -7.5123343468e+00
    1.6469670460e-02   -7.5210247040e+00
    1.6479948536e-02   -7.5294413567e+00
    1.6489123926e-02   -7.5369477272e+00
    1.6499217600e-02   -7.5451974869e+00
    1.6509309411e-02   -7.5534400940e+00
    1.6519403085e-02   -7.5616750717e+00
    1.6529494897e-02   -7.5699019432e+00
    1.6539586708e-02   -7.5781207085e+00
    1.6549680382e-02   -7.5863318443e+00
    1.6559772193e-02   -7.5945353508e+00
    1.6569865867e-02   -7.6027321815e+00
    1.6579957679e-02   -7.6109223366e+00
    1.6589133069e-02   -7.6183605194e+00
    1.6599226743e-02   -7.6265354156e+00
    1.6609318554e-02   -7.6347012520e+00
    1.6619410366e-02   -7.6428580284e+00
    1.6629504040e-02   -7.6510066986e+00
    1.6639595851e-02   -7.6591458321e+00
    1.6649689525e-02   -7.6672768593e+00
    1.6659781337e-02   -7.6753988266e+00
    1.6669189557e-02   -7.6829619408e+00
    1.6679793596e-02   -7.6914772987e+00
    1.6689432785e-02   -7.6992101669e+00
    1.6699073836e-02   -7.7069349289e+00
    1.6709677875e-02   -7.7154231071e+00
    1.6719317064e-02   -7.7231321335e+00
    1.6729876399e-02   -7.7315664291e+00
    1.6739968210e-02   -7.7396216393e+00
    1.6749143600e-02   -7.7469363213e+00
    1.6759235412e-02   -7.7549729347e+00
    1.6769329086e-02   -7.7629990578e+00
    1.6779420897e-02   -7.7710156441e+00
    1.6789514571e-02   -7.7790212631e+00
    1.6799606383e-02   -7.7870163918e+00
    1.6809700057e-02   -7.7950015068e+00
    1.6819791868e-02   -7.8029770851e+00
    1.6829883680e-02   -7.8109426498e+00
    1.6839977354e-02   -7.8188977242e+00
    1.6849152744e-02   -7.8261208534e+00
    1.6859244555e-02   -7.8340559006e+00
    1.6869338229e-02   -7.8419809341e+00
    1.6879430041e-02   -7.8498969078e+00
    1.6889523715e-02   -7.8578047752e+00
    1.6899615526e-02   -7.8657040596e+00
    1.6909707338e-02   -7.8735957146e+00
    1.6919115558e-02   -7.8809447289e+00
    1.6929719597e-02   -7.8892211914e+00
    1.6939360648e-02   -7.8967390060e+00
    1.6949964687e-02   -7.9050021172e+00
    1.6959603876e-02   -7.9125075340e+00
    1.6969244927e-02   -7.9200072289e+00
    1.6979848966e-02   -7.9282517433e+00
    1.6989488155e-02   -7.9357404709e+00
    1.6999129206e-02   -7.9432229996e+00
    1.7009733245e-02   -7.9514455795e+00
    1.7019372433e-02   -7.9589138031e+00
    1.7029976472e-02   -7.9671211243e+00
    1.7039617524e-02   -7.9745764732e+00
    1.7049256712e-02   -7.9820261002e+00
    1.7059860751e-02   -7.9902138710e+00
    1.7069501802e-02   -7.9976515770e+00
    1.7079140991e-02   -8.0050830841e+00
    1.7089745030e-02   -8.0132522583e+00
    1.7099386081e-02   -8.0206737518e+00
    1.7109990120e-02   -8.0288343430e+00
    1.7119629309e-02   -8.0362491608e+00
    1.7129270360e-02   -8.0436630249e+00
    1.7139874399e-02   -8.0518169403e+00
    1.7149513587e-02   -8.0592260361e+00
    1.7159154639e-02   -8.0666322708e+00
    1.7169758677e-02   -8.0747699738e+00
    1.7179397866e-02   -8.0821599960e+00
    1.7189038917e-02   -8.0895414352e+00
    1.7199642956e-02   -8.0976533890e+00
    1.7209282145e-02   -8.1050243378e+00
    1.7219886184e-02   -8.1131315231e+00
    1.7229527235e-02   -8.1205053329e+00
    1.7239166424e-02   -8.1278829575e+00
    1.7249770463e-02   -8.1360054016e+00
    1.7259411514e-02   -8.1433944702e+00
    1.7269050702e-02   -8.1507892609e+00
    1.7279654741e-02   -8.1589288712e+00
    1.7289295793e-02   -8.1663331985e+00
    1.7299899831e-02   -8.1744813919e+00
    1.7309539020e-02   -8.1818895340e+00
    1.7319772393e-02   -8.1897583008e+00
    1.7329864204e-02   -8.1975288391e+00
    1.7339225858e-02   -8.2047443390e+00
    1.7349829897e-02   -8.2129316330e+00
    1.7359469086e-02   -8.2203931808e+00
    1.7369110137e-02   -8.2278718948e+00
    1.7379714176e-02   -8.2361211777e+00
    1.7389353365e-02   -8.2436447144e+00
    1.7399957404e-02   -8.2519483566e+00
    1.7409184948e-02   -8.2591924667e+00
    1.7419788986e-02   -8.2675352097e+00
    1.7429430038e-02   -8.2751302719e+00
    1.7439069226e-02   -8.2827262878e+00
    1.7449533567e-02   -8.2909688950e+00
    1.7459627241e-02   -8.2989158630e+00
    1.7469719052e-02   -8.3068571091e+00
    1.7479812726e-02   -8.3147897720e+00
    1.7489904538e-02   -8.3227138519e+00
    1.7499998212e-02   -8.3306293488e+00
    1.7509171739e-02   -8.3378190994e+00
    1.7519265413e-02   -8.3457202911e+00
    1.7529357225e-02   -8.3536109924e+00
    1.7539450899e-02   -8.3614892960e+00
    1.7549542710e-02   -8.3693475723e+00
    1.7559636384e-02   -8.3771839142e+00
    1.7569728196e-02   -8.3849964142e+00
    1.7579821870e-02   -8.3927831650e+00
    1.7589913681e-02   -8.4005441666e+00
    1.7599089071e-02   -8.4075737000e+00
    1.7609180883e-02   -8.4152746201e+00
    1.7619274557e-02   -8.4229383469e+00
    1.7629366368e-02   -8.4305610657e+00
    1.7639460042e-02   -8.4381399155e+00
    1.7649551854e-02   -8.4456806183e+00
    1.7659645528e-02   -8.4531869888e+00
    1.7669737339e-02   -8.4606637955e+00
    1.7679829150e-02   -8.4681129456e+00
    1.7689922825e-02   -8.4755373001e+00
    1.7699098215e-02   -8.4822654724e+00
    1.7709190026e-02   -8.4896383286e+00
    1.7719283700e-02   -8.4969749451e+00
    1.7729375511e-02   -8.5042629242e+00
    1.7739469185e-02   -8.5114898682e+00
    1.7749560997e-02   -8.5186557770e+00
    1.7759652808e-02   -8.5257635117e+00
    1.7769746482e-02   -8.5328178406e+00
    1.7779838294e-02   -8.5398330688e+00
    1.7789931968e-02   -8.5468196869e+00
    1.7799107358e-02   -8.5531530380e+00
    1.7809199169e-02   -8.5601053238e+00
    1.7819292843e-02   -8.5670394897e+00
    1.7829384655e-02   -8.5739440918e+00
    1.7839476466e-02   -8.5808076859e+00
    1.7849570140e-02   -8.5876188278e+00
    1.7859661952e-02   -8.5943689346e+00
    1.7869755626e-02   -8.6010522842e+00
    1.7879847437e-02   -8.6076726913e+00
    1.7889941111e-02   -8.6142368317e+00
    1.7899116501e-02   -8.6201629639e+00
    1.7909208313e-02   -8.6266431808e+00
    1.7919300124e-02   -8.6330909729e+00
    1.7929393798e-02   -8.6395111084e+00
    1.7939485610e-02   -8.6459045410e+00
    1.7949579284e-02   -8.6522665024e+00
    1.7959857360e-02   -8.6587085724e+00
    1.7969498411e-02   -8.6647071838e+00
    1.7979137599e-02   -8.6706514359e+00
    1.7989741638e-02   -8.6771202087e+00
    1.7999382690e-02   -8.6829357147e+00
    1.8009986728e-02   -8.6892604828e+00
    1.8019625917e-02   -8.6949472427e+00
    1.8029266968e-02   -8.7005786896e+00
    1.8039871007e-02   -8.7067127228e+00
    1.8049510196e-02   -8.7122383118e+00
    1.8059151247e-02   -8.7177171707e+00
    1.8069755286e-02   -8.7236919403e+00
    1.8079394475e-02   -8.7290754318e+00
    1.8089998513e-02   -8.7349395752e+00
    1.8099639565e-02   -8.7402124405e+00
    1.8109278753e-02   -8.7454280853e+00
    1.8119882792e-02   -8.7510957718e+00
    1.8129523844e-02   -8.7561855316e+00
    1.8139163032e-02   -8.7612209320e+00
    1.8149767071e-02   -8.7666997910e+00
    1.8159408122e-02   -8.7716274261e+00
    1.8169047311e-02   -8.7765054703e+00
    1.8179651350e-02   -8.7818155289e+00
    1.8189245835e-02   -8.7865686417e+00
    1.8199337646e-02   -8.7915153503e+00
    1.8209431320e-02   -8.7964048386e+00
    1.8219523132e-02   -8.8012351990e+00
    1.8229614943e-02   -8.8060083389e+00
    1.8239708617e-02   -8.8107223511e+00
    1.8249800429e-02   -8.8153781891e+00
    1.8259894103e-02   -8.8199806213e+00
    1.8269985914e-02   -8.8245334625e+00
    1.8279161304e-02   -8.8286323547e+00
    1.8289254978e-02   -8.8331041336e+00
    1.8299346790e-02   -8.8375387192e+00
    1.8309438601e-02   -8.8419361115e+00
    1.8319532275e-02   -8.8462963104e+00
    1.8329624087e-02   -8.8506164551e+00
    1.8339717761e-02   -8.8548917770e+00
    1.8349809572e-02   -8.8591184616e+00
    1.8359903246e-02   -8.8632936478e+00
    1.8369995058e-02   -8.8674154282e+00
    1.8379170448e-02   -8.8711204529e+00
    1.8389262259e-02   -8.8751525879e+00
    1.8399355933e-02   -8.8791427612e+00
    1.8409447744e-02   -8.8830900192e+00
    1.8419541419e-02   -8.8869972229e+00
    1.8429633230e-02   -8.8908615112e+00
    1.8439726904e-02   -8.8946790695e+00
    1.8449818715e-02   -8.8984460831e+00
    1.8459912390e-02   -8.9021596909e+00
    1.8469085917e-02   -8.9054880142e+00
    1.8479179591e-02   -8.9090938568e+00
    1.8489271402e-02   -8.9126424789e+00
    1.8499365076e-02   -8.9161329269e+00
    1.8509456888e-02   -8.9195652008e+00
    1.8519550562e-02   -8.9229393005e+00
    1.8529642373e-02   -8.9262571335e+00
    1.8539736047e-02   -8.9295206070e+00
    1.8549827859e-02   -8.9327316284e+00
    1.8559921533e-02   -8.9358911514e+00
    1.8569095060e-02   -8.9387178421e+00
    1.8579188734e-02   -8.9417772293e+00
    1.8589280546e-02   -8.9447822571e+00
    1.8599374220e-02   -8.9477319717e+00
    1.8609466031e-02   -8.9506254196e+00
    1.8619559705e-02   -8.9534606934e+00
    1.8629651517e-02   -8.9562387466e+00
    1.8639745191e-02   -8.9589624405e+00
    1.8649837002e-02   -8.9616346359e+00
    1.8659928814e-02   -8.9642581940e+00
    1.8669104204e-02   -8.9666051865e+00
    1.8679197878e-02   -8.9691476822e+00
    1.8689289689e-02   -8.9716510773e+00
    1.8699383363e-02   -8.9741182327e+00
    1.8709475175e-02   -8.9765501022e+00
    1.8719568849e-02   -8.9789485931e+00
    1.8729660660e-02   -8.9813137054e+00
    1.8739752471e-02   -8.9836454391e+00
    1.8749846146e-02   -8.9859447479e+00
    1.8759937957e-02   -8.9882106781e+00
    1.8769113347e-02   -8.9902420044e+00
    1.8779207021e-02   -8.9924449921e+00
    1.8789298832e-02   -8.9946146011e+00
    1.8799392506e-02   -8.9967508316e+00
    1.8809484318e-02   -8.9988536835e+00
    1.8819576129e-02   -9.0009231567e+00
    1.8829669803e-02   -9.0029602051e+00
    1.8839761615e-02   -9.0049657822e+00
    1.8849855289e-02   -9.0069379807e+00
    1.8859947100e-02   -9.0088748932e+00
    1.8869122490e-02   -9.0106048584e+00
    1.8879216164e-02   -9.0124721527e+00
    1.8889307976e-02   -9.0142984390e+00
    1.8899399787e-02   -9.0160865784e+00
    1.8909493461e-02   -9.0178346634e+00
    1.8919585273e-02   -9.0195455551e+00
    1.8929678947e-02   -9.0212202072e+00
    1.8939770758e-02   -9.0228586197e+00
    1.8949864432e-02   -9.0244626999e+00
    1.8959956244e-02   -9.0260314941e+00
    1.8969131634e-02   -9.0274229050e+00
    1.8979223445e-02   -9.0289154053e+00
    1.8989317119e-02   -9.0303621292e+00
    1.8999408931e-02   -9.0317611694e+00
    1.9009502605e-02   -9.0331087112e+00
    1.9019594416e-02   -9.0344047546e+00
    1.9029688090e-02   -9.0356492996e+00
    1.9039779902e-02   -9.0368432999e+00
    1.9049873576e-02   -9.0379867554e+00
    1.9059965387e-02   -9.0390825272e+00
    1.9069140777e-02   -9.0400371552e+00
    1.9079232588e-02   -9.0410404205e+00
    1.9089326262e-02   -9.0419950485e+00
    1.9099418074e-02   -9.0428991318e+00
    1.9109511748e-02   -9.0437498093e+00
    1.9119603559e-02   -9.0445470810e+00
    1.9129697233e-02   -9.0452871323e+00
    1.9139965996e-02   -9.0459833145e+00
    1.9149698317e-02   -9.0465888977e+00
    1.9159430638e-02   -9.0471448898e+00
    1.9169811159e-02   -9.0476837158e+00
    1.9179543480e-02   -9.0481367111e+00
    1.9189924002e-02   -9.0485639572e+00
    1.9199656323e-02   -9.0489149094e+00
    1.9209388644e-02   -9.0492191315e+00
    1.9219771028e-02   -9.0494956970e+00
    1.9229503348e-02   -9.0497083664e+00
    1.9239883870e-02   -9.0498800278e+00
    1.9249616191e-02   -9.0499887466e+00
    1.9259996712e-02   -9.0500488281e+00
    1.9269729033e-02   -9.0500497818e+00
    1.9279461354e-02   -9.0499954224e+00
    1.9289841875e-02   -9.0498828888e+00
    1.9299574196e-02   -9.0497274399e+00
    1.9309956580e-02   -9.0495128632e+00
    1.9319687039e-02   -9.0492677689e+00
    1.9329419360e-02   -9.0489816666e+00
    1.9339801744e-02   -9.0486297607e+00
    1.9349534065e-02   -9.0482482910e+00
    1.9359914586e-02   -9.0477800369e+00
    1.9369646907e-02   -9.0472784042e+00
    1.9379379228e-02   -9.0467119217e+00
    1.9389759749e-02   -9.0460414886e+00
    1.9399492070e-02   -9.0453586578e+00
    1.9409872591e-02   -9.0445785522e+00
    1.9419604912e-02   -9.0438070297e+00
    1.9429987296e-02   -9.0429458618e+00
    1.9439717755e-02   -9.0421066284e+00
    1.9449450076e-02   -9.0412349701e+00
    1.9459832460e-02   -9.0402698517e+00
    1.9469564781e-02   -9.0393276215e+00
    1.9479945302e-02   -9.0382766724e+00
    1.9489677623e-02   -9.0372428894e+00
    1.9499409944e-02   -9.0361595154e+00
    1.9509790465e-02   -9.0349502563e+00
    1.9519522786e-02   -9.0337686539e+00
    1.9529903308e-02   -9.0324573517e+00
    1.9539635628e-02   -9.0311803818e+00
    1.9549367949e-02   -9.0298585892e+00
    1.9559750333e-02   -9.0283985138e+00
    1.9569480792e-02   -9.0269784927e+00
    1.9579863176e-02   -9.0254077911e+00
    1.9589595497e-02   -9.0238809586e+00
    1.9599976018e-02   -9.0221948624e+00
    1.9609708339e-02   -9.0205612183e+00
    1.9619440660e-02   -9.0188760757e+00
    1.9629821181e-02   -9.0170202255e+00
    1.9639553502e-02   -9.0152235031e+00
    1.9649934024e-02   -9.0132408142e+00
    1.9659666345e-02   -9.0113134384e+00
    1.9669398665e-02   -9.0093116760e+00
    1.9679781049e-02   -9.0070915222e+00
    1.9689511508e-02   -9.0049314499e+00
    1.9699893892e-02   -9.0025501251e+00
    1.9709626213e-02   -9.0002555847e+00
    1.9719358534e-02   -8.9979085922e+00
    1.9729739055e-02   -8.9953565598e+00
    1.9739471376e-02   -8.9929227829e+00
    1.9749851897e-02   -8.9902849197e+00
    1.9759584218e-02   -8.9877719879e+00
    1.9769964740e-02   -8.9850435257e+00
    1.9779697061e-02   -8.9824323654e+00
    1.9789429381e-02   -8.9797639847e+00
    1.9799811766e-02   -8.9768486023e+00
    1.9809542224e-02   -8.9740486145e+00
    1.9819924608e-02   -8.9709959030e+00
    1.9829656929e-02   -8.9680767059e+00
    1.9839389250e-02   -8.9651107788e+00
    1.9849769771e-02   -8.9619045258e+00
    1.9859502092e-02   -8.9588670731e+00
    1.9869882613e-02   -8.9555978775e+00
    1.9879614934e-02   -8.9525060654e+00
    1.9889995456e-02   -8.9491786957e+00
    1.9899727777e-02   -8.9460248947e+00
    1.9909460098e-02   -8.9428310394e+00
    1.9919842482e-02   -8.9393730164e+00
    1.9929574803e-02   -8.9360761642e+00
    1.9939955324e-02   -8.9324979782e+00
    1.9949687645e-02   -8.9290857315e+00
    1.9959419966e-02   -8.9256229401e+00
    1.9969800487e-02   -8.9218826294e+00
    1.9979532808e-02   -8.9183387756e+00
    1.9989913329e-02   -8.9145259857e+00
    1.9999645650e-02   -8.9109268188e+00
    2.0009377971e-02   -8.9073085785e+00
    2.0019758493e-02   -8.9034299850e+00
    2.0029490814e-02   -8.8997755051e+00
    2.0039873198e-02   -8.8958559036e+00
    2.0049605519e-02   -8.8921556473e+00
    2.0059986040e-02   -8.8881759644e+00
    2.0069718361e-02   -8.8844118118e+00
    2.0079450682e-02   -8.8806114197e+00
    2.0089831203e-02   -8.8765192032e+00
    2.0099563524e-02   -8.8726491928e+00
    2.0109944046e-02   -8.8684892654e+00
    2.0119676366e-02   -8.8645639420e+00
    2.0129408687e-02   -8.8606204987e+00
    2.0139789209e-02   -8.8563957214e+00
    2.0149521530e-02   -8.8524188995e+00
    2.0159903914e-02   -8.8481616974e+00
    2.0169636235e-02   -8.8441562653e+00
    2.0179366693e-02   -8.8401355743e+00
    2.0189749077e-02   -8.8358287811e+00
    2.0199481398e-02   -8.8317728043e+00
    2.0209861919e-02   -8.8274250031e+00
    2.0219594240e-02   -8.8233280182e+00
    2.0229974762e-02   -8.8189344406e+00
    2.0239707083e-02   -8.8147935867e+00
    2.0249439403e-02   -8.8106288910e+00
    2.0259819925e-02   -8.8061637878e+00
    2.0269552246e-02   -8.8019571304e+00
    2.0279934630e-02   -8.7974519730e+00
    2.0289666951e-02   -8.7932119370e+00
    2.0299399272e-02   -8.7889595032e+00
    2.0309779793e-02   -8.7844085693e+00
    2.0319512114e-02   -8.7801284790e+00
    2.0329892635e-02   -8.7755479813e+00
    2.0339624956e-02   -8.7712392807e+00
    2.0349357277e-02   -8.7669162750e+00
    2.0359737799e-02   -8.7622900009e+00
    2.0369470119e-02   -8.7579364777e+00
    2.0379850641e-02   -8.7532758713e+00
    2.0389582962e-02   -8.7488880157e+00
    2.0399965346e-02   -8.7441864014e+00
    2.0409697667e-02   -8.7397575378e+00
    2.0419429988e-02   -8.7353067398e+00
    2.0429810509e-02   -8.7305355072e+00
    2.0439542830e-02   -8.7260417938e+00
    2.0449923351e-02   -8.7212257385e+00
    2.0459655672e-02   -8.7166938782e+00
    2.0469387993e-02   -8.7121458054e+00
    2.0479768515e-02   -8.7072801590e+00
    2.0489500836e-02   -8.7027044296e+00
    2.0499881357e-02   -8.6978044510e+00
    2.0509613678e-02   -8.6931915283e+00
    2.0519996062e-02   -8.6882467270e+00
    2.0529728383e-02   -8.6835851669e+00
    2.0539460704e-02   -8.6788978577e+00
    2.0549841225e-02   -8.6738691330e+00
    2.0559573546e-02   -8.6691284180e+00
    2.0569954067e-02   -8.6640434265e+00
    2.0579686388e-02   -8.6592512131e+00
    2.0589418709e-02   -8.6544370651e+00
    2.0599799231e-02   -8.6492776871e+00
    2.0609531552e-02   -8.6444215775e+00
    2.0619912073e-02   -8.6392211914e+00
    2.0629644394e-02   -8.6343288422e+00
    2.0639376715e-02   -8.6294174194e+00
    2.0649759099e-02   -8.6241579056e+00
    2.0659491420e-02   -8.6192026138e+00
    2.0669871941e-02   -8.6138887405e+00
    2.0679734647e-02   -8.6088123322e+00
    2.0689960569e-02   -8.6035232544e+00
    2.0699504763e-02   -8.5985612869e+00
    2.0709730685e-02   -8.5932188034e+00
    2.0719954744e-02   -8.5878515244e+00
    2.0729498938e-02   -8.5828199387e+00
    2.0739724860e-02   -8.5774059296e+00
    2.0749950781e-02   -8.5719671249e+00
    2.0759493113e-02   -8.5668668747e+00
    2.0769719034e-02   -8.5613784790e+00
    2.0779944956e-02   -8.5558643341e+00
    2.0789489150e-02   -8.5506963730e+00
    2.0799713209e-02   -8.5451402664e+00
    2.0809939131e-02   -8.5395660400e+00
    2.0819483325e-02   -8.5343503952e+00
    2.0829709247e-02   -8.5287475586e+00
    2.0839933306e-02   -8.5231285095e+00
    2.0849477500e-02   -8.5178632736e+00
    2.0859703422e-02   -8.5121974945e+00
    2.0869929343e-02   -8.5065021515e+00
    2.0879471675e-02   -8.5011587143e+00
    2.0889697596e-02   -8.4954042435e+00
    2.0899923518e-02   -8.4896221161e+00
    2.0909467712e-02   -8.4842004776e+00
    2.0919691771e-02   -8.4783687592e+00
    2.0929917693e-02   -8.4725151062e+00
    2.0939461887e-02   -8.4670362473e+00
    2.0949687809e-02   -8.4611482620e+00
    2.0959911868e-02   -8.4552431107e+00
    2.0969456062e-02   -8.4497137070e+00
    2.0979681984e-02   -8.4437704086e+00
    2.0989907905e-02   -8.4378070831e+00
    2.0999450237e-02   -8.4322223663e+00
    2.1009676158e-02   -8.4262180328e+00
    2.1019902080e-02   -8.4201927185e+00
    2.1029446274e-02   -8.4145507812e+00
    2.1039215848e-02   -8.4087581635e+00
    2.1049309522e-02   -8.4027566910e+00
    2.1059401333e-02   -8.3967370987e+00
    2.1069493145e-02   -8.3907012939e+00
    2.1079586819e-02   -8.3846549988e+00
    2.1089678630e-02   -8.3785963058e+00
    2.1099772304e-02   -8.3725194931e+00
    2.1109864116e-02   -8.3664255142e+00
    2.1119957790e-02   -8.3603200912e+00
    2.1129133180e-02   -8.3547620773e+00
    2.1139224991e-02   -8.3486394882e+00
    2.1149495617e-02   -8.3423976898e+00
    2.1159876138e-02   -8.3360719681e+00
    2.1169608459e-02   -8.3301248550e+00
    2.1179988980e-02   -8.3237590790e+00
    2.1189721301e-02   -8.3177709579e+00
    2.1199453622e-02   -8.3117675781e+00
    2.1209834144e-02   -8.3053464890e+00
    2.1219566464e-02   -8.2993116379e+00
    2.1229946986e-02   -8.2928581238e+00
    2.1239679307e-02   -8.2867918015e+00
    2.1249411628e-02   -8.2807111740e+00
    2.1259794012e-02   -8.2742109299e+00
    2.1269526333e-02   -8.2681026459e+00
    2.1279906854e-02   -8.2615652084e+00
    2.1289639175e-02   -8.2554140091e+00
    2.1299371496e-02   -8.2492408752e+00
    2.1309752017e-02   -8.2426319122e+00
    2.1319484338e-02   -8.2364120483e+00
    2.1329864860e-02   -8.2297592163e+00
    2.1339597180e-02   -8.2235040665e+00
    2.1349977702e-02   -8.2168178558e+00
    2.1359710023e-02   -8.2105388641e+00
    2.1369442344e-02   -8.2042493820e+00
    2.1379824728e-02   -8.1975317001e+00
    2.1389557049e-02   -8.1912240982e+00
    2.1399937570e-02   -8.1844844818e+00
    2.1409669891e-02   -8.1781530380e+00
    2.1419402212e-02   -8.1718091965e+00
    2.1429782733e-02   -8.1650314331e+00
    2.1439515054e-02   -8.1586694717e+00
    2.1449895576e-02   -8.1518754959e+00
    2.1459627897e-02   -8.1455011368e+00
    2.1469360217e-02   -8.1391239166e+00
    2.1479740739e-02   -8.1323175430e+00
    2.1489473060e-02   -8.1259346008e+00
    2.1499855444e-02   -8.1191225052e+00
    2.1509587765e-02   -8.1127319336e+00
    2.1519968286e-02   -8.1059131622e+00
    2.1529700607e-02   -8.0995168686e+00
    2.1539432928e-02   -8.0931215286e+00
    2.1549813449e-02   -8.0863008499e+00
    2.1559545770e-02   -8.0799121857e+00
    2.1569926292e-02   -8.0731048584e+00
    2.1579658613e-02   -8.0667285919e+00
    2.1589390934e-02   -8.0603561401e+00
    2.1599771455e-02   -8.0535593033e+00
    2.1609503776e-02   -8.0471858978e+00
    2.1619886160e-02   -8.0403833389e+00
    2.1629618481e-02   -8.0340013504e+00
    2.1639999002e-02   -8.0271892548e+00
    2.1649731323e-02   -8.0207977295e+00
    2.1659463644e-02   -8.0144042969e+00
    2.1669844165e-02   -8.0075807571e+00
    2.1679576486e-02   -8.0011816025e+00
    2.1689957008e-02   -7.9943561554e+00
    2.1699689329e-02   -7.9879584312e+00
    2.1709421650e-02   -7.9815616608e+00
    2.1719802171e-02   -7.9747409821e+00
    2.1729534492e-02   -7.9683499336e+00
    2.1739916876e-02   -7.9615364075e+00
    2.1749649197e-02   -7.9551515579e+00
    2.1759381518e-02   -7.9487695694e+00
    2.1769762039e-02   -7.9419651031e+00
    2.1779494360e-02   -7.9355878830e+00
    2.1789874882e-02   -7.9287872314e+00
    2.1799607202e-02   -7.9224133492e+00
    2.1809987724e-02   -7.9156155586e+00
    2.1819720045e-02   -7.9092440605e+00
    2.1829452366e-02   -7.9028749466e+00
    2.1839832887e-02   -7.8960847855e+00
    2.1849565208e-02   -7.8897223473e+00
    2.1859947592e-02   -7.8829398155e+00
    2.1869679913e-02   -7.8765854836e+00
    2.1879412234e-02   -7.8702359200e+00
    2.1889792755e-02   -7.8634681702e+00
    2.1899525076e-02   -7.8571290970e+00
    2.1909905598e-02   -7.8503746986e+00
    2.1919637918e-02   -7.8440489769e+00
    2.1929370239e-02   -7.8377289772e+00
    2.1939750761e-02   -7.8309946060e+00
    2.1949483082e-02   -7.8246874809e+00
    2.1959863603e-02   -7.8179669380e+00
    2.1969595924e-02   -7.8116731644e+00
    2.1979978308e-02   -7.8049693108e+00
    2.1989710629e-02   -7.7986917496e+00
    2.1999442950e-02   -7.7924232483e+00
    2.2009823471e-02   -7.7857470512e+00
    2.2019555792e-02   -7.7794961929e+00
    2.2029936314e-02   -7.7728376389e+00
    2.2039668635e-02   -7.7666034698e+00
    2.2049400955e-02   -7.7603764534e+00
    2.2059781477e-02   -7.7537431717e+00
    2.2069513798e-02   -7.7475328445e+00
    2.2079894319e-02   -7.7409195900e+00
    2.2089626640e-02   -7.7347307205e+00
    2.2099358961e-02   -7.7285528183e+00
    2.2109741345e-02   -7.7219758034e+00
    2.2119473666e-02   -7.7158207893e+00
    2.2129854187e-02   -7.7092666626e+00
    2.2139586508e-02   -7.7031316757e+00
    2.2149967030e-02   -7.6965975761e+00
    2.2159699351e-02   -7.6904802322e+00
    2.2169431672e-02   -7.6843705177e+00
    2.2179812193e-02   -7.6778616905e+00
    2.2189544514e-02   -7.6717672348e+00
    2.2199926898e-02   -7.6652741432e+00
    2.2209657356e-02   -7.6591944695e+00
    2.2219389677e-02   -7.6531233788e+00
    2.2229772061e-02   -7.6466569901e+00
    2.2239504382e-02   -7.6406049728e+00
    2.2249884903e-02   -7.6341600418e+00
    2.2259617224e-02   -7.6281280518e+00
    2.2269997746e-02   -7.6217041016e+00
    2.2279730067e-02   -7.6156930923e+00
    2.2289462388e-02   -7.6096925735e+00
    2.2299842909e-02   -7.6033053398e+00
    2.2309575230e-02   -7.5973286629e+00
    2.2319957614e-02   -7.5909647942e+00
    2.2329688072e-02   -7.5850081444e+00
    2.2339420393e-02   -7.5790610313e+00
    2.2349802777e-02   -7.5727276802e+00
    2.2359535098e-02   -7.5668001175e+00
    2.2369915619e-02   -7.5604896545e+00
    2.2379647940e-02   -7.5545845032e+00
    2.2389380261e-02   -7.5486893654e+00
    2.2399760783e-02   -7.5424118042e+00
    2.2409493104e-02   -7.5365362167e+00
    2.2419873625e-02   -7.5302791595e+00
    2.2429605946e-02   -7.5244221687e+00
    2.2439988330e-02   -7.5181856155e+00
    2.2449718788e-02   -7.5123481750e+00
    2.2459451109e-02   -7.5065197945e+00
    2.2469833493e-02   -7.5003118515e+00
    2.2479565814e-02   -7.4945001602e+00
    2.2489946336e-02   -7.4883093834e+00
    2.2499678656e-02   -7.4825134277e+00
    2.2509410977e-02   -7.4767241478e+00
    2.2519791499e-02   -7.4705567360e+00
    2.2529523820e-02   -7.4647822380e+00
    2.2539904341e-02   -7.4586310387e+00
    2.2549636662e-02   -7.4528722763e+00
    2.2559368983e-02   -7.4471211433e+00
    2.2569751367e-02   -7.4409947395e+00
    2.2579481825e-02   -7.4352598190e+00
    2.2589864209e-02   -7.4291515350e+00
    2.2599596530e-02   -7.4234328270e+00
    2.2609977052e-02   -7.4173417091e+00
    2.2619709373e-02   -7.4116396904e+00
    2.2629441693e-02   -7.4059453011e+00
    2.2639822215e-02   -7.3998808861e+00
    2.2649554536e-02   -7.3942041397e+00
    2.2659935057e-02   -7.3881587982e+00
    2.2669667378e-02   -7.3825006485e+00
    2.2679399699e-02   -7.3768515587e+00
    2.2689782083e-02   -7.3708348274e+00
    2.2699512541e-02   -7.3652029037e+00
    2.2709894925e-02   -7.3592047691e+00
    2.2719627246e-02   -7.3535904884e+00
    2.2729359567e-02   -7.3479862213e+00
    2.2739740089e-02   -7.3420195580e+00
    2.2749472409e-02   -7.3364367485e+00
    2.2759852931e-02   -7.3304929733e+00
    2.2769585252e-02   -7.3249316216e+00
    2.2779965773e-02   -7.3190102577e+00
    2.2789698094e-02   -7.3134694099e+00
    2.2799430415e-02   -7.3079380989e+00
    2.2809812799e-02   -7.3020496368e+00
    2.2819543257e-02   -7.2965407372e+00
    2.2829925641e-02   -7.2906780243e+00
    2.2839657962e-02   -7.2851943970e+00
    2.2849390283e-02   -7.2797222137e+00
    2.2859770805e-02   -7.2738981247e+00
    2.2869503126e-02   -7.2684507370e+00
    2.2879883647e-02   -7.2626533508e+00
    2.2889615968e-02   -7.2572321892e+00
    2.2899996489e-02   -7.2514638901e+00
    2.2909728810e-02   -7.2460699081e+00
    2.2919461131e-02   -7.2406897545e+00
    2.2929843515e-02   -7.2349667549e+00
    2.2939575836e-02   -7.2296156883e+00
    2.2949956357e-02   -7.2239232063e+00
    2.2959688678e-02   -7.2186012268e+00
    2.2969420999e-02   -7.2132935524e+00
    2.2979801521e-02   -7.2076478004e+00
    2.2989533842e-02   -7.2023696899e+00
    2.2999914363e-02   -7.1967563629e+00
    2.3009646684e-02   -7.1915097237e+00
    2.3019379005e-02   -7.1862778664e+00
    2.3029759526e-02   -7.1807146072e+00
    2.3039491847e-02   -7.1755151749e+00
    2.3049874231e-02   -7.1699862480e+00
    2.3059606552e-02   -7.1648182869e+00
    2.3069987074e-02   -7.1593227386e+00
    2.3079719394e-02   -7.1541867256e+00
    2.3089451715e-02   -7.1490654945e+00
    2.3099832237e-02   -7.1436204910e+00
    2.3109564558e-02   -7.1385316849e+00
    2.3119945079e-02   -7.1331214905e+00
    2.3129677400e-02   -7.1280665398e+00
    2.3139409721e-02   -7.1230282784e+00
    2.3149790242e-02   -7.1176729202e+00
    2.3159522563e-02   -7.1126694679e+00
    2.3169904947e-02   -7.1073517799e+00
    2.3179637268e-02   -7.1023836136e+00
    2.3189367726e-02   -7.0974326134e+00
    2.3199750111e-02   -7.0921702385e+00
    2.3209482431e-02   -7.0872540474e+00
    2.3219862953e-02   -7.0820293427e+00
    2.3229595274e-02   -7.0771493912e+00
    2.3239975795e-02   -7.0719637871e+00
    2.3249095306e-02   -7.0674252510e+00
    2.3259365931e-02   -7.0623331070e+00
    2.3269746453e-02   -7.0572056770e+00
    2.3279478773e-02   -7.0524182320e+00
    2.3289859295e-02   -7.0473322868e+00
    2.3299358785e-02   -7.0426959991e+00
    2.3309800774e-02   -7.0376186371e+00
    2.3319533095e-02   -7.0329031944e+00
    2.3329263553e-02   -7.0282053947e+00
    2.3338995874e-02   -7.0235280991e+00
    2.3349942639e-02   -7.0182881355e+00
    2.3359674960e-02   -7.0136442184e+00
    2.3369405419e-02   -7.0090122223e+00
    2.3379137740e-02   -7.0043945312e+00
    2.3388868198e-02   -6.9997954369e+00
    2.3399816826e-02   -6.9946451187e+00
    2.3409547284e-02   -6.9900860786e+00
    2.3419279605e-02   -6.9855427742e+00
    2.3429010063e-02   -6.9810137749e+00
    2.3439958692e-02   -6.9759373665e+00
    2.3449689150e-02   -6.9714422226e+00
    2.3459419608e-02   -6.9669647217e+00
    2.3469151929e-02   -6.9625053406e+00
    2.3478882387e-02   -6.9580655098e+00
    2.3489831015e-02   -6.9530935287e+00
    2.3499561474e-02   -6.9486951828e+00
    2.3509293795e-02   -6.9443163872e+00
    2.3519024253e-02   -6.9399557114e+00
    2.3529971018e-02   -6.9350695610e+00
    2.3539703339e-02   -6.9307441711e+00
    2.3549433798e-02   -6.9264359474e+00
    2.3559166119e-02   -6.9221453667e+00
    2.3568896577e-02   -6.9178714752e+00
    2.3579843342e-02   -6.9130830765e+00
    2.3589575663e-02   -6.9088435173e+00
    2.3599306121e-02   -6.9046192169e+00
    2.3609036580e-02   -6.9004101753e+00
    2.3619985208e-02   -6.8956933022e+00
    2.3629715666e-02   -6.8915128708e+00
    2.3639447987e-02   -6.8873424530e+00
    2.3649178445e-02   -6.8831806183e+00
    2.3658908904e-02   -6.8790254593e+00
    2.3669857532e-02   -6.8743581772e+00
    2.3679587990e-02   -6.8702139854e+00
    2.3689318448e-02   -6.8660726547e+00
    2.3699050769e-02   -6.8619337082e+00
    2.3709997535e-02   -6.8572797775e+00
    2.3719727993e-02   -6.8531441689e+00
    2.3729458451e-02   -6.8490090370e+00
    2.3739190772e-02   -6.8448724747e+00
    2.3748921230e-02   -6.8407359123e+00
    2.3759867996e-02   -6.8360805511e+00
    2.3769600317e-02   -6.8319411278e+00
    2.3779330775e-02   -6.8277983665e+00
    2.3789061233e-02   -6.8236508369e+00
    2.3798791692e-02   -6.8194990158e+00
    2.3809740320e-02   -6.8148236275e+00
    2.3819470778e-02   -6.8106641769e+00
    2.3829201236e-02   -6.8065013885e+00
    2.3838933557e-02   -6.8023352623e+00
    2.3849880323e-02   -6.7976427078e+00
    2.3859610781e-02   -6.7934670448e+00
    2.3869341239e-02   -6.7892880440e+00
    2.3879073560e-02   -6.7851057053e+00
    2.3888804018e-02   -6.7809190750e+00
    2.3899750784e-02   -6.7762041092e+00
    2.3909483105e-02   -6.7720103264e+00
    2.3919213563e-02   -6.7678146362e+00
    2.3928944021e-02   -6.7636170387e+00
    2.3939890787e-02   -6.7588934898e+00
    2.3949623108e-02   -6.7546935081e+00
    2.3959353566e-02   -6.7504930496e+00
    2.3969084024e-02   -6.7462925911e+00
    2.3978816345e-02   -6.7420935631e+00
    2.3989763111e-02   -6.7373719215e+00
    2.3999493569e-02   -6.7331781387e+00
    2.4009224027e-02   -6.7289886475e+00
    2.4018956348e-02   -6.7248039246e+00
    2.4029903114e-02   -6.7201046944e+00
    2.4039633572e-02   -6.7159376144e+00
    2.4049365893e-02   -6.7117810249e+00
    2.4059096351e-02   -6.7076363564e+00
    2.4068826810e-02   -6.7035026550e+00
    2.4079773575e-02   -6.6988677979e+00
    2.4089505896e-02   -6.6947641373e+00
    2.4099236354e-02   -6.6906776428e+00
    2.4108966812e-02   -6.6866102219e+00
    2.4119915441e-02   -6.6820564270e+00
    2.4129645899e-02   -6.6780285835e+00
    2.4139376357e-02   -6.6740202904e+00
    2.4149108678e-02   -6.6700329781e+00
    2.4158839136e-02   -6.6660661697e+00
    2.4169785902e-02   -6.6616282463e+00
    2.4179518223e-02   -6.6577048302e+00
    2.4189248681e-02   -6.6538009644e+00
    2.4198979139e-02   -6.6499176025e+00
    2.4209927768e-02   -6.6455745697e+00
    2.4219658226e-02   -6.6417365074e+00
    2.4229388684e-02   -6.6379194260e+00
    2.4239121005e-02   -6.6341233253e+00
    2.4248851463e-02   -6.6303477287e+00
    2.4259798229e-02   -6.6261243820e+00
    2.4269530550e-02   -6.6223926544e+00
    2.4279261008e-02   -6.6186814308e+00
    2.4288991466e-02   -6.6149916649e+00
    2.4299940094e-02   -6.6108670235e+00
    2.4309670553e-02   -6.6072249413e+00
    2.4319402874e-02   -6.6036081314e+00
    2.4329133332e-02   -6.6000170708e+00
    2.4338863790e-02   -6.5964517593e+00
    2.4349812418e-02   -6.5924735069e+00
    2.4359542876e-02   -6.5889668465e+00
    2.4369273335e-02   -6.5854892731e+00
    2.4379005656e-02   -6.5820393562e+00
    2.4389952421e-02   -6.5781884193e+00
    2.4399682879e-02   -6.5747933388e+00
    2.4409413338e-02   -6.5714249611e+00
    2.4419143796e-02   -6.5680851936e+00
    2.4428876117e-02   -6.5647759438e+00
    2.4439822882e-02   -6.5610904694e+00
    2.4449553341e-02   -6.5578479767e+00
    2.4459283799e-02   -6.5546379089e+00
    2.4469014257e-02   -6.5514621735e+00
    2.4479961023e-02   -6.5479311943e+00
    2.4489691481e-02   -6.5448303223e+00
    2.4499423802e-02   -6.5417656898e+00
    2.4509154260e-02   -6.5387368202e+00
    2.4518884718e-02   -6.5357432365e+00
    2.4529831484e-02   -6.5324177742e+00
    2.4539561942e-02   -6.5294995308e+00
    2.4549292400e-02   -6.5266160965e+00
    2.4559022859e-02   -6.5237698555e+00
    2.4569967762e-02   -6.5206131935e+00
    2.4579698220e-02   -6.5178499222e+00
    2.4589428678e-02   -6.5151290894e+00
    2.4599159136e-02   -6.5124521255e+00
    2.4608889595e-02   -6.5098204613e+00
    2.4619836360e-02   -6.5069141388e+00
    2.4629566818e-02   -6.5043783188e+00
    2.4639295414e-02   -6.5018854141e+00
    2.4649025872e-02   -6.4994339943e+00
    2.4659972638e-02   -6.4967241287e+00
    2.4669703096e-02   -6.4943571091e+00
    2.4679433554e-02   -6.4920301437e+00
    2.4689162150e-02   -6.4897422791e+00
    2.4698892608e-02   -6.4874930382e+00
    2.4709839374e-02   -6.4850082397e+00
    2.4719567969e-02   -6.4828410149e+00
    2.4729298428e-02   -6.4807133675e+00
    2.4739028886e-02   -6.4786248207e+00
    2.4749973789e-02   -6.4763207436e+00
    2.4759704247e-02   -6.4743108749e+00
    2.4769434705e-02   -6.4723348618e+00
    2.4779163301e-02   -6.4703931808e+00
    2.4788893759e-02   -6.4684848785e+00
    2.4799838662e-02   -6.4663777351e+00
    2.4809569120e-02   -6.4645395279e+00
    2.4819297716e-02   -6.4627327919e+00
    2.4829028174e-02   -6.4609580040e+00
    2.4839974940e-02   -6.4589982033e+00
    2.4849703535e-02   -6.4572882652e+00
    2.4859433994e-02   -6.4556088448e+00
    2.4869162589e-02   -6.4539585114e+00
    2.4878893048e-02   -6.4523377419e+00
    2.4889837950e-02   -6.4505491257e+00
    2.4899568409e-02   -6.4489879608e+00
    2.4909297004e-02   -6.4474525452e+00
    2.4919027463e-02   -6.4459395409e+00
    2.4929972365e-02   -6.4442620277e+00
    2.4939702824e-02   -6.4427928925e+00
    2.4949431419e-02   -6.4413442612e+00
    2.4959161878e-02   -6.4399180412e+00
    2.4968890473e-02   -6.4385161400e+00
    2.4979837239e-02   -6.4369697571e+00
    2.4989565834e-02   -6.4356236458e+00
    2.4999294430e-02   -6.4343042374e+00
    2.5009024888e-02   -6.4330086708e+00
    2.5019969791e-02   -6.4315776825e+00
    2.5029700249e-02   -6.4303264618e+00
    2.5039428845e-02   -6.4290938377e+00
    2.5049159303e-02   -6.4278788567e+00
    2.5058887899e-02   -6.4266815186e+00
    2.5069834664e-02   -6.4253563881e+00
    2.5079563260e-02   -6.4241991043e+00
    2.5089293718e-02   -6.4230623245e+00
    2.5099022314e-02   -6.4219465256e+00
    2.5109967217e-02   -6.4207177162e+00
    2.5119697675e-02   -6.4196496010e+00
    2.5129426271e-02   -6.4186038971e+00
    2.5139156729e-02   -6.4175801277e+00
    2.5148885325e-02   -6.4165768623e+00
    2.5159832090e-02   -6.4154729843e+00
    2.5169560686e-02   -6.4145135880e+00
    2.5179291144e-02   -6.4135746956e+00
    2.5189019740e-02   -6.4126553535e+00
    2.5199966505e-02   -6.4116449356e+00
    2.5209695101e-02   -6.4107689857e+00
    2.5219425559e-02   -6.4099144936e+00
    2.5229154155e-02   -6.4090833664e+00
    2.5238884613e-02   -6.4082756042e+00
    2.5249829516e-02   -6.4073944092e+00
    2.5259559974e-02   -6.4066343307e+00
    2.5269288570e-02   -6.4058938026e+00
    2.5279019028e-02   -6.4051742554e+00
    2.5289963931e-02   -6.4043898582e+00
    2.5299694389e-02   -6.4037165642e+00
    2.5309422985e-02   -6.4030666351e+00
    2.5319153443e-02   -6.4024410248e+00
    2.5328882039e-02   -6.4018383026e+00
    2.5339828804e-02   -6.4011883736e+00
    2.5349557400e-02   -6.4006338120e+00
    2.5359287858e-02   -6.4000997543e+00
    2.5369016454e-02   -6.3995857239e+00
    2.5379963219e-02   -6.3990316391e+00
    2.5389691815e-02   -6.3985610008e+00
    2.5399422273e-02   -6.3981127739e+00
    2.5409152731e-02   -6.3976879120e+00
    2.5418881327e-02   -6.3972864151e+00
    2.5429828092e-02   -6.3968629837e+00
    2.5439556688e-02   -6.3965115547e+00
    2.5449287146e-02   -6.3961825371e+00
    2.5459015742e-02   -6.3958764076e+00
    2.5469962507e-02   -6.3955597878e+00
    2.5479691103e-02   -6.3953032494e+00
    2.5489421561e-02   -6.3950705528e+00
    2.5499152020e-02   -6.3948612213e+00
    2.5508880615e-02   -6.3946743011e+00
    2.5519827381e-02   -6.3944892883e+00
    2.5529555976e-02   -6.3943457603e+00
    2.5539286435e-02   -6.3942217827e+00
    2.5549015030e-02   -6.3941168785e+00
    2.5559961796e-02   -6.3940215111e+00
    2.5569690391e-02   -6.3939566612e+00
    2.5579420850e-02   -6.3939108849e+00
    2.5589151308e-02   -6.3938846588e+00
    2.5598879904e-02   -6.3938798904e+00
    2.5609826669e-02   -6.3939003944e+00
    2.5619555265e-02   -6.3939399719e+00
    2.5629285723e-02   -6.3939995766e+00
    2.5639014319e-02   -6.3940792084e+00
    2.5649961084e-02   -6.3941931725e+00
    2.5659689680e-02   -6.3943147659e+00
    2.5669420138e-02   -6.3944549561e+00
    2.5679148734e-02   -6.3946137428e+00
    2.5688879192e-02   -6.3947906494e+00
    2.5699825957e-02   -6.3950114250e+00
    2.5709554553e-02   -6.3952283859e+00
    2.5719285011e-02   -6.3954658508e+00
    2.5729013607e-02   -6.3957247734e+00
    2.5739960372e-02   -6.3960423470e+00
    2.5749688968e-02   -6.3963479996e+00
    2.5759419426e-02   -6.3966755867e+00
    2.5769148022e-02   -6.3970232010e+00
    2.5778878480e-02   -6.3973898888e+00
    2.5789823383e-02   -6.3978242874e+00
    2.5799553841e-02   -6.3982291222e+00
    2.5809282437e-02   -6.3986520767e+00
    2.5819012895e-02   -6.3990941048e+00
    2.5829957798e-02   -6.3996162415e+00
    2.5839688256e-02   -6.4001040459e+00
    2.5849416852e-02   -6.4006156921e+00
    2.5859147310e-02   -6.4011502266e+00
    2.5868875906e-02   -6.4017076492e+00
    2.5879820809e-02   -6.4023609161e+00
    2.5889551267e-02   -6.4029641151e+00
    2.5899279863e-02   -6.4035882950e+00
    2.5909010321e-02   -6.4042334557e+00
    2.5919955224e-02   -6.4049854279e+00
    2.5929685682e-02   -6.4056773186e+00
    2.5939414278e-02   -6.4063920975e+00
    2.5949144736e-02   -6.4071297646e+00
    2.5958873332e-02   -6.4078917503e+00
    2.5969820097e-02   -6.4087786674e+00
    2.5979548693e-02   -6.4095945358e+00
    2.5989277288e-02   -6.4104366302e+00
    2.5999007747e-02   -6.4113059044e+00
    2.6009952649e-02   -6.4123153687e+00
    2.6019683108e-02   -6.4132404327e+00
    2.6029411703e-02   -6.4141917229e+00
    2.6039142162e-02   -6.4151678085e+00
    2.6048870757e-02   -6.4161691666e+00
    2.6059817523e-02   -6.4173259735e+00
    2.6069546118e-02   -6.4183821678e+00
    2.6079276577e-02   -6.4194650650e+00
    2.6089005172e-02   -6.4205756187e+00
    2.6099950075e-02   -6.4218583107e+00
    2.6109680533e-02   -6.4230284691e+00
    2.6119409129e-02   -6.4242262840e+00
    2.6129139587e-02   -6.4254522324e+00
    2.6138868183e-02   -6.4267067909e+00
    2.6149814948e-02   -6.4281511307e+00
    2.6159543544e-02   -6.4294657707e+00
    2.6169274002e-02   -6.4308090210e+00
    2.6179002598e-02   -6.4321818352e+00
    2.6189949363e-02   -6.4337611198e+00
    2.6199677959e-02   -6.4351954460e+00
    2.6209408417e-02   -6.4366593361e+00
    2.6219137013e-02   -6.4381527901e+00
    2.6228867471e-02   -6.4396762848e+00
    2.6239812374e-02   -6.4414248466e+00
    2.6249542832e-02   -6.4430103302e+00
    2.6259271428e-02   -6.4446239471e+00
    2.6269001886e-02   -6.4462656975e+00
    2.6279948652e-02   -6.4481472969e+00
    2.6289677247e-02   -6.4498500824e+00
    2.6299407706e-02   -6.4515814781e+00
    2.6309136301e-02   -6.4533414841e+00
    2.6318866760e-02   -6.4551291466e+00
    2.6329811662e-02   -6.4571738243e+00
    2.6339542121e-02   -6.4590210915e+00
    2.6349272579e-02   -6.4608964920e+00
    2.6359001175e-02   -6.4628000259e+00
    2.6369947940e-02   -6.4649753571e+00
    2.6379678398e-02   -6.4669375420e+00
    2.6389406994e-02   -6.4689264297e+00
    2.6399137452e-02   -6.4709410667e+00
    2.6408867911e-02   -6.4729809761e+00
    2.6419812813e-02   -6.4753050804e+00
    2.6429543272e-02   -6.4773969650e+00
    2.6439273730e-02   -6.4795126915e+00
    2.6449002326e-02   -6.4816532135e+00
    2.6459949091e-02   -6.4840927124e+00
    2.6469679549e-02   -6.4862895012e+00
    2.6479410008e-02   -6.4885134697e+00
    2.6489138603e-02   -6.4907636642e+00
    2.6498869061e-02   -6.4930400848e+00
    2.6509815827e-02   -6.4956312180e+00
    2.6519546285e-02   -6.4979605675e+00
    2.6529276744e-02   -6.5003142357e+00
    2.6539007202e-02   -6.5026912689e+00
    2.6549952105e-02   -6.5053944588e+00
    2.6559682563e-02   -6.5078220367e+00
    2.6569413021e-02   -6.5102744102e+00
    2.6579143479e-02   -6.5127506256e+00
    2.6588873938e-02   -6.5152521133e+00
    2.6599820703e-02   -6.5180959702e+00
    2.6609551162e-02   -6.5206503868e+00
    2.6619281620e-02   -6.5232295990e+00
    2.6629012078e-02   -6.5258331299e+00
    2.6639958844e-02   -6.5287909508e+00
    2.6649689302e-02   -6.5314445496e+00
    2.6659419760e-02   -6.5341219902e+00
    2.6669150218e-02   -6.5368223190e+00
    2.6678880677e-02   -6.5395464897e+00
    2.6689827442e-02   -6.5426397324e+00
    2.6699557900e-02   -6.5454154015e+00
    2.6709288359e-02   -6.5482153893e+00
    2.6719018817e-02   -6.5510396957e+00
    2.6729965582e-02   -6.5542454720e+00
    2.6739696041e-02   -6.5571203232e+00
    2.6749426499e-02   -6.5600171089e+00
    2.6759156957e-02   -6.5629367828e+00
    2.6768889278e-02   -6.5658779144e+00
    2.6779836044e-02   -6.5692129135e+00
    2.6789566502e-02   -6.5721998215e+00
    2.6799296960e-02   -6.5752086639e+00
    2.6809027418e-02   -6.5782384872e+00
    2.6819976047e-02   -6.5816712379e+00
    2.6829706505e-02   -6.5847439766e+00
    2.6839436963e-02   -6.5878357887e+00
    2.6849167421e-02   -6.5909457207e+00
    2.6858899742e-02   -6.5940732956e+00
    2.6869846508e-02   -6.5976128578e+00
    2.6879576966e-02   -6.6007766724e+00
    2.6889309287e-02   -6.6039571762e+00
    2.6899039745e-02   -6.6071538925e+00
    2.6909986511e-02   -6.6107702255e+00
    2.6919718832e-02   -6.6140017509e+00
    2.6929449290e-02   -6.6172475815e+00
    2.6939179748e-02   -6.6205077171e+00
    2.6948912069e-02   -6.6237812042e+00
    2.6959858835e-02   -6.6274790764e+00
    2.6969589293e-02   -6.6307806969e+00
    2.6979321614e-02   -6.6340942383e+00
    2.6989052072e-02   -6.6374211311e+00
    2.6998782530e-02   -6.6407604218e+00
    2.7009731159e-02   -6.6445322037e+00
    2.7019461617e-02   -6.6478977203e+00
    2.7029192075e-02   -6.6512751579e+00
    2.7038924396e-02   -6.6546635628e+00
    2.7049871162e-02   -6.6584892273e+00
    2.7059601620e-02   -6.6619005203e+00
    2.7069333941e-02   -6.6653218269e+00
    2.7079064399e-02   -6.6687531471e+00
    2.7088794857e-02   -6.6721940041e+00
    2.7099743485e-02   -6.6760764122e+00
    2.7109473944e-02   -6.6795382500e+00
    2.7119204402e-02   -6.6830101013e+00
    2.7128934860e-02   -6.6864910126e+00
    2.7139883488e-02   -6.6904187202e+00
    2.7149613947e-02   -6.6939196587e+00
    2.7159344405e-02   -6.6974296570e+00
    2.7169076726e-02   -6.7009496689e+00
    2.7178807184e-02   -6.7044787407e+00
    2.7189753950e-02   -6.7084608078e+00
    2.7199486271e-02   -6.7120099068e+00
    2.7209216729e-02   -6.7155690193e+00
    2.7218947187e-02   -6.7191376686e+00
    2.7229895815e-02   -6.7231640816e+00
    2.7239626274e-02   -6.7267532349e+00
    2.7249356732e-02   -6.7303519249e+00
    2.7259089053e-02   -6.7339596748e+00
    2.7268819511e-02   -6.7375769615e+00
    2.7279766276e-02   -6.7416582108e+00
    2.7289498597e-02   -6.7452960014e+00
    2.7299229056e-02   -6.7489438057e+00
    2.7308959514e-02   -6.7526016235e+00
    2.7319908142e-02   -6.7567286491e+00
    2.7329638600e-02   -6.7604074478e+00
    2.7339369059e-02   -6.7640962601e+00
    2.7349101380e-02   -6.7677941322e+00
    2.7358831838e-02   -6.7715015411e+00
    2.7369778603e-02   -6.7756829262e+00
    2.7379510924e-02   -6.7794103622e+00
    2.7389241382e-02   -6.7831478119e+00
    2.7398971841e-02   -6.7868957520e+00
    2.7409920469e-02   -6.7911238670e+00
    2.7419650927e-02   -6.7948918343e+00
    2.7429381385e-02   -6.7986683846e+00
    2.7439113706e-02   -6.8024544716e+00
    2.7448844165e-02   -6.8062510490e+00
    2.7459790930e-02   -6.8105349541e+00
    2.7469523251e-02   -6.8143539429e+00
    2.7479253709e-02   -6.8181834221e+00
    2.7488984168e-02   -6.8220233917e+00
    2.7499932796e-02   -6.8263554573e+00
    2.7509663254e-02   -6.8302173615e+00
    2.7519395575e-02   -6.8340888023e+00
    2.7529126033e-02   -6.8379707336e+00
    2.7538856491e-02   -6.8418622017e+00
    2.7549805120e-02   -6.8462510109e+00
    2.7559535578e-02   -6.8501615524e+00
    2.7569266036e-02   -6.8540811539e+00
    2.7578998357e-02   -6.8580107689e+00
    2.7589945123e-02   -6.8624448776e+00
    2.7599677444e-02   -6.8663992882e+00
    2.7609407902e-02   -6.8703660965e+00
    2.7619138360e-02   -6.8743462563e+00
    2.7628870681e-02   -6.8783392906e+00
    2.7639817446e-02   -6.8828454018e+00
    2.7649549767e-02   -6.8868622780e+00
    2.7659280226e-02   -6.8908877373e+00
    2.7669010684e-02   -6.8949217796e+00
    2.7679959312e-02   -6.8994688988e+00
    2.7689689770e-02   -6.9035191536e+00
    2.7699422091e-02   -6.9075784683e+00
    2.7709152550e-02   -6.9116477966e+00
    2.7718883008e-02   -6.9157280922e+00
    2.7729831636e-02   -6.9203333855e+00
    2.7739562094e-02   -6.9244394302e+00
    2.7749294415e-02   -6.9285569191e+00
    2.7759024873e-02   -6.9326863289e+00
    2.7769973502e-02   -6.9373464584e+00
    2.7779703960e-02   -6.9415025711e+00
    2.7789434418e-02   -6.9456710815e+00
    2.7799166739e-02   -6.9498496056e+00
    2.7808897197e-02   -6.9540376663e+00
    2.7819845825e-02   -6.9587602615e+00
    2.7829576284e-02   -6.9629693031e+00
    2.7839308605e-02   -6.9671897888e+00
    2.7849039063e-02   -6.9714226723e+00
    2.7859985828e-02   -6.9761981964e+00
    2.7869718149e-02   -6.9804553986e+00
    2.7879448608e-02   -6.9847235680e+00
    2.7889180928e-02   -6.9890027046e+00
    2.7898911387e-02   -6.9932932854e+00
    2.7909860015e-02   -6.9981331825e+00
    2.7919590473e-02   -7.0024466515e+00
    2.7929320931e-02   -7.0067715645e+00
    2.7939053252e-02   -7.0111088753e+00
    2.7948783711e-02   -7.0154595375e+00
    2.7959732339e-02   -7.0203695297e+00
    2.7969462797e-02   -7.0247473717e+00
    2.7979195118e-02   -7.0291366577e+00
    2.7988925576e-02   -7.0335369110e+00
    2.7999874204e-02   -7.0384993553e+00
    2.8009604663e-02   -7.0429210663e+00
    2.8019336984e-02   -7.0473537445e+00
    2.8029067442e-02   -7.0517973900e+00
    2.8038797900e-02   -7.0562524796e+00
    2.8049746528e-02   -7.0612778664e+00
    2.8059476987e-02   -7.0657567978e+00
    2.8069209307e-02   -7.0702471733e+00
    2.8078939766e-02   -7.0747499466e+00
    2.8089888394e-02   -7.0798306465e+00
    2.8099618852e-02   -7.0843610764e+00
    2.8109351173e-02   -7.0889043808e+00
    2.8119081631e-02   -7.0934605598e+00
    2.8128813952e-02   -7.0980286598e+00
    2.8139760718e-02   -7.1031818390e+00
    2.8149491176e-02   -7.1077737808e+00
    2.8159223497e-02   -7.1123762131e+00
    2.8168953955e-02   -7.1169886589e+00
    2.8179902583e-02   -7.1221895218e+00
    2.8189633042e-02   -7.1268224716e+00
    2.8199365363e-02   -7.1314654350e+00
    2.8209095821e-02   -7.1361179352e+00
    2.8218828142e-02   -7.1407804489e+00
    2.8229774907e-02   -7.1460366249e+00
    2.8239507228e-02   -7.1507191658e+00
    2.8249237686e-02   -7.1554112434e+00
    2.8258970007e-02   -7.1601123810e+00
    2.8269916773e-02   -7.1654119492e+00
    2.8279649094e-02   -7.1701316833e+00
    2.8289379552e-02   -7.1748600006e+00
    2.8299110010e-02   -7.1795954704e+00
    2.8308842331e-02   -7.1843390465e+00
    2.8319789097e-02   -7.1896839142e+00
    2.8329521418e-02   -7.1944427490e+00
    2.8339251876e-02   -7.1992087364e+00
    2.8348984197e-02   -7.2039818764e+00
    2.8359930962e-02   -7.2093610764e+00
    2.8369663283e-02   -7.2141509056e+00
    2.8379393741e-02   -7.2189474106e+00
    2.8389126062e-02   -7.2237515450e+00
    2.8398856521e-02   -7.2285618782e+00
    2.8409805149e-02   -7.2339816093e+00
    2.8419535607e-02   -7.2388057709e+00
    2.8429267928e-02   -7.2436366081e+00
    2.8438998386e-02   -7.2484736443e+00
    2.8449947014e-02   -7.2539224625e+00
    2.8459677473e-02   -7.2587718964e+00
    2.8469409794e-02   -7.2636265755e+00
    2.8479140252e-02   -7.2684864998e+00
    2.8488872573e-02   -7.2733511925e+00
    2.8499819338e-02   -7.2788281441e+00
    2.8509551659e-02   -7.2836985588e+00
    2.8519282117e-02   -7.2885723114e+00
    2.8529014438e-02   -7.2934508324e+00
    2.8539961204e-02   -7.2989468575e+00
    2.8549693525e-02   -7.3038387299e+00
    2.8559423983e-02   -7.3087348938e+00
    2.8569156304e-02   -7.3136334419e+00
    2.8578886762e-02   -7.3185353279e+00
    2.8589835390e-02   -7.3240532875e+00
    2.8599565849e-02   -7.3289613724e+00
    2.8609298170e-02   -7.3338723183e+00
    2.8619028628e-02   -7.3387861252e+00
    2.8629977256e-02   -7.3443188667e+00
    2.8639707714e-02   -7.3492407799e+00
    2.8649440035e-02   -7.3541660309e+00
    2.8659170493e-02   -7.3590946198e+00
    2.8668902814e-02   -7.3640255928e+00
    2.8679849580e-02   -7.3695764542e+00
    2.8689581901e-02   -7.3745131493e+00
    2.8699312359e-02   -7.3794527054e+00
    2.8709044680e-02   -7.3843941689e+00
    2.8719991446e-02   -7.3899559975e+00
    2.8729723766e-02   -7.3949017525e+00
    2.8739454225e-02   -7.3998484612e+00
    2.8749413788e-02   -7.4049124718e+00
    2.8759794310e-02   -7.4101915359e+00
    2.8769526631e-02   -7.4151387215e+00
    2.8779909015e-02   -7.4204158783e+00
    2.8789639473e-02   -7.4253654480e+00
    2.8799371794e-02   -7.4303150177e+00
    2.8809754178e-02   -7.4355897903e+00
    2.8819486499e-02   -7.4405307770e+00
    2.8829867020e-02   -7.4457988739e+00
    2.8839599341e-02   -7.4507384300e+00
    2.8849979863e-02   -7.4560084343e+00
    2.8859712183e-02   -7.4609475136e+00
    2.8869444504e-02   -7.4658827782e+00
    2.8879825026e-02   -7.4711432457e+00
    2.8889557347e-02   -7.4760713577e+00
    2.8899939731e-02   -7.4813261032e+00
    2.8909670189e-02   -7.4862499237e+00
    2.8919402510e-02   -7.4911732674e+00
    2.8929784894e-02   -7.4964232445e+00
    2.8939517215e-02   -7.5013437271e+00
    2.8949897736e-02   -7.5065903664e+00
    2.8959630057e-02   -7.5115070343e+00
    2.8969362378e-02   -7.5164213181e+00
    2.8979742900e-02   -7.5216588974e+00
    2.8989475220e-02   -7.5265655518e+00
    2.8999855742e-02   -7.5317955017e+00
    2.9009588063e-02   -7.5366945267e+00
    2.9019970447e-02   -7.5419168472e+00
    2.9029702768e-02   -7.5468091965e+00
    2.9039433226e-02   -7.5516982079e+00
    2.9049815610e-02   -7.5569090843e+00
    2.9059547931e-02   -7.5617909431e+00
    2.9069928452e-02   -7.5669946671e+00
    2.9079660773e-02   -7.5718698502e+00
    2.9089393094e-02   -7.5767421722e+00
    2.9099773616e-02   -7.5819349289e+00
    2.9109505937e-02   -7.5867986679e+00
    2.9119886458e-02   -7.5919809341e+00
    2.9129618779e-02   -7.5968341827e+00
    2.9139351100e-02   -7.6016821861e+00
    2.9149733484e-02   -7.6068472862e+00
    2.9159463942e-02   -7.6116833687e+00
    2.9169846326e-02   -7.6168360710e+00
    2.9179578647e-02   -7.6216611862e+00
    2.9189959168e-02   -7.6268024445e+00
    2.9199691489e-02   -7.6316170692e+00
    2.9209423810e-02   -7.6364264488e+00
    2.9219804332e-02   -7.6415505409e+00
    2.9229536653e-02   -7.6463479996e+00
    2.9239917174e-02   -7.6514592171e+00
    2.9249649495e-02   -7.6562442780e+00
    2.9259381816e-02   -7.6610231400e+00
    2.9269764200e-02   -7.6661133766e+00
    2.9279494658e-02   -7.6708784103e+00
    2.9289877042e-02   -7.6759529114e+00
    2.9299609363e-02   -7.6807031631e+00
    2.9309989884e-02   -7.6857624054e+00
    2.9319722205e-02   -7.6904973984e+00
    2.9329454526e-02   -7.6952257156e+00
    2.9339835048e-02   -7.7002615929e+00
    2.9349567369e-02   -7.7049756050e+00
    2.9359947890e-02   -7.7099962234e+00
    2.9369680211e-02   -7.7146964073e+00
    2.9379412532e-02   -7.7193889618e+00
    2.9389794916e-02   -7.7243866920e+00
    2.9399527237e-02   -7.7290649414e+00
    2.9409907758e-02   -7.7340474129e+00
    2.9419640079e-02   -7.7387123108e+00
    2.9429372400e-02   -7.7433714867e+00
    2.9439752921e-02   -7.7483339310e+00
    2.9449485242e-02   -7.7529797554e+00
    2.9459865764e-02   -7.7579278946e+00
    2.9469598085e-02   -7.7625598907e+00
    2.9479978606e-02   -7.7674927711e+00
    2.9489710927e-02   -7.7721114159e+00
    2.9499443248e-02   -7.7767238617e+00
    2.9509825632e-02   -7.7816371918e+00
    2.9519557953e-02   -7.7862377167e+00
    2.9529938474e-02   -7.7911381721e+00
    2.9539670795e-02   -7.7957262993e+00
    2.9549403116e-02   -7.8003087044e+00
    2.9559783638e-02   -7.8051900864e+00
    2.9569515958e-02   -7.8097610474e+00
    2.9579896480e-02   -7.8146300316e+00
    2.9589628801e-02   -7.8191885948e+00
    2.9599361122e-02   -7.8237414360e+00
    2.9609741643e-02   -7.8285908699e+00
    2.9619473964e-02   -7.8331313133e+00
    2.9629856348e-02   -7.8379678726e+00
    2.9639588669e-02   -7.8424963951e+00
    2.9649969190e-02   -7.8473219872e+00
    2.9659701511e-02   -7.8518404961e+00
    2.9669433832e-02   -7.8563542366e+00
    2.9679814354e-02   -7.8611631393e+00
    2.9689546674e-02   -7.8656659126e+00
    2.9699927196e-02   -7.8704628944e+00
    2.9709659517e-02   -7.8749551773e+00
    2.9719391838e-02   -7.8794422150e+00
    2.9729772359e-02   -7.8842229843e+00
    2.9739504680e-02   -7.8886990547e+00
    2.9749887064e-02   -7.8934679031e+00
    2.9759619385e-02   -7.8979330063e+00
    2.9769351706e-02   -7.9023933411e+00
    2.9779732227e-02   -7.9071469307e+00
    2.9789464548e-02   -7.9115982056e+00
    2.9799845070e-02   -7.9163403511e+00
    2.9809577391e-02   -7.9207792282e+00
    2.9819957912e-02   -7.9255061150e+00
    2.9829690233e-02   -7.9299306870e+00
    2.9839422554e-02   -7.9343500137e+00
    2.9849803075e-02   -7.9390578270e+00
    2.9859535396e-02   -7.9434652328e+00
    2.9869917780e-02   -7.9481596947e+00
    2.9879650101e-02   -7.9525542259e+00
    2.9889382422e-02   -7.9569420815e+00
    2.9899762943e-02   -7.9616169930e+00
    2.9909495264e-02   -7.9659943581e+00
    2.9919875786e-02   -7.9706578255e+00
    2.9929608107e-02   -7.9750242233e+00
    2.9939988628e-02   -7.9796748161e+00
    2.9949720949e-02   -7.9840278625e+00
    2.9959453270e-02   -7.9883742332e+00
    2.9969833791e-02   -7.9930028915e+00
    2.9979566112e-02   -7.9973354340e+00
    2.9989948496e-02   -8.0019512177e+00
    2.9999680817e-02   -8.0062732697e+00
    3.0000329018e-02   -8.0065612793e+00
