      3002
    0.0000000000e+00    0.0000000000e+00
    9.7362280940e-06   -5.2290732810e-07
    1.9472456188e-05   -1.9754277218e-06
    2.9208684282e-05   -4.3575610107e-06
    3.8944912376e-05   -7.6693077062e-06
    4.9898168072e-05   -1.2506199710e-05
    5.9634396166e-05   -1.7793374354e-05
    6.9370624260e-05   -2.4010161724e-05
    7.9106852354e-05   -3.1156559999e-05
    8.8843080448e-05   -3.9232574636e-05
    9.9796336144e-05   -4.9429265346e-05
    1.0953254969e-04   -1.6208262241e-04
    1.1927346350e-04   -6.0628220672e-04
    1.2966935174e-04   -1.1352620786e-03
    1.3936702453e-04   -1.6557015479e-03
    1.4957833628e-04   -2.1980509628e-03
    1.5916032135e-04   -2.9044863768e-03
    1.6953409067e-04   -4.1473098099e-03
    1.7927007866e-04   -5.4329563864e-03
    1.8900603754e-04   -6.7773680203e-03
    1.9995904586e-04   -8.2914233208e-03
    2.0969503385e-04   -9.8046958447e-03
    2.1943096363e-04   -1.1611824855e-02
    2.2916687885e-04   -1.3647869229e-02
    2.3890283774e-04   -1.5736306086e-02
    2.4985588971e-04   -1.8173720688e-02
    2.5959202321e-04   -2.0505007356e-02
    2.6932815672e-04   -2.3122891784e-02
    2.7906429023e-04   -2.6074122638e-02
    2.8880042373e-04   -2.9140628874e-02
    2.9975359212e-04   -3.2617755234e-02
    3.0948969652e-04   -3.5770010203e-02
    3.1922583003e-04   -3.9052706212e-02
    3.2896193443e-04   -4.2594444007e-02
    3.3991501550e-04   -4.6809431165e-02
    3.4965106170e-04   -5.0715085119e-02
    3.5938710789e-04   -5.4806381464e-02
    3.6912309588e-04   -5.9125468135e-02
    3.7885899656e-04   -6.3744984567e-02
    3.8981181569e-04   -6.9235831499e-02
    3.9954759995e-04   -7.4253819883e-02
    4.0928332601e-04   -7.9348348081e-02
    4.1901899385e-04   -8.4616787732e-02
    4.2997155106e-04   -9.0817064047e-02
    4.3970713159e-04   -9.6583046019e-02
    4.4944265392e-04   -1.0254376382e-01
    4.5917817624e-04   -1.0863611102e-01
    4.6891369857e-04   -1.1491526663e-01
    4.7986613936e-04   -1.2224314362e-01
    4.8960157437e-04   -1.2901519239e-01
    4.9933698028e-04   -1.3600867987e-01
    5.0907238619e-04   -1.4317333698e-01
    5.1880773390e-04   -1.5050122142e-01
    5.2975991275e-04   -1.5895055234e-01
    5.3949520225e-04   -1.6666804254e-01
    5.4923043353e-04   -1.7458525300e-01
    5.5896566482e-04   -1.8268769979e-01
    5.6991778547e-04   -1.9195494056e-01
    5.7965301676e-04   -2.0034086704e-01
    5.8938824804e-04   -2.0891754329e-01
    5.9912342113e-04   -2.1771094203e-01
    6.0885853600e-04   -2.2672091424e-01
    6.1981054023e-04   -2.3701973259e-01
    6.2954559689e-04   -2.4631151557e-01
    6.3928065356e-04   -2.5577771664e-01
    6.4901565202e-04   -2.6545861363e-01
    6.5996742342e-04   -2.7659931779e-01
    6.6970230546e-04   -2.8666087985e-01
    6.7943712929e-04   -2.9684945941e-01
    6.8917183671e-04   -3.0717137456e-01
    6.9890648592e-04   -3.1765741110e-01
    7.0985779166e-04   -3.2963523269e-01
    7.1959214984e-04   -3.4041389823e-01
    7.2932633338e-04   -3.5130068660e-01
    7.3906040052e-04   -3.6229720712e-01
    7.4879435124e-04   -3.7343245745e-01
    7.5974490028e-04   -3.8612747192e-01
    7.6947855996e-04   -3.9755496383e-01
    7.7921216143e-04   -4.0909138322e-01
    7.8894570470e-04   -4.2074343562e-01
    7.9989572987e-04   -4.3402862549e-01
    8.0962892389e-04   -4.4602486491e-01
    8.1936200149e-04   -4.5823639631e-01
    8.2909490447e-04   -4.7065818310e-01
    8.3882757463e-04   -4.8327729106e-01
    8.4977661027e-04   -4.9768120050e-01
    8.5950887296e-04   -5.1066905260e-01
    8.6924090283e-04   -5.2383154631e-01
    8.7897275807e-04   -5.3715938330e-01
    8.8992092060e-04   -5.5235868692e-01
    8.9965248480e-04   -5.6604421139e-01
    9.0938387439e-04   -5.7991230488e-01
    9.1911520576e-04   -5.9397900105e-01
    9.2884636251e-04   -6.0824245214e-01
    9.3979376834e-04   -6.2450081110e-01
    9.4952457584e-04   -6.3908118010e-01
    9.5925526693e-04   -6.5372222662e-01
    9.6898584161e-04   -6.6838485003e-01
    9.7993249074e-04   -6.8489491940e-01
    9.8966283258e-04   -6.9957917929e-01
    9.9939294159e-04   -7.1425086260e-01
    1.0091229342e-03   -7.2888040543e-01
    1.0188529268e-03   -7.4346780777e-01
    1.0297988774e-03   -7.5987803936e-01
    1.0395286372e-03   -7.7449190617e-01
    1.0492583970e-03   -7.8910684586e-01
    1.0589880403e-03   -8.0366843939e-01
    1.0699337581e-03   -8.2000946999e-01
    1.0796632851e-03   -8.3456689119e-01
    1.0893928120e-03   -8.4918928146e-01
    1.0991222225e-03   -8.6388748884e-01
    1.1088516330e-03   -8.7863880396e-01
    1.1197971180e-03   -8.9532244205e-01
    1.1295265285e-03   -9.1026848555e-01
    1.1392558226e-03   -9.2533379793e-01
    1.1489852332e-03   -9.4050711393e-01
    1.1599308345e-03   -9.5767539740e-01
    1.1696603615e-03   -9.7303378582e-01
    1.1793898884e-03   -9.8851102591e-01
    1.1891194154e-03   -1.0041292906e+00
    1.1988490587e-03   -1.0198997259e+00
    1.2097946601e-03   -1.0378500223e+00
    1.2195238378e-03   -1.0540230274e+00
    1.2292530155e-03   -1.0704276562e+00
    1.2389819603e-03   -1.0870631933e+00
    1.2499268632e-03   -1.1060425043e+00
    1.2596555753e-03   -1.1231560707e+00
    1.2693840545e-03   -1.1404925585e+00
    1.2791125337e-03   -1.1580350399e+00
    1.2888408964e-03   -1.1757739782e+00
    1.2997852173e-03   -1.1959338188e+00
    1.3095134636e-03   -1.2140202522e+00
    1.3192418264e-03   -1.2322310209e+00
    1.3289700728e-03   -1.2505222559e+00
    1.3399145100e-03   -1.2711142302e+00
    1.3496428728e-03   -1.2893652916e+00
    1.3593712356e-03   -1.3075634241e+00
    1.3690997148e-03   -1.3257162571e+00
    1.3788280776e-03   -1.3438400030e+00
    1.3897725148e-03   -1.3641991615e+00
    1.3995006448e-03   -1.3822894096e+00
    1.4092286583e-03   -1.4004290104e+00
    1.4189564390e-03   -1.4186611176e+00
    1.4299000613e-03   -1.4393031597e+00
    1.4396273764e-03   -1.4577695131e+00
    1.4493545750e-03   -1.4763898849e+00
    1.4590816572e-03   -1.4952249527e+00
    1.4688085066e-03   -1.5143123865e+00
    1.4797509648e-03   -1.5360983610e+00
    1.4894774649e-03   -1.5557320118e+00
    1.4992038487e-03   -1.5756274462e+00
    1.5095787821e-03   -1.5971498489e+00
    1.5199597692e-03   -1.6189414263e+00
    1.5296920901e-03   -1.6395156384e+00
    1.5394242946e-03   -1.6601713896e+00
    1.5498868888e-03   -1.6824526787e+00
    1.5591537813e-03   -1.7022663355e+00
    1.5696665505e-03   -1.7247847319e+00
    1.5798920067e-03   -1.7466181517e+00
    1.5898727579e-03   -1.7678488493e+00
    1.5992803965e-03   -1.7878324986e+00
    1.6096245963e-03   -1.8098374605e+00
    1.6198499361e-03   -1.8316056728e+00
    1.6296050744e-03   -1.8524210453e+00
    1.6399183078e-03   -1.8745435476e+00
    1.6494620359e-03   -1.8950806856e+00
    1.6596874921e-03   -1.9172002077e+00
    1.6694581136e-03   -1.9384497404e+00
    1.6795508564e-03   -1.9605509043e+00
    1.6893561697e-03   -1.9821168184e+00
    1.6995816259e-03   -2.0046522617e+00
    1.7098069657e-03   -2.0272829533e+00
    1.7193508102e-03   -2.0484955311e+00
    1.7295761500e-03   -2.0712780952e+00
    1.7398016062e-03   -2.0940828323e+00
    1.7493453342e-03   -2.1153664589e+00
    1.7598492559e-03   -2.1387908459e+00
    1.7696802970e-03   -2.1606709957e+00
    1.7799057532e-03   -2.1832625866e+00
    1.7894494813e-03   -2.2041664124e+00
    1.7996749375e-03   -2.2264039516e+00
    1.8099003937e-03   -2.2485411167e+00
    1.8199326005e-03   -2.2701845169e+00
    1.8291077577e-03   -2.2899336815e+00
    1.8392003840e-03   -2.3115921021e+00
    1.8497131532e-03   -2.3340780735e+00
    1.8599386094e-03   -2.3558692932e+00
    1.8694823375e-03   -2.3761513233e+00
    1.8797077937e-03   -2.3978400230e+00
    1.8899332499e-03   -2.4195449352e+00
    1.8994769780e-03   -2.4398939610e+00
    1.9097024342e-03   -2.4618322849e+00
    1.9199278904e-03   -2.4839136600e+00
    1.9294716185e-03   -2.5046489239e+00
    1.9396970747e-03   -2.5269944668e+00
    1.9499224145e-03   -2.5494866371e+00
    1.9594661426e-03   -2.5706105232e+00
    1.9693779759e-03   -2.5926809311e+00
    1.9799820147e-03   -2.6164376736e+00
    1.9896221347e-03   -2.6381244659e+00
    1.9992622547e-03   -2.6598711014e+00
    2.0098662935e-03   -2.6838788986e+00
    2.0195064135e-03   -2.7057707310e+00
    2.0291465335e-03   -2.7276985645e+00
    2.0399366040e-03   -2.7522563934e+00
    2.0494803321e-03   -2.7739791870e+00
    2.0597057883e-03   -2.7972812653e+00
    2.0699312445e-03   -2.8206148148e+00
    2.0792784635e-03   -2.8419513702e+00
    2.0898825023e-03   -2.8661992550e+00
    2.0995226223e-03   -2.8882596493e+00
    2.1093485411e-03   -2.9107272625e+00
    2.1195739973e-03   -2.9340686798e+00
    2.1297994535e-03   -2.9574024677e+00
    2.1393431816e-03   -2.9792037010e+00
    2.1495686378e-03   -3.0025832653e+00
    2.1599968895e-03   -3.0264573097e+00
    2.1696370095e-03   -3.0485720634e+00
    2.1792771295e-03   -3.0706648827e+00
    2.1898811683e-03   -3.0948803425e+00
    2.1995212883e-03   -3.1167993546e+00
    2.2091614082e-03   -3.1386210918e+00
    2.2197654471e-03   -3.1625177860e+00
    2.2294055670e-03   -3.1841516495e+00
    2.2390456870e-03   -3.2056965828e+00
    2.2496497259e-03   -3.2293002605e+00
    2.2592898458e-03   -3.2506639957e+00
    2.2698938847e-03   -3.2740638256e+00
    2.2795340046e-03   -3.2952380180e+00
    2.2891741246e-03   -3.3163123131e+00
    2.2997781634e-03   -3.3393845558e+00
    2.3094182834e-03   -3.3602654934e+00
    2.3196919356e-03   -3.3824155331e+00
    2.3299173918e-03   -3.4043278694e+00
    2.3394611198e-03   -3.4246885777e+00
    2.3496865761e-03   -3.4464442730e+00
    2.3599120323e-03   -3.4681499004e+00
    2.3694557603e-03   -3.4883601665e+00
    2.3796812166e-03   -3.5099611282e+00
    2.3899066728e-03   -3.5315091610e+00
    2.3994504008e-03   -3.5515658855e+00
    2.4096758571e-03   -3.5729904175e+00
    2.4199013133e-03   -3.5943536758e+00
    2.4295307230e-03   -3.6144235134e+00
    2.4391708430e-03   -3.6345026493e+00
    2.4498712737e-03   -3.6567411423e+00
    2.4595372379e-03   -3.6767632961e+00
    2.4699645583e-03   -3.6982920170e+00
    2.4796046782e-03   -3.7180917263e+00
    2.4897130206e-03   -3.7387375832e+00
    2.4999384768e-03   -3.7595155239e+00
    2.5094822049e-03   -3.7788496017e+00
    2.5197076611e-03   -3.7995288372e+00
    2.5299331173e-03   -3.8201601505e+00
    2.5394768454e-03   -3.8393769264e+00
    2.5497023016e-03   -3.8598921299e+00
    2.5599277578e-03   -3.8803150654e+00
    2.5694714859e-03   -3.8993005753e+00
    2.5796969421e-03   -3.9195637703e+00
    2.5899223983e-03   -3.9397604465e+00
    2.5994661264e-03   -3.9585485458e+00
    2.6096915826e-03   -3.9786145687e+00
    2.6199170388e-03   -3.9986140728e+00
    2.6294607669e-03   -4.0172123909e+00
    2.6396862231e-03   -4.0370612144e+00
    2.6499116793e-03   -4.0568237305e+00
    2.6593760122e-03   -4.0750360489e+00
    2.6699800510e-03   -4.0953826904e+00
    2.6796201710e-03   -4.1138062477e+00
    2.6892602909e-03   -4.1321358681e+00
    2.6998643298e-03   -4.1521735191e+00
    2.7095044497e-03   -4.1702809334e+00
    2.7191445697e-03   -4.1882929802e+00
    2.7297486085e-03   -4.2080240250e+00
    2.7393887285e-03   -4.2258915901e+00
    2.7499927673e-03   -4.2454724312e+00
    2.7596328873e-03   -4.2631988525e+00
    2.7692730073e-03   -4.2808628082e+00
    2.7798770461e-03   -4.3002352715e+00
    2.7895171661e-03   -4.3178062439e+00
    2.7991572861e-03   -4.3353590965e+00
    2.8097613249e-03   -4.3546524048e+00
    2.8194014449e-03   -4.3721785545e+00
    2.8290415648e-03   -4.3896827698e+00
    2.8396456037e-03   -4.4088921547e+00
    2.8492857236e-03   -4.4263038635e+00
    2.8593251482e-03   -4.4443745613e+00
    2.8695506044e-03   -4.4626817703e+00
    2.8797760606e-03   -4.4809021950e+00
    2.8893197887e-03   -4.4978594780e+00
    2.8995452449e-03   -4.5159993172e+00
    2.9097707011e-03   -4.5340957642e+00
    2.9199961573e-03   -4.5521550179e+00
    2.9295398854e-03   -4.5689601898e+00
    2.9391210992e-03   -4.5857763290e+00
    2.9497253709e-03   -4.6043572426e+00
    2.9593652580e-03   -4.6212201118e+00
    2.9699695297e-03   -4.6397147179e+00
    2.9796096496e-03   -4.6564574242e+00
    2.9892495368e-03   -4.6731472015e+00
    2.9998538084e-03   -4.6914458275e+00
    3.0094936956e-03   -4.7080478668e+00
    3.0191338155e-03   -4.7246217728e+00
    3.0297380872e-03   -4.7428174019e+00
    3.0393779743e-03   -4.7593193054e+00
    3.0499822460e-03   -4.7774224281e+00
    3.0596223660e-03   -4.7938442230e+00
    3.0693311710e-03   -4.8103384972e+00
    3.0795566272e-03   -4.8276381493e+00
    3.0897820834e-03   -4.8448905945e+00
    3.0993258115e-03   -4.8609852791e+00
    3.1095512677e-03   -4.8782339096e+00
    3.1197767239e-03   -4.8954787254e+00
    3.1290757470e-03   -4.9111580849e+00
    3.1396797858e-03   -4.9290571213e+00
    3.1493199058e-03   -4.9453411102e+00
    3.1599239446e-03   -4.9632439613e+00
    3.1695640646e-03   -4.9794983864e+00
    3.1792041846e-03   -4.9957304001e+00
    3.1898082234e-03   -5.0135474205e+00
    3.1994483434e-03   -5.0297417641e+00
    3.2090884633e-03   -5.0459365845e+00
    3.2196925022e-03   -5.0637559891e+00
    3.2293326221e-03   -5.0799431801e+00
    3.2399366610e-03   -5.0977172852e+00
    3.2495767809e-03   -5.1138515472e+00
    3.2592169009e-03   -5.1299595833e+00
    3.2698209397e-03   -5.1476616859e+00
    3.2794610597e-03   -5.1637434959e+00
    3.2891011797e-03   -5.1798286438e+00
    3.2997052185e-03   -5.1975307465e+00
    3.3093453385e-03   -5.2136230469e+00
    3.3199493773e-03   -5.2313227654e+00
    3.3295894973e-03   -5.2473988533e+00
    3.3392296173e-03   -5.2634639740e+00
    3.3498336561e-03   -5.2811217308e+00
    3.3594737761e-03   -5.2971682549e+00
    3.3691138960e-03   -5.3132066727e+00
    3.3797179349e-03   -5.3308258057e+00
    3.3893580548e-03   -5.3468289375e+00
    3.3999623265e-03   -5.3644180298e+00
    3.4096022137e-03   -5.3803958893e+00
    3.4192423336e-03   -5.3963556290e+00
    3.4298463725e-03   -5.4138975143e+00
    3.4394864924e-03   -5.4298381805e+00
    3.4491266124e-03   -5.4457740784e+00
    3.4597306512e-03   -5.4633007050e+00
    3.4693707712e-03   -5.4792208672e+00
    3.4799750429e-03   -5.4967117310e+00
    3.4896149300e-03   -5.5125827789e+00
    3.4993239678e-03   -5.5285329819e+00
    3.5095494241e-03   -5.5452804565e+00
    3.5197748803e-03   -5.5620083809e+00
    3.5293186083e-03   -5.5776309967e+00
    3.5395440646e-03   -5.5943751335e+00
    3.5497695208e-03   -5.6111307144e+00
    3.5597984679e-03   -5.6275768280e+00
    3.5694385879e-03   -5.6434245110e+00
    3.5790784750e-03   -5.6592726707e+00
    3.5896827467e-03   -5.6766710281e+00
    3.5993228666e-03   -5.6924729347e+00
    3.6099269055e-03   -5.7098398209e+00
    3.6198010202e-03   -5.7260107994e+00
    3.6293447483e-03   -5.7416181564e+00
    3.6392083857e-03   -5.7577505112e+00
    3.6498126574e-03   -5.7751660347e+00
    3.6594527774e-03   -5.7910490036e+00
    3.6690926645e-03   -5.8069643974e+00
    3.6796969362e-03   -5.8244924545e+00
    3.6893370561e-03   -5.8404345512e+00
    3.6999410950e-03   -5.8579826355e+00
    3.7099323235e-03   -5.8745374680e+00
    3.7194760516e-03   -5.8903660774e+00
    3.7297015078e-03   -5.9073648453e+00
    3.7399269640e-03   -5.9244194031e+00
    3.7494706921e-03   -5.9403843880e+00
    3.7596961483e-03   -5.9575295448e+00
    3.7699216045e-03   -5.9747056961e+00
    3.7794653326e-03   -5.9907546043e+00
    3.7896907888e-03   -6.0079650879e+00
    3.7991551217e-03   -6.0239014626e+00
    3.8097591605e-03   -6.0418181419e+00
    3.8193992805e-03   -6.0581440926e+00
    3.8290394004e-03   -6.0744829178e+00
    3.8396434393e-03   -6.0924696922e+00
    3.8492835592e-03   -6.1088271141e+00
    3.8598875981e-03   -6.1268401146e+00
    3.8695277181e-03   -6.1432538033e+00
    3.8791678380e-03   -6.1597089767e+00
    3.8897718769e-03   -6.1778697968e+00
    3.8997107185e-03   -6.1949496269e+00
    3.9093508385e-03   -6.2115774155e+00
    3.9199548773e-03   -6.2299289703e+00
    3.9295949973e-03   -6.2466659546e+00
    3.9392351173e-03   -6.2634549141e+00
    3.9498391561e-03   -6.2819828987e+00
    3.9594792761e-03   -6.2988657951e+00
    3.9691193961e-03   -6.3157715797e+00
    3.9797234349e-03   -6.3343915939e+00
    3.9893635549e-03   -6.3513340950e+00
    3.9999675937e-03   -6.3699688911e+00
    4.0096077137e-03   -6.3869056702e+00
    4.0192478336e-03   -6.4038572311e+00
    4.0298518725e-03   -6.4225692749e+00
    4.0394919924e-03   -6.4396486282e+00
    4.0491321124e-03   -6.4567961693e+00
    4.0597361512e-03   -6.4757299423e+00
    4.0693762712e-03   -6.4929928780e+00
    4.0799803101e-03   -6.5120129585e+00
    4.0896204300e-03   -6.5293202400e+00
    4.0992605500e-03   -6.5466275215e+00
    4.1098645888e-03   -6.5656614304e+00
    4.1195047088e-03   -6.5829653740e+00
    4.1291448288e-03   -6.6002721786e+00
    4.1397488676e-03   -6.6193122864e+00
    4.1493889876e-03   -6.6366295815e+00
    4.1599930264e-03   -6.6556835175e+00
    4.1696331464e-03   -6.6730113029e+00
    4.1792732663e-03   -6.6903486252e+00
    4.1898773052e-03   -6.7094287872e+00
    4.1995174251e-03   -6.7267765999e+00
    4.2099561542e-03   -6.7455635071e+00
    4.2194998823e-03   -6.7627139091e+00
    4.2297253385e-03   -6.7810735703e+00
    4.2399507947e-03   -6.7994408607e+00
    4.2494945228e-03   -6.8166007996e+00
    4.2599313892e-03   -6.8353815079e+00
    4.2698658071e-03   -6.8532791138e+00
    4.2794100009e-03   -6.8704600334e+00
    4.2891562916e-03   -6.8879942894e+00
    4.2994301766e-03   -6.9064955711e+00
    4.3096551672e-03   -6.9248914719e+00
    4.3199183419e-03   -6.9433126450e+00
    4.3295584619e-03   -6.9606270790e+00
    4.3391985819e-03   -6.9779629707e+00
    4.3499888852e-03   -6.9973554611e+00
    4.3595326133e-03   -7.0144686699e+00
    4.3697580695e-03   -7.0327830315e+00
    4.3799830601e-03   -7.0510730743e+00
    4.3895272538e-03   -7.0681128502e+00
    4.3997522444e-03   -7.0863537788e+00
    4.4093644246e-03   -7.1034841537e+00
    4.4195898809e-03   -7.1216702461e+00
    4.4298153371e-03   -7.1398072243e+00
    4.4394270517e-03   -7.1568160057e+00
    4.4498355128e-03   -7.1752223969e+00
    4.4594756328e-03   -7.1922478676e+00
    4.4691157527e-03   -7.2091870308e+00
    4.4797197916e-03   -7.2276773453e+00
    4.4899932109e-03   -7.2454628944e+00
    4.4995369390e-03   -7.2618598938e+00
    4.5097623952e-03   -7.2793536186e+00
    4.5197433792e-03   -7.2964019775e+00
    4.5293834992e-03   -7.3128652573e+00
    4.5399875380e-03   -7.3309636116e+00
    4.5496276580e-03   -7.3473687172e+00
    4.5597357675e-03   -7.3644657135e+00
    4.5699612238e-03   -7.3816232681e+00
    4.5795049518e-03   -7.3975439072e+00
    4.5896507800e-03   -7.4144310951e+00
    4.5997593552e-03   -7.4312353134e+00
    4.6099848114e-03   -7.4481844902e+00
    4.6195285395e-03   -7.4639434814e+00
    4.6297539957e-03   -7.4807524681e+00
    4.6399794519e-03   -7.4974761009e+00
    4.6495231800e-03   -7.5129985809e+00
    4.6597486362e-03   -7.5295562744e+00
    4.6699740924e-03   -7.5460424423e+00
    4.6795178205e-03   -7.5613684654e+00
    4.6897432767e-03   -7.5777158737e+00
    4.6993726864e-03   -7.5930500031e+00
    4.7095981427e-03   -7.6092329025e+00
    4.7198235989e-03   -7.6252846718e+00
    4.7293673269e-03   -7.6401720047e+00
    4.7395927832e-03   -7.6560583115e+00
    4.7498182394e-03   -7.6718955040e+00
    4.7593619674e-03   -7.6866378784e+00
    4.7695874237e-03   -7.7023463249e+00
    4.7798128799e-03   -7.7179646492e+00
    4.7893566079e-03   -7.7324376106e+00
    4.7995820642e-03   -7.7478384972e+00
    4.8098075204e-03   -7.7631583214e+00
    4.8193512484e-03   -7.7773995399e+00
    4.8295767047e-03   -7.7925953865e+00
    4.8398021609e-03   -7.8077254295e+00
    4.8493458889e-03   -7.8217782974e+00
    4.8595713452e-03   -7.8366947174e+00
    4.8697968014e-03   -7.8514699936e+00
    4.8793405294e-03   -7.8651509285e+00
    4.8895659856e-03   -7.8796997070e+00
    4.8997914419e-03   -7.8941426277e+00
    4.9093351699e-03   -7.9075336456e+00
    4.9195606261e-03   -7.9218006134e+00
    4.9297860824e-03   -7.9360375404e+00
    4.9393298104e-03   -7.9492969513e+00
    4.9495552666e-03   -7.9634304047e+00
    4.9597807229e-03   -7.9774661064e+00
    4.9693244509e-03   -7.9904727936e+00
    4.9795499071e-03   -8.0043020248e+00
    4.9897753634e-03   -8.0180206299e+00
    4.9993190914e-03   -8.0307235718e+00
    5.0095445476e-03   -8.0442180634e+00
    5.0197700039e-03   -8.0575962067e+00
    5.0299954601e-03   -8.0708675385e+00
    5.0395391881e-03   -8.0831708908e+00
    5.0497646444e-03   -8.0962638855e+00
    5.0599896349e-03   -8.1092519760e+00
    5.0695338286e-03   -8.1212663651e+00
    5.0797588192e-03   -8.1340208054e+00
    5.0899842754e-03   -8.1466636658e+00
    5.0995280035e-03   -8.1583824158e+00
    5.1097534597e-03   -8.1708574295e+00
    5.1199789159e-03   -8.1832456589e+00
    5.1295226440e-03   -8.1947317123e+00
    5.1397481002e-03   -8.2069540024e+00
    5.1499735564e-03   -8.2190828323e+00
    5.1595172845e-03   -8.2303171158e+00
    5.1697427407e-03   -8.2422647476e+00
    5.1799681969e-03   -8.2541351318e+00
    5.1895119250e-03   -8.2651576996e+00
    5.1997373812e-03   -8.2769250870e+00
    5.2099628374e-03   -8.2886381149e+00
    5.2195065655e-03   -8.2994995117e+00
    5.2297320217e-03   -8.3110475540e+00
    5.2399574779e-03   -8.3224973679e+00
    5.2497885190e-03   -8.3334045410e+00
    5.2595208399e-03   -8.3440952301e+00
    5.2699018270e-03   -8.3554029465e+00
    5.2796341479e-03   -8.3659162521e+00
    5.2893660031e-03   -8.3763504028e+00
    5.2997469902e-03   -8.3874082565e+00
    5.3094793111e-03   -8.3977022171e+00
    5.3198602982e-03   -8.4086008072e+00
    5.3295926191e-03   -8.4187507629e+00
    5.3393580019e-03   -8.4288702011e+00
    5.3495829925e-03   -8.4393873215e+00
    5.3598084487e-03   -8.4498186111e+00
    5.3693521768e-03   -8.4594764709e+00
    5.3795776330e-03   -8.4697275162e+00
    5.3898030892e-03   -8.4798841476e+00
    5.3993468173e-03   -8.4892930984e+00
    5.4095722735e-03   -8.4993181229e+00
    5.4197977297e-03   -8.5092945099e+00
    5.4293414578e-03   -8.5185642242e+00
    5.4395669140e-03   -8.5284404755e+00
    5.4497923702e-03   -8.5382366180e+00
    5.4593360983e-03   -8.5472927094e+00
    5.4695615545e-03   -8.5569238663e+00
    5.4797870107e-03   -8.5665473938e+00
    5.4893307388e-03   -8.5754871368e+00
    5.4995561950e-03   -8.5849781036e+00
    5.5097816512e-03   -8.5943574905e+00
    5.5193253793e-03   -8.6030092239e+00
    5.5295508355e-03   -8.6121778488e+00
    5.5397762917e-03   -8.6212511063e+00
    5.5493200198e-03   -8.6296434402e+00
    5.5595454760e-03   -8.6385641098e+00
    5.5697709322e-03   -8.6474132538e+00
    5.5799963884e-03   -8.6561994553e+00
    5.5895401165e-03   -8.6643495560e+00
    5.5997655727e-03   -8.6730327606e+00
    5.6099910289e-03   -8.6816606522e+00
    5.6195347570e-03   -8.6896572113e+00
    5.6297602132e-03   -8.6981544495e+00
    5.6399856694e-03   -8.7065706253e+00
    5.6495293975e-03   -8.7143487930e+00
    5.6597548537e-03   -8.7226057053e+00
    5.6699803099e-03   -8.7307872772e+00
    5.6795240380e-03   -8.7383584976e+00
    5.6897494942e-03   -8.7464056015e+00
    5.6999749504e-03   -8.7543907166e+00
    5.7095186785e-03   -8.7617912292e+00
    5.7197441347e-03   -8.7696666718e+00
    5.7299695909e-03   -8.7774877548e+00
    5.7395133190e-03   -8.7847347260e+00
    5.7497387752e-03   -8.7924356461e+00
    5.7599642314e-03   -8.8000631332e+00
    5.7695079595e-03   -8.8071088791e+00
    5.7797334157e-03   -8.8145742416e+00
    5.7894657366e-03   -8.8215990067e+00
    5.7998467237e-03   -8.8290052414e+00
    5.8095785789e-03   -8.8358688354e+00
    5.8199600317e-03   -8.8431110382e+00
    5.8296918869e-03   -8.8498334885e+00
    5.8394242078e-03   -8.8565111160e+00
    5.8498051949e-03   -8.8635692596e+00
    5.8597675525e-03   -8.8702669144e+00
    5.8699930087e-03   -8.8770666122e+00
    5.8795367368e-03   -8.8833465576e+00
    5.8897621930e-03   -8.8900041580e+00
    5.8999876492e-03   -8.8965854645e+00
    5.9095313773e-03   -8.9026594162e+00
    5.9197568335e-03   -8.9090919495e+00
    5.9299822897e-03   -8.9154434204e+00
    5.9395260178e-03   -8.9212961197e+00
    5.9497514740e-03   -8.9274835587e+00
    5.9599769302e-03   -8.9335765839e+00
    5.9695206583e-03   -8.9391775131e+00
    5.9797461145e-03   -8.9450874329e+00
    5.9899715707e-03   -8.9509057999e+00
    5.9995152988e-03   -8.9562540054e+00
    6.0097407550e-03   -8.9618988037e+00
    6.0199662112e-03   -8.9674539566e+00
    6.0295099393e-03   -8.9725561142e+00
    6.0397353955e-03   -8.9779376984e+00
    6.0499608517e-03   -8.9832334518e+00
    6.0595045798e-03   -8.9881124496e+00
    6.0697300360e-03   -8.9932622910e+00
    6.0799554922e-03   -8.9983119965e+00
    6.0894992203e-03   -9.0029249191e+00
    6.0997246765e-03   -9.0077610016e+00
    6.1099501327e-03   -9.0125141144e+00
    6.1194938608e-03   -9.0168790817e+00
    6.1297193170e-03   -9.0214586258e+00
    6.1399447732e-03   -9.0259304047e+00
    6.1494885013e-03   -9.0300083160e+00
    6.1597139575e-03   -9.0342693329e+00
    6.1699394137e-03   -9.0384216309e+00
    6.1794831418e-03   -9.0422000885e+00
    6.1897085980e-03   -9.0461416245e+00
    6.1999340542e-03   -9.0499763489e+00
    6.2094777822e-03   -9.0534601212e+00
    6.2197032385e-03   -9.0570898056e+00
    6.2299286947e-03   -9.0606145859e+00
    6.2394724227e-03   -9.0638113022e+00
    6.2496978790e-03   -9.0671396255e+00
    6.2599233352e-03   -9.0703697205e+00
    6.2694670632e-03   -9.0733003616e+00
    6.2796925195e-03   -9.0763549805e+00
    6.2899179757e-03   -9.0793247223e+00
    6.2994617037e-03   -9.0820178986e+00
    6.3096871600e-03   -9.0848188400e+00
    6.3199126162e-03   -9.0875310898e+00
    6.3294563442e-03   -9.0899801254e+00
    6.3396818005e-03   -9.0925121307e+00
    6.3499072567e-03   -9.0949544907e+00
    6.3594509847e-03   -9.0971517563e+00
    6.3696764410e-03   -9.0994129181e+00
    6.3799018972e-03   -9.1015739441e+00
    6.3894456252e-03   -9.1035013199e+00
    6.3996706158e-03   -9.1054668427e+00
    6.4098960720e-03   -9.1073312759e+00
    6.4194398001e-03   -9.1089849472e+00
    6.4296652563e-03   -9.1106739044e+00
    6.4398907125e-03   -9.1122722626e+00
    6.4494344406e-03   -9.1136808395e+00
    6.4596598968e-03   -9.1151008606e+00
    6.4698853530e-03   -9.1164369583e+00
    6.4794290811e-03   -9.1176023483e+00
    6.4896545373e-03   -9.1187562943e+00
    6.4998799935e-03   -9.1198091507e+00
    6.5094237216e-03   -9.1206970215e+00
    6.5196491778e-03   -9.1215486526e+00
    6.5298746340e-03   -9.1222953796e+00
    6.5394183621e-03   -9.1229000092e+00
    6.5496438183e-03   -9.1234521866e+00
    6.5598692745e-03   -9.1239061356e+00
    6.5694130026e-03   -9.1242446899e+00
    6.5796384588e-03   -9.1245193481e+00
    6.5898639150e-03   -9.1246986389e+00
    6.5994076431e-03   -9.1247739792e+00
    6.6096330993e-03   -9.1247529984e+00
    6.6198585555e-03   -9.1246337891e+00
    6.6294022836e-03   -9.1244525909e+00
    6.6396277398e-03   -9.1241626740e+00
    6.6498531960e-03   -9.1237583160e+00
    6.6593969241e-03   -9.1232728958e+00
    6.6696223803e-03   -9.1226406097e+00
    6.6798478365e-03   -9.1219015121e+00
    6.6893915646e-03   -9.1211175919e+00
    6.6996170208e-03   -9.1201820374e+00
    6.7098424770e-03   -9.1191453934e+00
    6.7193862051e-03   -9.1180830002e+00
    6.7296116613e-03   -9.1168422699e+00
    6.7398371175e-03   -9.1154975891e+00
    6.7493808456e-03   -9.1141471863e+00
    6.7596063018e-03   -9.1126012802e+00
    6.7698317580e-03   -9.1109495163e+00
    6.7793754861e-03   -9.1093120575e+00
    6.7896009423e-03   -9.1074533463e+00
    6.7998263985e-03   -9.1054878235e+00
    6.8093701266e-03   -9.1035594940e+00
    6.8195955828e-03   -9.1013965607e+00
    6.8298210390e-03   -9.0991344452e+00
    6.8393647671e-03   -9.0969371796e+00
    6.8495902233e-03   -9.0944900513e+00
    6.8598156795e-03   -9.0919466019e+00
    6.8693594076e-03   -9.0894832611e+00
    6.8795848638e-03   -9.0867443085e+00
    6.8898103200e-03   -9.0838985443e+00
    6.8993540481e-03   -9.0811443329e+00
    6.9095795043e-03   -9.0780849457e+00
    6.9198049605e-03   -9.0749177933e+00
    6.9293486886e-03   -9.0718650818e+00
    6.9395741448e-03   -9.0684967041e+00
    6.9497996010e-03   -9.0650310516e+00
    6.9593433291e-03   -9.0617132187e+00
    6.9695687853e-03   -9.0580711365e+00
    6.9797942415e-03   -9.0543413162e+00
    6.9893379696e-03   -9.0507793427e+00
    6.9995634258e-03   -9.0468711853e+00
    7.0097888820e-03   -9.0428647995e+00
    7.0193326101e-03   -9.0390310287e+00
    7.0295576006e-03   -9.0348215103e+00
    7.0397830568e-03   -9.0305070877e+00
    7.0493267849e-03   -9.0263919830e+00
    7.0595522411e-03   -9.0218896866e+00
    7.0697776973e-03   -9.0172986984e+00
    7.0793214254e-03   -9.0129375458e+00
    7.0895468816e-03   -9.0081853867e+00
    7.0997723378e-03   -9.0033550262e+00
    7.1099977940e-03   -8.9984502792e+00
    7.1195415221e-03   -8.9938077927e+00
    7.1297669783e-03   -8.9887647629e+00
    7.1399924345e-03   -8.9836511612e+00
    7.1495361626e-03   -8.9788150787e+00
    7.1597616188e-03   -8.9735622406e+00
    7.1699870750e-03   -8.9682378769e+00
    7.1795308031e-03   -8.9632072449e+00
    7.1897562593e-03   -8.9577541351e+00
    7.1999817155e-03   -8.9522371292e+00
    7.2095254436e-03   -8.9470310211e+00
    7.2197508998e-03   -8.9413928986e+00
    7.2299763560e-03   -8.9356880188e+00
    7.2395200841e-03   -8.9303016663e+00
    7.2497455403e-03   -8.9244632721e+00
    7.2599709965e-03   -8.9185609818e+00
    7.2695147246e-03   -8.9129953384e+00
    7.2797401808e-03   -8.9069709778e+00
    7.2899656370e-03   -8.9008827209e+00
    7.2995093651e-03   -8.8951463699e+00
    7.3097348213e-03   -8.8889427185e+00
    7.3199602775e-03   -8.8826799393e+00
    7.3295040056e-03   -8.8767795563e+00
    7.3397294618e-03   -8.8704004288e+00
    7.3499549180e-03   -8.8639631271e+00
    7.3594986461e-03   -8.8579025269e+00
    7.3697241023e-03   -8.8513526917e+00
    7.3799495585e-03   -8.8447389603e+00
    7.3894932866e-03   -8.8385028839e+00
    7.3997187428e-03   -8.8317480087e+00
    7.4099441990e-03   -8.8249158859e+00
    7.4194879271e-03   -8.8184614182e+00
    7.4297133833e-03   -8.8114604950e+00
    7.4399388395e-03   -8.8043918610e+00
    7.4494825676e-03   -8.7977352142e+00
    7.4597080238e-03   -8.7905349731e+00
    7.4699334800e-03   -8.7832660675e+00
    7.4794772081e-03   -8.7764158249e+00
    7.4897026643e-03   -8.7690057755e+00
    7.4999281205e-03   -8.7615261078e+00
    7.5094718486e-03   -8.7544860840e+00
    7.5196973048e-03   -8.7468767166e+00
    7.5299227610e-03   -8.7391967773e+00
    7.5394664891e-03   -8.7319631577e+00
    7.5496919453e-03   -8.7241401672e+00
    7.5599174015e-03   -8.7162446976e+00
    7.5694611296e-03   -8.7088117599e+00
    7.5796865858e-03   -8.7007808685e+00
    7.5899120420e-03   -8.6926841736e+00
    7.5994557701e-03   -8.6850700378e+00
    7.6096812263e-03   -8.6768493652e+00
    7.6199066825e-03   -8.6685638428e+00
    7.6294504106e-03   -8.6607704163e+00
    7.6396758668e-03   -8.6523609161e+00
    7.6499008574e-03   -8.6438932419e+00
    7.6594450511e-03   -8.6359386444e+00
    7.6696700417e-03   -8.6273593903e+00
    7.6798954979e-03   -8.6187210083e+00
    7.6894392259e-03   -8.6106071472e+00
    7.6996646821e-03   -8.6018581390e+00
    7.7098901384e-03   -8.5930547714e+00
    7.7194338664e-03   -8.5847892761e+00
    7.7296593226e-03   -8.5758790970e+00
    7.7398847789e-03   -8.5669126511e+00
    7.7494285069e-03   -8.5584945679e+00
    7.7596539631e-03   -8.5494203568e+00
    7.7698794194e-03   -8.5402898788e+00
    7.7794231474e-03   -8.5317173004e+00
    7.7896486036e-03   -8.5224781036e+00
    7.7998740599e-03   -8.5131864548e+00
    7.8094177879e-03   -8.5044698715e+00
    7.8196432441e-03   -8.4950838089e+00
    7.8298682347e-03   -8.4856443405e+00
    7.8394124284e-03   -8.4767761230e+00
    7.8496374190e-03   -8.4672136307e+00
    7.8598633409e-03   -8.4575939178e+00
    7.8694066033e-03   -8.4485645294e+00
    7.8796325251e-03   -8.4388418198e+00
    7.8898575157e-03   -8.4290742874e+00
    7.8994017094e-03   -8.4199199677e+00
    7.9096267000e-03   -8.4100732803e+00
    7.9198526219e-03   -8.4001836777e+00
    7.9293958843e-03   -8.3909130096e+00
    7.9396218061e-03   -8.3809347153e+00
    7.9498467967e-03   -8.3709087372e+00
    7.9593909904e-03   -8.3615083694e+00
    7.9696159810e-03   -8.3513860703e+00
    7.9798419029e-03   -8.3412189484e+00
    7.9893851653e-03   -8.3316965103e+00
    7.9996110871e-03   -8.3214635849e+00
    8.0098360777e-03   -8.3111991882e+00
    8.0193802714e-03   -8.3015747070e+00
    8.0296052620e-03   -8.2912197113e+00
    8.0398311839e-03   -8.2808218002e+00
    8.0493744463e-03   -8.2710781097e+00
    8.0596003681e-03   -8.2605981827e+00
    8.0698253587e-03   -8.2500772476e+00
    8.0793695524e-03   -8.2402219772e+00
    8.0895945430e-03   -8.2296276093e+00
    8.0998204648e-03   -8.2189950943e+00
    8.1093637273e-03   -8.2090301514e+00
    8.1195896491e-03   -8.1983222961e+00
    8.1298146397e-03   -8.1875772476e+00
    8.1393588334e-03   -8.1774959564e+00
    8.1495838240e-03   -8.1666364670e+00
    8.1598097458e-03   -8.1557235718e+00
    8.1693530083e-03   -8.1454801559e+00
    8.1795789301e-03   -8.1344366074e+00
    8.1898039207e-03   -8.1233329773e+00
    8.1993481144e-03   -8.1129379272e+00
    8.2095731050e-03   -8.1017827988e+00
    8.2197990268e-03   -8.0906057358e+00
    8.2293422893e-03   -8.0801420212e+00
    8.2395682111e-03   -8.0688867569e+00
    8.2497932017e-03   -8.0575790405e+00
    8.2593373954e-03   -8.0469779968e+00
    8.2695623860e-03   -8.0355730057e+00
    8.2797883078e-03   -8.0241184235e+00
    8.2893315703e-03   -8.0133876801e+00
    8.2995574921e-03   -8.0018529892e+00
    8.3097824827e-03   -7.9902768135e+00
    8.3193266764e-03   -7.9794292450e+00
    8.3295516670e-03   -7.9677624702e+00
    8.3397766575e-03   -7.9560551643e+00
    8.3493208513e-03   -7.9450912476e+00
    8.3595458418e-03   -7.9333052635e+00
    8.3697717637e-03   -7.9214782715e+00
    8.3799967542e-03   -7.9096112251e+00
    8.3895409480e-03   -7.8985009193e+00
    8.3997659385e-03   -7.8865575790e+00
    8.4099918604e-03   -7.8745765686e+00
    8.4195351228e-03   -7.8633651733e+00
    8.4297610447e-03   -7.8513116837e+00
    8.4399860352e-03   -7.8392133713e+00
    8.4495302290e-03   -7.8278989792e+00
    8.4597552195e-03   -7.8157610893e+00
    8.4699811414e-03   -7.8035984039e+00
    8.4795244038e-03   -7.7922368050e+00
    8.4897503257e-03   -7.7800583839e+00
    8.4999753162e-03   -7.7678589821e+00
    8.5095195100e-03   -7.7564592361e+00
    8.5197445005e-03   -7.7442317009e+00
    8.5299704224e-03   -7.7319712639e+00
    8.5395136848e-03   -7.7204589844e+00
    8.5497396067e-03   -7.7080712318e+00
    8.5599645972e-03   -7.6956510544e+00
    8.5695087910e-03   -7.6840405464e+00
    8.5797337815e-03   -7.6715936661e+00
    8.5899597034e-03   -7.6591105461e+00
    8.5995029658e-03   -7.6474318504e+00
    8.6097288877e-03   -7.6349058151e+00
    8.6199538782e-03   -7.6223793030e+00
    8.6294980720e-03   -7.6106901169e+00
    8.6397230625e-03   -7.5981602669e+00
    8.6499489844e-03   -7.5856132507e+00
    8.6594922468e-03   -7.5738763809e+00
    8.6697181687e-03   -7.5612649918e+00
    8.6799431592e-03   -7.5486135483e+00
    8.6894873530e-03   -7.5367717743e+00
    8.6997123435e-03   -7.5240554810e+00
    8.7099382654e-03   -7.5113167763e+00
    8.7194815278e-03   -7.4994125366e+00
    8.7297074497e-03   -7.4866447449e+00
    8.7399324402e-03   -7.4738636017e+00
    8.7494766340e-03   -7.4619240761e+00
    8.7597016245e-03   -7.4491243362e+00
    8.7699275464e-03   -7.4363212585e+00
    8.7794708088e-03   -7.4243707657e+00
    8.7896967307e-03   -7.4115624428e+00
    8.7999217212e-03   -7.3987464905e+00
    8.8094659150e-03   -7.3867754936e+00
    8.8196909055e-03   -7.3739347458e+00
    8.8299168274e-03   -7.3610773087e+00
    8.8394600898e-03   -7.3490576744e+00
    8.8496860117e-03   -7.3361597061e+00
    8.8599110022e-03   -7.3232536316e+00
    8.8694551960e-03   -7.3112506866e+00
    8.8796801865e-03   -7.2984933853e+00
    8.8899061084e-03   -7.2857336998e+00
    8.8994493708e-03   -7.2737765312e+00
    8.9096752927e-03   -7.2609343529e+00
    8.9199002832e-03   -7.2480740547e+00
    8.9294444770e-03   -7.2360358238e+00
    8.9396694675e-03   -7.2230987549e+00
    8.9498953894e-03   -7.2101602554e+00
    8.9594386518e-03   -7.1981058121e+00
    8.9696645737e-03   -7.1852021217e+00
    8.9798895642e-03   -7.1723046303e+00
    8.9894337580e-03   -7.1602706909e+00
    8.9996587485e-03   -7.1473698616e+00
    9.0098846704e-03   -7.1344509125e+00
    9.0194279328e-03   -7.1223602295e+00
    9.0296538547e-03   -7.1093759537e+00
    9.0398788452e-03   -7.0963716507e+00
    9.0494230390e-03   -7.0842361450e+00
    9.0596480295e-03   -7.0712332726e+00
    9.0698739514e-03   -7.0582203865e+00
    9.0794172138e-03   -7.0460915565e+00
    9.0896431357e-03   -7.0331068039e+00
    9.0998681262e-03   -7.0201296806e+00
    9.1094123200e-03   -7.0080184937e+00
    9.1196373105e-03   -6.9950094223e+00
    9.1298632324e-03   -6.9819903374e+00
    9.1394064948e-03   -6.9698500633e+00
    9.1496324167e-03   -6.9568276405e+00
    9.1598574072e-03   -6.9437966347e+00
    9.1694016010e-03   -6.9316682816e+00
    9.1796265915e-03   -6.9187264442e+00
    9.1898515821e-03   -6.9058098793e+00
    9.1993957758e-03   -6.8937425613e+00
    9.2096207663e-03   -6.8807911873e+00
    9.2198466882e-03   -6.8678126335e+00
    9.2293899506e-03   -6.8556737900e+00
    9.2396158725e-03   -6.8426513672e+00
    9.2498408630e-03   -6.8296098709e+00
    9.2593850568e-03   -6.8174324036e+00
    9.2696100473e-03   -6.8044195175e+00
    9.2798359692e-03   -6.7914404869e+00
    9.2893792316e-03   -6.7793335915e+00
    9.2996051535e-03   -6.7663588524e+00
    9.3098301440e-03   -6.7533860207e+00
    9.3193743378e-03   -6.7412757874e+00
    9.3295993283e-03   -6.7282905579e+00
    9.3398252502e-03   -6.7153129578e+00
    9.3493685126e-03   -6.7032074928e+00
    9.3595944345e-03   -6.6902379990e+00
    9.3698194250e-03   -6.6772780418e+00
    9.3793636188e-03   -6.6651954651e+00
    9.3895886093e-03   -6.6522674561e+00
    9.3998145312e-03   -6.6393580437e+00
    9.4093577936e-03   -6.6273217201e+00
    9.4195837155e-03   -6.6144409180e+00
    9.4298087060e-03   -6.6015753746e+00
    9.4393528998e-03   -6.5895800591e+00
    9.4495778903e-03   -6.5767421722e+00
    9.4598038122e-03   -6.5639176369e+00
    9.4693470746e-03   -6.5519576073e+00
    9.4795729965e-03   -6.5391502380e+00
    9.4897979870e-03   -6.5263509750e+00
    9.4993421808e-03   -6.5144143105e+00
    9.5095671713e-03   -6.5016350746e+00
    9.5197930932e-03   -6.4888639450e+00
    9.5293363556e-03   -6.4769573212e+00
    9.5395622775e-03   -6.4642057419e+00
    9.5497872680e-03   -6.4514622688e+00
    9.5593314618e-03   -6.4395890236e+00
    9.5695564523e-03   -6.4268865585e+00
    9.5797823742e-03   -6.4142003059e+00
    9.5893256366e-03   -6.4023828506e+00
    9.5995515585e-03   -6.3897490501e+00
    9.6097765490e-03   -6.3771309853e+00
    9.6193207428e-03   -6.3653569221e+00
    9.6295457333e-03   -6.3527407646e+00
    9.6397716552e-03   -6.3401284218e+00
    9.6499966457e-03   -6.3275303841e+00
    9.6595408395e-03   -6.3157892227e+00
    9.6697658300e-03   -6.3032269478e+00
    9.6799917519e-03   -6.2906827927e+00
    9.6895350143e-03   -6.2789988518e+00
    9.6997609362e-03   -6.2665066719e+00
    9.7099859267e-03   -6.2540359497e+00
    9.7194500268e-03   -6.2425022125e+00
    9.7290901467e-03   -6.2307362556e+00
    9.7396941856e-03   -6.2177939415e+00
    9.7493343055e-03   -6.2060441971e+00
    9.7599383444e-03   -6.1931467056e+00
    9.7695784643e-03   -6.1814489365e+00
    9.7795696929e-03   -6.1693487167e+00
    9.7897956148e-03   -6.1570053101e+00
    9.7993388772e-03   -6.1455016136e+00
    9.8095647991e-03   -6.1331753731e+00
    9.8197897896e-03   -6.1208543777e+00
    9.8293339834e-03   -6.1093578339e+00
    9.8395589739e-03   -6.0970478058e+00
    9.8497848958e-03   -6.0847554207e+00
    9.8593281582e-03   -6.0733041763e+00
    9.8695540801e-03   -6.0610537529e+00
    9.8797790706e-03   -6.0488152504e+00
    9.8893232644e-03   -6.0374040604e+00
    9.8995482549e-03   -6.0251908302e+00
    9.9097741768e-03   -6.0129928589e+00
    9.9199991673e-03   -6.0008139610e+00
    9.9295433611e-03   -5.9894628525e+00
    9.9397683516e-03   -5.9773173332e+00
    9.9499942735e-03   -5.9651865959e+00
    9.9595375359e-03   -5.9538793564e+00
    9.9697634578e-03   -5.9417800903e+00
    9.9799884483e-03   -5.9296922684e+00
    9.9895326421e-03   -5.9184217453e+00
    9.9997576326e-03   -5.9063611031e+00
    1.0009983554e-02   -5.8943204880e+00
    1.0019526817e-02   -5.8830986023e+00
    1.0029752739e-02   -5.8710899353e+00
    1.0039977729e-02   -5.8590970039e+00
    1.0049521923e-02   -5.8479166031e+00
    1.0059746914e-02   -5.8359522820e+00
    1.0069094598e-02   -5.8250260353e+00
    1.0079698637e-02   -5.8126268387e+00
    1.0089338757e-02   -5.8013648987e+00
    1.0099845938e-02   -5.7891240120e+00
    1.0109390132e-02   -5.7780404091e+00
    1.0119615123e-02   -5.7661890984e+00
    1.0129841045e-02   -5.7543482780e+00
    1.0139384307e-02   -5.7433056831e+00
    1.0149610229e-02   -5.7314810753e+00
    1.0159835219e-02   -5.7196702957e+00
    1.0169379413e-02   -5.7086677551e+00
    1.0179604404e-02   -5.6969051361e+00
    1.0189830326e-02   -5.6851668358e+00
    1.0199373588e-02   -5.6742339134e+00
    1.0209599510e-02   -5.6625447273e+00
    1.0219824500e-02   -5.6508789062e+00
    1.0229368694e-02   -5.6400108337e+00
    1.0239593685e-02   -5.6283888817e+00
    1.0249819607e-02   -5.6167902946e+00
    1.0259362869e-02   -5.6059851646e+00
    1.0269588791e-02   -5.5944323540e+00
    1.0279813781e-02   -5.5829043388e+00
    1.0289357975e-02   -5.5721659660e+00
    1.0299582966e-02   -5.5606808662e+00
    1.0309808888e-02   -5.5492215157e+00
    1.0319352150e-02   -5.5385527611e+00
    1.0329578072e-02   -5.5271511078e+00
    1.0339803062e-02   -5.5157794952e+00
    1.0349347256e-02   -5.5051941872e+00
    1.0359572247e-02   -5.4938821793e+00
    1.0369798169e-02   -5.4825992584e+00
    1.0379341431e-02   -5.4720931053e+00
    1.0389567353e-02   -5.4608640671e+00
    1.0399792343e-02   -5.4496665001e+00
    1.0409336537e-02   -5.4392433167e+00
    1.0419561528e-02   -5.4281020164e+00
    1.0429787450e-02   -5.4169883728e+00
    1.0439330712e-02   -5.4066419601e+00
    1.0449556634e-02   -5.3955864906e+00
    1.0459781624e-02   -5.3845634460e+00
    1.0469325818e-02   -5.3743042946e+00
    1.0479550809e-02   -5.3633441925e+00
    1.0489776731e-02   -5.3524174690e+00
    1.0499319993e-02   -5.3422489166e+00
    1.0509545915e-02   -5.3313851357e+00
    1.0519770905e-02   -5.3205561638e+00
    1.0529996827e-02   -5.3097620010e+00
    1.0539540090e-02   -5.2997193336e+00
    1.0549766012e-02   -5.2889966965e+00
    1.0559991002e-02   -5.2783131599e+00
    1.0569534265e-02   -5.2683749199e+00
    1.0579760186e-02   -5.2577581406e+00
    1.0589985177e-02   -5.2471728325e+00
    1.0599529371e-02   -5.2373213768e+00
    1.0609754361e-02   -5.2267961502e+00
    1.0619980283e-02   -5.2163043022e+00
    1.0629523546e-02   -5.2065429688e+00
    1.0639749467e-02   -5.1961188316e+00
    1.0649974458e-02   -5.1857318878e+00
    1.0659518652e-02   -5.1760721207e+00
    1.0669743642e-02   -5.1657619476e+00
    1.0679969564e-02   -5.1554913521e+00
    1.0689512827e-02   -5.1459398270e+00
    1.0699738748e-02   -5.1357436180e+00
    1.0709963739e-02   -5.1255869865e+00
    1.0719507933e-02   -5.1161446571e+00
    1.0729732923e-02   -5.1060671806e+00
    1.0739083402e-02   -5.0968885422e+00
    1.0748805478e-02   -5.0873608589e+00
    1.0759752244e-02   -5.0766611099e+00
    1.0769483633e-02   -5.0671949387e+00
    1.0779214092e-02   -5.0577754974e+00
    1.0788944550e-02   -5.0483980179e+00
    1.0799891315e-02   -5.0379009247e+00
    1.0809621774e-02   -5.0286111832e+00
    1.0819352232e-02   -5.0193576813e+00
    1.0829082690e-02   -5.0101380348e+00
    1.0838812217e-02   -5.0009560585e+00
    1.0849758983e-02   -4.9906721115e+00
    1.0859488510e-02   -4.9815716743e+00
    1.0869218968e-02   -4.9725122452e+00
    1.0878948495e-02   -4.9634904861e+00
    1.0889894329e-02   -4.9533834457e+00
    1.0899624787e-02   -4.9444322586e+00
    1.0909354314e-02   -4.9355106354e+00
    1.0919083841e-02   -4.9266209602e+00
    1.0928813368e-02   -4.9177627563e+00
    1.0939759202e-02   -4.9078359604e+00
    1.0949488729e-02   -4.8990449905e+00
    1.0959218256e-02   -4.8902821541e+00
    1.0968947783e-02   -4.8815450668e+00
    1.0979892686e-02   -4.8717489243e+00
    1.0989622213e-02   -4.8630733490e+00
    1.0999350809e-02   -4.8544278145e+00
    1.1009080335e-02   -4.8458151817e+00
    1.1018808931e-02   -4.8372387886e+00
    1.1029754765e-02   -4.8276386261e+00
    1.1039483361e-02   -4.8191480637e+00
    1.1049211957e-02   -4.8106942177e+00
    1.1058941483e-02   -4.8022794724e+00
    1.1069886386e-02   -4.7928624153e+00
    1.1079614982e-02   -4.7845416069e+00
    1.1089343578e-02   -4.7762684822e+00
    1.1099072173e-02   -4.7680420876e+00
    1.1108800769e-02   -4.7598614693e+00
    1.1119744740e-02   -4.7507100105e+00
    1.1129473336e-02   -4.7426214218e+00
    1.1139201932e-02   -4.7345771790e+00
    1.1148930527e-02   -4.7265810966e+00
    1.1159874499e-02   -4.7176451683e+00
    1.1169603094e-02   -4.7097535133e+00
    1.1179331690e-02   -4.7019085884e+00
    1.1189059354e-02   -4.6941151619e+00
    1.1198787950e-02   -4.6863751411e+00
    1.1209731922e-02   -4.6777300835e+00
    1.1219460517e-02   -4.6700992584e+00
    1.1229188181e-02   -4.6625170708e+00
    1.1238916777e-02   -4.6549849510e+00
    1.1249860749e-02   -4.6465697289e+00
    1.1259588413e-02   -4.6391401291e+00
    1.1269317009e-02   -4.6317563057e+00
    1.1279044673e-02   -4.6244134903e+00
    1.1289988644e-02   -4.6162028313e+00
    1.1299717240e-02   -4.6089472771e+00
    1.1309444904e-02   -4.6017284393e+00
    1.1319172569e-02   -4.5945477486e+00
    1.1328901164e-02   -4.5874061584e+00
    1.1339845136e-02   -4.5794224739e+00
    1.1349572800e-02   -4.5723719597e+00
    1.1359300464e-02   -4.5653686523e+00
    1.1369029060e-02   -4.5584149361e+00
    1.1379973032e-02   -4.5506491661e+00
    1.1389700696e-02   -4.5437955856e+00
    1.1399428360e-02   -4.5369858742e+00
    1.1409156956e-02   -4.5302238464e+00
    1.1418884620e-02   -4.5235085487e+00
    1.1429828592e-02   -4.5160074234e+00
    1.1439556256e-02   -4.5093827248e+00
    1.1449283920e-02   -4.5027956963e+00
    1.1459011585e-02   -4.4962487221e+00
    1.1469955556e-02   -4.4889297485e+00
    1.1479684152e-02   -4.4824604988e+00
    1.1489411816e-02   -4.4760222435e+00
    1.1499139480e-02   -4.4696116447e+00
    1.1508867145e-02   -4.4632277489e+00
    1.1519811116e-02   -4.4560823441e+00
    1.1529538780e-02   -4.4497690201e+00
    1.1539267376e-02   -4.4434971809e+00
    1.1548995040e-02   -4.4372653961e+00
    1.1559939012e-02   -4.4303002357e+00
    1.1569666676e-02   -4.4241518974e+00
    1.1579394341e-02   -4.4180464745e+00
    1.1589122936e-02   -4.4119815826e+00
    1.1598850600e-02   -4.4059514999e+00
    1.1609794572e-02   -4.3992061615e+00
    1.1619522236e-02   -4.3932428360e+00
    1.1629249901e-02   -4.3873143196e+00
    1.1638978496e-02   -4.3814220428e+00
    1.1649921536e-02   -4.3748354912e+00
    1.1659650132e-02   -4.3690171242e+00
    1.1669377796e-02   -4.3632335663e+00
    1.1679105461e-02   -4.3574862480e+00
    1.1688834056e-02   -4.3517756462e+00
    1.1699778028e-02   -4.3453907967e+00
    1.1709505692e-02   -4.3397521973e+00
    1.1719233356e-02   -4.3341498375e+00
    1.1728961021e-02   -4.3285884857e+00
    1.1739904992e-02   -4.3223791122e+00
    1.1749633588e-02   -4.3168983459e+00
    1.1759361252e-02   -4.3114504814e+00
    1.1769088916e-02   -4.3060350418e+00
    1.1778816581e-02   -4.3006539345e+00
    1.1789760552e-02   -4.2946381569e+00
    1.1799488217e-02   -4.2893218994e+00
    1.1809216812e-02   -4.2840352058e+00
    1.1818944477e-02   -4.2787823677e+00
    1.1829887517e-02   -4.2729206085e+00
    1.1839615181e-02   -4.2677531242e+00
    1.1849342845e-02   -4.2626252174e+00
    1.1859070510e-02   -4.2575359344e+00
    1.1868798174e-02   -4.2524867058e+00
    1.1879742146e-02   -4.2468543053e+00
    1.1889469810e-02   -4.2418842316e+00
    1.1899197474e-02   -4.2369446754e+00
    1.1908924207e-02   -4.2320389748e+00
    1.1919868179e-02   -4.2265634537e+00
    1.1929595843e-02   -4.2217369080e+00
    1.1939322576e-02   -4.2169437408e+00
    1.1949050240e-02   -4.2121782303e+00
    1.1959993280e-02   -4.2068481445e+00
    1.1969720945e-02   -4.2021355629e+00
    1.1979448609e-02   -4.1974482536e+00
    1.1989175342e-02   -4.1927866936e+00
    1.1998903006e-02   -4.1881551743e+00
    1.2009846047e-02   -4.1829848289e+00
    1.2019573711e-02   -4.1784262657e+00
    1.2029300444e-02   -4.1739044189e+00
    1.2039028108e-02   -4.1694183350e+00
    1.2049971148e-02   -4.1644124985e+00
    1.2059697881e-02   -4.1599960327e+00
    1.2069425546e-02   -4.1556081772e+00
    1.2079152279e-02   -4.1512479782e+00
    1.2088879943e-02   -4.1469163895e+00
    1.2099822052e-02   -4.1420841217e+00
    1.2109549716e-02   -4.1378283501e+00
    1.2119276449e-02   -4.1336092949e+00
    1.2129003182e-02   -4.1294236183e+00
    1.2139946222e-02   -4.1247467995e+00
    1.2149673887e-02   -4.1206145287e+00
    1.2159400620e-02   -4.1165056229e+00
    1.2169127353e-02   -4.1124234200e+00
    1.2178854086e-02   -4.1083707809e+00
    1.2189797126e-02   -4.1038513184e+00
    1.2199523859e-02   -4.0998721123e+00
    1.2209250592e-02   -4.0959324837e+00
    1.2218977325e-02   -4.0920338631e+00
    1.2229920365e-02   -4.0876951218e+00
    1.2239647098e-02   -4.0838794708e+00
    1.2249373831e-02   -4.0801010132e+00
    1.2259100564e-02   -4.0763607025e+00
    1.2268827297e-02   -4.0726585388e+00
    1.2279770337e-02   -4.0685381889e+00
    1.2289497070e-02   -4.0649118423e+00
    1.2299223803e-02   -4.0613188744e+00
    1.2308949605e-02   -4.0577569008e+00
    1.2319892645e-02   -4.0537872314e+00
    1.2329619378e-02   -4.0502924919e+00
    1.2339346111e-02   -4.0468316078e+00
    1.2349072844e-02   -4.0434064865e+00
    1.2358798645e-02   -4.0400161743e+00
    1.2369741686e-02   -4.0362429619e+00
    1.2379468419e-02   -4.0329284668e+00
    1.2389194220e-02   -4.0296540260e+00
    1.2398920953e-02   -4.0264182091e+00
    1.2409863994e-02   -4.0228176117e+00
    1.2419589795e-02   -4.0196495056e+00
    1.2429316528e-02   -4.0165143013e+00
    1.2439043261e-02   -4.0134186745e+00
    1.2449985370e-02   -4.0099868774e+00
    1.2459712103e-02   -4.0069804192e+00
    1.2469437905e-02   -4.0040135384e+00
    1.2479164638e-02   -4.0010857582e+00
    1.2488891371e-02   -3.9981961250e+00
    1.2499833480e-02   -3.9949882030e+00
    1.2509559281e-02   -3.9921722412e+00
    1.2519286014e-02   -3.9893896580e+00
    1.2529012747e-02   -3.9866414070e+00
    1.2539954856e-02   -3.9835932255e+00
    1.2549680658e-02   -3.9809243679e+00
    1.2559407391e-02   -3.9782965183e+00
    1.2569134124e-02   -3.9757120609e+00
    1.2578859925e-02   -3.9731731415e+00
    1.2589802034e-02   -3.9703710079e+00
    1.2599528767e-02   -3.9679279327e+00
    1.2609254569e-02   -3.9655277729e+00
    1.2618981302e-02   -3.9631681442e+00
    1.2629923411e-02   -3.9605596066e+00
    1.2639649212e-02   -3.9582810402e+00
    1.2649375014e-02   -3.9560401440e+00
    1.2659101747e-02   -3.9538373947e+00
    1.2668827549e-02   -3.9516727924e+00
    1.2679769658e-02   -3.9492831230e+00
    1.2689496391e-02   -3.9471969604e+00
    1.2699222192e-02   -3.9451460838e+00
    1.2708948925e-02   -3.9431297779e+00
    1.2719890103e-02   -3.9409008026e+00
    1.2729616836e-02   -3.9389586449e+00
    1.2739342637e-02   -3.9370572567e+00
    1.2749069370e-02   -3.9352002144e+00
    1.2758795172e-02   -3.9333877563e+00
    1.2769737281e-02   -3.9314029217e+00
    1.2779463083e-02   -3.9296867847e+00
    1.2789188884e-02   -3.9280159473e+00
    1.2798915617e-02   -3.9263896942e+00
    1.2809856795e-02   -3.9246108532e+00
    1.2819583528e-02   -3.9230713844e+00
    1.2829309329e-02   -3.9215710163e+00
    1.2839035131e-02   -3.9201099873e+00
    1.2849977240e-02   -3.9185118675e+00
    1.2859703042e-02   -3.9171292782e+00
    1.2869428843e-02   -3.9157803059e+00
    1.2879155576e-02   -3.9144630432e+00
    1.2888881378e-02   -3.9131743908e+00
    1.2899823487e-02   -3.9117581844e+00
    1.2909549288e-02   -3.9105296135e+00
    1.2919275090e-02   -3.9093322754e+00
    1.2929000892e-02   -3.9081704617e+00
    1.2939943001e-02   -3.9069087505e+00
    1.2949668802e-02   -3.9058294296e+00
    1.2959395535e-02   -3.9047906399e+00
    1.2969121337e-02   -3.9037921429e+00
    1.2978847139e-02   -3.9028341770e+00
    1.2989789248e-02   -3.9018032551e+00
    1.2999515049e-02   -3.9009284973e+00
    1.3009240851e-02   -3.9000935555e+00
    1.3018966652e-02   -3.8992979527e+00
    1.3029908761e-02   -3.8984494209e+00
    1.3039634563e-02   -3.8977346420e+00
    1.3049360365e-02   -3.8970558643e+00
    1.3059086166e-02   -3.8964135647e+00
    1.3068811968e-02   -3.8958082199e+00
    1.3079424389e-02   -3.8951919079e+00
    1.3089649379e-02   -3.8946444988e+00
    1.3099874370e-02   -3.8941428661e+00
    1.3109418564e-02   -3.8937134743e+00
    1.3119644485e-02   -3.8932943344e+00
    1.3129869476e-02   -3.8929154873e+00
    1.3139413670e-02   -3.8925979137e+00
    1.3149638660e-02   -3.8922965527e+00
    1.3159863651e-02   -3.8920359612e+00
    1.3169407845e-02   -3.8918299675e+00
    1.3179632835e-02   -3.8916501999e+00
    1.3189858757e-02   -3.8915135860e+00
    1.3199402019e-02   -3.8914258480e+00
    1.3209627941e-02   -3.8913753033e+00
    1.3219852932e-02   -3.8913702965e+00
    1.3229397126e-02   -3.8914074898e+00
    1.3239622116e-02   -3.8914937973e+00
    1.3249848038e-02   -3.8916282654e+00
    1.3259391300e-02   -3.8917970657e+00
    1.3269617222e-02   -3.8920233250e+00
    1.3279842213e-02   -3.8922953606e+00
    1.3289386407e-02   -3.8925895691e+00
    1.3299611397e-02   -3.8929467201e+00
    1.3309837319e-02   -3.8933470249e+00
    1.3319380581e-02   -3.8937590122e+00
    1.3329606503e-02   -3.8942420483e+00
    1.3339831494e-02   -3.8947682381e+00
    1.3349375688e-02   -3.8952980042e+00
    1.3359600678e-02   -3.8959071636e+00
    1.3369826600e-02   -3.8965582848e+00
    1.3379369862e-02   -3.8972027302e+00
    1.3389595784e-02   -3.8979315758e+00
    1.3399820775e-02   -3.8986997604e+00
    1.3409364969e-02   -3.8994519711e+00
    1.3419589959e-02   -3.9002954960e+00
    1.3429815881e-02   -3.9011781216e+00
    1.3439359143e-02   -3.9020369053e+00
    1.3449585065e-02   -3.9029943943e+00
    1.3459810056e-02   -3.9039905071e+00
    1.3469354250e-02   -3.9049551487e+00
    1.3479579240e-02   -3.9060266018e+00
    1.3489805162e-02   -3.9071381092e+00
    1.3499348424e-02   -3.9082124233e+00
    1.3509574346e-02   -3.9094030857e+00
    1.3519799337e-02   -3.9106340408e+00
    1.3529343531e-02   -3.9118175507e+00
    1.3539568521e-02   -3.9131214619e+00
    1.3549794443e-02   -3.9144606590e+00
    1.3559337705e-02   -3.9157416821e+00
    1.3569563627e-02   -3.9171471596e+00
    1.3579788618e-02   -3.9185869694e+00
    1.3589332812e-02   -3.9199631214e+00
    1.3599557802e-02   -3.9214730263e+00
    1.3609783724e-02   -3.9230208397e+00
    1.3619326986e-02   -3.9244999886e+00
    1.3629620895e-02   -3.9261329174e+00
    1.3639519922e-02   -3.9277410507e+00
    1.3649245724e-02   -3.9293587208e+00
    1.3658971526e-02   -3.9310107231e+00
    1.3669912703e-02   -3.9329068661e+00
    1.3679638505e-02   -3.9346258640e+00
    1.3689365238e-02   -3.9363756180e+00
    1.3699091040e-02   -3.9381563663e+00
    1.3708816841e-02   -3.9399685860e+00
    1.3719758019e-02   -3.9420449734e+00
    1.3729483820e-02   -3.9439232349e+00
    1.3739210553e-02   -3.9458320141e+00
    1.3748936355e-02   -3.9477710724e+00
    1.3759877533e-02   -3.9499888420e+00
    1.3769604266e-02   -3.9519929886e+00
    1.3779330067e-02   -3.9540281296e+00
    1.3789055869e-02   -3.9560942650e+00
    1.3799997978e-02   -3.9584574699e+00
    1.3809723780e-02   -3.9605922699e+00
    1.3819449581e-02   -3.9627594948e+00
    1.3829175383e-02   -3.9649591446e+00
    1.3838902116e-02   -3.9671905041e+00
    1.3849843293e-02   -3.9697389603e+00
    1.3859570026e-02   -3.9720380306e+00
    1.3869295828e-02   -3.9743688107e+00
    1.3879021630e-02   -3.9767301083e+00
    1.3889963739e-02   -3.9794225693e+00
    1.3899690472e-02   -3.9818477631e+00
    1.3909416273e-02   -3.9843020439e+00
    1.3919142075e-02   -3.9867849350e+00
    1.3928868808e-02   -3.9892966747e+00
    1.3939810917e-02   -3.9921574593e+00
    1.3949536718e-02   -3.9947319031e+00
    1.3959263451e-02   -3.9973366261e+00
    1.3968989253e-02   -3.9999716282e+00
    1.3979931362e-02   -4.0029726028e+00
    1.3989658095e-02   -4.0056719780e+00
    1.3999383897e-02   -4.0084018707e+00
    1.4009110630e-02   -4.0111613274e+00
    1.4018836431e-02   -4.0139498711e+00
    1.4029779471e-02   -4.0171222687e+00
    1.4039505273e-02   -4.0199723244e+00
    1.4049232006e-02   -4.0228505135e+00
    1.4058958739e-02   -4.0257573128e+00
    1.4069900848e-02   -4.0290617943e+00
    1.4079626650e-02   -4.0320296288e+00
    1.4089353383e-02   -4.0350265503e+00
    1.4099080116e-02   -4.0380530357e+00
    1.4108806849e-02   -4.0411100388e+00
    1.4119748957e-02   -4.0445852280e+00
    1.4129475690e-02   -4.0477061272e+00
    1.4139202423e-02   -4.0508570671e+00
    1.4148929156e-02   -4.0540370941e+00
    1.4159871265e-02   -4.0576486588e+00
    1.4169597998e-02   -4.0608882904e+00
    1.4179324731e-02   -4.0641560555e+00
    1.4189051464e-02   -4.0674510002e+00
    1.4199994504e-02   -4.0711908340e+00
    1.4209721237e-02   -4.0745453835e+00
    1.4219447970e-02   -4.0779285431e+00
    1.4229174703e-02   -4.0813403130e+00
    1.4238901436e-02   -4.0847802162e+00
    1.4249844477e-02   -4.0886845589e+00
    1.4259571210e-02   -4.0921845436e+00
    1.4269297943e-02   -4.0957117081e+00
    1.4279025607e-02   -4.0992650986e+00
    1.4289967716e-02   -4.1032919884e+00
    1.4299695380e-02   -4.1068973541e+00
    1.4309422113e-02   -4.1105256081e+00
    1.4319149777e-02   -4.1141772270e+00
    1.4328876510e-02   -4.1178512573e+00
    1.4339819551e-02   -4.1220130920e+00
    1.4349547215e-02   -4.1257376671e+00
    1.4359273948e-02   -4.1294856071e+00
    1.4369001612e-02   -4.1332573891e+00
    1.4379944652e-02   -4.1375303268e+00
    1.4389672317e-02   -4.1413555145e+00
    1.4399399981e-02   -4.1452064514e+00
    1.4409126714e-02   -4.1490840912e+00
    1.4418854378e-02   -4.1529874802e+00
    1.4429797418e-02   -4.1574101448e+00
    1.4439525083e-02   -4.1613683701e+00
    1.4449252747e-02   -4.1653523445e+00
    1.4458980411e-02   -4.1693611145e+00
    1.4469924383e-02   -4.1739015579e+00
    1.4479652047e-02   -4.1779642105e+00
    1.4489379711e-02   -4.1820516586e+00
    1.4499107376e-02   -4.1861639023e+00
    1.4508835040e-02   -4.1903004646e+00
    1.4519779012e-02   -4.1949830055e+00
    1.4529506676e-02   -4.1991720200e+00
    1.4539234340e-02   -4.2033863068e+00
    1.4548962004e-02   -4.2076258659e+00
    1.4559905976e-02   -4.2124257088e+00
    1.4569634572e-02   -4.2167181969e+00
    1.4579362236e-02   -4.2210350037e+00
    1.4589090832e-02   -4.2253766060e+00
    1.4598818496e-02   -4.2297434807e+00
    1.4609762467e-02   -4.2346873283e+00
    1.4619491063e-02   -4.2391090393e+00
    1.4629218727e-02   -4.2435560226e+00
    1.4638947323e-02   -4.2480287552e+00
    1.4649892226e-02   -4.2530899048e+00
    1.4659619890e-02   -4.2576150894e+00
    1.4669348486e-02   -4.2621655464e+00
    1.4679077081e-02   -4.2667393684e+00
    1.4688805677e-02   -4.2713360786e+00
    1.4699750580e-02   -4.2765355110e+00
    1.4709479176e-02   -4.2811818123e+00
    1.4719207771e-02   -4.2858500481e+00
    1.4728936367e-02   -4.2905392647e+00
    1.4739881270e-02   -4.2958412170e+00
    1.4749609865e-02   -4.3005790710e+00
    1.4759338461e-02   -4.3053398132e+00
    1.4769067056e-02   -4.3101243973e+00
    1.4778796583e-02   -4.3149323463e+00
    1.4789741486e-02   -4.3203692436e+00
    1.4799470082e-02   -4.3252267838e+00
    1.4809199609e-02   -4.3301067352e+00
    1.4818928204e-02   -4.3350076675e+00
    1.4829874039e-02   -4.3405461311e+00
    1.4839602634e-02   -4.3454904556e+00
    1.4849332161e-02   -4.3504552841e+00
    1.4859061688e-02   -4.3554396629e+00
    1.4868790284e-02   -4.3604435921e+00
    1.4879736118e-02   -4.3660964966e+00
    1.4889465645e-02   -4.3711409569e+00
    1.4899195172e-02   -4.3762035370e+00
    1.4908924699e-02   -4.3812847137e+00
    1.4919869602e-02   -4.3870224953e+00
    1.4929599129e-02   -4.3921418190e+00
    1.4939328656e-02   -4.3972797394e+00
    1.4949058183e-02   -4.4024357796e+00
    1.4958788641e-02   -4.4076104164e+00
    1.4969734475e-02   -4.4134535789e+00
    1.4979464002e-02   -4.4186668396e+00
    1.4989193529e-02   -4.4238982201e+00
    1.4998923987e-02   -4.4291467667e+00
    1.5009869821e-02   -4.4350724220e+00
    1.5019599348e-02   -4.4403581619e+00
    1.5029329807e-02   -4.4456605911e+00
    1.5039059334e-02   -4.4509792328e+00
    1.5048789792e-02   -4.4563136101e+00
    1.5059735626e-02   -4.4623336792e+00
    1.5069466084e-02   -4.4677004814e+00
    1.5079195611e-02   -4.4730825424e+00
    1.5088926069e-02   -4.4784798622e+00
    1.5099872835e-02   -4.4845700264e+00
    1.5109603293e-02   -4.4900002480e+00
    1.5119332820e-02   -4.4954466820e+00
    1.5129063278e-02   -4.5009102821e+00
    1.5138793737e-02   -4.5063900948e+00
    1.5149740502e-02   -4.5125737190e+00
    1.5159470960e-02   -4.5180854797e+00
    1.5169201419e-02   -4.5236120224e+00
    1.5178931877e-02   -4.5291528702e+00
    1.5189878643e-02   -4.5354032516e+00
    1.5199610032e-02   -4.5409750938e+00
    1.5209340490e-02   -4.5465617180e+00
    1.5219070949e-02   -4.5521621704e+00
    1.5228801407e-02   -4.5577769279e+00
    1.5239749104e-02   -4.5641102791e+00
    1.5249479562e-02   -4.5697546005e+00
    1.5259210020e-02   -4.5754127502e+00
    1.5268941410e-02   -4.5810842514e+00
    1.5279888175e-02   -4.5874800682e+00
    1.5289619565e-02   -4.5931801796e+00
    1.5299350023e-02   -4.5988955498e+00
    1.5309081413e-02   -4.6046257019e+00
    1.5318812802e-02   -4.6103711128e+00
    1.5329759568e-02   -4.6168527603e+00
    1.5339490958e-02   -4.6226305962e+00
    1.5349221416e-02   -4.6284232140e+00
    1.5358952805e-02   -4.6342301369e+00
    1.5369900502e-02   -4.6407790184e+00
    1.5379630961e-02   -4.6466135979e+00
    1.5389362350e-02   -4.6524596214e+00
    1.5399093740e-02   -4.6583161354e+00
    1.5408824198e-02   -4.6641826630e+00
    1.5419771895e-02   -4.6707940102e+00
    1.5429503284e-02   -4.6766810417e+00
    1.5439233743e-02   -4.6825776100e+00
    1.5448965132e-02   -4.6884837151e+00
    1.5459911898e-02   -4.6951398849e+00
    1.5469643287e-02   -4.7010674477e+00
    1.5479374677e-02   -4.7070055008e+00
    1.5489105135e-02   -4.7129545212e+00
    1.5498836525e-02   -4.7189145088e+00
    1.5509784222e-02   -4.7256326675e+00
    1.5519514680e-02   -4.7316174507e+00
    1.5529246069e-02   -4.7376146317e+00
    1.5538976528e-02   -4.7436246872e+00
    1.5549924225e-02   -4.7504014969e+00
    1.5559655614e-02   -4.7564382553e+00
    1.5569386072e-02   -4.7624874115e+00
    1.5579117462e-02   -4.7685489655e+00
    1.5588848852e-02   -4.7746229172e+00
    1.5599795617e-02   -4.7814698219e+00
    1.5609527007e-02   -4.7875680923e+00
    1.5619258396e-02   -4.7936773300e+00
    1.5628987923e-02   -4.7997961044e+00
    1.5639936551e-02   -4.8066916466e+00
    1.5649667010e-02   -4.8128294945e+00
    1.5659397468e-02   -4.8189749718e+00
    1.5669129789e-02   -4.8251266479e+00
    1.5678860247e-02   -4.8312845230e+00
    1.5689807013e-02   -4.8382205963e+00
    1.5699282289e-02   -4.8442277908e+00
    1.5709374100e-02   -4.8506298065e+00
    1.5719467774e-02   -4.8570380211e+00
    1.5729559585e-02   -4.8634562492e+00
    1.5739651397e-02   -4.8698840141e+00
    1.5749745071e-02   -4.8763198853e+00
    1.5759836882e-02   -4.8827633858e+00
    1.5769930556e-02   -4.8892121315e+00
    1.5779105946e-02   -4.8950791359e+00
    1.5789197758e-02   -4.9015374184e+00
    1.5799291432e-02   -4.9080018997e+00
    1.5809383243e-02   -4.9144735336e+00
    1.5819476917e-02   -4.9209523201e+00
    1.5829568729e-02   -4.9274387360e+00
    1.5839660540e-02   -4.9339308739e+00
    1.5849754214e-02   -4.9404292107e+00
    1.5859846026e-02   -4.9469318390e+00
    1.5869939700e-02   -4.9534397125e+00
    1.5879115090e-02   -4.9593596458e+00
    1.5889206901e-02   -4.9658756256e+00
    1.5899300575e-02   -4.9723949432e+00
    1.5909392387e-02   -4.9789175987e+00
    1.5919484198e-02   -4.9854435921e+00
    1.5929577872e-02   -4.9919719696e+00
    1.5939669684e-02   -4.9985032082e+00
    1.5949763358e-02   -5.0050363541e+00
    1.5959855169e-02   -5.0115699768e+00
    1.5969948843e-02   -5.0181045532e+00
    1.5979124233e-02   -5.0240459442e+00
    1.5989216045e-02   -5.0305843353e+00
    1.5999307856e-02   -5.0371241570e+00
    1.6009401530e-02   -5.0436668396e+00
    1.6019493341e-02   -5.0502133369e+00
    1.6029587016e-02   -5.0567636490e+00
    1.6039678827e-02   -5.0633182526e+00
    1.6049772501e-02   -5.0698771477e+00
    1.6059864312e-02   -5.0764393806e+00
    1.6069957986e-02   -5.0830049515e+00
    1.6079131514e-02   -5.0889759064e+00
    1.6089225188e-02   -5.0955471992e+00
    1.6099316999e-02   -5.1021218300e+00
    1.6109410673e-02   -5.1087002754e+00
    1.6119735315e-02   -5.1154336929e+00
    1.6129376367e-02   -5.1217246056e+00
    1.6139980406e-02   -5.1286482811e+00
    1.6149619594e-02   -5.1349444389e+00
    1.6159260646e-02   -5.1412420273e+00
    1.6169864684e-02   -5.1481709480e+00
    1.6179503873e-02   -5.1544718742e+00
    1.6189144924e-02   -5.1607751846e+00
    1.6199748963e-02   -5.1677126884e+00
    1.6209388152e-02   -5.1740221977e+00
    1.6219992191e-02   -5.1809649467e+00
    1.6229633242e-02   -5.1872787476e+00
    1.6239272431e-02   -5.1935949326e+00
    1.6249876469e-02   -5.2005453110e+00
    1.6259517521e-02   -5.2068672180e+00
    1.6269156709e-02   -5.2131934166e+00
    1.6279760748e-02   -5.2201576233e+00
    1.6289401799e-02   -5.2264933586e+00
    1.6299040988e-02   -5.2328343391e+00
    1.6309645027e-02   -5.2398147583e+00
    1.6319286078e-02   -5.2461647987e+00
    1.6329890117e-02   -5.2531542778e+00
    1.6339529306e-02   -5.2595119476e+00
    1.6349170357e-02   -5.2658739090e+00
    1.6359774396e-02   -5.2728757858e+00
    1.6369413584e-02   -5.2792439461e+00
    1.6379054636e-02   -5.2856154442e+00
    1.6389658675e-02   -5.2926263809e+00
    1.6399297863e-02   -5.2990026474e+00
    1.6409901902e-02   -5.3060188293e+00
    1.6419542953e-02   -5.3123998642e+00
    1.6429182142e-02   -5.3187828064e+00
    1.6439786181e-02   -5.3258066177e+00
    1.6449427232e-02   -5.3321933746e+00
    1.6459066421e-02   -5.3385820389e+00
    1.6469670460e-02   -5.3456110954e+00
    1.6479948536e-02   -5.3524255753e+00
    1.6489123926e-02   -5.3585085869e+00
    1.6499217600e-02   -5.3652014732e+00
    1.6509309411e-02   -5.3718957901e+00
    1.6519403085e-02   -5.3785924911e+00
    1.6529494897e-02   -5.3852910995e+00
    1.6539586708e-02   -5.3919916153e+00
    1.6549680382e-02   -5.3986940384e+00
    1.6559772193e-02   -5.4053974152e+00
    1.6569865867e-02   -5.4121012688e+00
    1.6579957679e-02   -5.4188070297e+00
    1.6589133069e-02   -5.4249038696e+00
    1.6599226743e-02   -5.4316115379e+00
    1.6609318554e-02   -5.4383201599e+00
    1.6619410366e-02   -5.4450292587e+00
    1.6629504040e-02   -5.4517388344e+00
    1.6639595851e-02   -5.4584484100e+00
    1.6649689525e-02   -5.4651579857e+00
    1.6659781337e-02   -5.4718675613e+00
    1.6669189557e-02   -5.4781208038e+00
    1.6679793596e-02   -5.4851698875e+00
    1.6689432785e-02   -5.4915771484e+00
    1.6699073836e-02   -5.4979825020e+00
    1.6709677875e-02   -5.5050253868e+00
    1.6719317064e-02   -5.5114250183e+00
    1.6729876399e-02   -5.5184302330e+00
    1.6739968210e-02   -5.5251226425e+00
    1.6749143600e-02   -5.5312027931e+00
    1.6759235412e-02   -5.5378875732e+00
    1.6769329086e-02   -5.5445685387e+00
    1.6779420897e-02   -5.5512456894e+00
    1.6789514571e-02   -5.5579175949e+00
    1.6799606383e-02   -5.5645847321e+00
    1.6809700057e-02   -5.5712461472e+00
    1.6819791868e-02   -5.5779013634e+00
    1.6829883680e-02   -5.5845503807e+00
    1.6839977354e-02   -5.5911931992e+00
    1.6849152744e-02   -5.5972266197e+00
    1.6859244555e-02   -5.6038560867e+00
    1.6869338229e-02   -5.6104788780e+00
    1.6879430041e-02   -5.6170935631e+00
    1.6889523715e-02   -5.6237001419e+00
    1.6899615526e-02   -5.6302990913e+00
    1.6909707338e-02   -5.6368904114e+00
    1.6919115558e-02   -5.6430282593e+00
    1.6929719597e-02   -5.6499404907e+00
    1.6939360648e-02   -5.6562190056e+00
    1.6949964687e-02   -5.6631183624e+00
    1.6959603876e-02   -5.6693835258e+00
    1.6969244927e-02   -5.6756424904e+00
    1.6979848966e-02   -5.6825203896e+00
    1.6989488155e-02   -5.6887650490e+00
    1.6999129206e-02   -5.6950020790e+00
    1.7009733245e-02   -5.7018547058e+00
    1.7019372433e-02   -5.7080755234e+00
    1.7029976472e-02   -5.7149081230e+00
    1.7039617524e-02   -5.7211093903e+00
    1.7049256712e-02   -5.7273011208e+00
    1.7059860751e-02   -5.7341017723e+00
    1.7069501802e-02   -5.7402758598e+00
    1.7079140991e-02   -5.7464432716e+00
    1.7089745030e-02   -5.7532172203e+00
    1.7099386081e-02   -5.7593679428e+00
    1.7109990120e-02   -5.7661271095e+00
    1.7119629309e-02   -5.7722635269e+00
    1.7129270360e-02   -5.7783856392e+00
    1.7139874399e-02   -5.7851061821e+00
    1.7149513587e-02   -5.7912034988e+00
    1.7159154639e-02   -5.7972855568e+00
    1.7169758677e-02   -5.8039541245e+00
    1.7179397866e-02   -5.8099994659e+00
    1.7189038917e-02   -5.8160352707e+00
    1.7199642956e-02   -5.8226704597e+00
    1.7209282145e-02   -5.8287000656e+00
    1.7219886184e-02   -5.8353285789e+00
    1.7229527235e-02   -5.8413443565e+00
    1.7239166424e-02   -5.8473439217e+00
    1.7249770463e-02   -5.8539261818e+00
    1.7259411514e-02   -5.8598942757e+00
    1.7269050702e-02   -5.8658332825e+00
    1.7279654741e-02   -5.8723335266e+00
    1.7289295793e-02   -5.8782286644e+00
    1.7299899831e-02   -5.8846888542e+00
    1.7309539020e-02   -5.8905277252e+00
    1.7319772393e-02   -5.8966979980e+00
    1.7329864204e-02   -5.9027662277e+00
    1.7339225858e-02   -5.9083814621e+00
    1.7349829897e-02   -5.9147319794e+00
    1.7359469086e-02   -5.9204940796e+00
    1.7369110137e-02   -5.9262447357e+00
    1.7379714176e-02   -5.9325594902e+00
    1.7389353365e-02   -5.9382867813e+00
    1.7399957404e-02   -5.9445576668e+00
    1.7409184948e-02   -5.9499855042e+00
    1.7419788986e-02   -5.9561882019e+00
    1.7429430038e-02   -5.9617886543e+00
    1.7439069226e-02   -5.9673581123e+00
    1.7449533567e-02   -5.9733662605e+00
    1.7459627241e-02   -5.9791135788e+00
    1.7469719052e-02   -5.9848256111e+00
    1.7479812726e-02   -5.9905052185e+00
    1.7489904538e-02   -5.9961385727e+00
    1.7499998212e-02   -6.0017194748e+00
    1.7509171739e-02   -6.0067553520e+00
    1.7519265413e-02   -6.0122647285e+00
    1.7529357225e-02   -6.0177431107e+00
    1.7539450899e-02   -6.0231909752e+00
    1.7549542710e-02   -6.0285997391e+00
    1.7559636384e-02   -6.0339512825e+00
    1.7569728196e-02   -6.0392446518e+00
    1.7579821870e-02   -6.0444803238e+00
    1.7589913681e-02   -6.0496516228e+00
    1.7599089071e-02   -6.0542984009e+00
    1.7609180883e-02   -6.0593562126e+00
    1.7619274557e-02   -6.0643749237e+00
    1.7629366368e-02   -6.0693736076e+00
    1.7639460042e-02   -6.0743684769e+00
    1.7649551854e-02   -6.0793771744e+00
    1.7659645528e-02   -6.0843882561e+00
    1.7669737339e-02   -6.0893855095e+00
    1.7679829150e-02   -6.0943655968e+00
    1.7689922825e-02   -6.0993089676e+00
    1.7699098215e-02   -6.1037583351e+00
    1.7709190026e-02   -6.1086049080e+00
    1.7719283700e-02   -6.1134066582e+00
    1.7729375511e-02   -6.1181778908e+00
    1.7739469185e-02   -6.1229348183e+00
    1.7749560997e-02   -6.1276893616e+00
    1.7759652808e-02   -6.1324439049e+00
    1.7769746482e-02   -6.1371974945e+00
    1.7779838294e-02   -6.1419487000e+00
    1.7789931968e-02   -6.1466851234e+00
    1.7799107358e-02   -6.1509666443e+00
    1.7809199169e-02   -6.1556463242e+00
    1.7819292843e-02   -6.1602959633e+00
    1.7829384655e-02   -6.1649212837e+00
    1.7839476466e-02   -6.1695237160e+00
    1.7849570140e-02   -6.1741142273e+00
    1.7859661952e-02   -6.1786980629e+00
    1.7869755626e-02   -6.1832613945e+00
    1.7879847437e-02   -6.1877999306e+00
    1.7889941111e-02   -6.1923222542e+00
    1.7899116501e-02   -6.1964120865e+00
    1.7909208313e-02   -6.2008795738e+00
    1.7919300124e-02   -6.2053236961e+00
    1.7929393798e-02   -6.2097587585e+00
    1.7939485610e-02   -6.2141885757e+00
    1.7949579284e-02   -6.2186150551e+00
    1.7959857360e-02   -6.2231259346e+00
    1.7969498411e-02   -6.2273507118e+00
    1.7979137599e-02   -6.2315649986e+00
    1.7989741638e-02   -6.2361860275e+00
    1.7999382690e-02   -6.2403697968e+00
    1.8009986728e-02   -6.2449622154e+00
    1.8019625917e-02   -6.2491316795e+00
    1.8029266968e-02   -6.2532815933e+00
    1.8039871007e-02   -6.2578220367e+00
    1.8049510196e-02   -6.2619342804e+00
    1.8059151247e-02   -6.2660174370e+00
    1.8069755286e-02   -6.2704706192e+00
    1.8079394475e-02   -6.2744884491e+00
    1.8089998513e-02   -6.2788596153e+00
    1.8099639565e-02   -6.2828054428e+00
    1.8109278753e-02   -6.2867465019e+00
    1.8119882792e-02   -6.2910737991e+00
    1.8129523844e-02   -6.2949962616e+00
    1.8139163032e-02   -6.2989106178e+00
    1.8149767071e-02   -6.3032054901e+00
    1.8159408122e-02   -6.3070869446e+00
    1.8169047311e-02   -6.3109383583e+00
    1.8179651350e-02   -6.3151354790e+00
    1.8189245835e-02   -6.3189010620e+00
    1.8199337646e-02   -6.3228411674e+00
    1.8209431320e-02   -6.3267564774e+00
    1.8219523132e-02   -6.3306441307e+00
    1.8229614943e-02   -6.3345084190e+00
    1.8239708617e-02   -6.3383460045e+00
    1.8249800429e-02   -6.3421573639e+00
    1.8259894103e-02   -6.3459439278e+00
    1.8269985914e-02   -6.3496999741e+00
    1.8279161304e-02   -6.3530898094e+00
    1.8289254978e-02   -6.3567900658e+00
    1.8299346790e-02   -6.3604540825e+00
    1.8309438601e-02   -6.3640823364e+00
    1.8319532275e-02   -6.3676748276e+00
    1.8329624087e-02   -6.3712272644e+00
    1.8339717761e-02   -6.3747406006e+00
    1.8349809572e-02   -6.3782148361e+00
    1.8359903246e-02   -6.3816514015e+00
    1.8369995058e-02   -6.3850541115e+00
    1.8379170448e-02   -6.3881163597e+00
    1.8389262259e-02   -6.3914504051e+00
    1.8399355933e-02   -6.3947496414e+00
    1.8409447744e-02   -6.3980150223e+00
    1.8419541419e-02   -6.4012470245e+00
    1.8429633230e-02   -6.4044432640e+00
    1.8439726904e-02   -6.4076032639e+00
    1.8449818715e-02   -6.4107270241e+00
    1.8459912390e-02   -6.4138126373e+00
    1.8469085917e-02   -6.4165835381e+00
    1.8479179591e-02   -6.4195933342e+00
    1.8489271402e-02   -6.4225645065e+00
    1.8499365076e-02   -6.4254994392e+00
    1.8509456888e-02   -6.4283990860e+00
    1.8519550562e-02   -6.4312634468e+00
    1.8529642373e-02   -6.4340944290e+00
    1.8539736047e-02   -6.4368896484e+00
    1.8549827859e-02   -6.4396457672e+00
    1.8559921533e-02   -6.4423613548e+00
    1.8569095060e-02   -6.4447932243e+00
    1.8579188734e-02   -6.4474287033e+00
    1.8589280546e-02   -6.4500236511e+00
    1.8599374220e-02   -6.4525799751e+00
    1.8609466031e-02   -6.4550986290e+00
    1.8619559705e-02   -6.4575824738e+00
    1.8629651517e-02   -6.4600310326e+00
    1.8639745191e-02   -6.4624433517e+00
    1.8649837002e-02   -6.4648175240e+00
    1.8659928814e-02   -6.4671521187e+00
    1.8669104204e-02   -6.4692382812e+00
    1.8679197878e-02   -6.4714927673e+00
    1.8689289689e-02   -6.4737033844e+00
    1.8699383363e-02   -6.4758691788e+00
    1.8709475175e-02   -6.4779915810e+00
    1.8719568849e-02   -6.4800720215e+00
    1.8729660660e-02   -6.4821105003e+00
    1.8739752471e-02   -6.4841089249e+00
    1.8749846146e-02   -6.4860672951e+00
    1.8759937957e-02   -6.4879889488e+00
    1.8769113347e-02   -6.4897046089e+00
    1.8779207021e-02   -6.4915571213e+00
    1.8789298832e-02   -6.4933738708e+00
    1.8799392506e-02   -6.4951510429e+00
    1.8809484318e-02   -6.4968867302e+00
    1.8819576129e-02   -6.4985775948e+00
    1.8829669803e-02   -6.5002193451e+00
    1.8839761615e-02   -6.5018095970e+00
    1.8849855289e-02   -6.5033483505e+00
    1.8859947100e-02   -6.5048360825e+00
    1.8869122490e-02   -6.5061454773e+00
    1.8879216164e-02   -6.5075397491e+00
    1.8889307976e-02   -6.5088868141e+00
    1.8899399787e-02   -6.5101866722e+00
    1.8909493461e-02   -6.5114398003e+00
    1.8919585273e-02   -6.5126442909e+00
    1.8929678947e-02   -6.5137991905e+00
    1.8939770758e-02   -6.5149025917e+00
    1.8949864432e-02   -6.5159554482e+00
    1.8959956244e-02   -6.5169568062e+00
    1.8969131634e-02   -6.5178232193e+00
    1.8979223445e-02   -6.5187282562e+00
    1.8989317119e-02   -6.5195832253e+00
    1.8999408931e-02   -6.5203886032e+00
    1.9009502605e-02   -6.5211448669e+00
    1.9019594416e-02   -6.5218524933e+00
    1.9029688090e-02   -6.5225114822e+00
    1.9039779902e-02   -6.5231223106e+00
    1.9049873576e-02   -6.5236835480e+00
    1.9059965387e-02   -6.5241966248e+00
    1.9069140777e-02   -6.5246210098e+00
    1.9079232588e-02   -6.5250425339e+00
    1.9089326262e-02   -6.5254182816e+00
    1.9099418074e-02   -6.5257487297e+00
    1.9109511748e-02   -6.5260343552e+00
    1.9119603559e-02   -6.5262751579e+00
    1.9129697233e-02   -6.5264706612e+00
    1.9139965996e-02   -6.5266237259e+00
    1.9149698317e-02   -6.5267295837e+00
    1.9159430638e-02   -6.5267992020e+00
    1.9169811159e-02   -6.5268273354e+00
    1.9179543480e-02   -6.5268182755e+00
    1.9189924002e-02   -6.5267767906e+00
    1.9199656323e-02   -6.5266890526e+00
    1.9209388644e-02   -6.5265483856e+00
    1.9219771028e-02   -6.5263538361e+00
    1.9229503348e-02   -6.5261254311e+00
    1.9239883870e-02   -6.5258235931e+00
    1.9249616191e-02   -6.5254893303e+00
    1.9259996712e-02   -6.5250988007e+00
    1.9269729033e-02   -6.5247230530e+00
    1.9279461354e-02   -6.5243473053e+00
    1.9289841875e-02   -6.5239410400e+00
    1.9299574196e-02   -6.5235404968e+00
    1.9309956580e-02   -6.5230836868e+00
    1.9319687039e-02   -6.5226235390e+00
    1.9329419360e-02   -6.5221252441e+00
    1.9339801744e-02   -6.5215458870e+00
    1.9349534065e-02   -6.5209550858e+00
    1.9359914586e-02   -6.5202860832e+00
    1.9369646907e-02   -6.5196385384e+00
    1.9379379228e-02   -6.5189738274e+00
    1.9389759749e-02   -6.5182461739e+00
    1.9399492070e-02   -6.5175457001e+00
    1.9409872591e-02   -6.5167727470e+00
    1.9419604912e-02   -6.5160193443e+00
    1.9429987296e-02   -6.5151796341e+00
    1.9439717755e-02   -6.5143580437e+00
    1.9449450076e-02   -6.5135083199e+00
    1.9459832460e-02   -6.5125732422e+00
    1.9469564781e-02   -6.5116677284e+00
    1.9479945302e-02   -6.5106806755e+00
    1.9489677623e-02   -6.5097351074e+00
    1.9499409944e-02   -6.5087566376e+00
    1.9509790465e-02   -6.5076661110e+00
    1.9519522786e-02   -6.5066018105e+00
    1.9529903308e-02   -6.5054235458e+00
    1.9539635628e-02   -6.5042743683e+00
    1.9549367949e-02   -6.5030770302e+00
    1.9559750333e-02   -6.5017609596e+00
    1.9569480792e-02   -6.5005159378e+00
    1.9579863176e-02   -6.4991979599e+00
    1.9589595497e-02   -6.4979786873e+00
    1.9599976018e-02   -6.4966812134e+00
    1.9609708339e-02   -6.4954528809e+00
    1.9619440660e-02   -6.4941997528e+00
    1.9629821181e-02   -6.4928245544e+00
    1.9639553502e-02   -6.4914908409e+00
    1.9649934024e-02   -6.4900131226e+00
    1.9659666345e-02   -6.4885821342e+00
    1.9669398665e-02   -6.4871206284e+00
    1.9679781049e-02   -6.4855413437e+00
    1.9689511508e-02   -6.4840474129e+00
    1.9699893892e-02   -6.4824404716e+00
    1.9709626213e-02   -6.4809193611e+00
    1.9719358534e-02   -6.4793825150e+00
    1.9729739055e-02   -6.4777183533e+00
    1.9739471376e-02   -6.4761304855e+00
    1.9749851897e-02   -6.4744105339e+00
    1.9759584218e-02   -6.4727668762e+00
    1.9769964740e-02   -6.4709739685e+00
    1.9779697061e-02   -6.4692587852e+00
    1.9789429381e-02   -6.4675092697e+00
    1.9799811766e-02   -6.4655981064e+00
    1.9809542224e-02   -6.4637598991e+00
    1.9819924608e-02   -6.4617538452e+00
    1.9829656929e-02   -6.4598422050e+00
    1.9839389250e-02   -6.4579119682e+00
    1.9849769771e-02   -6.4558386803e+00
    1.9859502092e-02   -6.4538817406e+00
    1.9869882613e-02   -6.4517760277e+00
    1.9879614934e-02   -6.4497871399e+00
    1.9889995456e-02   -6.4476509094e+00
    1.9899727777e-02   -6.4456324577e+00
    1.9909460098e-02   -6.4435944557e+00
    1.9919842482e-02   -6.4413919449e+00
    1.9929574803e-02   -6.4393005371e+00
    1.9939955324e-02   -6.4370403290e+00
    1.9949687645e-02   -6.4348897934e+00
    1.9959419966e-02   -6.4327073097e+00
    1.9969800487e-02   -6.4303421974e+00
    1.9979532808e-02   -6.4280939102e+00
    1.9989913329e-02   -6.4256672859e+00
    1.9999645650e-02   -6.4233679771e+00
    2.0009377971e-02   -6.4210476875e+00
    2.0019758493e-02   -6.4185509682e+00
    2.0029490814e-02   -6.4161915779e+00
    2.0039873198e-02   -6.4136543274e+00
    2.0049605519e-02   -6.4112544060e+00
    2.0059986040e-02   -6.4086656570e+00
    2.0069718361e-02   -6.4062070847e+00
    2.0079450682e-02   -6.4037137032e+00
    2.0089831203e-02   -6.4010148048e+00
    2.0099563524e-02   -6.3984484673e+00
    2.0109944046e-02   -6.3956727982e+00
    2.0119676366e-02   -6.3930339813e+00
    2.0129408687e-02   -6.3903617859e+00
    2.0139789209e-02   -6.3874783516e+00
    2.0149521530e-02   -6.3847484589e+00
    2.0159903914e-02   -6.3818135262e+00
    2.0169636235e-02   -6.3790431023e+00
    2.0179366693e-02   -6.3762540817e+00
    2.0189749077e-02   -6.3732571602e+00
    2.0199481398e-02   -6.3704276085e+00
    2.0209861919e-02   -6.3673844337e+00
    2.0219594240e-02   -6.3645052910e+00
    2.0229974762e-02   -6.3614053726e+00
    2.0239707083e-02   -6.3584680557e+00
    2.0249439403e-02   -6.3555006981e+00
    2.0259819925e-02   -6.3523030281e+00
    2.0269552246e-02   -6.3492717743e+00
    2.0279934630e-02   -6.3460001945e+00
    2.0289666951e-02   -6.3428988457e+00
    2.0299399272e-02   -6.3397693634e+00
    2.0309779793e-02   -6.3364033699e+00
    2.0319512114e-02   -6.3332219124e+00
    2.0329892635e-02   -6.3298010826e+00
    2.0339624956e-02   -6.3265709877e+00
    2.0349357277e-02   -6.3233227730e+00
    2.0359737799e-02   -6.3198366165e+00
    2.0369470119e-02   -6.3165402412e+00
    2.0379850641e-02   -6.3129816055e+00
    2.0389582962e-02   -6.3096008301e+00
    2.0399965346e-02   -6.3059549332e+00
    2.0409697667e-02   -6.3025059700e+00
    2.0419429988e-02   -6.2990260124e+00
    2.0429810509e-02   -6.2952828407e+00
    2.0439542830e-02   -6.2917532921e+00
    2.0449923351e-02   -6.2879753113e+00
    2.0459655672e-02   -6.2844161987e+00
    2.0469387993e-02   -6.2808318138e+00
    2.0479768515e-02   -6.2769794464e+00
    2.0489500836e-02   -6.2733473778e+00
    2.0499881357e-02   -6.2694554329e+00
    2.0509613678e-02   -6.2657856941e+00
    2.0519996062e-02   -6.2618503571e+00
    2.0529728383e-02   -6.2581424713e+00
    2.0539460704e-02   -6.2544131279e+00
    2.0549841225e-02   -6.2504148483e+00
    2.0559573546e-02   -6.2466440201e+00
    2.0569954067e-02   -6.2425923347e+00
    2.0579686388e-02   -6.2387666702e+00
    2.0589418709e-02   -6.2349138260e+00
    2.0599799231e-02   -6.2307772636e+00
    2.0609531552e-02   -6.2268772125e+00
    2.0619912073e-02   -6.2226991653e+00
    2.0629644394e-02   -6.2187614441e+00
    2.0639376715e-02   -6.2148056030e+00
    2.0649759099e-02   -6.2105712891e+00
    2.0659491420e-02   -6.2065892220e+00
    2.0669871941e-02   -6.2023324966e+00
    2.0679734647e-02   -6.1982808113e+00
    2.0689960569e-02   -6.1940703392e+00
    2.0699504763e-02   -6.1901335716e+00
    2.0709730685e-02   -6.1859025955e+00
    2.0719954744e-02   -6.1816444397e+00
    2.0729498938e-02   -6.1776390076e+00
    2.0739724860e-02   -6.1733145714e+00
    2.0749950781e-02   -6.1689672470e+00
    2.0759493113e-02   -6.1648955345e+00
    2.0769719034e-02   -6.1605234146e+00
    2.0779944956e-02   -6.1561455727e+00
    2.0789489150e-02   -6.1520571709e+00
    2.0799713209e-02   -6.1476769447e+00
    2.0809939131e-02   -6.1432924271e+00
    2.0819483325e-02   -6.1391930580e+00
    2.0829709247e-02   -6.1347885132e+00
    2.0839933306e-02   -6.1303682327e+00
    2.0849477500e-02   -6.1262283325e+00
    2.0859703422e-02   -6.1217799187e+00
    2.0869929343e-02   -6.1173205376e+00
    2.0879471675e-02   -6.1131505966e+00
    2.0889697596e-02   -6.1086740494e+00
    2.0899923518e-02   -6.1041870117e+00
    2.0909467712e-02   -6.0999870300e+00
    2.0919691771e-02   -6.0954742432e+00
    2.0929917693e-02   -6.0909500122e+00
    2.0939461887e-02   -6.0867142677e+00
    2.0949687809e-02   -6.0821642876e+00
    2.0959911868e-02   -6.0776104927e+00
    2.0969456062e-02   -6.0733594894e+00
    2.0979681984e-02   -6.0687990189e+00
    2.0989907905e-02   -6.0642347336e+00
    2.0999450237e-02   -6.0599741936e+00
    2.1009676158e-02   -6.0554094315e+00
    2.1019902080e-02   -6.0508351326e+00
    2.1029446274e-02   -6.0465416908e+00
    2.1039215848e-02   -6.0421161652e+00
    2.1049309522e-02   -6.0375142097e+00
    2.1059401333e-02   -6.0328893661e+00
    2.1069493145e-02   -6.0282506943e+00
    2.1079586819e-02   -6.0236067772e+00
    2.1089678630e-02   -6.0189599991e+00
    2.1099772304e-02   -6.0143165588e+00
    2.1109864116e-02   -6.0096778870e+00
    2.1119957790e-02   -6.0050358772e+00
    2.1129133180e-02   -6.0008015633e+00
    2.1139224991e-02   -5.9961237907e+00
    2.1149495617e-02   -5.9913525581e+00
    2.1159876138e-02   -5.9865236282e+00
    2.1169608459e-02   -5.9819869995e+00
    2.1179988980e-02   -5.9771351814e+00
    2.1189721301e-02   -5.9725856781e+00
    2.1199453622e-02   -5.9680380821e+00
    2.1209834144e-02   -5.9631776810e+00
    2.1219566464e-02   -5.9586062431e+00
    2.1229946986e-02   -5.9537172318e+00
    2.1239679307e-02   -5.9491209984e+00
    2.1249411628e-02   -5.9445161819e+00
    2.1259794012e-02   -5.9395961761e+00
    2.1269526333e-02   -5.9349751472e+00
    2.1279906854e-02   -5.9300417900e+00
    2.1289639175e-02   -5.9254159927e+00
    2.1299371496e-02   -5.9207887650e+00
    2.1309752017e-02   -5.9158501625e+00
    2.1319484338e-02   -5.9112181664e+00
    2.1329864860e-02   -5.9062714577e+00
    2.1339597180e-02   -5.9016256332e+00
    2.1349977702e-02   -5.8966612816e+00
    2.1359710023e-02   -5.8919997215e+00
    2.1369442344e-02   -5.8873286247e+00
    2.1379824728e-02   -5.8823399544e+00
    2.1389557049e-02   -5.8776636124e+00
    2.1399937570e-02   -5.8726768494e+00
    2.1409669891e-02   -5.8680014610e+00
    2.1419402212e-02   -5.8633227348e+00
    2.1429782733e-02   -5.8583312035e+00
    2.1439515054e-02   -5.8536529541e+00
    2.1449895576e-02   -5.8486657143e+00
    2.1459627897e-02   -5.8439879417e+00
    2.1469360217e-02   -5.8393011093e+00
    2.1479740739e-02   -5.8342895508e+00
    2.1489473060e-02   -5.8295807838e+00
    2.1499855444e-02   -5.8245496750e+00
    2.1509587765e-02   -5.8198261261e+00
    2.1519968286e-02   -5.8147821426e+00
    2.1529700607e-02   -5.8100514412e+00
    2.1539432928e-02   -5.8053212166e+00
    2.1549813449e-02   -5.8002762794e+00
    2.1559545770e-02   -5.7955460548e+00
    2.1569926292e-02   -5.7904963493e+00
    2.1579658613e-02   -5.7857589722e+00
    2.1589390934e-02   -5.7810201645e+00
    2.1599771455e-02   -5.7759618759e+00
    2.1609503776e-02   -5.7712135315e+00
    2.1619886160e-02   -5.7661452293e+00
    2.1629618481e-02   -5.7613925934e+00
    2.1639999002e-02   -5.7563195229e+00
    2.1649731323e-02   -5.7515583038e+00
    2.1659463644e-02   -5.7467918396e+00
    2.1669844165e-02   -5.7416996956e+00
    2.1679576486e-02   -5.7369165421e+00
    2.1689957008e-02   -5.7318043709e+00
    2.1699689329e-02   -5.7270035744e+00
    2.1709421650e-02   -5.7221965790e+00
    2.1719802171e-02   -5.7170653343e+00
    2.1729534492e-02   -5.7122521400e+00
    2.1739916876e-02   -5.7071146965e+00
    2.1749649197e-02   -5.7022948265e+00
    2.1759381518e-02   -5.6974725723e+00
    2.1769762039e-02   -5.6923260689e+00
    2.1779494360e-02   -5.6874976158e+00
    2.1789874882e-02   -5.6823410988e+00
    2.1799607202e-02   -5.6775016785e+00
    2.1809987724e-02   -5.6723351479e+00
    2.1819720045e-02   -5.6674876213e+00
    2.1829452366e-02   -5.6626367569e+00
    2.1839832887e-02   -5.6574611664e+00
    2.1849565208e-02   -5.6526079178e+00
    2.1859947592e-02   -5.6474294662e+00
    2.1869679913e-02   -5.6425724030e+00
    2.1879412234e-02   -5.6377115250e+00
    2.1889792755e-02   -5.6325192451e+00
    2.1899525076e-02   -5.6276459694e+00
    2.1909905598e-02   -5.6224427223e+00
    2.1919637918e-02   -5.6175613403e+00
    2.1929370239e-02   -5.6126780510e+00
    2.1939750761e-02   -5.6074671745e+00
    2.1949483082e-02   -5.6025791168e+00
    2.1959863603e-02   -5.5973653793e+00
    2.1969595924e-02   -5.5924773216e+00
    2.1979978308e-02   -5.5872626305e+00
    2.1989710629e-02   -5.5823717117e+00
    2.1999442950e-02   -5.5774784088e+00
    2.2009823471e-02   -5.5722560883e+00
    2.2019555792e-02   -5.5673575401e+00
    2.2029936314e-02   -5.5621299744e+00
    2.2039668635e-02   -5.5572295189e+00
    2.2049400955e-02   -5.5523304939e+00
    2.2059781477e-02   -5.5471081734e+00
    2.2069513798e-02   -5.5422163010e+00
    2.2079894319e-02   -5.5369997025e+00
    2.2089626640e-02   -5.5321102142e+00
    2.2099358961e-02   -5.5272202492e+00
    2.2109741345e-02   -5.5220031738e+00
    2.2119473666e-02   -5.5171117783e+00
    2.2129854187e-02   -5.5118942261e+00
    2.2139586508e-02   -5.5070042610e+00
    2.2149967030e-02   -5.5017905235e+00
    2.2159699351e-02   -5.4969067574e+00
    2.2169431672e-02   -5.4920268059e+00
    2.2179812193e-02   -5.4868245125e+00
    2.2189544514e-02   -5.4819493294e+00
    2.2199926898e-02   -5.4767513275e+00
    2.2209657356e-02   -5.4718794823e+00
    2.2219389677e-02   -5.4670095444e+00
    2.2229772061e-02   -5.4618177414e+00
    2.2239504382e-02   -5.4569535255e+00
    2.2249884903e-02   -5.4517688751e+00
    2.2259617224e-02   -5.4469122887e+00
    2.2269997746e-02   -5.4417357445e+00
    2.2279730067e-02   -5.4368858337e+00
    2.2289462388e-02   -5.4320406914e+00
    2.2299842909e-02   -5.4268770218e+00
    2.2309575230e-02   -5.4220404625e+00
    2.2319957614e-02   -5.4168868065e+00
    2.2329688072e-02   -5.4120593071e+00
    2.2339420393e-02   -5.4072365761e+00
    2.2349802777e-02   -5.4020981789e+00
    2.2359535098e-02   -5.3972873688e+00
    2.2369915619e-02   -5.3921642303e+00
    2.2379647940e-02   -5.3873682022e+00
    2.2389380261e-02   -5.3825788498e+00
    2.2399760783e-02   -5.3774771690e+00
    2.2409493104e-02   -5.3727016449e+00
    2.2419873625e-02   -5.3676156998e+00
    2.2429605946e-02   -5.3628544807e+00
    2.2439988330e-02   -5.3577842712e+00
    2.2449718788e-02   -5.3530378342e+00
    2.2459451109e-02   -5.3482995033e+00
    2.2469833493e-02   -5.3432540894e+00
    2.2479565814e-02   -5.3385329247e+00
    2.2489946336e-02   -5.3335056305e+00
    2.2499678656e-02   -5.3288011551e+00
    2.2509410977e-02   -5.3241052628e+00
    2.2519791499e-02   -5.3191056252e+00
    2.2529523820e-02   -5.3144283295e+00
    2.2539904341e-02   -5.3094487190e+00
    2.2549636662e-02   -5.3047900200e+00
    2.2559368983e-02   -5.3001403809e+00
    2.2569751367e-02   -5.2951903343e+00
    2.2579481825e-02   -5.2905583382e+00
    2.2589864209e-02   -5.2856264114e+00
    2.2599596530e-02   -5.2810115814e+00
    2.2609977052e-02   -5.2760977745e+00
    2.2619709373e-02   -5.2714991570e+00
    2.2629441693e-02   -5.2669081688e+00
    2.2639822215e-02   -5.2620191574e+00
    2.2649554536e-02   -5.2574429512e+00
    2.2659935057e-02   -5.2525701523e+00
    2.2669667378e-02   -5.2480092049e+00
    2.2679399699e-02   -5.2434568405e+00
    2.2689782083e-02   -5.2386093140e+00
    2.2699512541e-02   -5.2340731621e+00
    2.2709894925e-02   -5.2292432785e+00
    2.2719627246e-02   -5.2247228622e+00
    2.2729359567e-02   -5.2202100754e+00
    2.2739740089e-02   -5.2154045105e+00
    2.2749472409e-02   -5.2109069824e+00
    2.2759852931e-02   -5.2061171532e+00
    2.2769585252e-02   -5.2016344070e+00
    2.2779965773e-02   -5.1968603134e+00
    2.2789698094e-02   -5.1923923492e+00
    2.2799430415e-02   -5.1879324913e+00
    2.2809812799e-02   -5.1831831932e+00
    2.2819543257e-02   -5.1787390709e+00
    2.2829925641e-02   -5.1740074158e+00
    2.2839657962e-02   -5.1695804596e+00
    2.2849390283e-02   -5.1651606560e+00
    2.2859770805e-02   -5.1604552269e+00
    2.2869503126e-02   -5.1560516357e+00
    2.2879883647e-02   -5.1513628960e+00
    2.2889615968e-02   -5.1469745636e+00
    2.2899996489e-02   -5.1423020363e+00
    2.2909728810e-02   -5.1379289627e+00
    2.2919461131e-02   -5.1335635185e+00
    2.2929843515e-02   -5.1289162636e+00
    2.2939575836e-02   -5.1245670319e+00
    2.2949956357e-02   -5.1199369431e+00
    2.2959688678e-02   -5.1156044006e+00
    2.2969420999e-02   -5.1112799644e+00
    2.2979801521e-02   -5.1066765785e+00
    2.2989533842e-02   -5.1023693085e+00
    2.2999914363e-02   -5.0977840424e+00
    2.3009646684e-02   -5.0934944153e+00
    2.3019379005e-02   -5.0892138481e+00
    2.3029759526e-02   -5.0846576691e+00
    2.3039491847e-02   -5.0803956985e+00
    2.3049874231e-02   -5.0758595467e+00
    2.3059606552e-02   -5.0716161728e+00
    2.3069987074e-02   -5.0671005249e+00
    2.3079719394e-02   -5.0628757477e+00
    2.3089451715e-02   -5.0586605072e+00
    2.3099832237e-02   -5.0541739464e+00
    2.3109564558e-02   -5.0499763489e+00
    2.3119945079e-02   -5.0455088615e+00
    2.3129677400e-02   -5.0413289070e+00
    2.3139409721e-02   -5.0371575356e+00
    2.3149790242e-02   -5.0327167511e+00
    2.3159522563e-02   -5.0285625458e+00
    2.3169904947e-02   -5.0241398811e+00
    2.3179637268e-02   -5.0200028419e+00
    2.3189367726e-02   -5.0158748627e+00
    2.3199750111e-02   -5.0114808083e+00
    2.3209482431e-02   -5.0073714256e+00
    2.3219862953e-02   -5.0029978752e+00
    2.3229595274e-02   -4.9989075661e+00
    2.3239975795e-02   -4.9945545197e+00
    2.3249095306e-02   -4.9907398224e+00
    2.3259365931e-02   -4.9864506721e+00
    2.3269746453e-02   -4.9821271896e+00
    2.3279478773e-02   -4.9780840874e+00
    2.3289859295e-02   -4.9737806320e+00
    2.3299358785e-02   -4.9698505402e+00
    2.3309800774e-02   -4.9655318260e+00
    2.3319533095e-02   -4.9615077972e+00
    2.3329263553e-02   -4.9574894905e+00
    2.3338995874e-02   -4.9534821510e+00
    2.3349942639e-02   -4.9489870071e+00
    2.3359674960e-02   -4.9450025558e+00
    2.3369405419e-02   -4.9410271645e+00
    2.3379137740e-02   -4.9370594025e+00
    2.3388868198e-02   -4.9330983162e+00
    2.3399816826e-02   -4.9286513329e+00
    2.3409547284e-02   -4.9247078896e+00
    2.3419279605e-02   -4.9207744598e+00
    2.3429010063e-02   -4.9168519974e+00
    2.3439958692e-02   -4.9124512672e+00
    2.3449689150e-02   -4.9085497856e+00
    2.3459419608e-02   -4.9046568871e+00
    2.3469151929e-02   -4.9007716179e+00
    2.3478882387e-02   -4.8968930244e+00
    2.3489831015e-02   -4.8925371170e+00
    2.3499561474e-02   -4.8886737823e+00
    2.3509293795e-02   -4.8848195076e+00
    2.3519024253e-02   -4.8809752464e+00
    2.3529971018e-02   -4.8766636848e+00
    2.3539703339e-02   -4.8728427887e+00
    2.3549433798e-02   -4.8690338135e+00
    2.3559166119e-02   -4.8652353287e+00
    2.3568896577e-02   -4.8614473343e+00
    2.3579843342e-02   -4.8571996689e+00
    2.3589575663e-02   -4.8534355164e+00
    2.3599306121e-02   -4.8496828079e+00
    2.3609036580e-02   -4.8459396362e+00
    2.3619985208e-02   -4.8417420387e+00
    2.3629715666e-02   -4.8380241394e+00
    2.3639447987e-02   -4.8343200684e+00
    2.3649178445e-02   -4.8306293488e+00
    2.3658908904e-02   -4.8269529343e+00
    2.3669857532e-02   -4.8228340149e+00
    2.3679587990e-02   -4.8191881180e+00
    2.3689318448e-02   -4.8155565262e+00
    2.3699050769e-02   -4.8119387627e+00
    2.3709997535e-02   -4.8078866005e+00
    2.3719727993e-02   -4.8043022156e+00
    2.3729458451e-02   -4.8007364273e+00
    2.3739190772e-02   -4.7971897125e+00
    2.3748921230e-02   -4.7936625481e+00
    2.3759867996e-02   -4.7897167206e+00
    2.3769600317e-02   -4.7862291336e+00
    2.3779330775e-02   -4.7827606201e+00
    2.3789061233e-02   -4.7793140411e+00
    2.3798791692e-02   -4.7758889198e+00
    2.3809740320e-02   -4.7720627785e+00
    2.3819470778e-02   -4.7686853409e+00
    2.3829201236e-02   -4.7653317451e+00
    2.3838933557e-02   -4.7620019913e+00
    2.3849880323e-02   -4.7582850456e+00
    2.3859610781e-02   -4.7550067902e+00
    2.3869341239e-02   -4.7517528534e+00
    2.3879073560e-02   -4.7485237122e+00
    2.3888804018e-02   -4.7453198433e+00
    2.3899750784e-02   -4.7417469025e+00
    2.3909483105e-02   -4.7385983467e+00
    2.3919213563e-02   -4.7354745865e+00
    2.3928944021e-02   -4.7323751450e+00
    2.3939890787e-02   -4.7289171219e+00
    2.3949623108e-02   -4.7258691788e+00
    2.3959353566e-02   -4.7228446007e+00
    2.3969084024e-02   -4.7198424339e+00
    2.3978816345e-02   -4.7168617249e+00
    2.3989763111e-02   -4.7135357857e+00
    2.3999493569e-02   -4.7106051445e+00
    2.4009224027e-02   -4.7076988220e+00
    2.4018956348e-02   -4.7048168182e+00
    2.4029903114e-02   -4.7016010284e+00
    2.4039633572e-02   -4.6987662315e+00
    2.4049365893e-02   -4.6959543228e+00
    2.4059096351e-02   -4.6931657791e+00
    2.4068826810e-02   -4.6904015541e+00
    2.4079773575e-02   -4.6873188019e+00
    2.4089505896e-02   -4.6846027374e+00
    2.4099236354e-02   -4.6819086075e+00
    2.4108966812e-02   -4.6792364120e+00
    2.4119915441e-02   -4.6762547493e+00
    2.4129645899e-02   -4.6736235619e+00
    2.4139376357e-02   -4.6710095406e+00
    2.4149108678e-02   -4.6684107780e+00
    2.4158839136e-02   -4.6658277512e+00
    2.4169785902e-02   -4.6629400253e+00
    2.4179518223e-02   -4.6603884697e+00
    2.4189248681e-02   -4.6578512192e+00
    2.4198979139e-02   -4.6553273201e+00
    2.4209927768e-02   -4.6525053978e+00
    2.4219658226e-02   -4.6500124931e+00
    2.4229388684e-02   -4.6475324631e+00
    2.4239121005e-02   -4.6450653076e+00
    2.4248851463e-02   -4.6426095963e+00
    2.4259798229e-02   -4.6398611069e+00
    2.4269530550e-02   -4.6374316216e+00
    2.4279261008e-02   -4.6350159645e+00
    2.4288991466e-02   -4.6326131821e+00
    2.4299940094e-02   -4.6299252510e+00
    2.4309670553e-02   -4.6275477409e+00
    2.4319402874e-02   -4.6251821518e+00
    2.4329133332e-02   -4.6228284836e+00
    2.4338863790e-02   -4.6204857826e+00
    2.4349812418e-02   -4.6178627014e+00
    2.4359542876e-02   -4.6155419350e+00
    2.4369273335e-02   -4.6132307053e+00
    2.4379005656e-02   -4.6109304428e+00
    2.4389952421e-02   -4.6083559990e+00
    2.4399682879e-02   -4.6060795784e+00
    2.4409413338e-02   -4.6038150787e+00
    2.4419143796e-02   -4.6015620232e+00
    2.4428876117e-02   -4.5993208885e+00
    2.4439822882e-02   -4.5968136787e+00
    2.4449553341e-02   -4.5945959091e+00
    2.4459283799e-02   -4.5923886299e+00
    2.4469014257e-02   -4.5901913643e+00
    2.4479961023e-02   -4.5877318382e+00
    2.4489691481e-02   -4.5855574608e+00
    2.4499423802e-02   -4.5833950043e+00
    2.4509154260e-02   -4.5812454224e+00
    2.4518884718e-02   -4.5791082382e+00
    2.4529831484e-02   -4.5767207146e+00
    2.4539561942e-02   -4.5746135712e+00
    2.4549292400e-02   -4.5725216866e+00
    2.4559022859e-02   -4.5704460144e+00
    2.4569967762e-02   -4.5681300163e+00
    2.4579698220e-02   -4.5660891533e+00
    2.4589428678e-02   -4.5640664101e+00
    2.4599159136e-02   -4.5620622635e+00
    2.4608889595e-02   -4.5600771904e+00
    2.4619836360e-02   -4.5578665733e+00
    2.4629566818e-02   -4.5559220314e+00
    2.4639295414e-02   -4.5539965630e+00
    2.4649025872e-02   -4.5520901680e+00
    2.4659972638e-02   -4.5499672890e+00
    2.4669703096e-02   -4.5480999947e+00
    2.4679433554e-02   -4.5462498665e+00
    2.4689162150e-02   -4.5444178581e+00
    2.4698892608e-02   -4.5426039696e+00
    2.4709839374e-02   -4.5405845642e+00
    2.4719567969e-02   -4.5388083458e+00
    2.4729298428e-02   -4.5370488167e+00
    2.4739028886e-02   -4.5353050232e+00
    2.4749973789e-02   -4.5333633423e+00
    2.4759704247e-02   -4.5316543579e+00
    2.4769434705e-02   -4.5299620628e+00
    2.4779163301e-02   -4.5282869339e+00
    2.4788893759e-02   -4.5266299248e+00
    2.4799838662e-02   -4.5247888565e+00
    2.4809569120e-02   -4.5231723785e+00
    2.4819297716e-02   -4.5215725899e+00
    2.4829028174e-02   -4.5199885368e+00
    2.4839974940e-02   -4.5182232857e+00
    2.4849703535e-02   -4.5166683197e+00
    2.4859433994e-02   -4.5151271820e+00
    2.4869162589e-02   -4.5135989189e+00
    2.4878893048e-02   -4.5120835304e+00
    2.4889837950e-02   -4.5103955269e+00
    2.4899568409e-02   -4.5089097023e+00
    2.4909297004e-02   -4.5074391365e+00
    2.4919027463e-02   -4.5059838295e+00
    2.4929972365e-02   -4.5043640137e+00
    2.4939702824e-02   -4.5029401779e+00
    2.4949431419e-02   -4.5015306473e+00
    2.4959161878e-02   -4.5001358986e+00
    2.4968890473e-02   -4.4987564087e+00
    2.4979837239e-02   -4.4972224236e+00
    2.4989565834e-02   -4.4958744049e+00
    2.4999294430e-02   -4.4945411682e+00
    2.5009024888e-02   -4.4932236671e+00
    2.5019969791e-02   -4.4917597771e+00
    2.5029700249e-02   -4.4904766083e+00
    2.5039428845e-02   -4.4892101288e+00
    2.5049159303e-02   -4.4879612923e+00
    2.5058887899e-02   -4.4867310524e+00
    2.5069834664e-02   -4.4853701591e+00
    2.5079563260e-02   -4.4841818810e+00
    2.5089293718e-02   -4.4830145836e+00
    2.5099022314e-02   -4.4818673134e+00
    2.5109967217e-02   -4.4806013107e+00
    2.5119697675e-02   -4.4794974327e+00
    2.5129426271e-02   -4.4784140587e+00
    2.5139156729e-02   -4.4773526192e+00
    2.5148885325e-02   -4.4763116837e+00
    2.5159832090e-02   -4.4751663208e+00
    2.5169560686e-02   -4.4741702080e+00
    2.5179291144e-02   -4.4731960297e+00
    2.5189019740e-02   -4.4722442627e+00
    2.5199966505e-02   -4.4712009430e+00
    2.5209695101e-02   -4.4702982903e+00
    2.5219425559e-02   -4.4694185257e+00
    2.5229154155e-02   -4.4685616493e+00
    2.5238884613e-02   -4.4677262306e+00
    2.5249829516e-02   -4.4668121338e+00
    2.5259559974e-02   -4.4660220146e+00
    2.5269288570e-02   -4.4652523994e+00
    2.5279019028e-02   -4.4645042419e+00
    2.5289963931e-02   -4.4636888504e+00
    2.5299694389e-02   -4.4629878998e+00
    2.5309422985e-02   -4.4623103142e+00
    2.5319153443e-02   -4.4616556168e+00
    2.5328882039e-02   -4.4610233307e+00
    2.5339828804e-02   -4.4603390694e+00
    2.5349557400e-02   -4.4597539902e+00
    2.5359287858e-02   -4.4591908455e+00
    2.5369016454e-02   -4.4586496353e+00
    2.5379963219e-02   -4.4580664635e+00
    2.5389691815e-02   -4.4575710297e+00
    2.5399422273e-02   -4.4570956230e+00
    2.5409152731e-02   -4.4566416740e+00
    2.5418881327e-02   -4.4562082291e+00
    2.5429828092e-02   -4.4557452202e+00
    2.5439556688e-02   -4.4553556442e+00
    2.5449287146e-02   -4.4549875259e+00
    2.5459015742e-02   -4.4546413422e+00
    2.5469962507e-02   -4.4542803764e+00
    2.5479691103e-02   -4.4539847374e+00
    2.5489421561e-02   -4.4537129402e+00
    2.5499152020e-02   -4.4534649849e+00
    2.5508880615e-02   -4.4532399178e+00
    2.5519827381e-02   -4.4530138969e+00
    2.5529555976e-02   -4.4528369904e+00
    2.5539286435e-02   -4.4526820183e+00
    2.5549015030e-02   -4.4525494576e+00
    2.5559961796e-02   -4.4524273872e+00
    2.5569690391e-02   -4.4523444176e+00
    2.5579420850e-02   -4.4522838593e+00
    2.5589151308e-02   -4.4522461891e+00
    2.5598879904e-02   -4.4522299767e+00
    2.5609826669e-02   -4.4522390366e+00
    2.5619555265e-02   -4.4522705078e+00
    2.5629285723e-02   -4.4523248672e+00
    2.5639014319e-02   -4.4524016380e+00
    2.5649961084e-02   -4.4525156021e+00
    2.5659689680e-02   -4.4526419640e+00
    2.5669420138e-02   -4.4527916908e+00
    2.5679148734e-02   -4.4529647827e+00
    2.5688879192e-02   -4.4531607628e+00
    2.5699825957e-02   -4.4534082413e+00
    2.5709554553e-02   -4.4536523819e+00
    2.5719285011e-02   -4.4539184570e+00
    2.5729013607e-02   -4.4542064667e+00
    2.5739960372e-02   -4.4545559883e+00
    2.5749688968e-02   -4.4548892975e+00
    2.5759419426e-02   -4.4552431107e+00
    2.5769148022e-02   -4.4556179047e+00
    2.5778878480e-02   -4.4560136795e+00
    2.5789823383e-02   -4.4564843178e+00
    2.5799553841e-02   -4.4569258690e+00
    2.5809282437e-02   -4.4573884010e+00
    2.5819012895e-02   -4.4578733444e+00
    2.5829957798e-02   -4.4584455490e+00
    2.5839688256e-02   -4.4589776993e+00
    2.5849416852e-02   -4.4595322609e+00
    2.5859147310e-02   -4.4601073265e+00
    2.5868875906e-02   -4.4607028961e+00
    2.5879820809e-02   -4.4613976479e+00
    2.5889551267e-02   -4.4620370865e+00
    2.5899279863e-02   -4.4626965523e+00
    2.5909010321e-02   -4.4633755684e+00
    2.5919955224e-02   -4.4641628265e+00
    2.5929685682e-02   -4.4648833275e+00
    2.5939414278e-02   -4.4656229019e+00
    2.5949144736e-02   -4.4663810730e+00
    2.5958873332e-02   -4.4671587944e+00
    2.5969820097e-02   -4.4680552483e+00
    2.5979548693e-02   -4.4688711166e+00
    2.5989277288e-02   -4.4697046280e+00
    2.5999007747e-02   -4.4705562592e+00
    2.6009952649e-02   -4.4715347290e+00
    2.6019683108e-02   -4.4724225998e+00
    2.6029411703e-02   -4.4733281136e+00
    2.6039142162e-02   -4.4742507935e+00
    2.6048870757e-02   -4.4751911163e+00
    2.6059817523e-02   -4.4762701988e+00
    2.6069546118e-02   -4.4772472382e+00
    2.6079276577e-02   -4.4782409668e+00
    2.6089005172e-02   -4.4792509079e+00
    2.6099950075e-02   -4.4804058075e+00
    2.6109680533e-02   -4.4814496040e+00
    2.6119409129e-02   -4.4825086594e+00
    2.6129139587e-02   -4.4835829735e+00
    2.6138868183e-02   -4.4846725464e+00
    2.6149814948e-02   -4.4859170914e+00
    2.6159543544e-02   -4.4870390892e+00
    2.6169274002e-02   -4.4881753922e+00
    2.6179002598e-02   -4.4893269539e+00
    2.6189949363e-02   -4.4906392097e+00
    2.6199677959e-02   -4.4918212891e+00
    2.6209408417e-02   -4.4930176735e+00
    2.6219137013e-02   -4.4942278862e+00
    2.6228867471e-02   -4.4954524040e+00
    2.6239812374e-02   -4.4968476295e+00
    2.6249542832e-02   -4.4981026649e+00
    2.6259271428e-02   -4.4993720055e+00
    2.6269001886e-02   -4.5006561279e+00
    2.6279948652e-02   -4.5021181107e+00
    2.6289677247e-02   -4.5034327507e+00
    2.6299407706e-02   -4.5047621727e+00
    2.6309136301e-02   -4.5061063766e+00
    2.6318866760e-02   -4.5074653625e+00
    2.6329811662e-02   -4.5090117455e+00
    2.6339542121e-02   -4.5104031563e+00
    2.6349272579e-02   -4.5118098259e+00
    2.6359001175e-02   -4.5132317543e+00
    2.6369947940e-02   -4.5148501396e+00
    2.6379678398e-02   -4.5163054466e+00
    2.6389406994e-02   -4.5177760124e+00
    2.6399137452e-02   -4.5192618370e+00
    2.6408867911e-02   -4.5207633972e+00
    2.6419812813e-02   -4.5224714279e+00
    2.6429543272e-02   -4.5240063667e+00
    2.6439273730e-02   -4.5255570412e+00
    2.6449002326e-02   -4.5271239281e+00
    2.6459949091e-02   -4.5289063454e+00
    2.6469679549e-02   -4.5305085182e+00
    2.6479410008e-02   -4.5321269035e+00
    2.6489138603e-02   -4.5337629318e+00
    2.6498869061e-02   -4.5354151726e+00
    2.6509815827e-02   -4.5372934341e+00
    2.6519546285e-02   -4.5389809608e+00
    2.6529276744e-02   -4.5406851768e+00
    2.6539007202e-02   -4.5424060822e+00
    2.6549952105e-02   -4.5443611145e+00
    2.6559682563e-02   -4.5461163521e+00
    2.6569413021e-02   -4.5478873253e+00
    2.6579143479e-02   -4.5496745110e+00
    2.6588873938e-02   -4.5514779091e+00
    2.6599820703e-02   -4.5535254478e+00
    2.6609551162e-02   -4.5553627014e+00
    2.6619281620e-02   -4.5572156906e+00
    2.6629012078e-02   -4.5590844154e+00
    2.6639958844e-02   -4.5612058640e+00
    2.6649689302e-02   -4.5631084442e+00
    2.6659419760e-02   -4.5650272369e+00
    2.6669150218e-02   -4.5669622421e+00
    2.6678880677e-02   -4.5689134598e+00
    2.6689827442e-02   -4.5711278915e+00
    2.6699557900e-02   -4.5731139183e+00
    2.6709288359e-02   -4.5751161575e+00
    2.6719018817e-02   -4.5771350861e+00
    2.6729965582e-02   -4.5794253349e+00
    2.6739696041e-02   -4.5814790726e+00
    2.6749426499e-02   -4.5835485458e+00
    2.6759156957e-02   -4.5856342316e+00
    2.6768889278e-02   -4.5877361298e+00
    2.6779836044e-02   -4.5901203156e+00
    2.6789566502e-02   -4.5922560692e+00
    2.6799296960e-02   -4.5944080353e+00
    2.6809027418e-02   -4.5965762138e+00
    2.6819976047e-02   -4.5990338326e+00
    2.6829706505e-02   -4.6012349129e+00
    2.6839436963e-02   -4.6034517288e+00
    2.6849167421e-02   -4.6056838036e+00
    2.6858899742e-02   -4.6079316139e+00
    2.6869846508e-02   -4.6104788780e+00
    2.6879576966e-02   -4.6127591133e+00
    2.6889309287e-02   -4.6150550842e+00
    2.6899039745e-02   -4.6173658371e+00
    2.6909986511e-02   -4.6199841499e+00
    2.6919718832e-02   -4.6223273277e+00
    2.6929449290e-02   -4.6246852875e+00
    2.6939179748e-02   -4.6270580292e+00
    2.6948912069e-02   -4.6294460297e+00
    2.6959858835e-02   -4.6321501732e+00
    2.6969589293e-02   -4.6345691681e+00
    2.6979321614e-02   -4.6370034218e+00
    2.6989052072e-02   -4.6394524574e+00
    2.6998782530e-02   -4.6419162750e+00
    2.7009731159e-02   -4.6447057724e+00
    2.7019461617e-02   -4.6472001076e+00
    2.7029192075e-02   -4.6497092247e+00
    2.7038924396e-02   -4.6522321701e+00
    2.7049871162e-02   -4.6550874710e+00
    2.7059601620e-02   -4.6576414108e+00
    2.7069333941e-02   -4.6602091789e+00
    2.7079064399e-02   -4.6627907753e+00
    2.7088794857e-02   -4.6653871536e+00
    2.7099743485e-02   -4.6683239937e+00
    2.7109473944e-02   -4.6709499359e+00
    2.7119204402e-02   -4.6735892296e+00
    2.7128934860e-02   -4.6762428284e+00
    2.7139883488e-02   -4.6792440414e+00
    2.7149613947e-02   -4.6819257736e+00
    2.7159344405e-02   -4.6846208572e+00
    2.7169076726e-02   -4.6873288155e+00
    2.7178807184e-02   -4.6900496483e+00
    2.7189753950e-02   -4.6931266785e+00
    2.7199486271e-02   -4.6958756447e+00
    2.7209216729e-02   -4.6986379623e+00
    2.7218947187e-02   -4.7014136314e+00
    2.7229895815e-02   -4.7045516968e+00
    2.7239626274e-02   -4.7073550224e+00
    2.7249356732e-02   -4.7101712227e+00
    2.7259089053e-02   -4.7130002975e+00
    2.7268819511e-02   -4.7158417702e+00
    2.7279766276e-02   -4.7190532684e+00
    2.7289498597e-02   -4.7219214439e+00
    2.7299229056e-02   -4.7248015404e+00
    2.7308959514e-02   -4.7276945114e+00
    2.7319908142e-02   -4.7309627533e+00
    2.7329638600e-02   -4.7338809967e+00
    2.7339369059e-02   -4.7368116379e+00
    2.7349101380e-02   -4.7397546768e+00
    2.7358831838e-02   -4.7427110672e+00
    2.7369778603e-02   -4.7460522652e+00
    2.7379510924e-02   -4.7490353584e+00
    2.7389241382e-02   -4.7520303726e+00
    2.7398971841e-02   -4.7550373077e+00
    2.7409920469e-02   -4.7584347725e+00
    2.7419650927e-02   -4.7614679337e+00
    2.7429381385e-02   -4.7645144463e+00
    2.7439113706e-02   -4.7675733566e+00
    2.7448844165e-02   -4.7706451416e+00
    2.7459790930e-02   -4.7741146088e+00
    2.7469523251e-02   -4.7772107124e+00
    2.7479253709e-02   -4.7803173065e+00
    2.7488984168e-02   -4.7834358215e+00
    2.7499932796e-02   -4.7869582176e+00
    2.7509663254e-02   -4.7901029587e+00
    2.7519395575e-02   -4.7932605743e+00
    2.7529126033e-02   -4.7964320183e+00
    2.7538856491e-02   -4.7996172905e+00
    2.7549805120e-02   -4.8032169342e+00
    2.7559535578e-02   -4.8064303398e+00
    2.7569266036e-02   -4.8096561432e+00
    2.7578998357e-02   -4.8128938675e+00
    2.7589945123e-02   -4.8165502548e+00
    2.7599677444e-02   -4.8198127747e+00
    2.7609407902e-02   -4.8230867386e+00
    2.7619138360e-02   -4.8263716698e+00
    2.7628870681e-02   -4.8296680450e+00
    2.7639817446e-02   -4.8333892822e+00
    2.7649549767e-02   -4.8367075920e+00
    2.7659280226e-02   -4.8400368690e+00
    2.7669010684e-02   -4.8433756828e+00
    2.7679959312e-02   -4.8471441269e+00
    2.7689689770e-02   -4.8505048752e+00
    2.7699422091e-02   -4.8538765907e+00
    2.7709152550e-02   -4.8572578430e+00
    2.7718883008e-02   -4.8606486320e+00
    2.7729831636e-02   -4.8644733429e+00
    2.7739562094e-02   -4.8678822517e+00
    2.7749294415e-02   -4.8713002205e+00
    2.7759024873e-02   -4.8747272491e+00
    2.7769973502e-02   -4.8785924911e+00
    2.7779703960e-02   -4.8820366859e+00
    2.7789434418e-02   -4.8854880333e+00
    2.7799166739e-02   -4.8889470100e+00
    2.7808897197e-02   -4.8924131393e+00
    2.7819845825e-02   -4.8963217735e+00
    2.7829576284e-02   -4.8998041153e+00
    2.7839308605e-02   -4.9032950401e+00
    2.7849039063e-02   -4.9067935944e+00
    2.7859985828e-02   -4.9107394218e+00
    2.7869718149e-02   -4.9142546654e+00
    2.7879448608e-02   -4.9177765846e+00
    2.7889180928e-02   -4.9213051796e+00
    2.7898911387e-02   -4.9248399734e+00
    2.7909860015e-02   -4.9288258553e+00
    2.7919590473e-02   -4.9323768616e+00
    2.7929320931e-02   -4.9359345436e+00
    2.7939053252e-02   -4.9394989014e+00
    2.7948783711e-02   -4.9430699348e+00
    2.7959732339e-02   -4.9470949173e+00
    2.7969462797e-02   -4.9506778717e+00
    2.7979195118e-02   -4.9542660713e+00
    2.7988925576e-02   -4.9578580856e+00
    2.7999874204e-02   -4.9619050026e+00
    2.8009604663e-02   -4.9655075073e+00
    2.8019336984e-02   -4.9691152573e+00
    2.8029067442e-02   -4.9727292061e+00
    2.8038797900e-02   -4.9763484001e+00
    2.8049746528e-02   -4.9804267883e+00
    2.8059476987e-02   -4.9840574265e+00
    2.8069209307e-02   -4.9876933098e+00
    2.8078939766e-02   -4.9913349152e+00
    2.8089888394e-02   -4.9954380989e+00
    2.8099618852e-02   -4.9990906715e+00
    2.8109351173e-02   -5.0027484894e+00
    2.8119081631e-02   -5.0064120293e+00
    2.8128813952e-02   -5.0100812912e+00
    2.8139760718e-02   -5.0142159462e+00
    2.8149491176e-02   -5.0178976059e+00
    2.8159223497e-02   -5.0215840340e+00
    2.8168953955e-02   -5.0252766609e+00
    2.8179902583e-02   -5.0294365883e+00
    2.8189633042e-02   -5.0331401825e+00
    2.8199365363e-02   -5.0368490219e+00
    2.8209095821e-02   -5.0405621529e+00
    2.8218828142e-02   -5.0442805290e+00
    2.8229774907e-02   -5.0484690666e+00
    2.8239507228e-02   -5.0521969795e+00
    2.8249237686e-02   -5.0559301376e+00
    2.8258970007e-02   -5.0596675873e+00
    2.8269916773e-02   -5.0638771057e+00
    2.8279649094e-02   -5.0676231384e+00
    2.8289379552e-02   -5.0713734627e+00
    2.8299110010e-02   -5.0751276016e+00
    2.8308842331e-02   -5.0788860321e+00
    2.8319789097e-02   -5.0831184387e+00
    2.8329521418e-02   -5.0868844986e+00
    2.8339251876e-02   -5.0906543732e+00
    2.8348984197e-02   -5.0944280624e+00
    2.8359930962e-02   -5.0986776352e+00
    2.8369663283e-02   -5.1024584770e+00
    2.8379393741e-02   -5.1062426567e+00
    2.8389126062e-02   -5.1100292206e+00
    2.8398856521e-02   -5.1138191223e+00
    2.8409805149e-02   -5.1180868149e+00
    2.8419535607e-02   -5.1218833923e+00
    2.8429267928e-02   -5.1256833076e+00
    2.8438998386e-02   -5.1294870377e+00
    2.8449947014e-02   -5.1337699890e+00
    2.8459677473e-02   -5.1375799179e+00
    2.8469409794e-02   -5.1413922310e+00
    2.8479140252e-02   -5.1452069283e+00
    2.8488872573e-02   -5.1490235329e+00
    2.8499819338e-02   -5.1533198357e+00
    2.8509551659e-02   -5.1571412086e+00
    2.8519282117e-02   -5.1609640121e+00
    2.8529014438e-02   -5.1647896767e+00
    2.8539961204e-02   -5.1690955162e+00
    2.8549693525e-02   -5.1729254723e+00
    2.8559423983e-02   -5.1767568588e+00
    2.8569156304e-02   -5.1805906296e+00
    2.8578886762e-02   -5.1844263077e+00
    2.8589835390e-02   -5.1887435913e+00
    2.8599565849e-02   -5.1925826073e+00
    2.8609298170e-02   -5.1964235306e+00
    2.8619028628e-02   -5.2002663612e+00
    2.8629977256e-02   -5.2045917511e+00
    2.8639707714e-02   -5.2084379196e+00
    2.8649440035e-02   -5.2122855186e+00
    2.8659170493e-02   -5.2161350250e+00
    2.8668902814e-02   -5.2199859619e+00
    2.8679849580e-02   -5.2243204117e+00
    2.8689581901e-02   -5.2281742096e+00
    2.8699312359e-02   -5.2320299149e+00
    2.8709044680e-02   -5.2358865738e+00
    2.8719991446e-02   -5.2402276993e+00
    2.8729723766e-02   -5.2440876961e+00
    2.8739454225e-02   -5.2479491234e+00
    2.8749413788e-02   -5.2519025803e+00
    2.8759794310e-02   -5.2560167313e+00
    2.8769526631e-02   -5.2598710060e+00
    2.8779909015e-02   -5.2639846802e+00
    2.8789639473e-02   -5.2678480148e+00
    2.8799371794e-02   -5.2717156410e+00
    2.8809754178e-02   -5.2758460045e+00
    2.8819486499e-02   -5.2797203064e+00
    2.8829867020e-02   -5.2838525772e+00
    2.8839599341e-02   -5.2877264023e+00
    2.8849979863e-02   -5.2918605804e+00
    2.8859712183e-02   -5.2957367897e+00
    2.8869444504e-02   -5.2996144295e+00
    2.8879825026e-02   -5.3037528992e+00
    2.8889557347e-02   -5.3076338768e+00
    2.8899939731e-02   -5.3117747307e+00
    2.8909670189e-02   -5.3156566620e+00
    2.8919402510e-02   -5.3195376396e+00
    2.8929784894e-02   -5.3236765862e+00
    2.8939517215e-02   -5.3275561333e+00
    2.8949897736e-02   -5.3316950798e+00
    2.8959630057e-02   -5.3355765343e+00
    2.8969362378e-02   -5.3394584656e+00
    2.8979742900e-02   -5.3435993195e+00
    2.8989475220e-02   -5.3474802971e+00
    2.8999855742e-02   -5.3516201973e+00
    2.9009588063e-02   -5.3555002213e+00
    2.9019970447e-02   -5.3596386909e+00
    2.9029702768e-02   -5.3635172844e+00
    2.9039433226e-02   -5.3673954010e+00
    2.9049815610e-02   -5.3715314865e+00
    2.9059547931e-02   -5.3754072189e+00
    2.9069928452e-02   -5.3795399666e+00
    2.9079660773e-02   -5.3834128380e+00
    2.9089393094e-02   -5.3872847557e+00
    2.9099773616e-02   -5.3914132118e+00
    2.9109505937e-02   -5.3952822685e+00
    2.9119886458e-02   -5.3994078636e+00
    2.9129618779e-02   -5.4032735825e+00
    2.9139351100e-02   -5.4071369171e+00
    2.9149733484e-02   -5.4112553596e+00
    2.9159463942e-02   -5.4151139259e+00
    2.9169846326e-02   -5.4192280769e+00
    2.9179578647e-02   -5.4230837822e+00
    2.9189959168e-02   -5.4271945953e+00
    2.9199691489e-02   -5.4310479164e+00
    2.9209423810e-02   -5.4348998070e+00
    2.9219804332e-02   -5.4390068054e+00
    2.9229536653e-02   -5.4428563118e+00
    2.9239917174e-02   -5.4469618797e+00
    2.9249649495e-02   -5.4508094788e+00
    2.9259381816e-02   -5.4546561241e+00
    2.9269764200e-02   -5.4587583542e+00
    2.9279494658e-02   -5.4626035690e+00
    2.9289877042e-02   -5.4667034149e+00
    2.9299609363e-02   -5.4705467224e+00
    2.9309989884e-02   -5.4746446609e+00
    2.9319722205e-02   -5.4784860611e+00
    2.9329454526e-02   -5.4823265076e+00
    2.9339835048e-02   -5.4864215851e+00
    2.9349567369e-02   -5.4902601242e+00
    2.9359947890e-02   -5.4943523407e+00
    2.9369680211e-02   -5.4981870651e+00
    2.9379412532e-02   -5.5020184517e+00
    2.9389794916e-02   -5.5061020851e+00
    2.9399527237e-02   -5.5099272728e+00
    2.9409907758e-02   -5.5140056610e+00
    2.9419640079e-02   -5.5178279877e+00
    2.9429372400e-02   -5.5216484070e+00
    2.9439752921e-02   -5.5257215500e+00
    2.9449485242e-02   -5.5295367241e+00
    2.9459865764e-02   -5.5336027145e+00
    2.9469598085e-02   -5.5374116898e+00
    2.9479978606e-02   -5.5414714813e+00
    2.9489710927e-02   -5.5452747345e+00
    2.9499443248e-02   -5.5490751266e+00
    2.9509825632e-02   -5.5531263351e+00
    2.9519557953e-02   -5.5569214821e+00
    2.9529938474e-02   -5.5609664917e+00
    2.9539670795e-02   -5.5647554398e+00
    2.9549403116e-02   -5.5685410500e+00
    2.9559783638e-02   -5.5725746155e+00
    2.9569515958e-02   -5.5763525963e+00
    2.9579896480e-02   -5.5803775787e+00
    2.9589628801e-02   -5.5841469765e+00
    2.9599361122e-02   -5.5879120827e+00
    2.9609741643e-02   -5.5919227600e+00
    2.9619473964e-02   -5.5956768990e+00
    2.9629856348e-02   -5.5996756554e+00
    2.9639588669e-02   -5.6034188271e+00
    2.9649969190e-02   -5.6074051857e+00
    2.9659701511e-02   -5.6111373901e+00
    2.9669433832e-02   -5.6148643494e+00
    2.9679814354e-02   -5.6188349724e+00
    2.9689546674e-02   -5.6225528717e+00
    2.9699927196e-02   -5.6265125275e+00
    2.9709659517e-02   -5.6302189827e+00
    2.9719391838e-02   -5.6339187622e+00
    2.9729772359e-02   -5.6378574371e+00
    2.9739504680e-02   -5.6415419579e+00
    2.9749887064e-02   -5.6454625130e+00
    2.9759619385e-02   -5.6491298676e+00
    2.9769351706e-02   -5.6527891159e+00
    2.9779732227e-02   -5.6566848755e+00
    2.9789464548e-02   -5.6603279114e+00
    2.9799845070e-02   -5.6642041206e+00
    2.9809577391e-02   -5.6678285599e+00
    2.9819957912e-02   -5.6716837883e+00
    2.9829690233e-02   -5.6752891541e+00
    2.9839422554e-02   -5.6788868904e+00
    2.9849803075e-02   -5.6827173233e+00
    2.9859535396e-02   -5.6863017082e+00
    2.9869917780e-02   -5.6901183128e+00
    2.9879650101e-02   -5.6936898232e+00
    2.9889382422e-02   -5.6972537041e+00
    2.9899762943e-02   -5.7010469437e+00
    2.9909495264e-02   -5.7045960426e+00
    2.9919875786e-02   -5.7083745003e+00
    2.9929608107e-02   -5.7119097710e+00
    2.9939988628e-02   -5.7156744003e+00
    2.9949720949e-02   -5.7191991806e+00
    2.9959453270e-02   -5.7227182388e+00
    2.9969833791e-02   -5.7264661789e+00
    2.9979566112e-02   -5.7299742699e+00
    2.9989948496e-02   -5.7337088585e+00
    2.9999680817e-02   -5.7372040749e+00
    3.0000329018e-02   -5.7374372482e+00
