      3002
    0.0000000000e+00    0.0000000000e+00
    9.7362280940e-06    0.0000000000e+00
    1.9472456188e-05    0.0000000000e+00
    2.9208684282e-05    0.0000000000e+00
    3.8944912376e-05    0.0000000000e+00
    4.9898168072e-05    0.0000000000e+00
    5.9634396166e-05    0.0000000000e+00
    6.9370624260e-05    0.0000000000e+00
    7.9106852354e-05    0.0000000000e+00
    8.8843080448e-05    0.0000000000e+00
    9.9796336144e-05    0.0000000000e+00
    1.0953254969e-04    0.0000000000e+00
    1.1927346350e-04    3.0830629349e+01
    1.2966935174e-04    2.4178232193e+01
    1.3936702453e-04    1.9263656616e+01
    1.4957833628e-04    1.5151079178e+01
    1.5916032135e-04    1.2079810143e+01
    1.6953409067e-04    9.4363994598e+00
    1.7927007866e-04    7.4691672325e+00
    1.8900603754e-04    5.8980207443e+00
    1.9995904586e-04    4.5064849854e+00
    2.0969503385e-04    3.5350329876e+00
    2.1943096363e-04    2.7619388103e+00
    2.2916687885e-04    2.1478304863e+00
    2.3890283774e-04    1.6610658169e+00
    2.4985588971e-04    1.2341986895e+00
    2.5959202321e-04    9.3975520134e-01
    2.6932815672e-04    7.0853561163e-01
    2.7906429023e-04    5.2770179510e-01
    2.8880042373e-04    3.8694611192e-01
    2.9975359212e-04    2.6626706123e-01
    3.0948969652e-04    1.8523664773e-01
    3.1922583003e-04    1.2348138541e-01
    3.2896193443e-04    7.6873011887e-02
    3.3991501550e-04    3.8470987231e-02
    3.4965106170e-04    1.3947794214e-02
    3.5938710789e-04   -3.6510999780e-03
    3.6912309588e-04   -1.5925873071e-02
    3.7885899656e-04   -2.4139339104e-02
    3.8981181569e-04   -2.9752673581e-02
    3.9954759995e-04   -3.2366614789e-02
    4.0928332601e-04   -3.3361658454e-02
    4.1901899385e-04   -3.3192779869e-02
    4.2997155106e-04   -3.2044161111e-02
    4.3970713159e-04   -3.0462162569e-02
    4.4944265392e-04   -2.8557322919e-02
    4.5917817624e-04   -2.6475122198e-02
    4.6891369857e-04   -2.4322358891e-02
    4.7986613936e-04   -2.1910930052e-02
    4.8960157437e-04   -1.9835039973e-02
    4.9933698028e-04   -1.7859213054e-02
    5.0907238619e-04   -1.6005119309e-02
    5.1880773390e-04   -1.4284827746e-02
    5.2975991275e-04   -1.2515466660e-02
    5.3949520225e-04   -1.1089893058e-02
    5.4923043353e-04   -9.7988350317e-03
    5.5896566482e-04   -8.6360564455e-03
    5.6991778547e-04   -7.4716233648e-03
    5.7965301676e-04   -6.5547409467e-03
    5.8938824804e-04   -5.7396586053e-03
    5.9912342113e-04   -5.0173145719e-03
    6.0885853600e-04   -4.3789073825e-03
    6.1981054023e-04   -3.7506388035e-03
    6.2954559689e-04   -3.2635077368e-03
    6.3928065356e-04   -2.8360262513e-03
    6.4901565202e-04   -2.4616157170e-03
    6.5996742342e-04   -2.0963924471e-03
    6.6970230546e-04   -1.8155324506e-03
    6.7943712929e-04   -1.5708148712e-03
    6.8917183671e-04   -1.3578881044e-03
    6.9890648592e-04   -1.1728609679e-03
    7.0985779166e-04   -9.9375343416e-04
    7.1959214984e-04   -8.5698807379e-04
    7.2932633338e-04   -7.3854299262e-04
    7.3906040052e-04   -6.3605862670e-04
    7.4879435124e-04   -5.4746068781e-04
    7.5974490028e-04   -4.6212988673e-04
    7.6947855996e-04   -3.9727959665e-04
    7.7921216143e-04   -3.4134913585e-04
    7.8894570470e-04   -2.9314382118e-04
    7.9989572987e-04   -2.4685659446e-04
    8.0962892389e-04   -2.1177997405e-04
    8.1936200149e-04   -1.8160531181e-04
    8.2909490447e-04   -1.5566205548e-04
    8.3882757463e-04   -1.3336879783e-04
    8.4977661027e-04   -1.1202753376e-04
    8.5950887296e-04   -9.5902672911e-05
    8.6924090283e-04   -8.2068327174e-05
    8.7897275807e-04   -7.0204747317e-05
    8.8992092060e-04   -5.8871621150e-05
    8.9965248480e-04   -5.0326074415e-05
    9.0938387439e-04   -4.3007854401e-05
    9.1911520576e-04   -3.6743145756e-05
    9.2884636251e-04   -3.1382285670e-05
    9.3979376834e-04   -2.6272076866e-05
    9.4952457584e-04   -2.2426649593e-05
    9.5925526693e-04   -1.9139426513e-05
    9.6898584161e-04   -1.6330202925e-05
    9.7993249074e-04   -1.3655881958e-05
    9.8966283258e-04   -1.1646033272e-05
    9.9939294159e-04   -9.9299340945e-06
    1.0091229342e-03   -8.4650437202e-06
    1.0188529268e-03   -7.2149045991e-06
    1.0297988774e-03   -6.0264810600e-06
    1.0395286372e-03   -5.1345418797e-06
    1.0492583970e-03   -4.3738605200e-06
    1.0589880403e-03   -3.7252391394e-06
    1.0699337581e-03   -3.1091517485e-06
    1.0796632851e-03   -2.6471391266e-06
    1.0893928120e-03   -2.2534188702e-06
    1.0991222225e-03   -1.9179635729e-06
    1.1088516330e-03   -1.6322074998e-06
    1.1197971180e-03   -1.3610680298e-06
    1.1295265285e-03   -1.1579458032e-06
    1.1392558226e-03   -9.8500663626e-07
    1.1489852332e-03   -8.3778553517e-07
    1.1599308345e-03   -6.9818293014e-07
    1.1696603615e-03   -5.9366215055e-07
    1.1793898884e-03   -5.0471970781e-07
    1.1891194154e-03   -4.2904403585e-07
    1.1988490587e-03   -3.6466582287e-07
    1.2097946601e-03   -3.0366572901e-07
    1.2195238378e-03   -2.5803174708e-07
    1.2292530155e-03   -2.1923004567e-07
    1.2389819603e-03   -1.8624285758e-07
    1.2499268632e-03   -1.5500788209e-07
    1.2596555753e-03   -1.3165664825e-07
    1.2693840545e-03   -1.1181328574e-07
    1.2791125337e-03   -9.4952667951e-08
    1.2888408964e-03   -8.0627842181e-08
    1.2997852173e-03   -6.7072178922e-08
    1.3095134636e-03   -5.6943459725e-08
    1.3192418264e-03   -4.8340179859e-08
    1.3289700728e-03   -4.1033125342e-08
    1.3399145100e-03   -3.4120663628e-08
    1.3496428728e-03   -2.8957428455e-08
    1.3593712356e-03   -2.4573251878e-08
    1.3690997148e-03   -2.0850954741e-08
    1.3788280776e-03   -1.7690942045e-08
    1.3897725148e-03   -1.4703146256e-08
    1.3995006448e-03   -1.2472667343e-08
    1.4092286583e-03   -1.0579756626e-08
    1.4189564390e-03   -8.9734886188e-09
    1.4299000613e-03   -7.4554469265e-09
    1.4396273764e-03   -6.3226828217e-09
    1.4493545750e-03   -5.3617346119e-09
    1.4590816572e-03   -4.5466084231e-09
    1.4688085066e-03   -3.8552272486e-09
    1.4797509648e-03   -3.2021052476e-09
    1.4894774649e-03   -2.7149362758e-09
    1.4992038487e-03   -2.3017929784e-09
    1.5095787821e-03   -1.9300607779e-09
    1.5199597692e-03   -1.6181148643e-09
    1.5296920901e-03   -1.3715538705e-09
    1.5394242946e-03   -1.1625107543e-09
    1.5498868888e-03   -9.7312646830e-10
    1.5591537813e-03   -8.3128393058e-10
    1.5696665505e-03   -6.9519939805e-10
    1.5798920067e-03   -5.8421023574e-10
    1.5898727579e-03   -4.9296372540e-10
    1.5992803965e-03   -4.2002493150e-10
    1.6096245963e-03   -3.5219868688e-10
    1.6198499361e-03   -2.9590505046e-10
    1.6296050744e-03   -2.5059446185e-10
    1.6399183078e-03   -2.1020049590e-10
    1.6494620359e-03   -1.7863562018e-10
    1.6596874921e-03   -1.5004802956e-10
    1.6694581136e-03   -1.2701020791e-10
    1.6795508564e-03   -1.0691529606e-10
    1.6893561697e-03   -9.0438052880e-11
    1.6995816259e-03   -7.5950287726e-11
    1.7098069657e-03   -6.3780793147e-11
    1.7193508102e-03   -5.4186526793e-11
    1.7295761500e-03   -4.5500919005e-11
    1.7398016062e-03   -3.8206156988e-11
    1.7493453342e-03   -3.2455756832e-11
    1.7598492559e-03   -2.7121131729e-11
    1.7696802970e-03   -2.2924728088e-11
    1.7799057532e-03   -1.9246744823e-11
    1.7894494813e-03   -1.6347832810e-11
    1.7996749375e-03   -1.3724146819e-11
    1.8099003937e-03   -1.1521185915e-11
    1.8199326005e-03   -9.7035990354e-12
    1.8291077577e-03   -8.2933365037e-12
    1.8392003840e-03   -6.9774359901e-12
    1.8497131532e-03   -5.8281331150e-12
    1.8599386094e-03   -4.8920494392e-12
    1.8694823375e-03   -4.1544554255e-12
    1.8797077937e-03   -3.4870624183e-12
    1.8899332499e-03   -2.9268252318e-12
    1.8994769780e-03   -2.4854012078e-12
    1.9097024342e-03   -2.0860045462e-12
    1.9199278904e-03   -1.7507474420e-12
    1.9294716185e-03   -1.4866012067e-12
    1.9396970747e-03   -1.2476157260e-12
    1.9499224145e-03   -1.0470214105e-12
    1.9594661426e-03   -8.8898615032e-13
    1.9693779759e-03   -7.5003854039e-13
    1.9799820147e-03   -6.2532487868e-13
    1.9896221347e-03   -5.3002681454e-13
    1.9992622547e-03   -4.4924236857e-13
    2.0098662935e-03   -3.7451657986e-13
    2.0195064135e-03   -3.1741986426e-13
    2.0291465335e-03   -2.6902186533e-13
    2.0399366040e-03   -2.2354198299e-13
    2.0494803321e-03   -1.8976264787e-13
    2.0597057883e-03   -1.5920993907e-13
    2.0699312445e-03   -1.3357319265e-13
    2.0792784635e-03   -1.1376507646e-13
    2.0898825023e-03   -9.4823393657e-14
    2.0995226223e-03   -8.0353475609e-14
    2.1093485411e-03   -6.7873475124e-14
    2.1195739973e-03   -5.6938998059e-14
    2.1297994535e-03   -4.7765451669e-14
    2.1393431816e-03   -4.0541453251e-14
    2.1495686378e-03   -3.4008881052e-14
    2.1599968895e-03   -2.8429241247e-14
    2.1696370095e-03   -2.4088732718e-14
    2.1792771295e-03   -2.0410602258e-14
    2.1898811683e-03   -1.7009570158e-14
    2.1995212883e-03   -1.4411830223e-14
    2.2091614082e-03   -1.2210592339e-14
    2.2197654471e-03   -1.0175281434e-14
    2.2294055670e-03   -8.6207836998e-15
    2.2390456870e-03   -7.3036423846e-15
    2.2496497259e-03   -6.0858813276e-15
    2.2592898458e-03   -5.1558743033e-15
    2.2698938847e-03   -4.2960816518e-15
    2.2795340046e-03   -3.6394854280e-15
    2.2891741246e-03   -3.0832067043e-15
    2.2997781634e-03   -2.5689537320e-15
    2.3094182834e-03   -2.1762540111e-15
    2.3196919356e-03   -1.8235738440e-15
    2.3299173918e-03   -1.5292985045e-15
    2.3394611198e-03   -1.2976334052e-15
    2.3496865761e-03   -1.0882062031e-15
    2.3599120323e-03   -9.1256862754e-16
    2.3694557603e-03   -7.7430537491e-16
    2.3796812166e-03   -6.4931989313e-16
    2.3899066728e-03   -5.4450549514e-16
    2.3994504008e-03   -4.6199919212e-16
    2.4096758571e-03   -3.8741992635e-16
    2.4199013133e-03   -3.2487959280e-16
    2.4295307230e-03   -2.7524491793e-16
    2.4391708430e-03   -2.3315119210e-16
    2.4498712737e-03   -1.9392239639e-16
    2.4595372379e-03   -1.6419306196e-16
    2.4699645583e-03   -1.3721097300e-16
    2.4796046782e-03   -1.1622791549e-16
    2.4897130206e-03   -9.7663209838e-17
    2.4999384768e-03   -8.1898530409e-17
    2.5094822049e-03   -6.9489279356e-17
    2.5197076611e-03   -5.8272247029e-17
    2.5299331173e-03   -4.8865780713e-17
    2.5394768454e-03   -4.1461435587e-17
    2.5497023016e-03   -3.4768505493e-17
    2.5599277578e-03   -2.9155955997e-17
    2.5694714859e-03   -2.4738065409e-17
    2.5796969421e-03   -2.0744697146e-17
    2.5899223983e-03   -1.7395980513e-17
    2.5994661264e-03   -1.4760076847e-17
    2.6096915826e-03   -1.2377478218e-17
    2.6199170388e-03   -1.0379516920e-17
    2.6294607669e-03   -8.8068538427e-18
    2.6396862231e-03   -7.3853290708e-18
    2.6499116793e-03   -6.1932939793e-18
    2.6593760122e-03   -5.2621988023e-18
    2.6699800510e-03   -4.3842470845e-18
    2.6796201710e-03   -3.7139230771e-18
    2.6892602909e-03   -3.1461128039e-18
    2.6998643298e-03   -2.6212820080e-18
    2.7095044497e-03   -2.2205582894e-18
    2.7191445697e-03   -1.8811075610e-18
    2.7297486085e-03   -1.5673395499e-18
    2.7393887285e-03   -1.3277590932e-18
    2.7499927673e-03   -1.1062993720e-18
    2.7596328873e-03   -9.3719759858e-19
    2.7692730073e-03   -7.9394428875e-19
    2.7798770461e-03   -6.6152265054e-19
    2.7895171661e-03   -5.6040664490e-19
    2.7991572861e-03   -4.7474625050e-19
    2.8097613249e-03   -3.9556286125e-19
    2.8194014449e-03   -3.3509942229e-19
    2.8290415648e-03   -2.8387825327e-19
    2.8396456037e-03   -2.3653038330e-19
    2.8492857236e-03   -2.0037632206e-19
    2.8593251482e-03   -1.6858611676e-19
    2.8695506044e-03   -1.4138647951e-19
    2.8797760606e-03   -1.1857520344e-19
    2.8893197887e-03   -1.0061754531e-19
    2.8995452449e-03   -8.4383615268e-20
    2.9097707011e-03   -7.0768623051e-20
    2.9199961573e-03   -5.9350040930e-20
    2.9295398854e-03   -5.0360891498e-20
    2.9391210992e-03   -4.2705331698e-20
    2.9497253709e-03   -3.5581406694e-20
    2.9593652580e-03   -3.0141595567e-20
    2.9699695297e-03   -2.5113088690e-20
    2.9796096496e-03   -2.1273401913e-20
    2.9892495368e-03   -1.8020670866e-20
    2.9998538084e-03   -1.5013966275e-20
    3.0094936956e-03   -1.2718157181e-20
    3.0191338155e-03   -1.0773345701e-20
    3.0297380872e-03   -8.9756681644e-21
    3.0393779743e-03   -7.6030483717e-21
    3.0499822460e-03   -6.3342813474e-21
    3.0596223660e-03   -5.3655155252e-21
    3.0693311710e-03   -4.5394831912e-21
    3.0795566272e-03   -3.8065761268e-21
    3.0897820834e-03   -3.1919601310e-21
    3.0993258115e-03   -2.7081580235e-21
    3.1095512677e-03   -2.2708393870e-21
    3.1197767239e-03   -1.9041162538e-21
    3.1290757470e-03   -1.6222817231e-21
    3.1396797858e-03   -1.3514210680e-21
    3.1493199058e-03   -1.1446250061e-21
    3.1599239446e-03   -9.5349589846e-22
    3.1695640646e-03   -8.0757728022e-22
    3.1792041846e-03   -6.8398461204e-22
    3.1898082234e-03   -5.6975952196e-22
    3.1994483434e-03   -4.8255648985e-22
    3.2090884633e-03   -4.0869782881e-22
    3.2196925022e-03   -3.4043899472e-22
    3.2293326221e-03   -2.8832934243e-22
    3.2399366610e-03   -2.4017123957e-22
    3.2495767809e-03   -2.0340720381e-22
    3.2592169009e-03   -1.7226994249e-22
    3.2698209397e-03   -1.4349421518e-22
    3.2794610597e-03   -1.2152692546e-22
    3.2891011797e-03   -1.0292186820e-22
    3.2997052185e-03   -8.5727925329e-23
    3.3093453385e-03   -7.2602176012e-23
    3.3199493773e-03   -6.0472025956e-23
    3.3295894973e-03   -5.1212035862e-23
    3.3392296173e-03   -4.3369489976e-23
    3.3498336561e-03   -3.6121975560e-23
    3.3594737761e-03   -3.0589485772e-23
    3.3691138960e-03   -2.5904021182e-23
    3.3797179349e-03   -2.1574231886e-23
    3.3893580548e-03   -1.8269176061e-23
    3.3999623265e-03   -1.5215113689e-23
    3.4096022137e-03   -1.2883939784e-23
    3.4192423336e-03   -1.0909825623e-23
    3.4298463725e-03   -9.0857157311e-24
    3.4394864924e-03   -7.6934282982e-24
    3.4491266124e-03   -6.5144374156e-24
    3.4597306512e-03   -5.4250682315e-24
    3.4693707712e-03   -4.5936080486e-24
    3.4799750429e-03   -3.8253608677e-24
    3.4896149300e-03   -3.2390021345e-24
    3.4993239678e-03   -2.7392254217e-24
    3.5095494241e-03   -2.2959670429e-24
    3.5197748803e-03   -1.9244003431e-24
    3.5293186083e-03   -1.6320318269e-24
    3.5395440646e-03   -1.3678574953e-24
    3.5497695208e-03   -1.1464191117e-24
    3.5597984679e-03   -9.6407499809e-25
    3.5694385879e-03   -8.1618004584e-25
    3.5790784750e-03   -6.9095937188e-25
    3.5896827467e-03   -5.7527553323e-25
    3.5993228666e-03   -4.8699524332e-25
    3.6099269055e-03   -4.0544208803e-25
    3.6198010202e-03   -3.4182388264e-25
    3.6293447483e-03   -2.8983358560e-25
    3.6392083857e-03   -2.4439071081e-25
    3.6498126574e-03   -2.0344691931e-25
    3.6594527774e-03   -1.7220603066e-25
    3.6690926645e-03   -1.4575972765e-25
    3.6796969362e-03   -1.2133234158e-25
    3.6893370561e-03   -1.0269506512e-25
    3.6999410950e-03   -8.5481331305e-26
    3.7099323235e-03   -7.1910033300e-26
    3.7194760516e-03   -6.0962653066e-26
    3.7297015078e-03   -5.1074876346e-26
    3.7399269640e-03   -4.2790049578e-26
    3.7494706921e-03   -3.6273978382e-26
    3.7596961483e-03   -3.0388875732e-26
    3.7699216045e-03   -2.5458068289e-26
    3.7794653326e-03   -2.1580139012e-26
    3.7896907888e-03   -1.8077890875e-26
    3.7991551217e-03   -1.5344683513e-26
    3.8097591605e-03   -1.2769810704e-26
    3.8193992805e-03   -1.0805720383e-26
    3.8290394004e-03   -9.1435218928e-27
    3.8396434393e-03   -7.6086527940e-27
    3.8492835592e-03   -6.4379277439e-27
    3.8598875981e-03   -5.3569232958e-27
    3.8695277181e-03   -4.5324180495e-27
    3.8791678380e-03   -3.8347094826e-27
    3.8897718769e-03   -3.1905169237e-27
    3.8997107185e-03   -2.6852580621e-27
    3.9093508385e-03   -2.2716933029e-27
    3.9199548773e-03   -1.8898853951e-27
    3.9295949973e-03   -1.5987240765e-27
    3.9392351173e-03   -1.3523831921e-27
    3.9498391561e-03   -1.1249816139e-27
    3.9594792761e-03   -9.5158571141e-28
    3.9691193961e-03   -8.0489523497e-28
    3.9797234349e-03   -6.6949460801e-28
    3.9893635549e-03   -5.6625869632e-28
    3.9999675937e-03   -4.7097268639e-28
    4.0096077137e-03   -3.9832523666e-28
    4.0192478336e-03   -3.3687336215e-28
    4.0298518725e-03   -2.8015759011e-28
    4.0394919924e-03   -2.3691995730e-28
    4.0491321124e-03   -2.0034855784e-28
    4.0597361512e-03   -1.6659882631e-28
    4.0693762712e-03   -1.4087202541e-28
    4.0799803101e-03   -1.1713185736e-28
    4.0896204300e-03   -9.9036523770e-29
    4.0992605500e-03   -8.3733728414e-29
    4.1098645888e-03   -6.9614326732e-29
    4.1195047088e-03   -5.8853524187e-29
    4.1291448288e-03   -4.9754456128e-29
    4.1397488676e-03   -4.1360043705e-29
    4.1493889876e-03   -3.4963160682e-29
    4.1599930264e-03   -2.9062096286e-29
    4.1696331464e-03   -2.4565559937e-29
    4.1792732663e-03   -2.0764034528e-29
    4.1898773052e-03   -1.7257508925e-29
    4.1995174251e-03   -1.4585843859e-29
    4.2099561542e-03   -1.2156684971e-29
    4.2194998823e-03   -1.0291229980e-29
    4.2297253385e-03   -8.6086661102e-30
    4.2399507947e-03   -7.2009301868e-30
    4.2494945228e-03   -6.0953170003e-30
    4.2599313892e-03   -5.0794216804e-30
    4.2698658071e-03   -4.2700229141e-30
    4.2794100009e-03   -3.6141305444e-30
    4.2891562916e-03   -3.0480971006e-30
    4.2994301766e-03   -2.5470754534e-30
    4.3096551672e-03   -2.1301548786e-30
    4.3199183419e-03   -1.7802771665e-30
    4.3295584619e-03   -1.5041405661e-30
    4.3391985819e-03   -1.2708171626e-30
    4.3499888852e-03   -1.0522924806e-30
    4.3595326133e-03   -8.9052677852e-31
    4.3697580695e-03   -7.4468164276e-31
    4.3799830601e-03   -6.2271051514e-31
    4.3895272538e-03   -5.2695601486e-31
    4.3997522444e-03   -4.4063274085e-31
    4.4093644246e-03   -3.7242117817e-31
    4.4195898809e-03   -3.1140218331e-31
    4.4298153371e-03   -2.6037559572e-31
    4.4394270517e-03   -2.2005672723e-31
    4.4498355128e-03   -1.8340369666e-31
    4.4594756328e-03   -1.5492277333e-31
    4.4691157527e-03   -1.3086317814e-31
    4.4797197916e-03   -1.0868881727e-31
    4.4899932109e-03   -9.0794789867e-32
    4.4995369390e-03   -7.6821635621e-32
    4.5097623952e-03   -6.4227071763e-32
    4.5197433792e-03   -5.3927402016e-32
    4.5293834992e-03   -4.5549885938e-32
    4.5399875380e-03   -3.7829283123e-32
    4.5496276580e-03   -3.1951958306e-32
    4.5597357675e-03   -2.6767079007e-32
    4.5699612238e-03   -2.2377443677e-32
    4.5795049518e-03   -1.8932303364e-32
    4.5896507800e-03   -1.5849396044e-32
    4.5997593552e-03   -1.3277183713e-32
    4.6099848114e-03   -1.1099578224e-32
    4.6195285395e-03   -9.3905585791e-33
    4.6297539957e-03   -7.8503171474e-33
    4.6399794519e-03   -6.5626703499e-33
    4.6495231800e-03   -5.5521279786e-33
    4.6597486362e-03   -4.6414122609e-33
    4.6699740924e-03   -3.8800809367e-33
    4.6795178205e-03   -3.2826120557e-33
    4.6897432767e-03   -2.7441816438e-33
    4.6993726864e-03   -2.3181558587e-33
    4.7095981427e-03   -1.9379389049e-33
    4.7198235989e-03   -1.6200922119e-33
    4.7293673269e-03   -1.3706548821e-33
    4.7395927832e-03   -1.1458610566e-33
    4.7498182394e-03   -9.5793780530e-34
    4.7593619674e-03   -8.1045642695e-34
    4.7695874237e-03   -6.7754089298e-34
    4.7798128799e-03   -5.6642219260e-34
    4.7893566079e-03   -4.7921437893e-34
    4.7995820642e-03   -4.0061885217e-34
    4.8098075204e-03   -3.3491268985e-34
    4.8193512484e-03   -2.8334627815e-34
    4.8295767047e-03   -2.3687331562e-34
    4.8398021609e-03   -1.9802269927e-34
    4.8493458889e-03   -1.6753354414e-34
    4.8595713452e-03   -1.4005679990e-34
    4.8697968014e-03   -1.1708723851e-34
    4.8793405294e-03   -9.9061319626e-35
    4.8895659856e-03   -8.2816217286e-35
    4.8997914419e-03   -6.9235515237e-35
    4.9093351699e-03   -5.8577322882e-35
    4.9195606261e-03   -4.8971697326e-35
    4.9297860824e-03   -4.0941234200e-35
    4.9393298104e-03   -3.4638742030e-35
    4.9495552666e-03   -2.8958593188e-35
    4.9597807229e-03   -2.4209871517e-35
    4.9693244509e-03   -2.0482961799e-35
    4.9795499071e-03   -1.7124057003e-35
    4.9897753634e-03   -1.4315934161e-35
    4.9993190914e-03   -1.2112037225e-35
    5.0095445476e-03   -1.0125739476e-35
    5.0197700039e-03   -8.4651248341e-36
    5.0299954601e-03   -7.0767931114e-36
    5.0395391881e-03   -5.9871864734e-36
    5.0497646444e-03   -5.0051708589e-36
    5.0599896349e-03   -4.1841977552e-36
    5.0695338286e-03   -3.5398942635e-36
    5.0797588192e-03   -2.9592307976e-36
    5.0899842754e-03   -2.4738000237e-36
    5.0995280035e-03   -2.0928346378e-36
    5.1097534597e-03   -1.7494988465e-36
    5.1199789159e-03   -1.4624738191e-36
    5.1295226440e-03   -1.2372193734e-36
    5.1397481002e-03   -1.0342179956e-36
    5.1499735564e-03   -8.6451541544e-37
    5.1595172845e-03   -7.3133878957e-37
    5.1697427407e-03   -6.1132284498e-37
    5.1799681969e-03   -5.1099682538e-37
    5.1895119250e-03   -4.3226658635e-37
    5.1997373812e-03   -3.6131848637e-37
    5.2099628374e-03   -3.0201226192e-37
    5.2195065655e-03   -2.5547440004e-37
    5.2297320217e-03   -2.1353903009e-37
    5.2399574779e-03   -1.7848684941e-37
    5.2497885190e-03   -1.5022398221e-37
    5.2595208399e-03   -1.2665500524e-37
    5.2699018270e-03   -1.0557529486e-37
    5.2796341479e-03   -8.9010394376e-38
    5.2893660031e-03   -7.5043944052e-38
    5.2997469902e-03   -6.2552539728e-38
    5.3094793111e-03   -5.2736662588e-38
    5.3198602982e-03   -4.3957704273e-38
    5.3295926191e-03   -3.7059302510e-38
    5.3393580019e-03   -3.1225318652e-38
    5.3495829925e-03   -2.6098029228e-38
    5.3598084487e-03   -2.1812548837e-38
    5.3693521768e-03   -1.8450009858e-38
    5.3795776330e-03   -1.5420252639e-38
    5.3898030892e-03   -1.2887983000e-38
    5.3993468173e-03    0.0000000000e+00
    5.4095722735e-03    0.0000000000e+00
    5.4197977297e-03    0.0000000000e+00
    5.4293414578e-03    0.0000000000e+00
    5.4395669140e-03    0.0000000000e+00
    5.4497923702e-03    0.0000000000e+00
    5.4593360983e-03    0.0000000000e+00
    5.4695615545e-03    0.0000000000e+00
    5.4797870107e-03    0.0000000000e+00
    5.4893307388e-03    0.0000000000e+00
    5.4995561950e-03    0.0000000000e+00
    5.5097816512e-03    0.0000000000e+00
    5.5193253793e-03    0.0000000000e+00
    5.5295508355e-03    0.0000000000e+00
    5.5397762917e-03    0.0000000000e+00
    5.5493200198e-03    0.0000000000e+00
    5.5595454760e-03    0.0000000000e+00
    5.5697709322e-03    0.0000000000e+00
    5.5799963884e-03    0.0000000000e+00
    5.5895401165e-03    0.0000000000e+00
    5.5997655727e-03    0.0000000000e+00
    5.6099910289e-03    0.0000000000e+00
    5.6195347570e-03    0.0000000000e+00
    5.6297602132e-03    0.0000000000e+00
    5.6399856694e-03    0.0000000000e+00
    5.6495293975e-03    0.0000000000e+00
    5.6597548537e-03    0.0000000000e+00
    5.6699803099e-03    0.0000000000e+00
    5.6795240380e-03    0.0000000000e+00
    5.6897494942e-03    0.0000000000e+00
    5.6999749504e-03    0.0000000000e+00
    5.7095186785e-03    0.0000000000e+00
    5.7197441347e-03    0.0000000000e+00
    5.7299695909e-03    0.0000000000e+00
    5.7395133190e-03    0.0000000000e+00
    5.7497387752e-03    0.0000000000e+00
    5.7599642314e-03    0.0000000000e+00
    5.7695079595e-03    0.0000000000e+00
    5.7797334157e-03    0.0000000000e+00
    5.7894657366e-03    0.0000000000e+00
    5.7998467237e-03    0.0000000000e+00
    5.8095785789e-03    0.0000000000e+00
    5.8199600317e-03    0.0000000000e+00
    5.8296918869e-03    0.0000000000e+00
    5.8394242078e-03    0.0000000000e+00
    5.8498051949e-03    0.0000000000e+00
    5.8597675525e-03    0.0000000000e+00
    5.8699930087e-03    0.0000000000e+00
    5.8795367368e-03    0.0000000000e+00
    5.8897621930e-03    0.0000000000e+00
    5.8999876492e-03    0.0000000000e+00
    5.9095313773e-03    0.0000000000e+00
    5.9197568335e-03    0.0000000000e+00
    5.9299822897e-03    0.0000000000e+00
    5.9395260178e-03    0.0000000000e+00
    5.9497514740e-03    0.0000000000e+00
    5.9599769302e-03    0.0000000000e+00
    5.9695206583e-03    0.0000000000e+00
    5.9797461145e-03    0.0000000000e+00
    5.9899715707e-03    0.0000000000e+00
    5.9995152988e-03    0.0000000000e+00
    6.0097407550e-03    0.0000000000e+00
    6.0199662112e-03    0.0000000000e+00
    6.0295099393e-03    0.0000000000e+00
    6.0397353955e-03    0.0000000000e+00
    6.0499608517e-03    0.0000000000e+00
    6.0595045798e-03    0.0000000000e+00
    6.0697300360e-03    0.0000000000e+00
    6.0799554922e-03    0.0000000000e+00
    6.0894992203e-03    0.0000000000e+00
    6.0997246765e-03    0.0000000000e+00
    6.1099501327e-03    0.0000000000e+00
    6.1194938608e-03    0.0000000000e+00
    6.1297193170e-03    0.0000000000e+00
    6.1399447732e-03    0.0000000000e+00
    6.1494885013e-03    0.0000000000e+00
    6.1597139575e-03    0.0000000000e+00
    6.1699394137e-03    0.0000000000e+00
    6.1794831418e-03    0.0000000000e+00
    6.1897085980e-03    0.0000000000e+00
    6.1999340542e-03    0.0000000000e+00
    6.2094777822e-03    0.0000000000e+00
    6.2197032385e-03    0.0000000000e+00
    6.2299286947e-03    0.0000000000e+00
    6.2394724227e-03    0.0000000000e+00
    6.2496978790e-03    0.0000000000e+00
    6.2599233352e-03    0.0000000000e+00
    6.2694670632e-03    0.0000000000e+00
    6.2796925195e-03    0.0000000000e+00
    6.2899179757e-03    0.0000000000e+00
    6.2994617037e-03    0.0000000000e+00
    6.3096871600e-03    0.0000000000e+00
    6.3199126162e-03    0.0000000000e+00
    6.3294563442e-03    0.0000000000e+00
    6.3396818005e-03    0.0000000000e+00
    6.3499072567e-03    0.0000000000e+00
    6.3594509847e-03    0.0000000000e+00
    6.3696764410e-03    0.0000000000e+00
    6.3799018972e-03    0.0000000000e+00
    6.3894456252e-03    0.0000000000e+00
    6.3996706158e-03    0.0000000000e+00
    6.4098960720e-03    0.0000000000e+00
    6.4194398001e-03    0.0000000000e+00
    6.4296652563e-03    0.0000000000e+00
    6.4398907125e-03    0.0000000000e+00
    6.4494344406e-03    0.0000000000e+00
    6.4596598968e-03    0.0000000000e+00
    6.4698853530e-03    0.0000000000e+00
    6.4794290811e-03    0.0000000000e+00
    6.4896545373e-03    0.0000000000e+00
    6.4998799935e-03    0.0000000000e+00
    6.5094237216e-03    0.0000000000e+00
    6.5196491778e-03    0.0000000000e+00
    6.5298746340e-03    0.0000000000e+00
    6.5394183621e-03    0.0000000000e+00
    6.5496438183e-03    0.0000000000e+00
    6.5598692745e-03    0.0000000000e+00
    6.5694130026e-03    0.0000000000e+00
    6.5796384588e-03    0.0000000000e+00
    6.5898639150e-03    0.0000000000e+00
    6.5994076431e-03    0.0000000000e+00
    6.6096330993e-03    0.0000000000e+00
    6.6198585555e-03    0.0000000000e+00
    6.6294022836e-03    0.0000000000e+00
    6.6396277398e-03    0.0000000000e+00
    6.6498531960e-03    0.0000000000e+00
    6.6593969241e-03    0.0000000000e+00
    6.6696223803e-03    0.0000000000e+00
    6.6798478365e-03    0.0000000000e+00
    6.6893915646e-03    0.0000000000e+00
    6.6996170208e-03    0.0000000000e+00
    6.7098424770e-03    0.0000000000e+00
    6.7193862051e-03    0.0000000000e+00
    6.7296116613e-03    0.0000000000e+00
    6.7398371175e-03    0.0000000000e+00
    6.7493808456e-03    0.0000000000e+00
    6.7596063018e-03    0.0000000000e+00
    6.7698317580e-03    0.0000000000e+00
    6.7793754861e-03    0.0000000000e+00
    6.7896009423e-03    0.0000000000e+00
    6.7998263985e-03    0.0000000000e+00
    6.8093701266e-03    0.0000000000e+00
    6.8195955828e-03    0.0000000000e+00
    6.8298210390e-03    0.0000000000e+00
    6.8393647671e-03    0.0000000000e+00
    6.8495902233e-03    0.0000000000e+00
    6.8598156795e-03    0.0000000000e+00
    6.8693594076e-03    0.0000000000e+00
    6.8795848638e-03    0.0000000000e+00
    6.8898103200e-03    0.0000000000e+00
    6.8993540481e-03    0.0000000000e+00
    6.9095795043e-03    0.0000000000e+00
    6.9198049605e-03    0.0000000000e+00
    6.9293486886e-03    0.0000000000e+00
    6.9395741448e-03    0.0000000000e+00
    6.9497996010e-03    0.0000000000e+00
    6.9593433291e-03    0.0000000000e+00
    6.9695687853e-03    0.0000000000e+00
    6.9797942415e-03    0.0000000000e+00
    6.9893379696e-03    0.0000000000e+00
    6.9995634258e-03    0.0000000000e+00
    7.0097888820e-03    0.0000000000e+00
    7.0193326101e-03    0.0000000000e+00
    7.0295576006e-03    0.0000000000e+00
    7.0397830568e-03    0.0000000000e+00
    7.0493267849e-03    0.0000000000e+00
    7.0595522411e-03    0.0000000000e+00
    7.0697776973e-03    0.0000000000e+00
    7.0793214254e-03    0.0000000000e+00
    7.0895468816e-03    0.0000000000e+00
    7.0997723378e-03    0.0000000000e+00
    7.1099977940e-03    0.0000000000e+00
    7.1195415221e-03    0.0000000000e+00
    7.1297669783e-03    0.0000000000e+00
    7.1399924345e-03    0.0000000000e+00
    7.1495361626e-03    0.0000000000e+00
    7.1597616188e-03    0.0000000000e+00
    7.1699870750e-03    0.0000000000e+00
    7.1795308031e-03    0.0000000000e+00
    7.1897562593e-03    0.0000000000e+00
    7.1999817155e-03    0.0000000000e+00
    7.2095254436e-03    0.0000000000e+00
    7.2197508998e-03    0.0000000000e+00
    7.2299763560e-03    0.0000000000e+00
    7.2395200841e-03    0.0000000000e+00
    7.2497455403e-03    0.0000000000e+00
    7.2599709965e-03    0.0000000000e+00
    7.2695147246e-03    0.0000000000e+00
    7.2797401808e-03    0.0000000000e+00
    7.2899656370e-03    0.0000000000e+00
    7.2995093651e-03    0.0000000000e+00
    7.3097348213e-03    0.0000000000e+00
    7.3199602775e-03    0.0000000000e+00
    7.3295040056e-03    0.0000000000e+00
    7.3397294618e-03    0.0000000000e+00
    7.3499549180e-03    0.0000000000e+00
    7.3594986461e-03    0.0000000000e+00
    7.3697241023e-03    0.0000000000e+00
    7.3799495585e-03    0.0000000000e+00
    7.3894932866e-03    0.0000000000e+00
    7.3997187428e-03    0.0000000000e+00
    7.4099441990e-03    0.0000000000e+00
    7.4194879271e-03    0.0000000000e+00
    7.4297133833e-03    0.0000000000e+00
    7.4399388395e-03    0.0000000000e+00
    7.4494825676e-03    0.0000000000e+00
    7.4597080238e-03    0.0000000000e+00
    7.4699334800e-03    0.0000000000e+00
    7.4794772081e-03    0.0000000000e+00
    7.4897026643e-03    0.0000000000e+00
    7.4999281205e-03    0.0000000000e+00
    7.5094718486e-03    0.0000000000e+00
    7.5196973048e-03    0.0000000000e+00
    7.5299227610e-03    0.0000000000e+00
    7.5394664891e-03    0.0000000000e+00
    7.5496919453e-03    0.0000000000e+00
    7.5599174015e-03    0.0000000000e+00
    7.5694611296e-03    0.0000000000e+00
    7.5796865858e-03    0.0000000000e+00
    7.5899120420e-03    0.0000000000e+00
    7.5994557701e-03    0.0000000000e+00
    7.6096812263e-03    0.0000000000e+00
    7.6199066825e-03    0.0000000000e+00
    7.6294504106e-03    0.0000000000e+00
    7.6396758668e-03    0.0000000000e+00
    7.6499008574e-03    0.0000000000e+00
    7.6594450511e-03    0.0000000000e+00
    7.6696700417e-03    0.0000000000e+00
    7.6798954979e-03    0.0000000000e+00
    7.6894392259e-03    0.0000000000e+00
    7.6996646821e-03    0.0000000000e+00
    7.7098901384e-03    0.0000000000e+00
    7.7194338664e-03    0.0000000000e+00
    7.7296593226e-03    0.0000000000e+00
    7.7398847789e-03    0.0000000000e+00
    7.7494285069e-03    0.0000000000e+00
    7.7596539631e-03    0.0000000000e+00
    7.7698794194e-03    0.0000000000e+00
    7.7794231474e-03    0.0000000000e+00
    7.7896486036e-03    0.0000000000e+00
    7.7998740599e-03    0.0000000000e+00
    7.8094177879e-03    0.0000000000e+00
    7.8196432441e-03    0.0000000000e+00
    7.8298682347e-03    0.0000000000e+00
    7.8394124284e-03    0.0000000000e+00
    7.8496374190e-03    0.0000000000e+00
    7.8598633409e-03    0.0000000000e+00
    7.8694066033e-03    0.0000000000e+00
    7.8796325251e-03    0.0000000000e+00
    7.8898575157e-03    0.0000000000e+00
    7.8994017094e-03    0.0000000000e+00
    7.9096267000e-03    0.0000000000e+00
    7.9198526219e-03    0.0000000000e+00
    7.9293958843e-03    0.0000000000e+00
    7.9396218061e-03    0.0000000000e+00
    7.9498467967e-03    0.0000000000e+00
    7.9593909904e-03    0.0000000000e+00
    7.9696159810e-03    0.0000000000e+00
    7.9798419029e-03    0.0000000000e+00
    7.9893851653e-03    0.0000000000e+00
    7.9996110871e-03    0.0000000000e+00
    8.0098360777e-03    0.0000000000e+00
    8.0193802714e-03    0.0000000000e+00
    8.0296052620e-03    0.0000000000e+00
    8.0398311839e-03    0.0000000000e+00
    8.0493744463e-03    0.0000000000e+00
    8.0596003681e-03    0.0000000000e+00
    8.0698253587e-03    0.0000000000e+00
    8.0793695524e-03    0.0000000000e+00
    8.0895945430e-03    0.0000000000e+00
    8.0998204648e-03    0.0000000000e+00
    8.1093637273e-03    0.0000000000e+00
    8.1195896491e-03    0.0000000000e+00
    8.1298146397e-03    0.0000000000e+00
    8.1393588334e-03    0.0000000000e+00
    8.1495838240e-03    0.0000000000e+00
    8.1598097458e-03    0.0000000000e+00
    8.1693530083e-03    0.0000000000e+00
    8.1795789301e-03    0.0000000000e+00
    8.1898039207e-03    0.0000000000e+00
    8.1993481144e-03    0.0000000000e+00
    8.2095731050e-03    0.0000000000e+00
    8.2197990268e-03    0.0000000000e+00
    8.2293422893e-03    0.0000000000e+00
    8.2395682111e-03    0.0000000000e+00
    8.2497932017e-03    0.0000000000e+00
    8.2593373954e-03    0.0000000000e+00
    8.2695623860e-03    0.0000000000e+00
    8.2797883078e-03    0.0000000000e+00
    8.2893315703e-03    0.0000000000e+00
    8.2995574921e-03    0.0000000000e+00
    8.3097824827e-03    0.0000000000e+00
    8.3193266764e-03    0.0000000000e+00
    8.3295516670e-03    0.0000000000e+00
    8.3397766575e-03    0.0000000000e+00
    8.3493208513e-03    0.0000000000e+00
    8.3595458418e-03    0.0000000000e+00
    8.3697717637e-03    0.0000000000e+00
    8.3799967542e-03    0.0000000000e+00
    8.3895409480e-03    0.0000000000e+00
    8.3997659385e-03    0.0000000000e+00
    8.4099918604e-03    0.0000000000e+00
    8.4195351228e-03    0.0000000000e+00
    8.4297610447e-03    0.0000000000e+00
    8.4399860352e-03    0.0000000000e+00
    8.4495302290e-03    0.0000000000e+00
    8.4597552195e-03    0.0000000000e+00
    8.4699811414e-03    0.0000000000e+00
    8.4795244038e-03    0.0000000000e+00
    8.4897503257e-03    0.0000000000e+00
    8.4999753162e-03    0.0000000000e+00
    8.5095195100e-03    0.0000000000e+00
    8.5197445005e-03    0.0000000000e+00
    8.5299704224e-03    0.0000000000e+00
    8.5395136848e-03    0.0000000000e+00
    8.5497396067e-03    0.0000000000e+00
    8.5599645972e-03    0.0000000000e+00
    8.5695087910e-03    0.0000000000e+00
    8.5797337815e-03    0.0000000000e+00
    8.5899597034e-03    0.0000000000e+00
    8.5995029658e-03    0.0000000000e+00
    8.6097288877e-03    0.0000000000e+00
    8.6199538782e-03    0.0000000000e+00
    8.6294980720e-03    0.0000000000e+00
    8.6397230625e-03    0.0000000000e+00
    8.6499489844e-03    0.0000000000e+00
    8.6594922468e-03    0.0000000000e+00
    8.6697181687e-03    0.0000000000e+00
    8.6799431592e-03    0.0000000000e+00
    8.6894873530e-03    0.0000000000e+00
    8.6997123435e-03    0.0000000000e+00
    8.7099382654e-03    0.0000000000e+00
    8.7194815278e-03    0.0000000000e+00
    8.7297074497e-03    0.0000000000e+00
    8.7399324402e-03    0.0000000000e+00
    8.7494766340e-03    0.0000000000e+00
    8.7597016245e-03    0.0000000000e+00
    8.7699275464e-03    0.0000000000e+00
    8.7794708088e-03    0.0000000000e+00
    8.7896967307e-03    0.0000000000e+00
    8.7999217212e-03    0.0000000000e+00
    8.8094659150e-03    0.0000000000e+00
    8.8196909055e-03    0.0000000000e+00
    8.8299168274e-03    0.0000000000e+00
    8.8394600898e-03    0.0000000000e+00
    8.8496860117e-03    0.0000000000e+00
    8.8599110022e-03    0.0000000000e+00
    8.8694551960e-03    0.0000000000e+00
    8.8796801865e-03    0.0000000000e+00
    8.8899061084e-03    0.0000000000e+00
    8.8994493708e-03    0.0000000000e+00
    8.9096752927e-03    0.0000000000e+00
    8.9199002832e-03    0.0000000000e+00
    8.9294444770e-03    0.0000000000e+00
    8.9396694675e-03    0.0000000000e+00
    8.9498953894e-03    0.0000000000e+00
    8.9594386518e-03    0.0000000000e+00
    8.9696645737e-03    0.0000000000e+00
    8.9798895642e-03    0.0000000000e+00
    8.9894337580e-03    0.0000000000e+00
    8.9996587485e-03    0.0000000000e+00
    9.0098846704e-03    0.0000000000e+00
    9.0194279328e-03    0.0000000000e+00
    9.0296538547e-03    0.0000000000e+00
    9.0398788452e-03    0.0000000000e+00
    9.0494230390e-03    0.0000000000e+00
    9.0596480295e-03    0.0000000000e+00
    9.0698739514e-03    0.0000000000e+00
    9.0794172138e-03    0.0000000000e+00
    9.0896431357e-03    0.0000000000e+00
    9.0998681262e-03    0.0000000000e+00
    9.1094123200e-03    0.0000000000e+00
    9.1196373105e-03    0.0000000000e+00
    9.1298632324e-03    0.0000000000e+00
    9.1394064948e-03    0.0000000000e+00
    9.1496324167e-03    0.0000000000e+00
    9.1598574072e-03    0.0000000000e+00
    9.1694016010e-03    0.0000000000e+00
    9.1796265915e-03    0.0000000000e+00
    9.1898515821e-03    0.0000000000e+00
    9.1993957758e-03    0.0000000000e+00
    9.2096207663e-03    0.0000000000e+00
    9.2198466882e-03    0.0000000000e+00
    9.2293899506e-03    0.0000000000e+00
    9.2396158725e-03    0.0000000000e+00
    9.2498408630e-03    0.0000000000e+00
    9.2593850568e-03    0.0000000000e+00
    9.2696100473e-03    0.0000000000e+00
    9.2798359692e-03    0.0000000000e+00
    9.2893792316e-03    0.0000000000e+00
    9.2996051535e-03    0.0000000000e+00
    9.3098301440e-03    0.0000000000e+00
    9.3193743378e-03    0.0000000000e+00
    9.3295993283e-03    0.0000000000e+00
    9.3398252502e-03    0.0000000000e+00
    9.3493685126e-03    0.0000000000e+00
    9.3595944345e-03    0.0000000000e+00
    9.3698194250e-03    0.0000000000e+00
    9.3793636188e-03    0.0000000000e+00
    9.3895886093e-03    0.0000000000e+00
    9.3998145312e-03    0.0000000000e+00
    9.4093577936e-03    0.0000000000e+00
    9.4195837155e-03    0.0000000000e+00
    9.4298087060e-03    0.0000000000e+00
    9.4393528998e-03    0.0000000000e+00
    9.4495778903e-03    0.0000000000e+00
    9.4598038122e-03    0.0000000000e+00
    9.4693470746e-03    0.0000000000e+00
    9.4795729965e-03    0.0000000000e+00
    9.4897979870e-03    0.0000000000e+00
    9.4993421808e-03    0.0000000000e+00
    9.5095671713e-03    0.0000000000e+00
    9.5197930932e-03    0.0000000000e+00
    9.5293363556e-03    0.0000000000e+00
    9.5395622775e-03    0.0000000000e+00
    9.5497872680e-03    0.0000000000e+00
    9.5593314618e-03    0.0000000000e+00
    9.5695564523e-03    0.0000000000e+00
    9.5797823742e-03    0.0000000000e+00
    9.5893256366e-03    0.0000000000e+00
    9.5995515585e-03    0.0000000000e+00
    9.6097765490e-03    0.0000000000e+00
    9.6193207428e-03    0.0000000000e+00
    9.6295457333e-03    0.0000000000e+00
    9.6397716552e-03    0.0000000000e+00
    9.6499966457e-03    0.0000000000e+00
    9.6595408395e-03    0.0000000000e+00
    9.6697658300e-03    0.0000000000e+00
    9.6799917519e-03    0.0000000000e+00
    9.6895350143e-03    0.0000000000e+00
    9.6997609362e-03    0.0000000000e+00
    9.7099859267e-03    0.0000000000e+00
    9.7194500268e-03    0.0000000000e+00
    9.7290901467e-03    0.0000000000e+00
    9.7396941856e-03    0.0000000000e+00
    9.7493343055e-03    0.0000000000e+00
    9.7599383444e-03    0.0000000000e+00
    9.7695784643e-03    0.0000000000e+00
    9.7795696929e-03    0.0000000000e+00
    9.7897956148e-03    0.0000000000e+00
    9.7993388772e-03    0.0000000000e+00
    9.8095647991e-03    0.0000000000e+00
    9.8197897896e-03    0.0000000000e+00
    9.8293339834e-03    0.0000000000e+00
    9.8395589739e-03    0.0000000000e+00
    9.8497848958e-03    0.0000000000e+00
    9.8593281582e-03    0.0000000000e+00
    9.8695540801e-03    0.0000000000e+00
    9.8797790706e-03    0.0000000000e+00
    9.8893232644e-03    0.0000000000e+00
    9.8995482549e-03    0.0000000000e+00
    9.9097741768e-03    0.0000000000e+00
    9.9199991673e-03    0.0000000000e+00
    9.9295433611e-03    0.0000000000e+00
    9.9397683516e-03    0.0000000000e+00
    9.9499942735e-03    0.0000000000e+00
    9.9595375359e-03    0.0000000000e+00
    9.9697634578e-03    0.0000000000e+00
    9.9799884483e-03    0.0000000000e+00
    9.9895326421e-03    0.0000000000e+00
    9.9997576326e-03    0.0000000000e+00
    1.0009983554e-02    0.0000000000e+00
    1.0019526817e-02    0.0000000000e+00
    1.0029752739e-02    0.0000000000e+00
    1.0039977729e-02    0.0000000000e+00
    1.0049521923e-02    0.0000000000e+00
    1.0059746914e-02    0.0000000000e+00
    1.0069094598e-02    0.0000000000e+00
    1.0079698637e-02    0.0000000000e+00
    1.0089338757e-02    0.0000000000e+00
    1.0099845938e-02    0.0000000000e+00
    1.0109390132e-02    0.0000000000e+00
    1.0119615123e-02    0.0000000000e+00
    1.0129841045e-02    0.0000000000e+00
    1.0139384307e-02    0.0000000000e+00
    1.0149610229e-02    0.0000000000e+00
    1.0159835219e-02    0.0000000000e+00
    1.0169379413e-02    0.0000000000e+00
    1.0179604404e-02    0.0000000000e+00
    1.0189830326e-02    0.0000000000e+00
    1.0199373588e-02    0.0000000000e+00
    1.0209599510e-02    0.0000000000e+00
    1.0219824500e-02    0.0000000000e+00
    1.0229368694e-02    0.0000000000e+00
    1.0239593685e-02    0.0000000000e+00
    1.0249819607e-02    0.0000000000e+00
    1.0259362869e-02    0.0000000000e+00
    1.0269588791e-02    0.0000000000e+00
    1.0279813781e-02    0.0000000000e+00
    1.0289357975e-02    0.0000000000e+00
    1.0299582966e-02    0.0000000000e+00
    1.0309808888e-02    0.0000000000e+00
    1.0319352150e-02    0.0000000000e+00
    1.0329578072e-02    0.0000000000e+00
    1.0339803062e-02    0.0000000000e+00
    1.0349347256e-02    0.0000000000e+00
    1.0359572247e-02    0.0000000000e+00
    1.0369798169e-02    0.0000000000e+00
    1.0379341431e-02    0.0000000000e+00
    1.0389567353e-02    0.0000000000e+00
    1.0399792343e-02    0.0000000000e+00
    1.0409336537e-02    0.0000000000e+00
    1.0419561528e-02    0.0000000000e+00
    1.0429787450e-02    0.0000000000e+00
    1.0439330712e-02    0.0000000000e+00
    1.0449556634e-02    0.0000000000e+00
    1.0459781624e-02    0.0000000000e+00
    1.0469325818e-02    0.0000000000e+00
    1.0479550809e-02    0.0000000000e+00
    1.0489776731e-02    0.0000000000e+00
    1.0499319993e-02    0.0000000000e+00
    1.0509545915e-02    0.0000000000e+00
    1.0519770905e-02    0.0000000000e+00
    1.0529996827e-02    0.0000000000e+00
    1.0539540090e-02    0.0000000000e+00
    1.0549766012e-02    0.0000000000e+00
    1.0559991002e-02    0.0000000000e+00
    1.0569534265e-02    0.0000000000e+00
    1.0579760186e-02    0.0000000000e+00
    1.0589985177e-02    0.0000000000e+00
    1.0599529371e-02    0.0000000000e+00
    1.0609754361e-02    0.0000000000e+00
    1.0619980283e-02    0.0000000000e+00
    1.0629523546e-02    0.0000000000e+00
    1.0639749467e-02    0.0000000000e+00
    1.0649974458e-02    0.0000000000e+00
    1.0659518652e-02    0.0000000000e+00
    1.0669743642e-02    0.0000000000e+00
    1.0679969564e-02    0.0000000000e+00
    1.0689512827e-02    0.0000000000e+00
    1.0699738748e-02    0.0000000000e+00
    1.0709963739e-02    0.0000000000e+00
    1.0719507933e-02    0.0000000000e+00
    1.0729732923e-02    0.0000000000e+00
    1.0739083402e-02    0.0000000000e+00
    1.0748805478e-02    0.0000000000e+00
    1.0759752244e-02    0.0000000000e+00
    1.0769483633e-02    0.0000000000e+00
    1.0779214092e-02    0.0000000000e+00
    1.0788944550e-02    0.0000000000e+00
    1.0799891315e-02    0.0000000000e+00
    1.0809621774e-02    0.0000000000e+00
    1.0819352232e-02    0.0000000000e+00
    1.0829082690e-02    0.0000000000e+00
    1.0838812217e-02    0.0000000000e+00
    1.0849758983e-02    0.0000000000e+00
    1.0859488510e-02    0.0000000000e+00
    1.0869218968e-02    0.0000000000e+00
    1.0878948495e-02    0.0000000000e+00
    1.0889894329e-02    0.0000000000e+00
    1.0899624787e-02    0.0000000000e+00
    1.0909354314e-02    0.0000000000e+00
    1.0919083841e-02    0.0000000000e+00
    1.0928813368e-02    0.0000000000e+00
    1.0939759202e-02    0.0000000000e+00
    1.0949488729e-02    0.0000000000e+00
    1.0959218256e-02    0.0000000000e+00
    1.0968947783e-02    0.0000000000e+00
    1.0979892686e-02    0.0000000000e+00
    1.0989622213e-02    0.0000000000e+00
    1.0999350809e-02    0.0000000000e+00
    1.1009080335e-02    0.0000000000e+00
    1.1018808931e-02    0.0000000000e+00
    1.1029754765e-02    0.0000000000e+00
    1.1039483361e-02    0.0000000000e+00
    1.1049211957e-02    0.0000000000e+00
    1.1058941483e-02    0.0000000000e+00
    1.1069886386e-02    0.0000000000e+00
    1.1079614982e-02    0.0000000000e+00
    1.1089343578e-02    0.0000000000e+00
    1.1099072173e-02    0.0000000000e+00
    1.1108800769e-02    0.0000000000e+00
    1.1119744740e-02    0.0000000000e+00
    1.1129473336e-02    0.0000000000e+00
    1.1139201932e-02    0.0000000000e+00
    1.1148930527e-02    0.0000000000e+00
    1.1159874499e-02    0.0000000000e+00
    1.1169603094e-02    0.0000000000e+00
    1.1179331690e-02    0.0000000000e+00
    1.1189059354e-02    0.0000000000e+00
    1.1198787950e-02    0.0000000000e+00
    1.1209731922e-02    0.0000000000e+00
    1.1219460517e-02    0.0000000000e+00
    1.1229188181e-02    0.0000000000e+00
    1.1238916777e-02    0.0000000000e+00
    1.1249860749e-02    0.0000000000e+00
    1.1259588413e-02    0.0000000000e+00
    1.1269317009e-02    0.0000000000e+00
    1.1279044673e-02    0.0000000000e+00
    1.1289988644e-02    0.0000000000e+00
    1.1299717240e-02    0.0000000000e+00
    1.1309444904e-02    0.0000000000e+00
    1.1319172569e-02    0.0000000000e+00
    1.1328901164e-02    0.0000000000e+00
    1.1339845136e-02    0.0000000000e+00
    1.1349572800e-02    0.0000000000e+00
    1.1359300464e-02    0.0000000000e+00
    1.1369029060e-02    0.0000000000e+00
    1.1379973032e-02    0.0000000000e+00
    1.1389700696e-02    0.0000000000e+00
    1.1399428360e-02    0.0000000000e+00
    1.1409156956e-02    0.0000000000e+00
    1.1418884620e-02    0.0000000000e+00
    1.1429828592e-02    0.0000000000e+00
    1.1439556256e-02    0.0000000000e+00
    1.1449283920e-02    0.0000000000e+00
    1.1459011585e-02    0.0000000000e+00
    1.1469955556e-02    0.0000000000e+00
    1.1479684152e-02    0.0000000000e+00
    1.1489411816e-02    0.0000000000e+00
    1.1499139480e-02    0.0000000000e+00
    1.1508867145e-02    0.0000000000e+00
    1.1519811116e-02    0.0000000000e+00
    1.1529538780e-02    0.0000000000e+00
    1.1539267376e-02    0.0000000000e+00
    1.1548995040e-02    0.0000000000e+00
    1.1559939012e-02    0.0000000000e+00
    1.1569666676e-02    0.0000000000e+00
    1.1579394341e-02    0.0000000000e+00
    1.1589122936e-02    0.0000000000e+00
    1.1598850600e-02    0.0000000000e+00
    1.1609794572e-02    0.0000000000e+00
    1.1619522236e-02    0.0000000000e+00
    1.1629249901e-02    0.0000000000e+00
    1.1638978496e-02    0.0000000000e+00
    1.1649921536e-02    0.0000000000e+00
    1.1659650132e-02    0.0000000000e+00
    1.1669377796e-02    0.0000000000e+00
    1.1679105461e-02    0.0000000000e+00
    1.1688834056e-02    0.0000000000e+00
    1.1699778028e-02    0.0000000000e+00
    1.1709505692e-02    0.0000000000e+00
    1.1719233356e-02    0.0000000000e+00
    1.1728961021e-02    0.0000000000e+00
    1.1739904992e-02    0.0000000000e+00
    1.1749633588e-02    0.0000000000e+00
    1.1759361252e-02    0.0000000000e+00
    1.1769088916e-02    0.0000000000e+00
    1.1778816581e-02    0.0000000000e+00
    1.1789760552e-02    0.0000000000e+00
    1.1799488217e-02    0.0000000000e+00
    1.1809216812e-02    0.0000000000e+00
    1.1818944477e-02    0.0000000000e+00
    1.1829887517e-02    0.0000000000e+00
    1.1839615181e-02    0.0000000000e+00
    1.1849342845e-02    0.0000000000e+00
    1.1859070510e-02    0.0000000000e+00
    1.1868798174e-02    0.0000000000e+00
    1.1879742146e-02    0.0000000000e+00
    1.1889469810e-02    0.0000000000e+00
    1.1899197474e-02    0.0000000000e+00
    1.1908924207e-02    0.0000000000e+00
    1.1919868179e-02    0.0000000000e+00
    1.1929595843e-02    0.0000000000e+00
    1.1939322576e-02    0.0000000000e+00
    1.1949050240e-02    0.0000000000e+00
    1.1959993280e-02    0.0000000000e+00
    1.1969720945e-02    0.0000000000e+00
    1.1979448609e-02    0.0000000000e+00
    1.1989175342e-02    0.0000000000e+00
    1.1998903006e-02    0.0000000000e+00
    1.2009846047e-02    0.0000000000e+00
    1.2019573711e-02    0.0000000000e+00
    1.2029300444e-02    0.0000000000e+00
    1.2039028108e-02    0.0000000000e+00
    1.2049971148e-02    0.0000000000e+00
    1.2059697881e-02    0.0000000000e+00
    1.2069425546e-02    0.0000000000e+00
    1.2079152279e-02    0.0000000000e+00
    1.2088879943e-02    0.0000000000e+00
    1.2099822052e-02    0.0000000000e+00
    1.2109549716e-02    0.0000000000e+00
    1.2119276449e-02    0.0000000000e+00
    1.2129003182e-02    0.0000000000e+00
    1.2139946222e-02    0.0000000000e+00
    1.2149673887e-02    0.0000000000e+00
    1.2159400620e-02    0.0000000000e+00
    1.2169127353e-02    0.0000000000e+00
    1.2178854086e-02    0.0000000000e+00
    1.2189797126e-02    0.0000000000e+00
    1.2199523859e-02    0.0000000000e+00
    1.2209250592e-02    0.0000000000e+00
    1.2218977325e-02    0.0000000000e+00
    1.2229920365e-02    0.0000000000e+00
    1.2239647098e-02    0.0000000000e+00
    1.2249373831e-02    0.0000000000e+00
    1.2259100564e-02    0.0000000000e+00
    1.2268827297e-02    0.0000000000e+00
    1.2279770337e-02    0.0000000000e+00
    1.2289497070e-02    0.0000000000e+00
    1.2299223803e-02    0.0000000000e+00
    1.2308949605e-02    0.0000000000e+00
    1.2319892645e-02    0.0000000000e+00
    1.2329619378e-02    0.0000000000e+00
    1.2339346111e-02    0.0000000000e+00
    1.2349072844e-02    0.0000000000e+00
    1.2358798645e-02    0.0000000000e+00
    1.2369741686e-02    0.0000000000e+00
    1.2379468419e-02    0.0000000000e+00
    1.2389194220e-02    0.0000000000e+00
    1.2398920953e-02    0.0000000000e+00
    1.2409863994e-02    0.0000000000e+00
    1.2419589795e-02    0.0000000000e+00
    1.2429316528e-02    0.0000000000e+00
    1.2439043261e-02    0.0000000000e+00
    1.2449985370e-02    0.0000000000e+00
    1.2459712103e-02    0.0000000000e+00
    1.2469437905e-02    0.0000000000e+00
    1.2479164638e-02    0.0000000000e+00
    1.2488891371e-02    0.0000000000e+00
    1.2499833480e-02    0.0000000000e+00
    1.2509559281e-02    0.0000000000e+00
    1.2519286014e-02    0.0000000000e+00
    1.2529012747e-02    0.0000000000e+00
    1.2539954856e-02    0.0000000000e+00
    1.2549680658e-02    0.0000000000e+00
    1.2559407391e-02    0.0000000000e+00
    1.2569134124e-02    0.0000000000e+00
    1.2578859925e-02    0.0000000000e+00
    1.2589802034e-02    0.0000000000e+00
    1.2599528767e-02    0.0000000000e+00
    1.2609254569e-02    0.0000000000e+00
    1.2618981302e-02    0.0000000000e+00
    1.2629923411e-02    0.0000000000e+00
    1.2639649212e-02    0.0000000000e+00
    1.2649375014e-02    0.0000000000e+00
    1.2659101747e-02    0.0000000000e+00
    1.2668827549e-02    0.0000000000e+00
    1.2679769658e-02    0.0000000000e+00
    1.2689496391e-02    0.0000000000e+00
    1.2699222192e-02    0.0000000000e+00
    1.2708948925e-02    0.0000000000e+00
    1.2719890103e-02    0.0000000000e+00
    1.2729616836e-02    0.0000000000e+00
    1.2739342637e-02    0.0000000000e+00
    1.2749069370e-02    0.0000000000e+00
    1.2758795172e-02    0.0000000000e+00
    1.2769737281e-02    0.0000000000e+00
    1.2779463083e-02    0.0000000000e+00
    1.2789188884e-02    0.0000000000e+00
    1.2798915617e-02    0.0000000000e+00
    1.2809856795e-02    0.0000000000e+00
    1.2819583528e-02    0.0000000000e+00
    1.2829309329e-02    0.0000000000e+00
    1.2839035131e-02    0.0000000000e+00
    1.2849977240e-02    0.0000000000e+00
    1.2859703042e-02    0.0000000000e+00
    1.2869428843e-02    0.0000000000e+00
    1.2879155576e-02    0.0000000000e+00
    1.2888881378e-02    0.0000000000e+00
    1.2899823487e-02    0.0000000000e+00
    1.2909549288e-02    0.0000000000e+00
    1.2919275090e-02    0.0000000000e+00
    1.2929000892e-02    0.0000000000e+00
    1.2939943001e-02    0.0000000000e+00
    1.2949668802e-02    0.0000000000e+00
    1.2959395535e-02    0.0000000000e+00
    1.2969121337e-02    0.0000000000e+00
    1.2978847139e-02    0.0000000000e+00
    1.2989789248e-02    0.0000000000e+00
    1.2999515049e-02    0.0000000000e+00
    1.3009240851e-02    0.0000000000e+00
    1.3018966652e-02    0.0000000000e+00
    1.3029908761e-02    0.0000000000e+00
    1.3039634563e-02    0.0000000000e+00
    1.3049360365e-02    0.0000000000e+00
    1.3059086166e-02    0.0000000000e+00
    1.3068811968e-02    0.0000000000e+00
    1.3079424389e-02    0.0000000000e+00
    1.3089649379e-02    0.0000000000e+00
    1.3099874370e-02    0.0000000000e+00
    1.3109418564e-02    0.0000000000e+00
    1.3119644485e-02    0.0000000000e+00
    1.3129869476e-02    0.0000000000e+00
    1.3139413670e-02    0.0000000000e+00
    1.3149638660e-02    0.0000000000e+00
    1.3159863651e-02    0.0000000000e+00
    1.3169407845e-02    0.0000000000e+00
    1.3179632835e-02    0.0000000000e+00
    1.3189858757e-02    0.0000000000e+00
    1.3199402019e-02    0.0000000000e+00
    1.3209627941e-02    0.0000000000e+00
    1.3219852932e-02    0.0000000000e+00
    1.3229397126e-02    0.0000000000e+00
    1.3239622116e-02    0.0000000000e+00
    1.3249848038e-02    0.0000000000e+00
    1.3259391300e-02    0.0000000000e+00
    1.3269617222e-02    0.0000000000e+00
    1.3279842213e-02    0.0000000000e+00
    1.3289386407e-02    0.0000000000e+00
    1.3299611397e-02    0.0000000000e+00
    1.3309837319e-02    0.0000000000e+00
    1.3319380581e-02    0.0000000000e+00
    1.3329606503e-02    0.0000000000e+00
    1.3339831494e-02    0.0000000000e+00
    1.3349375688e-02    0.0000000000e+00
    1.3359600678e-02    0.0000000000e+00
    1.3369826600e-02    0.0000000000e+00
    1.3379369862e-02    0.0000000000e+00
    1.3389595784e-02    0.0000000000e+00
    1.3399820775e-02    0.0000000000e+00
    1.3409364969e-02    0.0000000000e+00
    1.3419589959e-02    0.0000000000e+00
    1.3429815881e-02    0.0000000000e+00
    1.3439359143e-02    0.0000000000e+00
    1.3449585065e-02    0.0000000000e+00
    1.3459810056e-02    0.0000000000e+00
    1.3469354250e-02    0.0000000000e+00
    1.3479579240e-02    0.0000000000e+00
    1.3489805162e-02    0.0000000000e+00
    1.3499348424e-02    0.0000000000e+00
    1.3509574346e-02    0.0000000000e+00
    1.3519799337e-02    0.0000000000e+00
    1.3529343531e-02    0.0000000000e+00
    1.3539568521e-02    0.0000000000e+00
    1.3549794443e-02    0.0000000000e+00
    1.3559337705e-02    0.0000000000e+00
    1.3569563627e-02    0.0000000000e+00
    1.3579788618e-02    0.0000000000e+00
    1.3589332812e-02    0.0000000000e+00
    1.3599557802e-02    0.0000000000e+00
    1.3609783724e-02    0.0000000000e+00
    1.3619326986e-02    0.0000000000e+00
    1.3629620895e-02    0.0000000000e+00
    1.3639519922e-02    0.0000000000e+00
    1.3649245724e-02    0.0000000000e+00
    1.3658971526e-02    0.0000000000e+00
    1.3669912703e-02    0.0000000000e+00
    1.3679638505e-02    0.0000000000e+00
    1.3689365238e-02    0.0000000000e+00
    1.3699091040e-02    0.0000000000e+00
    1.3708816841e-02    0.0000000000e+00
    1.3719758019e-02    0.0000000000e+00
    1.3729483820e-02    0.0000000000e+00
    1.3739210553e-02    0.0000000000e+00
    1.3748936355e-02    0.0000000000e+00
    1.3759877533e-02    0.0000000000e+00
    1.3769604266e-02    0.0000000000e+00
    1.3779330067e-02    0.0000000000e+00
    1.3789055869e-02    0.0000000000e+00
    1.3799997978e-02    0.0000000000e+00
    1.3809723780e-02    0.0000000000e+00
    1.3819449581e-02    0.0000000000e+00
    1.3829175383e-02    0.0000000000e+00
    1.3838902116e-02    0.0000000000e+00
    1.3849843293e-02    0.0000000000e+00
    1.3859570026e-02    0.0000000000e+00
    1.3869295828e-02    0.0000000000e+00
    1.3879021630e-02    0.0000000000e+00
    1.3889963739e-02    0.0000000000e+00
    1.3899690472e-02    0.0000000000e+00
    1.3909416273e-02    0.0000000000e+00
    1.3919142075e-02    0.0000000000e+00
    1.3928868808e-02    0.0000000000e+00
    1.3939810917e-02    0.0000000000e+00
    1.3949536718e-02    0.0000000000e+00
    1.3959263451e-02    0.0000000000e+00
    1.3968989253e-02    0.0000000000e+00
    1.3979931362e-02    0.0000000000e+00
    1.3989658095e-02    0.0000000000e+00
    1.3999383897e-02    0.0000000000e+00
    1.4009110630e-02    0.0000000000e+00
    1.4018836431e-02    0.0000000000e+00
    1.4029779471e-02    0.0000000000e+00
    1.4039505273e-02    0.0000000000e+00
    1.4049232006e-02    0.0000000000e+00
    1.4058958739e-02    0.0000000000e+00
    1.4069900848e-02    0.0000000000e+00
    1.4079626650e-02    0.0000000000e+00
    1.4089353383e-02    0.0000000000e+00
    1.4099080116e-02    0.0000000000e+00
    1.4108806849e-02    0.0000000000e+00
    1.4119748957e-02    0.0000000000e+00
    1.4129475690e-02    0.0000000000e+00
    1.4139202423e-02    0.0000000000e+00
    1.4148929156e-02    0.0000000000e+00
    1.4159871265e-02    0.0000000000e+00
    1.4169597998e-02    0.0000000000e+00
    1.4179324731e-02    0.0000000000e+00
    1.4189051464e-02    0.0000000000e+00
    1.4199994504e-02    0.0000000000e+00
    1.4209721237e-02    0.0000000000e+00
    1.4219447970e-02    0.0000000000e+00
    1.4229174703e-02    0.0000000000e+00
    1.4238901436e-02    0.0000000000e+00
    1.4249844477e-02    0.0000000000e+00
    1.4259571210e-02    0.0000000000e+00
    1.4269297943e-02    0.0000000000e+00
    1.4279025607e-02    0.0000000000e+00
    1.4289967716e-02    0.0000000000e+00
    1.4299695380e-02    0.0000000000e+00
    1.4309422113e-02    0.0000000000e+00
    1.4319149777e-02    0.0000000000e+00
    1.4328876510e-02    0.0000000000e+00
    1.4339819551e-02    0.0000000000e+00
    1.4349547215e-02    0.0000000000e+00
    1.4359273948e-02    0.0000000000e+00
    1.4369001612e-02    0.0000000000e+00
    1.4379944652e-02    0.0000000000e+00
    1.4389672317e-02    0.0000000000e+00
    1.4399399981e-02    0.0000000000e+00
    1.4409126714e-02    0.0000000000e+00
    1.4418854378e-02    0.0000000000e+00
    1.4429797418e-02    0.0000000000e+00
    1.4439525083e-02    0.0000000000e+00
    1.4449252747e-02    0.0000000000e+00
    1.4458980411e-02    0.0000000000e+00
    1.4469924383e-02    0.0000000000e+00
    1.4479652047e-02    0.0000000000e+00
    1.4489379711e-02    0.0000000000e+00
    1.4499107376e-02    0.0000000000e+00
    1.4508835040e-02    0.0000000000e+00
    1.4519779012e-02    0.0000000000e+00
    1.4529506676e-02    0.0000000000e+00
    1.4539234340e-02    0.0000000000e+00
    1.4548962004e-02    0.0000000000e+00
    1.4559905976e-02    0.0000000000e+00
    1.4569634572e-02    0.0000000000e+00
    1.4579362236e-02    0.0000000000e+00
    1.4589090832e-02    0.0000000000e+00
    1.4598818496e-02    0.0000000000e+00
    1.4609762467e-02    0.0000000000e+00
    1.4619491063e-02    0.0000000000e+00
    1.4629218727e-02    0.0000000000e+00
    1.4638947323e-02    0.0000000000e+00
    1.4649892226e-02    0.0000000000e+00
    1.4659619890e-02    0.0000000000e+00
    1.4669348486e-02    0.0000000000e+00
    1.4679077081e-02    0.0000000000e+00
    1.4688805677e-02    0.0000000000e+00
    1.4699750580e-02    0.0000000000e+00
    1.4709479176e-02    0.0000000000e+00
    1.4719207771e-02    0.0000000000e+00
    1.4728936367e-02    0.0000000000e+00
    1.4739881270e-02    0.0000000000e+00
    1.4749609865e-02    0.0000000000e+00
    1.4759338461e-02    0.0000000000e+00
    1.4769067056e-02    0.0000000000e+00
    1.4778796583e-02    0.0000000000e+00
    1.4789741486e-02    0.0000000000e+00
    1.4799470082e-02    0.0000000000e+00
    1.4809199609e-02    0.0000000000e+00
    1.4818928204e-02    0.0000000000e+00
    1.4829874039e-02    0.0000000000e+00
    1.4839602634e-02    0.0000000000e+00
    1.4849332161e-02    0.0000000000e+00
    1.4859061688e-02    0.0000000000e+00
    1.4868790284e-02    0.0000000000e+00
    1.4879736118e-02    0.0000000000e+00
    1.4889465645e-02    0.0000000000e+00
    1.4899195172e-02    0.0000000000e+00
    1.4908924699e-02    0.0000000000e+00
    1.4919869602e-02    0.0000000000e+00
    1.4929599129e-02    0.0000000000e+00
    1.4939328656e-02    0.0000000000e+00
    1.4949058183e-02    0.0000000000e+00
    1.4958788641e-02    0.0000000000e+00
    1.4969734475e-02    0.0000000000e+00
    1.4979464002e-02    0.0000000000e+00
    1.4989193529e-02    0.0000000000e+00
    1.4998923987e-02    0.0000000000e+00
    1.5009869821e-02    0.0000000000e+00
    1.5019599348e-02    0.0000000000e+00
    1.5029329807e-02    0.0000000000e+00
    1.5039059334e-02    0.0000000000e+00
    1.5048789792e-02    0.0000000000e+00
    1.5059735626e-02    0.0000000000e+00
    1.5069466084e-02    0.0000000000e+00
    1.5079195611e-02    0.0000000000e+00
    1.5088926069e-02    0.0000000000e+00
    1.5099872835e-02    0.0000000000e+00
    1.5109603293e-02    0.0000000000e+00
    1.5119332820e-02    0.0000000000e+00
    1.5129063278e-02    0.0000000000e+00
    1.5138793737e-02    0.0000000000e+00
    1.5149740502e-02    0.0000000000e+00
    1.5159470960e-02    0.0000000000e+00
    1.5169201419e-02    0.0000000000e+00
    1.5178931877e-02    0.0000000000e+00
    1.5189878643e-02    0.0000000000e+00
    1.5199610032e-02    0.0000000000e+00
    1.5209340490e-02    0.0000000000e+00
    1.5219070949e-02    0.0000000000e+00
    1.5228801407e-02    0.0000000000e+00
    1.5239749104e-02    0.0000000000e+00
    1.5249479562e-02    0.0000000000e+00
    1.5259210020e-02    0.0000000000e+00
    1.5268941410e-02    0.0000000000e+00
    1.5279888175e-02    0.0000000000e+00
    1.5289619565e-02    0.0000000000e+00
    1.5299350023e-02    0.0000000000e+00
    1.5309081413e-02    0.0000000000e+00
    1.5318812802e-02    0.0000000000e+00
    1.5329759568e-02    0.0000000000e+00
    1.5339490958e-02    0.0000000000e+00
    1.5349221416e-02    0.0000000000e+00
    1.5358952805e-02    0.0000000000e+00
    1.5369900502e-02    0.0000000000e+00
    1.5379630961e-02    0.0000000000e+00
    1.5389362350e-02    0.0000000000e+00
    1.5399093740e-02    0.0000000000e+00
    1.5408824198e-02    0.0000000000e+00
    1.5419771895e-02    0.0000000000e+00
    1.5429503284e-02    0.0000000000e+00
    1.5439233743e-02    0.0000000000e+00
    1.5448965132e-02    0.0000000000e+00
    1.5459911898e-02    0.0000000000e+00
    1.5469643287e-02    0.0000000000e+00
    1.5479374677e-02    0.0000000000e+00
    1.5489105135e-02    0.0000000000e+00
    1.5498836525e-02    0.0000000000e+00
    1.5509784222e-02    0.0000000000e+00
    1.5519514680e-02    0.0000000000e+00
    1.5529246069e-02    0.0000000000e+00
    1.5538976528e-02    0.0000000000e+00
    1.5549924225e-02    0.0000000000e+00
    1.5559655614e-02    0.0000000000e+00
    1.5569386072e-02    0.0000000000e+00
    1.5579117462e-02    0.0000000000e+00
    1.5588848852e-02    0.0000000000e+00
    1.5599795617e-02    0.0000000000e+00
    1.5609527007e-02    0.0000000000e+00
    1.5619258396e-02    0.0000000000e+00
    1.5628987923e-02    0.0000000000e+00
    1.5639936551e-02    0.0000000000e+00
    1.5649667010e-02    0.0000000000e+00
    1.5659397468e-02    0.0000000000e+00
    1.5669129789e-02    0.0000000000e+00
    1.5678860247e-02    0.0000000000e+00
    1.5689807013e-02    0.0000000000e+00
    1.5699282289e-02    0.0000000000e+00
    1.5709374100e-02    0.0000000000e+00
    1.5719467774e-02    0.0000000000e+00
    1.5729559585e-02    0.0000000000e+00
    1.5739651397e-02    0.0000000000e+00
    1.5749745071e-02    0.0000000000e+00
    1.5759836882e-02    0.0000000000e+00
    1.5769930556e-02    0.0000000000e+00
    1.5779105946e-02    0.0000000000e+00
    1.5789197758e-02    0.0000000000e+00
    1.5799291432e-02    0.0000000000e+00
    1.5809383243e-02    0.0000000000e+00
    1.5819476917e-02    0.0000000000e+00
    1.5829568729e-02    0.0000000000e+00
    1.5839660540e-02    0.0000000000e+00
    1.5849754214e-02    0.0000000000e+00
    1.5859846026e-02    0.0000000000e+00
    1.5869939700e-02    0.0000000000e+00
    1.5879115090e-02    0.0000000000e+00
    1.5889206901e-02    0.0000000000e+00
    1.5899300575e-02    0.0000000000e+00
    1.5909392387e-02    0.0000000000e+00
    1.5919484198e-02    0.0000000000e+00
    1.5929577872e-02    0.0000000000e+00
    1.5939669684e-02    0.0000000000e+00
    1.5949763358e-02    0.0000000000e+00
    1.5959855169e-02    0.0000000000e+00
    1.5969948843e-02    0.0000000000e+00
    1.5979124233e-02    0.0000000000e+00
    1.5989216045e-02    0.0000000000e+00
    1.5999307856e-02    0.0000000000e+00
    1.6009401530e-02    0.0000000000e+00
    1.6019493341e-02    0.0000000000e+00
    1.6029587016e-02    0.0000000000e+00
    1.6039678827e-02    0.0000000000e+00
    1.6049772501e-02    0.0000000000e+00
    1.6059864312e-02    0.0000000000e+00
    1.6069957986e-02    0.0000000000e+00
    1.6079131514e-02    0.0000000000e+00
    1.6089225188e-02    0.0000000000e+00
    1.6099316999e-02    0.0000000000e+00
    1.6109410673e-02    0.0000000000e+00
    1.6119735315e-02    0.0000000000e+00
    1.6129376367e-02    0.0000000000e+00
    1.6139980406e-02    0.0000000000e+00
    1.6149619594e-02    0.0000000000e+00
    1.6159260646e-02    0.0000000000e+00
    1.6169864684e-02    0.0000000000e+00
    1.6179503873e-02    0.0000000000e+00
    1.6189144924e-02    0.0000000000e+00
    1.6199748963e-02    0.0000000000e+00
    1.6209388152e-02    0.0000000000e+00
    1.6219992191e-02    0.0000000000e+00
    1.6229633242e-02    0.0000000000e+00
    1.6239272431e-02    0.0000000000e+00
    1.6249876469e-02    0.0000000000e+00
    1.6259517521e-02    0.0000000000e+00
    1.6269156709e-02    0.0000000000e+00
    1.6279760748e-02    0.0000000000e+00
    1.6289401799e-02    0.0000000000e+00
    1.6299040988e-02    0.0000000000e+00
    1.6309645027e-02    0.0000000000e+00
    1.6319286078e-02    0.0000000000e+00
    1.6329890117e-02    0.0000000000e+00
    1.6339529306e-02    0.0000000000e+00
    1.6349170357e-02    0.0000000000e+00
    1.6359774396e-02    0.0000000000e+00
    1.6369413584e-02    0.0000000000e+00
    1.6379054636e-02    0.0000000000e+00
    1.6389658675e-02    0.0000000000e+00
    1.6399297863e-02    0.0000000000e+00
    1.6409901902e-02    0.0000000000e+00
    1.6419542953e-02    0.0000000000e+00
    1.6429182142e-02    0.0000000000e+00
    1.6439786181e-02    0.0000000000e+00
    1.6449427232e-02    0.0000000000e+00
    1.6459066421e-02    0.0000000000e+00
    1.6469670460e-02    0.0000000000e+00
    1.6479948536e-02    0.0000000000e+00
    1.6489123926e-02    0.0000000000e+00
    1.6499217600e-02    0.0000000000e+00
    1.6509309411e-02    0.0000000000e+00
    1.6519403085e-02    0.0000000000e+00
    1.6529494897e-02    0.0000000000e+00
    1.6539586708e-02    0.0000000000e+00
    1.6549680382e-02    0.0000000000e+00
    1.6559772193e-02    0.0000000000e+00
    1.6569865867e-02    0.0000000000e+00
    1.6579957679e-02    0.0000000000e+00
    1.6589133069e-02    0.0000000000e+00
    1.6599226743e-02    0.0000000000e+00
    1.6609318554e-02    0.0000000000e+00
    1.6619410366e-02    0.0000000000e+00
    1.6629504040e-02    0.0000000000e+00
    1.6639595851e-02    0.0000000000e+00
    1.6649689525e-02    0.0000000000e+00
    1.6659781337e-02    0.0000000000e+00
    1.6669189557e-02    0.0000000000e+00
    1.6679793596e-02    0.0000000000e+00
    1.6689432785e-02    0.0000000000e+00
    1.6699073836e-02    0.0000000000e+00
    1.6709677875e-02    0.0000000000e+00
    1.6719317064e-02    0.0000000000e+00
    1.6729876399e-02    0.0000000000e+00
    1.6739968210e-02    0.0000000000e+00
    1.6749143600e-02    0.0000000000e+00
    1.6759235412e-02    0.0000000000e+00
    1.6769329086e-02    0.0000000000e+00
    1.6779420897e-02    0.0000000000e+00
    1.6789514571e-02    0.0000000000e+00
    1.6799606383e-02    0.0000000000e+00
    1.6809700057e-02    0.0000000000e+00
    1.6819791868e-02    0.0000000000e+00
    1.6829883680e-02    0.0000000000e+00
    1.6839977354e-02    0.0000000000e+00
    1.6849152744e-02    0.0000000000e+00
    1.6859244555e-02    0.0000000000e+00
    1.6869338229e-02    0.0000000000e+00
    1.6879430041e-02    0.0000000000e+00
    1.6889523715e-02    0.0000000000e+00
    1.6899615526e-02    0.0000000000e+00
    1.6909707338e-02    0.0000000000e+00
    1.6919115558e-02    0.0000000000e+00
    1.6929719597e-02    0.0000000000e+00
    1.6939360648e-02    0.0000000000e+00
    1.6949964687e-02    0.0000000000e+00
    1.6959603876e-02    0.0000000000e+00
    1.6969244927e-02    0.0000000000e+00
    1.6979848966e-02    0.0000000000e+00
    1.6989488155e-02    0.0000000000e+00
    1.6999129206e-02    0.0000000000e+00
    1.7009733245e-02    0.0000000000e+00
    1.7019372433e-02    0.0000000000e+00
    1.7029976472e-02    0.0000000000e+00
    1.7039617524e-02    0.0000000000e+00
    1.7049256712e-02    0.0000000000e+00
    1.7059860751e-02    0.0000000000e+00
    1.7069501802e-02    0.0000000000e+00
    1.7079140991e-02    0.0000000000e+00
    1.7089745030e-02    0.0000000000e+00
    1.7099386081e-02    0.0000000000e+00
    1.7109990120e-02    0.0000000000e+00
    1.7119629309e-02    0.0000000000e+00
    1.7129270360e-02    0.0000000000e+00
    1.7139874399e-02    0.0000000000e+00
    1.7149513587e-02    0.0000000000e+00
    1.7159154639e-02    0.0000000000e+00
    1.7169758677e-02    0.0000000000e+00
    1.7179397866e-02    0.0000000000e+00
    1.7189038917e-02    0.0000000000e+00
    1.7199642956e-02    0.0000000000e+00
    1.7209282145e-02    0.0000000000e+00
    1.7219886184e-02    0.0000000000e+00
    1.7229527235e-02    0.0000000000e+00
    1.7239166424e-02    0.0000000000e+00
    1.7249770463e-02    0.0000000000e+00
    1.7259411514e-02    0.0000000000e+00
    1.7269050702e-02    0.0000000000e+00
    1.7279654741e-02    0.0000000000e+00
    1.7289295793e-02    0.0000000000e+00
    1.7299899831e-02    0.0000000000e+00
    1.7309539020e-02    0.0000000000e+00
    1.7319772393e-02    0.0000000000e+00
    1.7329864204e-02    0.0000000000e+00
    1.7339225858e-02    0.0000000000e+00
    1.7349829897e-02    0.0000000000e+00
    1.7359469086e-02    0.0000000000e+00
    1.7369110137e-02    0.0000000000e+00
    1.7379714176e-02    0.0000000000e+00
    1.7389353365e-02    0.0000000000e+00
    1.7399957404e-02    0.0000000000e+00
    1.7409184948e-02    0.0000000000e+00
    1.7419788986e-02    0.0000000000e+00
    1.7429430038e-02    0.0000000000e+00
    1.7439069226e-02    0.0000000000e+00
    1.7449533567e-02    0.0000000000e+00
    1.7459627241e-02    0.0000000000e+00
    1.7469719052e-02    0.0000000000e+00
    1.7479812726e-02    0.0000000000e+00
    1.7489904538e-02    0.0000000000e+00
    1.7499998212e-02    0.0000000000e+00
    1.7509171739e-02    0.0000000000e+00
    1.7519265413e-02    0.0000000000e+00
    1.7529357225e-02    0.0000000000e+00
    1.7539450899e-02    0.0000000000e+00
    1.7549542710e-02    0.0000000000e+00
    1.7559636384e-02    0.0000000000e+00
    1.7569728196e-02    0.0000000000e+00
    1.7579821870e-02    0.0000000000e+00
    1.7589913681e-02    0.0000000000e+00
    1.7599089071e-02    0.0000000000e+00
    1.7609180883e-02    0.0000000000e+00
    1.7619274557e-02    0.0000000000e+00
    1.7629366368e-02    0.0000000000e+00
    1.7639460042e-02    0.0000000000e+00
    1.7649551854e-02    0.0000000000e+00
    1.7659645528e-02    0.0000000000e+00
    1.7669737339e-02    0.0000000000e+00
    1.7679829150e-02    0.0000000000e+00
    1.7689922825e-02    0.0000000000e+00
    1.7699098215e-02    0.0000000000e+00
    1.7709190026e-02    0.0000000000e+00
    1.7719283700e-02    0.0000000000e+00
    1.7729375511e-02    0.0000000000e+00
    1.7739469185e-02    0.0000000000e+00
    1.7749560997e-02    0.0000000000e+00
    1.7759652808e-02    0.0000000000e+00
    1.7769746482e-02    0.0000000000e+00
    1.7779838294e-02    0.0000000000e+00
    1.7789931968e-02    0.0000000000e+00
    1.7799107358e-02    0.0000000000e+00
    1.7809199169e-02    0.0000000000e+00
    1.7819292843e-02    0.0000000000e+00
    1.7829384655e-02    0.0000000000e+00
    1.7839476466e-02    0.0000000000e+00
    1.7849570140e-02    0.0000000000e+00
    1.7859661952e-02    0.0000000000e+00
    1.7869755626e-02    0.0000000000e+00
    1.7879847437e-02    0.0000000000e+00
    1.7889941111e-02    0.0000000000e+00
    1.7899116501e-02    0.0000000000e+00
    1.7909208313e-02    0.0000000000e+00
    1.7919300124e-02    0.0000000000e+00
    1.7929393798e-02    0.0000000000e+00
    1.7939485610e-02    0.0000000000e+00
    1.7949579284e-02    0.0000000000e+00
    1.7959857360e-02    0.0000000000e+00
    1.7969498411e-02    0.0000000000e+00
    1.7979137599e-02    0.0000000000e+00
    1.7989741638e-02    0.0000000000e+00
    1.7999382690e-02    0.0000000000e+00
    1.8009986728e-02    0.0000000000e+00
    1.8019625917e-02    0.0000000000e+00
    1.8029266968e-02    0.0000000000e+00
    1.8039871007e-02    0.0000000000e+00
    1.8049510196e-02    0.0000000000e+00
    1.8059151247e-02    0.0000000000e+00
    1.8069755286e-02    0.0000000000e+00
    1.8079394475e-02    0.0000000000e+00
    1.8089998513e-02    0.0000000000e+00
    1.8099639565e-02    0.0000000000e+00
    1.8109278753e-02    0.0000000000e+00
    1.8119882792e-02    0.0000000000e+00
    1.8129523844e-02    0.0000000000e+00
    1.8139163032e-02    0.0000000000e+00
    1.8149767071e-02    0.0000000000e+00
    1.8159408122e-02    0.0000000000e+00
    1.8169047311e-02    0.0000000000e+00
    1.8179651350e-02    0.0000000000e+00
    1.8189245835e-02    0.0000000000e+00
    1.8199337646e-02    0.0000000000e+00
    1.8209431320e-02    0.0000000000e+00
    1.8219523132e-02    0.0000000000e+00
    1.8229614943e-02    0.0000000000e+00
    1.8239708617e-02    0.0000000000e+00
    1.8249800429e-02    0.0000000000e+00
    1.8259894103e-02    0.0000000000e+00
    1.8269985914e-02    0.0000000000e+00
    1.8279161304e-02    0.0000000000e+00
    1.8289254978e-02    0.0000000000e+00
    1.8299346790e-02    0.0000000000e+00
    1.8309438601e-02    0.0000000000e+00
    1.8319532275e-02    0.0000000000e+00
    1.8329624087e-02    0.0000000000e+00
    1.8339717761e-02    0.0000000000e+00
    1.8349809572e-02    0.0000000000e+00
    1.8359903246e-02    0.0000000000e+00
    1.8369995058e-02    0.0000000000e+00
    1.8379170448e-02    0.0000000000e+00
    1.8389262259e-02    0.0000000000e+00
    1.8399355933e-02    0.0000000000e+00
    1.8409447744e-02    0.0000000000e+00
    1.8419541419e-02    0.0000000000e+00
    1.8429633230e-02    0.0000000000e+00
    1.8439726904e-02    0.0000000000e+00
    1.8449818715e-02    0.0000000000e+00
    1.8459912390e-02    0.0000000000e+00
    1.8469085917e-02    0.0000000000e+00
    1.8479179591e-02    0.0000000000e+00
    1.8489271402e-02    0.0000000000e+00
    1.8499365076e-02    0.0000000000e+00
    1.8509456888e-02    0.0000000000e+00
    1.8519550562e-02    0.0000000000e+00
    1.8529642373e-02    0.0000000000e+00
    1.8539736047e-02    0.0000000000e+00
    1.8549827859e-02    0.0000000000e+00
    1.8559921533e-02    0.0000000000e+00
    1.8569095060e-02    0.0000000000e+00
    1.8579188734e-02    0.0000000000e+00
    1.8589280546e-02    0.0000000000e+00
    1.8599374220e-02    0.0000000000e+00
    1.8609466031e-02    0.0000000000e+00
    1.8619559705e-02    0.0000000000e+00
    1.8629651517e-02    0.0000000000e+00
    1.8639745191e-02    0.0000000000e+00
    1.8649837002e-02    0.0000000000e+00
    1.8659928814e-02    0.0000000000e+00
    1.8669104204e-02    0.0000000000e+00
    1.8679197878e-02    0.0000000000e+00
    1.8689289689e-02    0.0000000000e+00
    1.8699383363e-02    0.0000000000e+00
    1.8709475175e-02    0.0000000000e+00
    1.8719568849e-02    0.0000000000e+00
    1.8729660660e-02    0.0000000000e+00
    1.8739752471e-02    0.0000000000e+00
    1.8749846146e-02    0.0000000000e+00
    1.8759937957e-02    0.0000000000e+00
    1.8769113347e-02    0.0000000000e+00
    1.8779207021e-02    0.0000000000e+00
    1.8789298832e-02    0.0000000000e+00
    1.8799392506e-02    0.0000000000e+00
    1.8809484318e-02    0.0000000000e+00
    1.8819576129e-02    0.0000000000e+00
    1.8829669803e-02    0.0000000000e+00
    1.8839761615e-02    0.0000000000e+00
    1.8849855289e-02    0.0000000000e+00
    1.8859947100e-02    0.0000000000e+00
    1.8869122490e-02    0.0000000000e+00
    1.8879216164e-02    0.0000000000e+00
    1.8889307976e-02    0.0000000000e+00
    1.8899399787e-02    0.0000000000e+00
    1.8909493461e-02    0.0000000000e+00
    1.8919585273e-02    0.0000000000e+00
    1.8929678947e-02    0.0000000000e+00
    1.8939770758e-02    0.0000000000e+00
    1.8949864432e-02    0.0000000000e+00
    1.8959956244e-02    0.0000000000e+00
    1.8969131634e-02    0.0000000000e+00
    1.8979223445e-02    0.0000000000e+00
    1.8989317119e-02    0.0000000000e+00
    1.8999408931e-02    0.0000000000e+00
    1.9009502605e-02    0.0000000000e+00
    1.9019594416e-02    0.0000000000e+00
    1.9029688090e-02    0.0000000000e+00
    1.9039779902e-02    0.0000000000e+00
    1.9049873576e-02    0.0000000000e+00
    1.9059965387e-02    0.0000000000e+00
    1.9069140777e-02    0.0000000000e+00
    1.9079232588e-02    0.0000000000e+00
    1.9089326262e-02    0.0000000000e+00
    1.9099418074e-02    0.0000000000e+00
    1.9109511748e-02    0.0000000000e+00
    1.9119603559e-02    0.0000000000e+00
    1.9129697233e-02    0.0000000000e+00
    1.9139965996e-02    0.0000000000e+00
    1.9149698317e-02    0.0000000000e+00
    1.9159430638e-02    0.0000000000e+00
    1.9169811159e-02    0.0000000000e+00
    1.9179543480e-02    0.0000000000e+00
    1.9189924002e-02    0.0000000000e+00
    1.9199656323e-02    0.0000000000e+00
    1.9209388644e-02    0.0000000000e+00
    1.9219771028e-02    0.0000000000e+00
    1.9229503348e-02    0.0000000000e+00
    1.9239883870e-02    0.0000000000e+00
    1.9249616191e-02    0.0000000000e+00
    1.9259996712e-02    0.0000000000e+00
    1.9269729033e-02    0.0000000000e+00
    1.9279461354e-02    0.0000000000e+00
    1.9289841875e-02    0.0000000000e+00
    1.9299574196e-02    0.0000000000e+00
    1.9309956580e-02    0.0000000000e+00
    1.9319687039e-02    0.0000000000e+00
    1.9329419360e-02    0.0000000000e+00
    1.9339801744e-02    0.0000000000e+00
    1.9349534065e-02    0.0000000000e+00
    1.9359914586e-02    0.0000000000e+00
    1.9369646907e-02    0.0000000000e+00
    1.9379379228e-02    0.0000000000e+00
    1.9389759749e-02    0.0000000000e+00
    1.9399492070e-02    0.0000000000e+00
    1.9409872591e-02    0.0000000000e+00
    1.9419604912e-02    0.0000000000e+00
    1.9429987296e-02    0.0000000000e+00
    1.9439717755e-02    0.0000000000e+00
    1.9449450076e-02    0.0000000000e+00
    1.9459832460e-02    0.0000000000e+00
    1.9469564781e-02    0.0000000000e+00
    1.9479945302e-02    0.0000000000e+00
    1.9489677623e-02    0.0000000000e+00
    1.9499409944e-02    0.0000000000e+00
    1.9509790465e-02    0.0000000000e+00
    1.9519522786e-02    0.0000000000e+00
    1.9529903308e-02    0.0000000000e+00
    1.9539635628e-02    0.0000000000e+00
    1.9549367949e-02    0.0000000000e+00
    1.9559750333e-02    0.0000000000e+00
    1.9569480792e-02    0.0000000000e+00
    1.9579863176e-02    0.0000000000e+00
    1.9589595497e-02    0.0000000000e+00
    1.9599976018e-02    0.0000000000e+00
    1.9609708339e-02    0.0000000000e+00
    1.9619440660e-02    0.0000000000e+00
    1.9629821181e-02    0.0000000000e+00
    1.9639553502e-02    0.0000000000e+00
    1.9649934024e-02    0.0000000000e+00
    1.9659666345e-02    0.0000000000e+00
    1.9669398665e-02    0.0000000000e+00
    1.9679781049e-02    0.0000000000e+00
    1.9689511508e-02    0.0000000000e+00
    1.9699893892e-02    0.0000000000e+00
    1.9709626213e-02    0.0000000000e+00
    1.9719358534e-02    0.0000000000e+00
    1.9729739055e-02    0.0000000000e+00
    1.9739471376e-02    0.0000000000e+00
    1.9749851897e-02    0.0000000000e+00
    1.9759584218e-02    0.0000000000e+00
    1.9769964740e-02    0.0000000000e+00
    1.9779697061e-02    0.0000000000e+00
    1.9789429381e-02    0.0000000000e+00
    1.9799811766e-02    0.0000000000e+00
    1.9809542224e-02    0.0000000000e+00
    1.9819924608e-02    0.0000000000e+00
    1.9829656929e-02    0.0000000000e+00
    1.9839389250e-02    0.0000000000e+00
    1.9849769771e-02    0.0000000000e+00
    1.9859502092e-02    0.0000000000e+00
    1.9869882613e-02    0.0000000000e+00
    1.9879614934e-02    0.0000000000e+00
    1.9889995456e-02    0.0000000000e+00
    1.9899727777e-02    0.0000000000e+00
    1.9909460098e-02    0.0000000000e+00
    1.9919842482e-02    0.0000000000e+00
    1.9929574803e-02    0.0000000000e+00
    1.9939955324e-02    0.0000000000e+00
    1.9949687645e-02    0.0000000000e+00
    1.9959419966e-02    0.0000000000e+00
    1.9969800487e-02    0.0000000000e+00
    1.9979532808e-02    0.0000000000e+00
    1.9989913329e-02    0.0000000000e+00
    1.9999645650e-02    0.0000000000e+00
    2.0009377971e-02    0.0000000000e+00
    2.0019758493e-02    0.0000000000e+00
    2.0029490814e-02    0.0000000000e+00
    2.0039873198e-02    0.0000000000e+00
    2.0049605519e-02    0.0000000000e+00
    2.0059986040e-02    0.0000000000e+00
    2.0069718361e-02    0.0000000000e+00
    2.0079450682e-02    0.0000000000e+00
    2.0089831203e-02    0.0000000000e+00
    2.0099563524e-02    0.0000000000e+00
    2.0109944046e-02    0.0000000000e+00
    2.0119676366e-02    0.0000000000e+00
    2.0129408687e-02    0.0000000000e+00
    2.0139789209e-02    0.0000000000e+00
    2.0149521530e-02    0.0000000000e+00
    2.0159903914e-02    0.0000000000e+00
    2.0169636235e-02    0.0000000000e+00
    2.0179366693e-02    0.0000000000e+00
    2.0189749077e-02    0.0000000000e+00
    2.0199481398e-02    0.0000000000e+00
    2.0209861919e-02    0.0000000000e+00
    2.0219594240e-02    0.0000000000e+00
    2.0229974762e-02    0.0000000000e+00
    2.0239707083e-02    0.0000000000e+00
    2.0249439403e-02    0.0000000000e+00
    2.0259819925e-02    0.0000000000e+00
    2.0269552246e-02    0.0000000000e+00
    2.0279934630e-02    0.0000000000e+00
    2.0289666951e-02    0.0000000000e+00
    2.0299399272e-02    0.0000000000e+00
    2.0309779793e-02    0.0000000000e+00
    2.0319512114e-02    0.0000000000e+00
    2.0329892635e-02    0.0000000000e+00
    2.0339624956e-02    0.0000000000e+00
    2.0349357277e-02    0.0000000000e+00
    2.0359737799e-02    0.0000000000e+00
    2.0369470119e-02    0.0000000000e+00
    2.0379850641e-02    0.0000000000e+00
    2.0389582962e-02    0.0000000000e+00
    2.0399965346e-02    0.0000000000e+00
    2.0409697667e-02    0.0000000000e+00
    2.0419429988e-02    0.0000000000e+00
    2.0429810509e-02    0.0000000000e+00
    2.0439542830e-02    0.0000000000e+00
    2.0449923351e-02    0.0000000000e+00
    2.0459655672e-02    0.0000000000e+00
    2.0469387993e-02    0.0000000000e+00
    2.0479768515e-02    0.0000000000e+00
    2.0489500836e-02    0.0000000000e+00
    2.0499881357e-02    0.0000000000e+00
    2.0509613678e-02    0.0000000000e+00
    2.0519996062e-02    0.0000000000e+00
    2.0529728383e-02    0.0000000000e+00
    2.0539460704e-02    0.0000000000e+00
    2.0549841225e-02    0.0000000000e+00
    2.0559573546e-02    0.0000000000e+00
    2.0569954067e-02    0.0000000000e+00
    2.0579686388e-02    0.0000000000e+00
    2.0589418709e-02    0.0000000000e+00
    2.0599799231e-02    0.0000000000e+00
    2.0609531552e-02    0.0000000000e+00
    2.0619912073e-02    0.0000000000e+00
    2.0629644394e-02    0.0000000000e+00
    2.0639376715e-02    0.0000000000e+00
    2.0649759099e-02    0.0000000000e+00
    2.0659491420e-02    0.0000000000e+00
    2.0669871941e-02    0.0000000000e+00
    2.0679734647e-02    0.0000000000e+00
    2.0689960569e-02    0.0000000000e+00
    2.0699504763e-02    0.0000000000e+00
    2.0709730685e-02    0.0000000000e+00
    2.0719954744e-02    0.0000000000e+00
    2.0729498938e-02    0.0000000000e+00
    2.0739724860e-02    0.0000000000e+00
    2.0749950781e-02    0.0000000000e+00
    2.0759493113e-02    0.0000000000e+00
    2.0769719034e-02    0.0000000000e+00
    2.0779944956e-02    0.0000000000e+00
    2.0789489150e-02    0.0000000000e+00
    2.0799713209e-02    0.0000000000e+00
    2.0809939131e-02    0.0000000000e+00
    2.0819483325e-02    0.0000000000e+00
    2.0829709247e-02    0.0000000000e+00
    2.0839933306e-02    0.0000000000e+00
    2.0849477500e-02    0.0000000000e+00
    2.0859703422e-02    0.0000000000e+00
    2.0869929343e-02    0.0000000000e+00
    2.0879471675e-02    0.0000000000e+00
    2.0889697596e-02    0.0000000000e+00
    2.0899923518e-02    0.0000000000e+00
    2.0909467712e-02    0.0000000000e+00
    2.0919691771e-02    0.0000000000e+00
    2.0929917693e-02    0.0000000000e+00
    2.0939461887e-02    0.0000000000e+00
    2.0949687809e-02    0.0000000000e+00
    2.0959911868e-02    0.0000000000e+00
    2.0969456062e-02    0.0000000000e+00
    2.0979681984e-02    0.0000000000e+00
    2.0989907905e-02    0.0000000000e+00
    2.0999450237e-02    0.0000000000e+00
    2.1009676158e-02    0.0000000000e+00
    2.1019902080e-02    0.0000000000e+00
    2.1029446274e-02    0.0000000000e+00
    2.1039215848e-02    0.0000000000e+00
    2.1049309522e-02    0.0000000000e+00
    2.1059401333e-02    0.0000000000e+00
    2.1069493145e-02    0.0000000000e+00
    2.1079586819e-02    0.0000000000e+00
    2.1089678630e-02    0.0000000000e+00
    2.1099772304e-02    0.0000000000e+00
    2.1109864116e-02    0.0000000000e+00
    2.1119957790e-02    0.0000000000e+00
    2.1129133180e-02    0.0000000000e+00
    2.1139224991e-02    0.0000000000e+00
    2.1149495617e-02    0.0000000000e+00
    2.1159876138e-02    0.0000000000e+00
    2.1169608459e-02    0.0000000000e+00
    2.1179988980e-02    0.0000000000e+00
    2.1189721301e-02    0.0000000000e+00
    2.1199453622e-02    0.0000000000e+00
    2.1209834144e-02    0.0000000000e+00
    2.1219566464e-02    0.0000000000e+00
    2.1229946986e-02    0.0000000000e+00
    2.1239679307e-02    0.0000000000e+00
    2.1249411628e-02    0.0000000000e+00
    2.1259794012e-02    0.0000000000e+00
    2.1269526333e-02    0.0000000000e+00
    2.1279906854e-02    0.0000000000e+00
    2.1289639175e-02    0.0000000000e+00
    2.1299371496e-02    0.0000000000e+00
    2.1309752017e-02    0.0000000000e+00
    2.1319484338e-02    0.0000000000e+00
    2.1329864860e-02    0.0000000000e+00
    2.1339597180e-02    0.0000000000e+00
    2.1349977702e-02    0.0000000000e+00
    2.1359710023e-02    0.0000000000e+00
    2.1369442344e-02    0.0000000000e+00
    2.1379824728e-02    0.0000000000e+00
    2.1389557049e-02    0.0000000000e+00
    2.1399937570e-02    0.0000000000e+00
    2.1409669891e-02    0.0000000000e+00
    2.1419402212e-02    0.0000000000e+00
    2.1429782733e-02    0.0000000000e+00
    2.1439515054e-02    0.0000000000e+00
    2.1449895576e-02    0.0000000000e+00
    2.1459627897e-02    0.0000000000e+00
    2.1469360217e-02    0.0000000000e+00
    2.1479740739e-02    0.0000000000e+00
    2.1489473060e-02    0.0000000000e+00
    2.1499855444e-02    0.0000000000e+00
    2.1509587765e-02    0.0000000000e+00
    2.1519968286e-02    0.0000000000e+00
    2.1529700607e-02    0.0000000000e+00
    2.1539432928e-02    0.0000000000e+00
    2.1549813449e-02    0.0000000000e+00
    2.1559545770e-02    0.0000000000e+00
    2.1569926292e-02    0.0000000000e+00
    2.1579658613e-02    0.0000000000e+00
    2.1589390934e-02    0.0000000000e+00
    2.1599771455e-02    0.0000000000e+00
    2.1609503776e-02    0.0000000000e+00
    2.1619886160e-02    0.0000000000e+00
    2.1629618481e-02    0.0000000000e+00
    2.1639999002e-02    0.0000000000e+00
    2.1649731323e-02    0.0000000000e+00
    2.1659463644e-02    0.0000000000e+00
    2.1669844165e-02    0.0000000000e+00
    2.1679576486e-02    0.0000000000e+00
    2.1689957008e-02    0.0000000000e+00
    2.1699689329e-02    0.0000000000e+00
    2.1709421650e-02    0.0000000000e+00
    2.1719802171e-02    0.0000000000e+00
    2.1729534492e-02    0.0000000000e+00
    2.1739916876e-02    0.0000000000e+00
    2.1749649197e-02    0.0000000000e+00
    2.1759381518e-02    0.0000000000e+00
    2.1769762039e-02    0.0000000000e+00
    2.1779494360e-02    0.0000000000e+00
    2.1789874882e-02    0.0000000000e+00
    2.1799607202e-02    0.0000000000e+00
    2.1809987724e-02    0.0000000000e+00
    2.1819720045e-02    0.0000000000e+00
    2.1829452366e-02    0.0000000000e+00
    2.1839832887e-02    0.0000000000e+00
    2.1849565208e-02    0.0000000000e+00
    2.1859947592e-02    0.0000000000e+00
    2.1869679913e-02    0.0000000000e+00
    2.1879412234e-02    0.0000000000e+00
    2.1889792755e-02    0.0000000000e+00
    2.1899525076e-02    0.0000000000e+00
    2.1909905598e-02    0.0000000000e+00
    2.1919637918e-02    0.0000000000e+00
    2.1929370239e-02    0.0000000000e+00
    2.1939750761e-02    0.0000000000e+00
    2.1949483082e-02    0.0000000000e+00
    2.1959863603e-02    0.0000000000e+00
    2.1969595924e-02    0.0000000000e+00
    2.1979978308e-02    0.0000000000e+00
    2.1989710629e-02    0.0000000000e+00
    2.1999442950e-02    0.0000000000e+00
    2.2009823471e-02    0.0000000000e+00
    2.2019555792e-02    0.0000000000e+00
    2.2029936314e-02    0.0000000000e+00
    2.2039668635e-02    0.0000000000e+00
    2.2049400955e-02    0.0000000000e+00
    2.2059781477e-02    0.0000000000e+00
    2.2069513798e-02    0.0000000000e+00
    2.2079894319e-02    0.0000000000e+00
    2.2089626640e-02    0.0000000000e+00
    2.2099358961e-02    0.0000000000e+00
    2.2109741345e-02    0.0000000000e+00
    2.2119473666e-02    0.0000000000e+00
    2.2129854187e-02    0.0000000000e+00
    2.2139586508e-02    0.0000000000e+00
    2.2149967030e-02    0.0000000000e+00
    2.2159699351e-02    0.0000000000e+00
    2.2169431672e-02    0.0000000000e+00
    2.2179812193e-02    0.0000000000e+00
    2.2189544514e-02    0.0000000000e+00
    2.2199926898e-02    0.0000000000e+00
    2.2209657356e-02    0.0000000000e+00
    2.2219389677e-02    0.0000000000e+00
    2.2229772061e-02    0.0000000000e+00
    2.2239504382e-02    0.0000000000e+00
    2.2249884903e-02    0.0000000000e+00
    2.2259617224e-02    0.0000000000e+00
    2.2269997746e-02    0.0000000000e+00
    2.2279730067e-02    0.0000000000e+00
    2.2289462388e-02    0.0000000000e+00
    2.2299842909e-02    0.0000000000e+00
    2.2309575230e-02    0.0000000000e+00
    2.2319957614e-02    0.0000000000e+00
    2.2329688072e-02    0.0000000000e+00
    2.2339420393e-02    0.0000000000e+00
    2.2349802777e-02    0.0000000000e+00
    2.2359535098e-02    0.0000000000e+00
    2.2369915619e-02    0.0000000000e+00
    2.2379647940e-02    0.0000000000e+00
    2.2389380261e-02    0.0000000000e+00
    2.2399760783e-02    0.0000000000e+00
    2.2409493104e-02    0.0000000000e+00
    2.2419873625e-02    0.0000000000e+00
    2.2429605946e-02    0.0000000000e+00
    2.2439988330e-02    0.0000000000e+00
    2.2449718788e-02    0.0000000000e+00
    2.2459451109e-02    0.0000000000e+00
    2.2469833493e-02    0.0000000000e+00
    2.2479565814e-02    0.0000000000e+00
    2.2489946336e-02    0.0000000000e+00
    2.2499678656e-02    0.0000000000e+00
    2.2509410977e-02    0.0000000000e+00
    2.2519791499e-02    0.0000000000e+00
    2.2529523820e-02    0.0000000000e+00
    2.2539904341e-02    0.0000000000e+00
    2.2549636662e-02    0.0000000000e+00
    2.2559368983e-02    0.0000000000e+00
    2.2569751367e-02    0.0000000000e+00
    2.2579481825e-02    0.0000000000e+00
    2.2589864209e-02    0.0000000000e+00
    2.2599596530e-02    0.0000000000e+00
    2.2609977052e-02    0.0000000000e+00
    2.2619709373e-02    0.0000000000e+00
    2.2629441693e-02    0.0000000000e+00
    2.2639822215e-02    0.0000000000e+00
    2.2649554536e-02    0.0000000000e+00
    2.2659935057e-02    0.0000000000e+00
    2.2669667378e-02    0.0000000000e+00
    2.2679399699e-02    0.0000000000e+00
    2.2689782083e-02    0.0000000000e+00
    2.2699512541e-02    0.0000000000e+00
    2.2709894925e-02    0.0000000000e+00
    2.2719627246e-02    0.0000000000e+00
    2.2729359567e-02    0.0000000000e+00
    2.2739740089e-02    0.0000000000e+00
    2.2749472409e-02    0.0000000000e+00
    2.2759852931e-02    0.0000000000e+00
    2.2769585252e-02    0.0000000000e+00
    2.2779965773e-02    0.0000000000e+00
    2.2789698094e-02    0.0000000000e+00
    2.2799430415e-02    0.0000000000e+00
    2.2809812799e-02    0.0000000000e+00
    2.2819543257e-02    0.0000000000e+00
    2.2829925641e-02    0.0000000000e+00
    2.2839657962e-02    0.0000000000e+00
    2.2849390283e-02    0.0000000000e+00
    2.2859770805e-02    0.0000000000e+00
    2.2869503126e-02    0.0000000000e+00
    2.2879883647e-02    0.0000000000e+00
    2.2889615968e-02    0.0000000000e+00
    2.2899996489e-02    0.0000000000e+00
    2.2909728810e-02    0.0000000000e+00
    2.2919461131e-02    0.0000000000e+00
    2.2929843515e-02    0.0000000000e+00
    2.2939575836e-02    0.0000000000e+00
    2.2949956357e-02    0.0000000000e+00
    2.2959688678e-02    0.0000000000e+00
    2.2969420999e-02    0.0000000000e+00
    2.2979801521e-02    0.0000000000e+00
    2.2989533842e-02    0.0000000000e+00
    2.2999914363e-02    0.0000000000e+00
    2.3009646684e-02    0.0000000000e+00
    2.3019379005e-02    0.0000000000e+00
    2.3029759526e-02    0.0000000000e+00
    2.3039491847e-02    0.0000000000e+00
    2.3049874231e-02    0.0000000000e+00
    2.3059606552e-02    0.0000000000e+00
    2.3069987074e-02    0.0000000000e+00
    2.3079719394e-02    0.0000000000e+00
    2.3089451715e-02    0.0000000000e+00
    2.3099832237e-02    0.0000000000e+00
    2.3109564558e-02    0.0000000000e+00
    2.3119945079e-02    0.0000000000e+00
    2.3129677400e-02    0.0000000000e+00
    2.3139409721e-02    0.0000000000e+00
    2.3149790242e-02    0.0000000000e+00
    2.3159522563e-02    0.0000000000e+00
    2.3169904947e-02    0.0000000000e+00
    2.3179637268e-02    0.0000000000e+00
    2.3189367726e-02    0.0000000000e+00
    2.3199750111e-02    0.0000000000e+00
    2.3209482431e-02    0.0000000000e+00
    2.3219862953e-02    0.0000000000e+00
    2.3229595274e-02    0.0000000000e+00
    2.3239975795e-02    0.0000000000e+00
    2.3249095306e-02    0.0000000000e+00
    2.3259365931e-02    0.0000000000e+00
    2.3269746453e-02    0.0000000000e+00
    2.3279478773e-02    0.0000000000e+00
    2.3289859295e-02    0.0000000000e+00
    2.3299358785e-02    0.0000000000e+00
    2.3309800774e-02    0.0000000000e+00
    2.3319533095e-02    0.0000000000e+00
    2.3329263553e-02    0.0000000000e+00
    2.3338995874e-02    0.0000000000e+00
    2.3349942639e-02    0.0000000000e+00
    2.3359674960e-02    0.0000000000e+00
    2.3369405419e-02    0.0000000000e+00
    2.3379137740e-02    0.0000000000e+00
    2.3388868198e-02    0.0000000000e+00
    2.3399816826e-02    0.0000000000e+00
    2.3409547284e-02    0.0000000000e+00
    2.3419279605e-02    0.0000000000e+00
    2.3429010063e-02    0.0000000000e+00
    2.3439958692e-02    0.0000000000e+00
    2.3449689150e-02    0.0000000000e+00
    2.3459419608e-02    0.0000000000e+00
    2.3469151929e-02    0.0000000000e+00
    2.3478882387e-02    0.0000000000e+00
    2.3489831015e-02    0.0000000000e+00
    2.3499561474e-02    0.0000000000e+00
    2.3509293795e-02    0.0000000000e+00
    2.3519024253e-02    0.0000000000e+00
    2.3529971018e-02    0.0000000000e+00
    2.3539703339e-02    0.0000000000e+00
    2.3549433798e-02    0.0000000000e+00
    2.3559166119e-02    0.0000000000e+00
    2.3568896577e-02    0.0000000000e+00
    2.3579843342e-02    0.0000000000e+00
    2.3589575663e-02    0.0000000000e+00
    2.3599306121e-02    0.0000000000e+00
    2.3609036580e-02    0.0000000000e+00
    2.3619985208e-02    0.0000000000e+00
    2.3629715666e-02    0.0000000000e+00
    2.3639447987e-02    0.0000000000e+00
    2.3649178445e-02    0.0000000000e+00
    2.3658908904e-02    0.0000000000e+00
    2.3669857532e-02    0.0000000000e+00
    2.3679587990e-02    0.0000000000e+00
    2.3689318448e-02    0.0000000000e+00
    2.3699050769e-02    0.0000000000e+00
    2.3709997535e-02    0.0000000000e+00
    2.3719727993e-02    0.0000000000e+00
    2.3729458451e-02    0.0000000000e+00
    2.3739190772e-02    0.0000000000e+00
    2.3748921230e-02    0.0000000000e+00
    2.3759867996e-02    0.0000000000e+00
    2.3769600317e-02    0.0000000000e+00
    2.3779330775e-02    0.0000000000e+00
    2.3789061233e-02    0.0000000000e+00
    2.3798791692e-02    0.0000000000e+00
    2.3809740320e-02    0.0000000000e+00
    2.3819470778e-02    0.0000000000e+00
    2.3829201236e-02    0.0000000000e+00
    2.3838933557e-02    0.0000000000e+00
    2.3849880323e-02    0.0000000000e+00
    2.3859610781e-02    0.0000000000e+00
    2.3869341239e-02    0.0000000000e+00
    2.3879073560e-02    0.0000000000e+00
    2.3888804018e-02    0.0000000000e+00
    2.3899750784e-02    0.0000000000e+00
    2.3909483105e-02    0.0000000000e+00
    2.3919213563e-02    0.0000000000e+00
    2.3928944021e-02    0.0000000000e+00
    2.3939890787e-02    0.0000000000e+00
    2.3949623108e-02    0.0000000000e+00
    2.3959353566e-02    0.0000000000e+00
    2.3969084024e-02    0.0000000000e+00
    2.3978816345e-02    0.0000000000e+00
    2.3989763111e-02    0.0000000000e+00
    2.3999493569e-02    0.0000000000e+00
    2.4009224027e-02    0.0000000000e+00
    2.4018956348e-02    0.0000000000e+00
    2.4029903114e-02    0.0000000000e+00
    2.4039633572e-02    0.0000000000e+00
    2.4049365893e-02    0.0000000000e+00
    2.4059096351e-02    0.0000000000e+00
    2.4068826810e-02    0.0000000000e+00
    2.4079773575e-02    0.0000000000e+00
    2.4089505896e-02    0.0000000000e+00
    2.4099236354e-02    0.0000000000e+00
    2.4108966812e-02    0.0000000000e+00
    2.4119915441e-02    0.0000000000e+00
    2.4129645899e-02    0.0000000000e+00
    2.4139376357e-02    0.0000000000e+00
    2.4149108678e-02    0.0000000000e+00
    2.4158839136e-02    0.0000000000e+00
    2.4169785902e-02    0.0000000000e+00
    2.4179518223e-02    0.0000000000e+00
    2.4189248681e-02    0.0000000000e+00
    2.4198979139e-02    0.0000000000e+00
    2.4209927768e-02    0.0000000000e+00
    2.4219658226e-02    0.0000000000e+00
    2.4229388684e-02    0.0000000000e+00
    2.4239121005e-02    0.0000000000e+00
    2.4248851463e-02    0.0000000000e+00
    2.4259798229e-02    0.0000000000e+00
    2.4269530550e-02    0.0000000000e+00
    2.4279261008e-02    0.0000000000e+00
    2.4288991466e-02    0.0000000000e+00
    2.4299940094e-02    0.0000000000e+00
    2.4309670553e-02    0.0000000000e+00
    2.4319402874e-02    0.0000000000e+00
    2.4329133332e-02    0.0000000000e+00
    2.4338863790e-02    0.0000000000e+00
    2.4349812418e-02    0.0000000000e+00
    2.4359542876e-02    0.0000000000e+00
    2.4369273335e-02    0.0000000000e+00
    2.4379005656e-02    0.0000000000e+00
    2.4389952421e-02    0.0000000000e+00
    2.4399682879e-02    0.0000000000e+00
    2.4409413338e-02    0.0000000000e+00
    2.4419143796e-02    0.0000000000e+00
    2.4428876117e-02    0.0000000000e+00
    2.4439822882e-02    0.0000000000e+00
    2.4449553341e-02    0.0000000000e+00
    2.4459283799e-02    0.0000000000e+00
    2.4469014257e-02    0.0000000000e+00
    2.4479961023e-02    0.0000000000e+00
    2.4489691481e-02    0.0000000000e+00
    2.4499423802e-02    0.0000000000e+00
    2.4509154260e-02    0.0000000000e+00
    2.4518884718e-02    0.0000000000e+00
    2.4529831484e-02    0.0000000000e+00
    2.4539561942e-02    0.0000000000e+00
    2.4549292400e-02    0.0000000000e+00
    2.4559022859e-02    0.0000000000e+00
    2.4569967762e-02    0.0000000000e+00
    2.4579698220e-02    0.0000000000e+00
    2.4589428678e-02    0.0000000000e+00
    2.4599159136e-02    0.0000000000e+00
    2.4608889595e-02    0.0000000000e+00
    2.4619836360e-02    0.0000000000e+00
    2.4629566818e-02    0.0000000000e+00
    2.4639295414e-02    0.0000000000e+00
    2.4649025872e-02    0.0000000000e+00
    2.4659972638e-02    0.0000000000e+00
    2.4669703096e-02    0.0000000000e+00
    2.4679433554e-02    0.0000000000e+00
    2.4689162150e-02    0.0000000000e+00
    2.4698892608e-02    0.0000000000e+00
    2.4709839374e-02    0.0000000000e+00
    2.4719567969e-02    0.0000000000e+00
    2.4729298428e-02    0.0000000000e+00
    2.4739028886e-02    0.0000000000e+00
    2.4749973789e-02    0.0000000000e+00
    2.4759704247e-02    0.0000000000e+00
    2.4769434705e-02    0.0000000000e+00
    2.4779163301e-02    0.0000000000e+00
    2.4788893759e-02    0.0000000000e+00
    2.4799838662e-02    0.0000000000e+00
    2.4809569120e-02    0.0000000000e+00
    2.4819297716e-02    0.0000000000e+00
    2.4829028174e-02    0.0000000000e+00
    2.4839974940e-02    0.0000000000e+00
    2.4849703535e-02    0.0000000000e+00
    2.4859433994e-02    0.0000000000e+00
    2.4869162589e-02    0.0000000000e+00
    2.4878893048e-02    0.0000000000e+00
    2.4889837950e-02    0.0000000000e+00
    2.4899568409e-02    0.0000000000e+00
    2.4909297004e-02    0.0000000000e+00
    2.4919027463e-02    0.0000000000e+00
    2.4929972365e-02    0.0000000000e+00
    2.4939702824e-02    0.0000000000e+00
    2.4949431419e-02    0.0000000000e+00
    2.4959161878e-02    0.0000000000e+00
    2.4968890473e-02    0.0000000000e+00
    2.4979837239e-02    0.0000000000e+00
    2.4989565834e-02    0.0000000000e+00
    2.4999294430e-02    0.0000000000e+00
    2.5009024888e-02    0.0000000000e+00
    2.5019969791e-02    0.0000000000e+00
    2.5029700249e-02    0.0000000000e+00
    2.5039428845e-02    0.0000000000e+00
    2.5049159303e-02    0.0000000000e+00
    2.5058887899e-02    0.0000000000e+00
    2.5069834664e-02    0.0000000000e+00
    2.5079563260e-02    0.0000000000e+00
    2.5089293718e-02    0.0000000000e+00
    2.5099022314e-02    0.0000000000e+00
    2.5109967217e-02    0.0000000000e+00
    2.5119697675e-02    0.0000000000e+00
    2.5129426271e-02    0.0000000000e+00
    2.5139156729e-02    0.0000000000e+00
    2.5148885325e-02    0.0000000000e+00
    2.5159832090e-02    0.0000000000e+00
    2.5169560686e-02    0.0000000000e+00
    2.5179291144e-02    0.0000000000e+00
    2.5189019740e-02    0.0000000000e+00
    2.5199966505e-02    0.0000000000e+00
    2.5209695101e-02    0.0000000000e+00
    2.5219425559e-02    0.0000000000e+00
    2.5229154155e-02    0.0000000000e+00
    2.5238884613e-02    0.0000000000e+00
    2.5249829516e-02    0.0000000000e+00
    2.5259559974e-02    0.0000000000e+00
    2.5269288570e-02    0.0000000000e+00
    2.5279019028e-02    0.0000000000e+00
    2.5289963931e-02    0.0000000000e+00
    2.5299694389e-02    0.0000000000e+00
    2.5309422985e-02    0.0000000000e+00
    2.5319153443e-02    0.0000000000e+00
    2.5328882039e-02    0.0000000000e+00
    2.5339828804e-02    0.0000000000e+00
    2.5349557400e-02    0.0000000000e+00
    2.5359287858e-02    0.0000000000e+00
    2.5369016454e-02    0.0000000000e+00
    2.5379963219e-02    0.0000000000e+00
    2.5389691815e-02    0.0000000000e+00
    2.5399422273e-02    0.0000000000e+00
    2.5409152731e-02    0.0000000000e+00
    2.5418881327e-02    0.0000000000e+00
    2.5429828092e-02    0.0000000000e+00
    2.5439556688e-02    0.0000000000e+00
    2.5449287146e-02    0.0000000000e+00
    2.5459015742e-02    0.0000000000e+00
    2.5469962507e-02    0.0000000000e+00
    2.5479691103e-02    0.0000000000e+00
    2.5489421561e-02    0.0000000000e+00
    2.5499152020e-02    0.0000000000e+00
    2.5508880615e-02    0.0000000000e+00
    2.5519827381e-02    0.0000000000e+00
    2.5529555976e-02    0.0000000000e+00
    2.5539286435e-02    0.0000000000e+00
    2.5549015030e-02    0.0000000000e+00
    2.5559961796e-02    0.0000000000e+00
    2.5569690391e-02    0.0000000000e+00
    2.5579420850e-02    0.0000000000e+00
    2.5589151308e-02    0.0000000000e+00
    2.5598879904e-02    0.0000000000e+00
    2.5609826669e-02    0.0000000000e+00
    2.5619555265e-02    0.0000000000e+00
    2.5629285723e-02    0.0000000000e+00
    2.5639014319e-02    0.0000000000e+00
    2.5649961084e-02    0.0000000000e+00
    2.5659689680e-02    0.0000000000e+00
    2.5669420138e-02    0.0000000000e+00
    2.5679148734e-02    0.0000000000e+00
    2.5688879192e-02    0.0000000000e+00
    2.5699825957e-02    0.0000000000e+00
    2.5709554553e-02    0.0000000000e+00
    2.5719285011e-02    0.0000000000e+00
    2.5729013607e-02    0.0000000000e+00
    2.5739960372e-02    0.0000000000e+00
    2.5749688968e-02    0.0000000000e+00
    2.5759419426e-02    0.0000000000e+00
    2.5769148022e-02    0.0000000000e+00
    2.5778878480e-02    0.0000000000e+00
    2.5789823383e-02    0.0000000000e+00
    2.5799553841e-02    0.0000000000e+00
    2.5809282437e-02    0.0000000000e+00
    2.5819012895e-02    0.0000000000e+00
    2.5829957798e-02    0.0000000000e+00
    2.5839688256e-02    0.0000000000e+00
    2.5849416852e-02    0.0000000000e+00
    2.5859147310e-02    0.0000000000e+00
    2.5868875906e-02    0.0000000000e+00
    2.5879820809e-02    0.0000000000e+00
    2.5889551267e-02    0.0000000000e+00
    2.5899279863e-02    0.0000000000e+00
    2.5909010321e-02    0.0000000000e+00
    2.5919955224e-02    0.0000000000e+00
    2.5929685682e-02    0.0000000000e+00
    2.5939414278e-02    0.0000000000e+00
    2.5949144736e-02    0.0000000000e+00
    2.5958873332e-02    0.0000000000e+00
    2.5969820097e-02    0.0000000000e+00
    2.5979548693e-02    0.0000000000e+00
    2.5989277288e-02    0.0000000000e+00
    2.5999007747e-02    0.0000000000e+00
    2.6009952649e-02    0.0000000000e+00
    2.6019683108e-02    0.0000000000e+00
    2.6029411703e-02    0.0000000000e+00
    2.6039142162e-02    0.0000000000e+00
    2.6048870757e-02    0.0000000000e+00
    2.6059817523e-02    0.0000000000e+00
    2.6069546118e-02    0.0000000000e+00
    2.6079276577e-02    0.0000000000e+00
    2.6089005172e-02    0.0000000000e+00
    2.6099950075e-02    0.0000000000e+00
    2.6109680533e-02    0.0000000000e+00
    2.6119409129e-02    0.0000000000e+00
    2.6129139587e-02    0.0000000000e+00
    2.6138868183e-02    0.0000000000e+00
    2.6149814948e-02    0.0000000000e+00
    2.6159543544e-02    0.0000000000e+00
    2.6169274002e-02    0.0000000000e+00
    2.6179002598e-02    0.0000000000e+00
    2.6189949363e-02    0.0000000000e+00
    2.6199677959e-02    0.0000000000e+00
    2.6209408417e-02    0.0000000000e+00
    2.6219137013e-02    0.0000000000e+00
    2.6228867471e-02    0.0000000000e+00
    2.6239812374e-02    0.0000000000e+00
    2.6249542832e-02    0.0000000000e+00
    2.6259271428e-02    0.0000000000e+00
    2.6269001886e-02    0.0000000000e+00
    2.6279948652e-02    0.0000000000e+00
    2.6289677247e-02    0.0000000000e+00
    2.6299407706e-02    0.0000000000e+00
    2.6309136301e-02    0.0000000000e+00
    2.6318866760e-02    0.0000000000e+00
    2.6329811662e-02    0.0000000000e+00
    2.6339542121e-02    0.0000000000e+00
    2.6349272579e-02    0.0000000000e+00
    2.6359001175e-02    0.0000000000e+00
    2.6369947940e-02    0.0000000000e+00
    2.6379678398e-02    0.0000000000e+00
    2.6389406994e-02    0.0000000000e+00
    2.6399137452e-02    0.0000000000e+00
    2.6408867911e-02    0.0000000000e+00
    2.6419812813e-02    0.0000000000e+00
    2.6429543272e-02    0.0000000000e+00
    2.6439273730e-02    0.0000000000e+00
    2.6449002326e-02    0.0000000000e+00
    2.6459949091e-02    0.0000000000e+00
    2.6469679549e-02    0.0000000000e+00
    2.6479410008e-02    0.0000000000e+00
    2.6489138603e-02    0.0000000000e+00
    2.6498869061e-02    0.0000000000e+00
    2.6509815827e-02    0.0000000000e+00
    2.6519546285e-02    0.0000000000e+00
    2.6529276744e-02    0.0000000000e+00
    2.6539007202e-02    0.0000000000e+00
    2.6549952105e-02    0.0000000000e+00
    2.6559682563e-02    0.0000000000e+00
    2.6569413021e-02    0.0000000000e+00
    2.6579143479e-02    0.0000000000e+00
    2.6588873938e-02    0.0000000000e+00
    2.6599820703e-02    0.0000000000e+00
    2.6609551162e-02    0.0000000000e+00
    2.6619281620e-02    0.0000000000e+00
    2.6629012078e-02    0.0000000000e+00
    2.6639958844e-02    0.0000000000e+00
    2.6649689302e-02    0.0000000000e+00
    2.6659419760e-02    0.0000000000e+00
    2.6669150218e-02    0.0000000000e+00
    2.6678880677e-02    0.0000000000e+00
    2.6689827442e-02    0.0000000000e+00
    2.6699557900e-02    0.0000000000e+00
    2.6709288359e-02    0.0000000000e+00
    2.6719018817e-02    0.0000000000e+00
    2.6729965582e-02    0.0000000000e+00
    2.6739696041e-02    0.0000000000e+00
    2.6749426499e-02    0.0000000000e+00
    2.6759156957e-02    0.0000000000e+00
    2.6768889278e-02    0.0000000000e+00
    2.6779836044e-02    0.0000000000e+00
    2.6789566502e-02    0.0000000000e+00
    2.6799296960e-02    0.0000000000e+00
    2.6809027418e-02    0.0000000000e+00
    2.6819976047e-02    0.0000000000e+00
    2.6829706505e-02    0.0000000000e+00
    2.6839436963e-02    0.0000000000e+00
    2.6849167421e-02    0.0000000000e+00
    2.6858899742e-02    0.0000000000e+00
    2.6869846508e-02    0.0000000000e+00
    2.6879576966e-02    0.0000000000e+00
    2.6889309287e-02    0.0000000000e+00
    2.6899039745e-02    0.0000000000e+00
    2.6909986511e-02    0.0000000000e+00
    2.6919718832e-02    0.0000000000e+00
    2.6929449290e-02    0.0000000000e+00
    2.6939179748e-02    0.0000000000e+00
    2.6948912069e-02    0.0000000000e+00
    2.6959858835e-02    0.0000000000e+00
    2.6969589293e-02    0.0000000000e+00
    2.6979321614e-02    0.0000000000e+00
    2.6989052072e-02    0.0000000000e+00
    2.6998782530e-02    0.0000000000e+00
    2.7009731159e-02    0.0000000000e+00
    2.7019461617e-02    0.0000000000e+00
    2.7029192075e-02    0.0000000000e+00
    2.7038924396e-02    0.0000000000e+00
    2.7049871162e-02    0.0000000000e+00
    2.7059601620e-02    0.0000000000e+00
    2.7069333941e-02    0.0000000000e+00
    2.7079064399e-02    0.0000000000e+00
    2.7088794857e-02    0.0000000000e+00
    2.7099743485e-02    0.0000000000e+00
    2.7109473944e-02    0.0000000000e+00
    2.7119204402e-02    0.0000000000e+00
    2.7128934860e-02    0.0000000000e+00
    2.7139883488e-02    0.0000000000e+00
    2.7149613947e-02    0.0000000000e+00
    2.7159344405e-02    0.0000000000e+00
    2.7169076726e-02    0.0000000000e+00
    2.7178807184e-02    0.0000000000e+00
    2.7189753950e-02    0.0000000000e+00
    2.7199486271e-02    0.0000000000e+00
    2.7209216729e-02    0.0000000000e+00
    2.7218947187e-02    0.0000000000e+00
    2.7229895815e-02    0.0000000000e+00
    2.7239626274e-02    0.0000000000e+00
    2.7249356732e-02    0.0000000000e+00
    2.7259089053e-02    0.0000000000e+00
    2.7268819511e-02    0.0000000000e+00
    2.7279766276e-02    0.0000000000e+00
    2.7289498597e-02    0.0000000000e+00
    2.7299229056e-02    0.0000000000e+00
    2.7308959514e-02    0.0000000000e+00
    2.7319908142e-02    0.0000000000e+00
    2.7329638600e-02    0.0000000000e+00
    2.7339369059e-02    0.0000000000e+00
    2.7349101380e-02    0.0000000000e+00
    2.7358831838e-02    0.0000000000e+00
    2.7369778603e-02    0.0000000000e+00
    2.7379510924e-02    0.0000000000e+00
    2.7389241382e-02    0.0000000000e+00
    2.7398971841e-02    0.0000000000e+00
    2.7409920469e-02    0.0000000000e+00
    2.7419650927e-02    0.0000000000e+00
    2.7429381385e-02    0.0000000000e+00
    2.7439113706e-02    0.0000000000e+00
    2.7448844165e-02    0.0000000000e+00
    2.7459790930e-02    0.0000000000e+00
    2.7469523251e-02    0.0000000000e+00
    2.7479253709e-02    0.0000000000e+00
    2.7488984168e-02    0.0000000000e+00
    2.7499932796e-02    0.0000000000e+00
    2.7509663254e-02    0.0000000000e+00
    2.7519395575e-02    0.0000000000e+00
    2.7529126033e-02    0.0000000000e+00
    2.7538856491e-02    0.0000000000e+00
    2.7549805120e-02    0.0000000000e+00
    2.7559535578e-02    0.0000000000e+00
    2.7569266036e-02    0.0000000000e+00
    2.7578998357e-02    0.0000000000e+00
    2.7589945123e-02    0.0000000000e+00
    2.7599677444e-02    0.0000000000e+00
    2.7609407902e-02    0.0000000000e+00
    2.7619138360e-02    0.0000000000e+00
    2.7628870681e-02    0.0000000000e+00
    2.7639817446e-02    0.0000000000e+00
    2.7649549767e-02    0.0000000000e+00
    2.7659280226e-02    0.0000000000e+00
    2.7669010684e-02    0.0000000000e+00
    2.7679959312e-02    0.0000000000e+00
    2.7689689770e-02    0.0000000000e+00
    2.7699422091e-02    0.0000000000e+00
    2.7709152550e-02    0.0000000000e+00
    2.7718883008e-02    0.0000000000e+00
    2.7729831636e-02    0.0000000000e+00
    2.7739562094e-02    0.0000000000e+00
    2.7749294415e-02    0.0000000000e+00
    2.7759024873e-02    0.0000000000e+00
    2.7769973502e-02    0.0000000000e+00
    2.7779703960e-02    0.0000000000e+00
    2.7789434418e-02    0.0000000000e+00
    2.7799166739e-02    0.0000000000e+00
    2.7808897197e-02    0.0000000000e+00
    2.7819845825e-02    0.0000000000e+00
    2.7829576284e-02    0.0000000000e+00
    2.7839308605e-02    0.0000000000e+00
    2.7849039063e-02    0.0000000000e+00
    2.7859985828e-02    0.0000000000e+00
    2.7869718149e-02    0.0000000000e+00
    2.7879448608e-02    0.0000000000e+00
    2.7889180928e-02    0.0000000000e+00
    2.7898911387e-02    0.0000000000e+00
    2.7909860015e-02    0.0000000000e+00
    2.7919590473e-02    0.0000000000e+00
    2.7929320931e-02    0.0000000000e+00
    2.7939053252e-02    0.0000000000e+00
    2.7948783711e-02    0.0000000000e+00
    2.7959732339e-02    0.0000000000e+00
    2.7969462797e-02    0.0000000000e+00
    2.7979195118e-02    0.0000000000e+00
    2.7988925576e-02    0.0000000000e+00
    2.7999874204e-02    0.0000000000e+00
    2.8009604663e-02    0.0000000000e+00
    2.8019336984e-02    0.0000000000e+00
    2.8029067442e-02    0.0000000000e+00
    2.8038797900e-02    0.0000000000e+00
    2.8049746528e-02    0.0000000000e+00
    2.8059476987e-02    0.0000000000e+00
    2.8069209307e-02    0.0000000000e+00
    2.8078939766e-02    0.0000000000e+00
    2.8089888394e-02    0.0000000000e+00
    2.8099618852e-02    0.0000000000e+00
    2.8109351173e-02    0.0000000000e+00
    2.8119081631e-02    0.0000000000e+00
    2.8128813952e-02    0.0000000000e+00
    2.8139760718e-02    0.0000000000e+00
    2.8149491176e-02    0.0000000000e+00
    2.8159223497e-02    0.0000000000e+00
    2.8168953955e-02    0.0000000000e+00
    2.8179902583e-02    0.0000000000e+00
    2.8189633042e-02    0.0000000000e+00
    2.8199365363e-02    0.0000000000e+00
    2.8209095821e-02    0.0000000000e+00
    2.8218828142e-02    0.0000000000e+00
    2.8229774907e-02    0.0000000000e+00
    2.8239507228e-02    0.0000000000e+00
    2.8249237686e-02    0.0000000000e+00
    2.8258970007e-02    0.0000000000e+00
    2.8269916773e-02    0.0000000000e+00
    2.8279649094e-02    0.0000000000e+00
    2.8289379552e-02    0.0000000000e+00
    2.8299110010e-02    0.0000000000e+00
    2.8308842331e-02    0.0000000000e+00
    2.8319789097e-02    0.0000000000e+00
    2.8329521418e-02    0.0000000000e+00
    2.8339251876e-02    0.0000000000e+00
    2.8348984197e-02    0.0000000000e+00
    2.8359930962e-02    0.0000000000e+00
    2.8369663283e-02    0.0000000000e+00
    2.8379393741e-02    0.0000000000e+00
    2.8389126062e-02    0.0000000000e+00
    2.8398856521e-02    0.0000000000e+00
    2.8409805149e-02    0.0000000000e+00
    2.8419535607e-02    0.0000000000e+00
    2.8429267928e-02    0.0000000000e+00
    2.8438998386e-02    0.0000000000e+00
    2.8449947014e-02    0.0000000000e+00
    2.8459677473e-02    0.0000000000e+00
    2.8469409794e-02    0.0000000000e+00
    2.8479140252e-02    0.0000000000e+00
    2.8488872573e-02    0.0000000000e+00
    2.8499819338e-02    0.0000000000e+00
    2.8509551659e-02    0.0000000000e+00
    2.8519282117e-02    0.0000000000e+00
    2.8529014438e-02    0.0000000000e+00
    2.8539961204e-02    0.0000000000e+00
    2.8549693525e-02    0.0000000000e+00
    2.8559423983e-02    0.0000000000e+00
    2.8569156304e-02    0.0000000000e+00
    2.8578886762e-02    0.0000000000e+00
    2.8589835390e-02    0.0000000000e+00
    2.8599565849e-02    0.0000000000e+00
    2.8609298170e-02    0.0000000000e+00
    2.8619028628e-02    0.0000000000e+00
    2.8629977256e-02    0.0000000000e+00
    2.8639707714e-02    0.0000000000e+00
    2.8649440035e-02    0.0000000000e+00
    2.8659170493e-02    0.0000000000e+00
    2.8668902814e-02    0.0000000000e+00
    2.8679849580e-02    0.0000000000e+00
    2.8689581901e-02    0.0000000000e+00
    2.8699312359e-02    0.0000000000e+00
    2.8709044680e-02    0.0000000000e+00
    2.8719991446e-02    0.0000000000e+00
    2.8729723766e-02    0.0000000000e+00
    2.8739454225e-02    0.0000000000e+00
    2.8749413788e-02    0.0000000000e+00
    2.8759794310e-02    0.0000000000e+00
    2.8769526631e-02    0.0000000000e+00
    2.8779909015e-02    0.0000000000e+00
    2.8789639473e-02    0.0000000000e+00
    2.8799371794e-02    0.0000000000e+00
    2.8809754178e-02    0.0000000000e+00
    2.8819486499e-02    0.0000000000e+00
    2.8829867020e-02    0.0000000000e+00
    2.8839599341e-02    0.0000000000e+00
    2.8849979863e-02    0.0000000000e+00
    2.8859712183e-02    0.0000000000e+00
    2.8869444504e-02    0.0000000000e+00
    2.8879825026e-02    0.0000000000e+00
    2.8889557347e-02    0.0000000000e+00
    2.8899939731e-02    0.0000000000e+00
    2.8909670189e-02    0.0000000000e+00
    2.8919402510e-02    0.0000000000e+00
    2.8929784894e-02    0.0000000000e+00
    2.8939517215e-02    0.0000000000e+00
    2.8949897736e-02    0.0000000000e+00
    2.8959630057e-02    0.0000000000e+00
    2.8969362378e-02    0.0000000000e+00
    2.8979742900e-02    0.0000000000e+00
    2.8989475220e-02    0.0000000000e+00
    2.8999855742e-02    0.0000000000e+00
    2.9009588063e-02    0.0000000000e+00
    2.9019970447e-02    0.0000000000e+00
    2.9029702768e-02    0.0000000000e+00
    2.9039433226e-02    0.0000000000e+00
    2.9049815610e-02    0.0000000000e+00
    2.9059547931e-02    0.0000000000e+00
    2.9069928452e-02    0.0000000000e+00
    2.9079660773e-02    0.0000000000e+00
    2.9089393094e-02    0.0000000000e+00
    2.9099773616e-02    0.0000000000e+00
    2.9109505937e-02    0.0000000000e+00
    2.9119886458e-02    0.0000000000e+00
    2.9129618779e-02    0.0000000000e+00
    2.9139351100e-02    0.0000000000e+00
    2.9149733484e-02    0.0000000000e+00
    2.9159463942e-02    0.0000000000e+00
    2.9169846326e-02    0.0000000000e+00
    2.9179578647e-02    0.0000000000e+00
    2.9189959168e-02    0.0000000000e+00
    2.9199691489e-02    0.0000000000e+00
    2.9209423810e-02    0.0000000000e+00
    2.9219804332e-02    0.0000000000e+00
    2.9229536653e-02    0.0000000000e+00
    2.9239917174e-02    0.0000000000e+00
    2.9249649495e-02    0.0000000000e+00
    2.9259381816e-02    0.0000000000e+00
    2.9269764200e-02    0.0000000000e+00
    2.9279494658e-02    0.0000000000e+00
    2.9289877042e-02    0.0000000000e+00
    2.9299609363e-02    0.0000000000e+00
    2.9309989884e-02    0.0000000000e+00
    2.9319722205e-02    0.0000000000e+00
    2.9329454526e-02    0.0000000000e+00
    2.9339835048e-02    0.0000000000e+00
    2.9349567369e-02    0.0000000000e+00
    2.9359947890e-02    0.0000000000e+00
    2.9369680211e-02    0.0000000000e+00
    2.9379412532e-02    0.0000000000e+00
    2.9389794916e-02    0.0000000000e+00
    2.9399527237e-02    0.0000000000e+00
    2.9409907758e-02    0.0000000000e+00
    2.9419640079e-02    0.0000000000e+00
    2.9429372400e-02    0.0000000000e+00
    2.9439752921e-02    0.0000000000e+00
    2.9449485242e-02    0.0000000000e+00
    2.9459865764e-02    0.0000000000e+00
    2.9469598085e-02    0.0000000000e+00
    2.9479978606e-02    0.0000000000e+00
    2.9489710927e-02    0.0000000000e+00
    2.9499443248e-02    0.0000000000e+00
    2.9509825632e-02    0.0000000000e+00
    2.9519557953e-02    0.0000000000e+00
    2.9529938474e-02    0.0000000000e+00
    2.9539670795e-02    0.0000000000e+00
    2.9549403116e-02    0.0000000000e+00
    2.9559783638e-02    0.0000000000e+00
    2.9569515958e-02    0.0000000000e+00
    2.9579896480e-02    0.0000000000e+00
    2.9589628801e-02    0.0000000000e+00
    2.9599361122e-02    0.0000000000e+00
    2.9609741643e-02    0.0000000000e+00
    2.9619473964e-02    0.0000000000e+00
    2.9629856348e-02    0.0000000000e+00
    2.9639588669e-02    0.0000000000e+00
    2.9649969190e-02    0.0000000000e+00
    2.9659701511e-02    0.0000000000e+00
    2.9669433832e-02    0.0000000000e+00
    2.9679814354e-02    0.0000000000e+00
    2.9689546674e-02    0.0000000000e+00
    2.9699927196e-02    0.0000000000e+00
    2.9709659517e-02    0.0000000000e+00
    2.9719391838e-02    0.0000000000e+00
    2.9729772359e-02    0.0000000000e+00
    2.9739504680e-02    0.0000000000e+00
    2.9749887064e-02    0.0000000000e+00
    2.9759619385e-02    0.0000000000e+00
    2.9769351706e-02    0.0000000000e+00
    2.9779732227e-02    0.0000000000e+00
    2.9789464548e-02    0.0000000000e+00
    2.9799845070e-02    0.0000000000e+00
    2.9809577391e-02    0.0000000000e+00
    2.9819957912e-02    0.0000000000e+00
    2.9829690233e-02    0.0000000000e+00
    2.9839422554e-02    0.0000000000e+00
    2.9849803075e-02    0.0000000000e+00
    2.9859535396e-02    0.0000000000e+00
    2.9869917780e-02    0.0000000000e+00
    2.9879650101e-02    0.0000000000e+00
    2.9889382422e-02    0.0000000000e+00
    2.9899762943e-02    0.0000000000e+00
    2.9909495264e-02    0.0000000000e+00
    2.9919875786e-02    0.0000000000e+00
    2.9929608107e-02    0.0000000000e+00
    2.9939988628e-02    0.0000000000e+00
    2.9949720949e-02    0.0000000000e+00
    2.9959453270e-02    0.0000000000e+00
    2.9969833791e-02    0.0000000000e+00
    2.9979566112e-02    0.0000000000e+00
    2.9989948496e-02    0.0000000000e+00
    2.9999680817e-02    0.0000000000e+00
    3.0000329018e-02    0.0000000000e+00
      3002
    0.0000000000e+00    0.0000000000e+00
    9.7362280940e-06    0.0000000000e+00
    1.9472456188e-05    0.0000000000e+00
    2.9208684282e-05    0.0000000000e+00
    3.8944912376e-05    0.0000000000e+00
    4.9898168072e-05    0.0000000000e+00
    5.9634396166e-05    0.0000000000e+00
    6.9370624260e-05    0.0000000000e+00
    7.9106852354e-05    0.0000000000e+00
    8.8843080448e-05    0.0000000000e+00
    9.9796336144e-05    0.0000000000e+00
    1.0953254969e-04    0.0000000000e+00
    1.1927346350e-04    3.1064990997e+01
    1.2966935174e-04    2.4382314682e+01
    1.3936702453e-04    1.9443351746e+01
    1.4957833628e-04    1.5308573723e+01
    1.5916032135e-04    1.2218760490e+01
    1.6953409067e-04    9.5576896667e+00
    1.7927007866e-04    7.5757985115e+00
    1.8900603754e-04    5.9917168617e+00
    1.9995904586e-04    4.5875167847e+00
    2.0969503385e-04    3.6062364578e+00
    2.1943096363e-04    2.8244543076e+00
    2.2916687885e-04    2.2026262283e+00
    2.3890283774e-04    1.7089910507e+00
    2.4985588971e-04    1.2753052711e+00
    2.5959202321e-04    9.7552990913e-01
    2.6932815672e-04    7.3959231377e-01
    2.7906429023e-04    5.5459076166e-01
    2.8880042373e-04    4.1016271710e-01
    2.9975359212e-04    2.8588634729e-01
    3.0948969652e-04    2.0208579302e-01
    3.1922583003e-04    1.3791966438e-01
    3.2896193443e-04    8.9219823480e-02
    3.3991501550e-04    4.8800308257e-02
    3.4965106170e-04    2.2744510323e-02
    3.5938710789e-04    3.8266426418e-03
    3.6912309588e-04   -9.5808850601e-03
    3.7885899656e-04   -1.8765334040e-02
    3.8981181569e-04   -2.5304337963e-02
    3.9954759995e-04   -2.8613599017e-02
    4.0928332601e-04   -3.0200975016e-02
    4.1901899385e-04   -3.0535759404e-02
    4.2997155106e-04   -2.9863279313e-02
    4.3970713159e-04   -2.8635950759e-02
    4.4944265392e-04   -2.7030857280e-02
    4.5917817624e-04   -2.5201467797e-02
    4.6891369857e-04   -2.3261586204e-02
    4.7986613936e-04   -2.1049484611e-02
    4.8960157437e-04   -1.9120778888e-02
    4.9933698028e-04   -1.7268398777e-02
    5.0907238619e-04   -1.5517603606e-02
    5.1880773390e-04   -1.3883526437e-02
    5.2975991275e-04   -1.2194016948e-02
    5.3949520225e-04   -1.0826697573e-02
    5.4923043353e-04   -9.5839267597e-03
    5.5896566482e-04   -8.4610786289e-03
    5.6991778547e-04   -7.3332483880e-03
    5.7965301676e-04   -6.4427605830e-03
    5.8938824804e-04   -5.6492998265e-03
    5.9912342113e-04   -4.9446304329e-03
    6.0885853600e-04   -4.3206480332e-03
    6.1981054023e-04   -3.7054433487e-03
    6.2954559689e-04   -3.2276350539e-03
    6.3928065356e-04   -2.8077252209e-03
    6.4901565202e-04   -2.4394528009e-03
    6.5996742342e-04   -2.0797455218e-03
    6.6970230546e-04   -1.8027868355e-03
    6.7943712929e-04   -1.5612060670e-03
    6.8917183671e-04   -1.3507902622e-03
    6.9890648592e-04   -1.1677611619e-03
    7.0985779166e-04   -9.9040265195e-04
    7.1959214984e-04   -8.5483118892e-04
    7.2932633338e-04   -7.3730433360e-04
    7.3906040052e-04   -6.3551316271e-04
    7.4879435124e-04   -5.4742686916e-04
    7.5974490028e-04   -4.6250055311e-04
    7.6947855996e-04   -3.9789191214e-04
    7.7921216143e-04   -3.4211843740e-04
    7.8894570470e-04   -2.9400599306e-04
    7.9989572987e-04   -2.4776678765e-04
    8.0962892389e-04   -2.1269702120e-04
    8.1936200149e-04   -1.8250584253e-04
    8.2909490447e-04   -1.5653014998e-04
    8.3882757463e-04   -1.3419412426e-04
    8.4977661027e-04   -1.1279738828e-04
    8.5950887296e-04   -9.6619871329e-05
    8.6924090283e-04   -8.2731843577e-05
    8.7897275807e-04   -7.0814974606e-05
    8.8992092060e-04   -5.9423582570e-05
    8.9965248480e-04   -5.0828457461e-05
    9.0938387439e-04   -4.3463183829e-05
    9.1911520576e-04   -3.7154237361e-05
    9.2884636251e-04   -3.1752129871e-05
    9.3979376834e-04   -2.6599189368e-05
    9.4952457584e-04   -2.2719044864e-05
    9.5925526693e-04   -1.9400111341e-05
    9.6898584161e-04   -1.6562062228e-05
    9.7993249074e-04   -1.3858564671e-05
    9.8966283258e-04   -1.1825476577e-05
    9.9939294159e-04   -1.0088486306e-05
    1.0091229342e-03   -8.6048712546e-06
    1.0188529268e-03   -7.3380024332e-06
    1.0297988774e-03   -6.1329419623e-06
    1.0395286372e-03   -5.2279810916e-06
    1.0492583970e-03   -4.4557823458e-06
    1.0589880403e-03   -3.7969987261e-06
    1.0699337581e-03   -3.1709159884e-06
    1.0796632851e-03   -2.7011453767e-06
    1.0893928120e-03   -2.3005979983e-06
    1.0991222225e-03   -1.9591382170e-06
    1.1088516330e-03   -1.6681051420e-06
    1.1197971180e-03   -1.3917969000e-06
    1.1295265285e-03   -1.1846832422e-06
    1.1392558226e-03   -1.0082533208e-06
    1.1489852332e-03   -8.5798382088e-07
    1.1599308345e-03   -7.1541518309e-07
    1.1696603615e-03   -6.0861748352e-07
    1.1793898884e-03   -5.1769251286e-07
    1.1891194154e-03   -4.4029144419e-07
    1.1988490587e-03   -3.7441199652e-07
    1.2097946601e-03   -3.1195517636e-07
    1.2195238378e-03   -2.6520513075e-07
    1.2292530155e-03   -2.2543324008e-07
    1.2389819603e-03   -1.9160317777e-07
    1.2499268632e-03   -1.5955221500e-07
    1.2596555753e-03   -1.3557784939e-07
    1.2693840545e-03   -1.1519483678e-07
    1.2791125337e-03   -9.7867420834e-08
    1.2888408964e-03   -8.3139234164e-08
    1.2997852173e-03   -6.9195316144e-08
    1.3095134636e-03   -5.8771718159e-08
    1.3192418264e-03   -4.9914213207e-08
    1.3289700728e-03   -4.2388066390e-08
    1.3399145100e-03   -3.5265149023e-08
    1.3496428728e-03   -2.9942263780e-08
    1.3593712356e-03   -2.5420519023e-08
    1.3690997148e-03   -2.1579664278e-08
    1.3788280776e-03   -1.8317475536e-08
    1.3897725148e-03   -1.5231501393e-08
    1.3995006448e-03   -1.2926537174e-08
    1.4092286583e-03   -1.0969460007e-08
    1.4189564390e-03   -9.3079401964e-09
    1.4299000613e-03   -7.7368902396e-09
    1.4396273764e-03   -6.5639906843e-09
    1.4493545750e-03   -5.5685474010e-09
    1.4590816572e-03   -4.7237933565e-09
    1.4688085066e-03   -4.0069823015e-09
    1.4797509648e-03   -3.3295497470e-09
    1.4894774649e-03   -2.8240374483e-09
    1.4992038487e-03   -2.3951760575e-09
    1.5095787821e-03   -2.0091535102e-09
    1.5199597692e-03   -1.6850886242e-09
    1.5296920901e-03   -1.4288518146e-09
    1.5394242946e-03   -1.2115259906e-09
    1.5498868888e-03   -1.0145638774e-09
    1.5591537813e-03   -8.6699114554e-10
    1.5696665505e-03   -7.2535688567e-10
    1.5798920067e-03   -6.0979649108e-10
    1.5898727579e-03   -5.1475562701e-10
    1.5992803965e-03   -4.3875575395e-10
    1.6096245963e-03   -3.6805622439e-10
    1.6198499361e-03   -3.0935429218e-10
    1.6296050744e-03   -2.6208651915e-10
    1.6399183078e-03   -2.1993078192e-10
    1.6494620359e-03   -1.8697592086e-10
    1.6596874921e-03   -1.5711741630e-10
    1.6694581136e-03   -1.3304549129e-10
    1.6795508564e-03   -1.1203997452e-10
    1.6893561697e-03   -9.4808993989e-11
    1.6995816259e-03   -7.9652263951e-11
    1.7098069657e-03   -6.6915507857e-11
    1.7193508102e-03   -5.6869980947e-11
    1.7295761500e-03   -4.7772237555e-11
    1.7398016062e-03   -4.0128230600e-11
    1.7493453342e-03   -3.4100181012e-11
    1.7598492559e-03   -2.8505829641e-11
    1.7696802970e-03   -2.4103411975e-11
    1.7799057532e-03   -2.0243421522e-11
    1.7894494813e-03   -1.7199946328e-11
    1.7996749375e-03   -1.4444442170e-11
    1.8099003937e-03   -1.2129962833e-11
    1.8199326005e-03   -1.0219695749e-11
    1.8291077577e-03   -8.7370380028e-12
    1.8392003840e-03   -7.3531406658e-12
    1.8497131532e-03   -6.1440358010e-12
    1.8599386094e-03   -5.1589062883e-12
    1.8694823375e-03   -4.3824124017e-12
    1.8797077937e-03   -3.6795939559e-12
    1.8899332499e-03   -3.0894245495e-12
    1.8994769780e-03   -2.6242697251e-12
    1.9097024342e-03   -2.2032731542e-12
    1.9199278904e-03   -1.8497751074e-12
    1.9294716185e-03   -1.5711739635e-12
    1.9396970747e-03   -1.3190349420e-12
    1.9499224145e-03   -1.1073326501e-12
    1.9594661426e-03   -9.4049225872e-13
    1.9693779759e-03   -7.9375460198e-13
    1.9799820147e-03   -6.6200089030e-13
    1.9896221347e-03   -5.6128631474e-13
    1.9992622547e-03   -4.7588072805e-13
    2.0098662935e-03   -3.9685279802e-13
    2.0195064135e-03   -3.3644877791e-13
    2.0291465335e-03   -2.8523198885e-13
    2.0399366040e-03   -2.3708866901e-13
    2.0494803321e-03   -2.0132059539e-13
    2.0597057883e-03   -1.6896006079e-13
    2.0699312445e-03   -1.4179864151e-13
    2.0792784635e-03   -1.2080671207e-13
    2.0898825023e-03   -1.0072731494e-13
    2.0995226223e-03   -8.5383651917e-14
    2.1093485411e-03   -7.2146051611e-14
    2.1195739973e-03   -6.0543997387e-14
    2.1297994535e-03   -5.0806997905e-14
    2.1393431816e-03   -4.3136650393e-14
    2.1495686378e-03   -3.6198037704e-14
    2.1599968895e-03   -3.0269427102e-14
    2.1696370095e-03   -2.5655809739e-14
    2.1792771295e-03   -2.1744911237e-14
    2.1898811683e-03   -1.8127357186e-14
    2.1995212883e-03   -1.5363258287e-14
    2.2091614082e-03   -1.3020278757e-14
    2.2197654471e-03   -1.0853185619e-14
    2.2294055670e-03   -9.1974970934e-15
    2.2390456870e-03   -7.7941930457e-15
    2.2496497259e-03   -6.4963780578e-15
    2.2592898458e-03   -5.5049433572e-15
    2.2698938847e-03   -4.5881076953e-15
    2.2795340046e-03   -3.8877647609e-15
    2.2891741246e-03   -3.2942818090e-15
    2.2997781634e-03   -2.7455033503e-15
    2.3094182834e-03   -2.3263395672e-15
    2.3196919356e-03   -1.9498065289e-15
    2.3299173918e-03   -1.6355551879e-15
    2.3394611198e-03   -1.3881088060e-15
    2.3496865761e-03   -1.1643650530e-15
    2.3599120323e-03   -9.7667705730e-16
    2.3694557603e-03   -8.2889378963e-16
    2.3796812166e-03   -6.9527132464e-16
    2.3899066728e-03   -5.8318610171e-16
    2.3994504008e-03   -4.9493463891e-16
    2.4096758571e-03   -4.1514244121e-16
    2.4199013133e-03   -3.4821341820e-16
    2.4295307230e-03   -2.9508245602e-16
    2.4391708430e-03   -2.5001299757e-16
    2.4498712737e-03   -2.0800067955e-16
    2.4595372379e-03   -1.7615409361e-16
    2.4699645583e-03   -1.4724348270e-16
    2.4796046782e-03   -1.2475523440e-16
    2.4897130206e-03   -1.0485405634e-16
    2.4999384768e-03   -8.7950276415e-17
    2.5094822049e-03   -7.4641119030e-17
    2.5197076611e-03   -6.2607692525e-17
    2.5299331173e-03   -5.2514047570e-17
    2.5394768454e-03   -4.4566827117e-17
    2.5497023016e-03   -3.7381430082e-17
    2.5599277578e-03   -3.1354400233e-17
    2.5694714859e-03   -2.6609123139e-17
    2.5796969421e-03   -2.2318825161e-17
    2.5899223983e-03   -1.8720256969e-17
    2.5994661264e-03   -1.5887042603e-17
    2.6096915826e-03   -1.3325523981e-17
    2.6199170388e-03   -1.1177031527e-17
    2.6294607669e-03   -9.4855025957e-18
    2.6396862231e-03   -7.9561937084e-18
    2.6499116793e-03   -6.6734810103e-18
    2.6593760122e-03   -5.6713363953e-18
    2.6699800510e-03   -4.7261841110e-18
    2.6796201710e-03   -4.0043949938e-18
    2.6892602909e-03   -3.3928665708e-18
    2.6998643298e-03   -2.8275103357e-18
    2.7095044497e-03   -2.3957553499e-18
    2.7191445697e-03   -2.0299471317e-18
    2.7297486085e-03   -1.6917465835e-18
    2.7393887285e-03   -1.4334561285e-18
    2.7499927673e-03   -1.1946506366e-18
    2.7596328873e-03   -1.0122638256e-18
    2.7692730073e-03   -8.5772311930e-19
    2.7798770461e-03   -7.1483475121e-19
    2.7895171661e-03   -6.0570088389e-19
    2.7991572861e-03   -5.1322726129e-19
    2.8097613249e-03   -4.2772540123e-19
    2.8194014449e-03   -3.6242155982e-19
    2.8290415648e-03   -3.0708723519e-19
    2.8396456037e-03   -2.5592513203e-19
    2.8492857236e-03   -2.1684935254e-19
    2.8593251482e-03   -1.8248237623e-19
    2.8695506044e-03   -1.5307136209e-19
    2.8797760606e-03   -1.2839998946e-19
    2.8893197887e-03   -1.0897393712e-19
    2.8995452449e-03   -9.1409021769e-20
    2.9097707011e-03   -7.6674808947e-20
    2.9199961573e-03   -6.4315160245e-20
    2.9295398854e-03   -5.4583367413e-20
    2.9391210992e-03   -4.6293902920e-20
    2.9497253709e-03   -3.8578679487e-20
    2.9593652580e-03   -3.2686277781e-20
    2.9699695297e-03   -2.7238408105e-20
    2.9796096496e-03   -2.3077747785e-20
    2.9892495368e-03   -1.9552505963e-20
    2.9998538084e-03   -1.6293319030e-20
    3.0094936956e-03   -1.3804280868e-20
    3.0191338155e-03   -1.1695425902e-20
    3.0297380872e-03   -9.7457725069e-21
    3.0393779743e-03   -8.2568490198e-21
    3.0499822460e-03   -6.8803340466e-21
    3.0596223660e-03   -5.8291110805e-21
    3.0693311710e-03   -4.9326165293e-21
    3.0795566272e-03   -4.1370485140e-21
    3.0897820834e-03   -3.4697597329e-21
    3.0993258115e-03   -2.9443988677e-21
    3.1095512677e-03   -2.4694255400e-21
    3.1197767239e-03   -2.0710484100e-21
    3.1290757470e-03   -1.7648290149e-21
    3.1396797858e-03   -1.4704763092e-21
    3.1493199058e-03   -1.2456997723e-21
    3.1599239446e-03   -1.0379107301e-21
    3.1695640646e-03   -8.7924088846e-22
    3.1792041846e-03   -7.4482196895e-22
    3.1898082234e-03   -6.2056605176e-22
    3.1994483434e-03   -5.2568595154e-22
    3.2090884633e-03   -4.4530943140e-22
    3.2196925022e-03   -3.7101188602e-22
    3.2293326221e-03   -3.1428074576e-22
    3.2399366610e-03   -2.6184108455e-22
    3.2495767809e-03   -2.2180049925e-22
    3.2592169009e-03   -1.8788187846e-22
    3.2698209397e-03   -1.5652965570e-22
    3.2794610597e-03   -1.3259087005e-22
    3.2891011797e-03   -1.1231241162e-22
    3.2997052185e-03   -9.3568527462e-23
    3.3093453385e-03   -7.9256956122e-23
    3.3199493773e-03   -6.6028560224e-23
    3.3295894973e-03   -5.5928376468e-23
    3.3392296173e-03   -4.7372804454e-23
    3.3498336561e-03   -3.9464950351e-23
    3.3594737761e-03   -3.3427280350e-23
    3.3691138960e-03   -2.8313079324e-23
    3.3797179349e-03   -2.3586196381e-23
    3.3893580548e-03   -1.9977315512e-23
    3.3999623265e-03   -1.6641819123e-23
    3.4096022137e-03   -1.4095289346e-23
    3.4192423336e-03   -1.1938361404e-23
    3.4298463725e-03   -9.9448901754e-24
    3.4394864924e-03   -8.4229905292e-24
    3.4491266124e-03   -7.1339578890e-24
    3.4597306512e-03   -5.9426280385e-24
    3.4693707712e-03   -5.0331203242e-24
    3.4799750429e-03   -4.1925440646e-24
    3.4896149300e-03   -3.5508120291e-24
    3.4993239678e-03   -3.0037001121e-24
    3.5095494241e-03   -2.5183319437e-24
    3.5197748803e-03   -2.1113566305e-24
    3.5293186083e-03   -1.7910436043e-24
    3.5395440646e-03   -1.5015448655e-24
    3.5497695208e-03   -1.2588146329e-24
    3.5597984679e-03   -1.0588854293e-24
    3.5694385879e-03   -8.9668635805e-25
    3.5790784750e-03   -7.5932013508e-25
    3.5896827467e-03   -6.3238196302e-25
    3.5993228666e-03   -5.3548676968e-25
    3.6099269055e-03   -4.4595031738e-25
    3.6198010202e-03   -3.7608448153e-25
    3.6293447483e-03   -3.1897275158e-25
    3.6392083857e-03   -2.6903960657e-25
    3.6498126574e-03   -2.2403681756e-25
    3.6594527774e-03   -1.8968865510e-25
    3.6690926645e-03   -1.6060366168e-25
    3.6796969362e-03   -1.3373091773e-25
    3.6893370561e-03   -1.1322159422e-25
    3.6999410950e-03   -9.4273013531e-26
    3.7099323235e-03   -7.9329257788e-26
    3.7194760516e-03   -6.7271173725e-26
    3.7297015078e-03   -5.6376918342e-26
    3.7399269640e-03   -4.7245942727e-26
    3.7494706921e-03   -4.0062214790e-26
    3.7596961483e-03   -3.3572188330e-26
    3.7699216045e-03   -2.8132903025e-26
    3.7794653326e-03   -2.3853833356e-26
    3.7896907888e-03   -1.9988203839e-26
    3.7991551217e-03   -1.6970558194e-26
    3.8097591605e-03   -1.4126924172e-26
    3.8193992805e-03   -1.1957209245e-26
    3.8290394004e-03   -1.0120503783e-26
    3.8396434393e-03   -8.4240283620e-27
    3.8492835592e-03   -7.1296817206e-27
    3.8598875981e-03   -5.9342073151e-27
    3.8695277181e-03   -5.0221465972e-27
    3.8791678380e-03   -4.2501510606e-27
    3.8897718769e-03   -3.5371787285e-27
    3.8997107185e-03   -2.9778218429e-27
    3.9093508385e-03   -2.5198576577e-27
    3.9199548773e-03   -2.0969463605e-27
    3.9295949973e-03   -1.7743529022e-27
    3.9392351173e-03   -1.5013481918e-27
    3.9498391561e-03   -1.2492640881e-27
    3.9594792761e-03   -1.0569942647e-27
    3.9691193961e-03   -8.9429372521e-28
    3.9797234349e-03   -7.4407354881e-28
    3.9893635549e-03   -6.2950657273e-28
    3.9999675937e-03   -5.2373281499e-28
    4.0096077137e-03   -4.4306697261e-28
    4.0192478336e-03   -3.7481437464e-28
    4.0298518725e-03   -3.1180456725e-28
    4.0394919924e-03   -2.6375523922e-28
    4.0491321124e-03   -2.2310316736e-28
    4.0597361512e-03   -1.8557714461e-28
    4.0693762712e-03   -1.5696359139e-28
    4.0799803101e-03   -1.3055198999e-28
    4.0896204300e-03   -1.1041449057e-28
    4.0992605500e-03   -9.3379880949e-29
    4.1098645888e-03   -7.7657894904e-29
    4.1195047088e-03   -6.5672110636e-29
    4.1291448288e-03   -5.5534316336e-29
    4.1397488676e-03   -4.6178786630e-29
    4.1493889876e-03   -3.9047293741e-29
    4.1599930264e-03   -3.2466532556e-29
    4.1696331464e-03   -2.7450514220e-29
    4.1792732663e-03   -2.3208563240e-29
    4.1898773052e-03   -1.9294599633e-29
    4.1995174251e-03   -1.6311607993e-29
    4.2099561542e-03   -1.3598600133e-29
    4.2194998823e-03   -1.1514578423e-29
    4.2297253385e-03   -9.6343614795e-30
    4.2399507947e-03   -8.0608390991e-30
    4.2494945228e-03   -6.8247381403e-30
    4.2599313892e-03   -5.6886847283e-30
    4.2698658071e-03   -4.7833302640e-30
    4.2794100009e-03   -4.0494892652e-30
    4.2891562916e-03   -3.4160283370e-30
    4.2994301766e-03   -2.8551982896e-30
    4.3096551672e-03   -2.3883944365e-30
    4.3199183419e-03   -1.9965555258e-30
    4.3295584619e-03   -1.6872182629e-30
    4.3391985819e-03   -1.4257819246e-30
    4.3499888852e-03   -1.1808712501e-30
    4.3595326133e-03   -9.9953525972e-31
    4.3697580695e-03   -8.3601713064e-31
    4.3799830601e-03   -6.9923919406e-31
    4.3895272538e-03   -5.9183742555e-31
    4.3997522444e-03   -4.9499159631e-31
    4.4093644246e-03   -4.1844777703e-31
    4.4195898809e-03   -3.4996034933e-31
    4.4298153371e-03   -2.9267644075e-31
    4.4394270517e-03   -2.4740432119e-31
    4.4498355128e-03   -2.0624003716e-31
    4.4594756328e-03   -1.7424707762e-31
    4.4691157527e-03   -1.4721508039e-31
    4.4797197916e-03   -1.2229569336e-31
    4.4899932109e-03   -1.0218177426e-31
    4.4995369390e-03   -8.6471703680e-32
    4.5097623952e-03   -7.2308707097e-32
    4.5197433792e-03   -6.0724233780e-32
    4.5293834992e-03   -5.1300089858e-32
    4.5399875380e-03   -4.2613436398e-32
    4.5496276580e-03   -3.5999526249e-32
    4.5597357675e-03   -3.0163766912e-32
    4.5699612238e-03   -2.5222088578e-32
    4.5795049518e-03   -2.1342888160e-32
    4.5896507800e-03   -1.7870839312e-32
    4.5997593552e-03   -1.4973329491e-32
    4.6099848114e-03   -1.2519830335e-32
    4.6195285395e-03   -1.0593929778e-32
    4.6297539957e-03   -8.8579193135e-33
    4.6399794519e-03   -7.4063512982e-33
    4.6495231800e-03   -6.2669629910e-33
    4.6597486362e-03   -5.2399431276e-33
    4.6699740924e-03   -4.3812140150e-33
    4.6795178205e-03   -3.7071763707e-33
    4.6897432767e-03   -3.0996232175e-33
    4.6993726864e-03   -2.6188175590e-33
    4.7095981427e-03   -2.1896420001e-33
    4.7198235989e-03   -1.8308140843e-33
    4.7293673269e-03   -1.5491757398e-33
    4.7395927832e-03   -1.2953252551e-33
    4.7498182394e-03   -1.0830778115e-33
    4.7593619674e-03   -9.1648115012e-34
    4.7695874237e-03   -7.6631606307e-34
    4.7798128799e-03   -6.4075834313e-34
    4.7893566079e-03   -5.4220475900e-34
    4.7995820642e-03   -4.5337040094e-34
    4.8098075204e-03   -3.7909105067e-34
    4.8193512484e-03   -3.2078513038e-34
    4.8295767047e-03   -2.6822758409e-34
    4.8398021609e-03   -2.2428076351e-34
    4.8493458889e-03   -1.8978479124e-34
    4.8595713452e-03   -1.5869047462e-34
    4.8697968014e-03   -1.3269117985e-34
    4.8793405294e-03   -1.1228351886e-34
    4.8895659856e-03   -9.3888518853e-35
    4.8997914419e-03   -7.8507691847e-35
    4.9093351699e-03   -6.6434670358e-35
    4.9195606261e-03   -5.5552032050e-35
    4.9297860824e-03   -4.6452222057e-35
    4.9393298104e-03   -3.9309093584e-35
    4.9495552666e-03   -3.2870013332e-35
    4.9597807229e-03   -2.7485672364e-35
    4.9693244509e-03   -2.3259064187e-35
    4.9795499071e-03   -1.9449050520e-35
    4.9897753634e-03   -1.6263149450e-35
    4.9993190914e-03   -1.3762283783e-35
    5.0095445476e-03   -1.1507909611e-35
    5.0197700039e-03   -9.6228016638e-36
    5.0299954601e-03   -8.0464633089e-36
    5.0395391881e-03   -6.8090424176e-36
    5.0497646444e-03   -5.6935661508e-36
    5.0599896349e-03   -4.7607991148e-36
    5.0695338286e-03   -4.0285936277e-36
    5.0797588192e-03   -3.3685622310e-36
    5.0899842754e-03   -2.8166558310e-36
    5.0995280035e-03   -2.3834272589e-36
    5.1097534597e-03   -1.9929048830e-36
    5.1199789159e-03   -1.6663566921e-36
    5.1295226440e-03   -1.4100254373e-36
    5.1397481002e-03   -1.1789623067e-36
    5.1499735564e-03   -9.8575342682e-37
    5.1595172845e-03   -8.3409392083e-37
    5.1697427407e-03   -6.9739014825e-37
    5.1799681969e-03   -5.8308697240e-37
    5.1895119250e-03   -4.9336763871e-37
    5.1997373812e-03   -4.1249747119e-37
    5.2099628374e-03   -3.4487993256e-37
    5.2195065655e-03   -2.9180632495e-37
    5.2297320217e-03   -2.4396904460e-37
    5.2399574779e-03   -2.0397298205e-37
    5.2497885190e-03   -1.7171570797e-37
    5.2595208399e-03   -1.4480937616e-37
    5.2699018270e-03   -1.2073904823e-37
    5.2796341479e-03   -1.0181956835e-37
    5.2893660031e-03   -8.5864221485e-38
    5.2997469902e-03   -7.1590505644e-38
    5.3094793111e-03   -6.0371272933e-38
    5.3198602982e-03   -5.0334640839e-38
    5.3295926191e-03   -4.2445941451e-38
    5.3393580019e-03   -3.5772795613e-38
    5.3495829925e-03   -2.9906492207e-38
    5.3598084487e-03   -2.5002059686e-38
    5.3693521768e-03   -2.1152910006e-38
    5.3795776330e-03   -1.7683837311e-38
    5.3898030892e-03   -1.4783632938e-38
    5.3993468173e-03   -1.2507506645e-38
    5.4095722735e-03    0.0000000000e+00
    5.4197977297e-03    0.0000000000e+00
    5.4293414578e-03    0.0000000000e+00
    5.4395669140e-03    0.0000000000e+00
    5.4497923702e-03    0.0000000000e+00
    5.4593360983e-03    0.0000000000e+00
    5.4695615545e-03    0.0000000000e+00
    5.4797870107e-03    0.0000000000e+00
    5.4893307388e-03    0.0000000000e+00
    5.4995561950e-03    0.0000000000e+00
    5.5097816512e-03    0.0000000000e+00
    5.5193253793e-03    0.0000000000e+00
    5.5295508355e-03    0.0000000000e+00
    5.5397762917e-03    0.0000000000e+00
    5.5493200198e-03    0.0000000000e+00
    5.5595454760e-03    0.0000000000e+00
    5.5697709322e-03    0.0000000000e+00
    5.5799963884e-03    0.0000000000e+00
    5.5895401165e-03    0.0000000000e+00
    5.5997655727e-03    0.0000000000e+00
    5.6099910289e-03    0.0000000000e+00
    5.6195347570e-03    0.0000000000e+00
    5.6297602132e-03    0.0000000000e+00
    5.6399856694e-03    0.0000000000e+00
    5.6495293975e-03    0.0000000000e+00
    5.6597548537e-03    0.0000000000e+00
    5.6699803099e-03    0.0000000000e+00
    5.6795240380e-03    0.0000000000e+00
    5.6897494942e-03    0.0000000000e+00
    5.6999749504e-03    0.0000000000e+00
    5.7095186785e-03    0.0000000000e+00
    5.7197441347e-03    0.0000000000e+00
    5.7299695909e-03    0.0000000000e+00
    5.7395133190e-03    0.0000000000e+00
    5.7497387752e-03    0.0000000000e+00
    5.7599642314e-03    0.0000000000e+00
    5.7695079595e-03    0.0000000000e+00
    5.7797334157e-03    0.0000000000e+00
    5.7894657366e-03    0.0000000000e+00
    5.7998467237e-03    0.0000000000e+00
    5.8095785789e-03    0.0000000000e+00
    5.8199600317e-03    0.0000000000e+00
    5.8296918869e-03    0.0000000000e+00
    5.8394242078e-03    0.0000000000e+00
    5.8498051949e-03    0.0000000000e+00
    5.8597675525e-03    0.0000000000e+00
    5.8699930087e-03    0.0000000000e+00
    5.8795367368e-03    0.0000000000e+00
    5.8897621930e-03    0.0000000000e+00
    5.8999876492e-03    0.0000000000e+00
    5.9095313773e-03    0.0000000000e+00
    5.9197568335e-03    0.0000000000e+00
    5.9299822897e-03    0.0000000000e+00
    5.9395260178e-03    0.0000000000e+00
    5.9497514740e-03    0.0000000000e+00
    5.9599769302e-03    0.0000000000e+00
    5.9695206583e-03    0.0000000000e+00
    5.9797461145e-03    0.0000000000e+00
    5.9899715707e-03    0.0000000000e+00
    5.9995152988e-03    0.0000000000e+00
    6.0097407550e-03    0.0000000000e+00
    6.0199662112e-03    0.0000000000e+00
    6.0295099393e-03    0.0000000000e+00
    6.0397353955e-03    0.0000000000e+00
    6.0499608517e-03    0.0000000000e+00
    6.0595045798e-03    0.0000000000e+00
    6.0697300360e-03    0.0000000000e+00
    6.0799554922e-03    0.0000000000e+00
    6.0894992203e-03    0.0000000000e+00
    6.0997246765e-03    0.0000000000e+00
    6.1099501327e-03    0.0000000000e+00
    6.1194938608e-03    0.0000000000e+00
    6.1297193170e-03    0.0000000000e+00
    6.1399447732e-03    0.0000000000e+00
    6.1494885013e-03    0.0000000000e+00
    6.1597139575e-03    0.0000000000e+00
    6.1699394137e-03    0.0000000000e+00
    6.1794831418e-03    0.0000000000e+00
    6.1897085980e-03    0.0000000000e+00
    6.1999340542e-03    0.0000000000e+00
    6.2094777822e-03    0.0000000000e+00
    6.2197032385e-03    0.0000000000e+00
    6.2299286947e-03    0.0000000000e+00
    6.2394724227e-03    0.0000000000e+00
    6.2496978790e-03    0.0000000000e+00
    6.2599233352e-03    0.0000000000e+00
    6.2694670632e-03    0.0000000000e+00
    6.2796925195e-03    0.0000000000e+00
    6.2899179757e-03    0.0000000000e+00
    6.2994617037e-03    0.0000000000e+00
    6.3096871600e-03    0.0000000000e+00
    6.3199126162e-03    0.0000000000e+00
    6.3294563442e-03    0.0000000000e+00
    6.3396818005e-03    0.0000000000e+00
    6.3499072567e-03    0.0000000000e+00
    6.3594509847e-03    0.0000000000e+00
    6.3696764410e-03    0.0000000000e+00
    6.3799018972e-03    0.0000000000e+00
    6.3894456252e-03    0.0000000000e+00
    6.3996706158e-03    0.0000000000e+00
    6.4098960720e-03    0.0000000000e+00
    6.4194398001e-03    0.0000000000e+00
    6.4296652563e-03    0.0000000000e+00
    6.4398907125e-03    0.0000000000e+00
    6.4494344406e-03    0.0000000000e+00
    6.4596598968e-03    0.0000000000e+00
    6.4698853530e-03    0.0000000000e+00
    6.4794290811e-03    0.0000000000e+00
    6.4896545373e-03    0.0000000000e+00
    6.4998799935e-03    0.0000000000e+00
    6.5094237216e-03    0.0000000000e+00
    6.5196491778e-03    0.0000000000e+00
    6.5298746340e-03    0.0000000000e+00
    6.5394183621e-03    0.0000000000e+00
    6.5496438183e-03    0.0000000000e+00
    6.5598692745e-03    0.0000000000e+00
    6.5694130026e-03    0.0000000000e+00
    6.5796384588e-03    0.0000000000e+00
    6.5898639150e-03    0.0000000000e+00
    6.5994076431e-03    0.0000000000e+00
    6.6096330993e-03    0.0000000000e+00
    6.6198585555e-03    0.0000000000e+00
    6.6294022836e-03    0.0000000000e+00
    6.6396277398e-03    0.0000000000e+00
    6.6498531960e-03    0.0000000000e+00
    6.6593969241e-03    0.0000000000e+00
    6.6696223803e-03    0.0000000000e+00
    6.6798478365e-03    0.0000000000e+00
    6.6893915646e-03    0.0000000000e+00
    6.6996170208e-03    0.0000000000e+00
    6.7098424770e-03    0.0000000000e+00
    6.7193862051e-03    0.0000000000e+00
    6.7296116613e-03    0.0000000000e+00
    6.7398371175e-03    0.0000000000e+00
    6.7493808456e-03    0.0000000000e+00
    6.7596063018e-03    0.0000000000e+00
    6.7698317580e-03    0.0000000000e+00
    6.7793754861e-03    0.0000000000e+00
    6.7896009423e-03    0.0000000000e+00
    6.7998263985e-03    0.0000000000e+00
    6.8093701266e-03    0.0000000000e+00
    6.8195955828e-03    0.0000000000e+00
    6.8298210390e-03    0.0000000000e+00
    6.8393647671e-03    0.0000000000e+00
    6.8495902233e-03    0.0000000000e+00
    6.8598156795e-03    0.0000000000e+00
    6.8693594076e-03    0.0000000000e+00
    6.8795848638e-03    0.0000000000e+00
    6.8898103200e-03    0.0000000000e+00
    6.8993540481e-03    0.0000000000e+00
    6.9095795043e-03    0.0000000000e+00
    6.9198049605e-03    0.0000000000e+00
    6.9293486886e-03    0.0000000000e+00
    6.9395741448e-03    0.0000000000e+00
    6.9497996010e-03    0.0000000000e+00
    6.9593433291e-03    0.0000000000e+00
    6.9695687853e-03    0.0000000000e+00
    6.9797942415e-03    0.0000000000e+00
    6.9893379696e-03    0.0000000000e+00
    6.9995634258e-03    0.0000000000e+00
    7.0097888820e-03    0.0000000000e+00
    7.0193326101e-03    0.0000000000e+00
    7.0295576006e-03    0.0000000000e+00
    7.0397830568e-03    0.0000000000e+00
    7.0493267849e-03    0.0000000000e+00
    7.0595522411e-03    0.0000000000e+00
    7.0697776973e-03    0.0000000000e+00
    7.0793214254e-03    0.0000000000e+00
    7.0895468816e-03    0.0000000000e+00
    7.0997723378e-03    0.0000000000e+00
    7.1099977940e-03    0.0000000000e+00
    7.1195415221e-03    0.0000000000e+00
    7.1297669783e-03    0.0000000000e+00
    7.1399924345e-03    0.0000000000e+00
    7.1495361626e-03    0.0000000000e+00
    7.1597616188e-03    0.0000000000e+00
    7.1699870750e-03    0.0000000000e+00
    7.1795308031e-03    0.0000000000e+00
    7.1897562593e-03    0.0000000000e+00
    7.1999817155e-03    0.0000000000e+00
    7.2095254436e-03    0.0000000000e+00
    7.2197508998e-03    0.0000000000e+00
    7.2299763560e-03    0.0000000000e+00
    7.2395200841e-03    0.0000000000e+00
    7.2497455403e-03    0.0000000000e+00
    7.2599709965e-03    0.0000000000e+00
    7.2695147246e-03    0.0000000000e+00
    7.2797401808e-03    0.0000000000e+00
    7.2899656370e-03    0.0000000000e+00
    7.2995093651e-03    0.0000000000e+00
    7.3097348213e-03    0.0000000000e+00
    7.3199602775e-03    0.0000000000e+00
    7.3295040056e-03    0.0000000000e+00
    7.3397294618e-03    0.0000000000e+00
    7.3499549180e-03    0.0000000000e+00
    7.3594986461e-03    0.0000000000e+00
    7.3697241023e-03    0.0000000000e+00
    7.3799495585e-03    0.0000000000e+00
    7.3894932866e-03    0.0000000000e+00
    7.3997187428e-03    0.0000000000e+00
    7.4099441990e-03    0.0000000000e+00
    7.4194879271e-03    0.0000000000e+00
    7.4297133833e-03    0.0000000000e+00
    7.4399388395e-03    0.0000000000e+00
    7.4494825676e-03    0.0000000000e+00
    7.4597080238e-03    0.0000000000e+00
    7.4699334800e-03    0.0000000000e+00
    7.4794772081e-03    0.0000000000e+00
    7.4897026643e-03    0.0000000000e+00
    7.4999281205e-03    0.0000000000e+00
    7.5094718486e-03    0.0000000000e+00
    7.5196973048e-03    0.0000000000e+00
    7.5299227610e-03    0.0000000000e+00
    7.5394664891e-03    0.0000000000e+00
    7.5496919453e-03    0.0000000000e+00
    7.5599174015e-03    0.0000000000e+00
    7.5694611296e-03    0.0000000000e+00
    7.5796865858e-03    0.0000000000e+00
    7.5899120420e-03    0.0000000000e+00
    7.5994557701e-03    0.0000000000e+00
    7.6096812263e-03    0.0000000000e+00
    7.6199066825e-03    0.0000000000e+00
    7.6294504106e-03    0.0000000000e+00
    7.6396758668e-03    0.0000000000e+00
    7.6499008574e-03    0.0000000000e+00
    7.6594450511e-03    0.0000000000e+00
    7.6696700417e-03    0.0000000000e+00
    7.6798954979e-03    0.0000000000e+00
    7.6894392259e-03    0.0000000000e+00
    7.6996646821e-03    0.0000000000e+00
    7.7098901384e-03    0.0000000000e+00
    7.7194338664e-03    0.0000000000e+00
    7.7296593226e-03    0.0000000000e+00
    7.7398847789e-03    0.0000000000e+00
    7.7494285069e-03    0.0000000000e+00
    7.7596539631e-03    0.0000000000e+00
    7.7698794194e-03    0.0000000000e+00
    7.7794231474e-03    0.0000000000e+00
    7.7896486036e-03    0.0000000000e+00
    7.7998740599e-03    0.0000000000e+00
    7.8094177879e-03    0.0000000000e+00
    7.8196432441e-03    0.0000000000e+00
    7.8298682347e-03    0.0000000000e+00
    7.8394124284e-03    0.0000000000e+00
    7.8496374190e-03    0.0000000000e+00
    7.8598633409e-03    0.0000000000e+00
    7.8694066033e-03    0.0000000000e+00
    7.8796325251e-03    0.0000000000e+00
    7.8898575157e-03    0.0000000000e+00
    7.8994017094e-03    0.0000000000e+00
    7.9096267000e-03    0.0000000000e+00
    7.9198526219e-03    0.0000000000e+00
    7.9293958843e-03    0.0000000000e+00
    7.9396218061e-03    0.0000000000e+00
    7.9498467967e-03    0.0000000000e+00
    7.9593909904e-03    0.0000000000e+00
    7.9696159810e-03    0.0000000000e+00
    7.9798419029e-03    0.0000000000e+00
    7.9893851653e-03    0.0000000000e+00
    7.9996110871e-03    0.0000000000e+00
    8.0098360777e-03    0.0000000000e+00
    8.0193802714e-03    0.0000000000e+00
    8.0296052620e-03    0.0000000000e+00
    8.0398311839e-03    0.0000000000e+00
    8.0493744463e-03    0.0000000000e+00
    8.0596003681e-03    0.0000000000e+00
    8.0698253587e-03    0.0000000000e+00
    8.0793695524e-03    0.0000000000e+00
    8.0895945430e-03    0.0000000000e+00
    8.0998204648e-03    0.0000000000e+00
    8.1093637273e-03    0.0000000000e+00
    8.1195896491e-03    0.0000000000e+00
    8.1298146397e-03    0.0000000000e+00
    8.1393588334e-03    0.0000000000e+00
    8.1495838240e-03    0.0000000000e+00
    8.1598097458e-03    0.0000000000e+00
    8.1693530083e-03    0.0000000000e+00
    8.1795789301e-03    0.0000000000e+00
    8.1898039207e-03    0.0000000000e+00
    8.1993481144e-03    0.0000000000e+00
    8.2095731050e-03    0.0000000000e+00
    8.2197990268e-03    0.0000000000e+00
    8.2293422893e-03    0.0000000000e+00
    8.2395682111e-03    0.0000000000e+00
    8.2497932017e-03    0.0000000000e+00
    8.2593373954e-03    0.0000000000e+00
    8.2695623860e-03    0.0000000000e+00
    8.2797883078e-03    0.0000000000e+00
    8.2893315703e-03    0.0000000000e+00
    8.2995574921e-03    0.0000000000e+00
    8.3097824827e-03    0.0000000000e+00
    8.3193266764e-03    0.0000000000e+00
    8.3295516670e-03    0.0000000000e+00
    8.3397766575e-03    0.0000000000e+00
    8.3493208513e-03    0.0000000000e+00
    8.3595458418e-03    0.0000000000e+00
    8.3697717637e-03    0.0000000000e+00
    8.3799967542e-03    0.0000000000e+00
    8.3895409480e-03    0.0000000000e+00
    8.3997659385e-03    0.0000000000e+00
    8.4099918604e-03    0.0000000000e+00
    8.4195351228e-03    0.0000000000e+00
    8.4297610447e-03    0.0000000000e+00
    8.4399860352e-03    0.0000000000e+00
    8.4495302290e-03    0.0000000000e+00
    8.4597552195e-03    0.0000000000e+00
    8.4699811414e-03    0.0000000000e+00
    8.4795244038e-03    0.0000000000e+00
    8.4897503257e-03    0.0000000000e+00
    8.4999753162e-03    0.0000000000e+00
    8.5095195100e-03    0.0000000000e+00
    8.5197445005e-03    0.0000000000e+00
    8.5299704224e-03    0.0000000000e+00
    8.5395136848e-03    0.0000000000e+00
    8.5497396067e-03    0.0000000000e+00
    8.5599645972e-03    0.0000000000e+00
    8.5695087910e-03    0.0000000000e+00
    8.5797337815e-03    0.0000000000e+00
    8.5899597034e-03    0.0000000000e+00
    8.5995029658e-03    0.0000000000e+00
    8.6097288877e-03    0.0000000000e+00
    8.6199538782e-03    0.0000000000e+00
    8.6294980720e-03    0.0000000000e+00
    8.6397230625e-03    0.0000000000e+00
    8.6499489844e-03    0.0000000000e+00
    8.6594922468e-03    0.0000000000e+00
    8.6697181687e-03    0.0000000000e+00
    8.6799431592e-03    0.0000000000e+00
    8.6894873530e-03    0.0000000000e+00
    8.6997123435e-03    0.0000000000e+00
    8.7099382654e-03    0.0000000000e+00
    8.7194815278e-03    0.0000000000e+00
    8.7297074497e-03    0.0000000000e+00
    8.7399324402e-03    0.0000000000e+00
    8.7494766340e-03    0.0000000000e+00
    8.7597016245e-03    0.0000000000e+00
    8.7699275464e-03    0.0000000000e+00
    8.7794708088e-03    0.0000000000e+00
    8.7896967307e-03    0.0000000000e+00
    8.7999217212e-03    0.0000000000e+00
    8.8094659150e-03    0.0000000000e+00
    8.8196909055e-03    0.0000000000e+00
    8.8299168274e-03    0.0000000000e+00
    8.8394600898e-03    0.0000000000e+00
    8.8496860117e-03    0.0000000000e+00
    8.8599110022e-03    0.0000000000e+00
    8.8694551960e-03    0.0000000000e+00
    8.8796801865e-03    0.0000000000e+00
    8.8899061084e-03    0.0000000000e+00
    8.8994493708e-03    0.0000000000e+00
    8.9096752927e-03    0.0000000000e+00
    8.9199002832e-03    0.0000000000e+00
    8.9294444770e-03    0.0000000000e+00
    8.9396694675e-03    0.0000000000e+00
    8.9498953894e-03    0.0000000000e+00
    8.9594386518e-03    0.0000000000e+00
    8.9696645737e-03    0.0000000000e+00
    8.9798895642e-03    0.0000000000e+00
    8.9894337580e-03    0.0000000000e+00
    8.9996587485e-03    0.0000000000e+00
    9.0098846704e-03    0.0000000000e+00
    9.0194279328e-03    0.0000000000e+00
    9.0296538547e-03    0.0000000000e+00
    9.0398788452e-03    0.0000000000e+00
    9.0494230390e-03    0.0000000000e+00
    9.0596480295e-03    0.0000000000e+00
    9.0698739514e-03    0.0000000000e+00
    9.0794172138e-03    0.0000000000e+00
    9.0896431357e-03    0.0000000000e+00
    9.0998681262e-03    0.0000000000e+00
    9.1094123200e-03    0.0000000000e+00
    9.1196373105e-03    0.0000000000e+00
    9.1298632324e-03    0.0000000000e+00
    9.1394064948e-03    0.0000000000e+00
    9.1496324167e-03    0.0000000000e+00
    9.1598574072e-03    0.0000000000e+00
    9.1694016010e-03    0.0000000000e+00
    9.1796265915e-03    0.0000000000e+00
    9.1898515821e-03    0.0000000000e+00
    9.1993957758e-03    0.0000000000e+00
    9.2096207663e-03    0.0000000000e+00
    9.2198466882e-03    0.0000000000e+00
    9.2293899506e-03    0.0000000000e+00
    9.2396158725e-03    0.0000000000e+00
    9.2498408630e-03    0.0000000000e+00
    9.2593850568e-03    0.0000000000e+00
    9.2696100473e-03    0.0000000000e+00
    9.2798359692e-03    0.0000000000e+00
    9.2893792316e-03    0.0000000000e+00
    9.2996051535e-03    0.0000000000e+00
    9.3098301440e-03    0.0000000000e+00
    9.3193743378e-03    0.0000000000e+00
    9.3295993283e-03    0.0000000000e+00
    9.3398252502e-03    0.0000000000e+00
    9.3493685126e-03    0.0000000000e+00
    9.3595944345e-03    0.0000000000e+00
    9.3698194250e-03    0.0000000000e+00
    9.3793636188e-03    0.0000000000e+00
    9.3895886093e-03    0.0000000000e+00
    9.3998145312e-03    0.0000000000e+00
    9.4093577936e-03    0.0000000000e+00
    9.4195837155e-03    0.0000000000e+00
    9.4298087060e-03    0.0000000000e+00
    9.4393528998e-03    0.0000000000e+00
    9.4495778903e-03    0.0000000000e+00
    9.4598038122e-03    0.0000000000e+00
    9.4693470746e-03    0.0000000000e+00
    9.4795729965e-03    0.0000000000e+00
    9.4897979870e-03    0.0000000000e+00
    9.4993421808e-03    0.0000000000e+00
    9.5095671713e-03    0.0000000000e+00
    9.5197930932e-03    0.0000000000e+00
    9.5293363556e-03    0.0000000000e+00
    9.5395622775e-03    0.0000000000e+00
    9.5497872680e-03    0.0000000000e+00
    9.5593314618e-03    0.0000000000e+00
    9.5695564523e-03    0.0000000000e+00
    9.5797823742e-03    0.0000000000e+00
    9.5893256366e-03    0.0000000000e+00
    9.5995515585e-03    0.0000000000e+00
    9.6097765490e-03    0.0000000000e+00
    9.6193207428e-03    0.0000000000e+00
    9.6295457333e-03    0.0000000000e+00
    9.6397716552e-03    0.0000000000e+00
    9.6499966457e-03    0.0000000000e+00
    9.6595408395e-03    0.0000000000e+00
    9.6697658300e-03    0.0000000000e+00
    9.6799917519e-03    0.0000000000e+00
    9.6895350143e-03    0.0000000000e+00
    9.6997609362e-03    0.0000000000e+00
    9.7099859267e-03    0.0000000000e+00
    9.7194500268e-03    0.0000000000e+00
    9.7290901467e-03    0.0000000000e+00
    9.7396941856e-03    0.0000000000e+00
    9.7493343055e-03    0.0000000000e+00
    9.7599383444e-03    0.0000000000e+00
    9.7695784643e-03    0.0000000000e+00
    9.7795696929e-03    0.0000000000e+00
    9.7897956148e-03    0.0000000000e+00
    9.7993388772e-03    0.0000000000e+00
    9.8095647991e-03    0.0000000000e+00
    9.8197897896e-03    0.0000000000e+00
    9.8293339834e-03    0.0000000000e+00
    9.8395589739e-03    0.0000000000e+00
    9.8497848958e-03    0.0000000000e+00
    9.8593281582e-03    0.0000000000e+00
    9.8695540801e-03    0.0000000000e+00
    9.8797790706e-03    0.0000000000e+00
    9.8893232644e-03    0.0000000000e+00
    9.8995482549e-03    0.0000000000e+00
    9.9097741768e-03    0.0000000000e+00
    9.9199991673e-03    0.0000000000e+00
    9.9295433611e-03    0.0000000000e+00
    9.9397683516e-03    0.0000000000e+00
    9.9499942735e-03    0.0000000000e+00
    9.9595375359e-03    0.0000000000e+00
    9.9697634578e-03    0.0000000000e+00
    9.9799884483e-03    0.0000000000e+00
    9.9895326421e-03    0.0000000000e+00
    9.9997576326e-03    0.0000000000e+00
    1.0009983554e-02    0.0000000000e+00
    1.0019526817e-02    0.0000000000e+00
    1.0029752739e-02    0.0000000000e+00
    1.0039977729e-02    0.0000000000e+00
    1.0049521923e-02    0.0000000000e+00
    1.0059746914e-02    0.0000000000e+00
    1.0069094598e-02    0.0000000000e+00
    1.0079698637e-02    0.0000000000e+00
    1.0089338757e-02    0.0000000000e+00
    1.0099845938e-02    0.0000000000e+00
    1.0109390132e-02    0.0000000000e+00
    1.0119615123e-02    0.0000000000e+00
    1.0129841045e-02    0.0000000000e+00
    1.0139384307e-02    0.0000000000e+00
    1.0149610229e-02    0.0000000000e+00
    1.0159835219e-02    0.0000000000e+00
    1.0169379413e-02    0.0000000000e+00
    1.0179604404e-02    0.0000000000e+00
    1.0189830326e-02    0.0000000000e+00
    1.0199373588e-02    0.0000000000e+00
    1.0209599510e-02    0.0000000000e+00
    1.0219824500e-02    0.0000000000e+00
    1.0229368694e-02    0.0000000000e+00
    1.0239593685e-02    0.0000000000e+00
    1.0249819607e-02    0.0000000000e+00
    1.0259362869e-02    0.0000000000e+00
    1.0269588791e-02    0.0000000000e+00
    1.0279813781e-02    0.0000000000e+00
    1.0289357975e-02    0.0000000000e+00
    1.0299582966e-02    0.0000000000e+00
    1.0309808888e-02    0.0000000000e+00
    1.0319352150e-02    0.0000000000e+00
    1.0329578072e-02    0.0000000000e+00
    1.0339803062e-02    0.0000000000e+00
    1.0349347256e-02    0.0000000000e+00
    1.0359572247e-02    0.0000000000e+00
    1.0369798169e-02    0.0000000000e+00
    1.0379341431e-02    0.0000000000e+00
    1.0389567353e-02    0.0000000000e+00
    1.0399792343e-02    0.0000000000e+00
    1.0409336537e-02    0.0000000000e+00
    1.0419561528e-02    0.0000000000e+00
    1.0429787450e-02    0.0000000000e+00
    1.0439330712e-02    0.0000000000e+00
    1.0449556634e-02    0.0000000000e+00
    1.0459781624e-02    0.0000000000e+00
    1.0469325818e-02    0.0000000000e+00
    1.0479550809e-02    0.0000000000e+00
    1.0489776731e-02    0.0000000000e+00
    1.0499319993e-02    0.0000000000e+00
    1.0509545915e-02    0.0000000000e+00
    1.0519770905e-02    0.0000000000e+00
    1.0529996827e-02    0.0000000000e+00
    1.0539540090e-02    0.0000000000e+00
    1.0549766012e-02    0.0000000000e+00
    1.0559991002e-02    0.0000000000e+00
    1.0569534265e-02    0.0000000000e+00
    1.0579760186e-02    0.0000000000e+00
    1.0589985177e-02    0.0000000000e+00
    1.0599529371e-02    0.0000000000e+00
    1.0609754361e-02    0.0000000000e+00
    1.0619980283e-02    0.0000000000e+00
    1.0629523546e-02    0.0000000000e+00
    1.0639749467e-02    0.0000000000e+00
    1.0649974458e-02    0.0000000000e+00
    1.0659518652e-02    0.0000000000e+00
    1.0669743642e-02    0.0000000000e+00
    1.0679969564e-02    0.0000000000e+00
    1.0689512827e-02    0.0000000000e+00
    1.0699738748e-02    0.0000000000e+00
    1.0709963739e-02    0.0000000000e+00
    1.0719507933e-02    0.0000000000e+00
    1.0729732923e-02    0.0000000000e+00
    1.0739083402e-02    0.0000000000e+00
    1.0748805478e-02    0.0000000000e+00
    1.0759752244e-02    0.0000000000e+00
    1.0769483633e-02    0.0000000000e+00
    1.0779214092e-02    0.0000000000e+00
    1.0788944550e-02    0.0000000000e+00
    1.0799891315e-02    0.0000000000e+00
    1.0809621774e-02    0.0000000000e+00
    1.0819352232e-02    0.0000000000e+00
    1.0829082690e-02    0.0000000000e+00
    1.0838812217e-02    0.0000000000e+00
    1.0849758983e-02    0.0000000000e+00
    1.0859488510e-02    0.0000000000e+00
    1.0869218968e-02    0.0000000000e+00
    1.0878948495e-02    0.0000000000e+00
    1.0889894329e-02    0.0000000000e+00
    1.0899624787e-02    0.0000000000e+00
    1.0909354314e-02    0.0000000000e+00
    1.0919083841e-02    0.0000000000e+00
    1.0928813368e-02    0.0000000000e+00
    1.0939759202e-02    0.0000000000e+00
    1.0949488729e-02    0.0000000000e+00
    1.0959218256e-02    0.0000000000e+00
    1.0968947783e-02    0.0000000000e+00
    1.0979892686e-02    0.0000000000e+00
    1.0989622213e-02    0.0000000000e+00
    1.0999350809e-02    0.0000000000e+00
    1.1009080335e-02    0.0000000000e+00
    1.1018808931e-02    0.0000000000e+00
    1.1029754765e-02    0.0000000000e+00
    1.1039483361e-02    0.0000000000e+00
    1.1049211957e-02    0.0000000000e+00
    1.1058941483e-02    0.0000000000e+00
    1.1069886386e-02    0.0000000000e+00
    1.1079614982e-02    0.0000000000e+00
    1.1089343578e-02    0.0000000000e+00
    1.1099072173e-02    0.0000000000e+00
    1.1108800769e-02    0.0000000000e+00
    1.1119744740e-02    0.0000000000e+00
    1.1129473336e-02    0.0000000000e+00
    1.1139201932e-02    0.0000000000e+00
    1.1148930527e-02    0.0000000000e+00
    1.1159874499e-02    0.0000000000e+00
    1.1169603094e-02    0.0000000000e+00
    1.1179331690e-02    0.0000000000e+00
    1.1189059354e-02    0.0000000000e+00
    1.1198787950e-02    0.0000000000e+00
    1.1209731922e-02    0.0000000000e+00
    1.1219460517e-02    0.0000000000e+00
    1.1229188181e-02    0.0000000000e+00
    1.1238916777e-02    0.0000000000e+00
    1.1249860749e-02    0.0000000000e+00
    1.1259588413e-02    0.0000000000e+00
    1.1269317009e-02    0.0000000000e+00
    1.1279044673e-02    0.0000000000e+00
    1.1289988644e-02    0.0000000000e+00
    1.1299717240e-02    0.0000000000e+00
    1.1309444904e-02    0.0000000000e+00
    1.1319172569e-02    0.0000000000e+00
    1.1328901164e-02    0.0000000000e+00
    1.1339845136e-02    0.0000000000e+00
    1.1349572800e-02    0.0000000000e+00
    1.1359300464e-02    0.0000000000e+00
    1.1369029060e-02    0.0000000000e+00
    1.1379973032e-02    0.0000000000e+00
    1.1389700696e-02    0.0000000000e+00
    1.1399428360e-02    0.0000000000e+00
    1.1409156956e-02    0.0000000000e+00
    1.1418884620e-02    0.0000000000e+00
    1.1429828592e-02    0.0000000000e+00
    1.1439556256e-02    0.0000000000e+00
    1.1449283920e-02    0.0000000000e+00
    1.1459011585e-02    0.0000000000e+00
    1.1469955556e-02    0.0000000000e+00
    1.1479684152e-02    0.0000000000e+00
    1.1489411816e-02    0.0000000000e+00
    1.1499139480e-02    0.0000000000e+00
    1.1508867145e-02    0.0000000000e+00
    1.1519811116e-02    0.0000000000e+00
    1.1529538780e-02    0.0000000000e+00
    1.1539267376e-02    0.0000000000e+00
    1.1548995040e-02    0.0000000000e+00
    1.1559939012e-02    0.0000000000e+00
    1.1569666676e-02    0.0000000000e+00
    1.1579394341e-02    0.0000000000e+00
    1.1589122936e-02    0.0000000000e+00
    1.1598850600e-02    0.0000000000e+00
    1.1609794572e-02    0.0000000000e+00
    1.1619522236e-02    0.0000000000e+00
    1.1629249901e-02    0.0000000000e+00
    1.1638978496e-02    0.0000000000e+00
    1.1649921536e-02    0.0000000000e+00
    1.1659650132e-02    0.0000000000e+00
    1.1669377796e-02    0.0000000000e+00
    1.1679105461e-02    0.0000000000e+00
    1.1688834056e-02    0.0000000000e+00
    1.1699778028e-02    0.0000000000e+00
    1.1709505692e-02    0.0000000000e+00
    1.1719233356e-02    0.0000000000e+00
    1.1728961021e-02    0.0000000000e+00
    1.1739904992e-02    0.0000000000e+00
    1.1749633588e-02    0.0000000000e+00
    1.1759361252e-02    0.0000000000e+00
    1.1769088916e-02    0.0000000000e+00
    1.1778816581e-02    0.0000000000e+00
    1.1789760552e-02    0.0000000000e+00
    1.1799488217e-02    0.0000000000e+00
    1.1809216812e-02    0.0000000000e+00
    1.1818944477e-02    0.0000000000e+00
    1.1829887517e-02    0.0000000000e+00
    1.1839615181e-02    0.0000000000e+00
    1.1849342845e-02    0.0000000000e+00
    1.1859070510e-02    0.0000000000e+00
    1.1868798174e-02    0.0000000000e+00
    1.1879742146e-02    0.0000000000e+00
    1.1889469810e-02    0.0000000000e+00
    1.1899197474e-02    0.0000000000e+00
    1.1908924207e-02    0.0000000000e+00
    1.1919868179e-02    0.0000000000e+00
    1.1929595843e-02    0.0000000000e+00
    1.1939322576e-02    0.0000000000e+00
    1.1949050240e-02    0.0000000000e+00
    1.1959993280e-02    0.0000000000e+00
    1.1969720945e-02    0.0000000000e+00
    1.1979448609e-02    0.0000000000e+00
    1.1989175342e-02    0.0000000000e+00
    1.1998903006e-02    0.0000000000e+00
    1.2009846047e-02    0.0000000000e+00
    1.2019573711e-02    0.0000000000e+00
    1.2029300444e-02    0.0000000000e+00
    1.2039028108e-02    0.0000000000e+00
    1.2049971148e-02    0.0000000000e+00
    1.2059697881e-02    0.0000000000e+00
    1.2069425546e-02    0.0000000000e+00
    1.2079152279e-02    0.0000000000e+00
    1.2088879943e-02    0.0000000000e+00
    1.2099822052e-02    0.0000000000e+00
    1.2109549716e-02    0.0000000000e+00
    1.2119276449e-02    0.0000000000e+00
    1.2129003182e-02    0.0000000000e+00
    1.2139946222e-02    0.0000000000e+00
    1.2149673887e-02    0.0000000000e+00
    1.2159400620e-02    0.0000000000e+00
    1.2169127353e-02    0.0000000000e+00
    1.2178854086e-02    0.0000000000e+00
    1.2189797126e-02    0.0000000000e+00
    1.2199523859e-02    0.0000000000e+00
    1.2209250592e-02    0.0000000000e+00
    1.2218977325e-02    0.0000000000e+00
    1.2229920365e-02    0.0000000000e+00
    1.2239647098e-02    0.0000000000e+00
    1.2249373831e-02    0.0000000000e+00
    1.2259100564e-02    0.0000000000e+00
    1.2268827297e-02    0.0000000000e+00
    1.2279770337e-02    0.0000000000e+00
    1.2289497070e-02    0.0000000000e+00
    1.2299223803e-02    0.0000000000e+00
    1.2308949605e-02    0.0000000000e+00
    1.2319892645e-02    0.0000000000e+00
    1.2329619378e-02    0.0000000000e+00
    1.2339346111e-02    0.0000000000e+00
    1.2349072844e-02    0.0000000000e+00
    1.2358798645e-02    0.0000000000e+00
    1.2369741686e-02    0.0000000000e+00
    1.2379468419e-02    0.0000000000e+00
    1.2389194220e-02    0.0000000000e+00
    1.2398920953e-02    0.0000000000e+00
    1.2409863994e-02    0.0000000000e+00
    1.2419589795e-02    0.0000000000e+00
    1.2429316528e-02    0.0000000000e+00
    1.2439043261e-02    0.0000000000e+00
    1.2449985370e-02    0.0000000000e+00
    1.2459712103e-02    0.0000000000e+00
    1.2469437905e-02    0.0000000000e+00
    1.2479164638e-02    0.0000000000e+00
    1.2488891371e-02    0.0000000000e+00
    1.2499833480e-02    0.0000000000e+00
    1.2509559281e-02    0.0000000000e+00
    1.2519286014e-02    0.0000000000e+00
    1.2529012747e-02    0.0000000000e+00
    1.2539954856e-02    0.0000000000e+00
    1.2549680658e-02    0.0000000000e+00
    1.2559407391e-02    0.0000000000e+00
    1.2569134124e-02    0.0000000000e+00
    1.2578859925e-02    0.0000000000e+00
    1.2589802034e-02    0.0000000000e+00
    1.2599528767e-02    0.0000000000e+00
    1.2609254569e-02    0.0000000000e+00
    1.2618981302e-02    0.0000000000e+00
    1.2629923411e-02    0.0000000000e+00
    1.2639649212e-02    0.0000000000e+00
    1.2649375014e-02    0.0000000000e+00
    1.2659101747e-02    0.0000000000e+00
    1.2668827549e-02    0.0000000000e+00
    1.2679769658e-02    0.0000000000e+00
    1.2689496391e-02    0.0000000000e+00
    1.2699222192e-02    0.0000000000e+00
    1.2708948925e-02    0.0000000000e+00
    1.2719890103e-02    0.0000000000e+00
    1.2729616836e-02    0.0000000000e+00
    1.2739342637e-02    0.0000000000e+00
    1.2749069370e-02    0.0000000000e+00
    1.2758795172e-02    0.0000000000e+00
    1.2769737281e-02    0.0000000000e+00
    1.2779463083e-02    0.0000000000e+00
    1.2789188884e-02    0.0000000000e+00
    1.2798915617e-02    0.0000000000e+00
    1.2809856795e-02    0.0000000000e+00
    1.2819583528e-02    0.0000000000e+00
    1.2829309329e-02    0.0000000000e+00
    1.2839035131e-02    0.0000000000e+00
    1.2849977240e-02    0.0000000000e+00
    1.2859703042e-02    0.0000000000e+00
    1.2869428843e-02    0.0000000000e+00
    1.2879155576e-02    0.0000000000e+00
    1.2888881378e-02    0.0000000000e+00
    1.2899823487e-02    0.0000000000e+00
    1.2909549288e-02    0.0000000000e+00
    1.2919275090e-02    0.0000000000e+00
    1.2929000892e-02    0.0000000000e+00
    1.2939943001e-02    0.0000000000e+00
    1.2949668802e-02    0.0000000000e+00
    1.2959395535e-02    0.0000000000e+00
    1.2969121337e-02    0.0000000000e+00
    1.2978847139e-02    0.0000000000e+00
    1.2989789248e-02    0.0000000000e+00
    1.2999515049e-02    0.0000000000e+00
    1.3009240851e-02    0.0000000000e+00
    1.3018966652e-02    0.0000000000e+00
    1.3029908761e-02    0.0000000000e+00
    1.3039634563e-02    0.0000000000e+00
    1.3049360365e-02    0.0000000000e+00
    1.3059086166e-02    0.0000000000e+00
    1.3068811968e-02    0.0000000000e+00
    1.3079424389e-02    0.0000000000e+00
    1.3089649379e-02    0.0000000000e+00
    1.3099874370e-02    0.0000000000e+00
    1.3109418564e-02    0.0000000000e+00
    1.3119644485e-02    0.0000000000e+00
    1.3129869476e-02    0.0000000000e+00
    1.3139413670e-02    0.0000000000e+00
    1.3149638660e-02    0.0000000000e+00
    1.3159863651e-02    0.0000000000e+00
    1.3169407845e-02    0.0000000000e+00
    1.3179632835e-02    0.0000000000e+00
    1.3189858757e-02    0.0000000000e+00
    1.3199402019e-02    0.0000000000e+00
    1.3209627941e-02    0.0000000000e+00
    1.3219852932e-02    0.0000000000e+00
    1.3229397126e-02    0.0000000000e+00
    1.3239622116e-02    0.0000000000e+00
    1.3249848038e-02    0.0000000000e+00
    1.3259391300e-02    0.0000000000e+00
    1.3269617222e-02    0.0000000000e+00
    1.3279842213e-02    0.0000000000e+00
    1.3289386407e-02    0.0000000000e+00
    1.3299611397e-02    0.0000000000e+00
    1.3309837319e-02    0.0000000000e+00
    1.3319380581e-02    0.0000000000e+00
    1.3329606503e-02    0.0000000000e+00
    1.3339831494e-02    0.0000000000e+00
    1.3349375688e-02    0.0000000000e+00
    1.3359600678e-02    0.0000000000e+00
    1.3369826600e-02    0.0000000000e+00
    1.3379369862e-02    0.0000000000e+00
    1.3389595784e-02    0.0000000000e+00
    1.3399820775e-02    0.0000000000e+00
    1.3409364969e-02    0.0000000000e+00
    1.3419589959e-02    0.0000000000e+00
    1.3429815881e-02    0.0000000000e+00
    1.3439359143e-02    0.0000000000e+00
    1.3449585065e-02    0.0000000000e+00
    1.3459810056e-02    0.0000000000e+00
    1.3469354250e-02    0.0000000000e+00
    1.3479579240e-02    0.0000000000e+00
    1.3489805162e-02    0.0000000000e+00
    1.3499348424e-02    0.0000000000e+00
    1.3509574346e-02    0.0000000000e+00
    1.3519799337e-02    0.0000000000e+00
    1.3529343531e-02    0.0000000000e+00
    1.3539568521e-02    0.0000000000e+00
    1.3549794443e-02    0.0000000000e+00
    1.3559337705e-02    0.0000000000e+00
    1.3569563627e-02    0.0000000000e+00
    1.3579788618e-02    0.0000000000e+00
    1.3589332812e-02    0.0000000000e+00
    1.3599557802e-02    0.0000000000e+00
    1.3609783724e-02    0.0000000000e+00
    1.3619326986e-02    0.0000000000e+00
    1.3629620895e-02    0.0000000000e+00
    1.3639519922e-02    0.0000000000e+00
    1.3649245724e-02    0.0000000000e+00
    1.3658971526e-02    0.0000000000e+00
    1.3669912703e-02    0.0000000000e+00
    1.3679638505e-02    0.0000000000e+00
    1.3689365238e-02    0.0000000000e+00
    1.3699091040e-02    0.0000000000e+00
    1.3708816841e-02    0.0000000000e+00
    1.3719758019e-02    0.0000000000e+00
    1.3729483820e-02    0.0000000000e+00
    1.3739210553e-02    0.0000000000e+00
    1.3748936355e-02    0.0000000000e+00
    1.3759877533e-02    0.0000000000e+00
    1.3769604266e-02    0.0000000000e+00
    1.3779330067e-02    0.0000000000e+00
    1.3789055869e-02    0.0000000000e+00
    1.3799997978e-02    0.0000000000e+00
    1.3809723780e-02    0.0000000000e+00
    1.3819449581e-02    0.0000000000e+00
    1.3829175383e-02    0.0000000000e+00
    1.3838902116e-02    0.0000000000e+00
    1.3849843293e-02    0.0000000000e+00
    1.3859570026e-02    0.0000000000e+00
    1.3869295828e-02    0.0000000000e+00
    1.3879021630e-02    0.0000000000e+00
    1.3889963739e-02    0.0000000000e+00
    1.3899690472e-02    0.0000000000e+00
    1.3909416273e-02    0.0000000000e+00
    1.3919142075e-02    0.0000000000e+00
    1.3928868808e-02    0.0000000000e+00
    1.3939810917e-02    0.0000000000e+00
    1.3949536718e-02    0.0000000000e+00
    1.3959263451e-02    0.0000000000e+00
    1.3968989253e-02    0.0000000000e+00
    1.3979931362e-02    0.0000000000e+00
    1.3989658095e-02    0.0000000000e+00
    1.3999383897e-02    0.0000000000e+00
    1.4009110630e-02    0.0000000000e+00
    1.4018836431e-02    0.0000000000e+00
    1.4029779471e-02    0.0000000000e+00
    1.4039505273e-02    0.0000000000e+00
    1.4049232006e-02    0.0000000000e+00
    1.4058958739e-02    0.0000000000e+00
    1.4069900848e-02    0.0000000000e+00
    1.4079626650e-02    0.0000000000e+00
    1.4089353383e-02    0.0000000000e+00
    1.4099080116e-02    0.0000000000e+00
    1.4108806849e-02    0.0000000000e+00
    1.4119748957e-02    0.0000000000e+00
    1.4129475690e-02    0.0000000000e+00
    1.4139202423e-02    0.0000000000e+00
    1.4148929156e-02    0.0000000000e+00
    1.4159871265e-02    0.0000000000e+00
    1.4169597998e-02    0.0000000000e+00
    1.4179324731e-02    0.0000000000e+00
    1.4189051464e-02    0.0000000000e+00
    1.4199994504e-02    0.0000000000e+00
    1.4209721237e-02    0.0000000000e+00
    1.4219447970e-02    0.0000000000e+00
    1.4229174703e-02    0.0000000000e+00
    1.4238901436e-02    0.0000000000e+00
    1.4249844477e-02    0.0000000000e+00
    1.4259571210e-02    0.0000000000e+00
    1.4269297943e-02    0.0000000000e+00
    1.4279025607e-02    0.0000000000e+00
    1.4289967716e-02    0.0000000000e+00
    1.4299695380e-02    0.0000000000e+00
    1.4309422113e-02    0.0000000000e+00
    1.4319149777e-02    0.0000000000e+00
    1.4328876510e-02    0.0000000000e+00
    1.4339819551e-02    0.0000000000e+00
    1.4349547215e-02    0.0000000000e+00
    1.4359273948e-02    0.0000000000e+00
    1.4369001612e-02    0.0000000000e+00
    1.4379944652e-02    0.0000000000e+00
    1.4389672317e-02    0.0000000000e+00
    1.4399399981e-02    0.0000000000e+00
    1.4409126714e-02    0.0000000000e+00
    1.4418854378e-02    0.0000000000e+00
    1.4429797418e-02    0.0000000000e+00
    1.4439525083e-02    0.0000000000e+00
    1.4449252747e-02    0.0000000000e+00
    1.4458980411e-02    0.0000000000e+00
    1.4469924383e-02    0.0000000000e+00
    1.4479652047e-02    0.0000000000e+00
    1.4489379711e-02    0.0000000000e+00
    1.4499107376e-02    0.0000000000e+00
    1.4508835040e-02    0.0000000000e+00
    1.4519779012e-02    0.0000000000e+00
    1.4529506676e-02    0.0000000000e+00
    1.4539234340e-02    0.0000000000e+00
    1.4548962004e-02    0.0000000000e+00
    1.4559905976e-02    0.0000000000e+00
    1.4569634572e-02    0.0000000000e+00
    1.4579362236e-02    0.0000000000e+00
    1.4589090832e-02    0.0000000000e+00
    1.4598818496e-02    0.0000000000e+00
    1.4609762467e-02    0.0000000000e+00
    1.4619491063e-02    0.0000000000e+00
    1.4629218727e-02    0.0000000000e+00
    1.4638947323e-02    0.0000000000e+00
    1.4649892226e-02    0.0000000000e+00
    1.4659619890e-02    0.0000000000e+00
    1.4669348486e-02    0.0000000000e+00
    1.4679077081e-02    0.0000000000e+00
    1.4688805677e-02    0.0000000000e+00
    1.4699750580e-02    0.0000000000e+00
    1.4709479176e-02    0.0000000000e+00
    1.4719207771e-02    0.0000000000e+00
    1.4728936367e-02    0.0000000000e+00
    1.4739881270e-02    0.0000000000e+00
    1.4749609865e-02    0.0000000000e+00
    1.4759338461e-02    0.0000000000e+00
    1.4769067056e-02    0.0000000000e+00
    1.4778796583e-02    0.0000000000e+00
    1.4789741486e-02    0.0000000000e+00
    1.4799470082e-02    0.0000000000e+00
    1.4809199609e-02    0.0000000000e+00
    1.4818928204e-02    0.0000000000e+00
    1.4829874039e-02    0.0000000000e+00
    1.4839602634e-02    0.0000000000e+00
    1.4849332161e-02    0.0000000000e+00
    1.4859061688e-02    0.0000000000e+00
    1.4868790284e-02    0.0000000000e+00
    1.4879736118e-02    0.0000000000e+00
    1.4889465645e-02    0.0000000000e+00
    1.4899195172e-02    0.0000000000e+00
    1.4908924699e-02    0.0000000000e+00
    1.4919869602e-02    0.0000000000e+00
    1.4929599129e-02    0.0000000000e+00
    1.4939328656e-02    0.0000000000e+00
    1.4949058183e-02    0.0000000000e+00
    1.4958788641e-02    0.0000000000e+00
    1.4969734475e-02    0.0000000000e+00
    1.4979464002e-02    0.0000000000e+00
    1.4989193529e-02    0.0000000000e+00
    1.4998923987e-02    0.0000000000e+00
    1.5009869821e-02    0.0000000000e+00
    1.5019599348e-02    0.0000000000e+00
    1.5029329807e-02    0.0000000000e+00
    1.5039059334e-02    0.0000000000e+00
    1.5048789792e-02    0.0000000000e+00
    1.5059735626e-02    0.0000000000e+00
    1.5069466084e-02    0.0000000000e+00
    1.5079195611e-02    0.0000000000e+00
    1.5088926069e-02    0.0000000000e+00
    1.5099872835e-02    0.0000000000e+00
    1.5109603293e-02    0.0000000000e+00
    1.5119332820e-02    0.0000000000e+00
    1.5129063278e-02    0.0000000000e+00
    1.5138793737e-02    0.0000000000e+00
    1.5149740502e-02    0.0000000000e+00
    1.5159470960e-02    0.0000000000e+00
    1.5169201419e-02    0.0000000000e+00
    1.5178931877e-02    0.0000000000e+00
    1.5189878643e-02    0.0000000000e+00
    1.5199610032e-02    0.0000000000e+00
    1.5209340490e-02    0.0000000000e+00
    1.5219070949e-02    0.0000000000e+00
    1.5228801407e-02    0.0000000000e+00
    1.5239749104e-02    0.0000000000e+00
    1.5249479562e-02    0.0000000000e+00
    1.5259210020e-02    0.0000000000e+00
    1.5268941410e-02    0.0000000000e+00
    1.5279888175e-02    0.0000000000e+00
    1.5289619565e-02    0.0000000000e+00
    1.5299350023e-02    0.0000000000e+00
    1.5309081413e-02    0.0000000000e+00
    1.5318812802e-02    0.0000000000e+00
    1.5329759568e-02    0.0000000000e+00
    1.5339490958e-02    0.0000000000e+00
    1.5349221416e-02    0.0000000000e+00
    1.5358952805e-02    0.0000000000e+00
    1.5369900502e-02    0.0000000000e+00
    1.5379630961e-02    0.0000000000e+00
    1.5389362350e-02    0.0000000000e+00
    1.5399093740e-02    0.0000000000e+00
    1.5408824198e-02    0.0000000000e+00
    1.5419771895e-02    0.0000000000e+00
    1.5429503284e-02    0.0000000000e+00
    1.5439233743e-02    0.0000000000e+00
    1.5448965132e-02    0.0000000000e+00
    1.5459911898e-02    0.0000000000e+00
    1.5469643287e-02    0.0000000000e+00
    1.5479374677e-02    0.0000000000e+00
    1.5489105135e-02    0.0000000000e+00
    1.5498836525e-02    0.0000000000e+00
    1.5509784222e-02    0.0000000000e+00
    1.5519514680e-02    0.0000000000e+00
    1.5529246069e-02    0.0000000000e+00
    1.5538976528e-02    0.0000000000e+00
    1.5549924225e-02    0.0000000000e+00
    1.5559655614e-02    0.0000000000e+00
    1.5569386072e-02    0.0000000000e+00
    1.5579117462e-02    0.0000000000e+00
    1.5588848852e-02    0.0000000000e+00
    1.5599795617e-02    0.0000000000e+00
    1.5609527007e-02    0.0000000000e+00
    1.5619258396e-02    0.0000000000e+00
    1.5628987923e-02    0.0000000000e+00
    1.5639936551e-02    0.0000000000e+00
    1.5649667010e-02    0.0000000000e+00
    1.5659397468e-02    0.0000000000e+00
    1.5669129789e-02    0.0000000000e+00
    1.5678860247e-02    0.0000000000e+00
    1.5689807013e-02    0.0000000000e+00
    1.5699282289e-02    0.0000000000e+00
    1.5709374100e-02    0.0000000000e+00
    1.5719467774e-02    0.0000000000e+00
    1.5729559585e-02    0.0000000000e+00
    1.5739651397e-02    0.0000000000e+00
    1.5749745071e-02    0.0000000000e+00
    1.5759836882e-02    0.0000000000e+00
    1.5769930556e-02    0.0000000000e+00
    1.5779105946e-02    0.0000000000e+00
    1.5789197758e-02    0.0000000000e+00
    1.5799291432e-02    0.0000000000e+00
    1.5809383243e-02    0.0000000000e+00
    1.5819476917e-02    0.0000000000e+00
    1.5829568729e-02    0.0000000000e+00
    1.5839660540e-02    0.0000000000e+00
    1.5849754214e-02    0.0000000000e+00
    1.5859846026e-02    0.0000000000e+00
    1.5869939700e-02    0.0000000000e+00
    1.5879115090e-02    0.0000000000e+00
    1.5889206901e-02    0.0000000000e+00
    1.5899300575e-02    0.0000000000e+00
    1.5909392387e-02    0.0000000000e+00
    1.5919484198e-02    0.0000000000e+00
    1.5929577872e-02    0.0000000000e+00
    1.5939669684e-02    0.0000000000e+00
    1.5949763358e-02    0.0000000000e+00
    1.5959855169e-02    0.0000000000e+00
    1.5969948843e-02    0.0000000000e+00
    1.5979124233e-02    0.0000000000e+00
    1.5989216045e-02    0.0000000000e+00
    1.5999307856e-02    0.0000000000e+00
    1.6009401530e-02    0.0000000000e+00
    1.6019493341e-02    0.0000000000e+00
    1.6029587016e-02    0.0000000000e+00
    1.6039678827e-02    0.0000000000e+00
    1.6049772501e-02    0.0000000000e+00
    1.6059864312e-02    0.0000000000e+00
    1.6069957986e-02    0.0000000000e+00
    1.6079131514e-02    0.0000000000e+00
    1.6089225188e-02    0.0000000000e+00
    1.6099316999e-02    0.0000000000e+00
    1.6109410673e-02    0.0000000000e+00
    1.6119735315e-02    0.0000000000e+00
    1.6129376367e-02    0.0000000000e+00
    1.6139980406e-02    0.0000000000e+00
    1.6149619594e-02    0.0000000000e+00
    1.6159260646e-02    0.0000000000e+00
    1.6169864684e-02    0.0000000000e+00
    1.6179503873e-02    0.0000000000e+00
    1.6189144924e-02    0.0000000000e+00
    1.6199748963e-02    0.0000000000e+00
    1.6209388152e-02    0.0000000000e+00
    1.6219992191e-02    0.0000000000e+00
    1.6229633242e-02    0.0000000000e+00
    1.6239272431e-02    0.0000000000e+00
    1.6249876469e-02    0.0000000000e+00
    1.6259517521e-02    0.0000000000e+00
    1.6269156709e-02    0.0000000000e+00
    1.6279760748e-02    0.0000000000e+00
    1.6289401799e-02    0.0000000000e+00
    1.6299040988e-02    0.0000000000e+00
    1.6309645027e-02    0.0000000000e+00
    1.6319286078e-02    0.0000000000e+00
    1.6329890117e-02    0.0000000000e+00
    1.6339529306e-02    0.0000000000e+00
    1.6349170357e-02    0.0000000000e+00
    1.6359774396e-02    0.0000000000e+00
    1.6369413584e-02    0.0000000000e+00
    1.6379054636e-02    0.0000000000e+00
    1.6389658675e-02    0.0000000000e+00
    1.6399297863e-02    0.0000000000e+00
    1.6409901902e-02    0.0000000000e+00
    1.6419542953e-02    0.0000000000e+00
    1.6429182142e-02    0.0000000000e+00
    1.6439786181e-02    0.0000000000e+00
    1.6449427232e-02    0.0000000000e+00
    1.6459066421e-02    0.0000000000e+00
    1.6469670460e-02    0.0000000000e+00
    1.6479948536e-02    0.0000000000e+00
    1.6489123926e-02    0.0000000000e+00
    1.6499217600e-02    0.0000000000e+00
    1.6509309411e-02    0.0000000000e+00
    1.6519403085e-02    0.0000000000e+00
    1.6529494897e-02    0.0000000000e+00
    1.6539586708e-02    0.0000000000e+00
    1.6549680382e-02    0.0000000000e+00
    1.6559772193e-02    0.0000000000e+00
    1.6569865867e-02    0.0000000000e+00
    1.6579957679e-02    0.0000000000e+00
    1.6589133069e-02    0.0000000000e+00
    1.6599226743e-02    0.0000000000e+00
    1.6609318554e-02    0.0000000000e+00
    1.6619410366e-02    0.0000000000e+00
    1.6629504040e-02    0.0000000000e+00
    1.6639595851e-02    0.0000000000e+00
    1.6649689525e-02    0.0000000000e+00
    1.6659781337e-02    0.0000000000e+00
    1.6669189557e-02    0.0000000000e+00
    1.6679793596e-02    0.0000000000e+00
    1.6689432785e-02    0.0000000000e+00
    1.6699073836e-02    0.0000000000e+00
    1.6709677875e-02    0.0000000000e+00
    1.6719317064e-02    0.0000000000e+00
    1.6729876399e-02    0.0000000000e+00
    1.6739968210e-02    0.0000000000e+00
    1.6749143600e-02    0.0000000000e+00
    1.6759235412e-02    0.0000000000e+00
    1.6769329086e-02    0.0000000000e+00
    1.6779420897e-02    0.0000000000e+00
    1.6789514571e-02    0.0000000000e+00
    1.6799606383e-02    0.0000000000e+00
    1.6809700057e-02    0.0000000000e+00
    1.6819791868e-02    0.0000000000e+00
    1.6829883680e-02    0.0000000000e+00
    1.6839977354e-02    0.0000000000e+00
    1.6849152744e-02    0.0000000000e+00
    1.6859244555e-02    0.0000000000e+00
    1.6869338229e-02    0.0000000000e+00
    1.6879430041e-02    0.0000000000e+00
    1.6889523715e-02    0.0000000000e+00
    1.6899615526e-02    0.0000000000e+00
    1.6909707338e-02    0.0000000000e+00
    1.6919115558e-02    0.0000000000e+00
    1.6929719597e-02    0.0000000000e+00
    1.6939360648e-02    0.0000000000e+00
    1.6949964687e-02    0.0000000000e+00
    1.6959603876e-02    0.0000000000e+00
    1.6969244927e-02    0.0000000000e+00
    1.6979848966e-02    0.0000000000e+00
    1.6989488155e-02    0.0000000000e+00
    1.6999129206e-02    0.0000000000e+00
    1.7009733245e-02    0.0000000000e+00
    1.7019372433e-02    0.0000000000e+00
    1.7029976472e-02    0.0000000000e+00
    1.7039617524e-02    0.0000000000e+00
    1.7049256712e-02    0.0000000000e+00
    1.7059860751e-02    0.0000000000e+00
    1.7069501802e-02    0.0000000000e+00
    1.7079140991e-02    0.0000000000e+00
    1.7089745030e-02    0.0000000000e+00
    1.7099386081e-02    0.0000000000e+00
    1.7109990120e-02    0.0000000000e+00
    1.7119629309e-02    0.0000000000e+00
    1.7129270360e-02    0.0000000000e+00
    1.7139874399e-02    0.0000000000e+00
    1.7149513587e-02    0.0000000000e+00
    1.7159154639e-02    0.0000000000e+00
    1.7169758677e-02    0.0000000000e+00
    1.7179397866e-02    0.0000000000e+00
    1.7189038917e-02    0.0000000000e+00
    1.7199642956e-02    0.0000000000e+00
    1.7209282145e-02    0.0000000000e+00
    1.7219886184e-02    0.0000000000e+00
    1.7229527235e-02    0.0000000000e+00
    1.7239166424e-02    0.0000000000e+00
    1.7249770463e-02    0.0000000000e+00
    1.7259411514e-02    0.0000000000e+00
    1.7269050702e-02    0.0000000000e+00
    1.7279654741e-02    0.0000000000e+00
    1.7289295793e-02    0.0000000000e+00
    1.7299899831e-02    0.0000000000e+00
    1.7309539020e-02    0.0000000000e+00
    1.7319772393e-02    0.0000000000e+00
    1.7329864204e-02    0.0000000000e+00
    1.7339225858e-02    0.0000000000e+00
    1.7349829897e-02    0.0000000000e+00
    1.7359469086e-02    0.0000000000e+00
    1.7369110137e-02    0.0000000000e+00
    1.7379714176e-02    0.0000000000e+00
    1.7389353365e-02    0.0000000000e+00
    1.7399957404e-02    0.0000000000e+00
    1.7409184948e-02    0.0000000000e+00
    1.7419788986e-02    0.0000000000e+00
    1.7429430038e-02    0.0000000000e+00
    1.7439069226e-02    0.0000000000e+00
    1.7449533567e-02    0.0000000000e+00
    1.7459627241e-02    0.0000000000e+00
    1.7469719052e-02    0.0000000000e+00
    1.7479812726e-02    0.0000000000e+00
    1.7489904538e-02    0.0000000000e+00
    1.7499998212e-02    0.0000000000e+00
    1.7509171739e-02    0.0000000000e+00
    1.7519265413e-02    0.0000000000e+00
    1.7529357225e-02    0.0000000000e+00
    1.7539450899e-02    0.0000000000e+00
    1.7549542710e-02    0.0000000000e+00
    1.7559636384e-02    0.0000000000e+00
    1.7569728196e-02    0.0000000000e+00
    1.7579821870e-02    0.0000000000e+00
    1.7589913681e-02    0.0000000000e+00
    1.7599089071e-02    0.0000000000e+00
    1.7609180883e-02    0.0000000000e+00
    1.7619274557e-02    0.0000000000e+00
    1.7629366368e-02    0.0000000000e+00
    1.7639460042e-02    0.0000000000e+00
    1.7649551854e-02    0.0000000000e+00
    1.7659645528e-02    0.0000000000e+00
    1.7669737339e-02    0.0000000000e+00
    1.7679829150e-02    0.0000000000e+00
    1.7689922825e-02    0.0000000000e+00
    1.7699098215e-02    0.0000000000e+00
    1.7709190026e-02    0.0000000000e+00
    1.7719283700e-02    0.0000000000e+00
    1.7729375511e-02    0.0000000000e+00
    1.7739469185e-02    0.0000000000e+00
    1.7749560997e-02    0.0000000000e+00
    1.7759652808e-02    0.0000000000e+00
    1.7769746482e-02    0.0000000000e+00
    1.7779838294e-02    0.0000000000e+00
    1.7789931968e-02    0.0000000000e+00
    1.7799107358e-02    0.0000000000e+00
    1.7809199169e-02    0.0000000000e+00
    1.7819292843e-02    0.0000000000e+00
    1.7829384655e-02    0.0000000000e+00
    1.7839476466e-02    0.0000000000e+00
    1.7849570140e-02    0.0000000000e+00
    1.7859661952e-02    0.0000000000e+00
    1.7869755626e-02    0.0000000000e+00
    1.7879847437e-02    0.0000000000e+00
    1.7889941111e-02    0.0000000000e+00
    1.7899116501e-02    0.0000000000e+00
    1.7909208313e-02    0.0000000000e+00
    1.7919300124e-02    0.0000000000e+00
    1.7929393798e-02    0.0000000000e+00
    1.7939485610e-02    0.0000000000e+00
    1.7949579284e-02    0.0000000000e+00
    1.7959857360e-02    0.0000000000e+00
    1.7969498411e-02    0.0000000000e+00
    1.7979137599e-02    0.0000000000e+00
    1.7989741638e-02    0.0000000000e+00
    1.7999382690e-02    0.0000000000e+00
    1.8009986728e-02    0.0000000000e+00
    1.8019625917e-02    0.0000000000e+00
    1.8029266968e-02    0.0000000000e+00
    1.8039871007e-02    0.0000000000e+00
    1.8049510196e-02    0.0000000000e+00
    1.8059151247e-02    0.0000000000e+00
    1.8069755286e-02    0.0000000000e+00
    1.8079394475e-02    0.0000000000e+00
    1.8089998513e-02    0.0000000000e+00
    1.8099639565e-02    0.0000000000e+00
    1.8109278753e-02    0.0000000000e+00
    1.8119882792e-02    0.0000000000e+00
    1.8129523844e-02    0.0000000000e+00
    1.8139163032e-02    0.0000000000e+00
    1.8149767071e-02    0.0000000000e+00
    1.8159408122e-02    0.0000000000e+00
    1.8169047311e-02    0.0000000000e+00
    1.8179651350e-02    0.0000000000e+00
    1.8189245835e-02    0.0000000000e+00
    1.8199337646e-02    0.0000000000e+00
    1.8209431320e-02    0.0000000000e+00
    1.8219523132e-02    0.0000000000e+00
    1.8229614943e-02    0.0000000000e+00
    1.8239708617e-02    0.0000000000e+00
    1.8249800429e-02    0.0000000000e+00
    1.8259894103e-02    0.0000000000e+00
    1.8269985914e-02    0.0000000000e+00
    1.8279161304e-02    0.0000000000e+00
    1.8289254978e-02    0.0000000000e+00
    1.8299346790e-02    0.0000000000e+00
    1.8309438601e-02    0.0000000000e+00
    1.8319532275e-02    0.0000000000e+00
    1.8329624087e-02    0.0000000000e+00
    1.8339717761e-02    0.0000000000e+00
    1.8349809572e-02    0.0000000000e+00
    1.8359903246e-02    0.0000000000e+00
    1.8369995058e-02    0.0000000000e+00
    1.8379170448e-02    0.0000000000e+00
    1.8389262259e-02    0.0000000000e+00
    1.8399355933e-02    0.0000000000e+00
    1.8409447744e-02    0.0000000000e+00
    1.8419541419e-02    0.0000000000e+00
    1.8429633230e-02    0.0000000000e+00
    1.8439726904e-02    0.0000000000e+00
    1.8449818715e-02    0.0000000000e+00
    1.8459912390e-02    0.0000000000e+00
    1.8469085917e-02    0.0000000000e+00
    1.8479179591e-02    0.0000000000e+00
    1.8489271402e-02    0.0000000000e+00
    1.8499365076e-02    0.0000000000e+00
    1.8509456888e-02    0.0000000000e+00
    1.8519550562e-02    0.0000000000e+00
    1.8529642373e-02    0.0000000000e+00
    1.8539736047e-02    0.0000000000e+00
    1.8549827859e-02    0.0000000000e+00
    1.8559921533e-02    0.0000000000e+00
    1.8569095060e-02    0.0000000000e+00
    1.8579188734e-02    0.0000000000e+00
    1.8589280546e-02    0.0000000000e+00
    1.8599374220e-02    0.0000000000e+00
    1.8609466031e-02    0.0000000000e+00
    1.8619559705e-02    0.0000000000e+00
    1.8629651517e-02    0.0000000000e+00
    1.8639745191e-02    0.0000000000e+00
    1.8649837002e-02    0.0000000000e+00
    1.8659928814e-02    0.0000000000e+00
    1.8669104204e-02    0.0000000000e+00
    1.8679197878e-02    0.0000000000e+00
    1.8689289689e-02    0.0000000000e+00
    1.8699383363e-02    0.0000000000e+00
    1.8709475175e-02    0.0000000000e+00
    1.8719568849e-02    0.0000000000e+00
    1.8729660660e-02    0.0000000000e+00
    1.8739752471e-02    0.0000000000e+00
    1.8749846146e-02    0.0000000000e+00
    1.8759937957e-02    0.0000000000e+00
    1.8769113347e-02    0.0000000000e+00
    1.8779207021e-02    0.0000000000e+00
    1.8789298832e-02    0.0000000000e+00
    1.8799392506e-02    0.0000000000e+00
    1.8809484318e-02    0.0000000000e+00
    1.8819576129e-02    0.0000000000e+00
    1.8829669803e-02    0.0000000000e+00
    1.8839761615e-02    0.0000000000e+00
    1.8849855289e-02    0.0000000000e+00
    1.8859947100e-02    0.0000000000e+00
    1.8869122490e-02    0.0000000000e+00
    1.8879216164e-02    0.0000000000e+00
    1.8889307976e-02    0.0000000000e+00
    1.8899399787e-02    0.0000000000e+00
    1.8909493461e-02    0.0000000000e+00
    1.8919585273e-02    0.0000000000e+00
    1.8929678947e-02    0.0000000000e+00
    1.8939770758e-02    0.0000000000e+00
    1.8949864432e-02    0.0000000000e+00
    1.8959956244e-02    0.0000000000e+00
    1.8969131634e-02    0.0000000000e+00
    1.8979223445e-02    0.0000000000e+00
    1.8989317119e-02    0.0000000000e+00
    1.8999408931e-02    0.0000000000e+00
    1.9009502605e-02    0.0000000000e+00
    1.9019594416e-02    0.0000000000e+00
    1.9029688090e-02    0.0000000000e+00
    1.9039779902e-02    0.0000000000e+00
    1.9049873576e-02    0.0000000000e+00
    1.9059965387e-02    0.0000000000e+00
    1.9069140777e-02    0.0000000000e+00
    1.9079232588e-02    0.0000000000e+00
    1.9089326262e-02    0.0000000000e+00
    1.9099418074e-02    0.0000000000e+00
    1.9109511748e-02    0.0000000000e+00
    1.9119603559e-02    0.0000000000e+00
    1.9129697233e-02    0.0000000000e+00
    1.9139965996e-02    0.0000000000e+00
    1.9149698317e-02    0.0000000000e+00
    1.9159430638e-02    0.0000000000e+00
    1.9169811159e-02    0.0000000000e+00
    1.9179543480e-02    0.0000000000e+00
    1.9189924002e-02    0.0000000000e+00
    1.9199656323e-02    0.0000000000e+00
    1.9209388644e-02    0.0000000000e+00
    1.9219771028e-02    0.0000000000e+00
    1.9229503348e-02    0.0000000000e+00
    1.9239883870e-02    0.0000000000e+00
    1.9249616191e-02    0.0000000000e+00
    1.9259996712e-02    0.0000000000e+00
    1.9269729033e-02    0.0000000000e+00
    1.9279461354e-02    0.0000000000e+00
    1.9289841875e-02    0.0000000000e+00
    1.9299574196e-02    0.0000000000e+00
    1.9309956580e-02    0.0000000000e+00
    1.9319687039e-02    0.0000000000e+00
    1.9329419360e-02    0.0000000000e+00
    1.9339801744e-02    0.0000000000e+00
    1.9349534065e-02    0.0000000000e+00
    1.9359914586e-02    0.0000000000e+00
    1.9369646907e-02    0.0000000000e+00
    1.9379379228e-02    0.0000000000e+00
    1.9389759749e-02    0.0000000000e+00
    1.9399492070e-02    0.0000000000e+00
    1.9409872591e-02    0.0000000000e+00
    1.9419604912e-02    0.0000000000e+00
    1.9429987296e-02    0.0000000000e+00
    1.9439717755e-02    0.0000000000e+00
    1.9449450076e-02    0.0000000000e+00
    1.9459832460e-02    0.0000000000e+00
    1.9469564781e-02    0.0000000000e+00
    1.9479945302e-02    0.0000000000e+00
    1.9489677623e-02    0.0000000000e+00
    1.9499409944e-02    0.0000000000e+00
    1.9509790465e-02    0.0000000000e+00
    1.9519522786e-02    0.0000000000e+00
    1.9529903308e-02    0.0000000000e+00
    1.9539635628e-02    0.0000000000e+00
    1.9549367949e-02    0.0000000000e+00
    1.9559750333e-02    0.0000000000e+00
    1.9569480792e-02    0.0000000000e+00
    1.9579863176e-02    0.0000000000e+00
    1.9589595497e-02    0.0000000000e+00
    1.9599976018e-02    0.0000000000e+00
    1.9609708339e-02    0.0000000000e+00
    1.9619440660e-02    0.0000000000e+00
    1.9629821181e-02    0.0000000000e+00
    1.9639553502e-02    0.0000000000e+00
    1.9649934024e-02    0.0000000000e+00
    1.9659666345e-02    0.0000000000e+00
    1.9669398665e-02    0.0000000000e+00
    1.9679781049e-02    0.0000000000e+00
    1.9689511508e-02    0.0000000000e+00
    1.9699893892e-02    0.0000000000e+00
    1.9709626213e-02    0.0000000000e+00
    1.9719358534e-02    0.0000000000e+00
    1.9729739055e-02    0.0000000000e+00
    1.9739471376e-02    0.0000000000e+00
    1.9749851897e-02    0.0000000000e+00
    1.9759584218e-02    0.0000000000e+00
    1.9769964740e-02    0.0000000000e+00
    1.9779697061e-02    0.0000000000e+00
    1.9789429381e-02    0.0000000000e+00
    1.9799811766e-02    0.0000000000e+00
    1.9809542224e-02    0.0000000000e+00
    1.9819924608e-02    0.0000000000e+00
    1.9829656929e-02    0.0000000000e+00
    1.9839389250e-02    0.0000000000e+00
    1.9849769771e-02    0.0000000000e+00
    1.9859502092e-02    0.0000000000e+00
    1.9869882613e-02    0.0000000000e+00
    1.9879614934e-02    0.0000000000e+00
    1.9889995456e-02    0.0000000000e+00
    1.9899727777e-02    0.0000000000e+00
    1.9909460098e-02    0.0000000000e+00
    1.9919842482e-02    0.0000000000e+00
    1.9929574803e-02    0.0000000000e+00
    1.9939955324e-02    0.0000000000e+00
    1.9949687645e-02    0.0000000000e+00
    1.9959419966e-02    0.0000000000e+00
    1.9969800487e-02    0.0000000000e+00
    1.9979532808e-02    0.0000000000e+00
    1.9989913329e-02    0.0000000000e+00
    1.9999645650e-02    0.0000000000e+00
    2.0009377971e-02    0.0000000000e+00
    2.0019758493e-02    0.0000000000e+00
    2.0029490814e-02    0.0000000000e+00
    2.0039873198e-02    0.0000000000e+00
    2.0049605519e-02    0.0000000000e+00
    2.0059986040e-02    0.0000000000e+00
    2.0069718361e-02    0.0000000000e+00
    2.0079450682e-02    0.0000000000e+00
    2.0089831203e-02    0.0000000000e+00
    2.0099563524e-02    0.0000000000e+00
    2.0109944046e-02    0.0000000000e+00
    2.0119676366e-02    0.0000000000e+00
    2.0129408687e-02    0.0000000000e+00
    2.0139789209e-02    0.0000000000e+00
    2.0149521530e-02    0.0000000000e+00
    2.0159903914e-02    0.0000000000e+00
    2.0169636235e-02    0.0000000000e+00
    2.0179366693e-02    0.0000000000e+00
    2.0189749077e-02    0.0000000000e+00
    2.0199481398e-02    0.0000000000e+00
    2.0209861919e-02    0.0000000000e+00
    2.0219594240e-02    0.0000000000e+00
    2.0229974762e-02    0.0000000000e+00
    2.0239707083e-02    0.0000000000e+00
    2.0249439403e-02    0.0000000000e+00
    2.0259819925e-02    0.0000000000e+00
    2.0269552246e-02    0.0000000000e+00
    2.0279934630e-02    0.0000000000e+00
    2.0289666951e-02    0.0000000000e+00
    2.0299399272e-02    0.0000000000e+00
    2.0309779793e-02    0.0000000000e+00
    2.0319512114e-02    0.0000000000e+00
    2.0329892635e-02    0.0000000000e+00
    2.0339624956e-02    0.0000000000e+00
    2.0349357277e-02    0.0000000000e+00
    2.0359737799e-02    0.0000000000e+00
    2.0369470119e-02    0.0000000000e+00
    2.0379850641e-02    0.0000000000e+00
    2.0389582962e-02    0.0000000000e+00
    2.0399965346e-02    0.0000000000e+00
    2.0409697667e-02    0.0000000000e+00
    2.0419429988e-02    0.0000000000e+00
    2.0429810509e-02    0.0000000000e+00
    2.0439542830e-02    0.0000000000e+00
    2.0449923351e-02    0.0000000000e+00
    2.0459655672e-02    0.0000000000e+00
    2.0469387993e-02    0.0000000000e+00
    2.0479768515e-02    0.0000000000e+00
    2.0489500836e-02    0.0000000000e+00
    2.0499881357e-02    0.0000000000e+00
    2.0509613678e-02    0.0000000000e+00
    2.0519996062e-02    0.0000000000e+00
    2.0529728383e-02    0.0000000000e+00
    2.0539460704e-02    0.0000000000e+00
    2.0549841225e-02    0.0000000000e+00
    2.0559573546e-02    0.0000000000e+00
    2.0569954067e-02    0.0000000000e+00
    2.0579686388e-02    0.0000000000e+00
    2.0589418709e-02    0.0000000000e+00
    2.0599799231e-02    0.0000000000e+00
    2.0609531552e-02    0.0000000000e+00
    2.0619912073e-02    0.0000000000e+00
    2.0629644394e-02    0.0000000000e+00
    2.0639376715e-02    0.0000000000e+00
    2.0649759099e-02    0.0000000000e+00
    2.0659491420e-02    0.0000000000e+00
    2.0669871941e-02    0.0000000000e+00
    2.0679734647e-02    0.0000000000e+00
    2.0689960569e-02    0.0000000000e+00
    2.0699504763e-02    0.0000000000e+00
    2.0709730685e-02    0.0000000000e+00
    2.0719954744e-02    0.0000000000e+00
    2.0729498938e-02    0.0000000000e+00
    2.0739724860e-02    0.0000000000e+00
    2.0749950781e-02    0.0000000000e+00
    2.0759493113e-02    0.0000000000e+00
    2.0769719034e-02    0.0000000000e+00
    2.0779944956e-02    0.0000000000e+00
    2.0789489150e-02    0.0000000000e+00
    2.0799713209e-02    0.0000000000e+00
    2.0809939131e-02    0.0000000000e+00
    2.0819483325e-02    0.0000000000e+00
    2.0829709247e-02    0.0000000000e+00
    2.0839933306e-02    0.0000000000e+00
    2.0849477500e-02    0.0000000000e+00
    2.0859703422e-02    0.0000000000e+00
    2.0869929343e-02    0.0000000000e+00
    2.0879471675e-02    0.0000000000e+00
    2.0889697596e-02    0.0000000000e+00
    2.0899923518e-02    0.0000000000e+00
    2.0909467712e-02    0.0000000000e+00
    2.0919691771e-02    0.0000000000e+00
    2.0929917693e-02    0.0000000000e+00
    2.0939461887e-02    0.0000000000e+00
    2.0949687809e-02    0.0000000000e+00
    2.0959911868e-02    0.0000000000e+00
    2.0969456062e-02    0.0000000000e+00
    2.0979681984e-02    0.0000000000e+00
    2.0989907905e-02    0.0000000000e+00
    2.0999450237e-02    0.0000000000e+00
    2.1009676158e-02    0.0000000000e+00
    2.1019902080e-02    0.0000000000e+00
    2.1029446274e-02    0.0000000000e+00
    2.1039215848e-02    0.0000000000e+00
    2.1049309522e-02    0.0000000000e+00
    2.1059401333e-02    0.0000000000e+00
    2.1069493145e-02    0.0000000000e+00
    2.1079586819e-02    0.0000000000e+00
    2.1089678630e-02    0.0000000000e+00
    2.1099772304e-02    0.0000000000e+00
    2.1109864116e-02    0.0000000000e+00
    2.1119957790e-02    0.0000000000e+00
    2.1129133180e-02    0.0000000000e+00
    2.1139224991e-02    0.0000000000e+00
    2.1149495617e-02    0.0000000000e+00
    2.1159876138e-02    0.0000000000e+00
    2.1169608459e-02    0.0000000000e+00
    2.1179988980e-02    0.0000000000e+00
    2.1189721301e-02    0.0000000000e+00
    2.1199453622e-02    0.0000000000e+00
    2.1209834144e-02    0.0000000000e+00
    2.1219566464e-02    0.0000000000e+00
    2.1229946986e-02    0.0000000000e+00
    2.1239679307e-02    0.0000000000e+00
    2.1249411628e-02    0.0000000000e+00
    2.1259794012e-02    0.0000000000e+00
    2.1269526333e-02    0.0000000000e+00
    2.1279906854e-02    0.0000000000e+00
    2.1289639175e-02    0.0000000000e+00
    2.1299371496e-02    0.0000000000e+00
    2.1309752017e-02    0.0000000000e+00
    2.1319484338e-02    0.0000000000e+00
    2.1329864860e-02    0.0000000000e+00
    2.1339597180e-02    0.0000000000e+00
    2.1349977702e-02    0.0000000000e+00
    2.1359710023e-02    0.0000000000e+00
    2.1369442344e-02    0.0000000000e+00
    2.1379824728e-02    0.0000000000e+00
    2.1389557049e-02    0.0000000000e+00
    2.1399937570e-02    0.0000000000e+00
    2.1409669891e-02    0.0000000000e+00
    2.1419402212e-02    0.0000000000e+00
    2.1429782733e-02    0.0000000000e+00
    2.1439515054e-02    0.0000000000e+00
    2.1449895576e-02    0.0000000000e+00
    2.1459627897e-02    0.0000000000e+00
    2.1469360217e-02    0.0000000000e+00
    2.1479740739e-02    0.0000000000e+00
    2.1489473060e-02    0.0000000000e+00
    2.1499855444e-02    0.0000000000e+00
    2.1509587765e-02    0.0000000000e+00
    2.1519968286e-02    0.0000000000e+00
    2.1529700607e-02    0.0000000000e+00
    2.1539432928e-02    0.0000000000e+00
    2.1549813449e-02    0.0000000000e+00
    2.1559545770e-02    0.0000000000e+00
    2.1569926292e-02    0.0000000000e+00
    2.1579658613e-02    0.0000000000e+00
    2.1589390934e-02    0.0000000000e+00
    2.1599771455e-02    0.0000000000e+00
    2.1609503776e-02    0.0000000000e+00
    2.1619886160e-02    0.0000000000e+00
    2.1629618481e-02    0.0000000000e+00
    2.1639999002e-02    0.0000000000e+00
    2.1649731323e-02    0.0000000000e+00
    2.1659463644e-02    0.0000000000e+00
    2.1669844165e-02    0.0000000000e+00
    2.1679576486e-02    0.0000000000e+00
    2.1689957008e-02    0.0000000000e+00
    2.1699689329e-02    0.0000000000e+00
    2.1709421650e-02    0.0000000000e+00
    2.1719802171e-02    0.0000000000e+00
    2.1729534492e-02    0.0000000000e+00
    2.1739916876e-02    0.0000000000e+00
    2.1749649197e-02    0.0000000000e+00
    2.1759381518e-02    0.0000000000e+00
    2.1769762039e-02    0.0000000000e+00
    2.1779494360e-02    0.0000000000e+00
    2.1789874882e-02    0.0000000000e+00
    2.1799607202e-02    0.0000000000e+00
    2.1809987724e-02    0.0000000000e+00
    2.1819720045e-02    0.0000000000e+00
    2.1829452366e-02    0.0000000000e+00
    2.1839832887e-02    0.0000000000e+00
    2.1849565208e-02    0.0000000000e+00
    2.1859947592e-02    0.0000000000e+00
    2.1869679913e-02    0.0000000000e+00
    2.1879412234e-02    0.0000000000e+00
    2.1889792755e-02    0.0000000000e+00
    2.1899525076e-02    0.0000000000e+00
    2.1909905598e-02    0.0000000000e+00
    2.1919637918e-02    0.0000000000e+00
    2.1929370239e-02    0.0000000000e+00
    2.1939750761e-02    0.0000000000e+00
    2.1949483082e-02    0.0000000000e+00
    2.1959863603e-02    0.0000000000e+00
    2.1969595924e-02    0.0000000000e+00
    2.1979978308e-02    0.0000000000e+00
    2.1989710629e-02    0.0000000000e+00
    2.1999442950e-02    0.0000000000e+00
    2.2009823471e-02    0.0000000000e+00
    2.2019555792e-02    0.0000000000e+00
    2.2029936314e-02    0.0000000000e+00
    2.2039668635e-02    0.0000000000e+00
    2.2049400955e-02    0.0000000000e+00
    2.2059781477e-02    0.0000000000e+00
    2.2069513798e-02    0.0000000000e+00
    2.2079894319e-02    0.0000000000e+00
    2.2089626640e-02    0.0000000000e+00
    2.2099358961e-02    0.0000000000e+00
    2.2109741345e-02    0.0000000000e+00
    2.2119473666e-02    0.0000000000e+00
    2.2129854187e-02    0.0000000000e+00
    2.2139586508e-02    0.0000000000e+00
    2.2149967030e-02    0.0000000000e+00
    2.2159699351e-02    0.0000000000e+00
    2.2169431672e-02    0.0000000000e+00
    2.2179812193e-02    0.0000000000e+00
    2.2189544514e-02    0.0000000000e+00
    2.2199926898e-02    0.0000000000e+00
    2.2209657356e-02    0.0000000000e+00
    2.2219389677e-02    0.0000000000e+00
    2.2229772061e-02    0.0000000000e+00
    2.2239504382e-02    0.0000000000e+00
    2.2249884903e-02    0.0000000000e+00
    2.2259617224e-02    0.0000000000e+00
    2.2269997746e-02    0.0000000000e+00
    2.2279730067e-02    0.0000000000e+00
    2.2289462388e-02    0.0000000000e+00
    2.2299842909e-02    0.0000000000e+00
    2.2309575230e-02    0.0000000000e+00
    2.2319957614e-02    0.0000000000e+00
    2.2329688072e-02    0.0000000000e+00
    2.2339420393e-02    0.0000000000e+00
    2.2349802777e-02    0.0000000000e+00
    2.2359535098e-02    0.0000000000e+00
    2.2369915619e-02    0.0000000000e+00
    2.2379647940e-02    0.0000000000e+00
    2.2389380261e-02    0.0000000000e+00
    2.2399760783e-02    0.0000000000e+00
    2.2409493104e-02    0.0000000000e+00
    2.2419873625e-02    0.0000000000e+00
    2.2429605946e-02    0.0000000000e+00
    2.2439988330e-02    0.0000000000e+00
    2.2449718788e-02    0.0000000000e+00
    2.2459451109e-02    0.0000000000e+00
    2.2469833493e-02    0.0000000000e+00
    2.2479565814e-02    0.0000000000e+00
    2.2489946336e-02    0.0000000000e+00
    2.2499678656e-02    0.0000000000e+00
    2.2509410977e-02    0.0000000000e+00
    2.2519791499e-02    0.0000000000e+00
    2.2529523820e-02    0.0000000000e+00
    2.2539904341e-02    0.0000000000e+00
    2.2549636662e-02    0.0000000000e+00
    2.2559368983e-02    0.0000000000e+00
    2.2569751367e-02    0.0000000000e+00
    2.2579481825e-02    0.0000000000e+00
    2.2589864209e-02    0.0000000000e+00
    2.2599596530e-02    0.0000000000e+00
    2.2609977052e-02    0.0000000000e+00
    2.2619709373e-02    0.0000000000e+00
    2.2629441693e-02    0.0000000000e+00
    2.2639822215e-02    0.0000000000e+00
    2.2649554536e-02    0.0000000000e+00
    2.2659935057e-02    0.0000000000e+00
    2.2669667378e-02    0.0000000000e+00
    2.2679399699e-02    0.0000000000e+00
    2.2689782083e-02    0.0000000000e+00
    2.2699512541e-02    0.0000000000e+00
    2.2709894925e-02    0.0000000000e+00
    2.2719627246e-02    0.0000000000e+00
    2.2729359567e-02    0.0000000000e+00
    2.2739740089e-02    0.0000000000e+00
    2.2749472409e-02    0.0000000000e+00
    2.2759852931e-02    0.0000000000e+00
    2.2769585252e-02    0.0000000000e+00
    2.2779965773e-02    0.0000000000e+00
    2.2789698094e-02    0.0000000000e+00
    2.2799430415e-02    0.0000000000e+00
    2.2809812799e-02    0.0000000000e+00
    2.2819543257e-02    0.0000000000e+00
    2.2829925641e-02    0.0000000000e+00
    2.2839657962e-02    0.0000000000e+00
    2.2849390283e-02    0.0000000000e+00
    2.2859770805e-02    0.0000000000e+00
    2.2869503126e-02    0.0000000000e+00
    2.2879883647e-02    0.0000000000e+00
    2.2889615968e-02    0.0000000000e+00
    2.2899996489e-02    0.0000000000e+00
    2.2909728810e-02    0.0000000000e+00
    2.2919461131e-02    0.0000000000e+00
    2.2929843515e-02    0.0000000000e+00
    2.2939575836e-02    0.0000000000e+00
    2.2949956357e-02    0.0000000000e+00
    2.2959688678e-02    0.0000000000e+00
    2.2969420999e-02    0.0000000000e+00
    2.2979801521e-02    0.0000000000e+00
    2.2989533842e-02    0.0000000000e+00
    2.2999914363e-02    0.0000000000e+00
    2.3009646684e-02    0.0000000000e+00
    2.3019379005e-02    0.0000000000e+00
    2.3029759526e-02    0.0000000000e+00
    2.3039491847e-02    0.0000000000e+00
    2.3049874231e-02    0.0000000000e+00
    2.3059606552e-02    0.0000000000e+00
    2.3069987074e-02    0.0000000000e+00
    2.3079719394e-02    0.0000000000e+00
    2.3089451715e-02    0.0000000000e+00
    2.3099832237e-02    0.0000000000e+00
    2.3109564558e-02    0.0000000000e+00
    2.3119945079e-02    0.0000000000e+00
    2.3129677400e-02    0.0000000000e+00
    2.3139409721e-02    0.0000000000e+00
    2.3149790242e-02    0.0000000000e+00
    2.3159522563e-02    0.0000000000e+00
    2.3169904947e-02    0.0000000000e+00
    2.3179637268e-02    0.0000000000e+00
    2.3189367726e-02    0.0000000000e+00
    2.3199750111e-02    0.0000000000e+00
    2.3209482431e-02    0.0000000000e+00
    2.3219862953e-02    0.0000000000e+00
    2.3229595274e-02    0.0000000000e+00
    2.3239975795e-02    0.0000000000e+00
    2.3249095306e-02    0.0000000000e+00
    2.3259365931e-02    0.0000000000e+00
    2.3269746453e-02    0.0000000000e+00
    2.3279478773e-02    0.0000000000e+00
    2.3289859295e-02    0.0000000000e+00
    2.3299358785e-02    0.0000000000e+00
    2.3309800774e-02    0.0000000000e+00
    2.3319533095e-02    0.0000000000e+00
    2.3329263553e-02    0.0000000000e+00
    2.3338995874e-02    0.0000000000e+00
    2.3349942639e-02    0.0000000000e+00
    2.3359674960e-02    0.0000000000e+00
    2.3369405419e-02    0.0000000000e+00
    2.3379137740e-02    0.0000000000e+00
    2.3388868198e-02    0.0000000000e+00
    2.3399816826e-02    0.0000000000e+00
    2.3409547284e-02    0.0000000000e+00
    2.3419279605e-02    0.0000000000e+00
    2.3429010063e-02    0.0000000000e+00
    2.3439958692e-02    0.0000000000e+00
    2.3449689150e-02    0.0000000000e+00
    2.3459419608e-02    0.0000000000e+00
    2.3469151929e-02    0.0000000000e+00
    2.3478882387e-02    0.0000000000e+00
    2.3489831015e-02    0.0000000000e+00
    2.3499561474e-02    0.0000000000e+00
    2.3509293795e-02    0.0000000000e+00
    2.3519024253e-02    0.0000000000e+00
    2.3529971018e-02    0.0000000000e+00
    2.3539703339e-02    0.0000000000e+00
    2.3549433798e-02    0.0000000000e+00
    2.3559166119e-02    0.0000000000e+00
    2.3568896577e-02    0.0000000000e+00
    2.3579843342e-02    0.0000000000e+00
    2.3589575663e-02    0.0000000000e+00
    2.3599306121e-02    0.0000000000e+00
    2.3609036580e-02    0.0000000000e+00
    2.3619985208e-02    0.0000000000e+00
    2.3629715666e-02    0.0000000000e+00
    2.3639447987e-02    0.0000000000e+00
    2.3649178445e-02    0.0000000000e+00
    2.3658908904e-02    0.0000000000e+00
    2.3669857532e-02    0.0000000000e+00
    2.3679587990e-02    0.0000000000e+00
    2.3689318448e-02    0.0000000000e+00
    2.3699050769e-02    0.0000000000e+00
    2.3709997535e-02    0.0000000000e+00
    2.3719727993e-02    0.0000000000e+00
    2.3729458451e-02    0.0000000000e+00
    2.3739190772e-02    0.0000000000e+00
    2.3748921230e-02    0.0000000000e+00
    2.3759867996e-02    0.0000000000e+00
    2.3769600317e-02    0.0000000000e+00
    2.3779330775e-02    0.0000000000e+00
    2.3789061233e-02    0.0000000000e+00
    2.3798791692e-02    0.0000000000e+00
    2.3809740320e-02    0.0000000000e+00
    2.3819470778e-02    0.0000000000e+00
    2.3829201236e-02    0.0000000000e+00
    2.3838933557e-02    0.0000000000e+00
    2.3849880323e-02    0.0000000000e+00
    2.3859610781e-02    0.0000000000e+00
    2.3869341239e-02    0.0000000000e+00
    2.3879073560e-02    0.0000000000e+00
    2.3888804018e-02    0.0000000000e+00
    2.3899750784e-02    0.0000000000e+00
    2.3909483105e-02    0.0000000000e+00
    2.3919213563e-02    0.0000000000e+00
    2.3928944021e-02    0.0000000000e+00
    2.3939890787e-02    0.0000000000e+00
    2.3949623108e-02    0.0000000000e+00
    2.3959353566e-02    0.0000000000e+00
    2.3969084024e-02    0.0000000000e+00
    2.3978816345e-02    0.0000000000e+00
    2.3989763111e-02    0.0000000000e+00
    2.3999493569e-02    0.0000000000e+00
    2.4009224027e-02    0.0000000000e+00
    2.4018956348e-02    0.0000000000e+00
    2.4029903114e-02    0.0000000000e+00
    2.4039633572e-02    0.0000000000e+00
    2.4049365893e-02    0.0000000000e+00
    2.4059096351e-02    0.0000000000e+00
    2.4068826810e-02    0.0000000000e+00
    2.4079773575e-02    0.0000000000e+00
    2.4089505896e-02    0.0000000000e+00
    2.4099236354e-02    0.0000000000e+00
    2.4108966812e-02    0.0000000000e+00
    2.4119915441e-02    0.0000000000e+00
    2.4129645899e-02    0.0000000000e+00
    2.4139376357e-02    0.0000000000e+00
    2.4149108678e-02    0.0000000000e+00
    2.4158839136e-02    0.0000000000e+00
    2.4169785902e-02    0.0000000000e+00
    2.4179518223e-02    0.0000000000e+00
    2.4189248681e-02    0.0000000000e+00
    2.4198979139e-02    0.0000000000e+00
    2.4209927768e-02    0.0000000000e+00
    2.4219658226e-02    0.0000000000e+00
    2.4229388684e-02    0.0000000000e+00
    2.4239121005e-02    0.0000000000e+00
    2.4248851463e-02    0.0000000000e+00
    2.4259798229e-02    0.0000000000e+00
    2.4269530550e-02    0.0000000000e+00
    2.4279261008e-02    0.0000000000e+00
    2.4288991466e-02    0.0000000000e+00
    2.4299940094e-02    0.0000000000e+00
    2.4309670553e-02    0.0000000000e+00
    2.4319402874e-02    0.0000000000e+00
    2.4329133332e-02    0.0000000000e+00
    2.4338863790e-02    0.0000000000e+00
    2.4349812418e-02    0.0000000000e+00
    2.4359542876e-02    0.0000000000e+00
    2.4369273335e-02    0.0000000000e+00
    2.4379005656e-02    0.0000000000e+00
    2.4389952421e-02    0.0000000000e+00
    2.4399682879e-02    0.0000000000e+00
    2.4409413338e-02    0.0000000000e+00
    2.4419143796e-02    0.0000000000e+00
    2.4428876117e-02    0.0000000000e+00
    2.4439822882e-02    0.0000000000e+00
    2.4449553341e-02    0.0000000000e+00
    2.4459283799e-02    0.0000000000e+00
    2.4469014257e-02    0.0000000000e+00
    2.4479961023e-02    0.0000000000e+00
    2.4489691481e-02    0.0000000000e+00
    2.4499423802e-02    0.0000000000e+00
    2.4509154260e-02    0.0000000000e+00
    2.4518884718e-02    0.0000000000e+00
    2.4529831484e-02    0.0000000000e+00
    2.4539561942e-02    0.0000000000e+00
    2.4549292400e-02    0.0000000000e+00
    2.4559022859e-02    0.0000000000e+00
    2.4569967762e-02    0.0000000000e+00
    2.4579698220e-02    0.0000000000e+00
    2.4589428678e-02    0.0000000000e+00
    2.4599159136e-02    0.0000000000e+00
    2.4608889595e-02    0.0000000000e+00
    2.4619836360e-02    0.0000000000e+00
    2.4629566818e-02    0.0000000000e+00
    2.4639295414e-02    0.0000000000e+00
    2.4649025872e-02    0.0000000000e+00
    2.4659972638e-02    0.0000000000e+00
    2.4669703096e-02    0.0000000000e+00
    2.4679433554e-02    0.0000000000e+00
    2.4689162150e-02    0.0000000000e+00
    2.4698892608e-02    0.0000000000e+00
    2.4709839374e-02    0.0000000000e+00
    2.4719567969e-02    0.0000000000e+00
    2.4729298428e-02    0.0000000000e+00
    2.4739028886e-02    0.0000000000e+00
    2.4749973789e-02    0.0000000000e+00
    2.4759704247e-02    0.0000000000e+00
    2.4769434705e-02    0.0000000000e+00
    2.4779163301e-02    0.0000000000e+00
    2.4788893759e-02    0.0000000000e+00
    2.4799838662e-02    0.0000000000e+00
    2.4809569120e-02    0.0000000000e+00
    2.4819297716e-02    0.0000000000e+00
    2.4829028174e-02    0.0000000000e+00
    2.4839974940e-02    0.0000000000e+00
    2.4849703535e-02    0.0000000000e+00
    2.4859433994e-02    0.0000000000e+00
    2.4869162589e-02    0.0000000000e+00
    2.4878893048e-02    0.0000000000e+00
    2.4889837950e-02    0.0000000000e+00
    2.4899568409e-02    0.0000000000e+00
    2.4909297004e-02    0.0000000000e+00
    2.4919027463e-02    0.0000000000e+00
    2.4929972365e-02    0.0000000000e+00
    2.4939702824e-02    0.0000000000e+00
    2.4949431419e-02    0.0000000000e+00
    2.4959161878e-02    0.0000000000e+00
    2.4968890473e-02    0.0000000000e+00
    2.4979837239e-02    0.0000000000e+00
    2.4989565834e-02    0.0000000000e+00
    2.4999294430e-02    0.0000000000e+00
    2.5009024888e-02    0.0000000000e+00
    2.5019969791e-02    0.0000000000e+00
    2.5029700249e-02    0.0000000000e+00
    2.5039428845e-02    0.0000000000e+00
    2.5049159303e-02    0.0000000000e+00
    2.5058887899e-02    0.0000000000e+00
    2.5069834664e-02    0.0000000000e+00
    2.5079563260e-02    0.0000000000e+00
    2.5089293718e-02    0.0000000000e+00
    2.5099022314e-02    0.0000000000e+00
    2.5109967217e-02    0.0000000000e+00
    2.5119697675e-02    0.0000000000e+00
    2.5129426271e-02    0.0000000000e+00
    2.5139156729e-02    0.0000000000e+00
    2.5148885325e-02    0.0000000000e+00
    2.5159832090e-02    0.0000000000e+00
    2.5169560686e-02    0.0000000000e+00
    2.5179291144e-02    0.0000000000e+00
    2.5189019740e-02    0.0000000000e+00
    2.5199966505e-02    0.0000000000e+00
    2.5209695101e-02    0.0000000000e+00
    2.5219425559e-02    0.0000000000e+00
    2.5229154155e-02    0.0000000000e+00
    2.5238884613e-02    0.0000000000e+00
    2.5249829516e-02    0.0000000000e+00
    2.5259559974e-02    0.0000000000e+00
    2.5269288570e-02    0.0000000000e+00
    2.5279019028e-02    0.0000000000e+00
    2.5289963931e-02    0.0000000000e+00
    2.5299694389e-02    0.0000000000e+00
    2.5309422985e-02    0.0000000000e+00
    2.5319153443e-02    0.0000000000e+00
    2.5328882039e-02    0.0000000000e+00
    2.5339828804e-02    0.0000000000e+00
    2.5349557400e-02    0.0000000000e+00
    2.5359287858e-02    0.0000000000e+00
    2.5369016454e-02    0.0000000000e+00
    2.5379963219e-02    0.0000000000e+00
    2.5389691815e-02    0.0000000000e+00
    2.5399422273e-02    0.0000000000e+00
    2.5409152731e-02    0.0000000000e+00
    2.5418881327e-02    0.0000000000e+00
    2.5429828092e-02    0.0000000000e+00
    2.5439556688e-02    0.0000000000e+00
    2.5449287146e-02    0.0000000000e+00
    2.5459015742e-02    0.0000000000e+00
    2.5469962507e-02    0.0000000000e+00
    2.5479691103e-02    0.0000000000e+00
    2.5489421561e-02    0.0000000000e+00
    2.5499152020e-02    0.0000000000e+00
    2.5508880615e-02    0.0000000000e+00
    2.5519827381e-02    0.0000000000e+00
    2.5529555976e-02    0.0000000000e+00
    2.5539286435e-02    0.0000000000e+00
    2.5549015030e-02    0.0000000000e+00
    2.5559961796e-02    0.0000000000e+00
    2.5569690391e-02    0.0000000000e+00
    2.5579420850e-02    0.0000000000e+00
    2.5589151308e-02    0.0000000000e+00
    2.5598879904e-02    0.0000000000e+00
    2.5609826669e-02    0.0000000000e+00
    2.5619555265e-02    0.0000000000e+00
    2.5629285723e-02    0.0000000000e+00
    2.5639014319e-02    0.0000000000e+00
    2.5649961084e-02    0.0000000000e+00
    2.5659689680e-02    0.0000000000e+00
    2.5669420138e-02    0.0000000000e+00
    2.5679148734e-02    0.0000000000e+00
    2.5688879192e-02    0.0000000000e+00
    2.5699825957e-02    0.0000000000e+00
    2.5709554553e-02    0.0000000000e+00
    2.5719285011e-02    0.0000000000e+00
    2.5729013607e-02    0.0000000000e+00
    2.5739960372e-02    0.0000000000e+00
    2.5749688968e-02    0.0000000000e+00
    2.5759419426e-02    0.0000000000e+00
    2.5769148022e-02    0.0000000000e+00
    2.5778878480e-02    0.0000000000e+00
    2.5789823383e-02    0.0000000000e+00
    2.5799553841e-02    0.0000000000e+00
    2.5809282437e-02    0.0000000000e+00
    2.5819012895e-02    0.0000000000e+00
    2.5829957798e-02    0.0000000000e+00
    2.5839688256e-02    0.0000000000e+00
    2.5849416852e-02    0.0000000000e+00
    2.5859147310e-02    0.0000000000e+00
    2.5868875906e-02    0.0000000000e+00
    2.5879820809e-02    0.0000000000e+00
    2.5889551267e-02    0.0000000000e+00
    2.5899279863e-02    0.0000000000e+00
    2.5909010321e-02    0.0000000000e+00
    2.5919955224e-02    0.0000000000e+00
    2.5929685682e-02    0.0000000000e+00
    2.5939414278e-02    0.0000000000e+00
    2.5949144736e-02    0.0000000000e+00
    2.5958873332e-02    0.0000000000e+00
    2.5969820097e-02    0.0000000000e+00
    2.5979548693e-02    0.0000000000e+00
    2.5989277288e-02    0.0000000000e+00
    2.5999007747e-02    0.0000000000e+00
    2.6009952649e-02    0.0000000000e+00
    2.6019683108e-02    0.0000000000e+00
    2.6029411703e-02    0.0000000000e+00
    2.6039142162e-02    0.0000000000e+00
    2.6048870757e-02    0.0000000000e+00
    2.6059817523e-02    0.0000000000e+00
    2.6069546118e-02    0.0000000000e+00
    2.6079276577e-02    0.0000000000e+00
    2.6089005172e-02    0.0000000000e+00
    2.6099950075e-02    0.0000000000e+00
    2.6109680533e-02    0.0000000000e+00
    2.6119409129e-02    0.0000000000e+00
    2.6129139587e-02    0.0000000000e+00
    2.6138868183e-02    0.0000000000e+00
    2.6149814948e-02    0.0000000000e+00
    2.6159543544e-02    0.0000000000e+00
    2.6169274002e-02    0.0000000000e+00
    2.6179002598e-02    0.0000000000e+00
    2.6189949363e-02    0.0000000000e+00
    2.6199677959e-02    0.0000000000e+00
    2.6209408417e-02    0.0000000000e+00
    2.6219137013e-02    0.0000000000e+00
    2.6228867471e-02    0.0000000000e+00
    2.6239812374e-02    0.0000000000e+00
    2.6249542832e-02    0.0000000000e+00
    2.6259271428e-02    0.0000000000e+00
    2.6269001886e-02    0.0000000000e+00
    2.6279948652e-02    0.0000000000e+00
    2.6289677247e-02    0.0000000000e+00
    2.6299407706e-02    0.0000000000e+00
    2.6309136301e-02    0.0000000000e+00
    2.6318866760e-02    0.0000000000e+00
    2.6329811662e-02    0.0000000000e+00
    2.6339542121e-02    0.0000000000e+00
    2.6349272579e-02    0.0000000000e+00
    2.6359001175e-02    0.0000000000e+00
    2.6369947940e-02    0.0000000000e+00
    2.6379678398e-02    0.0000000000e+00
    2.6389406994e-02    0.0000000000e+00
    2.6399137452e-02    0.0000000000e+00
    2.6408867911e-02    0.0000000000e+00
    2.6419812813e-02    0.0000000000e+00
    2.6429543272e-02    0.0000000000e+00
    2.6439273730e-02    0.0000000000e+00
    2.6449002326e-02    0.0000000000e+00
    2.6459949091e-02    0.0000000000e+00
    2.6469679549e-02    0.0000000000e+00
    2.6479410008e-02    0.0000000000e+00
    2.6489138603e-02    0.0000000000e+00
    2.6498869061e-02    0.0000000000e+00
    2.6509815827e-02    0.0000000000e+00
    2.6519546285e-02    0.0000000000e+00
    2.6529276744e-02    0.0000000000e+00
    2.6539007202e-02    0.0000000000e+00
    2.6549952105e-02    0.0000000000e+00
    2.6559682563e-02    0.0000000000e+00
    2.6569413021e-02    0.0000000000e+00
    2.6579143479e-02    0.0000000000e+00
    2.6588873938e-02    0.0000000000e+00
    2.6599820703e-02    0.0000000000e+00
    2.6609551162e-02    0.0000000000e+00
    2.6619281620e-02    0.0000000000e+00
    2.6629012078e-02    0.0000000000e+00
    2.6639958844e-02    0.0000000000e+00
    2.6649689302e-02    0.0000000000e+00
    2.6659419760e-02    0.0000000000e+00
    2.6669150218e-02    0.0000000000e+00
    2.6678880677e-02    0.0000000000e+00
    2.6689827442e-02    0.0000000000e+00
    2.6699557900e-02    0.0000000000e+00
    2.6709288359e-02    0.0000000000e+00
    2.6719018817e-02    0.0000000000e+00
    2.6729965582e-02    0.0000000000e+00
    2.6739696041e-02    0.0000000000e+00
    2.6749426499e-02    0.0000000000e+00
    2.6759156957e-02    0.0000000000e+00
    2.6768889278e-02    0.0000000000e+00
    2.6779836044e-02    0.0000000000e+00
    2.6789566502e-02    0.0000000000e+00
    2.6799296960e-02    0.0000000000e+00
    2.6809027418e-02    0.0000000000e+00
    2.6819976047e-02    0.0000000000e+00
    2.6829706505e-02    0.0000000000e+00
    2.6839436963e-02    0.0000000000e+00
    2.6849167421e-02    0.0000000000e+00
    2.6858899742e-02    0.0000000000e+00
    2.6869846508e-02    0.0000000000e+00
    2.6879576966e-02    0.0000000000e+00
    2.6889309287e-02    0.0000000000e+00
    2.6899039745e-02    0.0000000000e+00
    2.6909986511e-02    0.0000000000e+00
    2.6919718832e-02    0.0000000000e+00
    2.6929449290e-02    0.0000000000e+00
    2.6939179748e-02    0.0000000000e+00
    2.6948912069e-02    0.0000000000e+00
    2.6959858835e-02    0.0000000000e+00
    2.6969589293e-02    0.0000000000e+00
    2.6979321614e-02    0.0000000000e+00
    2.6989052072e-02    0.0000000000e+00
    2.6998782530e-02    0.0000000000e+00
    2.7009731159e-02    0.0000000000e+00
    2.7019461617e-02    0.0000000000e+00
    2.7029192075e-02    0.0000000000e+00
    2.7038924396e-02    0.0000000000e+00
    2.7049871162e-02    0.0000000000e+00
    2.7059601620e-02    0.0000000000e+00
    2.7069333941e-02    0.0000000000e+00
    2.7079064399e-02    0.0000000000e+00
    2.7088794857e-02    0.0000000000e+00
    2.7099743485e-02    0.0000000000e+00
    2.7109473944e-02    0.0000000000e+00
    2.7119204402e-02    0.0000000000e+00
    2.7128934860e-02    0.0000000000e+00
    2.7139883488e-02    0.0000000000e+00
    2.7149613947e-02    0.0000000000e+00
    2.7159344405e-02    0.0000000000e+00
    2.7169076726e-02    0.0000000000e+00
    2.7178807184e-02    0.0000000000e+00
    2.7189753950e-02    0.0000000000e+00
    2.7199486271e-02    0.0000000000e+00
    2.7209216729e-02    0.0000000000e+00
    2.7218947187e-02    0.0000000000e+00
    2.7229895815e-02    0.0000000000e+00
    2.7239626274e-02    0.0000000000e+00
    2.7249356732e-02    0.0000000000e+00
    2.7259089053e-02    0.0000000000e+00
    2.7268819511e-02    0.0000000000e+00
    2.7279766276e-02    0.0000000000e+00
    2.7289498597e-02    0.0000000000e+00
    2.7299229056e-02    0.0000000000e+00
    2.7308959514e-02    0.0000000000e+00
    2.7319908142e-02    0.0000000000e+00
    2.7329638600e-02    0.0000000000e+00
    2.7339369059e-02    0.0000000000e+00
    2.7349101380e-02    0.0000000000e+00
    2.7358831838e-02    0.0000000000e+00
    2.7369778603e-02    0.0000000000e+00
    2.7379510924e-02    0.0000000000e+00
    2.7389241382e-02    0.0000000000e+00
    2.7398971841e-02    0.0000000000e+00
    2.7409920469e-02    0.0000000000e+00
    2.7419650927e-02    0.0000000000e+00
    2.7429381385e-02    0.0000000000e+00
    2.7439113706e-02    0.0000000000e+00
    2.7448844165e-02    0.0000000000e+00
    2.7459790930e-02    0.0000000000e+00
    2.7469523251e-02    0.0000000000e+00
    2.7479253709e-02    0.0000000000e+00
    2.7488984168e-02    0.0000000000e+00
    2.7499932796e-02    0.0000000000e+00
    2.7509663254e-02    0.0000000000e+00
    2.7519395575e-02    0.0000000000e+00
    2.7529126033e-02    0.0000000000e+00
    2.7538856491e-02    0.0000000000e+00
    2.7549805120e-02    0.0000000000e+00
    2.7559535578e-02    0.0000000000e+00
    2.7569266036e-02    0.0000000000e+00
    2.7578998357e-02    0.0000000000e+00
    2.7589945123e-02    0.0000000000e+00
    2.7599677444e-02    0.0000000000e+00
    2.7609407902e-02    0.0000000000e+00
    2.7619138360e-02    0.0000000000e+00
    2.7628870681e-02    0.0000000000e+00
    2.7639817446e-02    0.0000000000e+00
    2.7649549767e-02    0.0000000000e+00
    2.7659280226e-02    0.0000000000e+00
    2.7669010684e-02    0.0000000000e+00
    2.7679959312e-02    0.0000000000e+00
    2.7689689770e-02    0.0000000000e+00
    2.7699422091e-02    0.0000000000e+00
    2.7709152550e-02    0.0000000000e+00
    2.7718883008e-02    0.0000000000e+00
    2.7729831636e-02    0.0000000000e+00
    2.7739562094e-02    0.0000000000e+00
    2.7749294415e-02    0.0000000000e+00
    2.7759024873e-02    0.0000000000e+00
    2.7769973502e-02    0.0000000000e+00
    2.7779703960e-02    0.0000000000e+00
    2.7789434418e-02    0.0000000000e+00
    2.7799166739e-02    0.0000000000e+00
    2.7808897197e-02    0.0000000000e+00
    2.7819845825e-02    0.0000000000e+00
    2.7829576284e-02    0.0000000000e+00
    2.7839308605e-02    0.0000000000e+00
    2.7849039063e-02    0.0000000000e+00
    2.7859985828e-02    0.0000000000e+00
    2.7869718149e-02    0.0000000000e+00
    2.7879448608e-02    0.0000000000e+00
    2.7889180928e-02    0.0000000000e+00
    2.7898911387e-02    0.0000000000e+00
    2.7909860015e-02    0.0000000000e+00
    2.7919590473e-02    0.0000000000e+00
    2.7929320931e-02    0.0000000000e+00
    2.7939053252e-02    0.0000000000e+00
    2.7948783711e-02    0.0000000000e+00
    2.7959732339e-02    0.0000000000e+00
    2.7969462797e-02    0.0000000000e+00
    2.7979195118e-02    0.0000000000e+00
    2.7988925576e-02    0.0000000000e+00
    2.7999874204e-02    0.0000000000e+00
    2.8009604663e-02    0.0000000000e+00
    2.8019336984e-02    0.0000000000e+00
    2.8029067442e-02    0.0000000000e+00
    2.8038797900e-02    0.0000000000e+00
    2.8049746528e-02    0.0000000000e+00
    2.8059476987e-02    0.0000000000e+00
    2.8069209307e-02    0.0000000000e+00
    2.8078939766e-02    0.0000000000e+00
    2.8089888394e-02    0.0000000000e+00
    2.8099618852e-02    0.0000000000e+00
    2.8109351173e-02    0.0000000000e+00
    2.8119081631e-02    0.0000000000e+00
    2.8128813952e-02    0.0000000000e+00
    2.8139760718e-02    0.0000000000e+00
    2.8149491176e-02    0.0000000000e+00
    2.8159223497e-02    0.0000000000e+00
    2.8168953955e-02    0.0000000000e+00
    2.8179902583e-02    0.0000000000e+00
    2.8189633042e-02    0.0000000000e+00
    2.8199365363e-02    0.0000000000e+00
    2.8209095821e-02    0.0000000000e+00
    2.8218828142e-02    0.0000000000e+00
    2.8229774907e-02    0.0000000000e+00
    2.8239507228e-02    0.0000000000e+00
    2.8249237686e-02    0.0000000000e+00
    2.8258970007e-02    0.0000000000e+00
    2.8269916773e-02    0.0000000000e+00
    2.8279649094e-02    0.0000000000e+00
    2.8289379552e-02    0.0000000000e+00
    2.8299110010e-02    0.0000000000e+00
    2.8308842331e-02    0.0000000000e+00
    2.8319789097e-02    0.0000000000e+00
    2.8329521418e-02    0.0000000000e+00
    2.8339251876e-02    0.0000000000e+00
    2.8348984197e-02    0.0000000000e+00
    2.8359930962e-02    0.0000000000e+00
    2.8369663283e-02    0.0000000000e+00
    2.8379393741e-02    0.0000000000e+00
    2.8389126062e-02    0.0000000000e+00
    2.8398856521e-02    0.0000000000e+00
    2.8409805149e-02    0.0000000000e+00
    2.8419535607e-02    0.0000000000e+00
    2.8429267928e-02    0.0000000000e+00
    2.8438998386e-02    0.0000000000e+00
    2.8449947014e-02    0.0000000000e+00
    2.8459677473e-02    0.0000000000e+00
    2.8469409794e-02    0.0000000000e+00
    2.8479140252e-02    0.0000000000e+00
    2.8488872573e-02    0.0000000000e+00
    2.8499819338e-02    0.0000000000e+00
    2.8509551659e-02    0.0000000000e+00
    2.8519282117e-02    0.0000000000e+00
    2.8529014438e-02    0.0000000000e+00
    2.8539961204e-02    0.0000000000e+00
    2.8549693525e-02    0.0000000000e+00
    2.8559423983e-02    0.0000000000e+00
    2.8569156304e-02    0.0000000000e+00
    2.8578886762e-02    0.0000000000e+00
    2.8589835390e-02    0.0000000000e+00
    2.8599565849e-02    0.0000000000e+00
    2.8609298170e-02    0.0000000000e+00
    2.8619028628e-02    0.0000000000e+00
    2.8629977256e-02    0.0000000000e+00
    2.8639707714e-02    0.0000000000e+00
    2.8649440035e-02    0.0000000000e+00
    2.8659170493e-02    0.0000000000e+00
    2.8668902814e-02    0.0000000000e+00
    2.8679849580e-02    0.0000000000e+00
    2.8689581901e-02    0.0000000000e+00
    2.8699312359e-02    0.0000000000e+00
    2.8709044680e-02    0.0000000000e+00
    2.8719991446e-02    0.0000000000e+00
    2.8729723766e-02    0.0000000000e+00
    2.8739454225e-02    0.0000000000e+00
    2.8749413788e-02    0.0000000000e+00
    2.8759794310e-02    0.0000000000e+00
    2.8769526631e-02    0.0000000000e+00
    2.8779909015e-02    0.0000000000e+00
    2.8789639473e-02    0.0000000000e+00
    2.8799371794e-02    0.0000000000e+00
    2.8809754178e-02    0.0000000000e+00
    2.8819486499e-02    0.0000000000e+00
    2.8829867020e-02    0.0000000000e+00
    2.8839599341e-02    0.0000000000e+00
    2.8849979863e-02    0.0000000000e+00
    2.8859712183e-02    0.0000000000e+00
    2.8869444504e-02    0.0000000000e+00
    2.8879825026e-02    0.0000000000e+00
    2.8889557347e-02    0.0000000000e+00
    2.8899939731e-02    0.0000000000e+00
    2.8909670189e-02    0.0000000000e+00
    2.8919402510e-02    0.0000000000e+00
    2.8929784894e-02    0.0000000000e+00
    2.8939517215e-02    0.0000000000e+00
    2.8949897736e-02    0.0000000000e+00
    2.8959630057e-02    0.0000000000e+00
    2.8969362378e-02    0.0000000000e+00
    2.8979742900e-02    0.0000000000e+00
    2.8989475220e-02    0.0000000000e+00
    2.8999855742e-02    0.0000000000e+00
    2.9009588063e-02    0.0000000000e+00
    2.9019970447e-02    0.0000000000e+00
    2.9029702768e-02    0.0000000000e+00
    2.9039433226e-02    0.0000000000e+00
    2.9049815610e-02    0.0000000000e+00
    2.9059547931e-02    0.0000000000e+00
    2.9069928452e-02    0.0000000000e+00
    2.9079660773e-02    0.0000000000e+00
    2.9089393094e-02    0.0000000000e+00
    2.9099773616e-02    0.0000000000e+00
    2.9109505937e-02    0.0000000000e+00
    2.9119886458e-02    0.0000000000e+00
    2.9129618779e-02    0.0000000000e+00
    2.9139351100e-02    0.0000000000e+00
    2.9149733484e-02    0.0000000000e+00
    2.9159463942e-02    0.0000000000e+00
    2.9169846326e-02    0.0000000000e+00
    2.9179578647e-02    0.0000000000e+00
    2.9189959168e-02    0.0000000000e+00
    2.9199691489e-02    0.0000000000e+00
    2.9209423810e-02    0.0000000000e+00
    2.9219804332e-02    0.0000000000e+00
    2.9229536653e-02    0.0000000000e+00
    2.9239917174e-02    0.0000000000e+00
    2.9249649495e-02    0.0000000000e+00
    2.9259381816e-02    0.0000000000e+00
    2.9269764200e-02    0.0000000000e+00
    2.9279494658e-02    0.0000000000e+00
    2.9289877042e-02    0.0000000000e+00
    2.9299609363e-02    0.0000000000e+00
    2.9309989884e-02    0.0000000000e+00
    2.9319722205e-02    0.0000000000e+00
    2.9329454526e-02    0.0000000000e+00
    2.9339835048e-02    0.0000000000e+00
    2.9349567369e-02    0.0000000000e+00
    2.9359947890e-02    0.0000000000e+00
    2.9369680211e-02    0.0000000000e+00
    2.9379412532e-02    0.0000000000e+00
    2.9389794916e-02    0.0000000000e+00
    2.9399527237e-02    0.0000000000e+00
    2.9409907758e-02    0.0000000000e+00
    2.9419640079e-02    0.0000000000e+00
    2.9429372400e-02    0.0000000000e+00
    2.9439752921e-02    0.0000000000e+00
    2.9449485242e-02    0.0000000000e+00
    2.9459865764e-02    0.0000000000e+00
    2.9469598085e-02    0.0000000000e+00
    2.9479978606e-02    0.0000000000e+00
    2.9489710927e-02    0.0000000000e+00
    2.9499443248e-02    0.0000000000e+00
    2.9509825632e-02    0.0000000000e+00
    2.9519557953e-02    0.0000000000e+00
    2.9529938474e-02    0.0000000000e+00
    2.9539670795e-02    0.0000000000e+00
    2.9549403116e-02    0.0000000000e+00
    2.9559783638e-02    0.0000000000e+00
    2.9569515958e-02    0.0000000000e+00
    2.9579896480e-02    0.0000000000e+00
    2.9589628801e-02    0.0000000000e+00
    2.9599361122e-02    0.0000000000e+00
    2.9609741643e-02    0.0000000000e+00
    2.9619473964e-02    0.0000000000e+00
    2.9629856348e-02    0.0000000000e+00
    2.9639588669e-02    0.0000000000e+00
    2.9649969190e-02    0.0000000000e+00
    2.9659701511e-02    0.0000000000e+00
    2.9669433832e-02    0.0000000000e+00
    2.9679814354e-02    0.0000000000e+00
    2.9689546674e-02    0.0000000000e+00
    2.9699927196e-02    0.0000000000e+00
    2.9709659517e-02    0.0000000000e+00
    2.9719391838e-02    0.0000000000e+00
    2.9729772359e-02    0.0000000000e+00
    2.9739504680e-02    0.0000000000e+00
    2.9749887064e-02    0.0000000000e+00
    2.9759619385e-02    0.0000000000e+00
    2.9769351706e-02    0.0000000000e+00
    2.9779732227e-02    0.0000000000e+00
    2.9789464548e-02    0.0000000000e+00
    2.9799845070e-02    0.0000000000e+00
    2.9809577391e-02    0.0000000000e+00
    2.9819957912e-02    0.0000000000e+00
    2.9829690233e-02    0.0000000000e+00
    2.9839422554e-02    0.0000000000e+00
    2.9849803075e-02    0.0000000000e+00
    2.9859535396e-02    0.0000000000e+00
    2.9869917780e-02    0.0000000000e+00
    2.9879650101e-02    0.0000000000e+00
    2.9889382422e-02    0.0000000000e+00
    2.9899762943e-02    0.0000000000e+00
    2.9909495264e-02    0.0000000000e+00
    2.9919875786e-02    0.0000000000e+00
    2.9929608107e-02    0.0000000000e+00
    2.9939988628e-02    0.0000000000e+00
    2.9949720949e-02    0.0000000000e+00
    2.9959453270e-02    0.0000000000e+00
    2.9969833791e-02    0.0000000000e+00
    2.9979566112e-02    0.0000000000e+00
    2.9989948496e-02    0.0000000000e+00
    2.9999680817e-02    0.0000000000e+00
    3.0000329018e-02    0.0000000000e+00
