      3002
    0.0000000000e+00    0.0000000000e+00
    9.7362280940e-06   -5.2290732810e-07
    1.9472456188e-05   -1.9754277218e-06
    2.9208684282e-05   -4.3575610107e-06
    3.8944912376e-05   -7.6693077062e-06
    4.9898168072e-05   -1.2506199710e-05
    5.9634396166e-05   -1.7793374354e-05
    6.9370624260e-05   -2.4010161724e-05
    7.9106852354e-05   -3.1156559999e-05
    8.8843080448e-05   -3.9232574636e-05
    9.9796336144e-05   -4.9429265346e-05
    1.0953255696e-04   -1.0880077753e-04
    1.1936988449e-04   -3.2919272780e-04
    1.2951242388e-04   -5.8401131537e-04
    1.3930225396e-04   -8.4155047080e-04
    1.4939271205e-04   -1.1057103984e-03
    1.5927563072e-04   -1.4621306909e-03
    1.6968246200e-04   -2.0686627831e-03
    1.7952857888e-04   -2.6992924977e-03
    1.8913974054e-04   -3.3446454909e-03
    1.9887587405e-04   -3.9999643341e-03
    2.0982899878e-04   -4.8239752650e-03
    2.1956508863e-04   -5.7035791688e-03
    2.2930116393e-04   -6.6920146346e-03
    2.3903725378e-04   -7.7051911503e-03
    2.4999040761e-04   -8.8871018961e-03
    2.5972659932e-04   -1.0018982925e-02
    2.6946279104e-04   -1.1289387941e-02
    2.7919895365e-04   -1.2718406506e-02
    2.8893514536e-04   -1.4202424325e-02
    2.9988834285e-04   -1.5886489302e-02
    3.0962453457e-04   -1.7414214090e-02
    3.1936069718e-04   -1.9005021080e-02
    3.2909688889e-04   -2.0719842985e-02
    3.3883302240e-04   -2.2528579459e-02
    3.4978619078e-04   -2.4649234489e-02
    3.5952235339e-04   -2.6629311964e-02
    3.6925845779e-04   -2.8719766065e-02
    3.7899453309e-04   -3.0954826623e-02
    3.8994755596e-04   -3.3609520644e-02
    3.9968357305e-04   -3.6034688354e-02
    4.0941956104e-04   -3.8497179747e-02
    4.1915551992e-04   -4.1044127196e-02
    4.2889144970e-04   -4.3701279908e-02
    4.3984435615e-04   -4.6827867627e-02
    4.4958025683e-04   -4.9707751721e-02
    4.5931615750e-04   -5.2651222795e-02
    4.6905202908e-04   -5.5685017258e-02
    4.7878790065e-04   -5.8824952692e-02
    4.8974074889e-04   -6.2496371567e-02
    4.9947656225e-04   -6.5873675048e-02
    5.0921243383e-04   -6.9333612919e-02
    5.1894818898e-04   -7.2872638702e-02
    5.2990094991e-04   -7.6953351498e-02
    5.3963670507e-04   -8.0680392683e-02
    5.4937246023e-04   -8.4503345191e-02
    5.5910821538e-04   -8.8415317237e-02
    5.6884397054e-04   -9.2389062047e-02
    5.7979667326e-04   -9.6938900650e-02
    5.8953242842e-04   -1.0108039528e-01
    5.9926818358e-04   -1.0532632470e-01
    6.0900388053e-04   -1.0967633873e-01
    6.1995652504e-04   -1.1464866251e-01
    6.2969216378e-04   -1.1913542449e-01
    6.3942786073e-04   -1.2370678037e-01
    6.4916349947e-04   -1.2838162482e-01
    6.5889908001e-04   -1.3315810263e-01
    6.6985160811e-04   -1.3861873746e-01
    6.7958718864e-04   -1.4353835583e-01
    6.8932271097e-04   -1.4852298796e-01
    6.9905823329e-04   -1.5358780324e-01
    7.0879369741e-04   -1.5872834623e-01
    7.1974610910e-04   -1.6458821297e-01
    7.2948157322e-04   -1.6985838115e-01
    7.3921697913e-04   -1.7518843710e-01
    7.4895244325e-04   -1.8059477210e-01
    7.5990479672e-04   -1.8676483631e-01
    7.6964020263e-04   -1.9231963158e-01
    7.7937560854e-04   -1.9792495668e-01
    7.8911101446e-04   -2.0357562602e-01
    7.9884642037e-04   -2.0928122103e-01
    8.0979865743e-04   -2.1577855945e-01
    8.1953400513e-04   -2.2163444757e-01
    8.2926929463e-04   -2.2756196558e-01
    8.3900458412e-04   -2.3356030881e-01
    8.4995670477e-04   -2.4038839340e-01
    8.5969193606e-04   -2.4652688205e-01
    8.6942716734e-04   -2.5272357464e-01
    8.7916234042e-04   -2.5896784663e-01
    8.8889745530e-04   -2.6526117325e-01
    8.9984945953e-04   -2.7240043879e-01
    9.0958451619e-04   -2.7881473303e-01
    9.1931951465e-04   -2.8530353308e-01
    9.2905445490e-04   -2.9187241197e-01
    9.3878927873e-04   -2.9853230715e-01
    9.4974087551e-04   -3.0613654852e-01
    9.5947552472e-04   -3.1299215555e-01
    9.6921011573e-04   -3.1993591785e-01
    9.7894459032e-04   -3.2697910070e-01
    9.8989589605e-04   -3.3502542973e-01
    9.9963019602e-04   -3.4229984879e-01
    1.0093643796e-03   -3.4969094396e-01
    1.0190985631e-03   -3.5719347000e-01
    1.0288325138e-03   -3.6480957270e-01
    1.0397832375e-03   -3.7352484465e-01
    1.0495170718e-03   -3.8141745329e-01
    1.0592506733e-03   -3.8943833113e-01
    1.0689842748e-03   -3.9758166671e-01
    1.0799344163e-03   -4.0687432885e-01
    1.0896677850e-03   -4.1523107886e-01
    1.0994010372e-03   -4.2367425561e-01
    1.1091342894e-03   -4.3218550086e-01
    1.1188673088e-03   -4.4074988365e-01
    1.1298169848e-03   -4.5041677356e-01
    1.1395498877e-03   -4.5901283622e-01
    1.1492826743e-03   -4.6760809422e-01
    1.1590153445e-03   -4.7619205713e-01
    1.1699643219e-03   -4.8583015800e-01
    1.1796967592e-03   -4.9436274171e-01
    1.1894289637e-03   -5.0284749269e-01
    1.1991611682e-03   -5.1129251719e-01
    1.2088933727e-03   -5.1971799135e-01
    1.2198420009e-03   -5.2918100357e-01
    1.2295740889e-03   -5.3753995895e-01
    1.2393060606e-03   -5.4582118988e-01
    1.2490381487e-03   -5.5404305458e-01
    1.2599866604e-03   -5.6326568127e-01
    1.2697185157e-03   -5.7145237923e-01
    1.2794504873e-03   -5.7962453365e-01
    1.2891823426e-03   -5.8778727055e-01
    1.2989141978e-03   -5.9596812725e-01
    1.3098624768e-03   -6.0523802042e-01
    1.3195943320e-03   -6.1352938414e-01
    1.3293261873e-03   -6.2184369564e-01
    1.3390581589e-03   -6.3017874956e-01
    1.3487900142e-03   -6.3854676485e-01
    1.3597385259e-03   -6.4801812172e-01
    1.3694704976e-03   -6.5648907423e-01
    1.3792023528e-03   -6.6500711441e-01
    1.3889340917e-03   -6.7358261347e-01
    1.3998821378e-03   -6.8332582712e-01
    1.4096136438e-03   -6.9210076332e-01
    1.4193450334e-03   -7.0100086927e-01
    1.4290763065e-03   -7.1003758907e-01
    1.4388074633e-03   -7.1922260523e-01
    1.4497550437e-03   -7.2973400354e-01
    1.4594860841e-03   -7.3923206329e-01
    1.4692171244e-03   -7.4887084961e-01
    1.4789480483e-03   -7.5864070654e-01
    1.4898953959e-03   -7.6979213953e-01
    1.4996263199e-03   -7.7985614538e-01
    1.5093573602e-03   -7.9006630182e-01
    1.5190882841e-03   -8.0041849613e-01
    1.5288193244e-03   -8.1090146303e-01
    1.5397667885e-03   -8.2285261154e-01
    1.5494978288e-03   -8.3360958099e-01
    1.5592289856e-03   -8.4448462725e-01
    1.5689601423e-03   -8.5546904802e-01
    1.5799077228e-03   -8.6793243885e-01
    1.5896389959e-03   -8.7908083200e-01
    1.5993701527e-03   -8.9026790857e-01
    1.6091015423e-03   -9.0146386623e-01
    1.6188328154e-03   -9.1263276339e-01
    1.6297805123e-03   -9.2513537407e-01
    1.6395119019e-03   -9.3619585037e-01
    1.6492432915e-03   -9.4721746445e-01
    1.6589745646e-03   -9.5820826292e-01
    1.6699222615e-03   -9.7054070234e-01
    1.6796534183e-03   -9.8147386312e-01
    1.6893845750e-03   -9.9239391088e-01
    1.6991156153e-03   -1.0033047199e+00
    1.7088466557e-03   -1.0142056942e+00
    1.7197940033e-03   -1.0264712572e+00
    1.7295248108e-03   -1.0373929739e+00
    1.7392556183e-03   -1.0483473539e+00
    1.7489861930e-03   -1.0593606234e+00
    1.7599329585e-03   -1.0718463659e+00
    1.7696633004e-03   -1.0830471516e+00
    1.7793934094e-03   -1.0943378210e+00
    1.7891235184e-03   -1.1057049036e+00
    1.7988532782e-03   -1.1171356440e+00
    1.8097991124e-03   -1.1300629377e+00
    1.8195285229e-03   -1.1416130066e+00
    1.8292577006e-03   -1.1531959772e+00
    1.8389866455e-03   -1.1647893190e+00
    1.8499315483e-03   -1.1778275967e+00
    1.8596601440e-03   -1.1894197464e+00
    1.8693886232e-03   -1.2010315657e+00
    1.8791169859e-03   -1.2126569748e+00
    1.8888451159e-03   -1.2242773771e+00
    1.8997892039e-03   -1.2373263836e+00
    1.9095172174e-03   -1.2489049435e+00
    1.9192451145e-03   -1.2604855299e+00
    1.9289728953e-03   -1.2720694542e+00
    1.9399166340e-03   -1.2850847244e+00
    1.9496444147e-03   -1.2966357470e+00
    1.9593720790e-03   -1.3081911802e+00
    1.9690997433e-03   -1.3197965622e+00
    1.9788274076e-03   -1.3314787149e+00
    1.9897709135e-03   -1.3447160721e+00
    1.9994983450e-03   -1.3565608263e+00
    2.0092257764e-03   -1.3684740067e+00
    2.0189529750e-03   -1.3804578781e+00
    2.0298960153e-03   -1.3940131664e+00
    2.0396232139e-03   -1.4060969353e+00
    2.0493501797e-03   -1.4181896448e+00
    2.0590771455e-03   -1.4302871227e+00
    2.0688038785e-03   -1.4423888922e+00
    2.0797464531e-03   -1.4560103416e+00
    2.0894729532e-03   -1.4681046009e+00
    2.0991994534e-03   -1.4801583290e+00
    2.1089257207e-03   -1.4921487570e+00
    2.1198678296e-03   -1.5055392981e+00
    2.1295938641e-03   -1.5173337460e+00
    2.1393198986e-03   -1.5290005207e+00
    2.1490459330e-03   -1.5405193567e+00
    2.1599873435e-03   -1.5532947779e+00
    2.1697131451e-03   -1.5645073652e+00
    2.1794387139e-03   -1.5756149292e+00
    2.1891642828e-03   -1.5866392851e+00
    2.1988898516e-03   -1.5975924730e+00
    2.2098312620e-03   -1.6098401546e+00
    2.2195565980e-03   -1.6206747293e+00
    2.2292819340e-03   -1.6314749718e+00
    2.2390072700e-03   -1.6422539949e+00
    2.2499482147e-03   -1.6543730497e+00
    2.2596733179e-03   -1.6651567221e+00
    2.2693981882e-03   -1.6759742498e+00
    2.2791230585e-03   -1.6868509054e+00
    2.2888479289e-03   -1.6978095770e+00
    2.2997881752e-03   -1.7102544308e+00
    2.3095125798e-03   -1.7214235067e+00
    2.3192369845e-03   -1.7326914072e+00
    2.3289611563e-03   -1.7440534830e+00
    2.3399007041e-03   -1.7569369078e+00
    2.3496244103e-03   -1.7684611082e+00
    2.3593481164e-03   -1.7800323963e+00
    2.3690713570e-03   -1.7916256189e+00
    2.3787945975e-03   -1.8032141924e+00
    2.3897332139e-03   -1.8162212372e+00
    2.3995384108e-03   -1.8278450966e+00
    2.4099193979e-03   -1.8400924206e+00
    2.4196517188e-03   -1.8515247107e+00
    2.4293838069e-03   -1.8629291058e+00
    2.4397517554e-03   -1.8750765324e+00
    2.4494747631e-03   -1.8864779472e+00
    2.4591975380e-03   -1.8978463411e+00
    2.4689203128e-03   -1.9091268778e+00
    2.4798586965e-03   -1.9216876030e+00
    2.4895814713e-03   -1.9327131510e+00
    2.4993044790e-03   -1.9436174631e+00
    2.5090277195e-03   -1.9544191360e+00
    2.5199663360e-03   -1.9664897919e+00
    2.5296895765e-03   -1.9771699905e+00
    2.5394128170e-03   -1.9878054857e+00
    2.5491360575e-03   -1.9983984232e+00
    2.5588592980e-03   -2.0089404583e+00
    2.5698216632e-03   -2.0207521915e+00
    2.5799144059e-03   -2.0315268040e+00
    2.5890895631e-03   -2.0412223339e+00
    2.5992738083e-03   -2.0518686771e+00
    2.6088915765e-03   -2.0618166924e+00
    2.6198297273e-03   -2.0730149746e+00
    2.6295525022e-03   -2.0828585625e+00
    2.6392752770e-03   -2.0925953388e+00
    2.6489978191e-03   -2.1022403240e+00
    2.6599837001e-03   -2.1130409241e+00
    2.6699991431e-03   -2.1228079796e+00
    2.6795428712e-03   -2.1320438385e+00
    2.6899522636e-03   -2.1420536041e+00
    2.6996738743e-03   -2.1513657570e+00
    2.7094443794e-03   -2.1606819630e+00
    2.7199555188e-03   -2.1706469059e+00
    2.7294731699e-03   -2.1796276569e+00
    2.7398141101e-03   -2.1893606186e+00
    2.7495711111e-03   -2.1985108852e+00
    2.7592917904e-03   -2.2076139450e+00
    2.7697796468e-03   -2.2174453735e+00
    2.7793236077e-03   -2.2263889313e+00
    2.7893041261e-03   -2.2357451916e+00
    2.7994886041e-03   -2.2453222275e+00
    2.8094514273e-03   -2.2547304630e+00
    2.8192086611e-03   -2.2639670372e+00
    2.8293011710e-03   -2.2735309601e+00
    2.8397461865e-03   -2.2834260464e+00
    2.8498389293e-03   -2.2929701805e+00
    2.8595710173e-03   -2.3021545410e+00
    2.8696637601e-03   -2.3116650581e+00
    2.8791178484e-03   -2.3205480576e+00
    2.8892103583e-03   -2.3299887180e+00
    2.8998849448e-03   -2.3399219513e+00
    2.9093327466e-03   -2.3486723900e+00
    2.9194252566e-03   -2.3579468727e+00
    2.9295179993e-03   -2.3671274185e+00
    2.9396105092e-03   -2.3762130737e+00
    2.9497032519e-03   -2.3852150440e+00
    2.9597959947e-03   -2.3941318989e+00
    2.9698885046e-03   -2.4029633999e+00
    2.9793891590e-03   -2.4112012386e+00
    2.9899931978e-03   -2.4203059673e+00
    2.9996333178e-03   -2.4284923077e+00
    3.0095723923e-03   -2.4368419647e+00
    3.0192923732e-03   -2.4449272156e+00
    3.0290123541e-03   -2.4529304504e+00
    3.0399472453e-03   -2.4618303776e+00
    3.0493761878e-03   -2.4694147110e+00
    3.0599802267e-03   -2.4778475761e+00
    3.0694403686e-03   -2.4852964878e+00
    3.0796655919e-03   -2.4932708740e+00
    3.0898910481e-03   -2.5011758804e+00
    3.0994347762e-03   -2.5085000992e+00
    3.1096602324e-03   -2.5162966251e+00
    3.1196919736e-03   -2.5238974094e+00
    3.1294038054e-03   -2.5312182903e+00
    3.1391226221e-03   -2.5385060310e+00
    3.1490530819e-03   -2.5459020138e+00
    3.1596571207e-03   -2.5537357330e+00
    3.1696353108e-03   -2.5610477924e+00
    3.1790640205e-03   -2.5679066181e+00
    3.1896680593e-03   -2.5755527020e+00
    3.1993081793e-03   -2.5824315548e+00
    3.2090446912e-03   -2.5893101692e+00
    3.2199474517e-03   -2.5969200134e+00
    3.2296658028e-03   -2.6036255360e+00
    3.2391333953e-03   -2.6100845337e+00
    3.2497376669e-03   -2.6172227859e+00
    3.2593775541e-03   -2.6236226559e+00
    3.2695673872e-03   -2.6303031445e+00
    3.2797090244e-03   -2.6368780136e+00
    3.2893491443e-03   -2.6430509090e+00
    3.2999531832e-03   -2.6497554779e+00
    3.3095933031e-03   -2.6557710171e+00
    3.3188189846e-03   -2.6614534855e+00
    3.3297524787e-03   -2.6680972576e+00
    3.3394712955e-03   -2.6739153862e+00
    3.3491901122e-03   -2.6796445847e+00
    3.3589089289e-03   -2.6852817535e+00
    3.3698424231e-03   -2.6915154457e+00
    3.3793104813e-03   -2.6968231201e+00
    3.3899145201e-03   -2.7026655674e+00
    3.3995546401e-03   -2.7078824043e+00
    3.4092820715e-03   -2.7130565643e+00
    3.4190008882e-03   -2.7181403637e+00
    3.4299343824e-03   -2.7237524986e+00
    3.4396529663e-03   -2.7286422253e+00
    3.4495438449e-03   -2.7335216999e+00
    3.4591839649e-03   -2.7381842136e+00
    3.4697880037e-03   -2.7432115078e+00
    3.4794281237e-03   -2.7476973534e+00
    3.4890682437e-03   -2.7521042824e+00
    3.4996722825e-03   -2.7568614483e+00
    3.5093124025e-03   -2.7611041069e+00
    3.5195411183e-03   -2.7655184269e+00
    3.5292592365e-03   -2.7696299553e+00
    3.5389771219e-03   -2.7736599445e+00
    3.5491187591e-03   -2.7777738571e+00
    3.5597227979e-03   -2.7819776535e+00
    3.5693629179e-03   -2.7857167721e+00
    3.5799669567e-03   -2.7897484303e+00
    3.5896070767e-03   -2.7933413982e+00
    3.5997966770e-03   -2.7970683575e+00
    3.6095143296e-03   -2.8005568981e+00
    3.6192319822e-03   -2.8039803505e+00
    3.6298360210e-03   -2.8076341152e+00
    3.6394761410e-03   -2.8108749390e+00
    3.6499553826e-03   -2.8143157959e+00
    3.6596730351e-03   -2.8174352646e+00
    3.6693906877e-03   -2.8204851151e+00
    3.6791083403e-03   -2.8234605789e+00
    3.6888259929e-03   -2.8263580799e+00
    3.6997585557e-03   -2.8295218945e+00
    3.7098999601e-03   -2.8323619366e+00
    3.7195400801e-03   -2.8349745274e+00
    3.7291802000e-03   -2.8375036716e+00
    3.7397842389e-03   -2.8401920795e+00
    3.7494243588e-03   -2.8425478935e+00
    3.7590644788e-03   -2.8448176384e+00
    3.7687914446e-03   -2.8470187187e+00
    3.7798970006e-03   -2.8494236469e+00
    3.7895371206e-03   -2.8514113426e+00
    3.7991772406e-03   -2.8533043861e+00
    3.8097812794e-03   -2.8552813530e+00
    3.8195177913e-03   -2.8569989204e+00
    3.8291872479e-03   -2.8586149216e+00
    3.8389049005e-03   -2.8601477146e+00
    3.8496016059e-03   -2.8617212772e+00
    3.8598270621e-03   -2.8631043434e+00
    3.8693707902e-03   -2.8642935753e+00
    3.8795962464e-03   -2.8654663563e+00
    3.8898217026e-03   -2.8665349483e+00
    3.8993654307e-03   -2.8674356937e+00
    3.9095906541e-03   -2.8682997227e+00
    3.9198161103e-03   -2.8690602779e+00
    3.9293598384e-03   -2.8696832657e+00
    3.9395852946e-03   -2.8702661991e+00
    3.9498107508e-03   -2.8707737923e+00
    3.9593544789e-03   -2.8711855412e+00
    3.9695799351e-03   -2.8715648651e+00
    3.9798053913e-03   -2.8718841076e+00
    3.9893491194e-03   -2.8721272945e+00
    3.9995745756e-03   -2.8723275661e+00
    4.0098000318e-03   -2.8724610806e+00
    4.0193437599e-03   -2.8725230694e+00
    4.0295692161e-03   -2.8725199699e+00
    4.0397946723e-03   -2.8724415302e+00
    4.0493384004e-03   -2.8723001480e+00
    4.0595638566e-03   -2.8720741272e+00
    4.0697893128e-03   -2.8717699051e+00
    4.0793330409e-03   -2.8714139462e+00
    4.0895584971e-03   -2.8709554672e+00
    4.0997839533e-03   -2.8704159260e+00
    4.1093276814e-03   -2.8698356152e+00
    4.1195531376e-03   -2.8691284657e+00
    4.1297785938e-03   -2.8683311939e+00
    4.1393223219e-03   -2.8675074577e+00
    4.1495477781e-03   -2.8665409088e+00
    4.1594114155e-03   -2.8655285835e+00
    4.1690515354e-03   -2.8644659519e+00
    4.1796555743e-03   -2.8632192612e+00
    4.1893920861e-03   -2.8620028496e+00
    4.1999961250e-03   -2.8605957031e+00
    4.2096362449e-03   -2.8592383862e+00
    4.2192763649e-03   -2.8578019142e+00
    4.2298804037e-03   -2.8561265469e+00
    4.2395205237e-03   -2.8545155525e+00
    4.2491606437e-03   -2.8528189659e+00
    4.2597646825e-03   -2.8508558273e+00
    4.2694048025e-03   -2.8489854336e+00
    4.2790449224e-03   -2.8470377922e+00
    4.2896489613e-03   -2.8448114395e+00
    4.2992890812e-03   -2.8427135944e+00
    4.3094786815e-03   -2.8404214382e+00
    4.3191188015e-03   -2.8381834030e+00
    4.3297228403e-03   -2.8356471062e+00
    4.3393629603e-03   -2.8332741261e+00
    4.3499669991e-03   -2.8305907249e+00
    4.3596071191e-03   -2.8280875683e+00
    4.3692472391e-03   -2.8255262375e+00
    4.3796873651e-03   -2.8226888180e+00
    4.3896171264e-03   -2.8199262619e+00
    4.3992572464e-03   -2.8171880245e+00
    4.4098612852e-03   -2.8141121864e+00
    4.4191260822e-03   -2.8113670349e+00
    4.4288439676e-03   -2.8084251881e+00
    4.4395262375e-03   -2.8051180840e+00
    4.4491663575e-03   -2.8020677567e+00
    4.4597703964e-03   -2.7986390591e+00
    4.4694105163e-03   -2.7954530716e+00
    4.4790506363e-03   -2.7922000885e+00
    4.4897235930e-03   -2.7885200977e+00
    4.4999490492e-03   -2.7849214077e+00
    4.5098606497e-03   -2.7813603878e+00
    4.5195007697e-03   -2.7778222561e+00
    4.5291408896e-03   -2.7742140293e+00
    4.5397449285e-03   -2.7701659203e+00
    4.5494814403e-03   -2.7663736343e+00
    4.5598256402e-03   -2.7622630596e+00
    4.5688003302e-03   -2.7586305141e+00
    4.5797340572e-03   -2.7541141510e+00
    4.5894528739e-03   -2.7500140667e+00
    4.5991716906e-03   -2.7458369732e+00
    4.6096034348e-03   -2.7412719727e+00
    4.6192435548e-03   -2.7369859219e+00
    4.6298475936e-03   -2.7321987152e+00
    4.6394877136e-03   -2.7277758121e+00
    4.6491278335e-03   -2.7232835293e+00
    4.6598194167e-03   -2.7182183266e+00
    4.6698590741e-03   -2.7133858204e+00
    4.6794028021e-03   -2.7087345123e+00
    4.6897139400e-03   -2.7036440372e+00
    4.6993540600e-03   -2.6988139153e+00
    4.7099580988e-03   -2.6934311390e+00
    4.7195982188e-03   -2.6884872913e+00
    4.7292383388e-03   -2.6834998131e+00
    4.7398423776e-03   -2.6779673100e+00
    4.7493190505e-03   -2.6729881763e+00
    4.7590387985e-03   -2.6678423882e+00
    4.7699734569e-03   -2.6620092392e+00
    4.7796932049e-03   -2.6567907333e+00
    4.7894129530e-03   -2.6515395641e+00
    4.7990926541e-03   -2.6462733746e+00
    4.8096003011e-03   -2.6405243874e+00
    4.8195123672e-03   -2.6350677013e+00
    4.8291524872e-03   -2.6297159195e+00
    4.8397565261e-03   -2.6237809658e+00
    4.8493966460e-03   -2.6183488369e+00
    4.8593357205e-03   -2.6127090454e+00
    4.8690559343e-03   -2.6071529388e+00
    4.8794490285e-03   -2.6011669636e+00
    4.8890891485e-03   -2.5955798626e+00
    4.8996931873e-03   -2.5893840790e+00
    4.9097039737e-03   -2.5834786892e+00
    4.9195010215e-03   -2.5776529312e+00
    4.9291541800e-03   -2.5718486309e+00
    4.9388753250e-03   -2.5659267902e+00
    4.9493089318e-03   -2.5594990253e+00
    4.9599129707e-03   -2.5529143810e+00
    4.9695530906e-03   -2.5468835831e+00
    4.9791932106e-03   -2.5408086777e+00
    4.9896342680e-03   -2.5341742039e+00
    4.9992743880e-03   -2.5279912949e+00
    5.0091389567e-03   -2.5216042995e+00
    5.0191693008e-03   -2.5150554180e+00
    5.0288909115e-03   -2.5086495876e+00
    5.0398274325e-03   -2.5013816357e+00
    5.0495490432e-03   -2.4948740005e+00
    5.0592706539e-03   -2.4883255959e+00
    5.0689922646e-03   -2.4817378521e+00
    5.0796782598e-03   -2.4744520187e+00
    5.0893183798e-03   -2.4678406715e+00
    5.0999224186e-03   -2.4605286121e+00
    5.1094000228e-03   -2.4539575577e+00
    5.1191216335e-03   -2.4471743107e+00
    5.1288441755e-03   -2.4403560162e+00
    5.1397816278e-03   -2.4326589108e+00
    5.1495037042e-03   -2.4257984161e+00
    5.1592257805e-03   -2.4189217091e+00
    5.1689483225e-03   -2.4120373726e+00
    5.1792906597e-03   -2.4047062397e+00
    5.1893829368e-03   -2.3975505829e+00
    5.1987944171e-03   -2.3908708096e+00
    5.2097323351e-03   -2.3830890656e+00
    5.2194553427e-03   -2.3761594296e+00
    5.2291778848e-03   -2.3692231178e+00
    5.2396133542e-03   -2.3617713451e+00
    5.2492534742e-03   -2.3548886776e+00
    5.2596954629e-03   -2.3474323750e+00
    5.2694184706e-03   -2.3404753208e+00
    5.2791414782e-03   -2.3334994316e+00
    5.2888644859e-03   -2.3265111446e+00
    5.2995104343e-03   -2.3188500404e+00
    5.3091505542e-03   -2.3119161129e+00
    5.3197545931e-03   -2.3042898178e+00
    5.3293947130e-03   -2.2973518372e+00
    5.3399987519e-03   -2.2897129059e+00
    5.3496388718e-03   -2.2827615738e+00
    5.3592789918e-03   -2.2758026123e+00
    5.3699794225e-03   -2.2680678368e+00
    5.3796540014e-03   -2.2610650063e+00
    5.3893360309e-03   -2.2540476322e+00
    5.3999405354e-03   -2.2463667393e+00
    5.4092551582e-03   -2.2396261692e+00
    5.4195336998e-03   -2.2321882248e+00
    5.4291738197e-03   -2.2252075672e+00
    5.4397778586e-03   -2.2175216675e+00
    5.4494179785e-03   -2.2105293274e+00
    5.4596504197e-03   -2.2031011581e+00
    5.4695424624e-03   -2.1959173679e+00
    5.4791821167e-03   -2.1889247894e+00
    5.4894150235e-03   -2.1815075874e+00
    5.4991403595e-03   -2.1744537354e+00
    5.5088652298e-03   -2.1674046516e+00
    5.5198059417e-03   -2.1594886780e+00
    5.5295312777e-03   -2.1524677277e+00
    5.5392561480e-03   -2.1454613209e+00
    5.5489819497e-03   -2.1384696960e+00
    5.5599231273e-03   -2.1306211948e+00
    5.5696484633e-03   -2.1236574650e+00
    5.5793742649e-03   -2.1167068481e+00
    5.5891000666e-03   -2.1097686291e+00
    5.5988258682e-03   -2.1028418541e+00
    5.6097675115e-03   -2.0950622559e+00
    5.6194933131e-03   -2.0881586075e+00
    5.6291334331e-03   -2.0813276768e+00
    5.6397374719e-03   -2.0738255978e+00
    5.6497198530e-03   -2.0667707920e+00
    5.6594461203e-03   -2.0598943233e+00
    5.6693810038e-03   -2.0528764725e+00
    5.6799850427e-03   -2.0454084873e+00
    5.6899241172e-03   -2.0384318829e+00
    5.6996508501e-03   -2.0316193104e+00
    5.7093775831e-03   -2.0248181820e+00
    5.7191043161e-03   -2.0180299282e+00
    5.7288315147e-03   -2.0112574100e+00
    5.7397307828e-03   -2.0036878586e+00
    5.7493709028e-03   -1.9970185757e+00
    5.7599749416e-03   -1.9897058010e+00
    5.7696150616e-03   -1.9830731153e+00
    5.7792551816e-03   -1.9764543772e+00
    5.7896981016e-03   -1.9693034887e+00
    5.7994257659e-03   -1.9626562595e+00
    5.8090658858e-03   -1.9560954571e+00
    5.8196699247e-03   -1.9489241838e+00
    5.8288965374e-03   -1.9427230358e+00
    5.8398405090e-03   -1.9354015589e+00
    5.8495686390e-03   -1.9289290905e+00
    5.8592963032e-03   -1.9224935770e+00
    5.8690244332e-03   -1.9160943031e+00
    5.8792126365e-03   -1.9094299078e+00
    5.8898166753e-03   -1.9025472403e+00
    5.8994567953e-03   -1.8963348866e+00
    5.9090969153e-03   -1.8901597261e+00
    5.9197009541e-03   -1.8834060431e+00
    5.9293410741e-03   -1.8773040771e+00
    5.9399455786e-03   -1.8706326485e+00
    5.9494688176e-03   -1.8646740913e+00
    5.9599531814e-03   -1.8581520319e+00
    5.9691281058e-03   -1.8524881601e+00
    5.9797321446e-03   -1.8459872007e+00
    5.9893722646e-03   -1.8401112556e+00
    5.9998603538e-03   -1.8337522745e+00
    6.0097523965e-03   -1.8277841806e+00
    6.0193925165e-03   -1.8220053911e+00
    6.0299965553e-03   -1.8156933784e+00
    6.0396366753e-03   -1.8099954128e+00
    6.0492767952e-03   -1.8043345213e+00
    6.0598808341e-03   -1.7981451750e+00
    6.0695209540e-03   -1.7925529480e+00
    6.0791610740e-03   -1.7869911194e+00
    6.0897651128e-03   -1.7809110880e+00
    6.0994052328e-03   -1.7754198313e+00
    6.1090453528e-03   -1.7699631453e+00
    6.1196493916e-03   -1.7640019655e+00
    6.1292895116e-03   -1.7586202621e+00
    6.1398935504e-03   -1.7527447939e+00
    6.1495336704e-03   -1.7474461794e+00
    6.1591737904e-03   -1.7421884537e+00
    6.1694057658e-03   -1.7366546392e+00
    6.1799632385e-03   -1.7309969664e+00
    6.1896033585e-03   -1.7258765697e+00
    6.1992434785e-03   -1.7207965851e+00
    6.2098475173e-03   -1.7152541876e+00
    6.2194876373e-03   -1.7102558613e+00
    6.2291277573e-03   -1.7052958012e+00
    6.2397317961e-03   -1.6998883486e+00
    6.2493719161e-03   -1.6950172186e+00
    6.2599764206e-03   -1.6897094250e+00
    6.2699606642e-03   -1.6847599745e+00
    6.2796915881e-03   -1.6799778938e+00
    6.2895840965e-03   -1.6751641035e+00
    6.2998207286e-03   -1.6702381372e+00
    6.3095516525e-03   -1.6656038761e+00
    6.3192825764e-03   -1.6610175371e+00
    6.3298135065e-03   -1.6561146975e+00
    6.3390866853e-03   -1.6518497467e+00
    6.3488176093e-03   -1.6474214792e+00
    6.3596740365e-03   -1.6425429583e+00
    6.3693141565e-03   -1.6382735968e+00
    6.3792532310e-03   -1.6339334249e+00
    6.3896505162e-03   -1.6294592619e+00
    6.3992906362e-03   -1.6253770590e+00
    6.4098946750e-03   -1.6209582090e+00
    6.4195347950e-03   -1.6170048714e+00
    6.4297262579e-03   -1.6128898859e+00
    6.4397552051e-03   -1.6089061499e+00
    6.4498339780e-03   -1.6049699783e+00
    6.4594256692e-03   -1.6012758017e+00
    6.4698364586e-03   -1.5973296165e+00
    6.4796209335e-03   -1.5936750174e+00
    6.4893672243e-03   -1.5900946856e+00
    6.4996611327e-03   -1.5863771439e+00
    6.5095736645e-03   -1.5828574896e+00
    6.5198671073e-03   -1.5792694092e+00
    6.5294108354e-03   -1.5759977102e+00
    6.5393913537e-03   -1.5726348162e+00
    6.5488712862e-03   -1.5694937706e+00
    6.5597733483e-03   -1.5659406185e+00
    6.5699988045e-03   -1.5626760721e+00
    6.5795425326e-03   -1.5596904755e+00
    6.5897679888e-03   -1.5565544367e+00
    6.5999934450e-03   -1.5534784794e+00
    6.6095371731e-03   -1.5506601334e+00
    6.6197626293e-03   -1.5476963520e+00
    6.6299568862e-03   -1.5447969437e+00
    6.6398954950e-03   -1.5420236588e+00
    6.6495356150e-03   -1.5393860340e+00
    6.6591757350e-03   -1.5368012190e+00
    6.6697797738e-03   -1.5340183973e+00
    6.6794198938e-03   -1.5315409899e+00
    6.6890600137e-03   -1.5291128159e+00
    6.6996640526e-03   -1.5264991522e+00
    6.7093041725e-03   -1.5241756439e+00
    6.7190406844e-03   -1.5218821764e+00
    6.7296405323e-03   -1.5194475651e+00
    6.7392806523e-03   -1.5172926188e+00
    6.7498846911e-03   -1.5149875879e+00
    6.7595248111e-03   -1.5129506588e+00
    6.7691649310e-03   -1.5109674931e+00
    6.7799063399e-03   -1.5088214874e+00
    6.7896377295e-03   -1.5069382191e+00
    6.7997826263e-03   -1.5050373077e+00
    6.8094227463e-03   -1.5032905340e+00
    6.8190628663e-03   -1.5016016960e+00
    6.8290471099e-03   -1.4999146461e+00
    6.8399040028e-03   -1.4981520176e+00
    6.8495436572e-03   -1.4966508150e+00
    6.8591837771e-03   -1.4952113628e+00
    6.8697882816e-03   -1.4937013388e+00
    6.8797268905e-03   -1.4923564196e+00
    6.8899174221e-03   -1.4910469055e+00
    6.8995575421e-03   -1.4898750782e+00
    6.9091976620e-03   -1.4887689352e+00
    6.9189341739e-03   -1.4877177477e+00
    6.9298320450e-03   -1.4866198301e+00
    6.9395634346e-03   -1.4857116938e+00
    6.9492948242e-03   -1.4848742485e+00
    6.9590262137e-03   -1.4841083288e+00
    6.9692167453e-03   -1.4833817482e+00
    6.9798212498e-03   -1.4827071428e+00
    6.9894609042e-03   -1.4821654558e+00
    6.9991010241e-03   -1.4816923141e+00
    7.0097055286e-03   -1.4812496901e+00
    7.0189782418e-03   -1.4809280634e+00
    7.0299264044e-03   -1.4806243181e+00
    7.0396582596e-03   -1.4804233313e+00
    7.0490916260e-03   -1.4802901745e+00
    7.0596956648e-03   -1.4802130461e+00
    7.0693357848e-03   -1.4802089930e+00
    7.0799398236e-03   -1.4802757502e+00
    7.0895799436e-03   -1.4804010391e+00
    7.0992200635e-03   -1.4805892706e+00
    7.1099204943e-03   -1.4808714390e+00
    7.1196025237e-03   -1.4811906815e+00
    7.1297474205e-03   -1.4815864563e+00
    7.1393875405e-03   -1.4820190668e+00
    7.1499915794e-03   -1.4825569391e+00
    7.1597280912e-03   -1.4831064939e+00
    7.1694101207e-03   -1.4837039709e+00
    7.1793026291e-03   -1.4843654633e+00
    7.1899066679e-03   -1.4851299524e+00
    7.1995467879e-03   -1.4858744144e+00
    7.2091869079e-03   -1.4866656065e+00
    7.2196307592e-03   -1.4875738621e+00
    7.2297756560e-03   -1.4885057211e+00
    7.2394157760e-03   -1.4894365072e+00
    7.2488957085e-03   -1.4903959036e+00
    7.2598969564e-03   -1.4915632010e+00
    7.2694406845e-03   -1.4926195145e+00
    7.2798514739e-03   -1.4938192368e+00
    7.2899963707e-03   -1.4950382710e+00
    7.2996364906e-03   -1.4962406158e+00
    7.3092766106e-03   -1.4974858761e+00
    7.3198806494e-03   -1.4989053011e+00
    7.3296171613e-03   -1.5002548695e+00
    7.3392991908e-03   -1.5016422272e+00
    7.3496964760e-03   -1.5031830072e+00
    7.3593365960e-03   -1.5046545267e+00
    7.3699406348e-03   -1.5063211918e+00
    7.3795807548e-03   -1.5078846216e+00
    7.3892208748e-03   -1.5094966888e+00
    7.3998249136e-03   -1.5113261938e+00
    7.4094650336e-03   -1.5130410194e+00
    7.4191051535e-03   -1.5148056746e+00
    7.4292966165e-03   -1.5167273283e+00
    7.4398522265e-03   -1.5187807083e+00
    7.4494676664e-03   -1.5207029581e+00
    7.4590719305e-03   -1.5226778984e+00
    7.4692168273e-03   -1.5248240232e+00
    7.4798208661e-03   -1.5271289349e+00
    7.4890935794e-03   -1.5291976929e+00
    7.4999956414e-03   -1.5316977501e+00
    7.5096357614e-03   -1.5339647532e+00
    7.5192758814e-03   -1.5362865925e+00
    7.5298799202e-03   -1.5389083624e+00
    7.5393547304e-03   -1.5413147211e+00
    7.5499000959e-03   -1.5440595150e+00
    7.5596324168e-03   -1.5466587543e+00
    7.5697768480e-03   -1.5494364500e+00
    7.5794169679e-03   -1.5521326065e+00
    7.5890570879e-03   -1.5548833609e+00
    7.5996611267e-03   -1.5579737425e+00
    7.6093012467e-03   -1.5608398914e+00
    7.6199742034e-03   -1.5640760660e+00
    7.6290392317e-03   -1.5668721199e+00
    7.6396432705e-03   -1.5702069998e+00
    7.6492833905e-03   -1.5732856989e+00
    7.6598874293e-03   -1.5766892433e+00
    7.6695275493e-03   -1.5797828436e+00
    7.6791676693e-03   -1.5829070807e+00
    7.6898406260e-03   -1.5864827633e+00
    7.6997042634e-03   -1.5899138451e+00
    7.7093443833e-03   -1.5933378935e+00
    7.7199484222e-03   -1.5971357822e+00
    7.7298604883e-03   -1.6007126570e+00
    7.7397720888e-03   -1.6043031216e+00
    7.7494122088e-03   -1.6077718735e+00
    7.7590523288e-03   -1.6112068892e+00
    7.7696563676e-03   -1.6150636673e+00
    7.7793654054e-03   -1.6188093424e+00
    7.7895908616e-03   -1.6231015921e+00
    7.7994544990e-03   -1.6276340485e+00
    7.8090946190e-03   -1.6324942112e+00
    7.8196981922e-03   -1.6383713484e+00
    7.8293383121e-03   -1.6442223787e+00
    7.8399423510e-03   -1.6512129307e+00
    7.8496029601e-03   -1.6580712795e+00
    7.8590465710e-03   -1.6651911736e+00
    7.8697828576e-03   -1.6738171577e+00
    7.8793661669e-03   -1.6820027828e+00
    7.8899702057e-03   -1.6915429831e+00
    7.8996103257e-03   -1.7005237341e+00
    7.9092504457e-03   -1.7096045017e+00
    7.9195722938e-03   -1.7192788124e+00
    7.9297982156e-03   -1.7287167311e+00
    7.9392623156e-03   -1.7373011112e+00
    7.9498663545e-03   -1.7467926741e+00
    7.9599739984e-03   -1.7556941509e+00
    7.9694185406e-03   -1.7638592720e+00
    7.9790474847e-03   -1.7720927000e+00
    7.9896515235e-03   -1.7811594009e+00
    7.9993270338e-03   -1.7895065546e+00
    8.0094840378e-03   -1.7984366417e+00
    8.0196298659e-03   -1.8074754477e+00
    8.0292699859e-03   -1.8162032366e+00
    8.0398255959e-03   -1.8257931471e+00
    8.0493697897e-03   -1.8344314098e+00
    8.0596804619e-03   -1.8437391520e+00
    8.0693205819e-03   -1.8523833752e+00
    8.0799246207e-03   -1.8618320227e+00
    8.0899158493e-03   -1.8707650900e+00
    8.0994600430e-03   -1.8793890476e+00
    8.1097539514e-03   -1.8888498545e+00
    8.1199789420e-03   -1.8984231949e+00
    8.1297252327e-03   -1.9076802731e+00
    8.1393653527e-03   -1.9169228077e+00
    8.1499693915e-03   -1.9271765947e+00
    8.1596095115e-03   -1.9365810156e+00
    8.1694843248e-03   -1.9462542534e+00
    8.1797093153e-03   -1.9562443495e+00
    8.1899352372e-03   -1.9662194252e+00
    8.1995641813e-03   -1.9756432772e+00
    8.2092043012e-03   -1.9851411581e+00
    8.2198083401e-03   -1.9956668615e+00
    8.2294484600e-03   -2.0052826405e+00
    8.2390885800e-03   -2.0149340630e+00
    8.2496926188e-03   -2.0255975723e+00
    8.2595190033e-03   -2.0355365276e+00
    8.2697449252e-03   -2.0459437370e+00
    8.2799699157e-03   -2.0564398766e+00
    8.2895141095e-03   -2.0663294792e+00
    8.2997391000e-03   -2.0769815445e+00
    8.3093205467e-03   -2.0870020390e+00
    8.3195455372e-03   -2.0977482796e+00
    8.3297714591e-03   -2.1084938049e+00
    8.3399964496e-03   -2.1192197800e+00
    8.3495406434e-03   -2.1292316914e+00
    8.3597656339e-03   -2.1399621964e+00
    8.3699915558e-03   -2.1506776810e+00
    8.3795348182e-03   -2.1606488228e+00
    8.3897607401e-03   -2.1713135242e+00
    8.3999857306e-03   -2.1819629669e+00
    8.4095299244e-03   -2.1918513775e+00
    8.4197549149e-03   -2.2023921013e+00
    8.4299808368e-03   -2.2129318714e+00
    8.4395240992e-03   -2.2228195667e+00
    8.4497500211e-03   -2.2335190773e+00
    8.4597300738e-03   -2.2440948486e+00
    8.4693701938e-03   -2.2544279099e+00
    8.4799742326e-03   -2.2659716606e+00
    8.4898490459e-03   -2.2768623829e+00
    8.4990793839e-03   -2.2871301174e+00
    8.5096834227e-03   -2.2989976406e+00
    8.5193235427e-03   -2.3098139763e+00
    8.5299275815e-03   -2.3217508793e+00
    8.5396841168e-03   -2.3327484131e+00
    8.5494313389e-03   -2.3436911106e+00
    8.5590714589e-03   -2.3544692993e+00
    8.5696270689e-03   -2.3661806583e+00
    8.5798520595e-03   -2.3774142265e+00
    8.5899988189e-03   -2.3884651661e+00
    8.5995309055e-03   -2.3987286091e+00
    8.6095705628e-03   -2.4093837738e+00
    8.6197955534e-03   -2.4200315475e+00
    8.6293397471e-03   -2.4297852516e+00
    8.6394855753e-03   -2.4400136471e+00
    8.6494432762e-03   -2.4499757290e+00
    8.6590833962e-03   -2.4595561028e+00
    8.6694741622e-03   -2.4698286057e+00
    8.6792288348e-03   -2.4794292450e+00
    8.6897769943e-03   -2.4898118973e+00
    8.6994171143e-03   -2.4993081093e+00
    8.7090572342e-03   -2.5087950230e+00
    8.7196612731e-03   -2.5191535950e+00
    8.7293703109e-03   -2.5285015106e+00
    8.7395953014e-03   -2.5381689072e+00
    8.7498212233e-03   -2.5476932526e+00
    8.7598012760e-03   -2.5568780899e+00
    8.7694413960e-03   -2.5656330585e+00
    8.7790815160e-03   -2.5742328167e+00
    8.7896855548e-03   -2.5834646225e+00
    8.7993256748e-03   -2.5916378498e+00
    8.8097164407e-03   -2.6002109051e+00
    8.8199423626e-03   -2.6083912849e+00
    8.8294856250e-03   -2.6158106327e+00
    8.8397115469e-03   -2.6235492229e+00
    8.8493227959e-03   -2.6306524277e+00
    8.8595664129e-03   -2.6380968094e+00
    8.8694300503e-03   -2.6451599598e+00
    8.8790701702e-03   -2.6519739628e+00
    8.8896742091e-03   -2.6593627930e+00
    8.8993143290e-03   -2.6659834385e+00
    8.9099183679e-03   -2.6731374264e+00
    8.9195584878e-03   -2.6795465946e+00
    8.9298319072e-03   -2.6862583160e+00
    8.9393751696e-03   -2.6923763752e+00
    8.9499689639e-03   -2.6990513802e+00
    8.9596090838e-03   -2.7050638199e+00
    8.9692492038e-03   -2.7110383511e+00
    8.9798532426e-03   -2.7175648212e+00
    8.9894933626e-03   -2.7234790325e+00
    8.9991334826e-03   -2.7293722630e+00
    9.0095242485e-03   -2.7357027531e+00
    9.0191541240e-03   -2.7415611744e+00
    9.0297581628e-03   -2.7480299473e+00
    9.0398658067e-03   -2.7542178631e+00
    9.0494100004e-03   -2.7600510120e+00
    9.0596349910e-03   -2.7662968636e+00
    9.0698609129e-03   -2.7725434303e+00
    9.0794041753e-03   -2.7783601284e+00
    9.0896980837e-03   -2.7846107483e+00
    9.0993279591e-03   -2.7904355526e+00
    9.1098835692e-03   -2.7968091965e+00
    9.1194957495e-03   -2.8025355339e+00
    9.1295018792e-03   -2.8084270954e+00
    9.1391419992e-03   -2.8140599728e+00
    9.1494163498e-03   -2.8199791908e+00
    9.1596413404e-03   -2.8257219791e+00
    9.1698672622e-03   -2.8313074112e+00
    9.1794105247e-03   -2.8363707066e+00
    9.1893225908e-03   -2.8414816856e+00
    9.1999843717e-03   -2.8467850685e+00
    9.2096934095e-03   -2.8514683247e+00
    9.2199193314e-03   -2.8562414646e+00
    9.2294625938e-03   -2.8605744839e+00
    9.2396885157e-03   -2.8651154041e+00
    9.2499135062e-03   -2.8695647717e+00
    9.2594577000e-03   -2.8736279011e+00
    9.2696826905e-03   -2.8778686523e+00
    9.2795947567e-03   -2.8818724155e+00
    9.2894099653e-03   -2.8857572079e+00
    9.2999171466e-03   -2.8898329735e+00
    9.3094613403e-03   -2.8934392929e+00
    9.3196863309e-03   -2.8971936703e+00
    9.3299122527e-03   -2.9008100033e+00
    9.3392105773e-03   -2.9039559364e+00
    9.3498146161e-03   -2.9073801041e+00
    9.3594547361e-03   -2.9103460312e+00
    9.3690948561e-03   -2.9131689072e+00
    9.3796988949e-03   -2.9160990715e+00
    9.3893390149e-03   -2.9186182022e+00
    9.3998471275e-03   -2.9212431908e+00
    9.4093913212e-03   -2.9235432148e+00
    9.4196163118e-03   -2.9259288311e+00
    9.4298422337e-03   -2.9282522202e+00
    9.4393854961e-03   -2.9303755760e+00
    9.4496114179e-03   -2.9326219559e+00
    9.4598364085e-03   -2.9348497391e+00
    9.4693806022e-03   -2.9368944168e+00
    9.4796055928e-03   -2.9390225410e+00
    9.4898305833e-03   -2.9410686493e+00
    9.4993747771e-03   -2.9429116249e+00
    9.5095997676e-03   -2.9448196888e+00
    9.5198256895e-03   -2.9466540813e+00
    9.5291249454e-03   -2.9482717514e+00
    9.5397289842e-03   -2.9500689507e+00
    9.5499539748e-03   -2.9517533779e+00
    9.5594981685e-03   -2.9532811642e+00
    9.5697231591e-03   -2.9548707008e+00
    9.5799490809e-03   -2.9564089775e+00
    9.5894923434e-03   -2.9577701092e+00
    9.5997182652e-03   -2.9591345787e+00
    9.6099432558e-03   -2.9603886604e+00
    9.6194874495e-03   -2.9614534378e+00
    9.6297124401e-03   -2.9624688625e+00
    9.6399383619e-03   -2.9633529186e+00
    9.6498494968e-03   -2.9641172886e+00
    9.6593163908e-03   -2.9647774696e+00
    9.6694249660e-03   -2.9654278755e+00
    9.6796881407e-03   -2.9660401344e+00
    9.6893282607e-03   -2.9665608406e+00
    9.6996016800e-03   -2.9670445919e+00
    9.7093572840e-03   -2.9674208164e+00
    9.7194565460e-03   -2.9677178860e+00
    9.7292121500e-03   -2.9678928852e+00
    9.7394771874e-03   -2.9679319859e+00
    9.7497021779e-03   -2.9678275585e+00
    9.7599085420e-03   -2.9675846100e+00
    9.7694825381e-03   -2.9672331810e+00
    9.7797075287e-03   -2.9667377472e+00
    9.7899334505e-03   -2.9661386013e+00
    9.7994767129e-03   -2.9654912949e+00
    9.8094576970e-03   -2.9647288322e+00
    9.8196826875e-03   -2.9638566971e+00
    9.8299086094e-03   -2.9628779888e+00
    9.8394518718e-03   -2.9618537426e+00
    9.8496777937e-03   -2.9606254101e+00
    9.8597062752e-03   -2.9593014717e+00
    9.8699321970e-03   -2.9578347206e+00
    9.8794754595e-03   -2.9563539028e+00
    9.8897013813e-03   -2.9546568394e+00
    9.8999263719e-03   -2.9528520107e+00
    9.9094705656e-03   -2.9510765076e+00
    9.9196955562e-03   -2.9490659237e+00
    9.9299214780e-03   -2.9469466209e+00
    9.9394647405e-03   -2.9448692799e+00
    9.9496906623e-03   -2.9425277710e+00
    9.9599156529e-03   -2.9400513172e+00
    9.9694598466e-03   -2.9375987053e+00
    9.9797220901e-03   -2.9348058701e+00
    9.9893622100e-03   -2.9320340157e+00
    9.9998014048e-03   -2.9288816452e+00
    1.0009557009e-02   -2.9258131981e+00
    1.0019781999e-02   -2.9224746227e+00
    1.0029326193e-02   -2.9192478657e+00
    1.0039551184e-02   -2.9156734943e+00
    1.0049776174e-02   -2.9119813442e+00
    1.0059805587e-02   -2.9082484245e+00
    1.0069631971e-02   -2.9044849873e+00
    1.0079856962e-02   -2.9004693031e+00
    1.0089203715e-02   -2.8967118263e+00
    1.0099478066e-02   -2.8924741745e+00
    1.0109703057e-02   -2.8881626129e+00
    1.0119458660e-02   -2.8839998245e+00
    1.0129683651e-02   -2.8795962334e+00
    1.0139829479e-02   -2.8751924038e+00
    1.0149373673e-02   -2.8710055351e+00
    1.0159598663e-02   -2.8664815426e+00
    1.0169824585e-02   -2.8619427681e+00
    1.0179367848e-02   -2.8575620651e+00
    1.0189593770e-02   -2.8527987003e+00
    1.0199818760e-02   -2.8481793404e+00
    1.0209362954e-02   -2.8438887596e+00
    1.0219587944e-02   -2.8392434120e+00
    1.0229782201e-02   -2.8345847130e+00
    1.0239422321e-02   -2.8301591873e+00
    1.0249530897e-02   -2.8254737854e+00
    1.0259755887e-02   -2.8207092285e+00
    1.0269981809e-02   -2.8159039021e+00
    1.0279525071e-02   -2.8113572598e+00
    1.0289750993e-02   -2.8064246178e+00
    1.0299975984e-02   -2.8014171124e+00
    1.0309520178e-02   -2.7966597080e+00
    1.0319745168e-02   -2.7914607525e+00
    1.0329971090e-02   -2.7861568928e+00
    1.0339514352e-02   -2.7810978889e+00
    1.0349740274e-02   -2.7755570412e+00
    1.0359965265e-02   -2.7698898315e+00
    1.0369509459e-02   -2.7644624710e+00
    1.0379937477e-02   -2.7583653927e+00
    1.0389364325e-02   -2.7526960373e+00
    1.0399589315e-02   -2.7464029789e+00
    1.0409815237e-02   -2.7399694920e+00
    1.0419358499e-02   -2.7338409424e+00
    1.0429584421e-02   -2.7271420956e+00
    1.0439809412e-02   -2.7203004360e+00
    1.0449353606e-02   -2.7137994766e+00
    1.0459790006e-02   -2.7065680027e+00
    1.0469334200e-02   -2.6998512745e+00
    1.0479559191e-02   -2.6925475597e+00
    1.0489785112e-02   -2.6851339340e+00
    1.0499328375e-02   -2.6781344414e+00
    1.0509554297e-02   -2.6705584526e+00
    1.0519779287e-02   -2.6628928185e+00
    1.0529323481e-02   -2.6556529999e+00
    1.0539548472e-02   -2.6478273869e+00
    1.0549774393e-02   -2.6399486065e+00
    1.0559999384e-02   -2.6320371628e+00
    1.0569543578e-02   -2.6246333122e+00
    1.0579768568e-02   -2.6166830063e+00
    1.0589994490e-02   -2.6087136269e+00
    1.0599537753e-02   -2.6012628078e+00
    1.0609763674e-02   -2.5932757854e+00
    1.0619988665e-02   -2.5852749348e+00
    1.0629532859e-02   -2.5777902603e+00
    1.0639757849e-02   -2.5697491169e+00
    1.0649983771e-02   -2.5616836548e+00
    1.0659527034e-02   -2.5541369915e+00
    1.0669752955e-02   -2.5460331440e+00
    1.0679977946e-02   -2.5379085541e+00
    1.0689522140e-02   -2.5303077698e+00
    1.0699747130e-02   -2.5221445560e+00
    1.0709972121e-02   -2.5139598846e+00
    1.0719516315e-02   -2.5062923431e+00
    1.0729741305e-02   -2.4980385303e+00
    1.0739967227e-02   -2.4897336960e+00
    1.0749510489e-02   -2.4819259644e+00
    1.0759736411e-02   -2.4734950066e+00
    1.0769961402e-02   -2.4649944305e+00
    1.0779505596e-02   -2.4570007324e+00
    1.0789730586e-02   -2.4483726025e+00
    1.0799956508e-02   -2.4396746159e+00
    1.0809499770e-02   -2.4314916134e+00
    1.0819725692e-02   -2.4226539135e+00
    1.0829950683e-02   -2.4137465954e+00
    1.0839494877e-02   -2.4053719044e+00
    1.0849719867e-02   -2.3963351250e+00
    1.0859945789e-02   -2.3872349262e+00
    1.0869489051e-02   -2.3786826134e+00
    1.0879714973e-02   -2.3694589138e+00
    1.0889939964e-02   -2.3601715565e+00
    1.0899484158e-02   -2.3514389992e+00
    1.0909709148e-02   -2.3420045376e+00
    1.0919935070e-02   -2.3324880600e+00
    1.0929478332e-02   -2.3235282898e+00
    1.0939704254e-02   -2.3138465881e+00
    1.0949929245e-02   -2.3040912151e+00
    1.0959473439e-02   -2.2949259281e+00
    1.0969698429e-02   -2.2850430012e+00
    1.0979924351e-02   -2.2750921249e+00
    1.0989467613e-02   -2.2657449245e+00
    1.0999693535e-02   -2.2556717396e+00
    1.1009918526e-02   -2.2455446720e+00
    1.1019462720e-02   -2.2360501289e+00
    1.1029687710e-02   -2.2258358002e+00
    1.1039913632e-02   -2.2155890465e+00
    1.1049456894e-02   -2.2060010433e+00
    1.1059682816e-02   -2.1957013607e+00
    1.1069907807e-02   -2.1853673458e+00
    1.1079452001e-02   -2.1756873131e+00
    1.1089676991e-02   -2.1652839184e+00
    1.1099902913e-02   -2.1548600197e+00
    1.1109446175e-02   -2.1451213360e+00
    1.1119672097e-02   -2.1346774101e+00
    1.1129897088e-02   -2.1242148876e+00
    1.1139441282e-02   -2.1144316196e+00
    1.1149666272e-02   -2.1039392948e+00
    1.1159892194e-02   -2.0934488773e+00
    1.1169435456e-02   -2.0836582184e+00
    1.1179661378e-02   -2.0731663704e+00
    1.1189886369e-02   -2.0626704693e+00
    1.1199430563e-02   -2.0528743267e+00
    1.1209655553e-02   -2.0423953533e+00
    1.1219567619e-02   -2.0322570801e+00
    1.1229394004e-02   -2.0222215652e+00
    1.1239618994e-02   -2.0118114948e+00
    1.1249844916e-02   -2.0014312267e+00
    1.1259388179e-02   -1.9917660952e+00
    1.1269614100e-02   -1.9814424515e+00
    1.1279839091e-02   -1.9711413383e+00
    1.1289383285e-02   -1.9615430832e+00
    1.1299608275e-02   -1.9512687922e+00
    1.1309833266e-02   -1.9410163164e+00
    1.1319377460e-02   -1.9314708710e+00
    1.1329571716e-02   -1.9212856293e+00
    1.1339211836e-02   -1.9116591215e+00
    1.1349815875e-02   -1.9010864496e+00
    1.1359455995e-02   -1.8915051222e+00
    1.1369096115e-02   -1.8819493055e+00
    1.1379700154e-02   -1.8714554310e+00
    1.1389340274e-02   -1.8619161844e+00
    1.1399944313e-02   -1.8514144421e+00
    1.1409418657e-02   -1.8420217037e+00
    1.1419644579e-02   -1.8318904638e+00
    1.1429869570e-02   -1.8217486143e+00
    1.1439413764e-02   -1.8122588396e+00
    1.1449638754e-02   -1.8020616770e+00
    1.1459864676e-02   -1.7918407917e+00
    1.1469407938e-02   -1.7822751999e+00
    1.1479633860e-02   -1.7719963789e+00
    1.1489858851e-02   -1.7616817951e+00
    1.1499403045e-02   -1.7520197630e+00
    1.1509628035e-02   -1.7416296005e+00
    1.1519853957e-02   -1.7312055826e+00
    1.1529397219e-02   -1.7214496136e+00
    1.1539623141e-02   -1.7109601498e+00
    1.1549848132e-02   -1.7004220486e+00
    1.1559392326e-02   -1.6905376911e+00
    1.1569617316e-02   -1.6799002886e+00
    1.1579843238e-02   -1.6692190170e+00
    1.1589386500e-02   -1.6592109203e+00
    1.1599612422e-02   -1.6484460831e+00
    1.1609837413e-02   -1.6376374960e+00
    1.1619381607e-02   -1.6275138855e+00
    1.1629606597e-02   -1.6166327000e+00
    1.1639832519e-02   -1.6057214737e+00
    1.1649375781e-02   -1.5955120325e+00
    1.1659601703e-02   -1.5845453739e+00
    1.1669465341e-02   -1.5739411116e+00
    1.1679105461e-02   -1.5635403395e+00
    1.1689496227e-02   -1.5523064137e+00
    1.1699721217e-02   -1.5412595272e+00
    1.1709947139e-02   -1.5302188396e+00
    1.1719490401e-02   -1.5199079514e+00
    1.1729716323e-02   -1.5088593960e+00
    1.1739941314e-02   -1.4978147745e+00
    1.1749485508e-02   -1.4875136614e+00
    1.1759710498e-02   -1.4764925241e+00
    1.1769936420e-02   -1.4654997587e+00
    1.1779479682e-02   -1.4552665949e+00
    1.1789705604e-02   -1.4443327188e+00
    1.1799930595e-02   -1.4334338903e+00
    1.1809474789e-02   -1.4232900143e+00
    1.1819699779e-02   -1.4124492407e+00
    1.1829925701e-02   -1.4016356468e+00
    1.1839468963e-02   -1.3915696144e+00
    1.1849694885e-02   -1.3808219433e+00
    1.1859919876e-02   -1.3701192141e+00
    1.1869464070e-02   -1.3601744175e+00
    1.1879689060e-02   -1.3495664597e+00
    1.1889914051e-02   -1.3390027285e+00
    1.1899458244e-02   -1.3291816711e+00
    1.1909683235e-02   -1.3187028170e+00
    1.1919909157e-02   -1.3082689047e+00
    1.1929452419e-02   -1.2985633612e+00
    1.1939678341e-02   -1.2881988287e+00
    1.1949903332e-02   -1.2778728008e+00
    1.1959447525e-02   -1.2682719231e+00
    1.1969672516e-02   -1.2580251694e+00
    1.1979898438e-02   -1.2478115559e+00
    1.1989441700e-02   -1.2383025885e+00
    1.1999667622e-02   -1.2281321287e+00
    1.2009892613e-02   -1.2179740667e+00
    1.2019436806e-02   -1.2085012197e+00
    1.2029661797e-02   -1.1983532906e+00
    1.2039887719e-02   -1.1882010698e+00
    1.2049430981e-02   -1.1787158251e+00
    1.2059656903e-02   -1.1685360670e+00
    1.2069637887e-02   -1.1585816145e+00
    1.2079745531e-02   -1.1484750509e+00
    1.2089971453e-02   -1.1382361650e+00
    1.2099514715e-02   -1.1286592484e+00
    1.2109740637e-02   -1.1183708906e+00
    1.2119965628e-02   -1.1080529690e+00
    1.2129509822e-02   -1.0983964205e+00
    1.2139734812e-02   -1.0880194902e+00
    1.2149960734e-02   -1.0776100159e+00
    1.2159503996e-02   -1.0678650141e+00
    1.2169729918e-02   -1.0573964119e+00
    1.2179954909e-02   -1.0469045639e+00
    1.2189499103e-02   -1.0370976925e+00
    1.2199724093e-02   -1.0265772343e+00
    1.2209950015e-02   -1.0160424709e+00
    1.2219493277e-02   -1.0061986446e+00
    1.2229719199e-02   -9.9564355612e-01
    1.2239944190e-02   -9.8508334160e-01
    1.2249488384e-02   -9.7522491217e-01
    1.2259713374e-02   -9.6466201544e-01
    1.2269939296e-02   -9.5410215855e-01
    1.2279482558e-02   -9.4425070286e-01
    1.2289708480e-02   -9.3370199203e-01
    1.2299933471e-02   -9.2316263914e-01
    1.2309477665e-02   -9.1333836317e-01
    1.2319956906e-02   -9.0257132053e-01
    1.2329689227e-02   -8.9259940386e-01
    1.2339618988e-02   -8.8245785236e-01
    1.2349843979e-02   -8.7204760313e-01
    1.2359388173e-02   -8.6236566305e-01
    1.2369613163e-02   -8.5203111172e-01
    1.2379839085e-02   -8.4173882008e-01
    1.2389382347e-02   -8.3217394352e-01
    1.2399608269e-02   -8.2196998596e-01
    1.2409833260e-02   -8.1181055307e-01
    1.2419377454e-02   -8.0236816406e-01
    1.2429602444e-02   -7.9229253531e-01
    1.2439828366e-02   -7.8226149082e-01
    1.2449371628e-02   -7.7294081450e-01
    1.2459597550e-02   -7.6300108433e-01
    1.2469822541e-02   -7.5311237574e-01
    1.2479366735e-02   -7.4393051863e-01
    1.2489591725e-02   -7.3414528370e-01
    1.2499817647e-02   -7.2441619635e-01
    1.2509360909e-02   -7.1538722515e-01
    1.2519586831e-02   -7.0576852560e-01
    1.2529811822e-02   -6.9620913267e-01
    1.2539356016e-02   -6.8734210730e-01
    1.2549581006e-02   -6.7790156603e-01
    1.2559806928e-02   -6.6852068901e-01
    1.2569350190e-02   -6.5981680155e-01
    1.2579576112e-02   -6.5054363012e-01
    1.2589801103e-02   -6.4131838083e-01
    1.2599345297e-02   -6.3274598122e-01
    1.2609570287e-02   -6.2359666824e-01
    1.2619796209e-02   -6.1448222399e-01
    1.2629339471e-02   -6.0600805283e-01
    1.2639565393e-02   -5.9696447849e-01
    1.2649790384e-02   -5.8795762062e-01
    1.2659334578e-02   -5.7958167791e-01
    1.2669559568e-02   -5.7063722610e-01
    1.2679785490e-02   -5.6172001362e-01
    1.2689328752e-02   -5.5342119932e-01
    1.2699554674e-02   -5.4455554485e-01
    1.2709583156e-02   -5.3588503599e-01
    1.2719223276e-02   -5.2756500244e-01
    1.2729502283e-02   -5.1871454716e-01
    1.2739595026e-02   -5.1005250216e-01
    1.2749686837e-02   -5.0141668320e-01
    1.2759779580e-02   -4.9280712008e-01
    1.2769872323e-02   -4.8422333598e-01
    1.2779678218e-02   -4.7590893507e-01
    1.2789903209e-02   -4.6727183461e-01
    1.2799447402e-02   -4.5923829079e-01
    1.2809358537e-02   -4.5091775060e-01
    1.2819962576e-02   -4.4203379750e-01
    1.2829602696e-02   -4.3397909403e-01
    1.2839360163e-02   -4.2585605383e-01
    1.2849586084e-02   -4.1738167405e-01
    1.2859879062e-02   -4.0889328718e-01
    1.2869607657e-02   -4.0090054274e-01
    1.2879832648e-02   -3.9252942801e-01
    1.2889376841e-02   -3.8474771380e-01
    1.2899601832e-02   -3.7644752860e-01
    1.2909827754e-02   -3.6818736792e-01
    1.2919691391e-02   -3.6026063561e-01
    1.2929331511e-02   -3.5254672170e-01
    1.2939795852e-02   -3.4421297908e-01
    1.2949862517e-02   -3.3624503016e-01
    1.2959406711e-02   -3.2874557376e-01
    1.2969631702e-02   -3.2075840235e-01
    1.2979378924e-02   -3.1318637729e-01
    1.2989982963e-02   -3.0498027802e-01
    1.2999623083e-02   -2.9755595326e-01
    1.3009614311e-02   -2.8990587592e-01
    1.3019839302e-02   -2.8213351965e-01
    1.3029769063e-02   -2.7463290095e-01
    1.3039501384e-02   -2.6731970906e-01
    1.3049881905e-02   -2.5955903530e-01
    1.3059148565e-02   -2.5266590714e-01
    1.3069241308e-02   -2.4519042671e-01
    1.3079334050e-02   -2.3775373399e-01
    1.3089372776e-02   -2.3039859533e-01
    1.3099598698e-02   -2.2296065092e-01
    1.3109823689e-02   -2.1557356417e-01
    1.3119367883e-02   -2.0871874690e-01
    1.3129804283e-02   -2.0125727355e-01
    1.3139456511e-02   -1.9438265264e-01
    1.3149682432e-02   -1.8712781370e-01
    1.3159907423e-02   -1.7990148067e-01
    1.3169451617e-02   -1.7318154871e-01
    1.3179903850e-02   -1.6584789753e-01
    1.3189996593e-02   -1.5878532827e-01
    1.3199171983e-02   -1.5237709880e-01
    1.3209593482e-02   -1.4511042833e-01
    1.3219275512e-02   -1.3836960495e-01
    1.3229966164e-02   -1.3094194233e-01
    1.3239141554e-02   -1.2458808720e-01
    1.3249603100e-02   -1.1736952513e-01
    1.3259828091e-02   -1.1034389585e-01
    1.3269372284e-02   -1.0381200165e-01
    1.3279597275e-02   -9.6826478839e-02
    1.3289823197e-02   -8.9836306870e-02
    1.3299366459e-02   -8.3298079669e-02
    1.3309592381e-02   -7.6286740601e-02
    1.3319817372e-02   -6.9271430373e-02
    1.3328865170e-02   -6.3049495220e-02
    1.3339814730e-02   -5.5469989777e-02
    1.3349547051e-02   -4.8676751554e-02
    1.3359279372e-02   -4.1839767247e-02
    1.3369011693e-02   -3.4965284169e-02
    1.3379960321e-02   -2.7194218710e-02
    1.3389692642e-02   -2.0265772939e-02
    1.3399424963e-02   -1.3357675634e-02
    1.3409156352e-02   -6.5277721733e-03
    1.3418888673e-02    1.7386843683e-04
    1.3429836370e-02    7.5270053931e-03
    1.3439567760e-02    1.3871344738e-02
    1.3449660502e-02    2.0211577415e-02
    1.3459753245e-02    2.6283916086e-02
    1.3469192199e-02    3.1730331481e-02
    1.3478922658e-02    3.7145920098e-02
    1.3489870355e-02    4.3001979589e-02
    1.3499601744e-02    4.8007540405e-02
    1.3509333134e-02    5.2846178412e-02
    1.3519063592e-02    5.7531427592e-02
    1.3528794982e-02    6.2085561454e-02
    1.3539741747e-02    6.7088901997e-02
    1.3549473137e-02    7.1456015110e-02
    1.3559203595e-02    7.5766824186e-02
    1.3568934985e-02    8.0027855933e-02
    1.3579881750e-02    8.4766343236e-02
    1.3589613140e-02    8.8941499591e-02
    1.3599343598e-02    9.3098528683e-02
    1.3609074987e-02    9.7248069942e-02
    1.3619834557e-02    1.0182481259e-01
    1.3629378751e-02    1.0587725043e-01
    1.3639603741e-02    1.1023135483e-01
    1.3649829663e-02    1.1462459713e-01
    1.3659372926e-02    1.1876630783e-01
    1.3669598848e-02    1.2323226780e-01
    1.3679823838e-02    1.2770308554e-01
    1.3689368032e-02    1.3187499344e-01
    1.3699593022e-02    1.3634817302e-01
    1.3709818944e-02    1.4082857966e-01
    1.3719362207e-02    1.4501237869e-01
    1.3729588129e-02    1.4949288964e-01
    1.3739813119e-02    1.5398325026e-01
    1.3749357313e-02    1.5820461512e-01
    1.3759582303e-02    1.6277360916e-01
    1.3769378886e-02    1.6718988121e-01
    1.3779471628e-02    1.7177301645e-01
    1.3789361343e-02    1.7626874149e-01
    1.3799741864e-02    1.8095675111e-01
    1.3809474185e-02    1.8532490730e-01
    1.3819855638e-02    1.8995752931e-01
    1.3829587959e-02    1.9425828755e-01
    1.3839968480e-02    1.9877544045e-01
    1.3849700801e-02    2.0292580128e-01
    1.3859433122e-02    2.0698189735e-01
    1.3869814575e-02    2.1118684113e-01
    1.3879546896e-02    2.1500582993e-01
    1.3889927417e-02    2.1893508732e-01
    1.3899659738e-02    2.2247101367e-01
    1.3909316622e-02    2.2584262490e-01
    1.3919409364e-02    2.2924859822e-01
    1.3929502107e-02    2.3253756762e-01
    1.3939593919e-02    2.3570814729e-01
    1.3949686661e-02    2.3877756298e-01
    1.3959779404e-02    2.4178206921e-01
    1.3969714753e-02    2.4470655620e-01
    1.3979447074e-02    2.4756273627e-01
    1.3989828527e-02    2.5060638785e-01
    1.3999762014e-02    2.5351068377e-01
    1.4009800740e-02    2.5642743707e-01
    1.4019892551e-02    2.5935226679e-01
    1.4029985294e-02    2.6228168607e-01
    1.4039160684e-02    2.6493409276e-01
    1.4049253426e-02    2.6782441139e-01
    1.4059346169e-02    2.7067437768e-01
    1.4068805613e-02    2.7332466841e-01
    1.4079756103e-02    2.7639636397e-01
    1.4089489356e-02    2.7915319800e-01
    1.4099222608e-02    2.8194844723e-01
    1.4109874144e-02    2.8505527973e-01
    1.4119966887e-02    2.8805404902e-01
    1.4129141346e-02    2.9082888365e-01
    1.4139234088e-02    2.9392999411e-01
    1.4149326831e-02    2.9706445336e-01
    1.4159419574e-02    3.0020749569e-01
    1.4169512317e-02    3.0334827304e-01
    1.4179605059e-02    3.0648109317e-01
    1.4189697802e-02    3.0960381031e-01
    1.4199790545e-02    3.1271234155e-01
    1.4209882356e-02    3.1580397487e-01
    1.4219337143e-02    3.1868505478e-01
    1.4229941182e-02    3.2189935446e-01
    1.4239581302e-02    3.2480067015e-01
    1.4249221422e-02    3.2766610384e-01
    1.4259825461e-02    3.3074998856e-01
    1.4269465581e-02    3.3346661925e-01
    1.4279105701e-02    3.3608698845e-01
    1.4289337210e-02    3.3876183629e-01
    1.4299429953e-02    3.4129664302e-01
    1.4309522696e-02    3.4373423457e-01
    1.4319615439e-02    3.4608119726e-01
    1.4329708181e-02    3.4835413098e-01
    1.4339940622e-02    3.5060179234e-01
    1.4349580742e-02    3.5267847776e-01
    1.4359220862e-02    3.5471764207e-01
    1.4369824901e-02    3.5690203309e-01
    1.4379465021e-02    3.5881331563e-01
    1.4389105141e-02    3.6063358188e-01
    1.4399548993e-02    3.6249071360e-01
    1.4409992844e-02    3.6421701312e-01
    1.4419632964e-02    3.6569958925e-01
    1.4429273084e-02    3.6708238721e-01
    1.4439737424e-02    3.6848169565e-01
    1.4449830167e-02    3.6975124478e-01
    1.4459922910e-02    3.7096112967e-01
    1.4469098300e-02    3.7202227116e-01
    1.4479190111e-02    3.7315359712e-01
    1.4489282854e-02    3.7424957752e-01
    1.4499375597e-02    3.7530758977e-01
    1.4509514906e-02    3.7631914020e-01
    1.4519155025e-02    3.7722200155e-01
    1.4529247768e-02    3.7809741497e-01
    1.4539387077e-02    3.7890127301e-01
    1.4549758285e-02    3.7965545058e-01
    1.4559851028e-02    3.8033065200e-01
    1.4569943771e-02    3.8094550371e-01
    1.4579119161e-02    3.8144364953e-01
    1.4589258470e-02    3.8191047311e-01
    1.4599862508e-02    3.8228374720e-01
    1.4609502628e-02    3.8249593973e-01
    1.4619142748e-02    3.8255834579e-01
    1.4629746787e-02    3.8242474198e-01
    1.4639386907e-02    3.8210737705e-01
    1.4649990946e-02    3.8155302405e-01
    1.4659631066e-02    3.8088914752e-01
    1.4669271186e-02    3.8010990620e-01
    1.4679875225e-02    3.7916475534e-01
    1.4689515345e-02    3.7826657295e-01
    1.4699155465e-02    3.7736150622e-01
    1.4709599316e-02    3.7639471889e-01
    1.4719239436e-02    3.7552267313e-01
    1.4729956165e-02    3.7458449602e-01
    1.4739131555e-02    3.7381023169e-01
    1.4749456197e-02    3.7297567725e-01
    1.4759900048e-02    3.7217026949e-01
    1.4769632369e-02    3.7144717574e-01
    1.4779571444e-02    3.7073877454e-01
    1.4789118432e-02    3.7009084225e-01
    1.4799211174e-02    3.6943471432e-01
    1.4809490182e-02    3.6878493428e-01
    1.4819130301e-02    3.6817768216e-01
    1.4829734340e-02    3.6750099063e-01
    1.4839925803e-02    3.6683151126e-01
    1.4849400148e-02    3.6618795991e-01
    1.4859491959e-02    3.6547595263e-01
    1.4869869687e-02    3.6471182108e-01
    1.4879096299e-02    3.6400374770e-01
    1.4889700338e-02    3.6315223575e-01
    1.4899340458e-02    3.6234229803e-01
    1.4909077436e-02    3.6149093509e-01
    1.4919651672e-02    3.6053326726e-01
    1.4929383993e-02    3.5960337520e-01
    1.4939764515e-02    3.5857018828e-01
    1.4949496835e-02    3.5756868124e-01
    1.4959959313e-02    3.5645940900e-01
    1.4969134703e-02    3.5545405746e-01
    1.4979227446e-02    3.5428202152e-01
    1.4989504591e-02    3.5299164057e-01
    1.4999729581e-02    3.5158303380e-01
    1.5009955503e-02    3.5004800558e-01
    1.5019498765e-02    3.4849715233e-01
    1.5029724687e-02    3.4669551253e-01
    1.5039918944e-02    3.4474995732e-01
    1.5049559064e-02    3.4277340770e-01
    1.5059199184e-02    3.4067326784e-01
    1.5069803223e-02    3.3823639154e-01
    1.5079443343e-02    3.3591604233e-01
    1.5089887194e-02    3.3329352736e-01
    1.5099527314e-02    3.3077973127e-01
    1.5109518543e-02    3.2808294892e-01
    1.5119743533e-02    3.2523876429e-01
    1.5129969455e-02    3.2230612636e-01
    1.5139512718e-02    3.1949371099e-01
    1.5149738640e-02    3.1641352177e-01
    1.5159963630e-02    3.1328123808e-01
    1.5169507824e-02    3.1032523513e-01
    1.5179262497e-02    3.0727967620e-01
    1.5189809725e-02    3.0396118760e-01
    1.5199449845e-02    3.0091103911e-01
    1.5209089965e-02    2.9785126448e-01
    1.5219694003e-02    2.9447397590e-01
    1.5229334123e-02    2.9138904810e-01
    1.5239938162e-02    2.8797858953e-01
    1.5249578282e-02    2.8486877680e-01
    1.5259218402e-02    2.8175950050e-01
    1.5269822441e-02    2.7834901214e-01
    1.5279462561e-02    2.7526706457e-01
    1.5289337374e-02    2.7214100957e-01
    1.5299562365e-02    2.6895329356e-01
    1.5309788287e-02    2.6582112908e-01
    1.5319768339e-02    2.6281481981e-01
    1.5329408459e-02    2.5994718075e-01
    1.5339048579e-02    2.5710660219e-01
    1.5349652618e-02    2.5400796533e-01
    1.5359292738e-02    2.5120797753e-01
    1.5369896777e-02    2.4813644588e-01
    1.5379536897e-02    2.4534440041e-01
    1.5389177017e-02    2.4254417419e-01
    1.5399781056e-02    2.3944741488e-01
    1.5409421176e-02    2.3661182821e-01
    1.5419061296e-02    2.3375430703e-01
    1.5429665335e-02    2.3058246076e-01
    1.5439305454e-02    2.2766958177e-01
    1.5449909493e-02    2.2443121672e-01
    1.5459549613e-02    2.2145637870e-01
    1.5469189733e-02    2.1845422685e-01
    1.5479793772e-02    2.1512480080e-01
    1.5489433892e-02    2.1207861602e-01
    1.5499074012e-02    2.0902246237e-01
    1.5509678051e-02    2.0565988123e-01
    1.5519318171e-02    2.0260980725e-01
    1.5529922210e-02    1.9926080108e-01
    1.5539562330e-02    1.9621273875e-01
    1.5549202450e-02    1.9315080345e-01
    1.5559806488e-02    1.8975187838e-01
    1.5569446608e-02    1.8661876023e-01
    1.5579086728e-02    1.8342697620e-01
    1.5589690767e-02    1.7982858419e-01
    1.5599330887e-02    1.7646577954e-01
    1.5609934926e-02    1.7265829444e-01
    1.5619575046e-02    1.6909648478e-01
    1.5629054978e-02    1.6549874842e-01
    1.5638787299e-02    1.6170363128e-01
    1.5649734065e-02    1.5730971098e-01
    1.5659466386e-02    1.5329629183e-01
    1.5669196844e-02    1.4918135107e-01
    1.5678929165e-02    1.4496159554e-01
    1.5689877793e-02    1.4008775353e-01
    1.5699356794e-02    1.3575711846e-01
    1.5709960833e-02    1.3079793751e-01
    1.5719600022e-02    1.2619452178e-01
    1.5729241073e-02    1.2151032686e-01
    1.5739845112e-02    1.1627604067e-01
    1.5749484301e-02    1.1145505309e-01
    1.5759125352e-02    1.0658556968e-01
    1.5769109130e-02    1.0150051117e-01
    1.5778839588e-02    9.6506163478e-02
    1.5789788216e-02    9.0857900679e-02
    1.5799518675e-02    8.5819475353e-02
    1.5809250996e-02    8.0768592656e-02
    1.5818981454e-02    7.5709089637e-02
    1.5829928219e-02    7.0012532175e-02
    1.5839660540e-02    6.4950905740e-02
    1.5849390998e-02    5.9895597398e-02
    1.5859121457e-02    5.4852433503e-02
    1.5868853778e-02    4.9831178039e-02
    1.5879800543e-02    4.4220369309e-02
    1.5889737755e-02    3.9171103388e-02
    1.5899378806e-02    3.4319657832e-02
    1.5909982845e-02    2.9028492048e-02
    1.5919622034e-02    2.4252541363e-02
    1.5929263085e-02    1.9502434880e-02
    1.5938999131e-02    1.4724204317e-02
    1.5949897468e-02    9.3887979165e-03
    1.5959627926e-02    4.6278885566e-03
    1.5969358385e-02   -1.3306055916e-04
    1.5979088843e-02   -4.8974058591e-03
    1.5989797190e-02   -1.0146144778e-02
    1.5999339521e-02   -1.4831861481e-02
    1.6009565443e-02   -1.9866617396e-02
    1.6019195318e-02   -2.4625053629e-02
    1.6029799357e-02   -2.9891779646e-02
    1.6039438546e-02   -3.4706514329e-02
    1.6049079597e-02   -3.9547637105e-02
    1.6059683636e-02   -4.4901642948e-02
    1.6069322824e-02   -4.9798075110e-02
    1.6079926863e-02   -5.5220570415e-02
    1.6089567915e-02   -6.0188766569e-02
    1.6099207103e-02   -6.5198957920e-02
    1.6109811142e-02   -7.0763967931e-02
    1.6119452193e-02   -7.5875289738e-02
    1.6129091382e-02   -8.1038258970e-02
    1.6139695421e-02   -8.6777456105e-02
    1.6149681062e-02   -9.2238664627e-02
    1.6159413382e-02   -9.7619801760e-02
    1.6169145703e-02   -1.0305780917e-01
    1.6178876162e-02   -1.0855194181e-01
    1.6189824790e-02   -1.1479863524e-01
    1.6199557111e-02   -1.2040520459e-01
    1.6209289432e-02   -1.2605838478e-01
    1.6219021752e-02   -1.3175351918e-01
    1.6229970381e-02   -1.3820667565e-01
    1.6239702702e-02   -1.4398020506e-01
    1.6249435022e-02   -1.4978365600e-01
    1.6259167343e-02   -1.5561467409e-01
    1.6268899664e-02   -1.6147103906e-01
    1.6279801726e-02   -1.6806088388e-01
    1.6289442778e-02   -1.7391024530e-01
    1.6299881041e-02   -1.8026843667e-01
    1.6309425235e-02   -1.8610255420e-01
    1.6319649294e-02   -1.9237363338e-01
    1.6329875216e-02   -1.9866482913e-01
    1.6339419410e-02   -2.0455121994e-01
    1.6349645332e-02   -2.1086868644e-01
    1.6359869391e-02   -2.1719327569e-01
    1.6369413584e-02   -2.2310079634e-01
    1.6379289329e-02   -2.2922004759e-01
    1.6389021650e-02   -2.3526091874e-01
    1.6399970278e-02   -2.4206602573e-01
    1.6409702599e-02   -2.4811725318e-01
    1.6419433057e-02   -2.5417038798e-01
    1.6429165378e-02   -2.6022437215e-01
    1.6438897699e-02   -2.6627838612e-01
    1.6449844465e-02   -2.7308729291e-01
    1.6459871083e-02   -2.7931618690e-01
    1.6469415277e-02   -2.8522765636e-01
    1.6479639336e-02   -2.9154497385e-01
    1.6489865258e-02   -2.9784733057e-01
    1.6499409452e-02   -3.0371373892e-01
    1.6509635374e-02   -3.0997744203e-01
    1.6519859433e-02   -3.1621545553e-01
    1.6529403627e-02   -3.2201206684e-01
    1.6539629549e-02   -3.2819366455e-01
    1.6549259424e-02   -3.3398744464e-01
    1.6559863463e-02   -3.4034290910e-01
    1.6569502652e-02   -3.4608376026e-01
    1.6579993069e-02   -3.5228350759e-01
    1.6589425504e-02   -3.5782107711e-01
    1.6599066556e-02   -3.6343389750e-01
    1.6609670594e-02   -3.6956197023e-01
    1.6619309783e-02   -3.7510249019e-01
    1.6629913822e-02   -3.8116949797e-01
    1.6639554873e-02   -3.8666582108e-01
    1.6649780795e-02   -3.9247390628e-01
    1.6659323126e-02   -3.9788103104e-01
    1.6669549048e-02   -4.0366956592e-01
    1.6679774970e-02   -4.0946784616e-01
    1.6689319164e-02   -4.1489702463e-01
    1.6699543223e-02   -4.2073905468e-01
    1.6709525138e-02   -4.2647492886e-01
    1.6719250008e-02   -4.3210846186e-01
    1.6729343683e-02   -4.3800422549e-01
    1.6739668325e-02   -4.4409215450e-01
    1.6749309376e-02   -4.4982999563e-01
    1.6759401187e-02   -4.5589596033e-01
    1.6769494861e-02   -4.6202060580e-01
    1.6779586673e-02   -4.6820846200e-01
    1.6789678484e-02   -4.7445654869e-01
    1.6799772158e-02   -4.8076027632e-01
    1.6809863970e-02   -4.8711106181e-01
    1.6819957644e-02   -4.9350175261e-01
    1.6829133034e-02   -4.9934488535e-01
    1.6839224845e-02   -5.0580626726e-01
    1.6849318519e-02   -5.1230448484e-01
    1.6859410331e-02   -5.1883947849e-01
    1.6869502142e-02   -5.2540940046e-01
    1.6879595816e-02   -5.3201580048e-01
    1.6889687628e-02   -5.3865677118e-01
    1.6899781302e-02   -5.4532867670e-01
    1.6909873113e-02   -5.5202490091e-01
    1.6919966787e-02   -5.5873870850e-01
    1.6929142177e-02   -5.6485050917e-01
    1.6939233989e-02   -5.7157510519e-01
    1.6949325800e-02   -5.7829296589e-01
    1.6959419474e-02   -5.8499532938e-01
    1.6969511285e-02   -5.9167820215e-01
    1.6979604959e-02   -5.9833657742e-01
    1.6989696771e-02   -6.0496848822e-01
    1.6999477521e-02   -6.1136507988e-01
    1.7009701580e-02   -6.1801970005e-01
    1.7019927502e-02   -6.2464678288e-01
    1.7029471695e-02   -6.3080966473e-01
    1.7039697617e-02   -6.3738822937e-01
    1.7049921677e-02   -6.4394044876e-01
    1.7059465870e-02   -6.5003186464e-01
    1.7069445923e-02   -6.5637844801e-01
    1.7079539597e-02   -6.6277778149e-01
    1.7089631408e-02   -6.6916269064e-01
    1.7099725083e-02   -6.7553162575e-01
    1.7109816894e-02   -6.8188655376e-01
    1.7119910568e-02   -6.8823289871e-01
    1.7129085958e-02   -6.9399869442e-01
    1.7139177769e-02   -7.0034122467e-01
    1.7149271443e-02   -7.0668458939e-01
    1.7159743235e-02   -7.1326744556e-01
    1.7169475555e-02   -7.1937650442e-01
    1.7179856077e-02   -7.2588485479e-01
    1.7189893872e-02   -7.3217171431e-01
    1.7199985683e-02   -7.3849982023e-01
    1.7209161073e-02   -7.4425268173e-01
    1.7219252884e-02   -7.5057536364e-01
    1.7229346558e-02   -7.5688844919e-01
    1.7239438370e-02   -7.6319491863e-01
    1.7249532044e-02   -7.6949608326e-01
    1.7259623855e-02   -7.7579587698e-01
    1.7269717529e-02   -7.8209638596e-01
    1.7279809341e-02   -7.8840059042e-01
    1.7289903015e-02   -7.9470974207e-01
    1.7299994826e-02   -8.0102527142e-01
    1.7309170216e-02   -8.0677157640e-01
    1.7319262028e-02   -8.1309700012e-01
    1.7329355702e-02   -8.1942826509e-01
    1.7339447513e-02   -8.2576632500e-01
    1.7349541187e-02   -8.3211094141e-01
    1.7359632999e-02   -8.3846306801e-01
    1.7369726673e-02   -8.4482216835e-01
    1.7379818484e-02   -8.5118383169e-01
    1.7389910296e-02   -8.5754197836e-01
    1.7399085686e-02   -8.6331474781e-01
    1.7409123480e-02   -8.6961984634e-01
    1.7418855801e-02   -8.7572431564e-01
    1.7429804429e-02   -8.8257366419e-01
    1.7439534888e-02   -8.8863819838e-01
    1.7449267209e-02   -8.9468175173e-01
    1.7458999529e-02   -9.0070593357e-01
    1.7469948158e-02   -9.0746504068e-01
    1.7479680479e-02   -9.1346162558e-01
    1.7489410937e-02   -9.1944909096e-01
    1.7499143258e-02   -9.2542731762e-01
    1.7508875579e-02   -9.3139302731e-01
    1.7519824207e-02   -9.3808549643e-01
    1.7529556528e-02   -9.4401580095e-01
    1.7539288849e-02   -9.4992733002e-01
    1.7549021170e-02   -9.5581853390e-01
    1.7559969798e-02   -9.6241909266e-01
    1.7569702119e-02   -9.6826511621e-01
    1.7579434440e-02   -9.7409468889e-01
    1.7589166760e-02   -9.7990894318e-01
    1.7598899081e-02   -9.8570716381e-01
    1.7609847710e-02   -9.9220991135e-01
    1.7619580030e-02   -9.9797517061e-01
    1.7629312351e-02   -1.0037297010e+00
    1.7639044672e-02   -1.0094754696e+00
    1.7649993300e-02   -1.0159270763e+00
    1.7659725621e-02   -1.0216499567e+00
    1.7669457942e-02   -1.0273622274e+00
    1.7679190263e-02   -1.0330655575e+00
    1.7688922584e-02   -1.0387625694e+00
    1.7699871212e-02   -1.0451653004e+00
    1.7709603533e-02   -1.0508548021e+00
    1.7719335854e-02   -1.0565468073e+00
    1.7729068175e-02   -1.0622447729e+00
    1.7738798633e-02   -1.0679488182e+00
    1.7749749124e-02   -1.0743690729e+00
    1.7759479582e-02   -1.0800749063e+00
    1.7769211903e-02   -1.0857760906e+00
    1.7778944224e-02   -1.0914711952e+00
    1.7789892852e-02   -1.0978689194e+00
    1.7799625173e-02   -1.1035462618e+00
    1.7809357494e-02   -1.1092141867e+00
    1.7819089815e-02   -1.1148730516e+00
    1.7828822136e-02   -1.1205257177e+00
    1.7839770764e-02   -1.1268811226e+00
    1.7849503085e-02   -1.1325304508e+00
    1.7859235406e-02   -1.1381814480e+00
    1.7868967727e-02   -1.1438360214e+00
    1.7879918218e-02   -1.1502043009e+00
    1.7889650539e-02   -1.1558734179e+00
    1.7899382859e-02   -1.1615527868e+00
    1.7909115180e-02   -1.1672426462e+00
    1.7918847501e-02   -1.1729432344e+00
    1.7929796129e-02   -1.1793689728e+00
    1.7939528450e-02   -1.1850914955e+00
    1.7949262634e-02   -1.1908220053e+00
    1.7958994955e-02   -1.1965571642e+00
    1.7969943583e-02   -1.2030093670e+00
    1.7979675904e-02   -1.2087393999e+00
    1.7989408225e-02   -1.2144602537e+00
    1.7999140546e-02   -1.2201679945e+00
    1.8008874729e-02   -1.2258588076e+00
    1.8019823357e-02   -1.2322368622e+00
    1.8029555678e-02   -1.2378822565e+00
    1.8039287999e-02   -1.2435045242e+00
    1.8049020320e-02   -1.2491035461e+00
    1.8059968948e-02   -1.2553753853e+00
    1.8069701269e-02   -1.2609260082e+00
    1.8079433590e-02   -1.2664532661e+00
    1.8089165911e-02   -1.2719563246e+00
    1.8098898232e-02   -1.2774342299e+00
    1.8109848723e-02   -1.2835656404e+00
    1.8119581044e-02   -1.2889858484e+00
    1.8129311502e-02   -1.2943764925e+00
    1.8139043823e-02   -1.2997362614e+00
    1.8149992451e-02   -1.3057277203e+00
    1.8159724772e-02   -1.3110196590e+00
    1.8169477582e-02   -1.3162909746e+00
    1.8179904670e-02   -1.3218898773e+00
    1.8189636990e-02   -1.3270789385e+00
    1.8199784681e-02   -1.3324557543e+00
    1.8209245056e-02   -1.3374412060e+00
    1.8219336867e-02   -1.3427337408e+00
    1.8229378387e-02   -1.3479728699e+00
    1.8239604309e-02   -1.3532853127e+00
    1.8249828368e-02   -1.3585863113e+00
    1.8259372562e-02   -1.3635370731e+00
    1.8269851804e-02   -1.3689936399e+00
    1.8279943615e-02   -1.3742828369e+00
    1.8289119005e-02   -1.3791247606e+00
    1.8299210817e-02   -1.3844927549e+00
    1.8309583887e-02   -1.3900556564e+00
    1.8319223076e-02   -1.3952579498e+00
    1.8329408020e-02   -1.4007705450e+00
    1.8339594826e-02   -1.4062879086e+00
    1.8349686638e-02   -1.4117603302e+00
    1.8359780312e-02   -1.4172391891e+00
    1.8369872123e-02   -1.4227117300e+00
    1.8379965797e-02   -1.4281513691e+00
    1.8389139324e-02   -1.4330452681e+00
    1.8399232998e-02   -1.4383535385e+00
    1.8409324810e-02   -1.4435614347e+00
    1.8419418484e-02   -1.4486399889e+00
    1.8429510295e-02   -1.4535623789e+00
    1.8439603969e-02   -1.4583225250e+00
    1.8449695781e-02   -1.4629352093e+00
    1.8459789455e-02   -1.4674187899e+00
    1.8469357863e-02   -1.4715505838e+00
    1.8479583785e-02   -1.4758212566e+00
    1.8489809707e-02   -1.4799597263e+00
    1.8499344587e-02   -1.4837208986e+00
    1.8509436399e-02   -1.4876203537e+00
    1.8519761041e-02   -1.4915081263e+00
    1.8529854715e-02   -1.4951893091e+00
    1.8539946526e-02   -1.4987548590e+00
    1.8549770117e-02   -1.5021327734e+00
    1.8559502438e-02   -1.5053994656e+00
    1.8569884822e-02   -1.5088090897e+00
    1.8579617143e-02   -1.5119482279e+00
    1.8589997664e-02   -1.5152555704e+00
    1.8599729985e-02   -1.5183267593e+00
    1.8609654158e-02   -1.5214376450e+00
    1.8619747832e-02   -1.5245860815e+00
    1.8629839644e-02   -1.5277055502e+00
    1.8639933318e-02   -1.5307956934e+00
    1.8649108708e-02   -1.5335904360e+00
    1.8659200519e-02   -1.5366619825e+00
    1.8669294193e-02   -1.5397424698e+00
    1.8679386005e-02   -1.5428496599e+00
    1.8689477816e-02   -1.5460034609e+00
    1.8699571490e-02   -1.5492289066e+00
    1.8709009513e-02   -1.5523273945e+00
    1.8719958141e-02   -1.5560340881e+00
    1.8729690462e-02   -1.5594269037e+00
    1.8739420921e-02   -1.5628943443e+00
    1.8749153242e-02   -1.5664192438e+00
    1.8758883700e-02   -1.5699828863e+00
    1.8769832328e-02   -1.5740052462e+00
    1.8779562786e-02   -1.5775676966e+00
    1.8789295107e-02   -1.5811023712e+00
    1.8799025565e-02   -1.5846027136e+00
    1.8809974194e-02   -1.5884890556e+00
    1.8819706514e-02   -1.5918843746e+00
    1.8829438835e-02   -1.5952183008e+00
    1.8839169294e-02   -1.5984869003e+00
    1.8848901615e-02   -1.6016889811e+00
    1.8859850243e-02   -1.6052105427e+00
    1.8869582564e-02   -1.6082618237e+00
    1.8879314885e-02   -1.6112279892e+00
    1.8889045343e-02   -1.6140996218e+00
    1.8899993971e-02   -1.6172158718e+00
    1.8909726292e-02   -1.6198906898e+00
    1.8919458613e-02   -1.6224842072e+00
    1.8929190934e-02   -1.6250084639e+00
    1.8938923255e-02   -1.6274783611e+00
    1.8949871883e-02   -1.6302142143e+00
    1.8959602341e-02   -1.6326307058e+00
    1.8969334662e-02   -1.6350483894e+00
    1.8979066983e-02   -1.6374697685e+00
    1.8988797441e-02   -1.6398987770e+00
    1.8999746069e-02   -1.6426459551e+00
    1.9009476528e-02   -1.6451070309e+00
    1.9019206986e-02   -1.6475888491e+00
    1.9028939307e-02   -1.6500941515e+00
    1.9039886072e-02   -1.6529422998e+00
    1.9049618393e-02   -1.6555049419e+00
    1.9059348851e-02   -1.6581070423e+00
    1.9069079310e-02   -1.6607544422e+00
    1.9078809768e-02   -1.6634451151e+00
    1.9089756534e-02   -1.6665025949e+00
    1.9099488854e-02   -1.6692261696e+00
    1.9109219313e-02   -1.6719468832e+00
    1.9118949771e-02   -1.6746647358e+00
    1.9129896536e-02   -1.6777167320e+00
    1.9139628857e-02   -1.6804130077e+00
    1.9149359316e-02   -1.6830821037e+00
    1.9159089774e-02   -1.6857196093e+00
    1.9168820232e-02   -1.6883257627e+00
    1.9179768860e-02   -1.6912202835e+00
    1.9189499319e-02   -1.6937516928e+00
    1.9199231640e-02   -1.6962366104e+00
    1.9208963960e-02   -1.6986756325e+00
    1.9219910726e-02   -1.7013714314e+00
    1.9229643047e-02   -1.7037249804e+00
    1.9239375368e-02   -1.7060282230e+00
    1.9249105826e-02   -1.7082697153e+00
    1.9258838147e-02   -1.7104450464e+00
    1.9269786775e-02   -1.7128192186e+00
    1.9279519096e-02   -1.7148696184e+00
    1.9289251417e-02   -1.7168619633e+00
    1.9298981875e-02   -1.7187913656e+00
    1.9309930503e-02   -1.7208864689e+00
    1.9319662824e-02   -1.7226880789e+00
    1.9329395145e-02   -1.7244393826e+00
    1.9339127466e-02   -1.7261438370e+00
    1.9348857924e-02   -1.7277985811e+00
    1.9359806553e-02   -1.7296007872e+00
    1.9369538873e-02   -1.7311547995e+00
    1.9379269332e-02   -1.7326697111e+00
    1.9389001653e-02   -1.7341519594e+00
    1.9399948418e-02   -1.7357871532e+00
    1.9409680739e-02   -1.7372144461e+00
    1.9419411197e-02   -1.7386201620e+00
    1.9429143518e-02   -1.7400052547e+00
    1.9438873976e-02   -1.7413687706e+00
    1.9449820742e-02   -1.7428702116e+00
    1.9459553063e-02   -1.7441607714e+00
    1.9469283521e-02   -1.7453902960e+00
    1.9479013979e-02   -1.7465438843e+00
    1.9489962608e-02   -1.7477411032e+00
    1.9499693066e-02   -1.7487078905e+00
    1.9509423524e-02   -1.7495701313e+00
    1.9519153982e-02   -1.7503132820e+00
    1.9528886303e-02   -1.7509287596e+00
    1.9539833069e-02   -1.7514697313e+00
    1.9549565390e-02   -1.7518235445e+00
    1.9559295848e-02   -1.7520631552e+00
    1.9569026306e-02   -1.7521915436e+00
    1.9579974934e-02   -1.7522114515e+00
    1.9589705393e-02   -1.7521375418e+00
    1.9599437714e-02   -1.7519998550e+00
    1.9609168172e-02   -1.7518142462e+00
    1.9618900493e-02   -1.7515922785e+00
    1.9629605114e-02   -1.7513172626e+00
    1.9639987499e-02   -1.7510426044e+00
    1.9649717957e-02   -1.7507823706e+00
    1.9659450278e-02   -1.7505269051e+00
    1.9669832662e-02   -1.7502604723e+00
    1.9679564983e-02   -1.7500194311e+00
    1.9689945504e-02   -1.7497775555e+00
    1.9699677825e-02   -1.7495653629e+00
    1.9709410146e-02   -1.7493674755e+00
    1.9719790667e-02   -1.7491654158e+00
    1.9729522988e-02   -1.7489765882e+00
    1.9739903510e-02   -1.7487711906e+00
    1.9749635831e-02   -1.7485733032e+00
    1.9759368151e-02   -1.7483696938e+00
    1.9769748673e-02   -1.7481411695e+00
    1.9779480994e-02   -1.7479090691e+00
    1.9789863378e-02   -1.7476353645e+00
    1.9799595699e-02   -1.7473497391e+00
    1.9809976220e-02   -1.7470115423e+00
    1.9819524139e-02   -1.7466654778e+00
    1.9829187542e-02   -1.7462880611e+00
    1.9838919863e-02   -1.7458643913e+00
    1.9849866629e-02   -1.7453099489e+00
    1.9859598950e-02   -1.7447364330e+00
    1.9869329408e-02   -1.7440845966e+00
    1.9879061729e-02   -1.7433530092e+00
    1.9888792187e-02   -1.7425365448e+00
    1.9899740815e-02   -1.7415139675e+00
    1.9909471273e-02   -1.7405114174e+00
    1.9919203594e-02   -1.7394167185e+00
    1.9928934053e-02   -1.7382267714e+00
    1.9939882681e-02   -1.7367663383e+00
    1.9949615002e-02   -1.7353502512e+00
    1.9959345460e-02   -1.7338209152e+00
    1.9969077781e-02   -1.7321782112e+00
    1.9978810102e-02   -1.7304222584e+00
    1.9989756867e-02   -1.7283140421e+00
    1.9999489188e-02   -1.7263292074e+00
    2.0009221509e-02   -1.7242547274e+00
    2.0018951967e-02   -1.7221060991e+00
    2.0029900596e-02   -1.7196186781e+00
    2.0039631054e-02   -1.7173582315e+00
    2.0049363375e-02   -1.7150588036e+00
    2.0059095696e-02   -1.7127245665e+00
    2.0068826154e-02   -1.7103575468e+00
    2.0079774782e-02   -1.7076590061e+00
    2.0089507103e-02   -1.7052321434e+00
    2.0099237561e-02   -1.7027833462e+00
    2.0108969882e-02   -1.7003192902e+00
    2.0119916648e-02   -1.6975433826e+00
    2.0129648969e-02   -1.6950867176e+00
    2.0139379427e-02   -1.6926516294e+00
    2.0149111748e-02   -1.6902476549e+00
    2.0158842206e-02   -1.6878834963e+00
    2.0169790834e-02   -1.6852816343e+00
    2.0179521292e-02   -1.6830279827e+00
    2.0189253613e-02   -1.6808323860e+00
    2.0198985934e-02   -1.6786946058e+00
    2.0209932700e-02   -1.6763561964e+00
    2.0219665021e-02   -1.6743345261e+00
    2.0229397342e-02   -1.6723643541e+00
    2.0239129663e-02   -1.6704438925e+00
    2.0248861983e-02   -1.6685701609e+00
    2.0259810612e-02   -1.6665128469e+00
    2.0269542933e-02   -1.6647231579e+00
    2.0279275253e-02   -1.6629630327e+00
    2.0289007574e-02   -1.6612262726e+00
    2.0299956203e-02   -1.6592912674e+00
    2.0309688523e-02   -1.6575810909e+00
    2.0319420844e-02   -1.6558753252e+00
    2.0329153165e-02   -1.6541707516e+00
    2.0338885486e-02   -1.6524637938e+00
    2.0349834114e-02   -1.6505341530e+00
    2.0359564573e-02   -1.6488035917e+00
    2.0369296893e-02   -1.6470512152e+00
    2.0379029214e-02   -1.6452708244e+00
    2.0389977843e-02   -1.6432282925e+00
    2.0399710163e-02   -1.6413723230e+00
    2.0409442484e-02   -1.6394734383e+00
    2.0419174805e-02   -1.6375273466e+00
    2.0428905264e-02   -1.6355307102e+00
    2.0439853892e-02   -1.6332198381e+00
    2.0449586213e-02   -1.6311047077e+00
    2.0459318534e-02   -1.6289281845e+00
    2.0469050854e-02   -1.6266856194e+00
    2.0479999483e-02   -1.6240775585e+00
    2.0489731804e-02   -1.6216775179e+00
    2.0499462262e-02   -1.6191954613e+00
    2.0509194583e-02   -1.6166280508e+00
    2.0518926904e-02   -1.6139744520e+00
    2.0529875532e-02   -1.6108882427e+00
    2.0539607853e-02   -1.6080586910e+00
    2.0549340174e-02   -1.6051524878e+00
    2.0559072495e-02   -1.6021747589e+00
    2.0568804815e-02   -1.5991303921e+00
    2.0579753444e-02   -1.5956302881e+00
    2.0589485765e-02   -1.5924575329e+00
    2.0599219948e-02   -1.5892317295e+00
    2.0608952269e-02   -1.5859597921e+00
    2.0619900897e-02   -1.5822324753e+00
    2.0629633218e-02   -1.5788843632e+00
    2.0639365539e-02   -1.5755087137e+00
    2.0649099723e-02   -1.5721087456e+00
    2.0658832043e-02   -1.5686875582e+00
    2.0669780672e-02   -1.5648155212e+00
    2.0679514855e-02   -1.5613538027e+00
    2.0689247176e-02   -1.5578733683e+00
    2.0698979497e-02   -1.5543731451e+00
    2.0709929988e-02   -1.5504111052e+00
    2.0719662309e-02   -1.5468666553e+00
    2.0729394630e-02   -1.5433020592e+00
    2.0739128813e-02   -1.5397201777e+00
    2.0748861134e-02   -1.5361250639e+00
    2.0759809762e-02   -1.5320729017e+00
    2.0769543946e-02   -1.5284723043e+00
    2.0779276267e-02   -1.5248802900e+00
    2.0789010450e-02   -1.5213037729e+00
    2.0799959078e-02   -1.5173063278e+00
    2.0809693262e-02   -1.5137802362e+00
    2.0819425583e-02   -1.5102804899e+00
    2.0829159766e-02   -1.5068057775e+00
    2.0838892087e-02   -1.5033524036e+00
    2.0849842578e-02   -1.4994870424e+00
    2.0859576762e-02   -1.4960635900e+00
    2.0869309083e-02   -1.4926480055e+00
    2.0879043266e-02   -1.4892381430e+00
    2.0889993757e-02   -1.4854062796e+00
    2.0899726078e-02   -1.4820011854e+00
    2.0909460261e-02   -1.4785934687e+00
    2.0919192582e-02   -1.4751783609e+00
    2.0928926766e-02   -1.4717497826e+00
    2.0939877257e-02   -1.4678682089e+00
    2.0949609578e-02   -1.4643889666e+00
    2.0959343761e-02   -1.4608767033e+00
    2.0969076082e-02   -1.4573267698e+00
    2.0978810266e-02   -1.4537346363e+00
    2.0989758894e-02   -1.4496388435e+00
    2.0999493077e-02   -1.4459462166e+00
    2.1009225398e-02   -1.4422018528e+00
    2.1018959582e-02   -1.4384033680e+00
    2.1029908210e-02   -1.4340620041e+00
    2.1039642394e-02   -1.4301384687e+00
    2.1049374714e-02   -1.4261505604e+00
    2.1059107035e-02   -1.4220948219e+00
    2.1068839356e-02   -1.4179679155e+00
    2.1079789847e-02   -1.4132374525e+00
    2.1089522168e-02   -1.4089537859e+00
    2.1099254489e-02   -1.4045966864e+00
    2.1108988672e-02   -1.4001678228e+00
    2.1119937301e-02   -1.3951033354e+00
    2.1129669622e-02   -1.3905322552e+00
    2.1139403805e-02   -1.3859003782e+00
    2.1149136126e-02   -1.3812122345e+00
    2.1158868447e-02   -1.3764729500e+00
    2.1169817075e-02   -1.3710871935e+00
    2.1179551259e-02   -1.3662589788e+00
    2.1189283580e-02   -1.3614003658e+00
    2.1199015900e-02   -1.3565189838e+00
    2.1209966391e-02   -1.3510099649e+00
    2.1219698712e-02   -1.3461065292e+00
    2.1229431033e-02   -1.3412047625e+00
    2.1239165217e-02   -1.3363105059e+00
    2.1248897538e-02   -1.3314279318e+00
    2.1259848028e-02   -1.3259524107e+00
    2.1269580349e-02   -1.3211026192e+00
    2.1279312670e-02   -1.3162708282e+00
    2.1289046854e-02   -1.3114591837e+00
    2.1299995482e-02   -1.3060715199e+00
    2.1309729666e-02   -1.3013055325e+00
    2.1319461986e-02   -1.2965606451e+00
    2.1329196170e-02   -1.2918357849e+00
    2.1338928491e-02   -1.2871296406e+00
    2.1349878982e-02   -1.2818555832e+00
    2.1359611303e-02   -1.2771842480e+00
    2.1369343624e-02   -1.2725282907e+00
    2.1379077807e-02   -1.2678892612e+00
    2.1388810128e-02   -1.2632700205e+00
    2.1399758756e-02   -1.2581000328e+00
    2.1409492940e-02   -1.2535296679e+00
    2.1419225261e-02   -1.2489832640e+00
    2.1428957582e-02   -1.2444604635e+00
    2.1439906210e-02   -1.2393999100e+00
    2.1449640393e-02   -1.2349249125e+00
    2.1459372714e-02   -1.2304702997e+00
    2.1469105035e-02   -1.2260342836e+00
    2.1478837356e-02   -1.2216157913e+00
    2.1489785984e-02   -1.2166650295e+00
    2.1499518305e-02   -1.2122809887e+00
    2.1509250626e-02   -1.2079110146e+00
    2.1518982947e-02   -1.2035528421e+00
    2.1529933438e-02   -1.1986615658e+00
    2.1539665759e-02   -1.1943221092e+00
    2.1549398080e-02   -1.1899881363e+00
    2.1559130400e-02   -1.1856567860e+00
    2.1568862721e-02   -1.1813248396e+00
    2.1579811350e-02   -1.1764477491e+00
    2.1589543670e-02   -1.1721073389e+00
    2.1599275991e-02   -1.1677603722e+00
    2.1609008312e-02   -1.1634061337e+00
    2.1619956940e-02   -1.1584972143e+00
    2.1629689261e-02   -1.1541235447e+00
    2.1639421582e-02   -1.1497397423e+00
    2.1649153903e-02   -1.1453447342e+00
    2.1658886224e-02   -1.1409363747e+00
    2.1669834852e-02   -1.1359565258e+00
    2.1679567173e-02   -1.1315079927e+00
    2.1689299494e-02   -1.1270354986e+00
    2.1699031815e-02   -1.1225351095e+00
    2.1709980443e-02   -1.1174356937e+00
    2.1719712764e-02   -1.1128679514e+00
    2.1729445085e-02   -1.1082661152e+00
    2.1739175543e-02   -1.1036288738e+00
    2.1748907864e-02   -1.0989564657e+00
    2.1759856492e-02   -1.0936592817e+00
    2.1769588813e-02   -1.0889165401e+00
    2.1779321134e-02   -1.0841439962e+00
    2.1789053455e-02   -1.0793436766e+00
    2.1798785776e-02   -1.0745187998e+00
    2.1809734404e-02   -1.0690654516e+00
    2.1819466725e-02   -1.0642004013e+00
    2.1829199046e-02   -1.0593229532e+00
    2.1838931367e-02   -1.0544388294e+00
    2.1849879995e-02   -1.0489428043e+00
    2.1859612316e-02   -1.0440618992e+00
    2.1869344637e-02   -1.0391906500e+00
    2.1879076958e-02   -1.0343333483e+00
    2.1888809279e-02   -1.0294944048e+00
    2.1899757907e-02   -1.0240771770e+00
    2.1909490228e-02   -1.0192887783e+00
    2.1919222549e-02   -1.0145279169e+00
    2.1928954870e-02   -1.0097956657e+00
    2.1939905360e-02   -1.0045075417e+00
    2.1949637681e-02   -9.9984002113e-01
    2.1959370002e-02   -9.9520426989e-01
    2.1969102323e-02   -9.9060046673e-01
    2.1978834644e-02   -9.8602902889e-01
    2.1989785135e-02   -9.8092472553e-01
    2.1999517456e-02   -9.7642183304e-01
    2.2009251639e-02   -9.7194999456e-01
    2.2018983960e-02   -9.6750771999e-01
    2.2029934451e-02   -9.6254318953e-01
    2.2039666772e-02   -9.5815700293e-01
    2.2049399093e-02   -9.5379358530e-01
    2.2059133276e-02   -9.4945043325e-01
    2.2068865597e-02   -9.4512492418e-01
    2.2079816088e-02   -9.4027590752e-01
    2.2089548409e-02   -9.3597692251e-01
    2.2099280730e-02   -9.3168419600e-01
    2.2109014913e-02   -9.2739331722e-01
    2.2119963542e-02   -9.2256247997e-01
    2.2129697725e-02   -9.1825991869e-01
    2.2139430046e-02   -9.1394466162e-01
    2.2149162367e-02   -9.0961265564e-01
    2.2158894688e-02   -9.0526092052e-01
    2.2169845179e-02   -9.0033942461e-01
    2.2179577500e-02   -8.9594066143e-01
    2.2189309821e-02   -8.9151901007e-01
    2.2199042141e-02   -8.8707482815e-01
    2.2209992632e-02   -8.8204932213e-01
    2.2219724953e-02   -8.7756085396e-01
    2.2229457274e-02   -8.7305396795e-01
    2.2239189595e-02   -8.6853021383e-01
    2.2248921916e-02   -8.6399132013e-01
    2.2259872407e-02   -8.5886901617e-01
    2.2269604728e-02   -8.5430318117e-01
    2.2279337049e-02   -8.4972697496e-01
    2.2289069369e-02   -8.4514141083e-01
    2.2298801690e-02   -8.4054732323e-01
    2.2309750319e-02   -8.3536916971e-01
    2.2319484502e-02   -8.3075785637e-01
    2.2329216823e-02   -8.2613831758e-01
    2.2338949144e-02   -8.2150989771e-01
    2.2349897772e-02   -8.1629109383e-01
    2.2359630093e-02   -8.1164032221e-01
    2.2369362414e-02   -8.0697703362e-01
    2.2379096597e-02   -8.0229943991e-01
    2.2388828918e-02   -7.9760611057e-01
    2.2399777547e-02   -7.9230594635e-01
    2.2409509867e-02   -7.8757625818e-01
    2.2419242188e-02   -7.8282982111e-01
    2.2428976372e-02   -7.7806746960e-01
    2.2439925000e-02   -7.7269273996e-01
    2.2449657321e-02   -7.6790225506e-01
    2.2459389642e-02   -7.6310229301e-01
    2.2469121963e-02   -7.5829583406e-01
    2.2478854284e-02   -7.5348532200e-01
    2.2489804775e-02   -7.4807173014e-01
    2.2499537095e-02   -7.4326109886e-01
    2.2509269416e-02   -7.3845487833e-01
    2.2519001737e-02   -7.3365628719e-01
    2.2529950365e-02   -7.2827064991e-01
    2.2539682686e-02   -7.2349804640e-01
    2.2549415007e-02   -7.1874266863e-01
    2.2559147328e-02   -7.1400856972e-01
    2.2568881512e-02   -7.0929986238e-01
    2.2579830140e-02   -7.0403802395e-01
    2.2589562461e-02   -6.9939690828e-01
    2.2599294782e-02   -6.9479382038e-01
    2.2609027103e-02   -6.9023191929e-01
    2.2619977593e-02   -6.8515229225e-01
    2.2629709914e-02   -6.8068587780e-01
    2.2639442235e-02   -6.7626631260e-01
    2.2649174556e-02   -6.7189478874e-01
    2.2658906877e-02   -6.6757273674e-01
    2.2669855505e-02   -6.6276967525e-01
    2.2679589689e-02   -6.5855312347e-01
    2.2689322010e-02   -6.5438628197e-01
    2.2699054331e-02   -6.5026843548e-01
    2.2708786651e-02   -6.4619803429e-01
    2.2719735280e-02   -6.4167261124e-01
    2.2729467601e-02   -6.3769465685e-01
    2.2739199921e-02   -6.3375622034e-01
    2.2748932242e-02   -6.2985640764e-01
    2.2759882733e-02   -6.2551397085e-01
    2.2769615054e-02   -6.2169295549e-01
    2.2779347375e-02   -6.1790674925e-01
    2.2789079696e-02   -6.1415195465e-01
    2.2798812017e-02   -6.1042344570e-01
    2.2809760645e-02   -6.0625350475e-01
    2.2819491103e-02   -6.0256338120e-01
    2.2829223424e-02   -5.9888422489e-01
    2.2838955745e-02   -5.9521239996e-01
    2.2849904373e-02   -5.9108525515e-01
    2.2859636694e-02   -5.8741563559e-01
    2.2869369015e-02   -5.8374023438e-01
    2.2879099473e-02   -5.8005303144e-01
    2.2888831794e-02   -5.7634729147e-01
    2.2899780422e-02   -5.7214868069e-01
    2.2909512743e-02   -5.6838631630e-01
    2.2919243202e-02   -5.6459408998e-01
    2.2928975523e-02   -5.6077140570e-01
    2.2939924151e-02   -5.5643373728e-01
    2.2949656472e-02   -5.5254495144e-01
    2.2959386930e-02   -5.4862606525e-01
    2.2969119251e-02   -5.4467916489e-01
    2.2978851572e-02   -5.4070645571e-01
    2.2989800200e-02   -5.3621017933e-01
    2.2999530658e-02   -5.3219425678e-01
    2.3009262979e-02   -5.2816545963e-01
    2.3018995300e-02   -5.2412885427e-01
    2.3029943928e-02   -5.1958268881e-01
    2.3039674386e-02   -5.1554048061e-01
    2.3049406707e-02   -5.1149970293e-01
    2.3059139028e-02   -5.0746333599e-01
    2.3068871349e-02   -5.0343424082e-01
    2.3079819977e-02   -4.9891370535e-01
    2.3089550436e-02   -4.9490883946e-01
    2.3099282756e-02   -4.9091920257e-01
    2.3109015077e-02   -4.8694768548e-01
    2.3119963706e-02   -4.8250502348e-01
    2.3129696026e-02   -4.7858163714e-01
    2.3139428347e-02   -4.7468492389e-01
    2.3149160668e-02   -4.7081735730e-01
    2.3158892989e-02   -4.6698182821e-01
    2.3169841617e-02   -4.6270865202e-01
    2.3179573938e-02   -4.5895022154e-01
    2.3189306259e-02   -4.5523095131e-01
    2.3199038580e-02   -4.5155137777e-01
    2.3209987208e-02   -4.4745942950e-01
    2.3219719529e-02   -4.4386401772e-01
    2.3229451850e-02   -4.4030717015e-01
    2.3239184171e-02   -4.3678775430e-01
    2.3248916492e-02   -4.3330484629e-01
    2.3259865120e-02   -4.2942982912e-01
    2.3269597441e-02   -4.2602422833e-01
    2.3279329762e-02   -4.2265605927e-01
    2.3289060220e-02   -4.1932606697e-01
    2.3298792541e-02   -4.1603490710e-01
    2.3309743032e-02   -4.1237884760e-01
    2.3319473490e-02   -4.0916988254e-01
    2.3329205811e-02   -4.0599799156e-01
    2.3338938132e-02   -4.0286082029e-01
    2.3349886760e-02   -3.9936885238e-01
    2.3359619081e-02   -3.9629372954e-01
    2.3369351402e-02   -3.9324167371e-01
    2.3379083723e-02   -3.9020904899e-01
    2.3388816044e-02   -3.8719260693e-01
    2.3399764672e-02   -3.8381499052e-01
    2.3409496993e-02   -3.8082394004e-01
    2.3419229314e-02   -3.7784069777e-01
    2.3428961635e-02   -3.7486255169e-01
    2.3439910263e-02   -3.7151452899e-01
    2.3449642584e-02   -3.6853742599e-01
    2.3459373042e-02   -3.6555647850e-01
    2.3469105363e-02   -3.6256942153e-01
    2.3478837684e-02   -3.5957452655e-01
    2.3489786312e-02   -3.5619458556e-01
    2.3499518633e-02   -3.5317999125e-01
    2.3509250954e-02   -3.5015550256e-01
    2.3518983275e-02   -3.4712085128e-01
    2.3529931903e-02   -3.4369450808e-01
    2.3539662361e-02   -3.4063774347e-01
    2.3549394682e-02   -3.3757027984e-01
    2.3559127003e-02   -3.3449196815e-01
    2.3568859324e-02   -3.3140259981e-01
    2.3579806089e-02   -3.2791358232e-01
    2.3589538410e-02   -3.2480016351e-01
    2.3599270731e-02   -3.2167559862e-01
    2.3609001189e-02   -3.1854009628e-01
    2.3619949818e-02   -3.1500014663e-01
    2.3629682139e-02   -3.1184303761e-01
    2.3639414459e-02   -3.0867677927e-01
    2.3649146780e-02   -3.0550202727e-01
    2.3658877239e-02   -3.0231964588e-01
    2.3669827729e-02   -2.9873290658e-01
    2.3679560050e-02   -2.9554238915e-01
    2.3689292371e-02   -2.9235312343e-01
    2.3699024692e-02   -2.8916969895e-01
    2.3709973320e-02   -2.8560015559e-01
    2.3719705641e-02   -2.8244033456e-01
    2.3729437962e-02   -2.7929440141e-01
    2.3739172146e-02   -2.7616232634e-01
    2.3748904467e-02   -2.7304613590e-01
    2.3759853095e-02   -2.6956382394e-01
    2.3769585416e-02   -2.6648718119e-01
    2.3779319599e-02   -2.6341158152e-01
    2.3789051920e-02   -2.6031833887e-01
    2.3798784241e-02   -2.5719147921e-01
    2.3809732869e-02   -2.5361919403e-01
    2.3819465190e-02   -2.5037831068e-01
    2.3829197511e-02   -2.4705815315e-01
    2.3838929832e-02   -2.4365846813e-01
    2.3849878460e-02   -2.3976965249e-01
    2.3859608918e-02   -2.3628807068e-01
    2.3869341239e-02   -2.3280531168e-01
    2.3879073560e-02   -2.2934165597e-01
    2.3888804018e-02   -2.2593094409e-01
    2.3899752647e-02   -2.2221037745e-01
    2.3909483105e-02   -2.1903857589e-01
    2.3919215426e-02   -2.1600495279e-01
    2.3928945884e-02   -2.1311292052e-01
    2.3939894512e-02   -2.1004538238e-01
    2.3949624971e-02   -2.0750300586e-01
    2.3959357291e-02   -2.0513889194e-01
    2.3969087750e-02   -2.0294758677e-01
    2.3978820071e-02   -2.0092022419e-01
    2.3989766836e-02   -1.9882445037e-01
    2.3999497294e-02   -1.9711095095e-01
    2.4009229615e-02   -1.9551084936e-01
    2.4018960074e-02   -1.9399642944e-01
    2.4029906839e-02   -1.9236370921e-01
    2.4039639160e-02   -1.9095270336e-01
    2.4049369618e-02   -1.8956117332e-01
    2.4059100077e-02   -1.8817426264e-01
    2.4068832397e-02   -1.8678927422e-01
    2.4079779163e-02   -1.8524008989e-01
    2.4089511484e-02   -1.8387903273e-01
    2.4099241942e-02   -1.8253681064e-01
    2.4108972400e-02   -1.8121272326e-01
    2.4119921029e-02   -1.7974264920e-01
    2.4129651487e-02   -1.7844893038e-01
    2.4139383808e-02   -1.7716217041e-01
    2.4149114266e-02   -1.7587520182e-01
    2.4158846587e-02   -1.7457872629e-01
    2.4169793352e-02   -1.7309941351e-01
    2.4179525673e-02   -1.7175911367e-01
    2.4189256132e-02   -1.7038835585e-01
    2.4198986590e-02   -1.6897900403e-01
    2.4209935218e-02   -1.6733567417e-01
    2.4219665676e-02   -1.6581635177e-01
    2.4229397997e-02   -1.6423806548e-01
    2.4239128456e-02   -1.6259767115e-01
    2.4248860776e-02   -1.6089248657e-01
    2.4259807542e-02   -1.5889777243e-01
    2.4269539863e-02   -1.5706737339e-01
    2.4279272184e-02   -1.5520040691e-01
    2.4289002642e-02   -1.5331330895e-01
    2.4299951270e-02   -1.5118181705e-01
    2.4309681728e-02   -1.4928993583e-01
    2.4319414049e-02   -1.4741031826e-01
    2.4329146370e-02   -1.4555242658e-01
    2.4338876829e-02   -1.4372286201e-01
    2.4349825457e-02   -1.4170369506e-01
    2.4359557778e-02   -1.3994835317e-01
    2.4369288236e-02   -1.3823775947e-01
    2.4379020557e-02   -1.3658165932e-01
    2.4389969185e-02   -1.3479246199e-01
    2.4399701506e-02   -1.3327068090e-01
    2.4409431964e-02   -1.3181263208e-01
    2.4419164285e-02   -1.3041666150e-01
    2.4428896606e-02   -1.2908218801e-01
    2.4439845234e-02   -1.2765376270e-01
    2.4449577555e-02   -1.2644885480e-01
    2.4459309876e-02   -1.2530556321e-01
    2.4469042197e-02   -1.2422539294e-01
    2.4479992688e-02   -1.2308679521e-01
    2.4489725009e-02   -1.2214057148e-01
    2.4499457330e-02   -1.2124998122e-01
    2.4509189650e-02   -1.2040433288e-01
    2.4518923834e-02   -1.1959016323e-01
    2.4529872462e-02   -1.1869447678e-01
    2.4539606646e-02   -1.1790257692e-01
    2.4549338967e-02   -1.1710485071e-01
    2.4559071288e-02   -1.1629480869e-01
    2.4568805471e-02   -1.1546910554e-01
    2.4579755962e-02   -1.1452203989e-01
    2.4589488283e-02   -1.1366913468e-01
    2.4599220604e-02   -1.1281327158e-01
    2.4608954787e-02   -1.1196260899e-01
    2.4619903415e-02   -1.1102052033e-01
    2.4629637599e-02   -1.1020261794e-01
    2.4639369920e-02   -1.0940809548e-01
    2.4649102241e-02   -1.0864082724e-01
    2.4658834562e-02   -1.0790406168e-01
    2.4669785053e-02   -1.0711432993e-01
    2.4679517373e-02   -1.0644864291e-01
    2.4689249694e-02   -1.0581854731e-01
    2.4698982015e-02   -1.0522557795e-01
    2.4709930643e-02   -1.0460461676e-01
    2.4719661102e-02   -1.0409377515e-01
    2.4729393423e-02   -1.0361865908e-01
    2.4739125744e-02   -1.0317321122e-01
    2.4748858064e-02   -1.0274923593e-01
    2.4759806693e-02   -1.0228553414e-01
    2.4769537151e-02   -1.0187286884e-01
    2.4779269472e-02   -1.0144778341e-01
    2.4789001793e-02   -1.0099844635e-01
    2.4799950421e-02   -1.0045175999e-01
    2.4809680879e-02   -9.9920921028e-02
    2.4819413200e-02   -9.9341683090e-02
    2.4829145521e-02   -9.8709151149e-02
    2.4838877842e-02   -9.8020665348e-02
    2.4849826470e-02   -9.7177207470e-02
    2.4859558791e-02   -9.6365407109e-02
    2.4869291112e-02   -9.5495760441e-02
    2.4879023433e-02   -9.4570763409e-02
    2.4889972061e-02   -9.3467034400e-02
    2.4899704382e-02   -9.2434152961e-02
    2.4909436703e-02   -9.1359108686e-02
    2.4919169024e-02   -9.0250425041e-02
    2.4928901345e-02   -8.9117884636e-02
    2.4939849973e-02   -8.7826877832e-02
    2.4949582294e-02   -8.6675688624e-02
    2.4959314615e-02   -8.5531622171e-02
    2.4969046935e-02   -8.4405459464e-02
    2.4979995564e-02   -8.3172015846e-02
    2.4989727885e-02   -8.2115337253e-02
    2.4999460205e-02   -8.1106610596e-02
    2.5009192526e-02   -8.0156266689e-02
    2.5018922985e-02   -7.9274818301e-02
    2.5029871613e-02   -7.8376509249e-02
    2.5039603934e-02   -7.7668473125e-02
    2.5049336255e-02   -7.7053159475e-02
    2.5059068576e-02   -7.6536856592e-02
    2.5068799034e-02   -7.6122023165e-02
    2.5079747662e-02   -7.5774706900e-02
    2.5089479983e-02   -7.5565546751e-02
    2.5099210441e-02   -7.5442403555e-02
    2.5108942762e-02   -7.5396150351e-02
    2.5119891390e-02   -7.5423330069e-02
    2.5129621848e-02   -7.5508221984e-02
    2.5139354169e-02   -7.5642824173e-02
    2.5149084628e-02   -7.5824774802e-02
    2.5158816949e-02   -7.6057434082e-02
    2.5169763714e-02   -7.6391153038e-02
    2.5179496035e-02   -7.6767340302e-02
    2.5189226493e-02   -7.7235125005e-02
    2.5198958814e-02   -7.7810071409e-02
    2.5209905580e-02   -7.8601248562e-02
    2.5219637901e-02   -7.9441331327e-02
    2.5229368359e-02   -8.0410659313e-02
    2.5239100680e-02   -8.1501729786e-02
    2.5248831138e-02   -8.2700781524e-02
    2.5259779766e-02   -8.4157064557e-02
    2.5269510224e-02   -8.5526384413e-02
    2.5279242545e-02   -8.6947113276e-02
    2.5288974866e-02   -8.8402658701e-02
    2.5299921632e-02   -9.0064503253e-02
    2.5309653953e-02   -9.1551087797e-02
    2.5319384411e-02   -9.3037337065e-02
    2.5329116732e-02   -9.4515725970e-02
    2.5338847190e-02   -9.5980055630e-02
    2.5349795818e-02   -9.7604557872e-02
    2.5359526277e-02   -9.9023677409e-02
    2.5369256735e-02   -1.0041610897e-01
    2.5378989056e-02   -1.0178001225e-01
    2.5389935821e-02   -1.0328047723e-01
    2.5399668142e-02   -1.0458749533e-01
    2.5409398600e-02   -1.0587518662e-01
    2.5419129059e-02   -1.0715087503e-01
    2.5428861380e-02   -1.0842233896e-01
    2.5439808145e-02   -1.0985704511e-01
    2.5449540466e-02   -1.1114344001e-01
    2.5459270924e-02   -1.1244492978e-01
    2.5469001383e-02   -1.1376314610e-01
    2.5479950011e-02   -1.1526454985e-01
    2.5489680469e-02   -1.1661220342e-01
    2.5499412790e-02   -1.1796811968e-01
    2.5509143248e-02   -1.1932780594e-01
    2.5518875569e-02   -1.2068682909e-01
    2.5529822335e-02   -1.2221014500e-01
    2.5539554656e-02   -1.2355747074e-01
    2.5549286976e-02   -1.2490016222e-01
    2.5559017435e-02   -1.2624269724e-01
    2.5569966063e-02   -1.2776066363e-01
    2.5579698384e-02   -1.2912431359e-01
    2.5589430705e-02   -1.3050927222e-01
    2.5599163026e-02   -1.3192336261e-01
    2.5608895347e-02   -1.3337305188e-01
    2.5619843975e-02   -1.3505080342e-01
    2.5629576296e-02   -1.3658459485e-01
    2.5639308617e-02   -1.3815805316e-01
    2.5649042800e-02   -1.3976997137e-01
    2.5659991428e-02   -1.4162722230e-01
    2.5669723749e-02   -1.4331540465e-01
    2.5679456070e-02   -1.4503736794e-01
    2.5689190254e-02   -1.4679236710e-01
    2.5698922575e-02   -1.4858028293e-01
    2.5709871203e-02   -1.5063247085e-01
    2.5719605386e-02   -1.5249475837e-01
    2.5729337707e-02   -1.5439438820e-01
    2.5739070028e-02   -1.5633209050e-01
    2.5748802349e-02   -1.5830752254e-01
    2.5759752840e-02   -1.6057409346e-01
    2.5769485161e-02   -1.6262781620e-01
    2.5779217482e-02   -1.6471861303e-01
    2.5788949803e-02   -1.6684743762e-01
    2.5799900293e-02   -1.6928949952e-01
    2.5809632614e-02   -1.7150424421e-01
    2.5819364935e-02   -1.7376266420e-01
    2.5829097256e-02   -1.7606590688e-01
    2.5838829577e-02   -1.7841260135e-01
    2.5849778205e-02   -1.8109798431e-01
    2.5859510526e-02   -1.8351563811e-01
    2.5869242847e-02   -1.8595071137e-01
    2.5878977031e-02   -1.8839076161e-01
    2.5889925659e-02   -1.9112497568e-01
    2.5899657980e-02   -1.9353052974e-01
    2.5909390301e-02   -1.9589962065e-01
    2.5919122621e-02   -1.9822275639e-01
    2.5928854942e-02   -2.0049405098e-01
    2.5939803571e-02   -2.0298343897e-01
    2.5949535891e-02   -2.0513683558e-01
    2.5959268212e-02   -2.0723602176e-01
    2.5969000533e-02   -2.0928530395e-01
    2.5979949161e-02   -2.1153889596e-01
    2.5989681482e-02   -2.1350337565e-01
    2.5999413803e-02   -2.1543750167e-01
    2.6009144261e-02   -2.1734572947e-01
    2.6018876582e-02   -2.1923173964e-01
    2.6029825211e-02   -2.2133132815e-01
    2.6039557531e-02   -2.2318178415e-01
    2.6049289852e-02   -2.2502076626e-01
    2.6059022173e-02   -2.2685155272e-01
    2.6069970801e-02   -2.2890569270e-01
    2.6079703122e-02   -2.3073057830e-01
    2.6089435443e-02   -2.3255749047e-01
    2.6099167764e-02   -2.3438784480e-01
    2.6108898222e-02   -2.3622161150e-01
    2.6119846851e-02   -2.3828776181e-01
    2.6129579172e-02   -2.4012617767e-01
    2.6139311492e-02   -2.4196551740e-01
    2.6149043813e-02   -2.4380497634e-01
    2.6159992442e-02   -2.4587439001e-01
    2.6169722900e-02   -2.4771584570e-01
    2.6179455221e-02   -2.4956332147e-01
    2.6189187542e-02   -2.5142297149e-01
    2.6198919863e-02   -2.5330209732e-01
    2.6209868491e-02   -2.5544959307e-01
    2.6219598949e-02   -2.5739809871e-01
    2.6229331270e-02   -2.5939321518e-01
    2.6239063591e-02   -2.6144298911e-01
    2.6248795912e-02   -2.6355370879e-01
    2.6259742677e-02   -2.6600664854e-01
    2.6269474998e-02   -2.6825967431e-01
    2.6279207319e-02   -2.7058175206e-01
    2.6288937777e-02   -2.7297165990e-01
    2.6299886405e-02   -2.7573829889e-01
    2.6309618726e-02   -2.7826368809e-01
    2.6319349185e-02   -2.8084859252e-01
    2.6329081506e-02   -2.8349077702e-01
    2.6338813826e-02   -2.8618812561e-01
    2.6349762455e-02   -2.8928643465e-01
    2.6359492913e-02   -2.9209545255e-01
    2.6369225234e-02   -2.9495441914e-01
    2.6378957555e-02   -2.9786074162e-01
    2.6389906183e-02   -3.0118256807e-01
    2.6399636641e-02   -3.0417683721e-01
    2.6409368962e-02   -3.0720546842e-01
    2.6419101283e-02   -3.1026402116e-01
    2.6428833604e-02   -3.1334799528e-01
    2.6439780369e-02   -3.1684261560e-01
    2.6449512690e-02   -3.1996709108e-01
    2.6459245011e-02   -3.2310536504e-01
    2.6468975469e-02   -3.2625496387e-01
    2.6479924098e-02   -3.2980856299e-01
    2.6489656419e-02   -3.3297365904e-01
    2.6499386877e-02   -3.3614170551e-01
    2.6509119198e-02   -3.3930981159e-01
    2.6518849656e-02   -3.4247523546e-01
    2.6529798284e-02   -3.4603047371e-01
    2.6539528742e-02   -3.4918358922e-01
    2.6549261063e-02   -3.5232886672e-01
    2.6558991522e-02   -3.5546615720e-01
    2.6569940150e-02   -3.5898661613e-01
    2.6579672471e-02   -3.6210912466e-01
    2.6589402929e-02   -3.6522677541e-01
    2.6599135250e-02   -3.6834099889e-01
    2.6608865708e-02   -3.7145370245e-01
    2.6619814336e-02   -3.7495431304e-01
    2.6629544795e-02   -3.7806513906e-01
    2.6639277115e-02   -3.8117483258e-01
    2.6649009436e-02   -3.8428205252e-01
    2.6659956202e-02   -3.8777169585e-01
    2.6669688523e-02   -3.9086598158e-01
    2.6679420844e-02   -3.9395111799e-01
    2.6689153165e-02   -3.9702469110e-01
    2.6698885486e-02   -4.0008562803e-01
    2.6709834114e-02   -4.0351185203e-01
    2.6719564572e-02   -4.0654233098e-01
    2.6729296893e-02   -4.0956097841e-01
    2.6739029214e-02   -4.1257089376e-01
    2.6749977842e-02   -4.1595187783e-01
    2.6759710163e-02   -4.1895893216e-01
    2.6769442484e-02   -4.2197501659e-01
    2.6779174805e-02   -4.2500624061e-01
    2.6788907126e-02   -4.2805522680e-01
    2.6799855754e-02   -4.3150791526e-01
    2.6809588075e-02   -4.3459716439e-01
    2.6819320396e-02   -4.3770614266e-01
    2.6829052716e-02   -4.4083479047e-01
    2.6838785037e-02   -4.4398084283e-01
    2.6849733666e-02   -4.4753864408e-01
    2.6859465986e-02   -4.5071855187e-01
    2.6869198307e-02   -4.5391696692e-01
    2.6878930628e-02   -4.5713576674e-01
    2.6889879256e-02   -4.6078175306e-01
    2.6899609715e-02   -4.6404585242e-01
    2.6909342036e-02   -4.6733477712e-01
    2.6919074357e-02   -4.7065067291e-01
    2.6928806677e-02   -4.7399395704e-01
    2.6939755306e-02   -4.7778415680e-01
    2.6949487627e-02   -4.8117530346e-01
    2.6959219947e-02   -4.8458480835e-01
    2.6968952268e-02   -4.8801040649e-01
    2.6979900897e-02   -4.9188157916e-01
    2.6989633217e-02   -4.9533683062e-01
    2.6999365538e-02   -4.9880570173e-01
    2.7009097859e-02   -5.0229054689e-01
    2.7018830180e-02   -5.0579380989e-01
    2.7029778808e-02   -5.0975728035e-01
    2.7039511129e-02   -5.1329779625e-01
    2.7049243450e-02   -5.1685124636e-01
    2.7058975771e-02   -5.2041542530e-01
    2.7069924399e-02   -5.2443599701e-01
    2.7079656720e-02   -5.2801728249e-01
    2.7089389041e-02   -5.3160387278e-01
    2.7099121362e-02   -5.3519451618e-01
    2.7108853683e-02   -5.3878945112e-01
    2.7119802311e-02   -5.4283928871e-01
    2.7129534632e-02   -5.4644334316e-01
    2.7139266953e-02   -5.5004978180e-01
    2.7148999274e-02   -5.5365741253e-01
    2.7159949765e-02   -5.5771762133e-01
    2.7169682086e-02   -5.6132864952e-01
    2.7179414406e-02   -5.6494116783e-01
    2.7189146727e-02   -5.6855440140e-01
    2.7198879048e-02   -5.7216745615e-01
    2.7209827676e-02   -5.7622981071e-01
    2.7219559997e-02   -5.7983595133e-01
    2.7229292318e-02   -5.8343267441e-01
    2.7239024639e-02   -5.8701449633e-01
    2.7249973267e-02   -5.9101992846e-01
    2.7259705588e-02   -5.9455454350e-01
    2.7269437909e-02   -5.9806257486e-01
    2.7279170230e-02   -6.0154366493e-01
    2.7288902551e-02   -6.0499894619e-01
    2.7299851179e-02   -6.0885900259e-01
    2.7309583500e-02   -6.1227077246e-01
    2.7319315821e-02   -6.1566913128e-01
    2.7329048142e-02   -6.1905825138e-01
    2.7339996770e-02   -6.2286448479e-01
    2.7349727228e-02   -6.2624567747e-01
    2.7359459549e-02   -6.2962847948e-01
    2.7369191870e-02   -6.3301610947e-01
    2.7378924191e-02   -6.3641124964e-01
    2.7389872819e-02   -6.4024215937e-01
    2.7399605140e-02   -6.4365845919e-01
    2.7409337461e-02   -6.4708501101e-01
    2.7419069782e-02   -6.5052056313e-01
    2.7428802103e-02   -6.5396302938e-01
    2.7439750731e-02   -6.5784078836e-01
    2.7449483052e-02   -6.6128915548e-01
    2.7459215373e-02   -6.6473633051e-01
    2.7468947694e-02   -6.6818070412e-01
    2.7479898185e-02   -6.7205178738e-01
    2.7489630505e-02   -6.7549002171e-01
    2.7499362826e-02   -6.7892718315e-01
    2.7509095147e-02   -6.8236511946e-01
    2.7518827468e-02   -6.8580621481e-01
    2.7529776096e-02   -6.8968462944e-01
    2.7539510280e-02   -6.9314140081e-01
    2.7549242601e-02   -6.9660872221e-01
    2.7558974922e-02   -7.0008772612e-01
    2.7569923550e-02   -7.0401573181e-01
    2.7579657733e-02   -7.0751988888e-01
    2.7589390054e-02   -7.1103554964e-01
    2.7599122375e-02   -7.1456247568e-01
    2.7608854696e-02   -7.1810042858e-01
    2.7619803324e-02   -7.2209399939e-01
    2.7629535645e-02   -7.2565656900e-01
    2.7639267966e-02   -7.2923249006e-01
    2.7649000287e-02   -7.3282277584e-01
    2.7659950778e-02   -7.3687994480e-01
    2.7669683099e-02   -7.4050319195e-01
    2.7679415420e-02   -7.4414306879e-01
    2.7689147741e-02   -7.4779975414e-01
    2.7698880062e-02   -7.5147330761e-01
    2.7709828690e-02   -7.5562596321e-01
    2.7719561011e-02   -7.5933402777e-01
    2.7729293332e-02   -7.6305639744e-01
    2.7739023790e-02   -7.6679080725e-01
    2.7749974281e-02   -7.7100306749e-01
    2.7759706602e-02   -7.7475321293e-01
    2.7769437060e-02   -7.7850550413e-01
    2.7779169381e-02   -7.8225606680e-01
    2.7788901702e-02   -7.8600049019e-01
    2.7799852192e-02   -7.9020059109e-01
    2.7809584513e-02   -7.9391813278e-01
    2.7819316834e-02   -7.9761701822e-01
    2.7829049155e-02   -8.0129373074e-01
    2.7839997783e-02   -8.0540007353e-01
    2.7849730104e-02   -8.0902183056e-01
    2.7859462425e-02   -8.1261664629e-01
    2.7869194746e-02   -8.1618571281e-01
    2.7878927067e-02   -8.1973135471e-01
    2.7889875695e-02   -8.2369631529e-01
    2.7899608016e-02   -8.2720428705e-01
    2.7909340337e-02   -8.3070158958e-01
    2.7919396758e-02   -8.3430880308e-01
    2.7929779142e-02   -8.3802384138e-01
    2.7939511463e-02   -8.4150707722e-01
    2.7949891984e-02   -8.4522962570e-01
    2.7959624305e-02   -8.4872895479e-01
    2.7969356626e-02   -8.5223752260e-01
    2.7979737148e-02   -8.5598826408e-01
    2.7989469469e-02   -8.5950917006e-01
    2.7999849990e-02   -8.6326617002e-01
    2.8009582311e-02   -8.6678814888e-01
    2.8019962832e-02   -8.7054508924e-01
    2.8029695153e-02   -8.7406575680e-01
    2.8039427474e-02   -8.7758511305e-01
    2.8049809858e-02   -8.8133883476e-01
    2.8059542179e-02   -8.8485860825e-01
    2.8069922701e-02   -8.8861566782e-01
    2.8079655021e-02   -8.9214181900e-01
    2.8089387342e-02   -8.9567351341e-01
    2.8099767864e-02   -8.9944857359e-01
    2.8109500185e-02   -9.0299659967e-01
    2.8119880706e-02   -9.0679311752e-01
    2.8129613027e-02   -9.1036486626e-01
    2.8139995411e-02   -9.1418939829e-01
    2.8149725869e-02   -9.1778916121e-01
    2.8159458190e-02   -9.2140424252e-01
    2.8169840574e-02   -9.2527806759e-01
    2.8179572895e-02   -9.2892569304e-01
    2.8189953417e-02   -9.3283265829e-01
    2.8199685737e-02   -9.3650919199e-01
    2.8209418058e-02   -9.4019776583e-01
    2.8219565749e-02   -9.4405496120e-01
    2.8229657561e-02   -9.4790118933e-01
    2.8239751235e-02   -9.5175719261e-01
    2.8249843046e-02   -9.5561915636e-01
    2.8259936720e-02   -9.5948421955e-01
    2.8269112110e-02   -9.6299880743e-01
    2.8279669583e-02   -9.6704357862e-01
    2.8289308771e-02   -9.7073733807e-01
    2.8299912810e-02   -9.7480016947e-01
    2.8309553862e-02   -9.7849458456e-01
    2.8319193050e-02   -9.8218977451e-01
    2.8329797089e-02   -9.8625445366e-01
    2.8339438140e-02   -9.8994702101e-01
    2.8349077329e-02   -9.9363553524e-01
    2.8359681368e-02   -9.9768692255e-01
    2.8369322419e-02   -1.0013622046e+00
    2.8379926458e-02   -1.0053924322e+00
    2.8389565647e-02   -1.0090396404e+00
    2.8399206698e-02   -1.0126675367e+00
    2.8409810737e-02   -1.0166343451e+00
    2.8419449925e-02   -1.0202181339e+00
    2.8429090977e-02   -1.0237798691e+00
    2.8439695016e-02   -1.0276726484e+00
    2.8449334204e-02   -1.0311917067e+00
    2.8459938243e-02   -1.0350438356e+00
    2.8469579294e-02   -1.0385305882e+00
    2.8479218483e-02   -1.0420027971e+00
    2.8489822522e-02   -1.0458048582e+00
    2.8499463573e-02   -1.0492459536e+00
    2.8509102762e-02   -1.0526744127e+00
    2.8519706801e-02   -1.0564326048e+00
    2.8529347852e-02   -1.0598372221e+00
    2.8539951891e-02   -1.0635684729e+00
    2.8549591079e-02   -1.0669479370e+00
    2.8559232131e-02   -1.0703160763e+00
    2.8569836169e-02   -1.0740082264e+00
    2.8579475358e-02   -1.0773519278e+00
    2.8589116409e-02   -1.0806806087e+00
    2.8599720448e-02   -1.0843222141e+00
    2.8609359637e-02   -1.0876131058e+00
    2.8619963676e-02   -1.0912109613e+00
    2.8629371896e-02   -1.0943833590e+00
    2.8639463708e-02   -1.0977662802e+00
    2.8649557382e-02   -1.1011290550e+00
    2.8659649193e-02   -1.1044740677e+00
    2.8669068590e-02   -1.1075834036e+00
    2.8678802773e-02   -1.1107875109e+00
    2.8689751402e-02   -1.1143828630e+00
    2.8699485585e-02   -1.1175718307e+00
    2.8709217906e-02   -1.1207568645e+00
    2.8719589114e-02   -1.1241501570e+00
    2.8729682788e-02   -1.1274536848e+00
    2.8739774600e-02   -1.1307612658e+00
    2.8749866411e-02   -1.1340733767e+00
    2.8759306297e-02   -1.1371747255e+00
    2.8769040480e-02   -1.1403774023e+00
    2.8779989108e-02   -1.1439852715e+00
    2.8789883479e-02   -1.1472470760e+00
    2.8799615800e-02   -1.1504505873e+00
    2.8809996322e-02   -1.1538634300e+00
    2.8819728643e-02   -1.1570614576e+00
    2.8829460964e-02   -1.1602605581e+00
    2.8839843348e-02   -1.1636724472e+00
    2.8849575669e-02   -1.1668682098e+00
    2.8859075159e-02   -1.1699804068e+00
    2.8869664297e-02   -1.1734423637e+00
    2.8879303485e-02   -1.1765868664e+00
    2.8889909387e-02   -1.1800359488e+00
    2.8899548575e-02   -1.1831594706e+00
    2.8909187764e-02   -1.1862711906e+00
    2.8919793665e-02   -1.1896804571e+00
    2.8929335997e-02   -1.1927361488e+00
    2.8939561918e-02   -1.1959956884e+00
    2.8949787840e-02   -1.1992399693e+00
    2.8959332034e-02   -1.2022528648e+00
    2.8969556093e-02   -1.2054643631e+00
    2.8979310766e-02   -1.2085125446e+00
    2.8989858925e-02   -1.2117919922e+00
    2.8999499977e-02   -1.2147787809e+00
    2.9009139165e-02   -1.2177639008e+00
    2.9019743204e-02   -1.2210561037e+00
    2.9029384255e-02   -1.2240645885e+00
    2.9039988294e-02   -1.2274011374e+00
    2.9049627483e-02   -1.2304694653e+00
    2.9059268534e-02   -1.2335761786e+00
    2.9069872573e-02   -1.2370302677e+00
    2.9079511762e-02   -1.2401915789e+00
    2.9089152813e-02   -1.2433675528e+00
    2.9099756852e-02   -1.2468841076e+00
    2.9109396040e-02   -1.2501076460e+00
    2.9119037092e-02   -1.2533513308e+00
    2.9129641131e-02   -1.2569298744e+00
    2.9139280319e-02   -1.2601770163e+00
    2.9149884358e-02   -1.2637249231e+00
    2.9159525409e-02   -1.2669031620e+00
    2.9169164598e-02   -1.2700086832e+00
    2.9179768637e-02   -1.2733166218e+00
    2.9189409688e-02   -1.2762169838e+00
    2.9199048877e-02   -1.2790169716e+00
    2.9209652916e-02   -1.2819831371e+00
    2.9219293967e-02   -1.2845785618e+00
    2.9229898006e-02   -1.2873297930e+00
    2.9239537194e-02   -1.2897465229e+00
    2.9249178246e-02   -1.2920899391e+00
    2.9259782284e-02   -1.2945889235e+00
    2.9269421473e-02   -1.2967946529e+00
    2.9279062524e-02   -1.2989457846e+00
    2.9289666563e-02   -1.3012588024e+00
    2.9299305752e-02   -1.3033205271e+00
    2.9309909791e-02   -1.3055545092e+00
    2.9319550842e-02   -1.3075685501e+00
    2.9329190031e-02   -1.3095810413e+00
    2.9339794070e-02   -1.3118002415e+00
    2.9349435121e-02   -1.3138203621e+00
    2.9359074309e-02   -1.3158380985e+00
    2.9369678348e-02   -1.3180522919e+00
    2.9379319400e-02   -1.3200570345e+00
    2.9389923438e-02   -1.3222416639e+00
    2.9399562627e-02   -1.3242013454e+00
    2.9409203678e-02   -1.3261415958e+00
    2.9419807717e-02   -1.3282763958e+00
    2.9429633170e-02   -1.3302793503e+00
    2.9439859092e-02   -1.3324077129e+00
    2.9449401423e-02   -1.3344454765e+00
    2.9459627345e-02   -1.3366934061e+00
    2.9469853267e-02   -1.3390135765e+00
    2.9479397461e-02   -1.3412439823e+00
    2.9489621520e-02   -1.3436876535e+00
    2.9499847442e-02   -1.3461681604e+00
    2.9509391636e-02   -1.3485045433e+00
    2.9519617558e-02   -1.3510262966e+00
    2.9529841617e-02   -1.3535633087e+00
    2.9539385810e-02   -1.3559366465e+00
    2.9549611732e-02   -1.3584764004e+00
    2.9559837654e-02   -1.3610072136e+00
    2.9569379985e-02   -1.3633608818e+00
    2.9579605907e-02   -1.3658745289e+00
    2.9589831829e-02   -1.3683758974e+00
    2.9599376023e-02   -1.3706936836e+00
    2.9609600082e-02   -1.3731515408e+00
    2.9619826004e-02   -1.3755768538e+00
    2.9629370198e-02   -1.3778067827e+00
    2.9639596120e-02   -1.3801529408e+00
    2.9649820179e-02   -1.3824461699e+00
    2.9659364372e-02   -1.3845331669e+00
    2.9669590294e-02   -1.3867121935e+00
    2.9679816216e-02   -1.3888353109e+00
    2.9689358547e-02   -1.3907684088e+00
    2.9699584469e-02   -1.3927854300e+00
    2.9709810391e-02   -1.3947401047e+00
    2.9719354585e-02   -1.3965029716e+00
    2.9729578644e-02   -1.3983235359e+00
    2.9739804566e-02   -1.4000730515e+00
    2.9749348760e-02   -1.4016420841e+00
    2.9759574682e-02   -1.4032564163e+00
    2.9769837856e-02   -1.4048126936e+00
    2.9779477045e-02   -1.4062289000e+00
    2.9789116234e-02   -1.4076126814e+00
    2.9799722135e-02   -1.4091057777e+00
    2.9809361324e-02   -1.4104392529e+00
    2.9819965363e-02   -1.4118813276e+00
    2.9829606414e-02   -1.4131704569e+00
    2.9839245602e-02   -1.4144428968e+00
    2.9849849641e-02   -1.4158269167e+00
    2.9859490693e-02   -1.4170719385e+00
    2.9869129881e-02   -1.4183058739e+00
    2.9879733920e-02   -1.4196565151e+00
    2.9889374971e-02   -1.4208869934e+00
    2.9899979010e-02   -1.4222502708e+00
    2.9909618199e-02   -1.4235001802e+00
    2.9919259250e-02   -1.4247580767e+00
    2.9929863289e-02   -1.4261481762e+00
    2.9939502478e-02   -1.4274160862e+00
    2.9949143529e-02   -1.4286868572e+00
    2.9959747568e-02   -1.4300868511e+00
    2.9969386756e-02   -1.4313617945e+00
    2.9979990795e-02   -1.4327697754e+00
    2.9989631847e-02   -1.4340599775e+00
    2.9999271035e-02   -1.4353652000e+00
    3.0000235885e-02   -1.4354966879e+00
