      3002
    0.0000000000e+00    0.0000000000e+00
    9.7362280940e-06   -5.2290732810e-07
    1.9472456188e-05   -1.9754277218e-06
    2.9208684282e-05   -4.3575610107e-06
    3.8944912376e-05   -7.6693077062e-06
    4.9898168072e-05   -1.2506199710e-05
    5.9634396166e-05   -1.7793374354e-05
    6.9370624260e-05   -2.4010161724e-05
    7.9106852354e-05   -3.1156559999e-05
    8.8843080448e-05   -3.9232574636e-05
    9.9796336144e-05   -4.9429265346e-05
    1.0953255696e-04   -5.9480698837e-05
    1.1936988449e-04   -7.0580645115e-05
    1.2951242388e-04   -8.3018581790e-05
    1.3930225396e-04   -9.5020564913e-05
    1.4939271205e-04   -5.2414886886e-04
    1.5927563072e-04   -1.3745196629e-03
    1.6968246200e-04   -1.9289638149e-03
    1.7952857888e-04   -2.3250344675e-03
    1.8913974054e-04   -2.6950063184e-03
    1.9887587405e-04   -3.1867180951e-03
    2.0982899878e-04   -4.0035061538e-03
    2.1956508863e-04   -4.8261992633e-03
    2.2930116393e-04   -5.6407889351e-03
    2.3903725378e-04   -6.5200608224e-03
    2.4999040761e-04   -7.6460605487e-03
    2.5972659932e-04   -8.7826102972e-03
    2.6946279104e-04   -1.0040940717e-02
    2.7919895365e-04   -1.1377215385e-02
    2.8893514536e-04   -1.2775314040e-02
    2.9988834285e-04   -1.4443231747e-02
    3.0962453457e-04   -1.6020692885e-02
    3.1936069718e-04   -1.7701329663e-02
    3.2909688889e-04   -1.9489642233e-02
    3.3883302240e-04   -2.1374322474e-02
    3.4978619078e-04   -2.3612307385e-02
    3.5952235339e-04   -2.5696147233e-02
    3.6925845779e-04   -2.7856295928e-02
    3.7899453309e-04   -3.0077995732e-02
    3.8994755596e-04   -3.2637119293e-02
    3.9968357305e-04   -3.4976508468e-02
    4.0941956104e-04   -3.7376001477e-02
    4.1915551992e-04   -3.9832085371e-02
    4.2889144970e-04   -4.2345479131e-02
    4.3984435615e-04   -4.5255534351e-02
    4.4958025683e-04   -4.7946032137e-02
    4.5931615750e-04   -5.0751082599e-02
    4.6905202908e-04   -5.3666777909e-02
    4.7878790065e-04   -5.6675117463e-02
    4.8974074889e-04   -6.0144480318e-02
    4.9947656225e-04   -6.3285477459e-02
    5.0921243383e-04   -6.6468529403e-02
    5.1894818898e-04   -6.9685257971e-02
    5.2990094991e-04   -7.3341935873e-02
    5.3963670507e-04   -7.6635785401e-02
    5.4937246023e-04   -7.9985827208e-02
    5.5910821538e-04   -8.3409376442e-02
    5.6884397054e-04   -8.6914986372e-02
    5.7979667326e-04   -9.0951643884e-02
    5.8953242842e-04   -9.4611205161e-02
    5.9926818358e-04   -9.8326340318e-02
    6.0900388053e-04   -1.0208856314e-01
    6.1995652504e-04   -1.0637115687e-01
    6.2969216378e-04   -1.1021801829e-01
    6.3942786073e-04   -1.1410021037e-01
    6.4916349947e-04   -1.1802231520e-01
    6.5889908001e-04   -1.2199294567e-01
    6.6985160811e-04   -1.2653039396e-01
    6.7958718864e-04   -1.3063539565e-01
    6.8932271097e-04   -1.3481031358e-01
    6.9905823329e-04   -1.3905584812e-01
    7.0879369741e-04   -1.4337231219e-01
    7.1974610910e-04   -1.4831681550e-01
    7.2948157322e-04   -1.5279382467e-01
    7.3921697913e-04   -1.5734250844e-01
    7.4895244325e-04   -1.6195321083e-01
    7.5990479672e-04   -1.6720332205e-01
    7.6964020263e-04   -1.7192310095e-01
    7.7937560854e-04   -1.7669574916e-01
    7.8911101446e-04   -1.8152144551e-01
    7.9884642037e-04   -1.8639525771e-01
    8.0979865743e-04   -1.9193072617e-01
    8.1953400513e-04   -1.9690088928e-01
    8.2926929463e-04   -2.0192918181e-01
    8.3900458412e-04   -2.0702518523e-01
    8.4995670477e-04   -2.1283650398e-01
    8.5969193606e-04   -2.1806007624e-01
    8.6942716734e-04   -2.2332720459e-01
    8.7916234042e-04   -2.2863702476e-01
    8.8889745530e-04   -2.3399482667e-01
    8.9984945953e-04   -2.4008411169e-01
    9.0958451619e-04   -2.4555361271e-01
    9.1931951465e-04   -2.5108003616e-01
    9.2905445490e-04   -2.5667002797e-01
    9.3878927873e-04   -2.6233065128e-01
    9.4974087551e-04   -2.6878425479e-01
    9.5947552472e-04   -2.7457460761e-01
    9.6921011573e-04   -2.8038287163e-01
    9.7894459032e-04   -2.8617614508e-01
    9.8989589605e-04   -2.9263702035e-01
    9.9963019602e-04   -2.9830124974e-01
    1.0093643796e-03   -3.0386650562e-01
    1.0190985631e-03   -3.0930456519e-01
    1.0288325138e-03   -3.1459531188e-01
    1.0397832375e-03   -3.2036831975e-01
    1.0495170718e-03   -3.2535514235e-01
    1.0592506733e-03   -3.3021771908e-01
    1.0689842748e-03   -3.3494764566e-01
    1.0799344163e-03   -3.4009170532e-01
    1.0896677850e-03   -3.4450021386e-01
    1.0994010372e-03   -3.4876707196e-01
    1.1091342894e-03   -3.5291677713e-01
    1.1188673088e-03   -3.5696986318e-01
    1.1298169848e-03   -3.6142542958e-01
    1.1395498877e-03   -3.6531135440e-01
    1.1492826743e-03   -3.6916580796e-01
    1.1590153445e-03   -3.7303090096e-01
    1.1699643219e-03   -3.7743854523e-01
    1.1796967592e-03   -3.8143816590e-01
    1.1894289637e-03   -3.8553369045e-01
    1.1991611682e-03   -3.8973620534e-01
    1.2088933727e-03   -3.9404815435e-01
    1.2198420009e-03   -3.9903056622e-01
    1.2295740889e-03   -4.0356752276e-01
    1.2393060606e-03   -4.0819942951e-01
    1.2490381487e-03   -4.1293048859e-01
    1.2599866604e-03   -4.1836774349e-01
    1.2697185157e-03   -4.2329537868e-01
    1.2794504873e-03   -4.2830863595e-01
    1.2891823426e-03   -4.3340620399e-01
    1.2989141978e-03   -4.3859466910e-01
    1.3098624768e-03   -4.4455263019e-01
    1.3195943320e-03   -4.4997119904e-01
    1.3293261873e-03   -4.5551544428e-01
    1.3390581589e-03   -4.6118253469e-01
    1.3487900142e-03   -4.6696048975e-01
    1.3597385259e-03   -4.7356098890e-01
    1.3694704976e-03   -4.7948616743e-01
    1.3792023528e-03   -4.8545283079e-01
    1.3889340917e-03   -4.9145719409e-01
    1.3998821378e-03   -4.9825367332e-01
    1.4096136438e-03   -5.0432515144e-01
    1.4193450334e-03   -5.1041507721e-01
    1.4290763065e-03   -5.1651650667e-01
    1.4388074633e-03   -5.2262139320e-01
    1.4497550437e-03   -5.2947002649e-01
    1.4594860841e-03   -5.3550934792e-01
    1.4692171244e-03   -5.4147493839e-01
    1.4789480483e-03   -5.4734486341e-01
    1.4898953959e-03   -5.5379766226e-01
    1.4996263199e-03   -5.5935102701e-01
    1.5093573602e-03   -5.6470119953e-01
    1.5190882841e-03   -5.6984490156e-01
    1.5288193244e-03   -5.7480067015e-01
    1.5397667885e-03   -5.8019161224e-01
    1.5494978288e-03   -5.8485507965e-01
    1.5592289856e-03   -5.8941936493e-01
    1.5689601423e-03   -5.9389621019e-01
    1.5799077228e-03   -5.9884643555e-01
    1.5896389959e-03   -6.0319566727e-01
    1.5993701527e-03   -6.0753715038e-01
    1.6091015423e-03   -6.1192715168e-01
    1.6188328154e-03   -6.1643552780e-01
    1.6297805123e-03   -6.2173008919e-01
    1.6395119019e-03   -6.2668043375e-01
    1.6492432915e-03   -6.3189017773e-01
    1.6589745646e-03   -6.3738340139e-01
    1.6699222615e-03   -6.4392364025e-01
    1.6796534183e-03   -6.5007317066e-01
    1.6893845750e-03   -6.5654104948e-01
    1.6991156153e-03   -6.6332864761e-01
    1.7088466557e-03   -6.7042058706e-01
    1.7197940033e-03   -6.7871886492e-01
    1.7295248108e-03   -6.8632256985e-01
    1.7392556183e-03   -6.9407039881e-01
    1.7489861930e-03   -7.0190316439e-01
    1.7599329585e-03   -7.1076691151e-01
    1.7696633004e-03   -7.1866118908e-01
    1.7793934094e-03   -7.2654652596e-01
    1.7891235184e-03   -7.3439478874e-01
    1.7988532782e-03   -7.4218517542e-01
    1.8097991124e-03   -7.5087612867e-01
    1.8195285229e-03   -7.5852763653e-01
    1.8292577006e-03   -7.6609808207e-01
    1.8389866455e-03   -7.7357429266e-01
    1.8499315483e-03   -7.8186613321e-01
    1.8596601440e-03   -7.8915649652e-01
    1.8693886232e-03   -7.9641073942e-01
    1.8791169859e-03   -8.0366235971e-01
    1.8888451159e-03   -8.1093215942e-01
    1.8997892039e-03   -8.1914550066e-01
    1.9095172174e-03   -8.2648915052e-01
    1.9192451145e-03   -8.3388620615e-01
    1.9289728953e-03   -8.4134423733e-01
    1.9399166340e-03   -8.4981048107e-01
    1.9496444147e-03   -8.5739016533e-01
    1.9593720790e-03   -8.6499124765e-01
    1.9690997433e-03   -8.7257969379e-01
    1.9788274076e-03   -8.8012355566e-01
    1.9897709135e-03   -8.8852548599e-01
    1.9994983450e-03   -8.9589363337e-01
    2.0092257764e-03   -9.0314674377e-01
    2.0189529750e-03   -9.1027396917e-01
    2.0298960153e-03   -9.1814255714e-01
    2.0396232139e-03   -9.2501443624e-01
    2.0493501797e-03   -9.3178308010e-01
    2.0590771455e-03   -9.3845409155e-01
    2.0688038785e-03   -9.4503581524e-01
    2.0797464531e-03   -9.5235741138e-01
    2.0894729532e-03   -9.5881867409e-01
    2.0991994534e-03   -9.6525681019e-01
    2.1089257207e-03   -9.7168409824e-01
    2.1198678296e-03   -9.7890853882e-01
    2.1295938641e-03   -9.8533064127e-01
    2.1393198986e-03   -9.9176275730e-01
    2.1490459330e-03   -9.9821877480e-01
    2.1599873435e-03   -1.0055325031e+00
    2.1697131451e-03   -1.0120955706e+00
    2.1794387139e-03   -1.0187270641e+00
    2.1891642828e-03   -1.0254251957e+00
    2.1988898516e-03   -1.0321792364e+00
    2.2098312620e-03   -1.0398298502e+00
    2.2195565980e-03   -1.0466704369e+00
    2.2292819340e-03   -1.0535496473e+00
    2.2390072700e-03   -1.0604709387e+00
    2.2499482147e-03   -1.0683120489e+00
    2.2596733179e-03   -1.0753298998e+00
    2.2693981882e-03   -1.0823857784e+00
    2.2791230585e-03   -1.0894693136e+00
    2.2888479289e-03   -1.0965741873e+00
    2.2997881752e-03   -1.1045876741e+00
    2.3095125798e-03   -1.1117187738e+00
    2.3192369845e-03   -1.1188384295e+00
    2.3289611563e-03   -1.1259194613e+00
    2.3399007041e-03   -1.1338068247e+00
    2.3496244103e-03   -1.1407268047e+00
    2.3593481164e-03   -1.1475529671e+00
    2.3690713570e-03   -1.1542867422e+00
    2.3787945975e-03   -1.1609297991e+00
    2.3897332139e-03   -1.1682976484e+00
    2.3995384108e-03   -1.1748033762e+00
    2.4099193979e-03   -1.1815820932e+00
    2.4196517188e-03   -1.1878250837e+00
    2.4293838069e-03   -1.1939116716e+00
    2.4397517554e-03   -1.2002294064e+00
    2.4494747631e-03   -1.2059956789e+00
    2.4591975380e-03   -1.2116231918e+00
    2.4689203128e-03   -1.2171428204e+00
    2.4798586965e-03   -1.2232153416e+00
    2.4895814713e-03   -1.2285383940e+00
    2.4993044790e-03   -1.2338206768e+00
    2.5090277195e-03   -1.2390468121e+00
    2.5199663360e-03   -1.2448420525e+00
    2.5296895765e-03   -1.2499108315e+00
    2.5394128170e-03   -1.2549102306e+00
    2.5491360575e-03   -1.2598643303e+00
    2.5588592980e-03   -1.2647944689e+00
    2.5698216632e-03   -1.2703526020e+00
    2.5799144059e-03   -1.2755105495e+00
    2.5890895631e-03   -1.2802715302e+00
    2.5992738083e-03   -1.2856396437e+00
    2.6088915765e-03   -1.2907863855e+00
    2.6198297273e-03   -1.2967091799e+00
    2.6295525022e-03   -1.3020486832e+00
    2.6392752770e-03   -1.3074833155e+00
    2.6489978191e-03   -1.3130255938e+00
    2.6599837001e-03   -1.3194321394e+00
    2.6699991431e-03   -1.3254152536e+00
    2.6795428712e-03   -1.3312485218e+00
    2.6899522636e-03   -1.3377342224e+00
    2.6996738743e-03   -1.3438689709e+00
    2.7094443794e-03   -1.3500905037e+00
    2.7199555188e-03   -1.3568634987e+00
    2.7294731699e-03   -1.3630305529e+00
    2.7398141101e-03   -1.3697408438e+00
    2.7495711111e-03   -1.3760840893e+00
    2.7592917904e-03   -1.3823643923e+00
    2.7697796468e-03   -1.3890312910e+00
    2.7793236077e-03   -1.3950097561e+00
    2.7893041261e-03   -1.4011491537e+00
    2.7994886041e-03   -1.4072594643e+00
    2.8094514273e-03   -1.4131101370e+00
    2.8192086611e-03   -1.4187306166e+00
    2.8293011710e-03   -1.4244155884e+00
    2.8397461865e-03   -1.4301681519e+00
    2.8498389293e-03   -1.4356257915e+00
    2.8595710173e-03   -1.4408082962e+00
    2.8696637601e-03   -1.4460973740e+00
    2.8791178484e-03   -1.4509813786e+00
    2.8892103583e-03   -1.4561276436e+00
    2.8998849448e-03   -1.4614977837e+00
    2.9093327466e-03   -1.4662065506e+00
    2.9194252566e-03   -1.4711965322e+00
    2.9295179993e-03   -1.4761629105e+00
    2.9396105092e-03   -1.4811098576e+00
    2.9497032519e-03   -1.4860506058e+00
    2.9597959947e-03   -1.4909940958e+00
    2.9698885046e-03   -1.4959417582e+00
    2.9793891590e-03   -1.5006124973e+00
    2.9899931978e-03   -1.5058491230e+00
    2.9996333178e-03   -1.5106338263e+00
    3.0095723923e-03   -1.5155942440e+00
    3.0192923732e-03   -1.5204646587e+00
    3.0290123541e-03   -1.5253382921e+00
    3.0399472453e-03   -1.5308330059e+00
    3.0493761878e-03   -1.5355858803e+00
    3.0599802267e-03   -1.5409522057e+00
    3.0694403686e-03   -1.5457534790e+00
    3.0796655919e-03   -1.5509443283e+00
    3.0898910481e-03   -1.5561348200e+00
    3.0994347762e-03   -1.5609532595e+00
    3.1096602324e-03   -1.5660840273e+00
    3.1196919736e-03   -1.5710912943e+00
    3.1294038054e-03   -1.5759032965e+00
    3.1391226221e-03   -1.5806752443e+00
    3.1490530819e-03   -1.5855324268e+00
    3.1596571207e-03   -1.5906931162e+00
    3.1696353108e-03   -1.5955163240e+00
    3.1790640205e-03   -1.6000368595e+00
    3.1896680593e-03   -1.6050721407e+00
    3.1993081793e-03   -1.6095997095e+00
    3.2090446912e-03   -1.6141051054e+00
    3.2199474517e-03   -1.6190762520e+00
    3.2296658028e-03   -1.6234452724e+00
    3.2391333953e-03   -1.6276403666e+00
    3.2497376669e-03   -1.6322741508e+00
    3.2593775541e-03   -1.6364185810e+00
    3.2695673872e-03   -1.6407176256e+00
    3.2797090244e-03   -1.6449282169e+00
    3.2893491443e-03   -1.6488734484e+00
    3.2999531832e-03   -1.6531441212e+00
    3.3095933031e-03   -1.6569623947e+00
    3.3188189846e-03   -1.6605703831e+00
    3.3297524787e-03   -1.6647902727e+00
    3.3394712955e-03   -1.6684848070e+00
    3.3491901122e-03   -1.6721290350e+00
    3.3589089289e-03   -1.6757156849e+00
    3.3698424231e-03   -1.6796839237e+00
    3.3793104813e-03   -1.6830719709e+00
    3.3899145201e-03   -1.6868101358e+00
    3.3995546401e-03   -1.6901527643e+00
    3.4092820715e-03   -1.6934651136e+00
    3.4190008882e-03   -1.6967108250e+00
    3.4299343824e-03   -1.7002892494e+00
    3.4396529663e-03   -1.7034103870e+00
    3.4495438449e-03   -1.7065322399e+00
    3.4591839649e-03   -1.7095324993e+00
    3.4697880037e-03   -1.7127854824e+00
    3.4794281237e-03   -1.7156914473e+00
    3.4890682437e-03   -1.7185407877e+00
    3.4996722825e-03   -1.7215969563e+00
    3.5093124025e-03   -1.7243006229e+00
    3.5195411183e-03   -1.7270931005e+00
    3.5292592365e-03   -1.7296670675e+00
    3.5389771219e-03   -1.7321577072e+00
    3.5491187591e-03   -1.7346659899e+00
    3.5597227979e-03   -1.7371851206e+00
    3.5693629179e-03   -1.7393800020e+00
    3.5799669567e-03   -1.7416836023e+00
    3.5896070767e-03   -1.7436761856e+00
    3.5997966770e-03   -1.7456790209e+00
    3.6095143296e-03   -1.7474957705e+00
    3.6192319822e-03   -1.7492284775e+00
    3.6298360210e-03   -1.7510410547e+00
    3.6394761410e-03   -1.7526352406e+00
    3.6499553826e-03   -1.7543145418e+00
    3.6596730351e-03   -1.7558172941e+00
    3.6693906877e-03   -1.7572700977e+00
    3.6791083403e-03   -1.7586829662e+00
    3.6888259929e-03   -1.7600624561e+00
    3.6997585557e-03   -1.7615771294e+00
    3.7098999601e-03   -1.7629451752e+00
    3.7195400801e-03   -1.7642142773e+00
    3.7291802000e-03   -1.7654507160e+00
    3.7397842389e-03   -1.7667646408e+00
    3.7494243588e-03   -1.7679158449e+00
    3.7590644788e-03   -1.7690248489e+00
    3.7687914446e-03   -1.7701022625e+00
    3.7798970006e-03   -1.7712845802e+00
    3.7895371206e-03   -1.7722772360e+00
    3.7991772406e-03   -1.7732461691e+00
    3.8097812794e-03   -1.7742830515e+00
    3.8195177913e-03   -1.7752085924e+00
    3.8291872479e-03   -1.7760982513e+00
    3.8389049005e-03   -1.7769558430e+00
    3.8496016059e-03   -1.7778549194e+00
    3.8598270621e-03   -1.7786643505e+00
    3.8693707902e-03   -1.7793695927e+00
    3.8795962464e-03   -1.7800692320e+00
    3.8898217026e-03   -1.7807127237e+00
    3.8993654307e-03   -1.7812561989e+00
    3.9095906541e-03   -1.7817640305e+00
    3.9198161103e-03   -1.7821886539e+00
    3.9293598384e-03   -1.7825105190e+00
    3.9395852946e-03   -1.7827776670e+00
    3.9498107508e-03   -1.7829632759e+00
    3.9593544789e-03   -1.7830588818e+00
    3.9695799351e-03   -1.7830740213e+00
    3.9798053913e-03   -1.7829957008e+00
    3.9893491194e-03   -1.7828365564e+00
    3.9995745756e-03   -1.7825744152e+00
    4.0098000318e-03   -1.7822195292e+00
    4.0193437599e-03   -1.7818064690e+00
    4.0295692161e-03   -1.7812790871e+00
    4.0397946723e-03   -1.7806693316e+00
    4.0493384004e-03   -1.7800326347e+00
    4.0595638566e-03   -1.7792868614e+00
    4.0697893128e-03   -1.7784854174e+00
    4.0793330409e-03   -1.7776978016e+00
    4.0895584971e-03   -1.7768228054e+00
    4.0997839533e-03   -1.7759252787e+00
    4.1093276814e-03   -1.7750736475e+00
    4.1195531376e-03   -1.7741527557e+00
    4.1297785938e-03   -1.7732294798e+00
    4.1393223219e-03   -1.7723702192e+00
    4.1495477781e-03   -1.7714557648e+00
    4.1594114155e-03   -1.7705836296e+00
    4.1690515354e-03   -1.7697424889e+00
    4.1796555743e-03   -1.7688256502e+00
    4.1893920861e-03   -1.7679899931e+00
    4.1999961250e-03   -1.7670907974e+00
    4.2096362449e-03   -1.7662799358e+00
    4.2192763649e-03   -1.7654689550e+00
    4.2298804037e-03   -1.7645765543e+00
    4.2395205237e-03   -1.7637679577e+00
    4.2491606437e-03   -1.7629623413e+00
    4.2597646825e-03   -1.7620763779e+00
    4.2694048025e-03   -1.7612675428e+00
    4.2790449224e-03   -1.7604519129e+00
    4.2896489613e-03   -1.7595399618e+00
    4.2992890812e-03   -1.7586897612e+00
    4.3094786815e-03   -1.7577613592e+00
    4.3191188015e-03   -1.7568473816e+00
    4.3297228403e-03   -1.7557920218e+00
    4.3393629603e-03   -1.7547779083e+00
    4.3499669991e-03   -1.7535949945e+00
    4.3596071191e-03   -1.7524528503e+00
    4.3692472391e-03   -1.7512416840e+00
    4.3796873651e-03   -1.7498456240e+00
    4.3896171264e-03   -1.7484335899e+00
    4.3992572464e-03   -1.7469823360e+00
    4.4098612852e-03   -1.7452880144e+00
    4.4191260822e-03   -1.7437261343e+00
    4.4288439676e-03   -1.7420133352e+00
    4.4395262375e-03   -1.7400511503e+00
    4.4491663575e-03   -1.7382138968e+00
    4.4597703964e-03   -1.7361238003e+00
    4.4694105163e-03   -1.7341673374e+00
    4.4790506363e-03   -1.7321622372e+00
    4.4897235930e-03   -1.7298915386e+00
    4.4999490492e-03   -1.7276701927e+00
    4.5098606497e-03   -1.7254828215e+00
    4.5195007697e-03   -1.7233332396e+00
    4.5291408896e-03   -1.7211613655e+00
    4.5397449285e-03   -1.7187545300e+00
    4.5494814403e-03   -1.7165400982e+00
    4.5598256402e-03   -1.7141814232e+00
    4.5688003302e-03   -1.7121286392e+00
    4.5797340572e-03   -1.7096241713e+00
    4.5894528739e-03   -1.7074029446e+00
    4.5991716906e-03   -1.7051836252e+00
    4.6096034348e-03   -1.7028027773e+00
    4.6192435548e-03   -1.7006009817e+00
    4.6298475936e-03   -1.6981658936e+00
    4.6394877136e-03   -1.6959420443e+00
    4.6491278335e-03   -1.6937072277e+00
    4.6598194167e-03   -1.6912139654e+00
    4.6698590741e-03   -1.6888624430e+00
    4.6794028021e-03   -1.6866046190e+00
    4.6897139400e-03   -1.6841269732e+00
    4.6993540600e-03   -1.6817862988e+00
    4.7099580988e-03   -1.6791827679e+00
    4.7195982188e-03   -1.6767805815e+00
    4.7292383388e-03   -1.6743416786e+00
    4.7398423776e-03   -1.6716015339e+00
    4.7493190505e-03   -1.6690959930e+00
    4.7590387985e-03   -1.6664756536e+00
    4.7699734569e-03   -1.6634701490e+00
    4.7796932049e-03   -1.6607384682e+00
    4.7894129530e-03   -1.6579464674e+00
    4.7990926541e-03   -1.6551011801e+00
    4.8096003011e-03   -1.6519317627e+00
    4.8195123672e-03   -1.6488617659e+00
    4.8291524872e-03   -1.6458270550e+00
    4.8397565261e-03   -1.6424424648e+00
    4.8493966460e-03   -1.6393221617e+00
    4.8593357205e-03   -1.6360698938e+00
    4.8690559343e-03   -1.6328486204e+00
    4.8794490285e-03   -1.6293623447e+00
    4.8890891485e-03   -1.6260854006e+00
    4.8996931873e-03   -1.6224359274e+00
    4.9097039737e-03   -1.6189609766e+00
    4.9195010215e-03   -1.6155252457e+00
    4.9291541800e-03   -1.6121150255e+00
    4.9388753250e-03   -1.6086865664e+00
    4.9493089318e-03   -1.6050003767e+00
    4.9599129707e-03   -1.6012279987e+00
    4.9695530906e-03   -1.5977714062e+00
    4.9791932106e-03   -1.5942775011e+00
    4.9896342680e-03   -1.5904562473e+00
    4.9992743880e-03   -1.5869126320e+00
    5.0091389567e-03   -1.5832804441e+00
    5.0191693008e-03   -1.5795800686e+00
    5.0288909115e-03   -1.5759886503e+00
    5.0398274325e-03   -1.5719338655e+00
    5.0495490432e-03   -1.5683089495e+00
    5.0592706539e-03   -1.5646733046e+00
    5.0689922646e-03   -1.5610256195e+00
    5.0796782598e-03   -1.5569968224e+00
    5.0893183798e-03   -1.5533450842e+00
    5.0999224186e-03   -1.5493047237e+00
    5.1094000228e-03   -1.5456776619e+00
    5.1191216335e-03   -1.5419448614e+00
    5.1288441755e-03   -1.5382012129e+00
    5.1397816278e-03   -1.5339723825e+00
    5.1495037042e-03   -1.5302008390e+00
    5.1592257805e-03   -1.5264157057e+00
    5.1689483225e-03   -1.5226140022e+00
    5.1792906597e-03   -1.5185557604e+00
    5.1893829368e-03   -1.5145804882e+00
    5.1987944171e-03   -1.5108543634e+00
    5.2097323351e-03   -1.5065203905e+00
    5.2194553427e-03   -1.5026605129e+00
    5.2291778848e-03   -1.4987869263e+00
    5.2396133542e-03   -1.4946193695e+00
    5.2492534742e-03   -1.4907459021e+00
    5.2596954629e-03   -1.4865139723e+00
    5.2694184706e-03   -1.4825571775e+00
    5.2791414782e-03   -1.4785950184e+00
    5.2888644859e-03   -1.4746226072e+00
    5.2995104343e-03   -1.4702639580e+00
    5.3091505542e-03   -1.4662951231e+00
    5.3197545931e-03   -1.4619007111e+00
    5.3293947130e-03   -1.4578946829e+00
    5.3399987519e-03   -1.4534797668e+00
    5.3496388718e-03   -1.4494673014e+00
    5.3592789918e-03   -1.4454609156e+00
    5.3699794225e-03   -1.4410147667e+00
    5.3796540014e-03   -1.4369925261e+00
    5.3893360309e-03   -1.4329710007e+00
    5.3999405354e-03   -1.4285606146e+00
    5.4092551582e-03   -1.4246776104e+00
    5.4195336998e-03   -1.4203926325e+00
    5.4291738197e-03   -1.4163732529e+00
    5.4397778586e-03   -1.4119629860e+00
    5.4494179785e-03   -1.4079706669e+00
    5.4596504197e-03   -1.4037489891e+00
    5.4695424624e-03   -1.3996840715e+00
    5.4791821167e-03   -1.3957244158e+00
    5.4894150235e-03   -1.3915196657e+00
    5.4991403595e-03   -1.3875387907e+00
    5.5088652298e-03   -1.3835687637e+00
    5.5198059417e-03   -1.3791143894e+00
    5.5295312777e-03   -1.3751729727e+00
    5.5392561480e-03   -1.3712447882e+00
    5.5489819497e-03   -1.3673315048e+00
    5.5599231273e-03   -1.3629518747e+00
    5.5696484633e-03   -1.3590818644e+00
    5.5793742649e-03   -1.3552368879e+00
    5.5891000666e-03   -1.3514156342e+00
    5.5988258682e-03   -1.3476146460e+00
    5.6097675115e-03   -1.3433588743e+00
    5.6194933131e-03   -1.3395919800e+00
    5.6291334331e-03   -1.3358705044e+00
    5.6397374719e-03   -1.3317800760e+00
    5.6497198530e-03   -1.3279373646e+00
    5.6594461203e-03   -1.3242130280e+00
    5.6693810038e-03   -1.3204299212e+00
    5.6799850427e-03   -1.3164010048e+00
    5.6899241172e-03   -1.3126230240e+00
    5.6996508501e-03   -1.3089270592e+00
    5.7093775831e-03   -1.3052397966e+00
    5.7191043161e-03   -1.3015606403e+00
    5.7288315147e-03   -1.2978889942e+00
    5.7397307828e-03   -1.2937794924e+00
    5.7493709028e-03   -1.2901350260e+00
    5.7599749416e-03   -1.2861113548e+00
    5.7696150616e-03   -1.2824534178e+00
    5.7792551816e-03   -1.2787986994e+00
    5.7896981016e-03   -1.2748464346e+00
    5.7994257659e-03   -1.2711746693e+00
    5.8090658858e-03   -1.2675429583e+00
    5.8196699247e-03   -1.2635365725e+00
    5.8288965374e-03   -1.2600456476e+00
    5.8398405090e-03   -1.2559056282e+00
    5.8495686390e-03   -1.2522268295e+00
    5.8592963032e-03   -1.2485469580e+00
    5.8690244332e-03   -1.2448658943e+00
    5.8792126365e-03   -1.2410048246e+00
    5.8898166753e-03   -1.2369706631e+00
    5.8994567953e-03   -1.2332875729e+00
    5.9090969153e-03   -1.2296017408e+00
    5.9197009541e-03   -1.2255480289e+00
    5.9293410741e-03   -1.2218650579e+00
    5.9399455786e-03   -1.2178207636e+00
    5.9494688176e-03   -1.2141972780e+00
    5.9599531814e-03   -1.2102249861e+00
    5.9691281058e-03   -1.2067549229e+00
    5.9797321446e-03   -1.2027544975e+00
    5.9893722646e-03   -1.1991389990e+00
    5.9998603538e-03   -1.1952233315e+00
    6.0097523965e-03   -1.1915568113e+00
    6.0193925165e-03   -1.1880058050e+00
    6.0299965553e-03   -1.1841222048e+00
    6.0396366753e-03   -1.1806173325e+00
    6.0492767952e-03   -1.1771285534e+00
    6.0598808341e-03   -1.1733151674e+00
    6.0695209540e-03   -1.1698800325e+00
    6.0791610740e-03   -1.1664744616e+00
    6.0897651128e-03   -1.1627591848e+00
    6.0994052328e-03   -1.1594072580e+00
    6.1090453528e-03   -1.1560791731e+00
    6.1196493916e-03   -1.1524469852e+00
    6.1292895116e-03   -1.1491696835e+00
    6.1398935504e-03   -1.1455919743e+00
    6.1495336704e-03   -1.1423666477e+00
    6.1591737904e-03   -1.1391668320e+00
    6.1694057658e-03   -1.1357954741e+00
    6.1799632385e-03   -1.1323401928e+00
    6.1896033585e-03   -1.1292067766e+00
    6.1992434785e-03   -1.1260936260e+00
    6.2098475173e-03   -1.1226905584e+00
    6.2194876373e-03   -1.1196190119e+00
    6.2291277573e-03   -1.1165702343e+00
    6.2397317961e-03   -1.1132403612e+00
    6.2493719161e-03   -1.1102335453e+00
    6.2599764206e-03   -1.1069494486e+00
    6.2699606642e-03   -1.1038790941e+00
    6.2796915881e-03   -1.1009103060e+00
    6.2895840965e-03   -1.0979139805e+00
    6.2998207286e-03   -1.0948210955e+00
    6.3095516525e-03   -1.0918955803e+00
    6.3192825764e-03   -1.0889853239e+00
    6.3298135065e-03   -1.0858445168e+00
    6.3390866853e-03   -1.0830881596e+00
    6.3488176093e-03   -1.0802086592e+00
    6.3596740365e-03   -1.0770118237e+00
    6.3693141565e-03   -1.0741814375e+00
    6.3792532310e-03   -1.0712797642e+00
    6.3896505162e-03   -1.0682631731e+00
    6.3992906362e-03   -1.0654797554e+00
    6.4098946750e-03   -1.0624344349e+00
    6.4195347950e-03   -1.0596873760e+00
    6.4297262579e-03   -1.0568071604e+00
    6.4397552051e-03   -1.0539995432e+00
    6.4498339780e-03   -1.0512006283e+00
    6.4594256692e-03   -1.0485674143e+00
    6.4698364586e-03   -1.0457435846e+00
    6.4796209335e-03   -1.0431185961e+00
    6.4893672243e-03   -1.0405386686e+00
    6.4996611327e-03   -1.0378456116e+00
    6.5095736645e-03   -1.0352880955e+00
    6.5198671073e-03   -1.0326629877e+00
    6.5294108354e-03   -1.0302541256e+00
    6.5393913537e-03   -1.0277686119e+00
    6.5488712862e-03   -1.0254478455e+00
    6.5597733483e-03   -1.0228357315e+00
    6.5699988045e-03   -1.0204339027e+00
    6.5795425326e-03   -1.0182323456e+00
    6.5897679888e-03   -1.0159277916e+00
    6.5999934450e-03   -1.0136672258e+00
    6.6095371731e-03   -1.0115911961e+00
    6.6197626293e-03   -1.0094155073e+00
    6.6299568862e-03   -1.0073044300e+00
    6.6398954950e-03   -1.0053045750e+00
    6.6495356150e-03   -1.0034121275e+00
    6.6591757350e-03   -1.0015609264e+00
    6.6697797738e-03   -9.9957627058e-01
    6.6794198938e-03   -9.9781835079e-01
    6.6890600137e-03   -9.9610173702e-01
    6.6996640526e-03   -9.9426543713e-01
    6.7093041725e-03   -9.9264961481e-01
    6.7190406844e-03   -9.9107068777e-01
    6.7296405323e-03   -9.8940718174e-01
    6.7392806523e-03   -9.8793810606e-01
    6.7498846911e-03   -9.8636651039e-01
    6.7595248111e-03   -9.8498249054e-01
    6.7691649310e-03   -9.8364317417e-01
    6.7799063399e-03   -9.8220568895e-01
    6.7896377295e-03   -9.8095804453e-01
    6.7997826263e-03   -9.7971063852e-01
    6.8094227463e-03   -9.7857034206e-01
    6.8190628663e-03   -9.7747135162e-01
    6.8290471099e-03   -9.7637480497e-01
    6.8399040028e-03   -9.7523277998e-01
    6.8495436572e-03   -9.7426384687e-01
    6.8591837771e-03   -9.7333610058e-01
    6.8697882816e-03   -9.7236377001e-01
    6.8797268905e-03   -9.7149854898e-01
    6.8899174221e-03   -9.7066128254e-01
    6.8995575421e-03   -9.6991723776e-01
    6.9091976620e-03   -9.6921819448e-01
    6.9189341739e-03   -9.6856194735e-01
    6.9298320450e-03   -9.6788638830e-01
    6.9395634346e-03   -9.6733450890e-01
    6.9492948242e-03   -9.6682971716e-01
    6.9590262137e-03   -9.6636843681e-01
    6.9692167453e-03   -9.6592783928e-01
    6.9798212498e-03   -9.6551024914e-01
    6.9894609042e-03   -9.6516513824e-01
    6.9991010241e-03   -9.6485573053e-01
    7.0097055286e-03   -9.6455955505e-01
    7.0189782418e-03   -9.6433842182e-01
    7.0299264044e-03   -9.6412140131e-01
    7.0396582596e-03   -9.6396690607e-01
    7.0490916260e-03   -9.6385008097e-01
    7.0596956648e-03   -9.6375519037e-01
    7.0693357848e-03   -9.6370011568e-01
    7.0799398236e-03   -9.6367579699e-01
    7.0895799436e-03   -9.6368974447e-01
    7.0992200635e-03   -9.6373832226e-01
    7.1099204943e-03   -9.6383225918e-01
    7.1196025237e-03   -9.6395313740e-01
    7.1297474205e-03   -9.6411651373e-01
    7.1393875405e-03   -9.6430593729e-01
    7.1499915794e-03   -9.6454972029e-01
    7.1597280912e-03   -9.6480542421e-01
    7.1694101207e-03   -9.6509110928e-01
    7.1793026291e-03   -9.6541661024e-01
    7.1899066679e-03   -9.6580791473e-01
    7.1995467879e-03   -9.6620410681e-01
    7.2091869079e-03   -9.6663796902e-01
    7.2196307592e-03   -9.6714890003e-01
    7.2297756560e-03   -9.6768593788e-01
    7.2394157760e-03   -9.6823573112e-01
    7.2488957085e-03   -9.6881490946e-01
    7.2598969564e-03   -9.6953159571e-01
    7.2694406845e-03   -9.7018909454e-01
    7.2798514739e-03   -9.7093975544e-01
    7.2899963707e-03   -9.7170078754e-01
    7.2996364906e-03   -9.7245341539e-01
    7.3092766106e-03   -9.7323691845e-01
    7.3198806494e-03   -9.7413438559e-01
    7.3296171613e-03   -9.7499322891e-01
    7.3392991908e-03   -9.7587764263e-01
    7.3496964760e-03   -9.7685742378e-01
    7.3593365960e-03   -9.7779506445e-01
    7.3699406348e-03   -9.7886049747e-01
    7.3795807548e-03   -9.7986394167e-01
    7.3892208748e-03   -9.8090231419e-01
    7.3998249136e-03   -9.8208087683e-01
    7.4094650336e-03   -9.8318314552e-01
    7.4191051535e-03   -9.8431313038e-01
    7.4292966165e-03   -9.8553806543e-01
    7.4398522265e-03   -9.8684126139e-01
    7.4494676664e-03   -9.8806416988e-01
    7.4590719305e-03   -9.8931658268e-01
    7.4692168273e-03   -9.9066472054e-01
    7.4798208661e-03   -9.9210602045e-01
    7.4890935794e-03   -9.9338769913e-01
    7.4999956414e-03   -9.9491524696e-01
    7.5096357614e-03   -9.9629497528e-01
    7.5192758814e-03   -9.9770283699e-01
    7.5298799202e-03   -9.9928098917e-01
    7.5393547304e-03   -1.0007201433e+00
    7.5499000959e-03   -1.0023517609e+00
    7.5596324168e-03   -1.0038803816e+00
    7.5697768480e-03   -1.0054912567e+00
    7.5794169679e-03   -1.0070418119e+00
    7.5890570879e-03   -1.0086143017e+00
    7.5996611267e-03   -1.0103633404e+00
    7.6093012467e-03   -1.0119713545e+00
    7.6199742034e-03   -1.0137783289e+00
    7.6290392317e-03   -1.0153433084e+00
    7.6396432705e-03   -1.0172048807e+00
    7.6492833905e-03   -1.0189173222e+00
    7.6598874293e-03   -1.0208215714e+00
    7.6695275493e-03   -1.0225539207e+00
    7.6791676693e-03   -1.0242922306e+00
    7.6898406260e-03   -1.0262537003e+00
    7.6997042634e-03   -1.0281132460e+00
    7.7093443833e-03   -1.0299669504e+00
    7.7199484222e-03   -1.0320259333e+00
    7.7298604883e-03   -1.0339632034e+00
    7.7397720888e-03   -1.0358936787e+00
    7.7494122088e-03   -1.0377699137e+00
    7.7590523288e-03   -1.0396708250e+00
    7.7696563676e-03   -1.0417811871e+00
    7.7793654054e-03   -1.0436981916e+00
    7.7895908616e-03   -1.0456916094e+00
    7.7994544990e-03   -1.0475941896e+00
    7.8090946190e-03   -1.0494422913e+00
    7.8196981922e-03   -1.0514856577e+00
    7.8293383121e-03   -1.0533660650e+00
    7.8399423510e-03   -1.0554308891e+00
    7.8496029601e-03   -1.0572638512e+00
    7.8590465710e-03   -1.0589331388e+00
    7.8697828576e-03   -1.0605248213e+00
    7.8793661669e-03   -1.0615261793e+00
    7.8899702057e-03   -1.0620408058e+00
    7.8996103257e-03   -1.0619070530e+00
    7.9092504457e-03   -1.0611985922e+00
    7.9195722938e-03   -1.0598746538e+00
    7.9297982156e-03   -1.0581177473e+00
    7.9392623156e-03   -1.0562798977e+00
    7.9498663545e-03   -1.0541551113e+00
    7.9599739984e-03   -1.0521483421e+00
    7.9694185406e-03   -1.0504772663e+00
    7.9790474847e-03   -1.0493245125e+00
    7.9896515235e-03   -1.0490616560e+00
    7.9993270338e-03   -1.0498430729e+00
    8.0094840378e-03   -1.0518717766e+00
    8.0196298659e-03   -1.0552577972e+00
    8.0292699859e-03   -1.0597723722e+00
    8.0398255959e-03   -1.0659149885e+00
    8.0493697897e-03   -1.0725277662e+00
    8.0596804619e-03   -1.0807504654e+00
    8.0693205819e-03   -1.0892449617e+00
    8.0799246207e-03   -1.0993328094e+00
    8.0899158493e-03   -1.1095285416e+00
    8.0994600430e-03   -1.1197555065e+00
    8.1097539514e-03   -1.1310039759e+00
    8.1199789420e-03   -1.1421520710e+00
    8.1297252327e-03   -1.1525943279e+00
    8.1393653527e-03   -1.1625711918e+00
    8.1499693915e-03   -1.1729860306e+00
    8.1596095115e-03   -1.1818047762e+00
    8.1694843248e-03   -1.1900781393e+00
    8.1797093153e-03   -1.1978600025e+00
    8.1899352372e-03   -1.2049539089e+00
    8.1995641813e-03   -1.2111411095e+00
    8.2092043012e-03   -1.2170063257e+00
    8.2198083401e-03   -1.2231991291e+00
    8.2294484600e-03   -1.2286485434e+00
    8.2390885800e-03   -1.2340282202e+00
    8.2496926188e-03   -1.2400028706e+00
    8.2595190033e-03   -1.2456598282e+00
    8.2697449252e-03   -1.2517290115e+00
    8.2799699157e-03   -1.2579838037e+00
    8.2895141095e-03   -1.2640044689e+00
    8.2997391000e-03   -1.2706160545e+00
    8.3093205467e-03   -1.2769845724e+00
    8.3195455372e-03   -1.2840330601e+00
    8.3297714591e-03   -1.2913137674e+00
    8.3399964496e-03   -1.2987524271e+00
    8.3495406434e-03   -1.3057825565e+00
    8.3597656339e-03   -1.3133254051e+00
    8.3699915558e-03   -1.3208390474e+00
    8.3795348182e-03   -1.3272892237e+00
    8.3897607401e-03   -1.3343417645e+00
    8.3999857306e-03   -1.3418391943e+00
    8.4095299244e-03   -1.3490734100e+00
    8.4197549149e-03   -1.3570830822e+00
    8.4299808368e-03   -1.3652263880e+00
    8.4395240992e-03   -1.3729031086e+00
    8.4497500211e-03   -1.3813055754e+00
    8.4597300738e-03   -1.3896985054e+00
    8.4693701938e-03   -1.3979218006e+00
    8.4799742326e-03   -1.4069960117e+00
    8.4898490459e-03   -1.4154772758e+00
    8.4990793839e-03   -1.4234597683e+00
    8.5096834227e-03   -1.4326423407e+00
    8.5193235427e-03   -1.4409765005e+00
    8.5299275815e-03   -1.4501148462e+00
    8.5396841168e-03   -1.4584654570e+00
    8.5494313389e-03   -1.4672570229e+00
    8.5590714589e-03   -1.4757169485e+00
    8.5696270689e-03   -1.4844949245e+00
    8.5798520595e-03   -1.4927005768e+00
    8.5899988189e-03   -1.5006057024e+00
    8.5995309055e-03   -1.5078347921e+00
    8.6095705628e-03   -1.5153118372e+00
    8.6197955534e-03   -1.5228173733e+00
    8.6293397471e-03   -1.5297398567e+00
    8.6394855753e-03   -1.5370252132e+00
    8.6494432762e-03   -1.5441324711e+00
    8.6590833962e-03   -1.5510077477e+00
    8.6694741622e-03   -1.5583314896e+00
    8.6792288348e-03   -1.5645538568e+00
    8.6897769943e-03   -1.5712710619e+00
    8.6994171143e-03   -1.5775036812e+00
    8.7090572342e-03   -1.5837095976e+00
    8.7196612731e-03   -1.5903501511e+00
    8.7293703109e-03   -1.5960006714e+00
    8.7395953014e-03   -1.6015537977e+00
    8.7498212233e-03   -1.6067482233e+00
    8.7598012760e-03   -1.6114267111e+00
    8.7694413960e-03   -1.6155917645e+00
    8.7790815160e-03   -1.6194018126e+00
    8.7896855548e-03   -1.6232287884e+00
    8.7993256748e-03   -1.6264185905e+00
    8.8097164407e-03   -1.6295565367e+00
    8.8199423626e-03   -1.6323763132e+00
    8.8294856250e-03   -1.6347494125e+00
    8.8397115469e-03   -1.6369626522e+00
    8.8493227959e-03   -1.6387286186e+00
    8.8595664129e-03   -1.6403328180e+00
    8.8694300503e-03   -1.6416755915e+00
    8.8790701702e-03   -1.6428866386e+00
    8.8896742091e-03   -1.6441240311e+00
    8.8993143290e-03   -1.6452105045e+00
    8.9099183679e-03   -1.6464500427e+00
    8.9195584878e-03   -1.6476953030e+00
    8.9298319072e-03   -1.6491971016e+00
    8.9393751696e-03   -1.6507924795e+00
    8.9499689639e-03   -1.6528569460e+00
    8.9596090838e-03   -1.6549764872e+00
    8.9692492038e-03   -1.6572642326e+00
    8.9798532426e-03   -1.6599991322e+00
    8.9894933626e-03   -1.6627351046e+00
    8.9991334826e-03   -1.6656837463e+00
    9.0095242485e-03   -1.6690216064e+00
    9.0191541240e-03   -1.6722090244e+00
    9.0297581628e-03   -1.6757918596e+00
    9.0398658067e-03   -1.6792846918e+00
    9.0494100004e-03   -1.6826244593e+00
    9.0596349910e-03   -1.6861559153e+00
    9.0698609129e-03   -1.6896002293e+00
    9.0794041753e-03   -1.6927387714e+00
    9.0896980837e-03   -1.6960033178e+00
    9.0993279591e-03   -1.6989154816e+00
    9.1098835692e-03   -1.7019227743e+00
    9.1194957495e-03   -1.7044805288e+00
    9.1295018792e-03   -1.7069467306e+00
    9.1391419992e-03   -1.7091068029e+00
    9.1494163498e-03   -1.7112319469e+00
    9.1596413404e-03   -1.7132248878e+00
    9.1698672622e-03   -1.7150563002e+00
    9.1794105247e-03   -1.7166093588e+00
    9.1893225908e-03   -1.7180995941e+00
    9.1999843717e-03   -1.7195651531e+00
    9.2096934095e-03   -1.7207934856e+00
    9.2199193314e-03   -1.7219917774e+00
    9.2294625938e-03   -1.7230644226e+00
    9.2396885157e-03   -1.7242215872e+00
    9.2499135062e-03   -1.7254258394e+00
    9.2594577000e-03   -1.7265957594e+00
    9.2696826905e-03   -1.7278971672e+00
    9.2795947567e-03   -1.7292262316e+00
    9.2894099653e-03   -1.7306128740e+00
    9.2999171466e-03   -1.7321823835e+00
    9.3094613403e-03   -1.7336971760e+00
    9.3196863309e-03   -1.7354111671e+00
    9.3299122527e-03   -1.7371876240e+00
    9.3392105773e-03   -1.7388273478e+00
    9.3498146161e-03   -1.7407104969e+00
    9.3594547361e-03   -1.7424161434e+00
    9.3690948561e-03   -1.7441006899e+00
    9.3796988949e-03   -1.7459228039e+00
    9.3893390149e-03   -1.7475464344e+00
    9.3998471275e-03   -1.7492731810e+00
    9.4093913212e-03   -1.7508170605e+00
    9.4196163118e-03   -1.7524454594e+00
    9.4298422337e-03   -1.7540159225e+00
    9.4393854961e-03   -1.7553786039e+00
    9.4496114179e-03   -1.7567316294e+00
    9.4598364085e-03   -1.7579935789e+00
    9.4693806022e-03   -1.7591264248e+00
    9.4796055928e-03   -1.7603262663e+00
    9.4898305833e-03   -1.7614842653e+00
    9.4993747771e-03   -1.7625195980e+00
    9.5095997676e-03   -1.7635455132e+00
    9.5198256895e-03   -1.7645248175e+00
    9.5291249454e-03   -1.7654211521e+00
    9.5397289842e-03   -1.7664451599e+00
    9.5499539748e-03   -1.7674468756e+00
    9.5594981685e-03   -1.7684100866e+00
    9.5697231591e-03   -1.7695018053e+00
    9.5799490809e-03   -1.7706707716e+00
    9.5894923434e-03   -1.7718044519e+00
    9.5997182652e-03   -1.7730454206e+00
    9.6099432558e-03   -1.7743232250e+00
    9.6194874495e-03   -1.7755484581e+00
    9.6297124401e-03   -1.7768818140e+00
    9.6399383619e-03   -1.7782285213e+00
    9.6498494968e-03   -1.7795401812e+00
    9.6593163908e-03   -1.7807810307e+00
    9.6694249660e-03   -1.7820732594e+00
    9.6796881407e-03   -1.7833206654e+00
    9.6893282607e-03   -1.7843995094e+00
    9.6996016800e-03   -1.7854578495e+00
    9.7093572840e-03   -1.7863690853e+00
    9.7194565460e-03   -1.7871711254e+00
    9.7292121500e-03   -1.7877955437e+00
    9.7394771874e-03   -1.7882999182e+00
    9.7497021779e-03   -1.7886494398e+00
    9.7599085420e-03   -1.7888462543e+00
    9.7694825381e-03   -1.7888851166e+00
    9.7797075287e-03   -1.7888146639e+00
    9.7899334505e-03   -1.7886104584e+00
    9.7994767129e-03   -1.7882099152e+00
    9.8094576970e-03   -1.7876049280e+00
    9.8196826875e-03   -1.7869132757e+00
    9.8299086094e-03   -1.7865352631e+00
    9.8394518718e-03   -1.7858427763e+00
    9.8496777937e-03   -1.7847273350e+00
    9.8597062752e-03   -1.7833045721e+00
    9.8699321970e-03   -1.7816680670e+00
    9.8794754595e-03   -1.7800641060e+00
    9.8897013813e-03   -1.7782462835e+00
    9.8999263719e-03   -1.7763744593e+00
    9.9094705656e-03   -1.7745445967e+00
    9.9196955562e-03   -1.7725778818e+00
    9.9299214780e-03   -1.7705743313e+00
    9.9394647405e-03   -1.7687314749e+00
    9.9496906623e-03   -1.7668342590e+00
    9.9599156529e-03   -1.7650046349e+00
    9.9694598466e-03   -1.7633720636e+00
    9.9797220901e-03   -1.7616646290e+00
    9.9893622100e-03   -1.7600998878e+00
    9.9998014048e-03   -1.7584674358e+00
    1.0009557009e-02   -1.7569576502e+00
    1.0019781999e-02   -1.7553629875e+00
    1.0029326193e-02   -1.7538788319e+00
    1.0039551184e-02   -1.7523101568e+00
    1.0049776174e-02   -1.7507528067e+00
    1.0059805587e-02   -1.7491877079e+00
    1.0069631971e-02   -1.7476557493e+00
    1.0079856962e-02   -1.7459892035e+00
    1.0089203715e-02   -1.7444244623e+00
    1.0099478066e-02   -1.7427277565e+00
    1.0109703057e-02   -1.7408434153e+00
    1.0119458660e-02   -1.7385251522e+00
    1.0129683651e-02   -1.7363153696e+00
    1.0139829479e-02   -1.7342363596e+00
    1.0149373673e-02   -1.7322466373e+00
    1.0159598663e-02   -1.7300467491e+00
    1.0169824585e-02   -1.7276819944e+00
    1.0179367848e-02   -1.7253487110e+00
    1.0189593770e-02   -1.7228112221e+00
    1.0199818760e-02   -1.7202162743e+00
    1.0209362954e-02   -1.7177258730e+00
    1.0219587944e-02   -1.7149602175e+00
    1.0229782201e-02   -1.7121042013e+00
    1.0239422321e-02   -1.7093336582e+00
    1.0249530897e-02   -1.7063750029e+00
    1.0259755887e-02   -1.7033113241e+00
    1.0269981809e-02   -1.7001562119e+00
    1.0279525071e-02   -1.6971350908e+00
    1.0289750993e-02   -1.6938270330e+00
    1.0299975984e-02   -1.6904489994e+00
    1.0309520178e-02   -1.6872359514e+00
    1.0319745168e-02   -1.6837360859e+00
    1.0329971090e-02   -1.6801747084e+00
    1.0339514352e-02   -1.6768232584e+00
    1.0349740274e-02   -1.6732348204e+00
    1.0359965265e-02   -1.6696475744e+00
    1.0369509459e-02   -1.6663098335e+00
    1.0379937477e-02   -1.6626740694e+00
    1.0389364325e-02   -1.6593930721e+00
    1.0399589315e-02   -1.6558254957e+00
    1.0409815237e-02   -1.6522378922e+00
    1.0419358499e-02   -1.6488764286e+00
    1.0429584421e-02   -1.6452625990e+00
    1.0439809412e-02   -1.6416388750e+00
    1.0449353606e-02   -1.6382490396e+00
    1.0459790006e-02   -1.6345267296e+00
    1.0469334200e-02   -1.6311128139e+00
    1.0479559191e-02   -1.6274626255e+00
    1.0489785112e-02   -1.6238328218e+00
    1.0499328375e-02   -1.6204577684e+00
    1.0509554297e-02   -1.6168497801e+00
    1.0519779287e-02   -1.6132539511e+00
    1.0529323481e-02   -1.6099082232e+00
    1.0539548472e-02   -1.6063312292e+00
    1.0549774393e-02   -1.6027556658e+00
    1.0559999384e-02   -1.5991637707e+00
    1.0569543578e-02   -1.5957846642e+00
    1.0579768568e-02   -1.5921220779e+00
    1.0589994490e-02   -1.5884026289e+00
    1.0599537753e-02   -1.5848675966e+00
    1.0609763674e-02   -1.5809864998e+00
    1.0619988665e-02   -1.5769928694e+00
    1.0629532859e-02   -1.5731594563e+00
    1.0639757849e-02   -1.5689370632e+00
    1.0649983771e-02   -1.5645995140e+00
    1.0659527034e-02   -1.5604473352e+00
    1.0669752955e-02   -1.5558826923e+00
    1.0679977946e-02   -1.5511944294e+00
    1.0689522140e-02   -1.5467066765e+00
    1.0699747130e-02   -1.5417788029e+00
    1.0709972121e-02   -1.5367279053e+00
    1.0719516315e-02   -1.5319049358e+00
    1.0729741305e-02   -1.5266300440e+00
    1.0739967227e-02   -1.5212671757e+00
    1.0749510489e-02   -1.5162082911e+00
    1.0759736411e-02   -1.5107508898e+00
    1.0769961402e-02   -1.5052663088e+00
    1.0779505596e-02   -1.5001322031e+00
    1.0789730586e-02   -1.4946230650e+00
    1.0799956508e-02   -1.4891163111e+00
    1.0809499770e-02   -1.4839930534e+00
    1.0819725692e-02   -1.4785337448e+00
    1.0829950683e-02   -1.4731177092e+00
    1.0839494877e-02   -1.4681062698e+00
    1.0849719867e-02   -1.4627898932e+00
    1.0859945789e-02   -1.4575380087e+00
    1.0869489051e-02   -1.4526866674e+00
    1.0879714973e-02   -1.4475214481e+00
    1.0889939964e-02   -1.4423770905e+00
    1.0899484158e-02   -1.4375933409e+00
    1.0909709148e-02   -1.4324796200e+00
    1.0919935070e-02   -1.4273698330e+00
    1.0929478332e-02   -1.4226022959e+00
    1.0939704254e-02   -1.4174875021e+00
    1.0949929245e-02   -1.4123579264e+00
    1.0959473439e-02   -1.4075565338e+00
    1.0969698429e-02   -1.4023990631e+00
    1.0979924351e-02   -1.3972319365e+00
    1.0989467613e-02   -1.3924074173e+00
    1.0999693535e-02   -1.3872370720e+00
    1.1009918526e-02   -1.3821643591e+00
    1.1019462720e-02   -1.3775802851e+00
    1.1029687710e-02   -1.3727806807e+00
    1.1039913632e-02   -1.3679304123e+00
    1.1049456894e-02   -1.3631740808e+00
    1.1059682816e-02   -1.3580065966e+00
    1.1069907807e-02   -1.3528330326e+00
    1.1079452001e-02   -1.3480089903e+00
    1.1089676991e-02   -1.3428695202e+00
    1.1099902913e-02   -1.3377382755e+00
    1.1109446175e-02   -1.3329291344e+00
    1.1119672097e-02   -1.3277623653e+00
    1.1129897088e-02   -1.3225729465e+00
    1.1139441282e-02   -1.3176949024e+00
    1.1149666272e-02   -1.3124004602e+00
    1.1159892194e-02   -1.3069955111e+00
    1.1169435456e-02   -1.3018603325e+00
    1.1179661378e-02   -1.2963294983e+00
    1.1189886369e-02   -1.2907786369e+00
    1.1199430563e-02   -1.2855521441e+00
    1.1209655553e-02   -1.2798875570e+00
    1.1219567619e-02   -1.2743259668e+00
    1.1229394004e-02   -1.2687563896e+00
    1.1239618994e-02   -1.2628819942e+00
    1.1249844916e-02   -1.2569150925e+00
    1.1259388179e-02   -1.2512716055e+00
    1.1269614100e-02   -1.2451370955e+00
    1.1279839091e-02   -1.2389290333e+00
    1.1289383285e-02   -1.2330853939e+00
    1.1299608275e-02   -1.2267705202e+00
    1.1309833266e-02   -1.2203922272e+00
    1.1319377460e-02   -1.2143752575e+00
    1.1329571716e-02   -1.2078822851e+00
    1.1339211836e-02   -1.2016934156e+00
    1.1349815875e-02   -1.1948217154e+00
    1.1359455995e-02   -1.1885241270e+00
    1.1369096115e-02   -1.1821990013e+00
    1.1379700154e-02   -1.1752042770e+00
    1.1389340274e-02   -1.1688185930e+00
    1.1399944313e-02   -1.1617724895e+00
    1.1409418657e-02   -1.1554539204e+00
    1.1419644579e-02   -1.1486146450e+00
    1.1429869570e-02   -1.1417706013e+00
    1.1439413764e-02   -1.1353884935e+00
    1.1449638754e-02   -1.1285458803e+00
    1.1459864676e-02   -1.1217381954e+00
    1.1469407938e-02   -1.1154438257e+00
    1.1479633860e-02   -1.1087514162e+00
    1.1489858851e-02   -1.1021139622e+00
    1.1499403045e-02   -1.0959773064e+00
    1.1509628035e-02   -1.0894622803e+00
    1.1519853957e-02   -1.0829708576e+00
    1.1529397219e-02   -1.0769288540e+00
    1.1539623141e-02   -1.0704821348e+00
    1.1549848132e-02   -1.0640553236e+00
    1.1559392326e-02   -1.0580750704e+00
    1.1569617316e-02   -1.0516887903e+00
    1.1579843238e-02   -1.0453135967e+00
    1.1589386500e-02   -1.0393426418e+00
    1.1599612422e-02   -1.0328783989e+00
    1.1609837413e-02   -1.0263390541e+00
    1.1619381607e-02   -1.0201677084e+00
    1.1629606597e-02   -1.0134848356e+00
    1.1639832519e-02   -1.0067337751e+00
    1.1649375781e-02   -1.0003767014e+00
    1.1659601703e-02   -9.9351346493e-01
    1.1669465341e-02   -9.8689830303e-01
    1.1679105461e-02   -9.8049622774e-01
    1.1689496227e-02   -9.7362005711e-01
    1.1699721217e-02   -9.6682143211e-01
    1.1709947139e-02   -9.5999675989e-01
    1.1719490401e-02   -9.5361286402e-01
    1.1729716323e-02   -9.4675564766e-01
    1.1739941314e-02   -9.3989181519e-01
    1.1749485508e-02   -9.3349045515e-01
    1.1759710498e-02   -9.2663812637e-01
    1.1769936420e-02   -9.1979211569e-01
    1.1779479682e-02   -9.1340845823e-01
    1.1789705604e-02   -9.0660804510e-01
    1.1799930595e-02   -8.9989292622e-01
    1.1809474789e-02   -8.9369708300e-01
    1.1819699779e-02   -8.8712817430e-01
    1.1829925701e-02   -8.8062602282e-01
    1.1839468963e-02   -8.7461334467e-01
    1.1849694885e-02   -8.6811560392e-01
    1.1859919876e-02   -8.6149561405e-01
    1.1869464070e-02   -8.5527366400e-01
    1.1879689060e-02   -8.4857898951e-01
    1.1889914051e-02   -8.4186762571e-01
    1.1899458244e-02   -8.3559179306e-01
    1.1909683235e-02   -8.2884287834e-01
    1.1919909157e-02   -8.2206517458e-01
    1.1929452419e-02   -8.1571459770e-01
    1.1939678341e-02   -8.0888545513e-01
    1.1949903332e-02   -8.0203163624e-01
    1.1959447525e-02   -7.9561257362e-01
    1.1969672516e-02   -7.8870785236e-01
    1.1979898438e-02   -7.8176826239e-01
    1.1989441700e-02   -7.7525782585e-01
    1.1999667622e-02   -7.6824259758e-01
    1.2009892613e-02   -7.6118350029e-01
    1.2019436806e-02   -7.5455617905e-01
    1.2029661797e-02   -7.4741452932e-01
    1.2039887719e-02   -7.4019706249e-01
    1.2049430981e-02   -7.3329037428e-01
    1.2059656903e-02   -7.2573280334e-01
    1.2069637887e-02   -7.1823328733e-01
    1.2079745531e-02   -7.1069073677e-01
    1.2089971453e-02   -7.0318043232e-01
    1.2099514715e-02   -6.9616520405e-01
    1.2109740637e-02   -6.8864530325e-01
    1.2119965628e-02   -6.8111497164e-01
    1.2129509822e-02   -6.7408305407e-01
    1.2139734812e-02   -6.6657596827e-01
    1.2149960734e-02   -6.5909516811e-01
    1.2159503996e-02   -6.5212178230e-01
    1.2169729918e-02   -6.4464211464e-01
    1.2179954909e-02   -6.3713818789e-01
    1.2189499103e-02   -6.3010042906e-01
    1.2199724093e-02   -6.2253457308e-01
    1.2209950015e-02   -6.1495834589e-01
    1.2219493277e-02   -6.0788273811e-01
    1.2229719199e-02   -6.0030633211e-01
    1.2239944190e-02   -5.9274411201e-01
    1.2249488384e-02   -5.8569878340e-01
    1.2259713374e-02   -5.7816493511e-01
    1.2269939296e-02   -5.7065188885e-01
    1.2279482558e-02   -5.6365847588e-01
    1.2289708480e-02   -5.5618315935e-01
    1.2299933471e-02   -5.4872548580e-01
    1.2309477665e-02   -5.4178106785e-01
    1.2319956906e-02   -5.3417277336e-01
    1.2329689227e-02   -5.2712267637e-01
    1.2339618988e-02   -5.1994508505e-01
    1.2349843979e-02   -5.1257002354e-01
    1.2359388173e-02   -5.0570017099e-01
    1.2369613163e-02   -4.9835222960e-01
    1.2379839085e-02   -4.9101763964e-01
    1.2389382347e-02   -4.8418104649e-01
    1.2399608269e-02   -4.7686395049e-01
    1.2409833260e-02   -4.6955734491e-01
    1.2419377454e-02   -4.6274888515e-01
    1.2429602444e-02   -4.5546403527e-01
    1.2439828366e-02   -4.4818761945e-01
    1.2449371628e-02   -4.4140341878e-01
    1.2459597550e-02   -4.3414065242e-01
    1.2469822541e-02   -4.2688500881e-01
    1.2479366735e-02   -4.2012348771e-01
    1.2489591725e-02   -4.1289570928e-01
    1.2499817647e-02   -4.0568956733e-01
    1.2509360909e-02   -3.9898529649e-01
    1.2519586831e-02   -3.9182594419e-01
    1.2529811822e-02   -3.8469040394e-01
    1.2539356016e-02   -3.7804999948e-01
    1.2549581006e-02   -3.7095415592e-01
    1.2559806928e-02   -3.6387720704e-01
    1.2569350190e-02   -3.5728725791e-01
    1.2579576112e-02   -3.5023903847e-01
    1.2589801103e-02   -3.4319925308e-01
    1.2599345297e-02   -3.3663216233e-01
    1.2609570287e-02   -3.2959675789e-01
    1.2619796209e-02   -3.2255956531e-01
    1.2629339471e-02   -3.1598630548e-01
    1.2639565393e-02   -3.0893450975e-01
    1.2649790384e-02   -3.0187171698e-01
    1.2659334578e-02   -2.9526993632e-01
    1.2669559568e-02   -2.8818851709e-01
    1.2679785490e-02   -2.8110453486e-01
    1.2689328752e-02   -2.7449685335e-01
    1.2699554674e-02   -2.6742771268e-01
    1.2709583156e-02   -2.6051002741e-01
    1.2719223276e-02   -2.5388306379e-01
    1.2729502283e-02   -2.4683833122e-01
    1.2739595026e-02   -2.3993891478e-01
    1.2749686837e-02   -2.3307386041e-01
    1.2759779580e-02   -2.2624178231e-01
    1.2769872323e-02   -2.1943701804e-01
    1.2779678218e-02   -2.1286143363e-01
    1.2789903209e-02   -2.0604772866e-01
    1.2799447402e-02   -1.9973681867e-01
    1.2809358537e-02   -1.9323450327e-01
    1.2819962576e-02   -1.8632707000e-01
    1.2829602696e-02   -1.8008776009e-01
    1.2839360163e-02   -1.7382031679e-01
    1.2849586084e-02   -1.6730621457e-01
    1.2859879062e-02   -1.6078604758e-01
    1.2869607657e-02   -1.5466101468e-01
    1.2879832648e-02   -1.4826984704e-01
    1.2889376841e-02   -1.4235031605e-01
    1.2899601832e-02   -1.3607190549e-01
    1.2909827754e-02   -1.2985184789e-01
    1.2919691391e-02   -1.2388899922e-01
    1.2929331511e-02   -1.1809510738e-01
    1.2939795852e-02   -1.1184610426e-01
    1.2949862517e-02   -1.0586326569e-01
    1.2959406711e-02   -1.0021562874e-01
    1.2969631702e-02   -9.4184070826e-02
    1.2979378924e-02   -8.8455542922e-02
    1.2989982963e-02   -8.2258634269e-02
    1.2999623083e-02   -7.6664015651e-02
    1.3009614311e-02   -7.0895172656e-02
    1.3019839302e-02   -6.5005384386e-02
    1.3029769063e-02   -5.9284314513e-02
    1.3039501384e-02   -5.3677614778e-02
    1.3049881905e-02   -4.7705166042e-02
    1.3059148565e-02   -4.2387794703e-02
    1.3069241308e-02   -3.6610979587e-02
    1.3079334050e-02   -3.0846338719e-02
    1.3089372776e-02   -2.5109173730e-02
    1.3099598698e-02   -1.9252927974e-02
    1.3109823689e-02   -1.3371144421e-02
    1.3119367883e-02   -7.8633325174e-03
    1.3129804283e-02   -1.8273659516e-03
    1.3139456511e-02    3.7633317988e-03
    1.3149682432e-02    9.6894912422e-03
    1.3159907423e-02    1.5625117347e-02
    1.3169451617e-02    2.1176999435e-02
    1.3179903850e-02    2.7272509411e-02
    1.3189996593e-02    3.3155940473e-02
    1.3199171983e-02    3.8476586342e-02
    1.3209593482e-02    4.4484674931e-02
    1.3219275512e-02    5.0031881779e-02
    1.3229966164e-02    5.6103397161e-02
    1.3239141554e-02    6.1272043735e-02
    1.3249603100e-02    6.7108385265e-02
    1.3259828091e-02    7.2729632258e-02
    1.3269372284e-02    7.7879153192e-02
    1.3279597275e-02    8.3285532892e-02
    1.3289823197e-02    8.8564276695e-02
    1.3299366459e-02    9.3348301947e-02
    1.3309592381e-02    9.8306201398e-02
    1.3319817372e-02    1.0308583826e-01
    1.3328865170e-02    1.0715333372e-01
    1.3339814730e-02    1.1183291674e-01
    1.3349547051e-02    1.1576003581e-01
    1.3359279372e-02    1.1947016418e-01
    1.3369011693e-02    1.2293706834e-01
    1.3379960321e-02    1.2658354640e-01
    1.3389692642e-02    1.2965188920e-01
    1.3399424963e-02    1.3256144524e-01
    1.3409156352e-02    1.3530683517e-01
    1.3418888673e-02    1.3789397478e-01
    1.3429836370e-02    1.4065249264e-01
    1.3439567760e-02    1.4302664995e-01
    1.3449660502e-02    1.4546549320e-01
    1.3459753245e-02    1.4793662727e-01
    1.3469192199e-02    1.5030846000e-01
    1.3478922658e-02    1.5283833444e-01
    1.3489870355e-02    1.5581765771e-01
    1.3499601744e-02    1.5859779716e-01
    1.3509333134e-02    1.6150476038e-01
    1.3519063592e-02    1.6454549134e-01
    1.3528794982e-02    1.6772285104e-01
    1.3539741747e-02    1.7146141827e-01
    1.3549473137e-02    1.7492145300e-01
    1.3559203595e-02    1.7848244309e-01
    1.3568934985e-02    1.8210291862e-01
    1.3579881750e-02    1.8619909883e-01
    1.3589613140e-02    1.8983213603e-01
    1.3599343598e-02    1.9344560802e-01
    1.3609074987e-02    1.9703407586e-01
    1.3619834557e-02    2.0095741749e-01
    1.3629378751e-02    2.0436137915e-01
    1.3639603741e-02    2.0788368583e-01
    1.3649829663e-02    2.1127885580e-01
    1.3659372926e-02    2.1434839070e-01
    1.3669598848e-02    2.1750532091e-01
    1.3679823838e-02    2.2049467266e-01
    1.3689368032e-02    2.2312295437e-01
    1.3699593022e-02    2.2575277090e-01
    1.3709818944e-02    2.2816941142e-01
    1.3719362207e-02    2.3020869493e-01
    1.3729588129e-02    2.3213800788e-01
    1.3739813119e-02    2.3378802836e-01
    1.3749357313e-02    2.3506878316e-01
    1.3759582303e-02    2.3616735637e-01
    1.3769378886e-02    2.3696766794e-01
    1.3779471628e-02    2.3753644526e-01
    1.3789361343e-02    2.3784582317e-01
    1.3799741864e-02    2.3794524372e-01
    1.3809474185e-02    2.3785461485e-01
    1.3819855638e-02    2.3757849634e-01
    1.3829587959e-02    2.3717567325e-01
    1.3839968480e-02    2.3664064705e-01
    1.3849700801e-02    2.3611310124e-01
    1.3859433122e-02    2.3563915491e-01
    1.3869814575e-02    2.3527142406e-01
    1.3879546896e-02    2.3512274027e-01
    1.3889927417e-02    2.3523367941e-01
    1.3899659738e-02    2.3562473059e-01
    1.3909316622e-02    2.3629945517e-01
    1.3919409364e-02    2.3730246723e-01
    1.3929502107e-02    2.3858320713e-01
    1.3939593919e-02    2.4015057087e-01
    1.3949686661e-02    2.4201425910e-01
    1.3959779404e-02    2.4415236712e-01
    1.3969714753e-02    2.4648569524e-01
    1.3979447074e-02    2.4897536635e-01
    1.3989828527e-02    2.5185436010e-01
    1.3999762014e-02    2.5479483604e-01
    1.4009800740e-02    2.5790116191e-01
    1.4019892551e-02    2.6111653447e-01
    1.4029985294e-02    2.6440295577e-01
    1.4039160684e-02    2.6743239164e-01
    1.4049253426e-02    2.7077007294e-01
    1.4059346169e-02    2.7407467365e-01
    1.4068805613e-02    2.7711385489e-01
    1.4079756103e-02    2.8052937984e-01
    1.4089489356e-02    2.8345671296e-01
    1.4099222608e-02    2.8627008200e-01
    1.4109874144e-02    2.8919911385e-01
    1.4119966887e-02    2.9182699323e-01
    1.4129141346e-02    2.9410105944e-01
    1.4139234088e-02    2.9648584127e-01
    1.4149326831e-02    2.9875984788e-01
    1.4159419574e-02    3.0093166232e-01
    1.4169512317e-02    3.0300635099e-01
    1.4179605059e-02    3.0500018597e-01
    1.4189697802e-02    3.0694460869e-01
    1.4199790545e-02    3.0887174606e-01
    1.4209882356e-02    3.1080439687e-01
    1.4219337143e-02    3.1263211370e-01
    1.4229941182e-02    3.1470966339e-01
    1.4239581302e-02    3.1662988663e-01
    1.4249221422e-02    3.1858116388e-01
    1.4259825461e-02    3.2075244188e-01
    1.4269465581e-02    3.2274088264e-01
    1.4279105701e-02    3.2474640012e-01
    1.4289337210e-02    3.2690486312e-01
    1.4299429953e-02    3.2907953858e-01
    1.4309522696e-02    3.3131504059e-01
    1.4319615439e-02    3.3362624049e-01
    1.4329708181e-02    3.3602651954e-01
    1.4339940622e-02    3.3855864406e-01
    1.4349580742e-02    3.4103965759e-01
    1.4359220862e-02    3.4361115098e-01
    1.4369824901e-02    3.4652534127e-01
    1.4379465021e-02    3.4921795130e-01
    1.4389105141e-02    3.5190919042e-01
    1.4399548993e-02    3.5477510095e-01
    1.4409992844e-02    3.5753899813e-01
    1.4419632964e-02    3.5996499658e-01
    1.4429273084e-02    3.6222782731e-01
    1.4439737424e-02    3.6444258690e-01
    1.4449830167e-02    3.6631605029e-01
    1.4459922910e-02    3.6792504787e-01
    1.4469098300e-02    3.6914345622e-01
    1.4479190111e-02    3.7021175027e-01
    1.4489282854e-02    3.7100964785e-01
    1.4499375597e-02    3.7155520916e-01
    1.4509514906e-02    3.7186202407e-01
    1.4519155025e-02    3.7192991376e-01
    1.4529247768e-02    3.7176093459e-01
    1.4539387077e-02    3.7135210633e-01
    1.4549758285e-02    3.7071478367e-01
    1.4559851028e-02    3.6992275715e-01
    1.4569943771e-02    3.6901745200e-01
    1.4579119161e-02    3.6815291643e-01
    1.4589258470e-02    3.6721485853e-01
    1.4599862508e-02    3.6631438136e-01
    1.4609502628e-02    3.6560726166e-01
    1.4619142748e-02    3.6503097415e-01
    1.4629746787e-02    3.6457163095e-01
    1.4639386907e-02    3.6432936788e-01
    1.4649990946e-02    3.6426323652e-01
    1.4659631066e-02    3.6438524723e-01
    1.4669271186e-02    3.6467272043e-01
    1.4679875225e-02    3.6515587568e-01
    1.4689515345e-02    3.6571842432e-01
    1.4699155465e-02    3.6637094617e-01
    1.4709599316e-02    3.6714309454e-01
    1.4719239436e-02    3.6787986755e-01
    1.4729956165e-02    3.6867913604e-01
    1.4739131555e-02    3.6930263042e-01
    1.4749456197e-02    3.6988326907e-01
    1.4759900048e-02    3.7028291821e-01
    1.4769632369e-02    3.7044197321e-01
    1.4779571444e-02    3.7036564946e-01
    1.4789118432e-02    3.7004673481e-01
    1.4799211174e-02    3.6943864822e-01
    1.4809490182e-02    3.6855018139e-01
    1.4819130301e-02    3.6750438809e-01
    1.4829734340e-02    3.6614480615e-01
    1.4839925803e-02    3.6464816332e-01
    1.4849400148e-02    3.6310943961e-01
    1.4859491959e-02    3.6134138703e-01
    1.4869869687e-02    3.5941410065e-01
    1.4879096299e-02    3.5761824250e-01
    1.4889700338e-02    3.5546138883e-01
    1.4899340458e-02    3.5342872143e-01
    1.4909077436e-02    3.5132068396e-01
    1.4919651672e-02    3.4898179770e-01
    1.4929383993e-02    3.4679669142e-01
    1.4939764515e-02    3.4446114302e-01
    1.4949496835e-02    3.4228649735e-01
    1.4959959313e-02    3.3997863531e-01
    1.4969134703e-02    3.3798959851e-01
    1.4979227446e-02    3.3585602045e-01
    1.4989504591e-02    3.3376798034e-01
    1.4999729581e-02    3.3180004358e-01
    1.5009955503e-02    3.2995769382e-01
    1.5019498765e-02    3.2835164666e-01
    1.5029724687e-02    3.2675349712e-01
    1.5039918944e-02    3.2528865337e-01
    1.5049559064e-02    3.2401496172e-01
    1.5059199184e-02    3.2283344865e-01
    1.5069803223e-02    3.2161304355e-01
    1.5079443343e-02    3.2054787874e-01
    1.5089887194e-02    3.1941664219e-01
    1.5099527314e-02    3.1837773323e-01
    1.5109518543e-02    3.1729289889e-01
    1.5119743533e-02    3.1615731120e-01
    1.5129969455e-02    3.1497913599e-01
    1.5139512718e-02    3.1382957101e-01
    1.5149738640e-02    3.1253278255e-01
    1.5159963630e-02    3.1115254760e-01
    1.5169507824e-02    3.0977123976e-01
    1.5179262497e-02    3.0825188756e-01
    1.5189809725e-02    3.0648165941e-01
    1.5199449845e-02    3.0475190282e-01
    1.5209089965e-02    3.0290576816e-01
    1.5219694003e-02    3.0074781179e-01
    1.5229334123e-02    2.9869475961e-01
    1.5239938162e-02    2.9636231065e-01
    1.5249578282e-02    2.9420307279e-01
    1.5259218402e-02    2.9203170538e-01
    1.5269822441e-02    2.8964865208e-01
    1.5279462561e-02    2.8750121593e-01
    1.5289337374e-02    2.8533470631e-01
    1.5299562365e-02    2.8314477205e-01
    1.5309788287e-02    2.8104230762e-01
    1.5319768339e-02    2.7910172939e-01
    1.5329408459e-02    2.7733573318e-01
    1.5339048579e-02    2.7568101883e-01
    1.5349652618e-02    2.7399873734e-01
    1.5359292738e-02    2.7260246873e-01
    1.5369896777e-02    2.7120184898e-01
    1.5379536897e-02    2.7002304792e-01
    1.5389177017e-02    2.6891830564e-01
    1.5399781056e-02    2.6778370142e-01
    1.5409421176e-02    2.6681604981e-01
    1.5419061296e-02    2.6589241624e-01
    1.5429665335e-02    2.6490634680e-01
    1.5439305454e-02    2.6402190328e-01
    1.5449909493e-02    2.6304766536e-01
    1.5459549613e-02    2.6214590669e-01
    1.5469189733e-02    2.6121190190e-01
    1.5479793772e-02    2.6012551785e-01
    1.5489433892e-02    2.5906440616e-01
    1.5499074012e-02    2.5791510940e-01
    1.5509678051e-02    2.5653108954e-01
    1.5519318171e-02    2.5515490770e-01
    1.5529922210e-02    2.5350892544e-01
    1.5539562330e-02    2.5189390779e-01
    1.5549202450e-02    2.5016897917e-01
    1.5559806488e-02    2.4814774096e-01
    1.5569446608e-02    2.4620123208e-01
    1.5579086728e-02    2.4415589869e-01
    1.5589690767e-02    2.4180105329e-01
    1.5599330887e-02    2.3957908154e-01
    1.5609934926e-02    2.3706969619e-01
    1.5619575046e-02    2.3475468159e-01
    1.5629054978e-02    2.3247055709e-01
    1.5638787299e-02    2.3014205694e-01
    1.5649734065e-02    2.2756733000e-01
    1.5659466386e-02    2.2533133626e-01
    1.5669196844e-02    2.2315394878e-01
    1.5678929165e-02    2.2103421390e-01
    1.5689877793e-02    2.1871107817e-01
    1.5699356794e-02    2.1674811840e-01
    1.5709960833e-02    2.1459563076e-01
    1.5719600022e-02    2.1266230941e-01
    1.5729241073e-02    2.1074080467e-01
    1.5739845112e-02    2.0862300694e-01
    1.5749484301e-02    2.0667779446e-01
    1.5759125352e-02    2.0470215380e-01
    1.5769109130e-02    2.0260912180e-01
    1.5778839588e-02    2.0051644742e-01
    1.5789788216e-02    1.9809004664e-01
    1.5799518675e-02    1.9585049152e-01
    1.5809250996e-02    1.9352443516e-01
    1.5818981454e-02    1.9110210240e-01
    1.5829928219e-02    1.8825419247e-01
    1.5839660540e-02    1.8560941517e-01
    1.5849390998e-02    1.8285119534e-01
    1.5859121457e-02    1.7997446656e-01
    1.5868853778e-02    1.7697577178e-01
    1.5879800543e-02    1.7345537245e-01
    1.5889737755e-02    1.7012847960e-01
    1.5899378806e-02    1.6678456962e-01
    1.5909982845e-02    1.6298060119e-01
    1.5919622034e-02    1.5942111611e-01
    1.5929263085e-02    1.5576875210e-01
    1.5938999131e-02    1.5199325979e-01
    1.5949897468e-02    1.4767900109e-01
    1.5959627926e-02    1.4375250041e-01
    1.5969358385e-02    1.3975499570e-01
    1.5979088843e-02    1.3569542766e-01
    1.5989797190e-02    1.3117085397e-01
    1.5999339521e-02    1.2708963454e-01
    1.6009565443e-02    1.2268848717e-01
    1.6019195318e-02    1.1854262650e-01
    1.6029799357e-02    1.1397631466e-01
    1.6039438546e-02    1.0982501507e-01
    1.6049079597e-02    1.0569670051e-01
    1.6059683636e-02    1.0119929910e-01
    1.6069322824e-02    9.7140081227e-02
    1.6079926863e-02    9.2696025968e-02
    1.6089567915e-02    8.8681399822e-02
    1.6099207103e-02    8.4704607725e-02
    1.6109811142e-02    8.0383203924e-02
    1.6119452193e-02    7.6496198773e-02
    1.6129091382e-02    7.2636485100e-02
    1.6139695421e-02    6.8412400782e-02
    1.6149681062e-02    6.4443849027e-02
    1.6159413382e-02    6.0567822307e-02
    1.6169145703e-02    5.6666746736e-02
    1.6178876162e-02    5.2731372416e-02
    1.6189824790e-02    4.8260200769e-02
    1.6199557111e-02    4.4235587120e-02
    1.6209289432e-02    4.0152162313e-02
    1.6219021752e-02    3.6006219685e-02
    1.6229970381e-02    3.1268119812e-02
    1.6239702702e-02    2.6995154098e-02
    1.6249435022e-02    2.2669823840e-02
    1.6259167343e-02    1.8298346549e-02
    1.6268899664e-02    1.3890430331e-02
    1.6279801726e-02    8.9210048318e-03
    1.6289442778e-02    4.5037837699e-03
    1.6299881041e-02   -2.9532494955e-04
    1.6309425235e-02   -4.6893972903e-03
    1.6319649294e-02   -9.3992883340e-03
    1.6329875216e-02   -1.4091410674e-02
    1.6339419410e-02   -1.8447000533e-02
    1.6349645332e-02   -2.3083074018e-02
    1.6359869391e-02   -2.7674308047e-02
    1.6369413584e-02   -3.1914737076e-02
    1.6379289329e-02   -3.6255668849e-02
    1.6389021650e-02   -4.0473535657e-02
    1.6399970278e-02   -4.5139774680e-02
    1.6409702599e-02   -4.9230284989e-02
    1.6419433057e-02   -5.3251292557e-02
    1.6429165378e-02   -5.7209279388e-02
    1.6438897699e-02   -6.1123561114e-02
    1.6449844465e-02   -6.5466627479e-02
    1.6459871083e-02   -6.9379076362e-02
    1.6469415277e-02   -7.3056384921e-02
    1.6479639336e-02   -7.6968222857e-02
    1.6489865258e-02   -8.0854944885e-02
    1.6499409452e-02   -8.4468722343e-02
    1.6509635374e-02   -8.8329374790e-02
    1.6519859433e-02   -9.2179350555e-02
    1.6529403627e-02   -9.5777906477e-02
    1.6539629549e-02   -9.9653147161e-02
    1.6549259424e-02   -1.0332339257e-01
    1.6559863463e-02   -1.0738273710e-01
    1.6569502652e-02   -1.1109750718e-01
    1.6579993069e-02   -1.1518045515e-01
    1.6589425504e-02   -1.1888935417e-01
    1.6599066556e-02   -1.2272949517e-01
    1.6609670594e-02   -1.2701508403e-01
    1.6619309783e-02   -1.3095419109e-01
    1.6629913822e-02   -1.3533580303e-01
    1.6639554873e-02   -1.3935582340e-01
    1.6649780795e-02   -1.4364899695e-01
    1.6659323126e-02   -1.4767874777e-01
    1.6669549048e-02   -1.5200483799e-01
    1.6679774970e-02   -1.5633057058e-01
    1.6689319164e-02   -1.6036097705e-01
    1.6699543223e-02   -1.6465651989e-01
    1.6709525138e-02   -1.6881640255e-01
    1.6719250008e-02   -1.7283195257e-01
    1.6729343683e-02   -1.7695689201e-01
    1.6739668325e-02   -1.8113990128e-01
    1.6749309376e-02   -1.8500499427e-01
    1.6759401187e-02   -1.8901351094e-01
    1.6769494861e-02   -1.9299946725e-01
    1.6779586673e-02   -1.9696123898e-01
    1.6789678484e-02   -2.0089240372e-01
    1.6799772158e-02   -2.0479013026e-01
    1.6809863970e-02   -2.0865428448e-01
    1.6819957644e-02   -2.1248862147e-01
    1.6829133034e-02   -2.1594934165e-01
    1.6839224845e-02   -2.1972757578e-01
    1.6849318519e-02   -2.2347684205e-01
    1.6859410331e-02   -2.2720059752e-01
    1.6869502142e-02   -2.3090532422e-01
    1.6879595816e-02   -2.3460011184e-01
    1.6889687628e-02   -2.3829728365e-01
    1.6899781302e-02   -2.4201077223e-01
    1.6909873113e-02   -2.4575318396e-01
    1.6919966787e-02   -2.4953605235e-01
    1.6929142177e-02   -2.5301903486e-01
    1.6939233989e-02   -2.5690594316e-01
    1.6949325800e-02   -2.6085636020e-01
    1.6959419474e-02   -2.6487445831e-01
    1.6969511285e-02   -2.6896336675e-01
    1.6979604959e-02   -2.7312558889e-01
    1.6989696771e-02   -2.7736076713e-01
    1.6999477521e-02   -2.8153318167e-01
    1.7009701580e-02   -2.8597295284e-01
    1.7019927502e-02   -2.9048120975e-01
    1.7029471695e-02   -2.9474315047e-01
    1.7039697617e-02   -2.9936704040e-01
    1.7049921677e-02   -3.0404180288e-01
    1.7059465870e-02   -3.0844745040e-01
    1.7069445923e-02   -3.1309914589e-01
    1.7079539597e-02   -3.1784144044e-01
    1.7089631408e-02   -3.2261270285e-01
    1.7099725083e-02   -3.2741343975e-01
    1.7109816894e-02   -3.3222669363e-01
    1.7119910568e-02   -3.3703878522e-01
    1.7129085958e-02   -3.4141048789e-01
    1.7139177769e-02   -3.4620335698e-01
    1.7149271443e-02   -3.5096222162e-01
    1.7159743235e-02   -3.5585230589e-01
    1.7169475555e-02   -3.6035218835e-01
    1.7179856077e-02   -3.6511087418e-01
    1.7189893872e-02   -3.6967003345e-01
    1.7199985683e-02   -3.7421882153e-01
    1.7209161073e-02   -3.7832880020e-01
    1.7219252884e-02   -3.8282957673e-01
    1.7229346558e-02   -3.8731279969e-01
    1.7239438370e-02   -3.9179170132e-01
    1.7249532044e-02   -3.9628437161e-01
    1.7259623855e-02   -4.0079528093e-01
    1.7269717529e-02   -4.0531876683e-01
    1.7279809341e-02   -4.0985044837e-01
    1.7289903015e-02   -4.1439220309e-01
    1.7299994826e-02   -4.1894823313e-01
    1.7309170216e-02   -4.2310252786e-01
    1.7319262028e-02   -4.2768365145e-01
    1.7329355702e-02   -4.3227872252e-01
    1.7339447513e-02   -4.3689221144e-01
    1.7349541187e-02   -4.4152525067e-01
    1.7359632999e-02   -4.4617632031e-01
    1.7369726673e-02   -4.5084604621e-01
    1.7379818484e-02   -4.5553705096e-01
    1.7389910296e-02   -4.6025165915e-01
    1.7399085686e-02   -4.6455875039e-01
    1.7409123480e-02   -4.6929097176e-01
    1.7418855801e-02   -4.7389280796e-01
    1.7429804429e-02   -4.7908198833e-01
    1.7439534888e-02   -4.8370078206e-01
    1.7449267209e-02   -4.8831430078e-01
    1.7458999529e-02   -4.9292144179e-01
    1.7469948158e-02   -4.9809315801e-01
    1.7479680479e-02   -5.0267094374e-01
    1.7489410937e-02   -5.0722563267e-01
    1.7499143258e-02   -5.1175665855e-01
    1.7508875579e-02   -5.1626920700e-01
    1.7519824207e-02   -5.2133321762e-01
    1.7529556528e-02   -5.2582693100e-01
    1.7539288849e-02   -5.3031265736e-01
    1.7549021170e-02   -5.3478884697e-01
    1.7559969798e-02   -5.3981232643e-01
    1.7569702119e-02   -5.4426777363e-01
    1.7579434440e-02   -5.4871815443e-01
    1.7589166760e-02   -5.5317050219e-01
    1.7598899081e-02   -5.5763250589e-01
    1.7609847710e-02   -5.6267237663e-01
    1.7619580030e-02   -5.6717658043e-01
    1.7629312351e-02   -5.7170754671e-01
    1.7639044672e-02   -5.7626754045e-01
    1.7649993300e-02   -5.8143353462e-01
    1.7659725621e-02   -5.8605837822e-01
    1.7669457942e-02   -5.9071570635e-01
    1.7679190263e-02   -5.9540688992e-01
    1.7688922584e-02   -6.0013204813e-01
    1.7699871212e-02   -6.0548806190e-01
    1.7709603533e-02   -6.1028414965e-01
    1.7719335854e-02   -6.1511188745e-01
    1.7729068175e-02   -6.1996954679e-01
    1.7738798633e-02   -6.2485468388e-01
    1.7749749124e-02   -6.3037884235e-01
    1.7759479582e-02   -6.3530921936e-01
    1.7769211903e-02   -6.4025318623e-01
    1.7778944224e-02   -6.4520657063e-01
    1.7789892852e-02   -6.5078616142e-01
    1.7799625173e-02   -6.5574890375e-01
    1.7809357494e-02   -6.6071259975e-01
    1.7819089815e-02   -6.6567534208e-01
    1.7828822136e-02   -6.7063432932e-01
    1.7839770764e-02   -6.7620354891e-01
    1.7849503085e-02   -6.8114012480e-01
    1.7859235406e-02   -6.8605911732e-01
    1.7868967727e-02   -6.9095635414e-01
    1.7879918218e-02   -6.9643598795e-01
    1.7889650539e-02   -7.0127815008e-01
    1.7899382859e-02   -7.0609277487e-01
    1.7909115180e-02   -7.1088004112e-01
    1.7918847501e-02   -7.1564066410e-01
    1.7929796129e-02   -7.2096693516e-01
    1.7939528450e-02   -7.2567880154e-01
    1.7949262634e-02   -7.3037350178e-01
    1.7958994955e-02   -7.3505485058e-01
    1.7969943583e-02   -7.4030995369e-01
    1.7979675904e-02   -7.4497342110e-01
    1.7989408225e-02   -7.4963063002e-01
    1.7999140546e-02   -7.5428175926e-01
    1.8008874729e-02   -7.5892788172e-01
    1.8019823357e-02   -7.6415205002e-01
    1.8029555678e-02   -7.6879686117e-01
    1.8039287999e-02   -7.7344667912e-01
    1.8049020320e-02   -7.7810478210e-01
    1.8059968948e-02   -7.8335803747e-01
    1.8069701269e-02   -7.8803920746e-01
    1.8079433590e-02   -7.9272925854e-01
    1.8089165911e-02   -7.9742491245e-01
    1.8098898232e-02   -8.0212318897e-01
    1.8109848723e-02   -8.0740988255e-01
    1.8119581044e-02   -8.1211000681e-01
    1.8129311502e-02   -8.1681120396e-01
    1.8139043823e-02   -8.2151174545e-01
    1.8149992451e-02   -8.2679051161e-01
    1.8159724772e-02   -8.3146256208e-01
    1.8169477582e-02   -8.3611214161e-01
    1.8179904670e-02   -8.4103512764e-01
    1.8189636990e-02   -8.4557867050e-01
    1.8199784681e-02   -8.5025238991e-01
    1.8209245056e-02   -8.5453909636e-01
    1.8219336867e-02   -8.5902923346e-01
    1.8229378387e-02   -8.6340957880e-01
    1.8239604309e-02   -8.6778897047e-01
    1.8249828368e-02   -8.7210077047e-01
    1.8259372562e-02   -8.7606787682e-01
    1.8269851804e-02   -8.8033986092e-01
    1.8279943615e-02   -8.8433754444e-01
    1.8289119005e-02   -8.8785690069e-01
    1.8299210817e-02   -8.9160090685e-01
    1.8309583887e-02   -8.9529895782e-01
    1.8319223076e-02   -8.9859330654e-01
    1.8329408020e-02   -9.0192562342e-01
    1.8339594826e-02   -9.0510940552e-01
    1.8349686638e-02   -9.0812104940e-01
    1.8359780312e-02   -9.1098976135e-01
    1.8369872123e-02   -9.1370320320e-01
    1.8379965797e-02   -9.1624569893e-01
    1.8389139324e-02   -9.1840654612e-01
    1.8399232998e-02   -9.2062580585e-01
    1.8409324810e-02   -9.2269426584e-01
    1.8419418484e-02   -9.2462813854e-01
    1.8429510295e-02   -9.2644727230e-01
    1.8439603969e-02   -9.2818105221e-01
    1.8449695781e-02   -9.2986720800e-01
    1.8459789455e-02   -9.3154042959e-01
    1.8469357863e-02   -9.3313533068e-01
    1.8479583785e-02   -9.3486922979e-01
    1.8489809707e-02   -9.3663871288e-01
    1.8499344587e-02   -9.3831706047e-01
    1.8509436399e-02   -9.4012242556e-01
    1.8519761041e-02   -9.4198703766e-01
    1.8529854715e-02   -9.4382041693e-01
    1.8539946526e-02   -9.4565969706e-01
    1.8549770117e-02   -9.4745719433e-01
    1.8559502438e-02   -9.4925057888e-01
    1.8569884822e-02   -9.5117998123e-01
    1.8579617143e-02   -9.5300596952e-01
    1.8589997664e-02   -9.5498687029e-01
    1.8599729985e-02   -9.5688509941e-01
    1.8609654158e-02   -9.5885998011e-01
    1.8619747832e-02   -9.6089845896e-01
    1.8629839644e-02   -9.6296262741e-01
    1.8639933318e-02   -9.6505361795e-01
    1.8649108708e-02   -9.6696239710e-01
    1.8659200519e-02   -9.6904689074e-01
    1.8669294193e-02   -9.7109127045e-01
    1.8679386005e-02   -9.7306483984e-01
    1.8689477816e-02   -9.7494131327e-01
    1.8699571490e-02   -9.7669327259e-01
    1.8709009513e-02   -9.7818768024e-01
    1.8719958141e-02   -9.7969341278e-01
    1.8729690462e-02   -9.8077911139e-01
    1.8739420921e-02   -9.8159503937e-01
    1.8749153242e-02   -9.8212254047e-01
    1.8758883700e-02   -9.8238015175e-01
    1.8769832328e-02   -9.8239636421e-01
    1.8779562786e-02   -9.8221004009e-01
    1.8789295107e-02   -9.8187965155e-01
    1.8799025565e-02   -9.8145157099e-01
    1.8809974194e-02   -9.8090809584e-01
    1.8819706514e-02   -9.8041498661e-01
    1.8829438835e-02   -9.7994917631e-01
    1.8839169294e-02   -9.7954642773e-01
    1.8848901615e-02   -9.7924619913e-01
    1.8859850243e-02   -9.7908127308e-01
    1.8869582564e-02   -9.7912716866e-01
    1.8879314885e-02   -9.7938185930e-01
    1.8889045343e-02   -9.7986209393e-01
    1.8899993971e-02   -9.8068732023e-01
    1.8909726292e-02   -9.8168349266e-01
    1.8919458613e-02   -9.8292702436e-01
    1.8929190934e-02   -9.8441255093e-01
    1.8938923255e-02   -9.8612999916e-01
    1.8949871883e-02   -9.8831665516e-01
    1.8959602341e-02   -9.9045765400e-01
    1.8969334662e-02   -9.9275267124e-01
    1.8979066983e-02   -9.9517101049e-01
    1.8988797441e-02   -9.9768590927e-01
    1.8999746069e-02   -1.0006031990e+00
    1.9009476528e-02   -1.0032509565e+00
    1.9019206986e-02   -1.0059276819e+00
    1.9028939307e-02   -1.0086116791e+00
    1.9039886072e-02   -1.0116126537e+00
    1.9049618393e-02   -1.0142534971e+00
    1.9059348851e-02   -1.0168727636e+00
    1.9069079310e-02   -1.0194751024e+00
    1.9078809768e-02   -1.0220618248e+00
    1.9089756534e-02   -1.0249435902e+00
    1.9099488854e-02   -1.0274655819e+00
    1.9109219313e-02   -1.0299352407e+00
    1.9118949771e-02   -1.0323376656e+00
    1.9129896536e-02   -1.0349388123e+00
    1.9139628857e-02   -1.0371387005e+00
    1.9149359316e-02   -1.0392205715e+00
    1.9159089774e-02   -1.0411915779e+00
    1.9168820232e-02   -1.0430749655e+00
    1.9179768860e-02   -1.0451300144e+00
    1.9189499319e-02   -1.0469353199e+00
    1.9199231640e-02   -1.0487493277e+00
    1.9208963960e-02   -1.0505976677e+00
    1.9219910726e-02   -1.0527477264e+00
    1.9229643047e-02   -1.0547434092e+00
    1.9239375368e-02   -1.0568319559e+00
    1.9249105826e-02   -1.0590223074e+00
    1.9258838147e-02   -1.0613224506e+00
    1.9269786775e-02   -1.0640490055e+00
    1.9279519096e-02   -1.0666011572e+00
    1.9289251417e-02   -1.0692715645e+00
    1.9298981875e-02   -1.0720468760e+00
    1.9309930503e-02   -1.0752662420e+00
    1.9319662824e-02   -1.0781815052e+00
    1.9329395145e-02   -1.0811191797e+00
    1.9339127466e-02   -1.0840629339e+00
    1.9348857924e-02   -1.0870022774e+00
    1.9359806553e-02   -1.0902841091e+00
    1.9369538873e-02   -1.0931469202e+00
    1.9379269332e-02   -1.0959125757e+00
    1.9389001653e-02   -1.0985289812e+00
    1.9399948418e-02   -1.1012296677e+00
    1.9409680739e-02   -1.1033666134e+00
    1.9419411197e-02   -1.1052304506e+00
    1.9429143518e-02   -1.1068184376e+00
    1.9438873976e-02   -1.1081463099e+00
    1.9449820742e-02   -1.1093586683e+00
    1.9459553063e-02   -1.1102141142e+00
    1.9469283521e-02   -1.1108844280e+00
    1.9479013979e-02   -1.1113898754e+00
    1.9489962608e-02   -1.1117862463e+00
    1.9499693066e-02   -1.1120071411e+00
    1.9509423524e-02   -1.1121237278e+00
    1.9519153982e-02   -1.1121573448e+00
    1.9528886303e-02   -1.1121363640e+00
    1.9539833069e-02   -1.1120930910e+00
    1.9549565390e-02   -1.1120785475e+00
    1.9559295848e-02   -1.1121220589e+00
    1.9569026306e-02   -1.1122468710e+00
    1.9579974934e-02   -1.1124938726e+00
    1.9589705393e-02   -1.1128016710e+00
    1.9599437714e-02   -1.1131781340e+00
    1.9609168172e-02   -1.1136082411e+00
    1.9618900493e-02   -1.1140795946e+00
    1.9629605114e-02   -1.1146410704e+00
    1.9639987499e-02   -1.1152294874e+00
    1.9649717957e-02   -1.1158282757e+00
    1.9659450278e-02   -1.1164786816e+00
    1.9669832662e-02   -1.1172176600e+00
    1.9679564983e-02   -1.1179267168e+00
    1.9689945504e-02   -1.1186554432e+00
    1.9699677825e-02   -1.1192659140e+00
    1.9709410146e-02   -1.1197679043e+00
    1.9719790667e-02   -1.1201523542e+00
    1.9729522988e-02   -1.1203480959e+00
    1.9739903510e-02   -1.1203584671e+00
    1.9749635831e-02   -1.1201651096e+00
    1.9759368151e-02   -1.1197625399e+00
    1.9769748673e-02   -1.1190925837e+00
    1.9779480994e-02   -1.1182329655e+00
    1.9789863378e-02   -1.1170665026e+00
    1.9799595699e-02   -1.1157377958e+00
    1.9809976220e-02   -1.1140706539e+00
    1.9819524139e-02   -1.1123138666e+00
    1.9829187542e-02   -1.1103237867e+00
    1.9838919863e-02   -1.1081073284e+00
    1.9849866629e-02   -1.1053838730e+00
    1.9859598950e-02   -1.1027883291e+00
    1.9869329408e-02   -1.1000671387e+00
    1.9879061729e-02   -1.0972622633e+00
    1.9888792187e-02   -1.0944079161e+00
    1.9899740815e-02   -1.0911785364e+00
    1.9909471273e-02   -1.0883241892e+00
    1.9919203594e-02   -1.0855098963e+00
    1.9928934053e-02   -1.0827561617e+00
    1.9939882681e-02   -1.0797513723e+00
    1.9949615002e-02   -1.0771825314e+00
    1.9959345460e-02   -1.0747294426e+00
    1.9969077781e-02   -1.0724109411e+00
    1.9978810102e-02   -1.0702444315e+00
    1.9989756867e-02   -1.0680005550e+00
    1.9999489188e-02   -1.0661778450e+00
    2.0009221509e-02   -1.0645071268e+00
    2.0018951967e-02   -1.0629726648e+00
    2.0029900596e-02   -1.0613902807e+00
    2.0039631054e-02   -1.0600999594e+00
    2.0049363375e-02   -1.0589112043e+00
    2.0059095696e-02   -1.0578154325e+00
    2.0068826154e-02   -1.0568006039e+00
    2.0079774782e-02   -1.0557357073e+00
    2.0089507103e-02   -1.0548337698e+00
    2.0099237561e-02   -1.0539488792e+00
    2.0108969882e-02   -1.0530564785e+00
    2.0119916648e-02   -1.0520170927e+00
    2.0129648969e-02   -1.0510419607e+00
    2.0139379427e-02   -1.0500050783e+00
    2.0149111748e-02   -1.0488979816e+00
    2.0158842206e-02   -1.0477159023e+00
    2.0169790834e-02   -1.0462968349e+00
    2.0179521292e-02   -1.0449616909e+00
    2.0189253613e-02   -1.0435671806e+00
    2.0198985934e-02   -1.0421261787e+00
    2.0209932700e-02   -1.0404660702e+00
    2.0219665021e-02   -1.0389701128e+00
    2.0229397342e-02   -1.0374683142e+00
    2.0239129663e-02   -1.0359742641e+00
    2.0248861983e-02   -1.0345026255e+00
    2.0259810612e-02   -1.0328947306e+00
    2.0269542933e-02   -1.0315271616e+00
    2.0279275253e-02   -1.0302325487e+00
    2.0289007574e-02   -1.0290204287e+00
    2.0299956203e-02   -1.0277613401e+00
    2.0309688523e-02   -1.0267376900e+00
    2.0319420844e-02   -1.0258035660e+00
    2.0329153165e-02   -1.0249570608e+00
    2.0338885486e-02   -1.0241944790e+00
    2.0349834114e-02   -1.0234297514e+00
    2.0359564573e-02   -1.0228235722e+00
    2.0369296893e-02   -1.0222756863e+00
    2.0379029214e-02   -1.0217745304e+00
    2.0389977843e-02   -1.0212509632e+00
    2.0399710163e-02   -1.0208072662e+00
    2.0409442484e-02   -1.0203710794e+00
    2.0419174805e-02   -1.0199295282e+00
    2.0428905264e-02   -1.0194703341e+00
    2.0439853892e-02   -1.0189177990e+00
    2.0449586213e-02   -1.0183839798e+00
    2.0459318534e-02   -1.0178029537e+00
    2.0469050854e-02   -1.0171717405e+00
    2.0479999483e-02   -1.0164014101e+00
    2.0489731804e-02   -1.0156656504e+00
    2.0499462262e-02   -1.0148854256e+00
    2.0509194583e-02   -1.0140653849e+00
    2.0518926904e-02   -1.0132117271e+00
    2.0529875532e-02   -1.0122210979e+00
    2.0539607853e-02   -1.0113239288e+00
    2.0549340174e-02   -1.0104203224e+00
    2.0559072495e-02   -1.0095164776e+00
    2.0568804815e-02   -1.0086152554e+00
    2.0579753444e-02   -1.0076068640e+00
    2.0589485765e-02   -1.0067176819e+00
    2.0599219948e-02   -1.0058397055e+00
    2.0608952269e-02   -1.0049787760e+00
    2.0619900897e-02   -1.0040389299e+00
    2.0629633218e-02   -1.0032348633e+00
    2.0639365539e-02   -1.0024633408e+00
    2.0649099723e-02   -1.0017257929e+00
    2.0658832043e-02   -1.0010216236e+00
    2.0669780672e-02   -1.0002659559e+00
    2.0679514855e-02   -9.9962097406e-01
    2.0689247176e-02   -9.9899142981e-01
    2.0698979497e-02   -9.9836343527e-01
    2.0709929988e-02   -9.9763596058e-01
    2.0719662309e-02   -9.9694788456e-01
    2.0729394630e-02   -9.9619859457e-01
    2.0739128813e-02   -9.9536752701e-01
    2.0748861134e-02   -9.9443656206e-01
    2.0759809762e-02   -9.9325132370e-01
    2.0769543946e-02   -9.9206143618e-01
    2.0779276267e-02   -9.9073159695e-01
    2.0789010450e-02   -9.8925161362e-01
    2.0799959078e-02   -9.8739588261e-01
    2.0809693262e-02   -9.8556822538e-01
    2.0819425583e-02   -9.8356831074e-01
    2.0829159766e-02   -9.8139578104e-01
    2.0838892087e-02   -9.7905373573e-01
    2.0849842578e-02   -9.7622412443e-01
    2.0859576762e-02   -9.7354382277e-01
    2.0869309083e-02   -9.7071647644e-01
    2.0879043266e-02   -9.6775037050e-01
    2.0889993757e-02   -9.6426028013e-01
    2.0899726078e-02   -9.6103578806e-01
    2.0909460261e-02   -9.5771247149e-01
    2.0919192582e-02   -9.5430856943e-01
    2.0928926766e-02   -9.5084476471e-01
    2.0939877257e-02   -9.4690418243e-01
    2.0949609578e-02   -9.4338786602e-01
    2.0959343761e-02   -9.3988180161e-01
    2.0969076082e-02   -9.3640530109e-01
    2.0978810266e-02   -9.3297350407e-01
    2.0989758894e-02   -9.2917925119e-01
    2.0999493077e-02   -9.2587268353e-01
    2.1009225398e-02   -9.2263084650e-01
    2.1018959582e-02   -9.1945284605e-01
    2.1029908210e-02   -9.1595053673e-01
    2.1039642394e-02   -9.1289812326e-01
    2.1049374714e-02   -9.0989750624e-01
    2.1059107035e-02   -9.0694206953e-01
    2.1068839356e-02   -9.0402358770e-01
    2.1079789847e-02   -9.0077251196e-01
    2.1089522168e-02   -8.9789927006e-01
    2.1099254489e-02   -8.9502960443e-01
    2.1108988672e-02   -8.9215165377e-01
    2.1119937301e-02   -8.8889038563e-01
    2.1129669622e-02   -8.8595944643e-01
    2.1139403805e-02   -8.8298887014e-01
    2.1149136126e-02   -8.7996989489e-01
    2.1158868447e-02   -8.7689375877e-01
    2.1169817075e-02   -8.7335401773e-01
    2.1179551259e-02   -8.7012749910e-01
    2.1189283580e-02   -8.6681717634e-01
    2.1199015900e-02   -8.6341655254e-01
    2.1209966391e-02   -8.5947889090e-01
    2.1219698712e-02   -8.5587918758e-01
    2.1229431033e-02   -8.5218834877e-01
    2.1239165217e-02   -8.4841120243e-01
    2.1248897538e-02   -8.4455460310e-01
    2.1259848028e-02   -8.4013193846e-01
    2.1269580349e-02   -8.3613741398e-01
    2.1279312670e-02   -8.3209526539e-01
    2.1289046854e-02   -8.2801705599e-01
    2.1299995482e-02   -8.2340019941e-01
    2.1309729666e-02   -8.1928324699e-01
    2.1319461986e-02   -8.1516599655e-01
    2.1329196170e-02   -8.1105995178e-01
    2.1338928491e-02   -8.0697584152e-01
    2.1349878982e-02   -8.0241817236e-01
    2.1359611303e-02   -7.9840689898e-01
    2.1369343624e-02   -7.9443740845e-01
    2.1379077807e-02   -7.9051142931e-01
    2.1388810128e-02   -7.8662866354e-01
    2.1399758756e-02   -7.8230923414e-01
    2.1409492940e-02   -7.7850860357e-01
    2.1419225261e-02   -7.7473932505e-01
    2.1428957582e-02   -7.7099633217e-01
    2.1439906210e-02   -7.6681166887e-01
    2.1449640393e-02   -7.6311188936e-01
    2.1459372714e-02   -7.5942903757e-01
    2.1469105035e-02   -7.5576198101e-01
    2.1478837356e-02   -7.5211018324e-01
    2.1489785984e-02   -7.4802035093e-01
    2.1499518305e-02   -7.4440222979e-01
    2.1509250626e-02   -7.4080204964e-01
    2.1518982947e-02   -7.3722165823e-01
    2.1529933438e-02   -7.3322016001e-01
    2.1539665759e-02   -7.2968876362e-01
    2.1549398080e-02   -7.2618317604e-01
    2.1559130400e-02   -7.2270458937e-01
    2.1568862721e-02   -7.1925497055e-01
    2.1579811350e-02   -7.1541172266e-01
    2.1589543670e-02   -7.1203225851e-01
    2.1599275991e-02   -7.0869076252e-01
    2.1609008312e-02   -7.0539087057e-01
    2.1619956940e-02   -7.0173293352e-01
    2.1629689261e-02   -6.9853401184e-01
    2.1639421582e-02   -6.9538855553e-01
    2.1649153903e-02   -6.9230008125e-01
    2.1658886224e-02   -6.8927186728e-01
    2.1669834852e-02   -6.8594008684e-01
    2.1679567173e-02   -6.8304735422e-01
    2.1689299494e-02   -6.8022149801e-01
    2.1699031815e-02   -6.7746448517e-01
    2.1709980443e-02   -6.7444777489e-01
    2.1719712764e-02   -6.7184370756e-01
    2.1729445085e-02   -6.6931408644e-01
    2.1739175543e-02   -6.6685914993e-01
    2.1748907864e-02   -6.6447794437e-01
    2.1759856492e-02   -6.6188412905e-01
    2.1769588813e-02   -6.5965020657e-01
    2.1779321134e-02   -6.5747886896e-01
    2.1789053455e-02   -6.5536397696e-01
    2.1798785776e-02   -6.5329837799e-01
    2.1809734404e-02   -6.5102332830e-01
    2.1819466725e-02   -6.4903461933e-01
    2.1829199046e-02   -6.4706760645e-01
    2.1838931367e-02   -6.4511293173e-01
    2.1849879995e-02   -6.4291775227e-01
    2.1859612316e-02   -6.4096099138e-01
    2.1869344637e-02   -6.3899141550e-01
    2.1879076958e-02   -6.3700264692e-01
    2.1888809279e-02   -6.3498896360e-01
    2.1899757907e-02   -6.3268786669e-01
    2.1909490228e-02   -6.3060605526e-01
    2.1919222549e-02   -6.2848627567e-01
    2.1928954870e-02   -6.2632519007e-01
    2.1939905360e-02   -6.2384098768e-01
    2.1949637681e-02   -6.2158292532e-01
    2.1959370002e-02   -6.1927622557e-01
    2.1969102323e-02   -6.1692070961e-01
    2.1978834644e-02   -6.1451745033e-01
    2.1989785135e-02   -6.1175948381e-01
    2.1999517456e-02   -6.0926270485e-01
    2.2009251639e-02   -6.0672646761e-01
    2.2018983960e-02   -6.0415399075e-01
    2.2029934451e-02   -6.0122126341e-01
    2.2039666772e-02   -5.9858423471e-01
    2.2049399093e-02   -5.9592306614e-01
    2.2059133276e-02   -5.9324216843e-01
    2.2068865597e-02   -5.9054565430e-01
    2.2079816088e-02   -5.8749800920e-01
    2.2089548409e-02   -5.8478009701e-01
    2.2099280730e-02   -5.8205682039e-01
    2.2109014913e-02   -5.7933038473e-01
    2.2119963542e-02   -5.7626140118e-01
    2.2129697725e-02   -5.7353323698e-01
    2.2139430046e-02   -5.7080525160e-01
    2.2149162367e-02   -5.6807690859e-01
    2.2158894688e-02   -5.6534641981e-01
    2.2169845179e-02   -5.6226867437e-01
    2.2179577500e-02   -5.5952405930e-01
    2.2189309821e-02   -5.5676698685e-01
    2.2199042141e-02   -5.5399322510e-01
    2.2209992632e-02   -5.5084717274e-01
    2.2219724953e-02   -5.4802334309e-01
    2.2229457274e-02   -5.4516941309e-01
    2.2239189595e-02   -5.4228132963e-01
    2.2248921916e-02   -5.3935503960e-01
    2.2259872407e-02   -5.3601264954e-01
    2.2269604728e-02   -5.3299337626e-01
    2.2279337049e-02   -5.2992558479e-01
    2.2289069369e-02   -5.2680742741e-01
    2.2298801690e-02   -5.2363836765e-01
    2.2309750319e-02   -5.2001309395e-01
    2.2319484502e-02   -5.1673930883e-01
    2.2329216823e-02   -5.1342004538e-01
    2.2338949144e-02   -5.1005911827e-01
    2.2349897772e-02   -5.0623387098e-01
    2.2359630093e-02   -5.0279980898e-01
    2.2369362414e-02   -4.9933937192e-01
    2.2379096597e-02   -4.9585825205e-01
    2.2388828918e-02   -4.9236205220e-01
    2.2399777547e-02   -4.8841765523e-01
    2.2409509867e-02   -4.8490718007e-01
    2.2419242188e-02   -4.8139736056e-01
    2.2428976372e-02   -4.7789195180e-01
    2.2439925000e-02   -4.7395735979e-01
    2.2449657321e-02   -4.7047016025e-01
    2.2459389642e-02   -4.6699404716e-01
    2.2469121963e-02   -4.6352979541e-01
    2.2478854284e-02   -4.6007767320e-01
    2.2489804775e-02   -4.5620805025e-01
    2.2499537095e-02   -4.5278009772e-01
    2.2509269416e-02   -4.4936168194e-01
    2.2519001737e-02   -4.4595003128e-01
    2.2529950365e-02   -4.4211658835e-01
    2.2539682686e-02   -4.3871065974e-01
    2.2549415007e-02   -4.3530425429e-01
    2.2559147328e-02   -4.3189528584e-01
    2.2568881512e-02   -4.2848154902e-01
    2.2579830140e-02   -4.2463231087e-01
    2.2589562461e-02   -4.2120158672e-01
    2.2599294782e-02   -4.1776147485e-01
    2.2609027103e-02   -4.1431233287e-01
    2.2619977593e-02   -4.1042295098e-01
    2.2629709914e-02   -4.0695956349e-01
    2.2639442235e-02   -4.0349209309e-01
    2.2649174556e-02   -4.0002313256e-01
    2.2658906877e-02   -3.9655607939e-01
    2.2669855505e-02   -3.9266180992e-01
    2.2679589689e-02   -3.8920816779e-01
    2.2689322010e-02   -3.8576307893e-01
    2.2699054331e-02   -3.8232576847e-01
    2.2708786651e-02   -3.7889349461e-01
    2.2719735280e-02   -3.7503308058e-01
    2.2729467601e-02   -3.7159612775e-01
    2.2739199921e-02   -3.6814793944e-01
    2.2748932242e-02   -3.6468386650e-01
    2.2759882733e-02   -3.6076420546e-01
    2.2769615054e-02   -3.5725972056e-01
    2.2779347375e-02   -3.5373836756e-01
    2.2789079696e-02   -3.5020458698e-01
    2.2798812017e-02   -3.4666442871e-01
    2.2809760645e-02   -3.4268331528e-01
    2.2819491103e-02   -3.3915549517e-01
    2.2829223424e-02   -3.3564707637e-01
    2.2838955745e-02   -3.3216640353e-01
    2.2849904373e-02   -3.2829254866e-01
    2.2859636694e-02   -3.2489225268e-01
    2.2869369015e-02   -3.2153609395e-01
    2.2879099473e-02   -3.1822571158e-01
    2.2888831794e-02   -3.1496188045e-01
    2.2899780422e-02   -3.1134599447e-01
    2.2909512743e-02   -3.0818143487e-01
    2.2919243202e-02   -3.0506294966e-01
    2.2928975523e-02   -3.0198892951e-01
    2.2939924151e-02   -2.9858046770e-01
    2.2949656472e-02   -2.9559144378e-01
    2.2959386930e-02   -2.9263585806e-01
    2.2969119251e-02   -2.8970772028e-01
    2.2978851572e-02   -2.8679972887e-01
    2.2989800200e-02   -2.8354290128e-01
    2.2999530658e-02   -2.8065299988e-01
    2.3009262979e-02   -2.7776119113e-01
    2.3018995300e-02   -2.7486243844e-01
    2.3029943928e-02   -2.7158805728e-01
    2.3039674386e-02   -2.6866194606e-01
    2.3049406707e-02   -2.6571860909e-01
    2.3059139028e-02   -2.6275661588e-01
    2.3068871349e-02   -2.5977587700e-01
    2.3079819977e-02   -2.5640144944e-01
    2.3089550436e-02   -2.5338506699e-01
    2.3099282756e-02   -2.5035479665e-01
    2.3109015077e-02   -2.4731254578e-01
    2.3119963706e-02   -2.4387714267e-01
    2.3129696026e-02   -2.4081225693e-01
    2.3139428347e-02   -2.3773624003e-01
    2.3149160668e-02   -2.3464848101e-01
    2.3158892989e-02   -2.3154889047e-01
    2.3169841617e-02   -2.2804845870e-01
    2.3179573938e-02   -2.2492703795e-01
    2.3189306259e-02   -2.2179922462e-01
    2.3199038580e-02   -2.1866831183e-01
    2.3209987208e-02   -2.1514569223e-01
    2.3219719529e-02   -2.1201618016e-01
    2.3229451850e-02   -2.0888952911e-01
    2.3239184171e-02   -2.0576660335e-01
    2.3248916492e-02   -2.0264831185e-01
    2.3259865120e-02   -1.9914720953e-01
    2.3269597441e-02   -1.9604295492e-01
    2.3279329762e-02   -1.9294737279e-01
    2.3289060220e-02   -1.8986080587e-01
    2.3298792541e-02   -1.8678273261e-01
    2.3309743032e-02   -1.8332821131e-01
    2.3319473490e-02   -1.8026264012e-01
    2.3329205811e-02   -1.7719937861e-01
    2.3338938132e-02   -1.7413640022e-01
    2.3349886760e-02   -1.7068943381e-01
    2.3359619081e-02   -1.6762427986e-01
    2.3369351402e-02   -1.6455855966e-01
    2.3379083723e-02   -1.6149325669e-01
    2.3388816044e-02   -1.5842965245e-01
    2.3399764672e-02   -1.5498620272e-01
    2.3409496993e-02   -1.5192803741e-01
    2.3419229314e-02   -1.4887106419e-01
    2.3428961635e-02   -1.4581318200e-01
    2.3439910263e-02   -1.4236874878e-01
    2.3449642584e-02   -1.3930004835e-01
    2.3459373042e-02   -1.3622207940e-01
    2.3469105363e-02   -1.3313284516e-01
    2.3478837684e-02   -1.3003116846e-01
    2.3489786312e-02   -1.2652626634e-01
    2.3499518633e-02   -1.2339730561e-01
    2.3509250954e-02   -1.2025676668e-01
    2.3518983275e-02   -1.1710610241e-01
    2.3529931903e-02   -1.1355126649e-01
    2.3539662361e-02   -1.1038339883e-01
    2.3549394682e-02   -1.0720885545e-01
    2.3559127003e-02   -1.0402817279e-01
    2.3568859324e-02   -1.0084194690e-01
    2.3579806089e-02   -9.7252629697e-02
    2.3589538410e-02   -9.4059750438e-02
    2.3599270731e-02   -9.0865515172e-02
    2.3609001189e-02   -8.7671980262e-02
    2.3619949818e-02   -8.4085792303e-02
    2.3629682139e-02   -8.0907016993e-02
    2.3639414459e-02   -7.7737726271e-02
    2.3649146780e-02   -7.4580557644e-02
    2.3658877239e-02   -7.1439355612e-02
    2.3669827729e-02   -6.7924678326e-02
    2.3679560050e-02   -6.4817465842e-02
    2.3689292371e-02   -6.1731867492e-02
    2.3699024692e-02   -5.8677908033e-02
    2.3709973320e-02   -5.5293381214e-02
    2.3719705641e-02   -5.2340235561e-02
    2.3729437962e-02   -4.9446884543e-02
    2.3739172146e-02   -4.6619296074e-02
    2.3748904467e-02   -4.3862588704e-02
    2.3759853095e-02   -4.0846072137e-02
    2.3769585416e-02   -3.8227133453e-02
    2.3779319599e-02   -3.5656351596e-02
    2.3789051920e-02   -3.3132698387e-02
    2.3798784241e-02   -3.0662847683e-02
    2.3809732869e-02   -2.7957946062e-02
    2.3819465190e-02   -2.5620814413e-02
    2.3829197511e-02   -2.3348161951e-02
    2.3838929832e-02   -2.1140396595e-02
    2.3849878460e-02   -1.8737232313e-02
    2.3859608918e-02   -1.6677191481e-02
    2.3869341239e-02   -1.4696818776e-02
    2.3879073560e-02   -1.2807805091e-02
    2.3888804018e-02   -1.1014458723e-02
    2.3899752647e-02   -9.0999417007e-03
    2.3909483105e-02   -7.4731521308e-03
    2.3919215426e-02   -5.9022060595e-03
    2.3928945884e-02   -4.3728281744e-03
    2.3939894512e-02   -2.6858516503e-03
    2.3949624971e-02   -1.2026291806e-03
    2.3959357291e-02    2.8137982008e-04
    2.3969087750e-02    1.7807809636e-03
    2.3978820071e-02    3.3036319073e-03
    2.3989766836e-02    5.0505013205e-03
    2.3999497294e-02    6.6365045495e-03
    2.4009229615e-02    8.2477089018e-03
    2.4018960074e-02    9.8680853844e-03
    2.4029906839e-02    1.1683046818e-02
    2.4039639160e-02    1.3277297840e-02
    2.4049369618e-02    1.4841910452e-02
    2.4059100077e-02    1.6362734139e-02
    2.4068832397e-02    1.7820166424e-02
    2.4079779163e-02    1.9353087991e-02
    2.4089511484e-02    2.0593676716e-02
    2.4099241942e-02    2.1696388721e-02
    2.4108972400e-02    2.2643102333e-02
    2.4119921029e-02    2.3506840691e-02
    2.4129651487e-02    2.4091888219e-02
    2.4139383808e-02    2.4509470910e-02
    2.4149114266e-02    2.4764873087e-02
    2.4158846587e-02    2.4860251695e-02
    2.4169793352e-02    2.4775510654e-02
    2.4179525673e-02    2.4529512972e-02
    2.4189256132e-02    2.4128012359e-02
    2.4198986590e-02    2.3582631722e-02
    2.4209935218e-02    2.2816307843e-02
    2.4219665676e-02    2.2016396746e-02
    2.4229397997e-02    2.1119253710e-02
    2.4239128456e-02    2.0136302337e-02
    2.4248860776e-02    1.9075565040e-02
    2.4259807542e-02    1.7793057486e-02
    2.4269539863e-02    1.6572613269e-02
    2.4279272184e-02    1.5273559839e-02
    2.4289002642e-02    1.3895164244e-02
    2.4299951270e-02    1.2258236296e-02
    2.4309681728e-02    1.0744583793e-02
    2.4319414049e-02    9.2018619180e-03
    2.4329146370e-02    7.6620299369e-03
    2.4338876829e-02    6.1620608903e-03
    2.4349825457e-02    4.5705824159e-03
    2.4359557778e-02    3.2811451238e-03
    2.4369288236e-02    2.1421718411e-03
    2.4379020557e-02    1.1786242248e-03
    2.4389969185e-02    3.2559697866e-04
    2.4399701506e-02   -2.1753540204e-04
    2.4409431964e-02   -5.5684812833e-04
    2.4419164285e-02   -6.9754361175e-04
    2.4428896606e-02   -6.4994982677e-04
    2.4439845234e-02   -3.8957412471e-04
    2.4449577555e-02    4.9470027079e-06
    2.4459309876e-02    5.3029984701e-04
    2.4469042197e-02    1.1618745048e-03
    2.4479992688e-02    1.9652866758e-03
    2.4489725009e-02    2.7297509369e-03
    2.4499457330e-02    3.5107221920e-03
    2.4509189650e-02    4.2808791623e-03
    2.4518923834e-02    5.0169909373e-03
    2.4529872462e-02    5.7830796577e-03
    2.4539606646e-02    6.3986508176e-03
    2.4549338967e-02    6.9513740018e-03
    2.4559071288e-02    7.4474220164e-03
    2.4568805471e-02    7.8991902992e-03
    2.4579755962e-02    8.3754081279e-03
    2.4589488283e-02    8.7910620496e-03
    2.4599220604e-02    9.2192366719e-03
    2.4608954787e-02    9.6773207188e-03
    2.4619903415e-02    1.0247549973e-02
    2.4629637599e-02    1.0817825794e-02
    2.4639369920e-02    1.1459390633e-02
    2.4649102241e-02    1.2181932107e-02
    2.4658834562e-02    1.2994066812e-02
    2.4669785053e-02    1.4025895856e-02
    2.4679517373e-02    1.5057776123e-02
    2.4689249694e-02    1.6204653308e-02
    2.4698982015e-02    1.7472362146e-02
    2.4709930643e-02    1.9048303366e-02
    2.4719661102e-02    2.0582256839e-02
    2.4729393423e-02    2.2237453610e-02
    2.4739125744e-02    2.4007305503e-02
    2.4748858064e-02    2.5882482529e-02
    2.4759806693e-02    2.8106883168e-02
    2.4769537151e-02    3.0177963898e-02
    2.4779269472e-02    3.2326683402e-02
    2.4789001793e-02    3.4542057663e-02
    2.4799950421e-02    3.7103556097e-02
    2.4809680879e-02    3.9431344718e-02
    2.4819413200e-02    4.1792552918e-02
    2.4829145521e-02    4.4172991067e-02
    2.4838877842e-02    4.6560350806e-02
    2.4849826470e-02    4.9237668514e-02
    2.4859558791e-02    5.1595930010e-02
    2.4869291112e-02    5.3924694657e-02
    2.4879023433e-02    5.6217223406e-02
    2.4889972061e-02    5.8745268732e-02
    2.4899704382e-02    6.0941826552e-02
    2.4909436703e-02    6.3084401190e-02
    2.4919169024e-02    6.5166249871e-02
    2.4928901345e-02    6.7180827260e-02
    2.4939849973e-02    6.9358453155e-02
    2.4949582294e-02    7.1208260953e-02
    2.4959314615e-02    7.2968393564e-02
    2.4969046935e-02    7.4631884694e-02
    2.4979995564e-02    7.6384738088e-02
    2.4989727885e-02    7.7837996185e-02
    2.4999460205e-02    7.9196959734e-02
    2.5009192526e-02    8.0468736589e-02
    2.5018922985e-02    8.1661991775e-02
    2.5029871613e-02    8.2921892405e-02
    2.5039603934e-02    8.3977535367e-02
    2.5049336255e-02    8.4980204701e-02
    2.5059068576e-02    8.5935346782e-02
    2.5068799034e-02    8.6844429374e-02
    2.5079747662e-02    8.7810017169e-02
    2.5089479983e-02    8.8614925742e-02
    2.5099210441e-02    8.9368939400e-02
    2.5108942762e-02    9.0075477958e-02
    2.5119891390e-02    9.0819843113e-02
    2.5129621848e-02    9.1442301869e-02
    2.5139354169e-02    9.2032819986e-02
    2.5149084628e-02    9.2594563961e-02
    2.5158816949e-02    9.3128874898e-02
    2.5169763714e-02    9.3696884811e-02
    2.5179496035e-02    9.4170041382e-02
    2.5189226493e-02    9.4609022141e-02
    2.5198958814e-02    9.5007389784e-02
    2.5209905580e-02    9.5396168530e-02
    2.5219637901e-02    9.5678076148e-02
    2.5229368359e-02    9.5889158547e-02
    2.5239100680e-02    9.6020407975e-02
    2.5248831138e-02    9.6064835787e-02
    2.5259779766e-02    9.6001781523e-02
    2.5269510224e-02    9.5835261047e-02
    2.5279242545e-02    9.5553703606e-02
    2.5288974866e-02    9.5146685839e-02
    2.5299921632e-02    9.4527408481e-02
    2.5309653953e-02    9.3826107681e-02
    2.5319384411e-02    9.2979796231e-02
    2.5329116732e-02    9.1986730695e-02
    2.5338847190e-02    9.0843275189e-02
    2.5349795818e-02    8.9369885623e-02
    2.5359526277e-02    8.7887749076e-02
    2.5369256735e-02    8.6240537465e-02
    2.5378989056e-02    8.4430642426e-02
    2.5389935821e-02    8.2210250199e-02
    2.5399668142e-02    8.0087736249e-02
    2.5409398600e-02    7.7843405306e-02
    2.5419129059e-02    7.5496561825e-02
    2.5428861380e-02    7.3067188263e-02
    2.5439808145e-02    7.0260949433e-02
    2.5449540466e-02    6.7723795772e-02
    2.5459270924e-02    6.5166018903e-02
    2.5469001383e-02    6.2604717910e-02
    2.5479950011e-02    5.9738140553e-02
    2.5489680469e-02    5.7216648012e-02
    2.5499412790e-02    5.4728008807e-02
    2.5509143248e-02    5.2274987102e-02
    2.5518875569e-02    4.9856275320e-02
    2.5529822335e-02    4.7169689089e-02
    2.5539554656e-02    4.4802363962e-02
    2.5549286976e-02    4.2442761362e-02
    2.5559017435e-02    4.0079187602e-02
    2.5569966063e-02    3.7403319031e-02
    2.5579698384e-02    3.5002391785e-02
    2.5589430705e-02    3.2577253878e-02
    2.5599163026e-02    3.0127802864e-02
    2.5608895347e-02    2.7655115351e-02
    2.5619843975e-02    2.4847952649e-02
    2.5629576296e-02    2.2335251793e-02
    2.5639308617e-02    1.9815094769e-02
    2.5649042800e-02    1.7298318446e-02
    2.5659991428e-02    1.4483877458e-02
    2.5669723749e-02    1.2006999925e-02
    2.5679456070e-02    9.5623210073e-03
    2.5689190254e-02    7.1575785987e-03
    2.5698922575e-02    4.7972728498e-03
    2.5709871203e-02    2.1951640956e-03
    2.5719605386e-02   -7.3239039921e-05
    2.5729337707e-02   -2.3014340550e-03
    2.5739070028e-02   -4.4888155535e-03
    2.5748802349e-02   -6.6328262910e-03
    2.5759752840e-02   -8.9869704098e-03
    2.5769485161e-02   -1.1020471342e-02
    2.5779217482e-02   -1.2990601361e-02
    2.5788949803e-02   -1.4890976250e-02
    2.5799900293e-02   -1.6939505935e-02
    2.5809632614e-02   -1.8678007647e-02
    2.5819364935e-02   -2.0339060575e-02
    2.5829097256e-02   -2.1924739704e-02
    2.5838829577e-02   -2.3437248543e-02
    2.5849778205e-02   -2.5053065270e-02
    2.5859510526e-02   -2.6414379478e-02
    2.5869242847e-02   -2.7706077322e-02
    2.5878977031e-02   -2.8928479180e-02
    2.5889925659e-02   -3.0220005661e-02
    2.5899657980e-02   -3.1291604042e-02
    2.5909390301e-02   -3.2288782299e-02
    2.5919122621e-02   -3.3208969980e-02
    2.5928854942e-02   -3.4050520509e-02
    2.5939803571e-02   -3.4904371947e-02
    2.5949535891e-02   -3.5585466772e-02
    2.5959268212e-02   -3.6201260984e-02
    2.5969000533e-02   -3.6762233824e-02
    2.5979949161e-02   -3.7343092263e-02
    2.5989681482e-02   -3.7828825414e-02
    2.5999413803e-02   -3.8298010826e-02
    2.6009144261e-02   -3.8760617375e-02
    2.6018876582e-02   -3.9224769920e-02
    2.6029825211e-02   -3.9756190032e-02
    2.6039557531e-02   -4.0240865201e-02
    2.6049289852e-02   -4.0739417076e-02
    2.6059022173e-02   -4.1253421456e-02
    2.6069970801e-02   -4.1852347553e-02
    2.6079703122e-02   -4.2405471206e-02
    2.6089435443e-02   -4.2980544269e-02
    2.6099167764e-02   -4.3580237776e-02
    2.6108898222e-02   -4.4207479805e-02
    2.6119846851e-02   -4.4948965311e-02
    2.6129579172e-02   -4.5640900731e-02
    2.6139311492e-02   -4.6362623572e-02
    2.6149043813e-02   -4.7110665590e-02
    2.6159992442e-02   -4.7976423055e-02
    2.6169722900e-02   -4.8758715391e-02
    2.6179455221e-02   -4.9543578178e-02
    2.6189187542e-02   -5.0321824849e-02
    2.6198919863e-02   -5.1084533334e-02
    2.6209868491e-02   -5.1914766431e-02
    2.6219598949e-02   -5.2622441202e-02
    2.6229331270e-02   -5.3299542516e-02
    2.6239063591e-02   -5.3947355598e-02
    2.6248795912e-02   -5.4569881409e-02
    2.6259742677e-02   -5.5247958750e-02
    2.6269474998e-02   -5.5839553475e-02
    2.6279207319e-02   -5.6429125369e-02
    2.6288937777e-02   -5.7024408132e-02
    2.6299886405e-02   -5.7710207999e-02
    2.6309618726e-02   -5.8342255652e-02
    2.6319349185e-02   -5.9002950788e-02
    2.6329081506e-02   -5.9699065983e-02
    2.6338813826e-02   -6.0436714441e-02
    2.6349762455e-02   -6.1323493719e-02
    2.6359492913e-02   -6.2168341130e-02
    2.6369225234e-02   -6.3071750104e-02
    2.6378957555e-02   -6.4038455486e-02
    2.6389906183e-02   -6.5206691623e-02
    2.6399636641e-02   -6.6319927573e-02
    2.6409368962e-02   -6.7504674196e-02
    2.6419101283e-02   -6.8760648370e-02
    2.6428833604e-02   -7.0086307824e-02
    2.6439780369e-02   -7.1656554937e-02
    2.6449512690e-02   -7.3116481304e-02
    2.6459245011e-02   -7.4630424380e-02
    2.6468975469e-02   -7.6192468405e-02
    2.6479924098e-02   -7.8000269830e-02
    2.6489656419e-02   -7.9646743834e-02
    2.6499386877e-02   -8.1326656044e-02
    2.6509119198e-02   -8.3037592471e-02
    2.6518849656e-02   -8.4778010845e-02
    2.6529798284e-02   -8.6770534515e-02
    2.6539528742e-02   -8.8573388755e-02
    2.6549261063e-02   -9.0407907963e-02
    2.6558991522e-02   -9.2276506126e-02
    2.6569940150e-02   -9.4423897564e-02
    2.6579672471e-02   -9.6377678216e-02
    2.6589402929e-02   -9.8377466202e-02
    2.6599135250e-02   -1.0042625666e-01
    2.6608865708e-02   -1.0252837837e-01
    2.6619814336e-02   -1.0496211052e-01
    2.6629544795e-02   -1.0718990862e-01
    2.6639277115e-02   -1.0948082060e-01
    2.6649009436e-02   -1.1183567345e-01
    2.6659956202e-02   -1.1456111819e-01
    2.6669688523e-02   -1.1705082655e-01
    2.6679420844e-02   -1.1960284412e-01
    2.6689153165e-02   -1.2221667916e-01
    2.6698885486e-02   -1.2489067763e-01
    2.6709834114e-02   -1.2796780467e-01
    2.6719564572e-02   -1.3076031208e-01
    2.6729296893e-02   -1.3360133767e-01
    2.6739029214e-02   -1.3648477197e-01
    2.6749977842e-02   -1.3977009058e-01
    2.6759710163e-02   -1.4271868765e-01
    2.6769442484e-02   -1.4568659663e-01
    2.6779174805e-02   -1.4866574109e-01
    2.6788907126e-02   -1.5164856613e-01
    2.6799855754e-02   -1.5500062704e-01
    2.6809588075e-02   -1.5797249973e-01
    2.6819320396e-02   -1.6093607247e-01
    2.6829052716e-02   -1.6389068961e-01
    2.6838785037e-02   -1.6683612764e-01
    2.6849733666e-02   -1.7013646662e-01
    2.6859465986e-02   -1.7305514216e-01
    2.6869198307e-02   -1.7595778406e-01
    2.6878930628e-02   -1.7884242535e-01
    2.6889879256e-02   -1.8206408620e-01
    2.6899609715e-02   -1.8490658700e-01
    2.6909342036e-02   -1.8773123622e-01
    2.6919074357e-02   -1.9054132700e-01
    2.6928806677e-02   -1.9334001839e-01
    2.6939755306e-02   -1.9647812843e-01
    2.6949487627e-02   -1.9926044345e-01
    2.6959219947e-02   -2.0203575492e-01
    2.6968952268e-02   -2.0480178297e-01
    2.6979900897e-02   -2.0789960027e-01
    2.6989633217e-02   -2.1063944697e-01
    2.6999365538e-02   -2.1336719394e-01
    2.7009097859e-02   -2.1608527005e-01
    2.7018830180e-02   -2.1879726648e-01
    2.7029778808e-02   -2.2184607387e-01
    2.7039511129e-02   -2.2455948591e-01
    2.7049243450e-02   -2.2728310525e-01
    2.7058975771e-02   -2.3002403975e-01
    2.7069924399e-02   -2.3313558102e-01
    2.7079656720e-02   -2.3593120277e-01
    2.7089389041e-02   -2.3875761032e-01
    2.7099121362e-02   -2.4161569774e-01
    2.7108853683e-02   -2.4450564384e-01
    2.7119802311e-02   -2.4779434502e-01
    2.7129534632e-02   -2.5074985623e-01
    2.7139266953e-02   -2.5373417139e-01
    2.7148999274e-02   -2.5674575567e-01
    2.7159949765e-02   -2.6016515493e-01
    2.7169682086e-02   -2.6323217154e-01
    2.7179414406e-02   -2.6632460952e-01
    2.7189146727e-02   -2.6944085956e-01
    2.7198879048e-02   -2.7257728577e-01
    2.7209827676e-02   -2.7612224221e-01
    2.7219559997e-02   -2.7927887440e-01
    2.7229292318e-02   -2.8243139386e-01
    2.7239024639e-02   -2.8557115793e-01
    2.7249973267e-02   -2.8907844424e-01
    2.7259705588e-02   -2.9216587543e-01
    2.7269437909e-02   -2.9521813989e-01
    2.7279170230e-02   -2.9822939634e-01
    2.7288902551e-02   -3.0119433999e-01
    2.7299851179e-02   -3.0446907878e-01
    2.7309583500e-02   -3.0732226372e-01
    2.7319315821e-02   -3.1011971831e-01
    2.7329048142e-02   -3.1286206841e-01
    2.7339996770e-02   -3.1588441133e-01
    2.7349727228e-02   -3.1851977110e-01
    2.7359459549e-02   -3.2111269236e-01
    2.7369191870e-02   -3.2366949320e-01
    2.7378924191e-02   -3.2619646192e-01
    2.7389872819e-02   -3.2901036739e-01
    2.7399605140e-02   -3.3149054646e-01
    2.7409337461e-02   -3.3395385742e-01
    2.7419069782e-02   -3.3640179038e-01
    2.7428802103e-02   -3.3883488178e-01
    2.7439750731e-02   -3.4155413508e-01
    2.7449483052e-02   -3.4395465255e-01
    2.7459215373e-02   -3.4633827209e-01
    2.7468947694e-02   -3.4870326519e-01
    2.7479898185e-02   -3.5133925080e-01
    2.7489630505e-02   -3.5365873575e-01
    2.7499362826e-02   -3.5595452785e-01
    2.7509095147e-02   -3.5822567344e-01
    2.7518827468e-02   -3.6047199368e-01
    2.7529776096e-02   -3.6297029257e-01
    2.7539510280e-02   -3.6516711116e-01
    2.7549242601e-02   -3.6734330654e-01
    2.7558974922e-02   -3.6950087547e-01
    2.7569923550e-02   -3.7190836668e-01
    2.7579657733e-02   -3.7403228879e-01
    2.7589390054e-02   -3.7614169717e-01
    2.7599122375e-02   -3.7823662162e-01
    2.7608854696e-02   -3.8031694293e-01
    2.7619803324e-02   -3.8263973594e-01
    2.7629535645e-02   -3.8468897343e-01
    2.7639267966e-02   -3.8672485948e-01
    2.7649000287e-02   -3.8874953985e-01
    2.7659950778e-02   -3.9101758599e-01
    2.7669683099e-02   -3.9302879572e-01
    2.7679415420e-02   -3.9503961802e-01
    2.7689147741e-02   -3.9705389738e-01
    2.7698880062e-02   -3.9907500148e-01
    2.7709828690e-02   -4.0136039257e-01
    2.7719561011e-02   -4.0340486169e-01
    2.7729293332e-02   -4.0546411276e-01
    2.7739023790e-02   -4.0754026175e-01
    2.7749974281e-02   -4.0989860892e-01
    2.7759706602e-02   -4.1201698780e-01
    2.7769437060e-02   -4.1415765882e-01
    2.7779169381e-02   -4.1632220149e-01
    2.7788901702e-02   -4.1851183772e-01
    2.7799852192e-02   -4.2100635171e-01
    2.7809584513e-02   -4.2325258255e-01
    2.7819316834e-02   -4.2552697659e-01
    2.7829049155e-02   -4.2783007026e-01
    2.7839997783e-02   -4.3045583367e-01
    2.7849730104e-02   -4.3282115459e-01
    2.7859462425e-02   -4.3521592021e-01
    2.7869194746e-02   -4.3763959408e-01
    2.7878927067e-02   -4.4009146094e-01
    2.7889875695e-02   -4.4288298488e-01
    2.7899608016e-02   -4.4539329410e-01
    2.7909340337e-02   -4.4793033600e-01
    2.7919396758e-02   -4.5058006048e-01
    2.7929779142e-02   -4.5335012674e-01
    2.7939511463e-02   -4.5597809553e-01
    2.7949891984e-02   -4.5881000161e-01
    2.7959624305e-02   -4.6149635315e-01
    2.7969356626e-02   -4.6421232820e-01
    2.7979737148e-02   -4.6713933349e-01
    2.7989469469e-02   -4.6991443634e-01
    2.7999849990e-02   -4.7291082144e-01
    2.8009582311e-02   -4.7575348616e-01
    2.8019962832e-02   -4.7881761193e-01
    2.8029695153e-02   -4.8171514273e-01
    2.8039427474e-02   -4.8463219404e-01
    2.8049809858e-02   -4.8776206374e-01
    2.8059542179e-02   -4.9071109295e-01
    2.8069922701e-02   -4.9386966228e-01
    2.8079655021e-02   -4.9684119225e-01
    2.8089387342e-02   -4.9982243776e-01
    2.8099767864e-02   -5.0301253796e-01
    2.8109500185e-02   -5.0601130724e-01
    2.8119880706e-02   -5.0921738148e-01
    2.8129613027e-02   -5.1222950220e-01
    2.8139995411e-02   -5.1544857025e-01
    2.8149725869e-02   -5.1847183704e-01
    2.8159458190e-02   -5.2150034904e-01
    2.8169840574e-02   -5.2473652363e-01
    2.8179572895e-02   -5.2777588367e-01
    2.8189953417e-02   -5.3102350235e-01
    2.8199685737e-02   -5.3407418728e-01
    2.8209418058e-02   -5.3713119030e-01
    2.8219565749e-02   -5.4032582045e-01
    2.8229657561e-02   -5.4350912571e-01
    2.8239751235e-02   -5.4669922590e-01
    2.8249843046e-02   -5.4989987612e-01
    2.8259936720e-02   -5.5310648680e-01
    2.8269112110e-02   -5.5602490902e-01
    2.8279669583e-02   -5.5939209461e-01
    2.8289308771e-02   -5.6247460842e-01
    2.8299912810e-02   -5.6586951017e-01
    2.8309553862e-02   -5.6895679235e-01
    2.8319193050e-02   -5.7204383612e-01
    2.8329797089e-02   -5.7544052601e-01
    2.8339438140e-02   -5.7852977514e-01
    2.8349077329e-02   -5.8161830902e-01
    2.8359681368e-02   -5.8501338959e-01
    2.8369322419e-02   -5.8809792995e-01
    2.8379926458e-02   -5.9148883820e-01
    2.8389565647e-02   -5.9456938505e-01
    2.8399206698e-02   -5.9764802456e-01
    2.8409810737e-02   -6.0103458166e-01
    2.8419449925e-02   -6.0411530733e-01
    2.8429090977e-02   -6.0719877481e-01
    2.8439695016e-02   -6.1059439182e-01
    2.8449334204e-02   -6.1368584633e-01
    2.8459938243e-02   -6.1709266901e-01
    2.8469579294e-02   -6.2019473314e-01
    2.8479218483e-02   -6.2329912186e-01
    2.8489822522e-02   -6.2671375275e-01
    2.8499463573e-02   -6.2981557846e-01
    2.8509102762e-02   -6.3291293383e-01
    2.8519706801e-02   -6.3631296158e-01
    2.8529347852e-02   -6.3939714432e-01
    2.8539951891e-02   -6.4278244972e-01
    2.8549591079e-02   -6.4585369825e-01
    2.8559232131e-02   -6.4891827106e-01
    2.8569836169e-02   -6.5228044987e-01
    2.8579475358e-02   -6.5532755852e-01
    2.8589116409e-02   -6.5836328268e-01
    2.8599720448e-02   -6.6168630123e-01
    2.8609359637e-02   -6.6469031572e-01
    2.8619963676e-02   -6.6797506809e-01
    2.8629371896e-02   -6.7087149620e-01
    2.8639463708e-02   -6.7395907640e-01
    2.8649557382e-02   -6.7702448368e-01
    2.8659649193e-02   -6.8006634712e-01
    2.8669068590e-02   -6.8288338184e-01
    2.8678802773e-02   -6.8577140570e-01
    2.8689751402e-02   -6.8899345398e-01
    2.8699485585e-02   -6.9183278084e-01
    2.8709217906e-02   -6.9464838505e-01
    2.8719589114e-02   -6.9762617350e-01
    2.8729682788e-02   -7.0050418377e-01
    2.8739774600e-02   -7.0336186886e-01
    2.8749866411e-02   -7.0619791746e-01
    2.8759306297e-02   -7.0883184671e-01
    2.8769040480e-02   -7.1152865887e-01
    2.8779989108e-02   -7.1454042196e-01
    2.8789883479e-02   -7.1724563837e-01
    2.8799615800e-02   -7.1989381313e-01
    2.8809996322e-02   -7.2271060944e-01
    2.8819728643e-02   -7.2534239292e-01
    2.8829460964e-02   -7.2796243429e-01
    2.8839843348e-02   -7.3074203730e-01
    2.8849575669e-02   -7.3333400488e-01
    2.8859075159e-02   -7.3585414886e-01
    2.8869664297e-02   -7.3865479231e-01
    2.8879303485e-02   -7.4119484425e-01
    2.8889909387e-02   -7.4398344755e-01
    2.8899548575e-02   -7.4651807547e-01
    2.8909187764e-02   -7.4905180931e-01
    2.8919793665e-02   -7.5182831287e-01
    2.8929335997e-02   -7.5430434942e-01
    2.8939561918e-02   -7.5692510605e-01
    2.8949787840e-02   -7.5950902700e-01
    2.8959332034e-02   -7.6188611984e-01
    2.8969556093e-02   -7.6439666748e-01
    2.8979310766e-02   -7.6675915718e-01
    2.8989858925e-02   -7.6928752661e-01
    2.8999499977e-02   -7.7158236504e-01
    2.9009139165e-02   -7.7386713028e-01
    2.9019743204e-02   -7.7636718750e-01
    2.9029384255e-02   -7.7861893177e-01
    2.9039988294e-02   -7.8106158972e-01
    2.9049627483e-02   -7.8323823214e-01
    2.9059268534e-02   -7.8536146879e-01
    2.9069872573e-02   -7.8762745857e-01
    2.9079511762e-02   -7.8962314129e-01
    2.9089152813e-02   -7.9156321287e-01
    2.9099756852e-02   -7.9364389181e-01
    2.9109396040e-02   -7.9549294710e-01
    2.9119037092e-02   -7.9729819298e-01
    2.9129641131e-02   -7.9922115803e-01
    2.9139280319e-02   -8.0089998245e-01
    2.9149884358e-02   -8.0266082287e-01
    2.9159525409e-02   -8.0418032408e-01
    2.9169164598e-02   -8.0562698841e-01
    2.9179768637e-02   -8.0714923143e-01
    2.9189409688e-02   -8.0848813057e-01
    2.9199048877e-02   -8.0980163813e-01
    2.9209652916e-02   -8.1123620272e-01
    2.9219293967e-02   -8.1254696846e-01
    2.9229898006e-02   -8.1401097775e-01
    2.9239537194e-02   -8.1537193060e-01
    2.9249178246e-02   -8.1677144766e-01
    2.9259782284e-02   -8.1836545467e-01
    2.9269421473e-02   -8.1986558437e-01
    2.9279062524e-02   -8.2141000032e-01
    2.9289666563e-02   -8.2314842939e-01
    2.9299305752e-02   -8.2474637032e-01
    2.9309909791e-02   -8.2650130987e-01
    2.9319550842e-02   -8.2808071375e-01
    2.9329190031e-02   -8.2963365316e-01
    2.9339794070e-02   -8.3130198717e-01
    2.9349435121e-02   -8.3278840780e-01
    2.9359074309e-02   -8.3426183462e-01
    2.9369678348e-02   -8.3588200808e-01
    2.9379319400e-02   -8.3735781908e-01
    2.9389923438e-02   -8.3897298574e-01
    2.9399562627e-02   -8.4041506052e-01
    2.9409203678e-02   -8.4181648493e-01
    2.9419807717e-02   -8.4329861403e-01
    2.9429633170e-02   -8.4460693598e-01
    2.9439859092e-02   -8.4589177370e-01
    2.9449401423e-02   -8.4700876474e-01
    2.9459627345e-02   -8.4811276197e-01
    2.9469853267e-02   -8.4911566973e-01
    2.9479397461e-02   -8.4994173050e-01
    2.9489621520e-02   -8.5069012642e-01
    2.9499847442e-02   -8.5128730536e-01
    2.9509391636e-02   -8.5170650482e-01
    2.9519617558e-02   -8.5201317072e-01
    2.9529841617e-02   -8.5218471289e-01
    2.9539385810e-02   -8.5224080086e-01
    2.9549611732e-02   -8.5221457481e-01
    2.9559837654e-02   -8.5212552547e-01
    2.9569379985e-02   -8.5200750828e-01
    2.9579605907e-02   -8.5186511278e-01
    2.9589831829e-02   -8.5172742605e-01
    2.9599376023e-02   -8.5161906481e-01
    2.9609600082e-02   -8.5153698921e-01
    2.9619826004e-02   -8.5150009394e-01
    2.9629370198e-02   -8.5151422024e-01
    2.9639596120e-02   -8.5158795118e-01
    2.9649820179e-02   -8.5172766447e-01
    2.9659364372e-02   -8.5192108154e-01
    2.9669590294e-02   -8.5219913721e-01
    2.9679816216e-02   -8.5255342722e-01
    2.9689358547e-02   -8.5295361280e-01
    2.9699584469e-02   -8.5345613956e-01
    2.9709810391e-02   -8.5403209925e-01
    2.9719354585e-02   -8.5463076830e-01
    2.9729578644e-02   -8.5533201694e-01
    2.9739804566e-02   -8.5609024763e-01
    2.9749348760e-02   -8.5684484243e-01
    2.9759574682e-02   -8.5769987106e-01
    2.9769837856e-02   -8.5860490799e-01
    2.9779477045e-02   -8.5949772596e-01
    2.9789116234e-02   -8.6043018103e-01
    2.9799722135e-02   -8.6150711775e-01
    2.9809361324e-02   -8.6253762245e-01
    2.9819965363e-02   -8.6372792721e-01
    2.9829606414e-02   -8.6485600471e-01
    2.9839245602e-02   -8.6602169275e-01
    2.9849849641e-02   -8.6734312773e-01
    2.9859490693e-02   -8.6857652664e-01
    2.9869129881e-02   -8.6983805895e-01
    2.9879733920e-02   -8.7125635147e-01
    2.9889374971e-02   -8.7257397175e-01
    2.9899979010e-02   -8.7405729294e-01
    2.9909618199e-02   -8.7543910742e-01
    2.9919259250e-02   -8.7685501575e-01
    2.9929863289e-02   -8.7845569849e-01
    2.9939502478e-02   -8.7995505333e-01
    2.9949143529e-02   -8.8150173426e-01
    2.9959747568e-02   -8.8326287270e-01
    2.9969386756e-02   -8.8492065668e-01
    2.9979990795e-02   -8.8680648804e-01
    2.9989631847e-02   -8.8857513666e-01
    2.9999271035e-02   -8.9039254189e-01
    3.0000235885e-02   -8.9057683945e-01
