      3002
    0.0000000000e+00    0.0000000000e+00
    9.7362280940e-06   -5.2290732810e-07
    1.9472456188e-05   -1.9754277218e-06
    2.9208684282e-05   -4.3575610107e-06
    3.8944912376e-05   -7.6693077062e-06
    4.9898168072e-05   -1.2506199710e-05
    5.9634396166e-05   -1.7793374354e-05
    6.9370624260e-05   -2.4010161724e-05
    7.9106852354e-05   -3.1156559999e-05
    8.8843080448e-05   -3.9232574636e-05
    9.9796336144e-05   -2.1333424957e-04
    1.0953255696e-04   -4.2486836901e-04
    1.1936988449e-04   -6.7687989213e-04
    1.2951242388e-04   -9.4343628734e-04
    1.3930225396e-04   -1.2040935690e-03
    1.4939271205e-04   -1.5625263331e-03
    1.5927563072e-04   -2.1522517782e-03
    1.6968246200e-04   -2.8678365052e-03
    1.7952857888e-04   -3.5684711765e-03
    1.8913974054e-04   -4.2480705306e-03
    1.9887587405e-04   -4.9718287773e-03
    2.0982899878e-04   -5.9390855022e-03
    2.1956508863e-04   -6.9655030966e-03
    2.2930116393e-04   -8.0283740535e-03
    2.3903725378e-04   -9.1325454414e-03
    2.4999040761e-04   -1.0418149643e-02
    2.5972659932e-04   -1.1680905707e-02
    2.6946279104e-04   -1.3115108944e-02
    2.7919895365e-04   -1.4650049619e-02
    2.8893514536e-04   -1.6188524663e-02
    2.9988834285e-04   -1.7913989723e-02
    3.0962453457e-04   -1.9492609426e-02
    3.1936069718e-04   -2.1191583946e-02
    3.2909688889e-04   -2.3034311831e-02
    3.3883302240e-04   -2.4970442057e-02
    3.4978619078e-04   -2.7228033170e-02
    3.5952235339e-04   -2.9326604679e-02
    3.6925845779e-04   -3.1540207565e-02
    3.7899453309e-04   -3.3884912729e-02
    3.8994755596e-04   -3.6636903882e-02
    3.9968357305e-04   -3.9131011814e-02
    4.0941956104e-04   -4.1682060808e-02
    4.1915551992e-04   -4.4325690717e-02
    4.2889144970e-04   -4.7083701938e-02
    4.3984435615e-04   -5.0328969955e-02
    4.4958025683e-04   -5.3301580250e-02
    4.5931615750e-04   -5.6330516934e-02
    4.6905202908e-04   -5.9429433197e-02
    4.7878790065e-04   -6.2619037926e-02
    4.8974074889e-04   -6.6342167556e-02
    4.9947656225e-04   -6.9738589227e-02
    5.0921243383e-04   -7.3182940483e-02
    5.1894818898e-04   -7.6685212553e-02
    5.2990094991e-04   -8.0730162561e-02
    5.3963670507e-04   -8.4449954331e-02
    5.4937246023e-04   -8.8286072016e-02
    5.5910821538e-04   -9.2207975686e-02
    5.6884397054e-04   -9.6197903156e-02
    5.7979667326e-04   -1.0078526288e-01
    5.8953242842e-04   -1.0496381670e-01
    5.9926818358e-04   -1.0923383385e-01
    6.0900388053e-04   -1.1358056962e-01
    6.1995652504e-04   -1.1854920536e-01
    6.2969216378e-04   -1.2305283546e-01
    6.3942786073e-04   -1.2765656412e-01
    6.4916349947e-04   -1.3237321377e-01
    6.5889908001e-04   -1.3720145822e-01
    6.6985160811e-04   -1.4274743199e-01
    6.7958718864e-04   -1.4777499437e-01
    6.8932271097e-04   -1.5290527046e-01
    6.9905823329e-04   -1.5815857053e-01
    7.0879369741e-04   -1.6353780031e-01
    7.1974610910e-04   -1.6971723735e-01
    7.2948157322e-04   -1.7529666424e-01
    7.3921697913e-04   -1.8094559014e-01
    7.4895244325e-04   -1.8667529523e-01
    7.5990479672e-04   -1.9323007762e-01
    7.6964020263e-04   -1.9915471971e-01
    7.7937560854e-04   -2.0516410470e-01
    7.8911101446e-04   -2.1126070619e-01
    7.9884642037e-04   -2.1746027470e-01
    8.0979865743e-04   -2.2457414865e-01
    8.1953400513e-04   -2.3101869226e-01
    8.2926929463e-04   -2.3755767941e-01
    8.3900458412e-04   -2.4417772889e-01
    8.4995670477e-04   -2.5172138214e-01
    8.5969193606e-04   -2.5852313638e-01
    8.6942716734e-04   -2.6542097330e-01
    8.7916234042e-04   -2.7240949869e-01
    8.8889745530e-04   -2.7948555350e-01
    8.9984945953e-04   -2.8755649924e-01
    9.0958451619e-04   -2.9484558105e-01
    9.1931951465e-04   -3.0225422978e-01
    9.2905445490e-04   -3.0977842212e-01
    9.3878927873e-04   -3.1740248203e-01
    9.4974087551e-04   -3.2608193159e-01
    9.5947552472e-04   -3.3388349414e-01
    9.6921011573e-04   -3.4176960588e-01
    9.7894459032e-04   -3.4974554181e-01
    9.8989589605e-04   -3.5881909728e-01
    9.9963019602e-04   -3.6697345972e-01
    1.0093643796e-03   -3.7522199750e-01
    1.0190985631e-03   -3.8357523084e-01
    1.0288325138e-03   -3.9203783870e-01
    1.0397832375e-03   -4.0168577433e-01
    1.0495170718e-03   -4.1035965085e-01
    1.0592506733e-03   -4.1911280155e-01
    1.0689842748e-03   -4.2795002460e-01
    1.0799344163e-03   -4.3799665570e-01
    1.0896677850e-03   -4.4701915979e-01
    1.0994010372e-03   -4.5613163710e-01
    1.1091342894e-03   -4.6534368396e-01
    1.1188673088e-03   -4.7466462851e-01
    1.1298169848e-03   -4.8529565334e-01
    1.1395498877e-03   -4.9488389492e-01
    1.1492826743e-03   -5.0460183620e-01
    1.1590153445e-03   -5.1445168257e-01
    1.1699643219e-03   -5.2570611238e-01
    1.1796967592e-03   -5.3587353230e-01
    1.1894289637e-03   -5.4619550705e-01
    1.1991611682e-03   -5.5665981770e-01
    1.2088933727e-03   -5.6725472212e-01
    1.2198420009e-03   -5.7933086157e-01
    1.2295740889e-03   -5.9020823240e-01
    1.2393060606e-03   -6.0122907162e-01
    1.2490381487e-03   -6.1239087582e-01
    1.2599866604e-03   -6.2510311604e-01
    1.2697185157e-03   -6.3654255867e-01
    1.2794504873e-03   -6.4812558889e-01
    1.2891823426e-03   -6.5984749794e-01
    1.2989141978e-03   -6.7167788744e-01
    1.3098624768e-03   -6.8509149551e-01
    1.3195943320e-03   -6.9710278511e-01
    1.3293261873e-03   -7.0919245481e-01
    1.3390581589e-03   -7.2135293484e-01
    1.3487900142e-03   -7.3357272148e-01
    1.3597385259e-03   -7.4738264084e-01
    1.3694704976e-03   -7.5972998142e-01
    1.3792023528e-03   -7.7216470242e-01
    1.3889340917e-03   -7.8468596935e-01
    1.3998821378e-03   -7.9885601997e-01
    1.4096136438e-03   -8.1150937080e-01
    1.4193450334e-03   -8.2420998812e-01
    1.4290763065e-03   -8.3696037531e-01
    1.4388074633e-03   -8.4977072477e-01
    1.4497550437e-03   -8.6425381899e-01
    1.4594860841e-03   -8.7718558311e-01
    1.4692171244e-03   -8.9017677307e-01
    1.4789480483e-03   -9.0322965384e-01
    1.4898953959e-03   -9.1798585653e-01
    1.4996263199e-03   -9.3115681410e-01
    1.5093573602e-03   -9.4435733557e-01
    1.5190882841e-03   -9.5757412910e-01
    1.5288193244e-03   -9.7081547976e-01
    1.5397667885e-03   -9.8575305939e-01
    1.5494978288e-03   -9.9907213449e-01
    1.5592289856e-03   -1.0124239922e+00
    1.5689601423e-03   -1.0257983208e+00
    1.5799077228e-03   -1.0408749580e+00
    1.5896389959e-03   -1.0543100834e+00
    1.5993701527e-03   -1.0677819252e+00
    1.6091015423e-03   -1.0812900066e+00
    1.6188328154e-03   -1.0948201418e+00
    1.6297805123e-03   -1.1100660563e+00
    1.6395119019e-03   -1.1236540079e+00
    1.6492432915e-03   -1.1372823715e+00
    1.6589745646e-03   -1.1509550810e+00
    1.6699222615e-03   -1.1663938761e+00
    1.6796534183e-03   -1.1801731586e+00
    1.6893845750e-03   -1.1940113306e+00
    1.6991156153e-03   -1.2079093456e+00
    1.7088466557e-03   -1.2218575478e+00
    1.7197940033e-03   -1.2375905514e+00
    1.7295248108e-03   -1.2515964508e+00
    1.7392556183e-03   -1.2656105757e+00
    1.7489861930e-03   -1.2796291113e+00
    1.7599329585e-03   -1.2953915596e+00
    1.7696633004e-03   -1.3093754053e+00
    1.7793934094e-03   -1.3233243227e+00
    1.7891235184e-03   -1.3372414112e+00
    1.7988532782e-03   -1.3511343002e+00
    1.8097991124e-03   -1.3667429686e+00
    1.8195285229e-03   -1.3806098700e+00
    1.8292577006e-03   -1.3944778442e+00
    1.8389866455e-03   -1.4083578587e+00
    1.8499315483e-03   -1.4240051508e+00
    1.8596601440e-03   -1.4379527569e+00
    1.8693886232e-03   -1.4519385099e+00
    1.8791169859e-03   -1.4659634829e+00
    1.8888451159e-03   -1.4800288677e+00
    1.8997892039e-03   -1.4958950281e+00
    1.9095172174e-03   -1.5100327730e+00
    1.9192451145e-03   -1.5241997242e+00
    1.9289728953e-03   -1.5383945704e+00
    1.9399166340e-03   -1.5543951988e+00
    1.9496444147e-03   -1.5686357021e+00
    1.9593720790e-03   -1.5828812122e+00
    1.9690997433e-03   -1.5971180201e+00
    1.9788274076e-03   -1.6113346815e+00
    1.9897709135e-03   -1.6272963285e+00
    1.9994983450e-03   -1.6414475441e+00
    2.0092257764e-03   -1.6555604935e+00
    2.0189529750e-03   -1.6696435213e+00
    2.0298960153e-03   -1.6854776144e+00
    2.0396232139e-03   -1.6995663643e+00
    2.0493501797e-03   -1.7136760950e+00
    2.0590771455e-03   -1.7278039455e+00
    2.0688038785e-03   -1.7419427633e+00
    2.0797464531e-03   -1.7578622103e+00
    2.0894729532e-03   -1.7720351219e+00
    2.0991994534e-03   -1.7862350941e+00
    2.1089257207e-03   -1.8004648685e+00
    2.1198678296e-03   -1.8165204525e+00
    2.1295938641e-03   -1.8308506012e+00
    2.1393198986e-03   -1.8452545404e+00
    2.1490459330e-03   -1.8597450256e+00
    2.1599873435e-03   -1.8761429787e+00
    2.1697131451e-03   -1.8907840252e+00
    2.1794387139e-03   -1.9054692984e+00
    2.1891642828e-03   -1.9201929569e+00
    2.1988898516e-03   -1.9349592924e+00
    2.2098312620e-03   -1.9516272545e+00
    2.2195565980e-03   -1.9664899111e+00
    2.2292819340e-03   -1.9813905954e+00
    2.2390072700e-03   -1.9963235855e+00
    2.2499482147e-03   -2.0131468773e+00
    2.2596733179e-03   -2.0280959606e+00
    2.2693981882e-03   -2.0430071354e+00
    2.2791230585e-03   -2.0578558445e+00
    2.2888479289e-03   -2.0726325512e+00
    2.2997881752e-03   -2.0891757011e+00
    2.3095125798e-03   -2.1038148403e+00
    2.3192369845e-03   -2.1183898449e+00
    2.3289611563e-03   -2.1328973770e+00
    2.3399007041e-03   -2.1491415501e+00
    2.3496244103e-03   -2.1635243893e+00
    2.3593481164e-03   -2.1778655052e+00
    2.3690713570e-03   -2.1921658516e+00
    2.3787945975e-03   -2.2064189911e+00
    2.3897332139e-03   -2.2223954201e+00
    2.3995384108e-03   -2.2366714478e+00
    2.4099193979e-03   -2.2517511845e+00
    2.4196517188e-03   -2.2658545971e+00
    2.4293838069e-03   -2.2799296379e+00
    2.4397517554e-03   -2.2948918343e+00
    2.4494747631e-03   -2.3088922501e+00
    2.4591975380e-03   -2.3228650093e+00
    2.4689203128e-03   -2.3368065357e+00
    2.4798586965e-03   -2.3524463177e+00
    2.4895814713e-03   -2.3662972450e+00
    2.4993044790e-03   -2.3800809383e+00
    2.5090277195e-03   -2.3937907219e+00
    2.5199663360e-03   -2.4091255665e+00
    2.5296895765e-03   -2.4226789474e+00
    2.5394128170e-03   -2.4361641407e+00
    2.5491360575e-03   -2.4495832920e+00
    2.5588592980e-03   -2.4629478455e+00
    2.5698216632e-03   -2.4779593945e+00
    2.5799144059e-03   -2.4917294979e+00
    2.5890895631e-03   -2.5042054653e+00
    2.5992738083e-03   -2.5179996490e+00
    2.6088915765e-03   -2.5309779644e+00
    2.6198297273e-03   -2.5456845760e+00
    2.6295525022e-03   -2.5587084293e+00
    2.6392752770e-03   -2.5716843605e+00
    2.6489978191e-03   -2.5846056938e+00
    2.6599837001e-03   -2.5991437435e+00
    2.6699991431e-03   -2.6123409271e+00
    2.6795428712e-03   -2.6248819828e+00
    2.6899522636e-03   -2.6385312080e+00
    2.6996738743e-03   -2.6512529850e+00
    2.7094443794e-03   -2.6640036106e+00
    2.7199555188e-03   -2.6776764393e+00
    2.7294731699e-03   -2.6900343895e+00
    2.7398141101e-03   -2.7034466267e+00
    2.7495711111e-03   -2.7160623074e+00
    2.7592917904e-03   -2.7285664082e+00
    2.7697796468e-03   -2.7419734001e+00
    2.7793236077e-03   -2.7540905476e+00
    2.7893041261e-03   -2.7666919231e+00
    2.7994886041e-03   -2.7794868946e+00
    2.8094514273e-03   -2.7919280529e+00
    2.8192086611e-03   -2.8040173054e+00
    2.8293011710e-03   -2.8164176941e+00
    2.8397461865e-03   -2.8291420937e+00
    2.8498389293e-03   -2.8413348198e+00
    2.8595710173e-03   -2.8529887199e+00
    2.8696637601e-03   -2.8649551868e+00
    2.8791178484e-03   -2.8760621548e+00
    2.8892103583e-03   -2.8878118992e+00
    2.8998849448e-03   -2.9001317024e+00
    2.9093327466e-03   -2.9109389782e+00
    2.9194252566e-03   -2.9223828316e+00
    2.9295179993e-03   -2.9337129593e+00
    2.9396105092e-03   -2.9449319839e+00
    2.9497032519e-03   -2.9560394287e+00
    2.9597959947e-03   -2.9670302868e+00
    2.9698885046e-03   -2.9778983593e+00
    2.9793891590e-03   -2.9880132675e+00
    2.9899931978e-03   -2.9991705418e+00
    2.9996333178e-03   -3.0091972351e+00
    3.0095723923e-03   -3.0194165707e+00
    3.0192923732e-03   -3.0292956829e+00
    3.0290123541e-03   -3.0390620232e+00
    3.0399472453e-03   -3.0499124527e+00
    3.0493761878e-03   -3.0591614246e+00
    3.0599802267e-03   -3.0694508553e+00
    3.0694403686e-03   -3.0785334110e+00
    3.0796655919e-03   -3.0882422924e+00
    3.0898910481e-03   -3.0978429317e+00
    3.0994347762e-03   -3.1067073345e+00
    3.1096602324e-03   -3.1161069870e+00
    3.1196919736e-03   -3.1252295971e+00
    3.1294038054e-03   -3.1339716911e+00
    3.1391226221e-03   -3.1426246166e+00
    3.1490530819e-03   -3.1513621807e+00
    3.1596571207e-03   -3.1605825424e+00
    3.1696353108e-03   -3.1691615582e+00
    3.1790640205e-03   -3.1771821976e+00
    3.1896680593e-03   -3.1860983372e+00
    3.1993081793e-03   -3.1941177845e+00
    3.2090446912e-03   -3.2021441460e+00
    3.2199474517e-03   -3.2110633850e+00
    3.2296658028e-03   -3.2189650536e+00
    3.2391333953e-03   -3.2266213894e+00
    3.2497376669e-03   -3.2351424694e+00
    3.2593775541e-03   -3.2428317070e+00
    3.2695673872e-03   -3.2508952618e+00
    3.2797090244e-03   -3.2588474751e+00
    3.2893491443e-03   -3.2663300037e+00
    3.2999531832e-03   -3.2744646072e+00
    3.3095933031e-03   -3.2817692757e+00
    3.3188189846e-03   -3.2886793613e+00
    3.3297524787e-03   -3.2967691422e+00
    3.3394712955e-03   -3.3038752079e+00
    3.3491901122e-03   -3.3109009266e+00
    3.3589089289e-03   -3.3178451061e+00
    3.3698424231e-03   -3.3255620003e+00
    3.3793104813e-03   -3.3321623802e+00
    3.3899145201e-03   -3.3394632339e+00
    3.3995546401e-03   -3.3460102081e+00
    3.4092820715e-03   -3.3525261879e+00
    3.4190008882e-03   -3.3589458466e+00
    3.4299343824e-03   -3.3660547733e+00
    3.4396529663e-03   -3.3722705841e+00
    3.4495438449e-03   -3.3784961700e+00
    3.4591839649e-03   -3.3844630718e+00
    3.4697880037e-03   -3.3909111023e+00
    3.4794281237e-03   -3.3966670036e+00
    3.4890682437e-03   -3.4023215771e+00
    3.4996722825e-03   -3.4084260464e+00
    3.5093124025e-03   -3.4138731956e+00
    3.5195411183e-03   -3.4195501804e+00
    3.5292592365e-03   -3.4248509407e+00
    3.5389771219e-03   -3.4300639629e+00
    3.5491187591e-03   -3.4354100227e+00
    3.5597227979e-03   -3.4408950806e+00
    3.5693629179e-03   -3.4457869530e+00
    3.5799669567e-03   -3.4510598183e+00
    3.5896070767e-03   -3.4557521343e+00
    3.5997966770e-03   -3.4606041908e+00
    3.6095143296e-03   -3.4651274681e+00
    3.6192319822e-03   -3.4695503712e+00
    3.6298360210e-03   -3.4742634296e+00
    3.6394761410e-03   -3.4784498215e+00
    3.6499553826e-03   -3.4828982353e+00
    3.6596730351e-03   -3.4869289398e+00
    3.6693906877e-03   -3.4908671379e+00
    3.6791083403e-03   -3.4947116375e+00
    3.6888259929e-03   -3.4984657764e+00
    3.6997585557e-03   -3.5025839806e+00
    3.7098999601e-03   -3.5063064098e+00
    3.7195400801e-03   -3.5097546577e+00
    3.7291802000e-03   -3.5131127834e+00
    3.7397842389e-03   -3.5167012215e+00
    3.7494243588e-03   -3.5198662281e+00
    3.7590644788e-03   -3.5229387283e+00
    3.7687914446e-03   -3.5259442329e+00
    3.7798970006e-03   -3.5292575359e+00
    3.7895371206e-03   -3.5320296288e+00
    3.7991772406e-03   -3.5347018242e+00
    3.8097812794e-03   -3.5375254154e+00
    3.8195177913e-03   -3.5400092602e+00
    3.8291872479e-03   -3.5423736572e+00
    3.8389049005e-03   -3.5446493626e+00
    3.8496016059e-03   -3.5470421314e+00
    3.8598270621e-03   -3.5492217541e+00
    3.8693707902e-03   -3.5511627197e+00
    3.8795962464e-03   -3.5531425476e+00
    3.8898217026e-03   -3.5550169945e+00
    3.8993654307e-03   -3.5566704273e+00
    3.9095906541e-03   -3.5583395958e+00
    3.9198161103e-03   -3.5599031448e+00
    3.9293598384e-03   -3.5612673759e+00
    3.9395852946e-03   -3.5626268387e+00
    3.9498107508e-03   -3.5638771057e+00
    3.9593544789e-03   -3.5649414062e+00
    3.9695799351e-03   -3.5659677982e+00
    3.9798053913e-03   -3.5668742657e+00
    3.9893491194e-03   -3.5676121712e+00
    3.9995745756e-03   -3.5682880878e+00
    4.0098000318e-03   -3.5688452721e+00
    4.0193437599e-03   -3.5692565441e+00
    4.0295692161e-03   -3.5695786476e+00
    4.0397946723e-03   -3.5697772503e+00
    4.0493384004e-03   -3.5698525906e+00
    4.0595638566e-03   -3.5698184967e+00
    4.0697893128e-03   -3.5696694851e+00
    4.0793330409e-03   -3.5694284439e+00
    4.0895584971e-03   -3.5690627098e+00
    4.0997839533e-03   -3.5685870647e+00
    4.1093276814e-03   -3.5680453777e+00
    4.1195531376e-03   -3.5673592091e+00
    4.1297785938e-03   -3.5665614605e+00
    4.1393223219e-03   -3.5657129288e+00
    4.1495477781e-03   -3.5646903515e+00
    4.1594114155e-03   -3.5635912418e+00
    4.1690515354e-03   -3.5624089241e+00
    4.1796555743e-03   -3.5609862804e+00
    4.1893920861e-03   -3.5595679283e+00
    4.1999961250e-03   -3.5579032898e+00
    4.2096362449e-03   -3.5562849045e+00
    4.2192763649e-03   -3.5545682907e+00
    4.2298804037e-03   -3.5525658131e+00
    4.2395205237e-03   -3.5506405830e+00
    4.2491606437e-03   -3.5486137867e+00
    4.2597646825e-03   -3.5462644100e+00
    4.2694048025e-03   -3.5440177917e+00
    4.2790449224e-03   -3.5416631699e+00
    4.2896489613e-03   -3.5389492512e+00
    4.2992890812e-03   -3.5363678932e+00
    4.3094786815e-03   -3.5335214138e+00
    4.3191188015e-03   -3.5307185650e+00
    4.3297228403e-03   -3.5275118351e+00
    4.3393629603e-03   -3.5244855881e+00
    4.3499669991e-03   -3.5210349560e+00
    4.3596071191e-03   -3.5177865028e+00
    4.3692472391e-03   -3.5144317150e+00
    4.3796873651e-03   -3.5106778145e+00
    4.3896171264e-03   -3.5069932938e+00
    4.3992572464e-03   -3.5033118725e+00
    4.4098612852e-03   -3.4991452694e+00
    4.4191260822e-03   -3.4954071045e+00
    4.4288439676e-03   -3.4913895130e+00
    4.4395262375e-03   -3.4868640900e+00
    4.4491663575e-03   -3.4826843739e+00
    4.4597703964e-03   -3.4779827595e+00
    4.4694105163e-03   -3.4736144543e+00
    4.4790506363e-03   -3.4691576958e+00
    4.4897235930e-03   -3.4641237259e+00
    4.4999490492e-03   -3.4592063427e+00
    4.5098606497e-03   -3.4543526173e+00
    4.5195007697e-03   -3.4495494366e+00
    4.5291408896e-03   -3.4446682930e+00
    4.5397449285e-03   -3.4392137527e+00
    4.5494814403e-03   -3.4341251850e+00
    4.5598256402e-03   -3.4286341667e+00
    4.5688003302e-03   -3.4237999916e+00
    4.5797340572e-03   -3.4178259373e+00
    4.5894528739e-03   -3.4124391079e+00
    4.5991716906e-03   -3.4069819450e+00
    4.6096034348e-03   -3.4010472298e+00
    4.6192435548e-03   -3.3954932690e+00
    4.6298475936e-03   -3.3893094063e+00
    4.6394877136e-03   -3.3836233616e+00
    4.6491278335e-03   -3.3778777122e+00
    4.6598194167e-03   -3.3714385033e+00
    4.6698590741e-03   -3.3653266430e+00
    4.6794028021e-03   -3.3594560623e+00
    4.6897139400e-03   -3.3530433178e+00
    4.6993540600e-03   -3.3469765186e+00
    4.7099580988e-03   -3.3402264118e+00
    4.7195982188e-03   -3.3340203762e+00
    4.7292383388e-03   -3.3277478218e+00
    4.7398423776e-03   -3.3207697868e+00
    4.7493190505e-03   -3.3144600391e+00
    4.7590387985e-03   -3.3079130650e+00
    4.7699734569e-03   -3.3004591465e+00
    4.7796932049e-03   -3.2937552929e+00
    4.7894129530e-03   -3.2869787216e+00
    4.7990926541e-03   -3.2801570892e+00
    4.8096003011e-03   -3.2726697922e+00
    4.8195123672e-03   -3.2655282021e+00
    4.8291524872e-03   -3.2585051060e+00
    4.8397565261e-03   -3.2506980896e+00
    4.8493966460e-03   -3.2435288429e+00
    4.8593357205e-03   -3.2360651493e+00
    4.8690559343e-03   -3.2286915779e+00
    4.8794490285e-03   -3.2207283974e+00
    4.8890891485e-03   -3.2132728100e+00
    4.8996931873e-03   -3.2050011158e+00
    4.9097039737e-03   -3.1971306801e+00
    4.9195010215e-03   -3.1893737316e+00
    4.9291541800e-03   -3.1816799641e+00
    4.9388753250e-03   -3.1738796234e+00
    4.9493089318e-03   -3.1654555798e+00
    4.9599129707e-03   -3.1568415165e+00
    4.9695530906e-03   -3.1489629745e+00
    4.9791932106e-03   -3.1410405636e+00
    4.9896342680e-03   -3.1324150562e+00
    4.9992743880e-03   -3.1244165897e+00
    5.0091389567e-03   -3.1162040234e+00
    5.0191693008e-03   -3.1078212261e+00
    5.0288909115e-03   -3.0996599197e+00
    5.0398274325e-03   -3.0904309750e+00
    5.0495490432e-03   -3.0821886063e+00
    5.0592706539e-03   -3.0739147663e+00
    5.0689922646e-03   -3.0656135082e+00
    5.0796782598e-03   -3.0564620495e+00
    5.0893183798e-03   -3.0481846333e+00
    5.0999224186e-03   -3.0390570164e+00
    5.1094000228e-03   -3.0308747292e+00
    5.1191216335e-03   -3.0224559307e+00
    5.1288441755e-03   -3.0140137672e+00
    5.1397816278e-03   -3.0044882298e+00
    5.1495037042e-03   -2.9959950447e+00
    5.1592257805e-03   -2.9874756336e+00
    5.1689483225e-03   -2.9789254665e+00
    5.1792906597e-03   -2.9697990417e+00
    5.1893829368e-03   -2.9608623981e+00
    5.1987944171e-03   -2.9525022507e+00
    5.2097323351e-03   -2.9427537918e+00
    5.2194553427e-03   -2.9340624809e+00
    5.2291778848e-03   -2.9253489971e+00
    5.2396133542e-03   -2.9159719944e+00
    5.2492534742e-03   -2.9072868824e+00
    5.2596954629e-03   -2.8978548050e+00
    5.2694184706e-03   -2.8890490532e+00
    5.2791414782e-03   -2.8802254200e+00
    5.2888644859e-03   -2.8713850975e+00
    5.2995104343e-03   -2.8616871834e+00
    5.3091505542e-03   -2.8528850079e+00
    5.3197545931e-03   -2.8431758881e+00
    5.3293947130e-03   -2.8343276978e+00
    5.3399987519e-03   -2.8245720863e+00
    5.3496388718e-03   -2.8156850338e+00
    5.3592789918e-03   -2.8067817688e+00
    5.3699794225e-03   -2.7968771458e+00
    5.3796540014e-03   -2.7878997326e+00
    5.3893360309e-03   -2.7788941860e+00
    5.3999405354e-03   -2.7690131664e+00
    5.4092551582e-03   -2.7603206635e+00
    5.4195336998e-03   -2.7507193089e+00
    5.4291738197e-03   -2.7417068481e+00
    5.4397778586e-03   -2.7317855358e+00
    5.4494179785e-03   -2.7227587700e+00
    5.4596504197e-03   -2.7131690979e+00
    5.4695424624e-03   -2.7038884163e+00
    5.4791821167e-03   -2.6948378086e+00
    5.4894150235e-03   -2.6852276325e+00
    5.4991403595e-03   -2.6760923862e+00
    5.5088652298e-03   -2.6669619083e+00
    5.5198059417e-03   -2.6566987038e+00
    5.5295312777e-03   -2.6475813389e+00
    5.5392561480e-03   -2.6384706497e+00
    5.5489819497e-03   -2.6293652058e+00
    5.5599231273e-03   -2.6191303730e+00
    5.5696484633e-03   -2.6100497246e+00
    5.5793742649e-03   -2.6009888649e+00
    5.5891000666e-03   -2.5919487476e+00
    5.5988258682e-03   -2.5829315186e+00
    5.6097675115e-03   -2.5728137493e+00
    5.6194933131e-03   -2.5638442039e+00
    5.6291334331e-03   -2.5549790859e+00
    5.6397374719e-03   -2.5452613831e+00
    5.6497198530e-03   -2.5361468792e+00
    5.6594461203e-03   -2.5272974968e+00
    5.6693810038e-03   -2.5182905197e+00
    5.6799850427e-03   -2.5087132454e+00
    5.6899241172e-03   -2.4997684956e+00
    5.6996508501e-03   -2.4910421371e+00
    5.7093775831e-03   -2.4823420048e+00
    5.7191043161e-03   -2.4736735821e+00
    5.7288315147e-03   -2.4650385380e+00
    5.7397307828e-03   -2.4554018974e+00
    5.7493709028e-03   -2.4469115734e+00
    5.7599749416e-03   -2.4376058578e+00
    5.7696150616e-03   -2.4291789532e+00
    5.7792551816e-03   -2.4207868576e+00
    5.7896981016e-03   -2.4117374420e+00
    5.7994257659e-03   -2.4033477306e+00
    5.8090658858e-03   -2.3950731754e+00
    5.8196699247e-03   -2.3860161304e+00
    5.8288965374e-03   -2.3781707287e+00
    5.8398405090e-03   -2.3689103127e+00
    5.8495686390e-03   -2.3607244492e+00
    5.8592963032e-03   -2.3525853157e+00
    5.8690244332e-03   -2.3444905281e+00
    5.8792126365e-03   -2.3360576630e+00
    5.8898166753e-03   -2.3273248672e+00
    5.8994567953e-03   -2.3194255829e+00
    5.9090969153e-03   -2.3115665913e+00
    5.9197009541e-03   -2.3029756546e+00
    5.9293410741e-03   -2.2952184677e+00
    5.9399455786e-03   -2.2867431641e+00
    5.9494688176e-03   -2.2791841030e+00
    5.9599531814e-03   -2.2709162235e+00
    5.9691281058e-03   -2.2637269497e+00
    5.9797321446e-03   -2.2554724216e+00
    5.9893722646e-03   -2.2480196953e+00
    5.9998603538e-03   -2.2399702072e+00
    6.0097523965e-03   -2.2324335575e+00
    6.0193925165e-03   -2.2251420021e+00
    6.0299965553e-03   -2.2171800137e+00
    6.0396366753e-03   -2.2099926472e+00
    6.0492767952e-03   -2.2028555870e+00
    6.0598808341e-03   -2.1950690746e+00
    6.0695209540e-03   -2.1880514622e+00
    6.0791610740e-03   -2.1810960770e+00
    6.0897651128e-03   -2.1735157967e+00
    6.0994052328e-03   -2.1666893959e+00
    6.1090453528e-03   -2.1599247456e+00
    6.1196493916e-03   -2.1525537968e+00
    6.1292895116e-03   -2.1459207535e+00
    6.1398935504e-03   -2.1387004852e+00
    6.1495336704e-03   -2.1322078705e+00
    6.1591737904e-03   -2.1257841587e+00
    6.1694057658e-03   -2.1190378666e+00
    6.1799632385e-03   -2.1121530533e+00
    6.1896033585e-03   -2.1059324741e+00
    6.1992434785e-03   -2.0997762680e+00
    6.2098475173e-03   -2.0930788517e+00
    6.2194876373e-03   -2.0870573521e+00
    6.2291277573e-03   -2.0810995102e+00
    6.2397317961e-03   -2.0746166706e+00
    6.2493719161e-03   -2.0687873363e+00
    6.2599764206e-03   -2.0624470711e+00
    6.2699606642e-03   -2.0565464497e+00
    6.2796915881e-03   -2.0508608818e+00
    6.2895840965e-03   -2.0451467037e+00
    6.2998207286e-03   -2.0393037796e+00
    6.3095516525e-03   -2.0338141918e+00
    6.3192825764e-03   -2.0283858776e+00
    6.3298135065e-03   -2.0225803852e+00
    6.3390866853e-03   -2.0175287724e+00
    6.3488176093e-03   -2.0122869015e+00
    6.3596740365e-03   -2.0065128803e+00
    6.3693141565e-03   -2.0014529228e+00
    6.3792532310e-03   -1.9963033199e+00
    6.3896505162e-03   -1.9909884930e+00
    6.3992906362e-03   -1.9861299992e+00
    6.4098946750e-03   -1.9808651209e+00
    6.4195347950e-03   -1.9761521816e+00
    6.4297262579e-03   -1.9712474346e+00
    6.4397552051e-03   -1.9664970636e+00
    6.4498339780e-03   -1.9617993832e+00
    6.4594256692e-03   -1.9573976994e+00
    6.4698364586e-03   -1.9526968002e+00
    6.4796209335e-03   -1.9483516216e+00
    6.4893672243e-03   -1.9440943003e+00
    6.4996611327e-03   -1.9396750927e+00
    6.5095736645e-03   -1.9354951382e+00
    6.5198671073e-03   -1.9312317371e+00
    6.5294108354e-03   -1.9273506403e+00
    6.5393913537e-03   -1.9233664274e+00
    6.5488712862e-03   -1.9196516275e+00
    6.5597733483e-03   -1.9154617786e+00
    6.5699988045e-03   -1.9116100073e+00
    6.5795425326e-03   -1.9080822468e+00
    6.5897679888e-03   -1.9043709040e+00
    6.5999934450e-03   -1.9007302523e+00
    6.6095371731e-03   -1.8973988295e+00
    6.6197626293e-03   -1.8939025402e+00
    6.6299568862e-03   -1.8904935122e+00
    6.6398954950e-03   -1.8872427940e+00
    6.6495356150e-03   -1.8841582537e+00
    6.6591757350e-03   -1.8811421394e+00
    6.6697797738e-03   -1.8779044151e+00
    6.6794198938e-03   -1.8750369549e+00
    6.6890600137e-03   -1.8722420931e+00
    6.6996640526e-03   -1.8692523241e+00
    6.7093041725e-03   -1.8666107655e+00
    6.7190406844e-03   -1.8640133142e+00
    6.7296405323e-03   -1.8612633944e+00
    6.7392806523e-03   -1.8588322401e+00
    6.7498846911e-03   -1.8562359810e+00
    6.7595248111e-03   -1.8539477587e+00
    6.7691649310e-03   -1.8517287970e+00
    6.7799063399e-03   -1.8493384123e+00
    6.7896377295e-03   -1.8472465277e+00
    6.7997826263e-03   -1.8451385498e+00
    6.8094227463e-03   -1.8432047367e+00
    6.8190628663e-03   -1.8413385153e+00
    6.8290471099e-03   -1.8394774199e+00
    6.8399040028e-03   -1.8375364542e+00
    6.8495436572e-03   -1.8358855247e+00
    6.8591837771e-03   -1.8343020678e+00
    6.8697882816e-03   -1.8326343298e+00
    6.8797268905e-03   -1.8311393261e+00
    6.8899174221e-03   -1.8296754360e+00
    6.8995575421e-03   -1.8283547163e+00
    6.9091976620e-03   -1.8270982504e+00
    6.9189341739e-03   -1.8258948326e+00
    6.9298320450e-03   -1.8246256113e+00
    6.9395634346e-03   -1.8235609531e+00
    6.9492948242e-03   -1.8225613832e+00
    6.9590262137e-03   -1.8216271400e+00
    6.9692167453e-03   -1.8207198381e+00
    6.9798212498e-03   -1.8198548555e+00
    6.9894609042e-03   -1.8191394806e+00
    6.9991010241e-03   -1.8184924126e+00
    7.0097055286e-03   -1.8178604841e+00
    7.0189782418e-03   -1.8173764944e+00
    7.0299264044e-03   -1.8168867826e+00
    7.0396582596e-03   -1.8165251017e+00
    7.0490916260e-03   -1.8162398338e+00
    7.0596956648e-03   -1.8159966469e+00
    7.0693357848e-03   -1.8158470392e+00
    7.0799398236e-03   -1.8157608509e+00
    7.0895799436e-03   -1.8157534599e+00
    7.0992200635e-03   -1.8158133030e+00
    7.1099204943e-03   -1.8159581423e+00
    7.1196025237e-03   -1.8161618710e+00
    7.1297474205e-03   -1.8164494038e+00
    7.1393875405e-03   -1.8167930841e+00
    7.1499915794e-03   -1.8172494173e+00
    7.1597280912e-03   -1.8177404404e+00
    7.1694101207e-03   -1.8182971478e+00
    7.1793026291e-03   -1.8189362288e+00
    7.1899066679e-03   -1.8197000027e+00
    7.1995467879e-03   -1.8204648495e+00
    7.2091869079e-03   -1.8212975264e+00
    7.2196307592e-03   -1.8222788572e+00
    7.2297756560e-03   -1.8233126402e+00
    7.2394157760e-03   -1.8243689537e+00
    7.2488957085e-03   -1.8254774809e+00
    7.2598969564e-03   -1.8268499374e+00
    7.2694406845e-03   -1.8281164169e+00
    7.2798514739e-03   -1.8295786381e+00
    7.2899963707e-03   -1.8310837746e+00
    7.2996364906e-03   -1.8325873613e+00
    7.3092766106e-03   -1.8341624737e+00
    7.3198806494e-03   -1.8359766006e+00
    7.3296171613e-03   -1.8377174139e+00
    7.3392991908e-03   -1.8395195007e+00
    7.3496964760e-03   -1.8415333033e+00
    7.3593365960e-03   -1.8434720039e+00
    7.3699406348e-03   -1.8456847668e+00
    7.3795807548e-03   -1.8477691412e+00
    7.3892208748e-03   -1.8499219418e+00
    7.3998249136e-03   -1.8523671627e+00
    7.4094650336e-03   -1.8546582460e+00
    7.4191051535e-03   -1.8570127487e+00
    7.4292966165e-03   -1.8595690727e+00
    7.4398522265e-03   -1.8622887135e+00
    7.4494676664e-03   -1.8648284674e+00
    7.4590719305e-03   -1.8674252033e+00
    7.4692168273e-03   -1.8702325821e+00
    7.4798208661e-03   -1.8732370138e+00
    7.4890935794e-03   -1.8759256601e+00
    7.4999956414e-03   -1.8791632652e+00
    7.5096357614e-03   -1.8820955753e+00
    7.5192758814e-03   -1.8850923777e+00
    7.5298799202e-03   -1.8884615898e+00
    7.5393547304e-03   -1.8915336132e+00
    7.5499000959e-03   -1.8950208426e+00
    7.5596324168e-03   -1.8983024359e+00
    7.5697768480e-03   -1.9017877579e+00
    7.5794169679e-03   -1.9051609039e+00
    7.5890570879e-03   -1.9085950851e+00
    7.5996611267e-03   -1.9124455452e+00
    7.6093012467e-03   -1.9160064459e+00
    7.6199742034e-03   -1.9199506044e+00
    7.6290392317e-03   -1.9232460260e+00
    7.6396432705e-03   -1.9270755053e+00
    7.6492833905e-03   -1.9307552576e+00
    7.6598874293e-03   -1.9354395866e+00
    7.6695275493e-03   -1.9405111074e+00
    7.6791676693e-03   -1.9463603497e+00
    7.6898406260e-03   -1.9538729191e+00
    7.6997042634e-03   -1.9620029926e+00
    7.7093443833e-03   -1.9710260630e+00
    7.7199484222e-03   -1.9822059870e+00
    7.7298604883e-03   -1.9936094284e+00
    7.7397720888e-03   -2.0057108402e+00
    7.7494122088e-03   -2.0181419849e+00
    7.7590523288e-03   -2.0310688019e+00
    7.7696563676e-03   -2.0456502438e+00
    7.7793654054e-03   -2.0591363907e+00
    7.7895908616e-03   -2.0730211735e+00
    7.7994544990e-03   -2.0857520103e+00
    7.8090946190e-03   -2.0974252224e+00
    7.8196981922e-03   -2.1094088554e+00
    7.8293383121e-03   -2.1196608543e+00
    7.8399423510e-03   -2.1305201054e+00
    7.8496029601e-03   -2.1401455402e+00
    7.8590465710e-03   -2.1494059563e+00
    7.8697828576e-03   -2.1599161625e+00
    7.8793661669e-03   -2.1693098545e+00
    7.8899702057e-03   -2.1797037125e+00
    7.8996103257e-03   -2.1890137196e+00
    7.9092504457e-03   -2.1980829239e+00
    7.9195722938e-03   -2.2075729370e+00
    7.9297982156e-03   -2.2168772221e+00
    7.9392623156e-03   -2.2256305218e+00
    7.9498663545e-03   -2.2358024120e+00
    7.9599739984e-03   -2.2458076477e+00
    7.9694185406e-03   -2.2553980350e+00
    7.9790474847e-03   -2.2653253078e+00
    7.9896515235e-03   -2.2762935162e+00
    7.9993270338e-03   -2.2862341404e+00
    8.0094840378e-03   -2.2965853214e+00
    8.0196298659e-03   -2.3068318367e+00
    8.0292699859e-03   -2.3165707588e+00
    8.0398255959e-03   -2.3273160458e+00
    8.0493697897e-03   -2.3371825218e+00
    8.0596804619e-03   -2.3480136395e+00
    8.0693205819e-03   -2.3582775593e+00
    8.0799246207e-03   -2.3697218895e+00
    8.0899158493e-03   -2.3806462288e+00
    8.0994600430e-03   -2.3912780285e+00
    8.1097539514e-03   -2.4029872417e+00
    8.1199789420e-03   -2.4148528576e+00
    8.1297252327e-03   -2.4263565540e+00
    8.1393653527e-03   -2.4378876686e+00
    8.1499693915e-03   -2.4507155418e+00
    8.1596095115e-03   -2.4624826908e+00
    8.1694843248e-03   -2.4745693207e+00
    8.1797093153e-03   -2.4870858192e+00
    8.1899352372e-03   -2.4996285439e+00
    8.1995641813e-03   -2.5115246773e+00
    8.2092043012e-03   -2.5235550404e+00
    8.2198083401e-03   -2.5369462967e+00
    8.2294484600e-03   -2.5492043495e+00
    8.2390885800e-03   -2.5614852905e+00
    8.2496926188e-03   -2.5749657154e+00
    8.2595190033e-03   -2.5874028206e+00
    8.2697449252e-03   -2.6002700329e+00
    8.2799699157e-03   -2.6130549908e+00
    8.2895141095e-03   -2.6249029636e+00
    8.2997391000e-03   -2.6374928951e+00
    8.3093205467e-03   -2.6492247581e+00
    8.3195455372e-03   -2.6617112160e+00
    8.3297714591e-03   -2.6742193699e+00
    8.3399964496e-03   -2.6867179871e+00
    8.3495406434e-03   -2.6983029842e+00
    8.3597656339e-03   -2.7106413841e+00
    8.3699915558e-03   -2.7228639126e+00
    8.3795348182e-03   -2.7341256142e+00
    8.3897607401e-03   -2.7460253239e+00
    8.3999857306e-03   -2.7576973438e+00
    8.4095299244e-03   -2.7683997154e+00
    8.4197549149e-03   -2.7797124386e+00
    8.4299808368e-03   -2.7908873558e+00
    8.4395240992e-03   -2.8011331558e+00
    8.4497500211e-03   -2.8119039536e+00
    8.4597300738e-03   -2.8222522736e+00
    8.4693701938e-03   -2.8321480751e+00
    8.4799742326e-03   -2.8429522514e+00
    8.4898490459e-03   -2.8529639244e+00
    8.4990793839e-03   -2.8623018265e+00
    8.5096834227e-03   -2.8730332851e+00
    8.5193235427e-03   -2.8828039169e+00
    8.5299275815e-03   -2.8935997486e+00
    8.5396841168e-03   -2.9035789967e+00
    8.5494313389e-03   -2.9135577679e+00
    8.5590714589e-03   -2.9234488010e+00
    8.5696270689e-03   -2.9343020916e+00
    8.5798520595e-03   -2.9448654652e+00
    8.5899988189e-03   -2.9554567337e+00
    8.5995309055e-03   -2.9655318260e+00
    8.6095705628e-03   -2.9762482643e+00
    8.6197955534e-03   -2.9872958660e+00
    8.6293397471e-03   -2.9977612495e+00
    8.6394855753e-03   -3.0090091228e+00
    8.6494432762e-03   -3.0202612877e+00
    8.6590833962e-03   -3.0312240124e+00
    8.6694741622e-03   -3.0428488255e+00
    8.6792288348e-03   -3.0539438725e+00
    8.6897769943e-03   -3.0660803318e+00
    8.6994171143e-03   -3.0771834850e+00
    8.7090572342e-03   -3.0882508755e+00
    8.7196612731e-03   -3.1004760265e+00
    8.7293703109e-03   -3.1117269993e+00
    8.7395953014e-03   -3.1235792637e+00
    8.7498212233e-03   -3.1355316639e+00
    8.7598012760e-03   -3.1473369598e+00
    8.7694413960e-03   -3.1588511467e+00
    8.7790815160e-03   -3.1704924107e+00
    8.7896855548e-03   -3.1834397316e+00
    8.7993256748e-03   -3.1952900887e+00
    8.8097164407e-03   -3.2081174850e+00
    8.8199423626e-03   -3.2207765579e+00
    8.8294856250e-03   -3.2326071262e+00
    8.8397115469e-03   -3.2452588081e+00
    8.8493227959e-03   -3.2571156025e+00
    8.8595664129e-03   -3.2697014809e+00
    8.8694300503e-03   -3.2817530632e+00
    8.8790701702e-03   -3.2934410572e+00
    8.8896742091e-03   -3.3061802387e+00
    8.8993143290e-03   -3.3176345825e+00
    8.9099183679e-03   -3.3300783634e+00
    8.9195584878e-03   -3.3412415981e+00
    8.9298319072e-03   -3.3529794216e+00
    8.9393751696e-03   -3.3637328148e+00
    8.9499689639e-03   -3.3754961491e+00
    8.9596090838e-03   -3.3860394955e+00
    8.9692492038e-03   -3.3964326382e+00
    8.9798532426e-03   -3.4076817036e+00
    8.9894933626e-03   -3.4177346230e+00
    8.9991334826e-03   -3.4276301861e+00
    9.0095242485e-03   -3.4381103516e+00
    9.0191541240e-03   -3.4476578236e+00
    9.0297581628e-03   -3.4580037594e+00
    9.0398658067e-03   -3.4677443504e+00
    9.0494100004e-03   -3.4768381119e+00
    9.0596349910e-03   -3.4864652157e+00
    9.0698609129e-03   -3.4959833622e+00
    9.0794041753e-03   -3.5047407150e+00
    9.0896980837e-03   -3.5140106678e+00
    9.0993279591e-03   -3.5225055218e+00
    9.1098835692e-03   -3.5316052437e+00
    9.1194957495e-03   -3.5397236347e+00
    9.1295018792e-03   -3.5480053425e+00
    9.1391419992e-03   -3.5558323860e+00
    9.1494163498e-03   -3.5640156269e+00
    9.1596413404e-03   -3.5719780922e+00
    9.1698672622e-03   -3.5797581673e+00
    9.1794105247e-03   -3.5868570805e+00
    9.1893225908e-03   -3.5940589905e+00
    9.1999843717e-03   -3.6016068459e+00
    9.2096934095e-03   -3.6083061695e+00
    9.2199193314e-03   -3.6151754856e+00
    9.2294625938e-03   -3.6214451790e+00
    9.2396885157e-03   -3.6280081272e+00
    9.2499135062e-03   -3.6343801022e+00
    9.2594577000e-03   -3.6401505470e+00
    9.2696826905e-03   -3.6461451054e+00
    9.2795947567e-03   -3.6517982483e+00
    9.2894099653e-03   -3.6572732925e+00
    9.2999171466e-03   -3.6630268097e+00
    9.3094613403e-03   -3.6681690216e+00
    9.3196863309e-03   -3.6735875607e+00
    9.3299122527e-03   -3.6789214611e+00
    9.3392105773e-03   -3.6837029457e+00
    9.3498146161e-03   -3.6890757084e+00
    9.3594547361e-03   -3.6938722134e+00
    9.3690948561e-03   -3.6985914707e+00
    9.3796988949e-03   -3.7037124634e+00
    9.3893390149e-03   -3.7083091736e+00
    9.3998471275e-03   -3.7132523060e+00
    9.4093913212e-03   -3.7176618576e+00
    9.4196163118e-03   -3.7222723961e+00
    9.4298422337e-03   -3.7267320156e+00
    9.4393854961e-03   -3.7307498455e+00
    9.4496114179e-03   -3.7349088192e+00
    9.4598364085e-03   -3.7389202118e+00
    9.4693806022e-03   -3.7425324917e+00
    9.4796055928e-03   -3.7462537289e+00
    9.4898305833e-03   -3.7498061657e+00
    9.4993747771e-03   -3.7529768944e+00
    9.5095997676e-03   -3.7562048435e+00
    9.5198256895e-03   -3.7592477798e+00
    9.5291249454e-03   -3.7618582249e+00
    9.5397289842e-03   -3.7646572590e+00
    9.5499539748e-03   -3.7671904564e+00
    9.5594981685e-03   -3.7694063187e+00
    9.5697231591e-03   -3.7716341019e+00
    9.5799490809e-03   -3.7737352848e+00
    9.5894923434e-03   -3.7755713463e+00
    9.5997182652e-03   -3.7773976326e+00
    9.6099432558e-03   -3.7790939808e+00
    9.6194874495e-03   -3.7805640697e+00
    9.6297124401e-03   -3.7820107937e+00
    9.6399383619e-03   -3.7833156586e+00
    9.6498494968e-03   -3.7844350338e+00
    9.6593163908e-03   -3.7853717804e+00
    9.6694249660e-03   -3.7862026691e+00
    9.6796881407e-03   -3.7868483067e+00
    9.6893282607e-03   -3.7872831821e+00
    9.6996016800e-03   -3.7875697613e+00
    9.7093572840e-03   -3.7876605988e+00
    9.7194565460e-03   -3.7875826359e+00
    9.7292121500e-03   -3.7873792648e+00
    9.7394771874e-03   -3.7870254517e+00
    9.7497021779e-03   -3.7865204811e+00
    9.7599085420e-03   -3.7858722210e+00
    9.7694825381e-03   -3.7851362228e+00
    9.7797075287e-03   -3.7842009068e+00
    9.7899334505e-03   -3.7830960751e+00
    9.7994767129e-03   -3.7819056511e+00
    9.8094576970e-03   -3.7805068493e+00
    9.8196826875e-03   -3.7789201736e+00
    9.8299086094e-03   -3.7772028446e+00
    9.8394518718e-03   -3.7754936218e+00
    9.8496777937e-03   -3.7735483646e+00
    9.8597062752e-03   -3.7715289593e+00
    9.8699321970e-03   -3.7693407536e+00
    9.8794754595e-03   -3.7672078609e+00
    9.8897013813e-03   -3.7648398876e+00
    9.8999263719e-03   -3.7623689175e+00
    9.9094705656e-03   -3.7599651814e+00
    9.9196955562e-03   -3.7572979927e+00
    9.9299214780e-03   -3.7545540333e+00
    9.9394647405e-03   -3.7519190311e+00
    9.9496906623e-03   -3.7490098476e+00
    9.9599156529e-03   -3.7460162640e+00
    9.9694598466e-03   -3.7431480885e+00
    9.9797220901e-03   -3.7399830818e+00
    9.9893622100e-03   -3.7369391918e+00
    9.9998014048e-03   -3.7335634232e+00
    1.0009557009e-02   -3.7303225994e+00
    1.0019781999e-02   -3.7268373966e+00
    1.0029326193e-02   -3.7235043049e+00
    1.0039551184e-02   -3.7198479176e+00
    1.0049776174e-02   -3.7160904408e+00
    1.0059805587e-02   -3.7123086452e+00
    1.0069631971e-02   -3.7085070610e+00
    1.0079856962e-02   -3.7044408321e+00
    1.0089203715e-02   -3.7006120682e+00
    1.0099478066e-02   -3.6962695122e+00
    1.0109703057e-02   -3.6918027401e+00
    1.0119458660e-02   -3.6874015331e+00
    1.0129683651e-02   -3.6826314926e+00
    1.0139829479e-02   -3.6777365208e+00
    1.0149373673e-02   -3.6729733944e+00
    1.0159598663e-02   -3.6676912308e+00
    1.0169824585e-02   -3.6622469425e+00
    1.0179367848e-02   -3.6570341587e+00
    1.0189593770e-02   -3.6513230801e+00
    1.0199818760e-02   -3.6454565525e+00
    1.0209362954e-02   -3.6398279667e+00
    1.0219587944e-02   -3.6336312294e+00
    1.0229782201e-02   -3.6272432804e+00
    1.0239422321e-02   -3.6209723949e+00
    1.0249530897e-02   -3.6142053604e+00
    1.0259755887e-02   -3.6072099209e+00
    1.0269981809e-02   -3.6000978947e+00
    1.0279525071e-02   -3.5933439732e+00
    1.0289750993e-02   -3.5859844685e+00
    1.0299975984e-02   -3.5785105228e+00
    1.0309520178e-02   -3.5714254379e+00
    1.0319745168e-02   -3.5637011528e+00
    1.0329971090e-02   -3.5558514595e+00
    1.0339514352e-02   -3.5484302044e+00
    1.0349740274e-02   -3.5403954983e+00
    1.0359965265e-02   -3.5322756767e+00
    1.0369509459e-02   -3.5246384144e+00
    1.0379937477e-02   -3.5162332058e+00
    1.0389364325e-02   -3.5085618496e+00
    1.0399589315e-02   -3.5001502037e+00
    1.0409815237e-02   -3.4916605949e+00
    1.0419358499e-02   -3.4836564064e+00
    1.0429584421e-02   -3.4750125408e+00
    1.0439809412e-02   -3.4663362503e+00
    1.0449353606e-02   -3.4582128525e+00
    1.0459790006e-02   -3.4492855072e+00
    1.0469334200e-02   -3.4410586357e+00
    1.0479559191e-02   -3.4321646690e+00
    1.0489785112e-02   -3.4231705666e+00
    1.0499328375e-02   -3.4146716595e+00
    1.0509554297e-02   -3.4054627419e+00
    1.0519779287e-02   -3.3961563110e+00
    1.0529323481e-02   -3.3874089718e+00
    1.0539548472e-02   -3.3779971600e+00
    1.0549774393e-02   -3.3685402870e+00
    1.0559999384e-02   -3.3590257168e+00
    1.0569543578e-02   -3.3500647545e+00
    1.0579768568e-02   -3.3403654099e+00
    1.0589994490e-02   -3.3305726051e+00
    1.0599537753e-02   -3.3213496208e+00
    1.0609763674e-02   -3.3113820553e+00
    1.0619988665e-02   -3.3013241291e+00
    1.0629532859e-02   -3.2918515205e+00
    1.0639757849e-02   -3.2816040516e+00
    1.0649983771e-02   -3.2712395191e+00
    1.0659527034e-02   -3.2614634037e+00
    1.0669752955e-02   -3.2508890629e+00
    1.0679977946e-02   -3.2402136326e+00
    1.0689522140e-02   -3.2301576138e+00
    1.0699747130e-02   -3.2192888260e+00
    1.0709972121e-02   -3.2083287239e+00
    1.0719516315e-02   -3.1980209351e+00
    1.0729741305e-02   -3.1868994236e+00
    1.0739967227e-02   -3.1756951809e+00
    1.0749510489e-02   -3.1651580334e+00
    1.0759736411e-02   -3.1537790298e+00
    1.0769961402e-02   -3.1423008442e+00
    1.0779505596e-02   -3.1314992905e+00
    1.0789730586e-02   -3.1198348999e+00
    1.0799956508e-02   -3.1080768108e+00
    1.0809499770e-02   -3.0970382690e+00
    1.0819725692e-02   -3.0852508545e+00
    1.0829950683e-02   -3.0734732151e+00
    1.0839494877e-02   -3.0623171329e+00
    1.0849719867e-02   -3.0502345562e+00
    1.0859945789e-02   -3.0380716324e+00
    1.0869489051e-02   -3.0266258717e+00
    1.0879714973e-02   -3.0142610073e+00
    1.0889939964e-02   -3.0018339157e+00
    1.0899484158e-02   -2.9901964664e+00
    1.0909709148e-02   -2.9776704311e+00
    1.0919935070e-02   -2.9650690556e+00
    1.0929478332e-02   -2.9532618523e+00
    1.0939704254e-02   -2.9405748844e+00
    1.0949929245e-02   -2.9278473854e+00
    1.0959473439e-02   -2.9159307480e+00
    1.0969698429e-02   -2.9031188488e+00
    1.0979924351e-02   -2.8902494907e+00
    1.0989467613e-02   -2.8781976700e+00
    1.0999693535e-02   -2.8652513027e+00
    1.1009918526e-02   -2.8522880077e+00
    1.1019462720e-02   -2.8401751518e+00
    1.1029687710e-02   -2.8271856308e+00
    1.1039913632e-02   -2.8141090870e+00
    1.1049456894e-02   -2.8018069267e+00
    1.1059682816e-02   -2.7885298729e+00
    1.1069907807e-02   -2.7752285004e+00
    1.1079452001e-02   -2.7628631592e+00
    1.1089676991e-02   -2.7496452332e+00
    1.1099902913e-02   -2.7364735603e+00
    1.1109446175e-02   -2.7242043018e+00
    1.1119672097e-02   -2.7110507488e+00
    1.1129897088e-02   -2.6978857517e+00
    1.1139441282e-02   -2.6855936050e+00
    1.1149666272e-02   -2.6724219322e+00
    1.1159892194e-02   -2.6592447758e+00
    1.1169435456e-02   -2.6469423771e+00
    1.1179661378e-02   -2.6337640285e+00
    1.1189886369e-02   -2.6205701828e+00
    1.1199430563e-02   -2.6082484722e+00
    1.1209655553e-02   -2.5950701237e+00
    1.1219567619e-02   -2.5822799206e+00
    1.1229394004e-02   -2.5695719719e+00
    1.1239618994e-02   -2.5563576221e+00
    1.1249844916e-02   -2.5431349277e+00
    1.1259388179e-02   -2.5307724476e+00
    1.1269614100e-02   -2.5175139904e+00
    1.1279839091e-02   -2.5042405128e+00
    1.1289383285e-02   -2.4918384552e+00
    1.1299608275e-02   -2.4785442352e+00
    1.1309833266e-02   -2.4652333260e+00
    1.1319377460e-02   -2.4527842999e+00
    1.1329571716e-02   -2.4394605160e+00
    1.1339211836e-02   -2.4268331528e+00
    1.1349815875e-02   -2.4129335880e+00
    1.1359455995e-02   -2.4003000259e+00
    1.1369096115e-02   -2.3876671791e+00
    1.1379700154e-02   -2.3737702370e+00
    1.1389340274e-02   -2.3611383438e+00
    1.1399944313e-02   -2.3472464085e+00
    1.1409418657e-02   -2.3348424435e+00
    1.1419644579e-02   -2.3214602470e+00
    1.1429869570e-02   -2.3080761433e+00
    1.1439413764e-02   -2.2955770493e+00
    1.1449638754e-02   -2.2821757793e+00
    1.1459864676e-02   -2.2687735558e+00
    1.1469407938e-02   -2.2562665939e+00
    1.1479633860e-02   -2.2428638935e+00
    1.1489858851e-02   -2.2294552326e+00
    1.1499403045e-02   -2.2169334888e+00
    1.1509628035e-02   -2.2035133839e+00
    1.1519853957e-02   -2.1900954247e+00
    1.1529397219e-02   -2.1775746346e+00
    1.1539623141e-02   -2.1641581059e+00
    1.1549848132e-02   -2.1507363319e+00
    1.1559392326e-02   -2.1382031441e+00
    1.1569617316e-02   -2.1247639656e+00
    1.1579843238e-02   -2.1113116741e+00
    1.1589386500e-02   -2.0987455845e+00
    1.1599612422e-02   -2.0852720737e+00
    1.1609837413e-02   -2.0717937946e+00
    1.1619381607e-02   -2.0592174530e+00
    1.1629606597e-02   -2.0457506180e+00
    1.1639832519e-02   -2.0322918892e+00
    1.1649375781e-02   -2.0197322369e+00
    1.1659601703e-02   -2.0062720776e+00
    1.1669465341e-02   -1.9932835102e+00
    1.1679105461e-02   -1.9805879593e+00
    1.1689496227e-02   -1.9669091702e+00
    1.1699721217e-02   -1.9534640312e+00
    1.1709947139e-02   -1.9400370121e+00
    1.1719490401e-02   -1.9275071621e+00
    1.1729716323e-02   -1.9140907526e+00
    1.1739941314e-02   -1.9006921053e+00
    1.1749485508e-02   -1.8882023096e+00
    1.1759710498e-02   -1.8748406172e+00
    1.1769936420e-02   -1.8614940643e+00
    1.1779479682e-02   -1.8490494490e+00
    1.1789705604e-02   -1.8357317448e+00
    1.1799930595e-02   -1.8224303722e+00
    1.1809474789e-02   -1.8100330830e+00
    1.1819699779e-02   -1.7967660427e+00
    1.1829925701e-02   -1.7835140228e+00
    1.1839468963e-02   -1.7711563110e+00
    1.1849694885e-02   -1.7579296827e+00
    1.1859919876e-02   -1.7447198629e+00
    1.1869464070e-02   -1.7324177027e+00
    1.1879689060e-02   -1.7192740440e+00
    1.1889914051e-02   -1.7061680555e+00
    1.1899458244e-02   -1.6939693689e+00
    1.1909683235e-02   -1.6809329987e+00
    1.1919909157e-02   -1.6679208279e+00
    1.1929452419e-02   -1.6557894945e+00
    1.1939678341e-02   -1.6428023577e+00
    1.1949903332e-02   -1.6298372746e+00
    1.1959447525e-02   -1.6177649498e+00
    1.1969672516e-02   -1.6048648357e+00
    1.1979898438e-02   -1.5920011997e+00
    1.1989441700e-02   -1.5800185204e+00
    1.1999667622e-02   -1.5672045946e+00
    1.2009892613e-02   -1.5544191599e+00
    1.2019436806e-02   -1.5425140858e+00
    1.2029661797e-02   -1.5297945738e+00
    1.2039887719e-02   -1.5171154737e+00
    1.2049430981e-02   -1.5053141117e+00
    1.2059656903e-02   -1.4926981926e+00
    1.2069637887e-02   -1.4804092646e+00
    1.2079745531e-02   -1.4679832458e+00
    1.2089971453e-02   -1.4554388523e+00
    1.2099514715e-02   -1.4437537193e+00
    1.2109740637e-02   -1.4312561750e+00
    1.2119965628e-02   -1.4187767506e+00
    1.2129509822e-02   -1.4071577787e+00
    1.2139734812e-02   -1.3947488070e+00
    1.2149960734e-02   -1.3823779821e+00
    1.2159503996e-02   -1.3708559275e+00
    1.2169729918e-02   -1.3585289717e+00
    1.2179954909e-02   -1.3462224007e+00
    1.2189499103e-02   -1.3347524405e+00
    1.2199724093e-02   -1.3224916458e+00
    1.2209950015e-02   -1.3102684021e+00
    1.2219493277e-02   -1.2988986969e+00
    1.2229719199e-02   -1.2867598534e+00
    1.2239944190e-02   -1.2746638060e+00
    1.2249488384e-02   -1.2633993626e+00
    1.2259713374e-02   -1.2513655424e+00
    1.2269939296e-02   -1.2393821478e+00
    1.2279482558e-02   -1.2282429934e+00
    1.2289708480e-02   -1.2163549662e+00
    1.2299933471e-02   -1.2045229673e+00
    1.2309477665e-02   -1.1935292482e+00
    1.2319956906e-02   -1.1815121174e+00
    1.2329689227e-02   -1.1704049110e+00
    1.2339618988e-02   -1.1591309309e+00
    1.2349843979e-02   -1.1475735903e+00
    1.2359388173e-02   -1.1368379593e+00
    1.2369613163e-02   -1.1254017353e+00
    1.2379839085e-02   -1.1140210629e+00
    1.2389382347e-02   -1.1034421921e+00
    1.2399608269e-02   -1.0921597481e+00
    1.2409833260e-02   -1.0809342861e+00
    1.2419377454e-02   -1.0705045462e+00
    1.2429602444e-02   -1.0593795776e+00
    1.2439828366e-02   -1.0482988358e+00
    1.2449371628e-02   -1.0379879475e+00
    1.2459597550e-02   -1.0269783735e+00
    1.2469822541e-02   -1.0160083771e+00
    1.2479366735e-02   -1.0058014393e+00
    1.2489591725e-02   -9.9489414692e-01
    1.2499817647e-02   -9.8401111364e-01
    1.2509360909e-02   -9.7387379408e-01
    1.2519586831e-02   -9.6303200722e-01
    1.2529811822e-02   -9.5221155882e-01
    1.2539356016e-02   -9.4213122129e-01
    1.2549581006e-02   -9.3135261536e-01
    1.2559806928e-02   -9.2059653997e-01
    1.2569350190e-02   -9.1057962179e-01
    1.2579576112e-02   -8.9987552166e-01
    1.2589801103e-02   -8.8920217752e-01
    1.2599345297e-02   -8.7926644087e-01
    1.2609570287e-02   -8.6864441633e-01
    1.2619796209e-02   -8.5804307461e-01
    1.2629339471e-02   -8.4816807508e-01
    1.2639565393e-02   -8.3761477470e-01
    1.2649790384e-02   -8.2709538937e-01
    1.2659334578e-02   -8.1730854511e-01
    1.2669559568e-02   -8.0685645342e-01
    1.2679785490e-02   -7.9643654823e-01
    1.2689328752e-02   -7.8673666716e-01
    1.2699554674e-02   -7.7637130022e-01
    1.2709583156e-02   -7.6623278856e-01
    1.2719223276e-02   -7.5651305914e-01
    1.2729502283e-02   -7.4617964029e-01
    1.2739595026e-02   -7.3606884480e-01
    1.2749686837e-02   -7.2599756718e-01
    1.2759779580e-02   -7.1596598625e-01
    1.2769872323e-02   -7.0597630739e-01
    1.2779678218e-02   -6.9631099701e-01
    1.2789903209e-02   -6.8627125025e-01
    1.2799447402e-02   -6.7693525553e-01
    1.2809358537e-02   -6.6727381945e-01
    1.2819962576e-02   -6.5697920322e-01
    1.2829602696e-02   -6.4766091108e-01
    1.2839360163e-02   -6.3827198744e-01
    1.2849586084e-02   -6.2847757339e-01
    1.2859879062e-02   -6.1866575480e-01
    1.2869607657e-02   -6.0944044590e-01
    1.2879832648e-02   -5.9979414940e-01
    1.2889376841e-02   -5.9084087610e-01
    1.2899601832e-02   -5.8130073547e-01
    1.2909827754e-02   -5.7181060314e-01
    1.2919691391e-02   -5.6270444393e-01
    1.2929331511e-02   -5.5384933949e-01
    1.2939795852e-02   -5.4428845644e-01
    1.2949862517e-02   -5.3514480591e-01
    1.2959406711e-02   -5.2652293444e-01
    1.2969631702e-02   -5.1733642817e-01
    1.2979378924e-02   -5.0862675905e-01
    1.2989982963e-02   -4.9920043349e-01
    1.2999623083e-02   -4.9067610502e-01
    1.3009614311e-02   -4.8188588023e-01
    1.3019839302e-02   -4.7293618321e-01
    1.3029769063e-02   -4.6428936720e-01
    1.3039501384e-02   -4.5585635304e-01
    1.3049881905e-02   -4.4690865278e-01
    1.3059148565e-02   -4.3896639347e-01
    1.3069241308e-02   -4.3036600947e-01
    1.3079334050e-02   -4.2181676626e-01
    1.3089372776e-02   -4.1336005926e-01
    1.3099598698e-02   -4.0479037166e-01
    1.3109823689e-02   -3.9626526833e-01
    1.3119367883e-02   -3.8835030794e-01
    1.3129804283e-02   -3.7974706292e-01
    1.3139456511e-02   -3.7184768915e-01
    1.3149682432e-02   -3.6354216933e-01
    1.3159907423e-02   -3.5529762506e-01
    1.3169451617e-02   -3.4765559435e-01
    1.3179903850e-02   -3.3934161067e-01
    1.3189996593e-02   -3.3137318492e-01
    1.3199171983e-02   -3.2418075204e-01
    1.3209593482e-02   -3.1607282162e-01
    1.3219275512e-02   -3.0859714746e-01
    1.3229966164e-02   -3.0039733648e-01
    1.3239141554e-02   -2.9340651631e-01
    1.3249603100e-02   -2.8548410535e-01
    1.3259828091e-02   -2.7778866887e-01
    1.3269372284e-02   -2.7064967155e-01
    1.3279597275e-02   -2.6304829121e-01
    1.3289823197e-02   -2.5550010800e-01
    1.3299366459e-02   -2.4850369990e-01
    1.3309592381e-02   -2.4105370045e-01
    1.3319817372e-02   -2.3365023732e-01
    1.3328865170e-02   -2.2713936865e-01
    1.3339814730e-02   -2.1931332350e-01
    1.3349547051e-02   -2.1240930259e-01
    1.3359279372e-02   -2.0555168390e-01
    1.3369011693e-02   -1.9873809814e-01
    1.3379960321e-02   -1.9112581015e-01
    1.3389692642e-02   -1.8439963460e-01
    1.3399424963e-02   -1.7769314349e-01
    1.3409156352e-02   -1.7098701000e-01
    1.3418888673e-02   -1.6427174211e-01
    1.3429836370e-02   -1.5669730306e-01
    1.3439567760e-02   -1.4993509650e-01
    1.3449660502e-02   -1.4287489653e-01
    1.3459753245e-02   -1.3575473428e-01
    1.3469192199e-02   -1.2904438376e-01
    1.3478922658e-02   -1.2207970768e-01
    1.3489870355e-02   -1.1419094354e-01
    1.3499601744e-02   -1.0713598877e-01
    1.3509333134e-02   -1.0006064177e-01
    1.3519063592e-02   -9.2994563282e-02
    1.3528794982e-02   -8.5955187678e-02
    1.3539741747e-02   -7.8075289726e-02
    1.3549473137e-02   -7.1104861796e-02
    1.3559203595e-02   -6.4169317484e-02
    1.3568934985e-02   -5.7276304811e-02
    1.3579881750e-02   -4.9577482045e-02
    1.3589613140e-02   -4.2779676616e-02
    1.3599343598e-02   -3.6016687751e-02
    1.3609074987e-02   -2.9286393896e-02
    1.3619834557e-02   -2.1869748831e-02
    1.3629378751e-02   -1.5317541547e-02
    1.3639603741e-02   -8.3369826898e-03
    1.3649829663e-02   -1.4085035073e-03
    1.3659372926e-02    5.0103459507e-03
    1.3669598848e-02    1.1840947904e-02
    1.3679823838e-02    1.8632469699e-02
    1.3689368032e-02    2.4929694831e-02
    1.3699593022e-02    3.1631052494e-02
    1.3709818944e-02    3.8285955787e-02
    1.3719362207e-02    4.4458515942e-02
    1.3729588129e-02    5.1035284996e-02
    1.3739813119e-02    5.7568941265e-02
    1.3749357313e-02    6.3629388809e-02
    1.3759582303e-02    7.0086166263e-02
    1.3769378886e-02    7.6237551868e-02
    1.3779471628e-02    8.2544051111e-02
    1.3789361343e-02    8.8686674833e-02
    1.3799741864e-02    9.5080524683e-02
    1.3809474185e-02    1.0101975501e-01
    1.3819855638e-02    1.0729482025e-01
    1.3829587959e-02    1.1311745644e-01
    1.3839968480e-02    1.1925261468e-01
    1.3849700801e-02    1.2492772192e-01
    1.3859433122e-02    1.3053150475e-01
    1.3869814575e-02    1.3643647730e-01
    1.3879546896e-02    1.4190648496e-01
    1.3889927417e-02    1.4767478406e-01
    1.3899659738e-02    1.5302553773e-01
    1.3909316622e-02    1.5828108788e-01
    1.3919409364e-02    1.6371501982e-01
    1.3929502107e-02    1.6908602417e-01
    1.3939593919e-02    1.7437908053e-01
    1.3949686661e-02    1.7957884073e-01
    1.3959779404e-02    1.8466545641e-01
    1.3969714753e-02    1.8954010308e-01
    1.3979447074e-02    1.9417801499e-01
    1.3989828527e-02    1.9897691905e-01
    1.3999762014e-02    2.0343814790e-01
    1.4009800740e-02    2.0782476664e-01
    1.4019892551e-02    2.1211844683e-01
    1.4029985294e-02    2.1629855037e-01
    1.4039160684e-02    2.2000770271e-01
    1.4049253426e-02    2.2399504483e-01
    1.4059346169e-02    2.2788707912e-01
    1.4068805613e-02    2.3144058883e-01
    1.4079756103e-02    2.3543953896e-01
    1.4089489356e-02    2.3889358342e-01
    1.4099222608e-02    2.4225956202e-01
    1.4109874144e-02    2.4584732950e-01
    1.4119966887e-02    2.4915410578e-01
    1.4129141346e-02    2.5208196044e-01
    1.4139234088e-02    2.5521224737e-01
    1.4149326831e-02    2.5823587179e-01
    1.4159419574e-02    2.6113379002e-01
    1.4169512317e-02    2.6388874650e-01
    1.4179605059e-02    2.6649439335e-01
    1.4189697802e-02    2.6895642281e-01
    1.4199790545e-02    2.7128887177e-01
    1.4209882356e-02    2.7351021767e-01
    1.4219337143e-02    2.7550688386e-01
    1.4229941182e-02    2.7766972780e-01
    1.4239581302e-02    2.7957960963e-01
    1.4249221422e-02    2.8144031763e-01
    1.4259825461e-02    2.8342542052e-01
    1.4269465581e-02    2.8516262770e-01
    1.4279105701e-02    2.8682759404e-01
    1.4289337210e-02    2.8851071000e-01
    1.4299429953e-02    2.9008573294e-01
    1.4309522696e-02    2.9158136249e-01
    1.4319615439e-02    2.9300644994e-01
    1.4329708181e-02    2.9437094927e-01
    1.4339940622e-02    2.9570007324e-01
    1.4349580742e-02    2.9690769315e-01
    1.4359220862e-02    2.9807499051e-01
    1.4369824901e-02    2.9931703210e-01
    1.4379465021e-02    3.0041167140e-01
    1.4389105141e-02    3.0147692561e-01
    1.4399548993e-02    3.0260294676e-01
    1.4409992844e-02    3.0370450020e-01
    1.4419632964e-02    3.0470120907e-01
    1.4429273084e-02    3.0568614602e-01
    1.4439737424e-02    3.0674520135e-01
    1.4449830167e-02    3.0775684118e-01
    1.4459922910e-02    3.0876016617e-01
    1.4469098300e-02    3.0966714025e-01
    1.4479190111e-02    3.1065711379e-01
    1.4489282854e-02    3.1163519621e-01
    1.4499375597e-02    3.1259706616e-01
    1.4509514906e-02    3.1354224682e-01
    1.4519155025e-02    3.1441736221e-01
    1.4529247768e-02    3.1530499458e-01
    1.4539387077e-02    3.1616124511e-01
    1.4549758285e-02    3.1699249148e-01
    1.4559851028e-02    3.1775575876e-01
    1.4569943771e-02    3.1847584248e-01
    1.4579119161e-02    3.1909903884e-01
    1.4589258470e-02    3.1976383924e-01
    1.4599862508e-02    3.2044386864e-01
    1.4609502628e-02    3.2106012106e-01
    1.4619142748e-02    3.2168158889e-01
    1.4629746787e-02    3.2237145305e-01
    1.4639386907e-02    3.2299679518e-01
    1.4649990946e-02    3.2366970181e-01
    1.4659631066e-02    3.2425335050e-01
    1.4669271186e-02    3.2479202747e-01
    1.4679875225e-02    3.2531246543e-01
    1.4689515345e-02    3.2570326328e-01
    1.4699155465e-02    3.2600834966e-01
    1.4709599316e-02    3.2624176145e-01
    1.4719239436e-02    3.2636982203e-01
    1.4729956165e-02    3.2640862465e-01
    1.4739131555e-02    3.2634723186e-01
    1.4749456197e-02    3.2616609335e-01
    1.4759900048e-02    3.2586139441e-01
    1.4769632369e-02    3.2546931505e-01
    1.4779571444e-02    3.2496100664e-01
    1.4789118432e-02    3.2437020540e-01
    1.4799211174e-02    3.2364389300e-01
    1.4809490182e-02    3.2280695438e-01
    1.4819130301e-02    3.2194337249e-01
    1.4829734340e-02    3.2092109323e-01
    1.4839925803e-02    3.1988328695e-01
    1.4849400148e-02    3.1887969375e-01
    1.4859491959e-02    3.1777542830e-01
    1.4869869687e-02    3.1659668684e-01
    1.4879096299e-02    3.1550237536e-01
    1.4889700338e-02    3.1418225169e-01
    1.4899340458e-02    3.1291964650e-01
    1.4909077436e-02    3.1158217788e-01
    1.4919651672e-02    3.1005874276e-01
    1.4929383993e-02    3.0859416723e-01
    1.4939764515e-02    3.0696409941e-01
    1.4949496835e-02    3.0537262559e-01
    1.4959959313e-02    3.0359816551e-01
    1.4969134703e-02    3.0199420452e-01
    1.4979227446e-02    3.0017948151e-01
    1.4989504591e-02    2.9827702045e-01
    1.4999729581e-02    2.9632502794e-01
    1.5009955503e-02    2.9431435466e-01
    1.5019498765e-02    2.9239684343e-01
    1.5029724687e-02    2.9030603170e-01
    1.5039918944e-02    2.8819203377e-01
    1.5049559064e-02    2.8616788983e-01
    1.5059199184e-02    2.8411746025e-01
    1.5069803223e-02    2.8183192015e-01
    1.5079443343e-02    2.7972733974e-01
    1.5089887194e-02    2.7741375566e-01
    1.5099527314e-02    2.7523937821e-01
    1.5109518543e-02    2.7293866873e-01
    1.5119743533e-02    2.7052879333e-01
    1.5129969455e-02    2.6806613803e-01
    1.5139512718e-02    2.6572036743e-01
    1.5149738640e-02    2.6315808296e-01
    1.5159963630e-02    2.6054504514e-01
    1.5169507824e-02    2.5806197524e-01
    1.5179262497e-02    2.5547870994e-01
    1.5189809725e-02    2.5262957811e-01
    1.5199449845e-02    2.4997027218e-01
    1.5209089965e-02    2.4724957347e-01
    1.5219694003e-02    2.4417933822e-01
    1.5229334123e-02    2.4131414294e-01
    1.5239938162e-02    2.3807424307e-01
    1.5249578282e-02    2.3504298925e-01
    1.5259218402e-02    2.3192559183e-01
    1.5269822441e-02    2.2839477658e-01
    1.5279462561e-02    2.2509157658e-01
    1.5289337374e-02    2.2161212564e-01
    1.5299562365e-02    2.1789927781e-01
    1.5309788287e-02    2.1406437457e-01
    1.5319768339e-02    2.1020014584e-01
    1.5329408459e-02    2.0635110140e-01
    1.5339048579e-02    2.0238953829e-01
    1.5349652618e-02    1.9790352881e-01
    1.5359292738e-02    1.9371055067e-01
    1.5369896777e-02    1.8897733092e-01
    1.5379536897e-02    1.8456828594e-01
    1.5389177017e-02    1.8006519973e-01
    1.5399781056e-02    1.7501279712e-01
    1.5409421176e-02    1.7034041882e-01
    1.5419061296e-02    1.6559925675e-01
    1.5429665335e-02    1.6030941904e-01
    1.5439305454e-02    1.5543460846e-01
    1.5449909493e-02    1.5000186861e-01
    1.5459549613e-02    1.4500230551e-01
    1.5469189733e-02    1.3994680345e-01
    1.5479793772e-02    1.3432133198e-01
    1.5489433892e-02    1.2914618850e-01
    1.5499074012e-02    1.2391011417e-01
    1.5509678051e-02    1.1807900667e-01
    1.5519318171e-02    1.1271402240e-01
    1.5529922210e-02    1.0675139725e-01
    1.5539562330e-02    1.0128658265e-01
    1.5549202450e-02    9.5791481435e-02
    1.5559806488e-02    8.9723058045e-02
    1.5569446608e-02    8.4192700684e-02
    1.5579086728e-02    7.8655607998e-02
    1.5589690767e-02    7.2562187910e-02
    1.5599330887e-02    6.7023716867e-02
    1.5609934926e-02    6.0935862362e-02
    1.5619575046e-02    5.5408794433e-02
    1.5629054978e-02    4.9982525408e-02
    1.5638787299e-02    4.4424057007e-02
    1.5649734065e-02    3.8189020008e-02
    1.5659466386e-02    3.2664936036e-02
    1.5669196844e-02    2.7158528566e-02
    1.5678929165e-02    2.1668003872e-02
    1.5689877793e-02    1.5511243604e-02
    1.5699356794e-02    1.0196957737e-02
    1.5709960833e-02    4.2664017528e-03
    1.5719600022e-02   -1.1145806639e-03
    1.5729241073e-02   -6.4918464050e-03
    1.5739845112e-02   -1.2404375710e-02
    1.5749484301e-02   -1.7777815461e-02
    1.5759125352e-02   -2.3149622604e-02
    1.5769109130e-02   -2.8709828854e-02
    1.5778839588e-02   -3.4123178571e-02
    1.5789788216e-02   -4.0204141289e-02
    1.5799518675e-02   -4.5600030571e-02
    1.5809250996e-02   -5.0990030169e-02
    1.5818981454e-02   -5.6378528476e-02
    1.5829928219e-02   -6.2445465475e-02
    1.5839660540e-02   -6.7849084735e-02
    1.5849390998e-02   -7.3268584907e-02
    1.5859121457e-02   -7.8708253801e-02
    1.5868853778e-02   -8.4170810878e-02
    1.5879800543e-02   -9.0343907475e-02
    1.5889737755e-02   -9.5972232521e-02
    1.5899378806e-02   -1.0145141184e-01
    1.5909982845e-02   -1.0750076920e-01
    1.5919622034e-02   -1.1302012205e-01
    1.5929263085e-02   -1.1856095493e-01
    1.5938999131e-02   -1.2418390810e-01
    1.5949897468e-02   -1.3051645458e-01
    1.5959627926e-02   -1.3621300459e-01
    1.5969358385e-02   -1.4195434749e-01
    1.5979088843e-02   -1.4774496853e-01
    1.5989797190e-02   -1.5417255461e-01
    1.5999339521e-02   -1.5994277596e-01
    1.6009565443e-02   -1.6616554558e-01
    1.6019195318e-02   -1.7205800116e-01
    1.6029799357e-02   -1.7857572436e-01
    1.6039438546e-02   -1.8451826274e-01
    1.6049079597e-02   -1.9047848880e-01
    1.6059683636e-02   -1.9705800712e-01
    1.6069322824e-02   -2.0306400955e-01
    1.6079926863e-02   -2.0970064402e-01
    1.6089567915e-02   -2.1575917304e-01
    1.6099207103e-02   -2.2184018791e-01
    1.6109811142e-02   -2.2855554521e-01
    1.6119452193e-02   -2.3468618095e-01
    1.6129091382e-02   -2.4084033072e-01
    1.6139695421e-02   -2.4763216078e-01
    1.6149681062e-02   -2.5404140353e-01
    1.6159413382e-02   -2.6029458642e-01
    1.6169145703e-02   -2.6654836535e-01
    1.6178876162e-02   -2.7279683948e-01
    1.6189824790e-02   -2.7981841564e-01
    1.6199557111e-02   -2.8605455160e-01
    1.6209289432e-02   -2.9228842258e-01
    1.6219021752e-02   -2.9852491617e-01
    1.6229970381e-02   -3.0555003881e-01
    1.6239702702e-02   -3.1180620193e-01
    1.6249435022e-02   -3.1807523966e-01
    1.6259167343e-02   -3.2435718179e-01
    1.6268899664e-02   -3.3065131307e-01
    1.6279801726e-02   -3.3771494031e-01
    1.6289442778e-02   -3.4396860003e-01
    1.6299881041e-02   -3.5074555874e-01
    1.6309425235e-02   -3.5694196820e-01
    1.6319649294e-02   -3.6358037591e-01
    1.6329875216e-02   -3.7021970749e-01
    1.6339419410e-02   -3.7642064691e-01
    1.6349645332e-02   -3.8307452202e-01
    1.6359869391e-02   -3.8974636793e-01
    1.6369413584e-02   -3.9599731565e-01
    1.6379289329e-02   -4.0249589086e-01
    1.6389021650e-02   -4.0893688798e-01
    1.6399970278e-02   -4.1622781754e-01
    1.6409702599e-02   -4.2275238037e-01
    1.6419433057e-02   -4.2932254076e-01
    1.6429165378e-02   -4.3593952060e-01
    1.6438897699e-02   -4.4260394573e-01
    1.6449844465e-02   -4.5015659928e-01
    1.6459871083e-02   -4.5712089539e-01
    1.6469415277e-02   -4.6379005909e-01
    1.6479639336e-02   -4.7098156810e-01
    1.6489865258e-02   -4.7822487354e-01
    1.6499409452e-02   -4.8503652215e-01
    1.6509635374e-02   -4.9239355326e-01
    1.6519859433e-02   -4.9981164932e-01
    1.6529403627e-02   -5.0679057837e-01
    1.6539629549e-02   -5.1432681084e-01
    1.6549259424e-02   -5.2147948742e-01
    1.6559863463e-02   -5.2941709757e-01
    1.6569502652e-02   -5.3668302298e-01
    1.6579993069e-02   -5.4463940859e-01
    1.6589425504e-02   -5.5183851719e-01
    1.6599066556e-02   -5.5923557281e-01
    1.6609670594e-02   -5.6741565466e-01
    1.6619309783e-02   -5.7488924265e-01
    1.6629913822e-02   -5.8314651251e-01
    1.6639554873e-02   -5.9068226814e-01
    1.6649780795e-02   -5.9870707989e-01
    1.6659323126e-02   -6.0622215271e-01
    1.6669549048e-02   -6.1430144310e-01
    1.6679774970e-02   -6.2240356207e-01
    1.6689319164e-02   -6.2997704744e-01
    1.6699543223e-02   -6.3809823990e-01
    1.6709525138e-02   -6.4602649212e-01
    1.6719250008e-02   -6.5375018120e-01
    1.6729343683e-02   -6.6176199913e-01
    1.6739668325e-02   -6.6994649172e-01
    1.6749309376e-02   -6.7757445574e-01
    1.6759401187e-02   -6.8554723263e-01
    1.6769494861e-02   -6.9350159168e-01
    1.6779586673e-02   -7.0143586397e-01
    1.6789678484e-02   -7.0934975147e-01
    1.6799772158e-02   -7.1724224091e-01
    1.6809863970e-02   -7.2511863708e-01
    1.6819957644e-02   -7.3298150301e-01
    1.6829133034e-02   -7.4011892080e-01
    1.6839224845e-02   -7.4796074629e-01
    1.6849318519e-02   -7.5579166412e-01
    1.6859410331e-02   -7.6361048222e-01
    1.6869502142e-02   -7.7141630650e-01
    1.6879595816e-02   -7.7920740843e-01
    1.6889687628e-02   -7.8698098660e-01
    1.6899781302e-02   -7.9473364353e-01
    1.6909873113e-02   -8.0246096849e-01
    1.6919966787e-02   -8.1015926600e-01
    1.6929142177e-02   -8.1713211536e-01
    1.6939233989e-02   -8.2477474213e-01
    1.6949325800e-02   -8.3239191771e-01
    1.6959419474e-02   -8.3999031782e-01
    1.6969511285e-02   -8.4757602215e-01
    1.6979604959e-02   -8.5515558720e-01
    1.6989696771e-02   -8.6273545027e-01
    1.6999477521e-02   -8.7008422613e-01
    1.7009701580e-02   -8.7777417898e-01
    1.7019927502e-02   -8.8547170162e-01
    1.7029471695e-02   -8.9266121387e-01
    1.7039697617e-02   -9.0036785603e-01
    1.7049921677e-02   -9.0807533264e-01
    1.7059465870e-02   -9.1526669264e-01
    1.7069445923e-02   -9.2278283834e-01
    1.7079539597e-02   -9.3037933111e-01
    1.7089631408e-02   -9.3797063828e-01
    1.7099725083e-02   -9.4555634260e-01
    1.7109816894e-02   -9.5313870907e-01
    1.7119910568e-02   -9.6072095633e-01
    1.7129085958e-02   -9.6761757135e-01
    1.7139177769e-02   -9.7520965338e-01
    1.7149271443e-02   -9.8280858994e-01
    1.7159743235e-02   -9.9069958925e-01
    1.7169475555e-02   -9.9803602695e-01
    1.7179856077e-02   -1.0058628321e+00
    1.7189893872e-02   -1.0134294033e+00
    1.7199985683e-02   -1.0210340023e+00
    1.7209161073e-02   -1.0279369354e+00
    1.7219252884e-02   -1.0355149508e+00
    1.7229346558e-02   -1.0430762768e+00
    1.7239438370e-02   -1.0506222248e+00
    1.7249532044e-02   -1.0581552982e+00
    1.7259623855e-02   -1.0656729937e+00
    1.7269717529e-02   -1.0731736422e+00
    1.7279809341e-02   -1.0806547403e+00
    1.7289903015e-02   -1.0881164074e+00
    1.7299994826e-02   -1.0955642462e+00
    1.7309170216e-02   -1.1023261547e+00
    1.7319262028e-02   -1.1097499132e+00
    1.7329355702e-02   -1.1171531677e+00
    1.7339447513e-02   -1.1245352030e+00
    1.7349541187e-02   -1.1318982840e+00
    1.7359632999e-02   -1.1392407417e+00
    1.7369726673e-02   -1.1465598345e+00
    1.7379818484e-02   -1.1538540125e+00
    1.7389910296e-02   -1.1611239910e+00
    1.7399085686e-02   -1.1677156687e+00
    1.7409123480e-02   -1.1749104261e+00
    1.7418855801e-02   -1.1818712950e+00
    1.7429804429e-02   -1.1896831989e+00
    1.7439534888e-02   -1.1966097355e+00
    1.7449267209e-02   -1.2035235167e+00
    1.7458999529e-02   -1.2104270458e+00
    1.7469948158e-02   -1.2181787491e+00
    1.7479680479e-02   -1.2250515223e+00
    1.7489410937e-02   -1.2319008112e+00
    1.7499143258e-02   -1.2387216091e+00
    1.7508875579e-02   -1.2455178499e+00
    1.7519824207e-02   -1.2531396151e+00
    1.7529556528e-02   -1.2598915100e+00
    1.7539288849e-02   -1.2666189671e+00
    1.7549021170e-02   -1.2733247280e+00
    1.7559969798e-02   -1.2808494568e+00
    1.7569702119e-02   -1.2875239849e+00
    1.7579434440e-02   -1.2941839695e+00
    1.7589166760e-02   -1.3008266687e+00
    1.7598899081e-02   -1.3074489832e+00
    1.7609847710e-02   -1.3148754835e+00
    1.7619580030e-02   -1.3214595318e+00
    1.7629312351e-02   -1.3280292749e+00
    1.7639044672e-02   -1.3345854282e+00
    1.7649993300e-02   -1.3419435024e+00
    1.7659725621e-02   -1.3484693766e+00
    1.7669457942e-02   -1.3549840450e+00
    1.7679190263e-02   -1.3614891768e+00
    1.7688922584e-02   -1.3679839373e+00
    1.7699871212e-02   -1.3752744198e+00
    1.7709603533e-02   -1.3817378283e+00
    1.7719335854e-02   -1.3881841898e+00
    1.7729068175e-02   -1.3946157694e+00
    1.7738798633e-02   -1.4010351896e+00
    1.7749749124e-02   -1.4082442522e+00
    1.7759479582e-02   -1.4146403074e+00
    1.7769211903e-02   -1.4210228920e+00
    1.7778944224e-02   -1.4273909330e+00
    1.7789892852e-02   -1.4345368147e+00
    1.7799625173e-02   -1.4408717155e+00
    1.7809357494e-02   -1.4471892118e+00
    1.7819089815e-02   -1.4534876347e+00
    1.7828822136e-02   -1.4597659111e+00
    1.7839770764e-02   -1.4668037891e+00
    1.7849503085e-02   -1.4730376005e+00
    1.7859235406e-02   -1.4792510271e+00
    1.7868967727e-02   -1.4854450226e+00
    1.7879918218e-02   -1.4923903942e+00
    1.7889650539e-02   -1.4985424280e+00
    1.7899382859e-02   -1.5046718121e+00
    1.7909115180e-02   -1.5107756853e+00
    1.7918847501e-02   -1.5168523788e+00
    1.7929796129e-02   -1.5236548185e+00
    1.7939528450e-02   -1.5296713114e+00
    1.7949262634e-02   -1.5356603861e+00
    1.7958994955e-02   -1.5416233540e+00
    1.7969943583e-02   -1.5483030081e+00
    1.7979675904e-02   -1.5542165041e+00
    1.7989408225e-02   -1.5601091385e+00
    1.7999140546e-02   -1.5659819841e+00
    1.8008874729e-02   -1.5718369484e+00
    1.8019823357e-02   -1.5784047842e+00
    1.8029555678e-02   -1.5842270851e+00
    1.8039287999e-02   -1.5900352001e+00
    1.8049020320e-02   -1.5958281755e+00
    1.8059968948e-02   -1.6023263931e+00
    1.8069701269e-02   -1.6080849171e+00
    1.8079433590e-02   -1.6138261557e+00
    1.8089165911e-02   -1.6195495129e+00
    1.8098898232e-02   -1.6252548695e+00
    1.8109848723e-02   -1.6316516399e+00
    1.8119581044e-02   -1.6373196840e+00
    1.8129311502e-02   -1.6429734230e+00
    1.8139043823e-02   -1.6486151218e+00
    1.8149992451e-02   -1.6549513340e+00
    1.8159724772e-02   -1.6605774164e+00
    1.8169477582e-02   -1.6662122011e+00
    1.8179904670e-02   -1.6722348928e+00
    1.8189636990e-02   -1.6778558493e+00
    1.8199784681e-02   -1.6837171316e+00
    1.8209245056e-02   -1.6891794205e+00
    1.8219336867e-02   -1.6950032711e+00
    1.8229378387e-02   -1.7007905245e+00
    1.8239604309e-02   -1.7066760063e+00
    1.8249828368e-02   -1.7125540972e+00
    1.8259372562e-02   -1.7180324793e+00
    1.8269851804e-02   -1.7240357399e+00
    1.8279943615e-02   -1.7298035622e+00
    1.8289119005e-02   -1.7350323200e+00
    1.8299210817e-02   -1.7407678366e+00
    1.8309583887e-02   -1.7466486692e+00
    1.8319223076e-02   -1.7521080971e+00
    1.8329408020e-02   -1.7578741312e+00
    1.8339594826e-02   -1.7636411190e+00
    1.8349686638e-02   -1.7693557739e+00
    1.8359780312e-02   -1.7750651836e+00
    1.8369872123e-02   -1.7807651758e+00
    1.8379965797e-02   -1.7864538431e+00
    1.8389139324e-02   -1.7916165590e+00
    1.8399232998e-02   -1.7972863913e+00
    1.8409324810e-02   -1.8029505014e+00
    1.8419418484e-02   -1.8086211681e+00
    1.8429510295e-02   -1.8143146038e+00
    1.8439603969e-02   -1.8200445175e+00
    1.8449695781e-02   -1.8258188963e+00
    1.8459789455e-02   -1.8316442966e+00
    1.8469357863e-02   -1.8372248411e+00
    1.8479583785e-02   -1.8432555199e+00
    1.8489809707e-02   -1.8493509293e+00
    1.8499344587e-02   -1.8550771475e+00
    1.8509436399e-02   -1.8611650467e+00
    1.8519761041e-02   -1.8674107790e+00
    1.8529854715e-02   -1.8735233545e+00
    1.8539946526e-02   -1.8796311617e+00
    1.8549770117e-02   -1.8855613470e+00
    1.8559502438e-02   -1.8914188147e+00
    1.8569884822e-02   -1.8976546526e+00
    1.8579617143e-02   -1.9034997225e+00
    1.8589997664e-02   -1.9097328186e+00
    1.8599729985e-02   -1.9155670404e+00
    1.8609654158e-02   -1.9215042591e+00
    1.8619747832e-02   -1.9275361300e+00
    1.8629839644e-02   -1.9335626364e+00
    1.8639933318e-02   -1.9395816326e+00
    1.8649108708e-02   -1.9450368881e+00
    1.8659200519e-02   -1.9510090351e+00
    1.8669294193e-02   -1.9569425583e+00
    1.8679386005e-02   -1.9628337622e+00
    1.8689477816e-02   -1.9686750174e+00
    1.8699571490e-02   -1.9744489193e+00
    1.8709009513e-02   -1.9797804356e+00
    1.8719958141e-02   -1.9858789444e+00
    1.8729690462e-02   -1.9912194014e+00
    1.8739420921e-02   -1.9964823723e+00
    1.8749153242e-02   -2.0016732216e+00
    1.8758883700e-02   -2.0068049431e+00
    1.8769832328e-02   -2.0125195980e+00
    1.8779562786e-02   -2.0175559521e+00
    1.8789295107e-02   -2.0225512981e+00
    1.8799025565e-02   -2.0275008678e+00
    1.8809974194e-02   -2.0330142975e+00
    1.8819706514e-02   -2.0378665924e+00
    1.8829438835e-02   -2.0426750183e+00
    1.8839169294e-02   -2.0474386215e+00
    1.8848901615e-02   -2.0521571636e+00
    1.8859850243e-02   -2.0574140549e+00
    1.8869582564e-02   -2.0620367527e+00
    1.8879314885e-02   -2.0666048527e+00
    1.8889045343e-02   -2.0711059570e+00
    1.8899993971e-02   -2.0760741234e+00
    1.8909726292e-02   -2.0803954601e+00
    1.8919458613e-02   -2.0846223831e+00
    1.8929190934e-02   -2.0887532234e+00
    1.8938923255e-02   -2.0927848816e+00
    1.8949871883e-02   -2.0971992016e+00
    1.8959602341e-02   -2.1010165215e+00
    1.8969334662e-02   -2.1047368050e+00
    1.8979066983e-02   -2.1083610058e+00
    1.8988797441e-02   -2.1118831635e+00
    1.8999746069e-02   -2.1157150269e+00
    1.9009476528e-02   -2.1190021038e+00
    1.9019206986e-02   -2.1221807003e+00
    1.9028939307e-02   -2.1252567768e+00
    1.9039886072e-02   -2.1286008358e+00
    1.9049618393e-02   -2.1314704418e+00
    1.9059348851e-02   -2.1342430115e+00
    1.9069079310e-02   -2.1369225979e+00
    1.9078809768e-02   -2.1395099163e+00
    1.9089756534e-02   -2.1423070431e+00
    1.9099488854e-02   -2.1446895599e+00
    1.9109219313e-02   -2.1469714642e+00
    1.9118949771e-02   -2.1491537094e+00
    1.9129896536e-02   -2.1514902115e+00
    1.9139628857e-02   -2.1534619331e+00
    1.9149359316e-02   -2.1553337574e+00
    1.9159089774e-02   -2.1571080685e+00
    1.9168820232e-02   -2.1587891579e+00
    1.9179768860e-02   -2.1605730057e+00
    1.9189499319e-02   -2.1620662212e+00
    1.9199231640e-02   -2.1634728909e+00
    1.9208963960e-02   -2.1647939682e+00
    1.9219910726e-02   -2.1661789417e+00
    1.9229643047e-02   -2.1673226357e+00
    1.9239375368e-02   -2.1683878899e+00
    1.9249105826e-02   -2.1693828106e+00
    1.9258838147e-02   -2.1703150272e+00
    1.9269786775e-02   -2.1712996960e+00
    1.9279519096e-02   -2.1721255779e+00
    1.9289251417e-02   -2.1729118824e+00
    1.9298981875e-02   -2.1736650467e+00
    1.9309930503e-02   -2.1744771004e+00
    1.9319662824e-02   -2.1751701832e+00
    1.9329395145e-02   -2.1758358479e+00
    1.9339127466e-02   -2.1764736176e+00
    1.9348857924e-02   -2.1770858765e+00
    1.9359806553e-02   -2.1777517796e+00
    1.9369538873e-02   -2.1783318520e+00
    1.9379269332e-02   -2.1789093018e+00
    1.9389001653e-02   -2.1794908047e+00
    1.9399948418e-02   -2.1801548004e+00
    1.9409680739e-02   -2.1807565689e+00
    1.9419411197e-02   -2.1813695431e+00
    1.9429143518e-02   -2.1819930077e+00
    1.9438873976e-02   -2.1826264858e+00
    1.9449820742e-02   -2.1833534241e+00
    1.9459553063e-02   -2.1840167046e+00
    1.9469283521e-02   -2.1847007275e+00
    1.9479013979e-02   -2.1854085922e+00
    1.9489962608e-02   -2.1862349510e+00
    1.9499693066e-02   -2.1869966984e+00
    1.9509423524e-02   -2.1877825260e+00
    1.9519153982e-02   -2.1885871887e+00
    1.9528886303e-02   -2.1894009113e+00
    1.9539833069e-02   -2.1903157234e+00
    1.9549565390e-02   -2.1911189556e+00
    1.9559295848e-02   -2.1919076443e+00
    1.9569026306e-02   -2.1926772594e+00
    1.9579974934e-02   -2.1935136318e+00
    1.9589705393e-02   -2.1942260265e+00
    1.9599437714e-02   -2.1949069500e+00
    1.9609168172e-02   -2.1955552101e+00
    1.9618900493e-02   -2.1961693764e+00
    1.9629605114e-02   -2.1968023777e+00
    1.9639987499e-02   -2.1973664761e+00
    1.9649717957e-02   -2.1978409290e+00
    1.9659450278e-02   -2.1982626915e+00
    1.9669832662e-02   -2.1986525059e+00
    1.9679564983e-02   -2.1989598274e+00
    1.9689945504e-02   -2.1992282867e+00
    1.9699677825e-02   -2.1994247437e+00
    1.9709410146e-02   -2.1995701790e+00
    1.9719790667e-02   -2.1996743679e+00
    1.9729522988e-02   -2.1997282505e+00
    1.9739903510e-02   -2.1997420788e+00
    1.9749635831e-02   -2.1997141838e+00
    1.9759368151e-02   -2.1996464729e+00
    1.9769748673e-02   -2.1995315552e+00
    1.9779480994e-02   -2.1993780136e+00
    1.9789863378e-02   -2.1991562843e+00
    1.9799595699e-02   -2.1988849640e+00
    1.9809976220e-02   -2.1985204220e+00
    1.9819524139e-02   -2.1981120110e+00
    1.9829187542e-02   -2.1976261139e+00
    1.9838919863e-02   -2.1970620155e+00
    1.9849866629e-02   -2.1963427067e+00
    1.9859598950e-02   -2.1956369877e+00
    1.9869329408e-02   -2.1948757172e+00
    1.9879061729e-02   -2.1940732002e+00
    1.9888792187e-02   -2.1932396889e+00
    1.9899740815e-02   -2.1922726631e+00
    1.9909471273e-02   -2.1913876534e+00
    1.9919203594e-02   -2.1904764175e+00
    1.9928934053e-02   -2.1895380020e+00
    1.9939882681e-02   -2.1884558201e+00
    1.9949615002e-02   -2.1874759197e+00
    1.9959345460e-02   -2.1864819527e+00
    1.9969077781e-02   -2.1854767799e+00
    1.9978810102e-02   -2.1844615936e+00
    1.9989756867e-02   -2.1833109856e+00
    1.9999489188e-02   -2.1822841167e+00
    2.0009221509e-02   -2.1812531948e+00
    2.0018951967e-02   -2.1802153587e+00
    2.0029900596e-02   -2.1790330410e+00
    2.0039631054e-02   -2.1779630184e+00
    2.0049363375e-02   -2.1768708229e+00
    2.0059095696e-02   -2.1757538319e+00
    2.0068826154e-02   -2.1746096611e+00
    2.0079774782e-02   -2.1732888222e+00
    2.0089507103e-02   -2.1720860004e+00
    2.0099237561e-02   -2.1708555222e+00
    2.0108969882e-02   -2.1695923805e+00
    2.0119916648e-02   -2.1681241989e+00
    2.0129648969e-02   -2.1667666435e+00
    2.0139379427e-02   -2.1653499603e+00
    2.0149111748e-02   -2.1638641357e+00
    2.0158842206e-02   -2.1623003483e+00
    2.0169790834e-02   -2.1604378223e+00
    2.0179521292e-02   -2.1586821079e+00
    2.0189253613e-02   -2.1568236351e+00
    2.0198985934e-02   -2.1548550129e+00
    2.0209932700e-02   -2.1525020599e+00
    2.0219665021e-02   -2.1502826214e+00
    2.0229397342e-02   -2.1479389668e+00
    2.0239129663e-02   -2.1454672813e+00
    2.0248861983e-02   -2.1428644657e+00
    2.0259810612e-02   -2.1397776604e+00
    2.0269542933e-02   -2.1368930340e+00
    2.0279275253e-02   -2.1338775158e+00
    2.0289007574e-02   -2.1307330132e+00
    2.0299956203e-02   -2.1270451546e+00
    2.0309688523e-02   -2.1236379147e+00
    2.0319420844e-02   -2.1201138496e+00
    2.0329153165e-02   -2.1164779663e+00
    2.0338885486e-02   -2.1127343178e+00
    2.0349834114e-02   -2.1083993912e+00
    2.0359564573e-02   -2.1044409275e+00
    2.0369296893e-02   -2.1003892422e+00
    2.0379029214e-02   -2.0962495804e+00
    2.0389977843e-02   -2.0914947987e+00
    2.0399710163e-02   -2.0871868134e+00
    2.0409442484e-02   -2.0828084946e+00
    2.0419174805e-02   -2.0783665180e+00
    2.0428905264e-02   -2.0738680363e+00
    2.0439853892e-02   -2.0687475204e+00
    2.0449586213e-02   -2.0641496181e+00
    2.0459318534e-02   -2.0595130920e+00
    2.0469050854e-02   -2.0548422337e+00
    2.0479999483e-02   -2.0495517254e+00
    2.0489731804e-02   -2.0448265076e+00
    2.0499462262e-02   -2.0400865078e+00
    2.0509194583e-02   -2.0353407860e+00
    2.0518926904e-02   -2.0305969715e+00
    2.0529875532e-02   -2.0252740383e+00
    2.0539607853e-02   -2.0205624104e+00
    2.0549340174e-02   -2.0158758163e+00
    2.0559072495e-02   -2.0112171173e+00
    2.0568804815e-02   -2.0065889359e+00
    2.0579753444e-02   -2.0014190674e+00
    2.0589485765e-02   -1.9968540668e+00
    2.0599219948e-02   -1.9923146963e+00
    2.0608952269e-02   -1.9877964258e+00
    2.0619900897e-02   -1.9827320576e+00
    2.0629633218e-02   -1.9782420397e+00
    2.0639365539e-02   -1.9737596512e+00
    2.0649099723e-02   -1.9692828655e+00
    2.0658832043e-02   -1.9648112059e+00
    2.0669780672e-02   -1.9597847462e+00
    2.0679514855e-02   -1.9553188086e+00
    2.0689247176e-02   -1.9508531094e+00
    2.0698979497e-02   -1.9463860989e+00
    2.0709929988e-02   -1.9413580894e+00
    2.0719662309e-02   -1.9368853569e+00
    2.0729394630e-02   -1.9324091673e+00
    2.0739128813e-02   -1.9279295206e+00
    2.0748861134e-02   -1.9234466553e+00
    2.0759809762e-02   -1.9183995724e+00
    2.0769543946e-02   -1.9139084816e+00
    2.0779276267e-02   -1.9094107151e+00
    2.0789010450e-02   -1.9049034119e+00
    2.0799959078e-02   -1.8998169899e+00
    2.0809693262e-02   -1.8952776194e+00
    2.0819425583e-02   -1.8907183409e+00
    2.0829159766e-02   -1.8861378431e+00
    2.0838892087e-02   -1.8815373182e+00
    2.0849842578e-02   -1.8763415813e+00
    2.0859576762e-02   -1.8717088699e+00
    2.0869309083e-02   -1.8670657873e+00
    2.0879043266e-02   -1.8624145985e+00
    2.0889993757e-02   -1.8571736813e+00
    2.0899726078e-02   -1.8525075912e+00
    2.0909460261e-02   -1.8478330374e+00
    2.0919192582e-02   -1.8431489468e+00
    2.0928926766e-02   -1.8384553194e+00
    2.0939877257e-02   -1.8331654072e+00
    2.0949609578e-02   -1.8284566402e+00
    2.0959343761e-02   -1.8237438202e+00
    2.0969076082e-02   -1.8190287352e+00
    2.0978810266e-02   -1.8143131733e+00
    2.0989758894e-02   -1.8090100288e+00
    2.0999493077e-02   -1.8042995930e+00
    2.1009225398e-02   -1.7995941639e+00
    2.1018959582e-02   -1.7948957682e+00
    2.1029908210e-02   -1.7896218300e+00
    2.1039642394e-02   -1.7849473953e+00
    2.1049374714e-02   -1.7802888155e+00
    2.1059107035e-02   -1.7756497860e+00
    2.1068839356e-02   -1.7710343599e+00
    2.1079789847e-02   -1.7658765316e+00
    2.1089522168e-02   -1.7613257170e+00
    2.1099254489e-02   -1.7568086386e+00
    2.1108988672e-02   -1.7523258924e+00
    2.1119937301e-02   -1.7473236322e+00
    2.1129669622e-02   -1.7429112196e+00
    2.1139403805e-02   -1.7385274172e+00
    2.1149136126e-02   -1.7341696024e+00
    2.1158868447e-02   -1.7298351526e+00
    2.1169817075e-02   -1.7249829769e+00
    2.1179551259e-02   -1.7206872702e+00
    2.1189283580e-02   -1.7164028883e+00
    2.1199015900e-02   -1.7121245861e+00
    2.1209966391e-02   -1.7073124647e+00
    2.1219698712e-02   -1.7030309439e+00
    2.1229431033e-02   -1.6987410784e+00
    2.1239165217e-02   -1.6944392920e+00
    2.1248897538e-02   -1.6901223660e+00
    2.1259848028e-02   -1.6852449179e+00
    2.1269580349e-02   -1.6808899641e+00
    2.1279312670e-02   -1.6765168905e+00
    2.1289046854e-02   -1.6721265316e+00
    2.1299995482e-02   -1.6671677828e+00
    2.1309729666e-02   -1.6627421379e+00
    2.1319461986e-02   -1.6582978964e+00
    2.1329196170e-02   -1.6538323164e+00
    2.1338928491e-02   -1.6493413448e+00
    2.1349878982e-02   -1.6442534924e+00
    2.1359611303e-02   -1.6396951675e+00
    2.1369343624e-02   -1.6350998878e+00
    2.1379077807e-02   -1.6304653883e+00
    2.1388810128e-02   -1.6257901192e+00
    2.1399758756e-02   -1.6204797029e+00
    2.1409492940e-02   -1.6157131195e+00
    2.1419225261e-02   -1.6109025478e+00
    2.1428957582e-02   -1.6060472727e+00
    2.1439906210e-02   -1.6005303860e+00
    2.1449640393e-02   -1.5955766439e+00
    2.1459372714e-02   -1.5905752182e+00
    2.1469105035e-02   -1.5855257511e+00
    2.1478837356e-02   -1.5804281235e+00
    2.1489785984e-02   -1.5746355057e+00
    2.1499518305e-02   -1.5694365501e+00
    2.1509250626e-02   -1.5641921759e+00
    2.1518982947e-02   -1.5589036942e+00
    2.1529933438e-02   -1.5529025793e+00
    2.1539665759e-02   -1.5475226641e+00
    2.1549398080e-02   -1.5421007872e+00
    2.1559130400e-02   -1.5366377831e+00
    2.1568862721e-02   -1.5311337709e+00
    2.1579811350e-02   -1.5248928070e+00
    2.1589543670e-02   -1.5193009377e+00
    2.1599275991e-02   -1.5136665106e+00
    2.1609008312e-02   -1.5079904795e+00
    2.1619956940e-02   -1.5015549660e+00
    2.1629689261e-02   -1.4957897663e+00
    2.1639421582e-02   -1.4899828434e+00
    2.1649153903e-02   -1.4841359854e+00
    2.1658886224e-02   -1.4782516956e+00
    2.1669834852e-02   -1.4715908766e+00
    2.1679567173e-02   -1.4656363726e+00
    2.1689299494e-02   -1.4596526623e+00
    2.1699031815e-02   -1.4536428452e+00
    2.1709980443e-02   -1.4468550682e+00
    2.1719712764e-02   -1.4408029318e+00
    2.1729445085e-02   -1.4347358942e+00
    2.1739175543e-02   -1.4286571741e+00
    2.1748907864e-02   -1.4225697517e+00
    2.1759856492e-02   -1.4157131910e+00
    2.1769588813e-02   -1.4096139669e+00
    2.1779321134e-02   -1.4035146236e+00
    2.1789053455e-02   -1.3974151611e+00
    2.1798785776e-02   -1.3913154602e+00
    2.1809734404e-02   -1.3844531775e+00
    2.1819466725e-02   -1.3783563375e+00
    2.1829199046e-02   -1.3722649813e+00
    2.1838931367e-02   -1.3661785126e+00
    2.1849879995e-02   -1.3593367338e+00
    2.1859612316e-02   -1.3532569408e+00
    2.1869344637e-02   -1.3471764326e+00
    2.1879076958e-02   -1.3410941362e+00
    2.1888809279e-02   -1.3350087404e+00
    2.1899757907e-02   -1.3281580210e+00
    2.1909490228e-02   -1.3220634460e+00
    2.1919222549e-02   -1.3159641027e+00
    2.1928954870e-02   -1.3098618984e+00
    2.1939905360e-02   -1.3029950857e+00
    2.1949637681e-02   -1.2968924046e+00
    2.1959370002e-02   -1.2907922268e+00
    2.1969102323e-02   -1.2846963406e+00
    2.1978834644e-02   -1.2786056995e+00
    2.1989785135e-02   -1.2717601061e+00
    2.1999517456e-02   -1.2656812668e+00
    2.2009251639e-02   -1.2596086264e+00
    2.2018983960e-02   -1.2535421848e+00
    2.2029934451e-02   -1.2467235327e+00
    2.2039666772e-02   -1.2406668663e+00
    2.2049399093e-02   -1.2346125841e+00
    2.2059133276e-02   -1.2285593748e+00
    2.2068865597e-02   -1.2225064039e+00
    2.2079816088e-02   -1.2156964540e+00
    2.2089548409e-02   -1.2096426487e+00
    2.2099280730e-02   -1.2035890818e+00
    2.2109014913e-02   -1.1975373030e+00
    2.2119963542e-02   -1.1907346249e+00
    2.2129697725e-02   -1.1846957207e+00
    2.2139430046e-02   -1.1786673069e+00
    2.2149162367e-02   -1.1726521254e+00
    2.2158894688e-02   -1.1666523218e+00
    2.2169845179e-02   -1.1599239111e+00
    2.2179577500e-02   -1.1539638042e+00
    2.2189309821e-02   -1.1480250359e+00
    2.2199042141e-02   -1.1421093941e+00
    2.2209992632e-02   -1.1354837418e+00
    2.2219724953e-02   -1.1296224594e+00
    2.2229457274e-02   -1.1237893105e+00
    2.2239189595e-02   -1.1179862022e+00
    2.2248921916e-02   -1.1122145653e+00
    2.2259872407e-02   -1.1057608128e+00
    2.2269604728e-02   -1.1000609398e+00
    2.2279337049e-02   -1.0943971872e+00
    2.2289069369e-02   -1.0887709856e+00
    2.2298801690e-02   -1.0831843615e+00
    2.2309750319e-02   -1.0769488811e+00
    2.2319484502e-02   -1.0714501143e+00
    2.2329216823e-02   -1.0659935474e+00
    2.2338949144e-02   -1.0605794191e+00
    2.2349897772e-02   -1.0545405149e+00
    2.2359630093e-02   -1.0492193699e+00
    2.2369362414e-02   -1.0439418554e+00
    2.2379096597e-02   -1.0387076139e+00
    2.2388828918e-02   -1.0335158110e+00
    2.2399777547e-02   -1.0277254581e+00
    2.2409509867e-02   -1.0226227045e+00
    2.2419242188e-02   -1.0175598860e+00
    2.2428976372e-02   -1.0125360489e+00
    2.2439925000e-02   -1.0069288015e+00
    2.2449657321e-02   -1.0019829273e+00
    2.2459389642e-02   -9.9707096815e-01
    2.2469121963e-02   -9.9219071865e-01
    2.2478854284e-02   -9.8733937740e-01
    2.2489804775e-02   -9.8191207647e-01
    2.2499537095e-02   -9.7711175680e-01
    2.2509269416e-02   -9.7233098745e-01
    2.2519001737e-02   -9.6756720543e-01
    2.2529950365e-02   -9.6222537756e-01
    2.2539682686e-02   -9.5748984814e-01
    2.2549415007e-02   -9.5276427269e-01
    2.2559147328e-02   -9.4804686308e-01
    2.2568881512e-02   -9.4333589077e-01
    2.2579830140e-02   -9.3804198503e-01
    2.2589562461e-02   -9.3334007263e-01
    2.2599294782e-02   -9.2864036560e-01
    2.2609027103e-02   -9.2394161224e-01
    2.2619977593e-02   -9.1865509748e-01
    2.2629709914e-02   -9.1395485401e-01
    2.2639442235e-02   -9.0925270319e-01
    2.2649174556e-02   -9.0454757214e-01
    2.2658906877e-02   -8.9983814955e-01
    2.2669855505e-02   -8.9453452826e-01
    2.2679589689e-02   -8.8981556892e-01
    2.2689322010e-02   -8.8509279490e-01
    2.2699054331e-02   -8.8036608696e-01
    2.2708786651e-02   -8.7563586235e-01
    2.2719735280e-02   -8.7031173706e-01
    2.2729467601e-02   -8.6557823420e-01
    2.2739199921e-02   -8.6084502935e-01
    2.2748932242e-02   -8.5611259937e-01
    2.2759882733e-02   -8.5079127550e-01
    2.2769615054e-02   -8.4606605768e-01
    2.2779347375e-02   -8.4134781361e-01
    2.2789079696e-02   -8.3663803339e-01
    2.2798812017e-02   -8.3193832636e-01
    2.2809760645e-02   -8.2666534185e-01
    2.2819491103e-02   -8.2199323177e-01
    2.2829223424e-02   -8.1733691692e-01
    2.2838955745e-02   -8.1269729137e-01
    2.2849904373e-02   -8.0749821663e-01
    2.2859636694e-02   -8.0289548635e-01
    2.2869369015e-02   -7.9831093550e-01
    2.2879099473e-02   -7.9374557734e-01
    2.2888831794e-02   -7.8920048475e-01
    2.2899780422e-02   -7.8411167860e-01
    2.2909512743e-02   -7.7960896492e-01
    2.2919243202e-02   -7.7512454987e-01
    2.2928975523e-02   -7.7065795660e-01
    2.2939924151e-02   -7.6565450430e-01
    2.2949656472e-02   -7.6122587919e-01
    2.2959386930e-02   -7.5681394339e-01
    2.2969119251e-02   -7.5241750479e-01
    2.2978851572e-02   -7.4803495407e-01
    2.2989800200e-02   -7.4311870337e-01
    2.2999530658e-02   -7.3875766993e-01
    2.3009262979e-02   -7.3440253735e-01
    2.3018995300e-02   -7.3005366325e-01
    2.3029943928e-02   -7.2517275810e-01
    2.3039674386e-02   -7.2084951401e-01
    2.3049406707e-02   -7.1654498577e-01
    2.3059139028e-02   -7.1226269007e-01
    2.3068871349e-02   -7.0800644159e-01
    2.3079819977e-02   -7.0325422287e-01
    2.3089550436e-02   -6.9906622171e-01
    2.3099282756e-02   -6.9491547346e-01
    2.3109015077e-02   -6.9080460072e-01
    2.3119963706e-02   -6.8623024225e-01
    2.3129696026e-02   -6.8221062422e-01
    2.3139428347e-02   -6.7823421955e-01
    2.3149160668e-02   -6.7429852486e-01
    2.3158892989e-02   -6.7039930820e-01
    2.3169841617e-02   -6.6605043411e-01
    2.3179573938e-02   -6.6221350431e-01
    2.3189306259e-02   -6.5839976072e-01
    2.3199038580e-02   -6.5460640192e-01
    2.3209987208e-02   -6.5036028624e-01
    2.3219719529e-02   -6.4660316706e-01
    2.3229451850e-02   -6.4286082983e-01
    2.3239184171e-02   -6.3913202286e-01
    2.3248916492e-02   -6.3541531563e-01
    2.3259865120e-02   -6.3124650717e-01
    2.3269597441e-02   -6.2755030394e-01
    2.3279329762e-02   -6.2386173010e-01
    2.3289060220e-02   -6.2017977238e-01
    2.3298792541e-02   -6.1650317907e-01
    2.3309743032e-02   -6.1237186193e-01
    2.3319473490e-02   -6.0870260000e-01
    2.3329205811e-02   -6.0503578186e-01
    2.3338938132e-02   -6.0137236118e-01
    2.3349886760e-02   -5.9725773335e-01
    2.3359619081e-02   -5.9360945225e-01
    2.3369351402e-02   -5.8997321129e-01
    2.3379083723e-02   -5.8635234833e-01
    2.3388816044e-02   -5.8274978399e-01
    2.3399764672e-02   -5.7872152328e-01
    2.3409496993e-02   -5.7516467571e-01
    2.3419229314e-02   -5.7163155079e-01
    2.3428961635e-02   -5.6812340021e-01
    2.3439910263e-02   -5.6420814991e-01
    2.3449642584e-02   -5.6075763702e-01
    2.3459373042e-02   -5.5733650923e-01
    2.3469105363e-02   -5.5394583941e-01
    2.3478837684e-02   -5.5058652163e-01
    2.3489786312e-02   -5.4684531689e-01
    2.3499518633e-02   -5.4355376959e-01
    2.3509250954e-02   -5.4029434919e-01
    2.3518983275e-02   -5.3706693649e-01
    2.3529931903e-02   -5.3347414732e-01
    2.3539662361e-02   -5.3031450510e-01
    2.3549394682e-02   -5.2718728781e-01
    2.3559127003e-02   -5.2409344912e-01
    2.3568859324e-02   -5.2103400230e-01
    2.3579806089e-02   -5.1763457060e-01
    2.3589538410e-02   -5.1465135813e-01
    2.3599270731e-02   -5.1170504093e-01
    2.3609001189e-02   -5.0879585743e-01
    2.3619949818e-02   -5.0556737185e-01
    2.3629682139e-02   -5.0273680687e-01
    2.3639414459e-02   -4.9994263053e-01
    2.3649146780e-02   -4.9718439579e-01
    2.3658877239e-02   -4.9446174502e-01
    2.3669827729e-02   -4.9144050479e-01
    2.3679560050e-02   -4.8879081011e-01
    2.3689292371e-02   -4.8617312312e-01
    2.3699024692e-02   -4.8358520865e-01
    2.3709973320e-02   -4.8070672154e-01
    2.3719705641e-02   -4.7817507386e-01
    2.3729437962e-02   -4.7566646338e-01
    2.3739172146e-02   -4.7317931056e-01
    2.3748904467e-02   -4.7071281075e-01
    2.3759853095e-02   -4.6796160936e-01
    2.3769585416e-02   -4.6553659439e-01
    2.3779319599e-02   -4.6313318610e-01
    2.3789051920e-02   -4.6075135469e-01
    2.3798784241e-02   -4.5838794112e-01
    2.3809732869e-02   -4.5574748516e-01
    2.3819465190e-02   -4.5341444016e-01
    2.3829197511e-02   -4.5108792186e-01
    2.3838929832e-02   -4.4875529408e-01
    2.3849878460e-02   -4.4610902667e-01
    2.3859608918e-02   -4.4372844696e-01
    2.3869341239e-02   -4.4131362438e-01
    2.3879073560e-02   -4.3885114789e-01
    2.3888804018e-02   -4.3632364273e-01
    2.3899752647e-02   -4.3338742852e-01
    2.3909483105e-02   -4.3068951368e-01
    2.3919215426e-02   -4.2790067196e-01
    2.3928945884e-02   -4.2500877380e-01
    2.3939894512e-02   -4.2162483931e-01
    2.3949624971e-02   -4.1851213574e-01
    2.3959357291e-02   -4.1532135010e-01
    2.3969087750e-02   -4.1206821799e-01
    2.3978820071e-02   -4.0876245499e-01
    2.3989766836e-02   -4.0499624610e-01
    2.3999497294e-02   -4.0163123608e-01
    2.4009229615e-02   -3.9827230573e-01
    2.4018960074e-02   -3.9492604136e-01
    2.4029906839e-02   -3.9117357135e-01
    2.4039639160e-02   -3.8785350323e-01
    2.4049369618e-02   -3.8455885649e-01
    2.4059100077e-02   -3.8129329681e-01
    2.4068832397e-02   -3.7804841995e-01
    2.4079779163e-02   -3.7441003323e-01
    2.4089511484e-02   -3.7118199468e-01
    2.4099241942e-02   -3.6796060205e-01
    2.4108972400e-02   -3.6474597454e-01
    2.4119921029e-02   -3.6113584042e-01
    2.4129651487e-02   -3.5793364048e-01
    2.4139383808e-02   -3.5473799706e-01
    2.4149114266e-02   -3.5154485703e-01
    2.4158846587e-02   -3.4834635258e-01
    2.4169793352e-02   -3.4473454952e-01
    2.4179525673e-02   -3.4151244164e-01
    2.4189256132e-02   -3.3828282356e-01
    2.4198986590e-02   -3.3504983783e-01
    2.4209935218e-02   -3.3142170310e-01
    2.4219665676e-02   -3.2821923494e-01
    2.4229397997e-02   -3.2505401969e-01
    2.4239128456e-02   -3.2193434238e-01
    2.4248860776e-02   -3.1886267662e-01
    2.4259807542e-02   -3.1546708941e-01
    2.4269539863e-02   -3.1250673532e-01
    2.4279272184e-02   -3.0960014462e-01
    2.4289002642e-02   -3.0673763156e-01
    2.4299951270e-02   -3.0355310440e-01
    2.4309681728e-02   -3.0074417591e-01
    2.4319414049e-02   -2.9795321822e-01
    2.4329146370e-02   -2.9518052936e-01
    2.4338876829e-02   -2.9242637753e-01
    2.4349825457e-02   -2.8935503960e-01
    2.4359557778e-02   -2.8666150570e-01
    2.4369288236e-02   -2.8401792049e-01
    2.4379020557e-02   -2.8143525124e-01
    2.4389969185e-02   -2.7860409021e-01
    2.4399701506e-02   -2.7614775300e-01
    2.4409431964e-02   -2.7374249697e-01
    2.4419164285e-02   -2.7138572931e-01
    2.4428896606e-02   -2.6907628775e-01
    2.4439845234e-02   -2.6653251052e-01
    2.4449577555e-02   -2.6431655884e-01
    2.4459309876e-02   -2.6214098930e-01
    2.4469042197e-02   -2.6000463963e-01
    2.4479992688e-02   -2.5764557719e-01
    2.4489725009e-02   -2.5558429956e-01
    2.4499457330e-02   -2.5355380774e-01
    2.4509189650e-02   -2.5155577064e-01
    2.4518923834e-02   -2.4959839880e-01
    2.4529872462e-02   -2.4746114016e-01
    2.4539606646e-02   -2.4563524127e-01
    2.4549338967e-02   -2.4389345944e-01
    2.4559071288e-02   -2.4224707484e-01
    2.4568805471e-02   -2.4070456624e-01
    2.4579755962e-02   -2.3909923434e-01
    2.4589488283e-02   -2.3778735101e-01
    2.4599220604e-02   -2.3657913506e-01
    2.4608954787e-02   -2.3546746373e-01
    2.4619903415e-02   -2.3432315886e-01
    2.4629637599e-02   -2.3339366913e-01
    2.4639369920e-02   -2.3254200816e-01
    2.4649102241e-02   -2.3176492751e-01
    2.4658834562e-02   -2.3106017709e-01
    2.4669785053e-02   -2.3035177588e-01
    2.4679517373e-02   -2.2979566455e-01
    2.4689249694e-02   -2.2930712998e-01
    2.4698982015e-02   -2.2888401151e-01
    2.4709930643e-02   -2.2848249972e-01
    2.4719661102e-02   -2.2818818688e-01
    2.4729393423e-02   -2.2795020044e-01
    2.4739125744e-02   -2.2776752710e-01
    2.4748858064e-02   -2.2764061391e-01
    2.4759806693e-02   -2.2756575048e-01
    2.4769537151e-02   -2.2756071389e-01
    2.4779269472e-02   -2.2761501372e-01
    2.4789001793e-02   -2.2773048282e-01
    2.4799950421e-02   -2.2793626785e-01
    2.4809680879e-02   -2.2818900645e-01
    2.4819413200e-02   -2.2850926220e-01
    2.4829145521e-02   -2.2889906168e-01
    2.4838877842e-02   -2.2936134040e-01
    2.4849826470e-02   -2.2997093201e-01
    2.4859558791e-02   -2.3059345782e-01
    2.4869291112e-02   -2.3128969967e-01
    2.4879023433e-02   -2.3205512762e-01
    2.4889972061e-02   -2.3299257457e-01
    2.4899704382e-02   -2.3388698697e-01
    2.4909436703e-02   -2.3483227193e-01
    2.4919169024e-02   -2.3582306504e-01
    2.4928901345e-02   -2.3685635626e-01
    2.4939849973e-02   -2.3806822300e-01
    2.4949582294e-02   -2.3918935657e-01
    2.4959314615e-02   -2.4035264552e-01
    2.4969046935e-02   -2.4155762792e-01
    2.4979995564e-02   -2.4295820296e-01
    2.4989727885e-02   -2.4423538148e-01
    2.4999460205e-02   -2.4553249776e-01
    2.5009192526e-02   -2.4683880806e-01
    2.5018922985e-02   -2.4814225733e-01
    2.5029871613e-02   -2.4958997965e-01
    2.5039603934e-02   -2.5084954500e-01
    2.5049336255e-02   -2.5207558274e-01
    2.5059068576e-02   -2.5326716900e-01
    2.5068799034e-02   -2.5442457199e-01
    2.5079747662e-02   -2.5568881631e-01
    2.5089479983e-02   -2.5678354502e-01
    2.5099210441e-02   -2.5785779953e-01
    2.5108942762e-02   -2.5891792774e-01
    2.5119891390e-02   -2.6009789109e-01
    2.5129621848e-02   -2.6113507152e-01
    2.5139354169e-02   -2.6215907931e-01
    2.5149084628e-02   -2.6316758990e-01
    2.5158816949e-02   -2.6415807009e-01
    2.5169763714e-02   -2.6524588466e-01
    2.5179496035e-02   -2.6618450880e-01
    2.5189226493e-02   -2.6709353924e-01
    2.5198958814e-02   -2.6797074080e-01
    2.5209905580e-02   -2.6891764998e-01
    2.5219637901e-02   -2.6972049475e-01
    2.5229368359e-02   -2.7048143744e-01
    2.5239100680e-02   -2.7119547129e-01
    2.5248831138e-02   -2.7185896039e-01
    2.5259779766e-02   -2.7254316211e-01
    2.5269510224e-02   -2.7309569716e-01
    2.5279242545e-02   -2.7359896898e-01
    2.5288974866e-02   -2.7406015992e-01
    2.5299921632e-02   -2.7454295754e-01
    2.5309653953e-02   -2.7495455742e-01
    2.5319384411e-02   -2.7536183596e-01
    2.5329116732e-02   -2.7577400208e-01
    2.5338847190e-02   -2.7619683743e-01
    2.5349795818e-02   -2.7668815851e-01
    2.5359526277e-02   -2.7713659406e-01
    2.5369256735e-02   -2.7759081125e-01
    2.5378989056e-02   -2.7804490924e-01
    2.5389935821e-02   -2.7854934335e-01
    2.5399668142e-02   -2.7898821235e-01
    2.5409398600e-02   -2.7941590548e-01
    2.5419129059e-02   -2.7983227372e-01
    2.5428861380e-02   -2.8023922443e-01
    2.5439808145e-02   -2.8069025278e-01
    2.5449540466e-02   -2.8109028935e-01
    2.5459270924e-02   -2.8149446845e-01
    2.5469001383e-02   -2.8190705180e-01
    2.5479950011e-02   -2.8238484263e-01
    2.5489680469e-02   -2.8282374144e-01
    2.5499412790e-02   -2.8327748179e-01
    2.5509143248e-02   -2.8374806046e-01
    2.5518875569e-02   -2.8423801064e-01
    2.5529822335e-02   -2.8481593728e-01
    2.5539554656e-02   -2.8535693884e-01
    2.5549286976e-02   -2.8592714667e-01
    2.5559017435e-02   -2.8653016686e-01
    2.5569966063e-02   -2.8725111485e-01
    2.5579698384e-02   -2.8793123364e-01
    2.5589430705e-02   -2.8864875436e-01
    2.5599163026e-02   -2.8940343857e-01
    2.5608895347e-02   -2.9019528627e-01
    2.5619843975e-02   -2.9112923145e-01
    2.5629576296e-02   -2.9199537635e-01
    2.5639308617e-02   -2.9289337993e-01
    2.5649042800e-02   -2.9382181168e-01
    2.5659991428e-02   -2.9490217566e-01
    2.5669723749e-02   -2.9589545727e-01
    2.5679456070e-02   -2.9692173004e-01
    2.5689190254e-02   -2.9798439145e-01
    2.5698922575e-02   -2.9908785224e-01
    2.5709871203e-02   -3.0038455129e-01
    2.5719605386e-02   -3.0159217119e-01
    2.5729337707e-02   -3.0285635591e-01
    2.5739070028e-02   -3.0418121815e-01
    2.5748802349e-02   -3.0556976795e-01
    2.5759752840e-02   -3.0721014738e-01
    2.5769485161e-02   -3.0873861909e-01
    2.5779217482e-02   -3.1033268571e-01
    2.5788949803e-02   -3.1199085712e-01
    2.5799900293e-02   -3.1392991543e-01
    2.5809632614e-02   -3.1571668386e-01
    2.5819364935e-02   -3.1756153703e-01
    2.5829097256e-02   -3.1946444511e-01
    2.5838829577e-02   -3.2142657042e-01
    2.5849778205e-02   -3.2370701432e-01
    2.5859510526e-02   -3.2580211759e-01
    2.5869242847e-02   -3.2796475291e-01
    2.5878977031e-02   -3.3019807935e-01
    2.5889925659e-02   -3.3279806376e-01
    2.5899657980e-02   -3.3518856764e-01
    2.5909390301e-02   -3.3765497804e-01
    2.5919122621e-02   -3.4019818902e-01
    2.5928854942e-02   -3.4281906486e-01
    2.5939803571e-02   -3.4586060047e-01
    2.5949535891e-02   -3.4864655137e-01
    2.5959268212e-02   -3.5150909424e-01
    2.5969000533e-02   -3.5444638133e-01
    2.5979949161e-02   -3.5783654451e-01
    2.5989681482e-02   -3.6092159152e-01
    2.5999413803e-02   -3.6406889558e-01
    2.6009144261e-02   -3.6727321148e-01
    2.6018876582e-02   -3.7052962184e-01
    2.6029825211e-02   -3.7424927950e-01
    2.6039557531e-02   -3.7760090828e-01
    2.6049289852e-02   -3.8099178672e-01
    2.6059022173e-02   -3.8442006707e-01
    2.6069970801e-02   -3.8832113147e-01
    2.6079703122e-02   -3.9182892442e-01
    2.6089435443e-02   -3.9537599683e-01
    2.6099167764e-02   -3.9896398783e-01
    2.6108898222e-02   -4.0259435773e-01
    2.6119846851e-02   -4.0673005581e-01
    2.6129579172e-02   -4.1045141220e-01
    2.6139311492e-02   -4.1421359777e-01
    2.6149043813e-02   -4.1801396012e-01
    2.6159992442e-02   -4.2233157158e-01
    2.6169722900e-02   -4.2620411515e-01
    2.6179455221e-02   -4.3010687828e-01
    2.6189187542e-02   -4.3403792381e-01
    2.6198919863e-02   -4.3799489737e-01
    2.6209868491e-02   -4.4247418642e-01
    2.6219598949e-02   -4.4647744298e-01
    2.6229331270e-02   -4.5049822330e-01
    2.6239063591e-02   -4.5453327894e-01
    2.6248795912e-02   -4.5857885480e-01
    2.6259742677e-02   -4.6313750744e-01
    2.6269474998e-02   -4.6719074249e-01
    2.6279207319e-02   -4.7123980522e-01
    2.6288937777e-02   -4.7527989745e-01
    2.6299886405e-02   -4.7980865836e-01
    2.6309618726e-02   -4.8381519318e-01
    2.6319349185e-02   -4.8780050874e-01
    2.6329081506e-02   -4.9176263809e-01
    2.6338813826e-02   -4.9570056796e-01
    2.6349762455e-02   -5.0010168552e-01
    2.6359492913e-02   -5.0398886204e-01
    2.6369225234e-02   -5.0785386562e-01
    2.6378957555e-02   -5.1169782877e-01
    2.6389906183e-02   -5.1599776745e-01
    2.6399636641e-02   -5.1979815960e-01
    2.6409368962e-02   -5.2357774973e-01
    2.6419101283e-02   -5.2733606100e-01
    2.6428833604e-02   -5.3107237816e-01
    2.6439780369e-02   -5.3524839878e-01
    2.6449512690e-02   -5.3893566132e-01
    2.6459245011e-02   -5.4259961843e-01
    2.6468975469e-02   -5.4624128342e-01
    2.6479924098e-02   -5.5031299591e-01
    2.6489656419e-02   -5.5391186476e-01
    2.6499386877e-02   -5.5749356747e-01
    2.6509119198e-02   -5.6106042862e-01
    2.6518849656e-02   -5.6461477280e-01
    2.6529798284e-02   -5.6860065460e-01
    2.6539528742e-02   -5.7213336229e-01
    2.6549261063e-02   -5.7565671206e-01
    2.6558991522e-02   -5.7917052507e-01
    2.6569940150e-02   -5.8311212063e-01
    2.6579672471e-02   -5.8660537004e-01
    2.6589402929e-02   -5.9008896351e-01
    2.6599135250e-02   -5.9356367588e-01
    2.6608865708e-02   -5.9703046083e-01
    2.6619814336e-02   -6.0092312098e-01
    2.6629544795e-02   -6.0437870026e-01
    2.6639277115e-02   -6.0783207417e-01
    2.6649009436e-02   -6.1128491163e-01
    2.6659956202e-02   -6.1517071724e-01
    2.6669688523e-02   -6.1862725019e-01
    2.6679420844e-02   -6.2208718061e-01
    2.6689153165e-02   -6.2555104494e-01
    2.6698885486e-02   -6.2901872396e-01
    2.6709834114e-02   -6.3292300701e-01
    2.6719564572e-02   -6.3639527559e-01
    2.6729296893e-02   -6.3986849785e-01
    2.6739029214e-02   -6.4334124327e-01
    2.6749977842e-02   -6.4724522829e-01
    2.6759710163e-02   -6.5071099997e-01
    2.6769442484e-02   -6.5417194366e-01
    2.6779174805e-02   -6.5762871504e-01
    2.6788907126e-02   -6.6108083725e-01
    2.6799855754e-02   -6.6495704651e-01
    2.6809588075e-02   -6.6839540005e-01
    2.6819320396e-02   -6.7182749510e-01
    2.6829052716e-02   -6.7525374889e-01
    2.6838785037e-02   -6.7867273092e-01
    2.6849733666e-02   -6.8250882626e-01
    2.6859465986e-02   -6.8591064215e-01
    2.6869198307e-02   -6.8930721283e-01
    2.6878930628e-02   -6.9269984961e-01
    2.6889879256e-02   -6.9651132822e-01
    2.6899609715e-02   -6.9989472628e-01
    2.6909342036e-02   -7.0327633619e-01
    2.6919074357e-02   -7.0665854216e-01
    2.6928806677e-02   -7.1004211903e-01
    2.6939755306e-02   -7.1384823322e-01
    2.6949487627e-02   -7.1723085642e-01
    2.6959219947e-02   -7.2061431408e-01
    2.6968952268e-02   -7.2399896383e-01
    2.6979900897e-02   -7.2780704498e-01
    2.6989633217e-02   -7.3119127750e-01
    2.6999365538e-02   -7.3457640409e-01
    2.7009097859e-02   -7.3796617985e-01
    2.7018830180e-02   -7.4136370420e-01
    2.7029778808e-02   -7.4519765377e-01
    2.7039511129e-02   -7.4861735106e-01
    2.7049243450e-02   -7.5204896927e-01
    2.7058975771e-02   -7.5549346209e-01
    2.7069924399e-02   -7.5938379765e-01
    2.7079656720e-02   -7.6285564899e-01
    2.7089389041e-02   -7.6634252071e-01
    2.7099121362e-02   -7.6984816790e-01
    2.7108853683e-02   -7.7337580919e-01
    2.7119802311e-02   -7.7737307549e-01
    2.7129534632e-02   -7.8095179796e-01
    2.7139266953e-02   -7.8455322981e-01
    2.7148999274e-02   -7.8817558289e-01
    2.7159949765e-02   -7.9227471352e-01
    2.7169682086e-02   -7.9594016075e-01
    2.7179414406e-02   -7.9962813854e-01
    2.7189146727e-02   -8.0334091187e-01
    2.7198879048e-02   -8.0708050728e-01
    2.7209827676e-02   -8.1132185459e-01
    2.7219559997e-02   -8.1512260437e-01
    2.7229292318e-02   -8.1895059347e-01
    2.7239024639e-02   -8.2280337811e-01
    2.7249973267e-02   -8.2716596127e-01
    2.7259705588e-02   -8.3107054234e-01
    2.7269437909e-02   -8.3500349522e-01
    2.7279170230e-02   -8.3896815777e-01
    2.7288902551e-02   -8.4296667576e-01
    2.7299851179e-02   -8.4750658274e-01
    2.7309583500e-02   -8.5157859325e-01
    2.7319315821e-02   -8.5568231344e-01
    2.7329048142e-02   -8.5981333256e-01
    2.7339996770e-02   -8.6448729038e-01
    2.7349727228e-02   -8.6866140366e-01
    2.7359459549e-02   -8.7285196781e-01
    2.7369191870e-02   -8.7705856562e-01
    2.7378924191e-02   -8.8128107786e-01
    2.7389872819e-02   -8.8605064154e-01
    2.7399605140e-02   -8.9030855894e-01
    2.7409337461e-02   -8.9458531141e-01
    2.7419069782e-02   -8.9888232946e-01
    2.7428802103e-02   -9.0320044756e-01
    2.7439750731e-02   -9.0808409452e-01
    2.7449483052e-02   -9.1244870424e-01
    2.7459215373e-02   -9.1683620214e-01
    2.7468947694e-02   -9.2124658823e-01
    2.7479898185e-02   -9.2623400688e-01
    2.7489630505e-02   -9.3068766594e-01
    2.7499362826e-02   -9.3515831232e-01
    2.7509095147e-02   -9.3964403868e-01
    2.7518827468e-02   -9.4414335489e-01
    2.7529776096e-02   -9.4922024012e-01
    2.7539510280e-02   -9.5374619961e-01
    2.7549242601e-02   -9.5828485489e-01
    2.7558974922e-02   -9.6283710003e-01
    2.7569923550e-02   -9.6797597408e-01
    2.7579657733e-02   -9.7256004810e-01
    2.7589390054e-02   -9.7715836763e-01
    2.7599122375e-02   -9.8177063465e-01
    2.7608854696e-02   -9.8639547825e-01
    2.7619803324e-02   -9.9161243439e-01
    2.7629535645e-02   -9.9626135826e-01
    2.7639267966e-02   -1.0009206533e+00
    2.7649000287e-02   -1.0055898428e+00
    2.7659950778e-02   -1.0108526945e+00
    2.7669683099e-02   -1.0155361891e+00
    2.7679415420e-02   -1.0202219486e+00
    2.7689147741e-02   -1.0249075890e+00
    2.7698880062e-02   -1.0295906067e+00
    2.7709828690e-02   -1.0348511934e+00
    2.7719561011e-02   -1.0395154953e+00
    2.7729293332e-02   -1.0441647768e+00
    2.7739023790e-02   -1.0487959385e+00
    2.7749974281e-02   -1.0539816618e+00
    2.7759706602e-02   -1.0585688353e+00
    2.7769437060e-02   -1.0631347895e+00
    2.7779169381e-02   -1.0676797628e+00
    2.7788901702e-02   -1.0722044706e+00
    2.7799852192e-02   -1.0772722960e+00
    2.7809584513e-02   -1.0817589760e+00
    2.7819316834e-02   -1.0862305164e+00
    2.7829049155e-02   -1.0906881094e+00
    2.7839997783e-02   -1.0956872702e+00
    2.7849730104e-02   -1.1001168489e+00
    2.7859462425e-02   -1.1045325994e+00
    2.7869194746e-02   -1.1089338064e+00
    2.7878927067e-02   -1.1133193970e+00
    2.7889875695e-02   -1.1182334423e+00
    2.7899608016e-02   -1.1225824356e+00
    2.7909340337e-02   -1.1269128323e+00
    2.7919396758e-02   -1.1313672066e+00
    2.7929779142e-02   -1.1359425783e+00
    2.7939511463e-02   -1.1402137280e+00
    2.7949891984e-02   -1.1447497606e+00
    2.7959624305e-02   -1.1489828825e+00
    2.7969356626e-02   -1.1531956196e+00
    2.7979737148e-02   -1.1576672792e+00
    2.7989469469e-02   -1.1618412733e+00
    2.7999849990e-02   -1.1662755013e+00
    2.8009582311e-02   -1.1704163551e+00
    2.8019962832e-02   -1.1748151779e+00
    2.8029695153e-02   -1.1789225340e+00
    2.8039427474e-02   -1.1830137968e+00
    2.8049809858e-02   -1.1873608828e+00
    2.8059542179e-02   -1.1914221048e+00
    2.8069922701e-02   -1.1957393885e+00
    2.8079655021e-02   -1.1997736692e+00
    2.8089387342e-02   -1.2037942410e+00
    2.8099767864e-02   -1.2080659866e+00
    2.8109500185e-02   -1.2120534182e+00
    2.8119880706e-02   -1.2162865400e+00
    2.8129613027e-02   -1.2202346325e+00
    2.8139995411e-02   -1.2244235277e+00
    2.8149725869e-02   -1.2283293009e+00
    2.8159458190e-02   -1.2322140932e+00
    2.8169840574e-02   -1.2363352776e+00
    2.8179572895e-02   -1.2401784658e+00
    2.8189953417e-02   -1.2442573309e+00
    2.8199685737e-02   -1.2480640411e+00
    2.8209418058e-02   -1.2518564463e+00
    2.8219565749e-02   -1.2557973862e+00
    2.8229657561e-02   -1.2597043514e+00
    2.8239751235e-02   -1.2636013031e+00
    2.8249843046e-02   -1.2674880028e+00
    2.8259936720e-02   -1.2713645697e+00
    2.8269112110e-02   -1.2748793364e+00
    2.8279669583e-02   -1.2789127827e+00
    2.8289308771e-02   -1.2825860977e+00
    2.8299912810e-02   -1.2866163254e+00
    2.8309553862e-02   -1.2902706861e+00
    2.8319193050e-02   -1.2939161062e+00
    2.8329797089e-02   -1.2979155779e+00
    2.8339438140e-02   -1.3015419245e+00
    2.8349077329e-02   -1.3051601648e+00
    2.8359681368e-02   -1.3091309071e+00
    2.8369322419e-02   -1.3127323389e+00
    2.8379926458e-02   -1.3166850805e+00
    2.8389565647e-02   -1.3202716112e+00
    2.8399206698e-02   -1.3238530159e+00
    2.8409810737e-02   -1.3277878761e+00
    2.8419449925e-02   -1.3313624859e+00
    2.8429090977e-02   -1.3349359035e+00
    2.8439695016e-02   -1.3388658762e+00
    2.8449334204e-02   -1.3424383402e+00
    2.8459938243e-02   -1.3463674784e+00
    2.8469579294e-02   -1.3499395847e+00
    2.8479218483e-02   -1.3535134792e+00
    2.8489822522e-02   -1.3574479818e+00
    2.8499463573e-02   -1.3610283136e+00
    2.8509102762e-02   -1.3646113873e+00
    2.8519706801e-02   -1.3685562611e+00
    2.8529347852e-02   -1.3721457720e+00
    2.8539951891e-02   -1.3760985136e+00
    2.8549591079e-02   -1.3796960115e+00
    2.8559232131e-02   -1.3832979202e+00
    2.8569836169e-02   -1.3872659206e+00
    2.8579475358e-02   -1.3908790350e+00
    2.8589116409e-02   -1.3944976330e+00
    2.8599720448e-02   -1.3984836340e+00
    2.8609359637e-02   -1.4021122456e+00
    2.8619963676e-02   -1.4061098099e+00
    2.8629371896e-02   -1.4096622467e+00
    2.8639463708e-02   -1.4134792089e+00
    2.8649557382e-02   -1.4173026085e+00
    2.8659649193e-02   -1.4211299419e+00
    2.8669068590e-02   -1.4247034788e+00
    2.8678802773e-02   -1.4283958673e+00
    2.8689751402e-02   -1.4325467348e+00
    2.8699485585e-02   -1.4362324476e+00
    2.8709217906e-02   -1.4399137497e+00
    2.8719589114e-02   -1.4438306093e+00
    2.8729682788e-02   -1.4476361275e+00
    2.8739774600e-02   -1.4514355659e+00
    2.8749866411e-02   -1.4552292824e+00
    2.8759306297e-02   -1.4587728977e+00
    2.8769040480e-02   -1.4624223709e+00
    2.8779989108e-02   -1.4665240049e+00
    2.8789883479e-02   -1.4702274799e+00
    2.8799615800e-02   -1.4738665819e+00
    2.8809996322e-02   -1.4777458906e+00
    2.8819728643e-02   -1.4813807011e+00
    2.8829460964e-02   -1.4850108624e+00
    2.8839843348e-02   -1.4888744354e+00
    2.8849575669e-02   -1.4924886227e+00
    2.8859075159e-02   -1.4960113764e+00
    2.8869664297e-02   -1.4999325275e+00
    2.8879303485e-02   -1.5034955740e+00
    2.8889909387e-02   -1.5074028969e+00
    2.8899548575e-02   -1.5109390020e+00
    2.8909187764e-02   -1.5144590139e+00
    2.8919793665e-02   -1.5183112621e+00
    2.8929335997e-02   -1.5217610598e+00
    2.8939561918e-02   -1.5254385471e+00
    2.8949787840e-02   -1.5290963650e+00
    2.8959332034e-02   -1.5324929953e+00
    2.8969556093e-02   -1.5361124277e+00
    2.8979310766e-02   -1.5395452976e+00
    2.8989858925e-02   -1.5432341099e+00
    2.8999499977e-02   -1.5465838909e+00
    2.9009139165e-02   -1.5499104261e+00
    2.9019743204e-02   -1.5535415411e+00
    2.9029384255e-02   -1.5568187237e+00
    2.9039988294e-02   -1.5604001284e+00
    2.9049627483e-02   -1.5636370182e+00
    2.9059268534e-02   -1.5668601990e+00
    2.9069872573e-02   -1.5703942776e+00
    2.9079511762e-02   -1.5736012459e+00
    2.9089152813e-02   -1.5768042803e+00
    2.9099756852e-02   -1.5803228617e+00
    2.9109396040e-02   -1.5835169554e+00
    2.9119037092e-02   -1.5867049694e+00
    2.9129641131e-02   -1.5902038813e+00
    2.9139280319e-02   -1.5933781862e+00
    2.9149884358e-02   -1.5968680382e+00
    2.9159525409e-02   -1.6000474691e+00
    2.9169164598e-02   -1.6032413244e+00
    2.9179768637e-02   -1.6067789793e+00
    2.9189409688e-02   -1.6100248098e+00
    2.9199048877e-02   -1.6133079529e+00
    2.9209652916e-02   -1.6169701815e+00
    2.9219293967e-02   -1.6203467846e+00
    2.9229898006e-02   -1.6241061687e+00
    2.9239537194e-02   -1.6275528669e+00
    2.9249178246e-02   -1.6310150623e+00
    2.9259782284e-02   -1.6348215342e+00
    2.9269421473e-02   -1.6382610798e+00
    2.9279062524e-02   -1.6416666508e+00
    2.9289666563e-02   -1.6453679800e+00
    2.9299305752e-02   -1.6486942768e+00
    2.9309909791e-02   -1.6523183584e+00
    2.9319550842e-02   -1.6555900574e+00
    2.9329190031e-02   -1.6588498354e+00
    2.9339794070e-02   -1.6624327898e+00
    2.9349435121e-02   -1.6656937599e+00
    2.9359074309e-02   -1.6689591408e+00
    2.9369678348e-02   -1.6725531816e+00
    2.9379319400e-02   -1.6758221388e+00
    2.9389923438e-02   -1.6794221401e+00
    2.9399562627e-02   -1.6826994419e+00
    2.9409203678e-02   -1.6859812737e+00
    2.9419807717e-02   -1.6895998716e+00
    2.9429633170e-02   -1.6929656267e+00
    2.9439859092e-02   -1.6964782476e+00
    2.9449401423e-02   -1.6997559071e+00
    2.9459627345e-02   -1.7032481432e+00
    2.9469853267e-02   -1.7067035437e+00
    2.9479397461e-02   -1.7098902464e+00
    2.9489621520e-02   -1.7132629156e+00
    2.9499847442e-02   -1.7165915966e+00
    2.9509391636e-02   -1.7196643353e+00
    2.9519617558e-02   -1.7229354382e+00
    2.9529841617e-02   -1.7261993885e+00
    2.9539385810e-02   -1.7292470932e+00
    2.9549611732e-02   -1.7325137854e+00
    2.9559837654e-02   -1.7357791662e+00
    2.9569379985e-02   -1.7388231754e+00
    2.9579605907e-02   -1.7420724630e+00
    2.9589831829e-02   -1.7452965975e+00
    2.9599376023e-02   -1.7482731342e+00
    2.9609600082e-02   -1.7514258623e+00
    2.9619826004e-02   -1.7545492649e+00
    2.9629370198e-02   -1.7574440241e+00
    2.9639596120e-02   -1.7605236769e+00
    2.9649820179e-02   -1.7635782957e+00
    2.9659364372e-02   -1.7664057016e+00
    2.9669590294e-02   -1.7694112062e+00
    2.9679816216e-02   -1.7723910809e+00
    2.9689358547e-02   -1.7751451731e+00
    2.9699584469e-02   -1.7780627012e+00
    2.9709810391e-02   -1.7809468508e+00
    2.9719354585e-02   -1.7836128473e+00
    2.9729578644e-02   -1.7864450216e+00
    2.9739804566e-02   -1.7892524004e+00
    2.9749348760e-02   -1.7918493748e+00
    2.9759574682e-02   -1.7946069241e+00
    2.9769837856e-02   -1.7973476648e+00
    2.9779477045e-02   -1.7998943329e+00
    2.9789116234e-02   -1.8024076223e+00
    2.9799722135e-02   -1.8051232100e+00
    2.9809361324e-02   -1.8075426817e+00
    2.9819965363e-02   -1.8101496696e+00
    2.9829606414e-02   -1.8124668598e+00
    2.9839245602e-02   -1.8147300482e+00
    2.9849849641e-02   -1.8171557188e+00
    2.9859490693e-02   -1.8193027973e+00
    2.9869129881e-02   -1.8213970661e+00
    2.9879733920e-02   -1.8236403465e+00
    2.9889374971e-02   -1.8256235123e+00
    2.9899979010e-02   -1.8277422190e+00
    2.9909618199e-02   -1.8296097517e+00
    2.9919259250e-02   -1.8314223289e+00
    2.9929863289e-02   -1.8333553076e+00
    2.9939502478e-02   -1.8350597620e+00
    2.9949143529e-02   -1.8367160559e+00
    2.9959747568e-02   -1.8384819031e+00
    2.9969386756e-02   -1.8400340080e+00
    2.9979990795e-02   -1.8416798115e+00
    2.9989631847e-02   -1.8431173563e+00
    2.9999271035e-02   -1.8444960117e+00
    3.0000235885e-02   -1.8446304798e+00
