      3002
    0.0000000000e+00    0.0000000000e+00
    9.7362280940e-06    0.0000000000e+00
    1.9472456188e-05    0.0000000000e+00
    2.9208684282e-05    0.0000000000e+00
    3.8944912376e-05    0.0000000000e+00
    4.9898168072e-05    0.0000000000e+00
    5.9634396166e-05    0.0000000000e+00
    6.9370624260e-05    0.0000000000e+00
    7.9106852354e-05    0.0000000000e+00
    8.8843080448e-05    0.0000000000e+00
    9.9796336144e-05    0.0000000000e+00
    1.0953256424e-04    0.0000000000e+00
    1.1923941929e-04    0.0000000000e+00
    1.2928200886e-04    0.0000000000e+00
    1.3919382764e-04    0.0000000000e+00
    1.4983341680e-04    0.0000000000e+00
    1.5979130694e-04    0.0000000000e+00
    1.6966363182e-04    0.0000000000e+00
    1.7999549164e-04    1.2146631241e+01
    1.8954776169e-04    1.0034541130e+01
    1.9904421060e-04    8.2948989868e+00
    2.0999737899e-04    6.6549477577e+00
    2.1973351249e-04    5.4676709175e+00
    2.2946963145e-04    4.4890255928e+00
    2.3920576496e-04    3.6827213764e+00
    2.4894194212e-04    3.0188190937e+00
    2.5989516871e-04    2.4113819599e+00
    2.6963136042e-04    1.9728727341e+00
    2.7936755214e-04    1.6124058962e+00
    2.8910374385e-04    1.3162609339e+00
    2.9883993557e-04    1.0731233358e+00
    3.0979316216e-04    8.5139280558e-01
    3.1952935387e-04    6.9191098213e-01
    3.2926554559e-04    5.6131720543e-01
    3.3900170820e-04    4.5448687673e-01
    3.4995490569e-04    3.5747373104e-01
    3.5969106830e-04    2.8802308440e-01
    3.6942723091e-04    2.3142863810e-01
    3.7916333531e-04    1.8538016081e-01
    3.8889943971e-04    1.4797511697e-01
    3.9985252079e-04    1.1428710818e-01
    4.0958859609e-04    9.0392589569e-02
    4.1932461318e-04    7.1108251810e-02
    4.2906065937e-04    5.5584408343e-02
    4.3879664736e-04    4.3123569340e-02
    4.4974964112e-04    3.2058347017e-02
    4.5948562911e-04    2.4335216731e-02
    4.6922161710e-04    1.8208209425e-02
    4.7895760508e-04    1.3371535577e-02
    4.8991054064e-04    9.1635370627e-03
    4.9964652862e-04    6.2966197729e-03
    5.0938245840e-04    4.0822592564e-03
    5.1911838818e-04    2.3890319280e-03
    5.2885431796e-04    1.1103407014e-03
    5.3980719531e-04    6.0574759118e-05
    5.4954312509e-04   -6.0308456887e-04
    5.5927899666e-04   -1.0704188608e-03
    5.6901486823e-04   -1.3852851698e-03
    5.7996774558e-04   -1.6007033410e-03
    5.8970367536e-04   -1.6993924510e-03
    5.9943954693e-04   -1.7334432341e-03
    6.0917536030e-04   -1.7199373106e-03
    6.1891123187e-04   -1.6722915461e-03
    6.2986405101e-04   -1.5908174682e-03
    6.3959986437e-04   -1.5024424065e-03
    6.4933567774e-04   -1.4053535415e-03
    6.5907149110e-04   -1.3040826889e-03
    6.6880724626e-04   -1.2020048453e-03
    6.7976000719e-04   -1.0892436840e-03
    6.8949576234e-04   -9.9275610410e-04
    6.9923145929e-04   -9.0099393856e-04
    7.0896715624e-04   -8.1467675045e-04
    7.1991980076e-04   -7.2456715861e-04
    7.2965549771e-04   -6.5085315146e-04
    7.3939119466e-04   -5.8311555767e-04
    7.4912689161e-04   -5.2119762404e-04
    7.5886253035e-04   -4.6485828352e-04
    7.6981511666e-04   -4.0777312825e-04
    7.7955081360e-04   -3.6225901567e-04
    7.8928645235e-04   -3.2130090403e-04
    7.9902209109e-04   -2.8454521089e-04
    8.0997467740e-04   -2.4778555962e-04
    8.1971025793e-04   -2.1881966677e-04
    8.2944583846e-04   -1.9301225257e-04
    8.3918141900e-04   -1.7006239796e-04
    8.4891694132e-04   -1.4968869800e-04
    8.5986941122e-04   -1.2952352699e-04
    8.6960493354e-04   -1.1378358613e-04
    8.7934039766e-04   -9.9872755527e-05
    8.8907591999e-04   -8.7593252829e-05
    8.9881138410e-04   -7.6765842095e-05
    9.0976385400e-04   -6.6119901021e-05
    9.1949937632e-04   -5.7861223468e-05
    9.2923484044e-04   -5.0601516705e-05
    9.3897036277e-04   -4.4225638703e-05
    9.4992277445e-04   -3.7981604692e-05
    9.5965829678e-04   -3.3156182326e-05
    9.6939376090e-04   -2.8928801839e-05
    9.7912922502e-04   -2.5227964215e-05
    9.8886457272e-04   -2.1990246751e-05
    9.9981692620e-04   -1.8831708076e-05
    1.0095523903e-03   -1.6399677406e-05
    1.0192877380e-03   -1.4275935428e-05
    1.0290229693e-03   -1.2422381587e-05
    1.0399750900e-03   -1.0618459783e-05
    1.0497102048e-03   -9.2326063168e-06
    1.0594453197e-03   -8.0248573795e-06
    1.0691803182e-03   -6.9727743721e-06
    1.0789153166e-03   -6.0566726461e-06
    1.0898672044e-03   -5.1671954679e-06
    1.0996020865e-03   -4.4854082262e-06
    1.1093369685e-03   -3.8924586079e-06
    1.1190717341e-03   -3.3769590573e-06
    1.1288063833e-03   -2.9289506074e-06
    1.1397578055e-03   -2.4948194550e-06
    1.1494923383e-03   -2.1626908620e-06
    1.1592267547e-03   -1.8743357941e-06
    1.1689610546e-03   -1.6240579725e-06
    1.1799120111e-03   -1.3818495290e-06
    1.1896460783e-03   -1.1967822502e-06
    1.1993800290e-03   -1.0362863350e-06
    1.2091139797e-03   -8.9713341822e-07
    1.2188478140e-03   -7.7651401398e-07
    1.2297983048e-03   -6.5993992848e-07
    1.2395319063e-03   -5.7098361594e-07
    1.2492653914e-03   -4.9392946266e-07
    1.2589987600e-03   -4.2719926796e-07
    1.2699486688e-03   -3.6276796322e-07
    1.2796819210e-03   -3.1364658071e-07
    1.2894149404e-03   -2.7113330248e-07
    1.2991479598e-03   -2.3434610341e-07
    1.3088809792e-03   -2.0251958688e-07
    1.3198305387e-03   -1.7182107115e-07
    1.3295634417e-03   -1.4844047769e-07
    1.3392963447e-03   -1.2822347628e-07
    1.3490293641e-03   -1.1074465789e-07
    1.3599788072e-03   -9.3896929343e-08
    1.3697117101e-03   -8.1073842750e-08
    1.3794444967e-03   -6.9992523777e-08
    1.3891771669e-03   -6.0417846726e-08
    1.3989098370e-03   -5.2146248208e-08
    1.4098590473e-03   -4.4179824243e-08
    1.4195917174e-03   -3.8121523716e-08
    1.4293243876e-03   -3.2890248747e-08
    1.4390570577e-03   -2.8373722927e-08
    1.4487897279e-03   -2.4474768878e-08
    1.4597390546e-03   -2.0722428218e-08
    1.4694718411e-03   -1.7870814162e-08
    1.4792046277e-03   -1.5409995058e-08
    1.4889371814e-03   -1.3286666878e-08
    1.4998862753e-03   -1.1244227771e-08
    1.5096187126e-03   -9.6928989279e-09
    1.5193511499e-03   -8.3548661323e-09
    1.5290833544e-03   -7.2009500585e-09
    1.5388155589e-03   -6.2059295480e-09
    1.5497640707e-03   -5.2494408820e-09
    1.5594960423e-03   -4.5233767842e-09
    1.5692280140e-03   -3.8974445893e-09
    1.5789598692e-03   -3.3578650971e-09
    1.5899082646e-03   -2.8393212226e-09
    1.5996401198e-03   -2.4458013392e-09
    1.6093719751e-03   -2.1066421940e-09
    1.6191038303e-03   -1.8143615499e-09
    1.6288358020e-03   -1.5625063465e-09
    1.6397841973e-03   -1.3205887495e-09
    1.6495162854e-03   -1.1370987485e-09
    1.6592483735e-03   -9.7904062635e-10
    1.6689804615e-03   -8.4290208147e-10
    1.6799290897e-03   -7.1218958508e-10
    1.6896612942e-03   -6.1308258470e-10
    1.6993934987e-03   -5.2773596604e-10
    1.7091257032e-03   -4.5424222717e-10
    1.7188580241e-03   -3.9095748861e-10
    1.7298067687e-03   -3.3021010926e-10
    1.7395390896e-03   -2.8416202724e-10
    1.7492715269e-03   -2.4451698999e-10
    1.7590038478e-03   -2.1038722153e-10
    1.7699527089e-03   -1.7763565618e-10
    1.7796851462e-03   -1.5281773069e-10
    1.7894174671e-03   -1.3145842748e-10
    1.7991499044e-03   -1.1307747794e-10
    1.8088822253e-03   -9.7260970111e-11
    1.8198310863e-03   -8.2090598208e-11
    1.8295634072e-03   -7.0600490731e-11
    1.8392956117e-03   -6.0715731054e-11
    1.8490276998e-03   -5.2212525969e-11
    1.8599763280e-03   -4.4058937054e-11
    1.8697082996e-03   -3.7884910487e-11
    1.8794402713e-03   -3.2574620085e-11
    1.8891721265e-03   -2.8007445321e-11
    1.8989038654e-03   -2.4079575139e-11
    1.9098520279e-03   -2.0314146199e-11
    1.9195835339e-03   -1.7463612154e-11
    1.9293149235e-03   -1.5012427065e-11
    1.9390461966e-03   -1.2904738909e-11
    1.9499937771e-03   -1.0884607451e-11
    1.9597248174e-03   -9.3556091693e-12
    1.9694557413e-03   -8.0410608727e-12
    1.9791866653e-03   -6.9109397025e-12
    1.9889173564e-03   -5.9394160597e-12
    1.9998645876e-03   -5.0084875483e-12
    2.0095950458e-03   -4.3040675191e-12
    2.0193257369e-03   -3.6985926474e-12
    2.0290561952e-03   -3.1781875309e-12
    2.0387866534e-03   -2.7309181392e-12
    2.0497331861e-03   -2.3024386217e-12
    2.0594631787e-03   -1.9782866751e-12
    2.0691934042e-03   -1.6997208762e-12
    2.0789231639e-03   -1.4603371680e-12
    2.0898692310e-03   -1.2310412021e-12
    2.0995989908e-03   -1.0575969354e-12
    2.1093285177e-03   -9.0856120370e-13
    2.1190578118e-03   -7.8050239882e-13
    2.1287871059e-03   -6.7047105715e-13
    2.1397322416e-03   -5.6509186436e-13
    2.1494613029e-03   -4.8539297581e-13
    2.1591901314e-03   -4.1692005208e-13
    2.1689187270e-03   -3.5809389850e-13
    2.1798636299e-03   -3.0176292780e-13
    2.1895922255e-03   -2.5916589838e-13
    2.1993205883e-03   -2.2257425124e-13
    2.2090489510e-03   -1.9114249842e-13
    2.2199931554e-03   -1.6104880016e-13
    2.2297215182e-03   -1.3829582824e-13
    2.2394494154e-03   -1.1875350421e-13
    2.2491775453e-03   -1.0196937018e-13
    2.2589054424e-03   -8.7554638019e-14
    2.2698494140e-03   -7.3756179929e-14
    2.2795773111e-03   -6.3325558718e-14
    2.2893052083e-03   -5.4368405530e-14
    2.2990328725e-03   -4.6676827984e-14
    2.3099766113e-03   -3.9315207042e-14
    2.3197045084e-03   -3.3751203465e-14
    2.3294319399e-03   -2.8973846163e-14
    2.3391596042e-03   -2.4872041682e-14
    2.3488872685e-03   -2.1350354820e-14
    2.3598305415e-03   -1.7980283468e-14
    2.3695582058e-03   -1.5433528140e-14
    2.3792856373e-03   -1.3247134509e-14
    2.3890130688e-03   -1.1370156932e-14
    2.3999563418e-03   -9.5741845035e-15
    2.4096837733e-03   -8.2171267607e-15
    2.4194112048e-03   -7.0522226771e-15
    2.4291386362e-03   -6.0522947771e-15
    2.4388658348e-03   -5.1940047620e-15
    2.4498091079e-03   -4.3728910229e-15
    2.4595363066e-03   -3.7525516209e-15
    2.4692635052e-03   -3.2201310625e-15
    2.4789904710e-03   -2.7631815632e-15
    2.4899335112e-03   -2.3260774105e-15
    2.4996602442e-03   -1.9958910504e-15
    2.5093872100e-03   -1.7125321657e-15
    2.5191139430e-03   -1.4693658413e-15
    2.5288406760e-03   -1.2606967336e-15
    2.5397830177e-03   -1.0611193600e-15
    2.5495095178e-03   -9.1038243550e-16
    2.5592360180e-03   -7.8104235734e-16
    2.5689622853e-03   -6.7006489468e-16
    2.5799039286e-03   -5.6393611332e-16
    2.5896299630e-03   -4.8378847942e-16
    2.5993557647e-03   -4.1502433306e-16
    2.6090813335e-03   -3.5602790594e-16
    2.6188069023e-03   -3.0541257868e-16
    2.6297480799e-03   -2.5701348665e-16
    2.6394736487e-03   -2.2046627814e-16
    2.6491992176e-03   -1.8911250657e-16
    2.6589247864e-03   -1.6221464445e-16
    2.6698659640e-03   -1.3649638160e-16
    2.6795913000e-03   -1.1707746307e-16
    2.6893168688e-03   -1.0041934917e-16
    2.6990422048e-03   -8.6129830558e-17
    2.7099833824e-03   -7.2468241292e-17
    2.7197087184e-03   -6.2153828449e-17
    2.7294342872e-03   -5.3306559389e-17
    2.7391596232e-03   -4.5717872100e-17
    2.7488851920e-03   -3.9208834182e-17
    2.7598263696e-03   -3.2986420964e-17
    2.7695517056e-03   -2.8288997923e-17
    2.7792772744e-03   -2.4260108870e-17
    2.7890026104e-03   -2.0804671049e-17
    2.7999435551e-03   -1.7501661108e-17
    2.8096688911e-03   -1.5008353454e-17
    2.8193939943e-03   -1.2870057656e-17
    2.8291193303e-03   -1.1036256140e-17
    2.8388442006e-03   -9.4636129152e-18
    2.8497849125e-03   -7.9604785040e-18
    2.8595097829e-03   -6.8259196438e-18
    2.8692344204e-03   -5.8529753317e-18
    2.8789590579e-03   -5.0186342301e-18
    2.8898990713e-03   -4.2212126809e-18
    2.8996234760e-03   -3.6193568944e-18
    2.9093476478e-03   -3.1032646413e-18
    2.9190715868e-03   -2.6607228068e-18
    2.9287952930e-03   -2.2812565959e-18
    2.9397343751e-03   -1.9186173067e-18
    2.9494578484e-03   -1.6449412923e-18
    2.9591810890e-03   -1.4102844214e-18
    2.9689040966e-03   -1.2090858689e-18
    2.9798424803e-03   -1.0168198330e-18
    2.9895652551e-03   -8.7172780406e-19
    2.9995348305e-03   -7.4441080081e-19
    3.0099158175e-03   -6.3154702101e-19
    3.0192330014e-03   -5.4489002908e-19
    3.0289555434e-03   -4.6710641037e-19
    3.0398932286e-03   -3.9278257797e-19
    3.0493421946e-03   -3.3816360948e-19
    3.0599927995e-03   -2.8564198328e-19
    3.0697151087e-03   -2.4484959722e-19
    3.0794376507e-03   -2.0987959332e-19
    3.0891599599e-03   -1.7990136592e-19
    3.0992042739e-03   -1.5341756303e-19
    3.1098790932e-03   -1.2952858694e-19
    3.1196014024e-03   -1.1102160980e-19
    3.1293237116e-03   -9.5157119296e-20
    3.1390462536e-03   -8.1557998607e-20
    3.1499839388e-03   -6.8566093111e-20
    3.1591588631e-03   -5.9277119789e-20
    3.1691899057e-03   -5.0554325746e-20
    3.1789124478e-03   -4.3325872254e-20
    3.1898501329e-03   -3.6420862537e-20
    3.1995726749e-03   -3.1212077139e-20
    3.2095913775e-03   -2.6622331417e-20
    3.2198168337e-03   -2.2632706844e-20
    3.2293605618e-03   -1.9450080970e-20
    3.2393413130e-03   -1.6599180371e-20
    3.2499367371e-03   -1.4028306258e-20
    3.2596590463e-03   -1.2020946514e-20
    3.2693813555e-03   -1.0300664487e-20
    3.2795204315e-03   -8.7681597295e-21
    3.2892569434e-03   -7.5114155007e-21
    3.2989303581e-03   -6.4411338570e-21
    3.3098678105e-03   -5.4133853719e-21
    3.3195901196e-03   -4.6382569574e-21
    3.3299319912e-03   -3.9350750807e-21
    3.3392466139e-03   -3.3934030459e-21
    3.3496879041e-03   -2.8742720868e-21
    3.3594099805e-03   -2.4625187031e-21
    3.3691322897e-03   -2.1097116315e-21
    3.3788543660e-03   -1.8074189209e-21
    3.3895403612e-03   -1.5248459660e-21
    3.3990000375e-03   -1.3117767812e-21
    3.4099372569e-03   -1.1022330094e-21
    3.4196593333e-03   -9.4422899164e-22
    3.4293816425e-03   -8.0886061176e-22
    3.4391037188e-03   -6.9288669910e-22
    3.4488260280e-03   -5.9352985741e-22
    3.4597876947e-03   -4.9847446598e-22
    3.4690557513e-03   -4.3007671665e-22
    3.4797897097e-03   -3.6249526795e-22
    3.4895120189e-03   -3.1048873556e-22
    3.4992343280e-03   -2.6593758244e-22
    3.5089568701e-03   -2.2777372878e-22
    3.5198945552e-03   -1.9133997961e-22
    3.5296173301e-03   -1.6387304196e-22
    3.5393398721e-03   -1.4034561256e-22
    3.5490624141e-03   -1.2019315730e-22
    3.5592052154e-03   -1.0224489301e-22
    3.5698094871e-03   -8.6337071099e-23
    3.5788256209e-03   -7.4772376539e-23
    3.5897637717e-03   -6.2800175368e-23
    3.5994867794e-03   -5.3776187214e-23
    3.6092095543e-03   -4.6047827366e-23
    3.6189323291e-03   -3.9429221263e-23
    3.6298704799e-03   -3.3112436497e-23
    3.6395932548e-03   -2.8351648312e-23
    3.6493162625e-03   -2.4274753623e-23
    3.6590388045e-03   -2.0783586578e-23
    3.6699769553e-03   -1.7451936674e-23
    3.6796997301e-03   -1.4941203827e-23
    3.6894222721e-03   -1.2791343291e-23
    3.6991448142e-03   -1.0950534002e-23
    3.7088673562e-03   -9.3743914907e-24
    3.7198050413e-03   -7.8704747177e-24
    3.7295273505e-03   -6.7372862826e-24
    3.7392496597e-03   -5.7671072760e-24
    3.7489717361e-03   -4.9365105013e-24
    3.7599091884e-03   -4.1440665898e-24
    3.7696312647e-03   -3.5470341742e-24
    3.7793533411e-03   -3.0359377018e-24
    3.7890751846e-03   -2.5984186805e-24
    3.7987970281e-03   -2.2238943440e-24
    3.8097342476e-03   -1.8666212122e-24
    3.8194560912e-03   -1.5974859316e-24
    3.8291779347e-03   -1.3671189243e-24
    3.8397295866e-03   -1.1544876796e-24
    3.8499550428e-03   -9.8000535382e-25
    3.8594987709e-03   -8.4100697764e-25
    3.8697242271e-03   -7.1385951092e-25
    3.8795999717e-03   -6.0932188243e-25
    3.8893215824e-03   -5.2136517340e-25
    3.8990431931e-03   -4.4609275608e-25
    3.9099799469e-03   -3.7430816399e-25
    3.9194505662e-03   -3.2154182503e-25
    3.9290906861e-03   -2.7545573278e-25
    3.9396947250e-03   -2.3234544574e-25
    3.9493348449e-03   -1.9903265090e-25
    3.9588529617e-03   -1.7082611572e-25
    3.9697894827e-03   -1.4331047478e-25
    3.9795110933e-03   -1.2259276874e-25
    3.9892327040e-03   -1.0486745863e-25
    3.9989543147e-03   -8.9702735550e-26
    4.0098908357e-03   -7.5245090688e-26
    4.0196124464e-03   -6.4360572807e-26
    4.0293340571e-03   -5.5049166831e-26
    4.0390556678e-03   -4.7083714714e-26
    4.0493970737e-03   -3.9870407575e-26
    4.0594898164e-03   -3.3896573481e-26
    4.0695825592e-03   -2.8817014912e-26
    4.0796753019e-03   -2.4497982967e-26
    4.0897675790e-03   -2.0825712194e-26
    4.0998603217e-03   -1.7703442331e-26
    4.1099530645e-03   -1.5048866837e-26
    4.1191279888e-03   -1.2982357873e-26
    4.1292207316e-03   -1.1035114817e-26
    4.1393134743e-03   -9.3796794226e-27
    4.1494062170e-03   -7.9723608121e-27
    4.1594989598e-03   -6.7760062567e-27
    4.1695912369e-03   -5.7590212607e-27
    4.1796839796e-03   -4.8945379458e-27
    4.1897767223e-03   -4.1597090052e-27
    4.1998694651e-03   -3.5351052723e-27
    4.2090066709e-03   -3.0508365434e-27
    4.2199436575e-03   -2.5575344326e-27
    4.2296657339e-03   -2.1863634359e-27
    4.2393873446e-03   -1.8690069664e-27
    4.2491094209e-03   -1.5976692447e-27
    4.2588310316e-03   -1.3656828939e-27
    4.2699784972e-03   -1.1407896469e-27
    4.2796186171e-03   -9.7636982979e-28
    4.2892587371e-03   -8.3562469909e-28
    4.2999512516e-03   -7.0309491146e-28
    4.3096733280e-03   -6.0091599826e-28
    4.3193949386e-03   -5.1357416046e-28
    4.3299989775e-03   -4.3270479543e-28
    4.3392674997e-03   -3.7251690874e-28
    4.3495460413e-03   -3.1549946385e-28
    4.3594199233e-03   -2.6895544266e-28
    4.3696453795e-03   -2.2797456641e-28
    4.3796771206e-03   -1.9383994982e-28
    4.3890937231e-03   -1.6645920843e-28
    4.3994709849e-03   -1.4073960569e-28
    4.4098370709e-03   -1.1901168536e-28
    4.4192965142e-03   -1.0212248345e-28
    4.4290190563e-03   -8.7256338542e-29
    4.4399565086e-03   -7.3100199746e-29
    4.4496785849e-03   -6.2455410406e-29
    4.4594011270e-03   -5.3359279390e-29
    4.4691232033e-03   -4.5586713635e-29
    4.4795172289e-03   -3.8523973436e-29
    4.4892537408e-03   -3.2903101754e-29
    4.4998577796e-03   -2.7709386288e-29
    4.5094978996e-03   -2.3702204663e-29
    4.5192344114e-03   -2.0242366310e-29
    4.5289709233e-03   -1.7287097528e-29
    4.5398599468e-03   -1.4489584978e-29
    4.5497510582e-03   -1.2342424364e-29
    4.5592286624e-03   -1.0583978854e-29
    4.5697116293e-03   -8.9290799153e-30
    4.5789377764e-03   -7.6878857746e-30
    4.5898756944e-03   -6.4378015112e-30
    4.5997835696e-03   -5.4816984168e-30
    4.6090823598e-03   -4.7138384234e-30
    4.6197208576e-03   -3.9662826970e-30
    4.6291984618e-03   -3.4006592656e-30
    4.6391859651e-03   -2.8915801218e-30
    4.6496279538e-03   -2.4405948493e-30
    4.6597705223e-03   -2.0699214196e-30
    4.6692481264e-03   -1.7745778057e-30
    4.6794386581e-03   -1.5038366302e-30
    4.6891616657e-03   -1.2840855786e-30
    4.6998076141e-03   -1.0801140809e-30
    4.7092852183e-03   -9.2593454915e-31
    4.7198892571e-03   -7.7935355393e-31
    4.7295293771e-03   -6.6632530522e-31
    4.7390488908e-03   -5.7079729919e-31
    4.7498322092e-03   -4.7901408902e-31
    4.7598928213e-03   -4.0673609171e-31
    4.7695329413e-03   -3.4772648689e-31
    4.7790524550e-03   -2.9785484601e-31
    4.7890846618e-03   -2.5301495572e-31
    4.7999825329e-03   -2.1191586462e-31
    4.8096221872e-03   -1.8115708010e-31
    4.8198550940e-03   -1.5337397724e-31
    4.8290761188e-03   -1.3200338415e-31
    4.8396806233e-03   -1.1108007841e-31
    4.8492006026e-03   -9.5134585706e-32
    4.8598661087e-03   -7.9971390367e-32
    4.8699490726e-03   -6.7863516435e-32
    4.8795891926e-03   -5.8004175117e-32
    4.8891096376e-03   -4.9672565032e-32
    4.8988345079e-03   -4.2395126525e-32
    4.9097752199e-03   -3.5473136940e-32
    4.9195000902e-03   -3.0274060608e-32
    4.9296859652e-03   -2.5642821516e-32
    4.9393260852e-03   -2.1913414343e-32
    4.9499301240e-03   -1.8433695395e-32
    4.9595702440e-03   -1.5751659566e-32
    4.9698036164e-03   -1.3329751821e-32
    4.9798502587e-03   -1.1314194105e-32
    4.9889883958e-03   -9.7464593303e-33
    4.9999300390e-03   -8.1521583828e-33
    5.0094039179e-03   -6.9837023044e-33
    5.0193425268e-03   -5.9372441725e-33
    5.0290683284e-03   -5.0650167113e-33
    5.0399242900e-03   -4.2417085495e-33
    5.0495644100e-03   -3.6233650928e-33
    5.0588338636e-03   -3.1138617601e-33
    5.0699841231e-03   -2.5948598821e-33
    5.0789592788e-03   -2.2405971088e-33
    5.0899009220e-03   -1.8733778164e-33
    5.0996271893e-03   -1.5977469827e-33
    5.1093529910e-03   -1.3626211129e-33
    5.1197912544e-03   -1.1485828770e-33
    5.1294313744e-03   -9.8086563894e-34
    5.1390714943e-03   -8.3761117298e-34
    5.1490534097e-03   -7.1126238208e-34
    5.1599955186e-03   -5.9452789519e-34
    5.1697217859e-03   -5.0693464794e-34
    5.1794480532e-03   -4.3223432375e-34
    5.1891747862e-03   -3.6853095584e-34
    5.1989010535e-03   -3.1420739001e-34
    5.2098431624e-03   -2.6259540495e-34
    5.2199130878e-03   -2.2261629106e-34
    5.2294139750e-03   -1.9048976643e-34
    5.2388925105e-03   -1.6305442852e-34
    5.2498350851e-03   -1.3625399532e-34
    5.2595618181e-03   -1.1614998839e-34
    5.2692885511e-03   -9.9009903227e-35
    5.2798925899e-03   -8.3190257522e-35
    5.2893711254e-03   -7.1200111829e-35
    5.2990983240e-03   -6.0688729993e-35
    5.3088250570e-03   -5.1727898675e-35
    5.3196810186e-03   -4.3278969891e-35
    5.3293211386e-03   -3.6939657427e-35
    5.3397640586e-03   -3.1115062830e-35
    5.3494912572e-03   -2.6518179672e-35
    5.3592184559e-03   -2.2599884780e-35
    5.3696143441e-03   -1.9049586201e-35
    5.3792544641e-03   -1.6257360943e-35
    5.3899493068e-03   -1.3635530710e-35
    5.3996765055e-03   -1.1619575117e-35
    5.4094041698e-03   -9.9014126225e-36
    5.4195481353e-03   -8.3794896689e-36
    5.4291882552e-03   -7.1503418644e-36
    5.4397922941e-03   -6.0052873932e-36
    5.4494324140e-03   -5.1241157631e-36
    5.4590725340e-03   -4.3721236726e-36
    5.4690553807e-03   -3.7093895860e-36
    5.4799998179e-03   -3.0975904789e-36
    5.4897279479e-03   -2.6389392586e-36
    5.4994560778e-03   -2.2481309729e-36
    5.5091842078e-03   -1.9151395893e-36
    5.5198767222e-03   -1.6057014993e-36
    5.5295168422e-03   -1.3697723429e-36
    5.5391569622e-03   -1.1684744060e-36
    5.5497610010e-03   -9.8100721771e-37
    5.5594011210e-03   -8.3678880835e-37
    5.5695404299e-03   -7.0789786886e-37
    5.5798958056e-03   -5.9670705537e-37
    5.5890758522e-03   -5.1281474669e-37
    5.5996798910e-03   -4.3046790206e-37
    5.6089516729e-03   -3.6936913662e-37
    5.6198975071e-03   -3.0829270227e-37
    5.6296265684e-03   -2.6252656348e-37
    5.6393560953e-03   -2.2354732793e-37
    5.6490860879e-03   -1.9034960322e-37
    5.6588156149e-03   -1.6207679240e-37
    5.6697619148e-03   -1.3525226279e-37
    5.6794914417e-03   -1.1515551284e-37
    5.6892214343e-03   -9.8041925529e-38
    5.6989518926e-03   -8.3469183807e-38
    5.7098981924e-03   -6.9644987698e-38
    5.7196281850e-03   -5.9289504150e-38
    5.7293586433e-03   -5.0472338031e-38
    5.7390891016e-03   -4.2965184189e-38
    5.7488195598e-03   -3.6573573225e-38
    5.7597663254e-03   -3.0511214152e-38
    5.7691996917e-03   -2.6099026953e-38
    5.7798037305e-03   -2.1895502904e-38
    5.7894438505e-03   -1.8664121257e-38
    5.7990839705e-03   -1.5909245547e-38
    5.8093206026e-03   -1.3427258701e-38
    5.8190519921e-03    0.0000000000e+00
    5.8299992234e-03    0.0000000000e+00
    5.8397306129e-03    0.0000000000e+00
    5.8494620025e-03    0.0000000000e+00
    5.8591933921e-03    0.0000000000e+00
    5.8689247817e-03    0.0000000000e+00
    5.8798729442e-03    0.0000000000e+00
    5.8896252885e-03    0.0000000000e+00
    5.8993836865e-03    0.0000000000e+00
    5.9093218297e-03    0.0000000000e+00
    5.9197656810e-03    0.0000000000e+00
    5.9294975363e-03    0.0000000000e+00
    5.9392293915e-03    0.0000000000e+00
    5.9489612468e-03    0.0000000000e+00
    5.9599098749e-03    0.0000000000e+00
    5.9696417302e-03    0.0000000000e+00
    5.9793735854e-03    0.0000000000e+00
    5.9891059063e-03    0.0000000000e+00
    5.9988377616e-03    0.0000000000e+00
    6.0097863898e-03    0.0000000000e+00
    6.0195187107e-03    0.0000000000e+00
    6.0299625620e-03    0.0000000000e+00
    6.0396948829e-03    0.0000000000e+00
    6.0494272038e-03    0.0000000000e+00
    6.0591595247e-03    0.0000000000e+00
    6.0688918456e-03    0.0000000000e+00
    6.0798409395e-03    0.0000000000e+00
    6.0895737261e-03    0.0000000000e+00
    6.0993060470e-03    0.0000000000e+00
    6.1090388335e-03    0.0000000000e+00
    6.1196428724e-03    0.0000000000e+00
    6.1291693710e-03    0.0000000000e+00
    6.1395405792e-03    0.0000000000e+00
    6.1489595100e-03    0.0000000000e+00
    6.1592012644e-03    0.0000000000e+00
    6.1688837595e-03    0.0000000000e+00
    6.1798333190e-03    0.0000000000e+00
    6.1895661056e-03    0.0000000000e+00
    6.1997575685e-03    0.0000000000e+00
    6.2093976885e-03    0.0000000000e+00
    6.2190378085e-03    0.0000000000e+00
    6.2296418473e-03    0.0000000000e+00
    6.2392819673e-03    0.0000000000e+00
    6.2499823980e-03    0.0000000000e+00
    6.2590995803e-03    0.0000000000e+00
    6.2696863897e-03    0.0000000000e+00
    6.2792589888e-03    0.0000000000e+00
    6.2897489406e-03    0.0000000000e+00
    6.2993247993e-03    0.0000000000e+00
    6.3097849488e-03    0.0000000000e+00
    6.3197277486e-03    0.0000000000e+00
    6.3295355067e-03    0.0000000000e+00
    6.3391756266e-03    0.0000000000e+00
    6.3494206406e-03    0.0000000000e+00
    6.3594491221e-03    0.0000000000e+00
    6.3693942502e-03    0.0000000000e+00
    6.3795489259e-03    0.0000000000e+00
    6.3896807842e-03    0.0000000000e+00
    6.3995048404e-03    0.0000000000e+00
    6.4094830304e-03    0.0000000000e+00
    6.4192656428e-03    0.0000000000e+00
    6.4291022718e-03    0.0000000000e+00
    6.4390413463e-03    0.0000000000e+00
    6.4490670338e-03    0.0000000000e+00
    6.4597674645e-03    0.0000000000e+00
    6.4692813903e-03    0.0000000000e+00
    6.4797597006e-03    0.0000000000e+00
    6.4894757234e-03    0.0000000000e+00
    6.4997998998e-03    0.0000000000e+00
    6.5092272125e-03    0.0000000000e+00
    6.5196673386e-03    0.0000000000e+00
    6.5291328356e-03    0.0000000000e+00
    6.5392060205e-03    0.0000000000e+00
    6.5499339253e-03    0.0000000000e+00
    6.5589160658e-03    0.0000000000e+00
    6.5691838972e-03    0.0000000000e+00
    6.5796221606e-03    0.0000000000e+00
    6.5890662372e-03    0.0000000000e+00
    6.5998048522e-03    0.0000000000e+00
    6.6095995717e-03    0.0000000000e+00
    6.6199903376e-03    0.0000000000e+00
    6.6296304576e-03    0.0000000000e+00
    6.6398563795e-03    0.0000000000e+00
    6.6489642486e-03    0.0000000000e+00
    6.6593927331e-03    0.0000000000e+00
    6.6696633585e-03    0.0000000000e+00
    6.6792499274e-03    0.0000000000e+00
    6.6895354539e-03    0.0000000000e+00
    6.6993096843e-03    0.0000000000e+00
    6.7095351405e-03    0.0000000000e+00
    6.7194621079e-03    0.0000000000e+00
    6.7299571820e-03    0.0000000000e+00
    6.7397607490e-03    0.0000000000e+00
    6.7494008690e-03    0.0000000000e+00
    6.7590409890e-03    0.0000000000e+00
    6.7699807696e-03    0.0000000000e+00
    6.7797955126e-03    0.0000000000e+00
    6.7899795249e-03    0.0000000000e+00
    6.7994440906e-03    0.0000000000e+00
    6.8093710579e-03    0.0000000000e+00
    6.8191075698e-03    0.0000000000e+00
    6.8292967044e-03    0.0000000000e+00
    6.8395347334e-03    0.0000000000e+00
    6.8496479653e-03    0.0000000000e+00
    6.8596834317e-03    0.0000000000e+00
    6.8698246032e-03    0.0000000000e+00
    6.8794647232e-03    0.0000000000e+00
    6.8895001896e-03    0.0000000000e+00
    6.8993330933e-03    0.0000000000e+00
    6.9093578495e-03    0.0000000000e+00
    6.9190724753e-03    0.0000000000e+00
    6.9299265742e-03    0.0000000000e+00
    6.9395666942e-03    0.0000000000e+00
    6.9490424357e-03    0.0000000000e+00
    6.9596464746e-03    0.0000000000e+00
    6.9692865945e-03    0.0000000000e+00
    6.9790612906e-03    0.0000000000e+00
    6.9890860468e-03    0.0000000000e+00
    6.9996668026e-03    0.0000000000e+00
    7.0097018033e-03    0.0000000000e+00
    7.0194383152e-03    0.0000000000e+00
    7.0290681906e-03    0.0000000000e+00
    7.0399711840e-03    0.0000000000e+00
    7.0491852239e-03    0.0000000000e+00
    7.0597892627e-03    0.0000000000e+00
    7.0699788630e-03    0.0000000000e+00
    7.0796934888e-03    0.0000000000e+00
    7.0892171934e-03    0.0000000000e+00
    7.0990598761e-03    0.0000000000e+00
    7.1089989506e-03    0.0000000000e+00
    7.1199494414e-03    0.0000000000e+00
    7.1289245971e-03    0.0000000000e+00
    7.1399719454e-03    0.0000000000e+00
    7.1499487385e-03    0.0000000000e+00
    7.1596754715e-03    0.0000000000e+00
    7.1693444625e-03    0.0000000000e+00
    7.1793217212e-03    0.0000000000e+00
    7.1898670867e-03    0.0000000000e+00
    7.1994108148e-03    0.0000000000e+00
    7.2096362710e-03    0.0000000000e+00
    7.2198617272e-03    0.0000000000e+00
    7.2292089462e-03    0.0000000000e+00
    7.2398129851e-03    0.0000000000e+00
    7.2495699860e-03    0.0000000000e+00
    7.2596669197e-03    0.0000000000e+00
    7.2693070397e-03    0.0000000000e+00
    7.2799115442e-03    0.0000000000e+00
    7.2896201164e-03    0.0000000000e+00
    7.2998455726e-03    0.0000000000e+00
    7.3093893006e-03    0.0000000000e+00
    7.3196147569e-03    0.0000000000e+00
    7.3298402131e-03    0.0000000000e+00
    7.3397522792e-03    0.0000000000e+00
    7.3490669020e-03    0.0000000000e+00
    7.3596709408e-03    0.0000000000e+00
    7.3692644946e-03    0.0000000000e+00
    7.3798685335e-03    0.0000000000e+00
    7.3896548711e-03    0.0000000000e+00
    7.3997476138e-03    0.0000000000e+00
    7.4098403566e-03    0.0000000000e+00
    7.4194353074e-03    0.0000000000e+00
    7.4292318895e-03    0.0000000000e+00
    7.4393246323e-03    0.0000000000e+00
    7.4498355389e-03    0.0000000000e+00
    7.4596586637e-03    0.0000000000e+00
    7.4693369679e-03    0.0000000000e+00
    7.4798413552e-03    0.0000000000e+00
    7.4891909026e-03    0.0000000000e+00
    7.4998266064e-03    0.0000000000e+00
    7.5095631182e-03    0.0000000000e+00
    7.5192032382e-03    0.0000000000e+00
    7.5298449956e-03    0.0000000000e+00
    7.5395815074e-03    0.0000000000e+00
    7.5492216274e-03    0.0000000000e+00
    7.5595467351e-03    0.0000000000e+00
    7.5699854642e-03    0.0000000000e+00
    7.5790504925e-03    0.0000000000e+00
    7.5893155299e-03    0.0000000000e+00
    7.5995367952e-03    0.0000000000e+00
    7.6091769151e-03    0.0000000000e+00
    7.6198773459e-03    0.0000000000e+00
    7.6299705543e-03    0.0000000000e+00
    7.6395180076e-03    0.0000000000e+00
    7.6491581276e-03    0.0000000000e+00
    7.6590967365e-03    0.0000000000e+00
    7.6697007753e-03    0.0000000000e+00
    7.6798903756e-03    0.0000000000e+00
    7.6898820698e-03    0.0000000000e+00
    7.6990430243e-03    0.0000000000e+00
    7.7095315792e-03    0.0000000000e+00
    7.7195204794e-03    0.0000000000e+00
    7.7290567569e-03    0.0000000000e+00
    7.7397068962e-03    0.0000000000e+00
    7.7492906712e-03    0.0000000000e+00
    7.7598947100e-03    0.0000000000e+00
    7.7692274936e-03    0.0000000000e+00
    7.7799120918e-03    0.0000000000e+00
    7.7893561684e-03    0.0000000000e+00
    7.7999602072e-03    0.0000000000e+00
    7.8091854230e-03    0.0000000000e+00
    7.8195752576e-03    0.0000000000e+00
    7.8297322616e-03    0.0000000000e+00
    7.8394785523e-03    0.0000000000e+00
    7.8491186723e-03    0.0000000000e+00
    7.8597227111e-03    0.0000000000e+00
    7.8693628311e-03    0.0000000000e+00
    7.8799668700e-03    0.0000000000e+00
    7.8894421458e-03    0.0000000000e+00
    7.8996671364e-03    0.0000000000e+00
    7.9099610448e-03    0.0000000000e+00
    7.9194046557e-03    0.0000000000e+00
    7.9290447757e-03    0.0000000000e+00
    7.9396488145e-03    0.0000000000e+00
    7.9492889345e-03    0.0000000000e+00
    7.9598929733e-03    0.0000000000e+00
    7.9695330933e-03    0.0000000000e+00
    7.9794079065e-03    0.0000000000e+00
    7.9890368506e-03    0.0000000000e+00
    7.9996408895e-03    0.0000000000e+00
    8.0099627376e-03    0.0000000000e+00
    8.0192619935e-03    0.0000000000e+00
    8.0298660323e-03    0.0000000000e+00
    8.0397408456e-03    0.0000000000e+00
    8.0498373136e-03    0.0000000000e+00
    8.0594774336e-03    0.0000000000e+00
    8.0691175535e-03    0.0000000000e+00
    8.0797569826e-03    0.0000000000e+00
    8.0893971026e-03    0.0000000000e+00
    8.0990372226e-03    0.0000000000e+00
    8.1096412614e-03    0.0000000000e+00
    8.1192813814e-03    0.0000000000e+00
    8.1295548007e-03    0.0000000000e+00
    8.1395842135e-03    0.0000000000e+00
    8.1492243335e-03    0.0000000000e+00
    8.1598283723e-03    0.0000000000e+00
    8.1696920097e-03    0.0000000000e+00
    8.1793321297e-03    0.0000000000e+00
    8.1899361685e-03    0.0000000000e+00
    8.1995762885e-03    0.0000000000e+00
    8.2092164084e-03    0.0000000000e+00
    8.2198204473e-03    0.0000000000e+00
    8.2294605672e-03    0.0000000000e+00
    8.2391006872e-03    0.0000000000e+00
    8.2496115938e-03    0.0000000000e+00
    8.2591585815e-03    0.0000000000e+00
    8.2694841549e-03    0.0000000000e+00
    8.2798087969e-03    0.0000000000e+00
    8.2897795364e-03    0.0000000000e+00
    8.2995984703e-03    0.0000000000e+00
    8.3098756149e-03    0.0000000000e+00
    8.3192223683e-03    0.0000000000e+00
    8.3297304809e-03    0.0000000000e+00
    8.3399554715e-03    0.0000000000e+00
    8.3494996652e-03    0.0000000000e+00
    8.3593633026e-03    0.0000000000e+00
    8.3691775799e-03    0.0000000000e+00
    8.3797816187e-03    0.0000000000e+00
    8.3892466500e-03    0.0000000000e+00
    8.3998506889e-03    0.0000000000e+00
    8.4094908088e-03    0.0000000000e+00
    8.4198806435e-03    0.0000000000e+00
    8.4294248372e-03    0.0000000000e+00
    8.4396498278e-03    0.0000000000e+00
    8.4497965872e-03    0.0000000000e+00
    8.4594367072e-03    0.0000000000e+00
    8.4690768272e-03    0.0000000000e+00
    8.4796808660e-03    0.0000000000e+00
    8.4893209860e-03    0.0000000000e+00
    8.4999250248e-03    0.0000000000e+00
    8.5094682872e-03    0.0000000000e+00
    8.5196942091e-03    0.0000000000e+00
    8.5299191996e-03    0.0000000000e+00
    8.5395686328e-03    0.0000000000e+00
    8.5492087528e-03    0.0000000000e+00
    8.5598127916e-03    0.0000000000e+00
    8.5694529116e-03    0.0000000000e+00
    8.5797747597e-03    0.0000000000e+00
    8.5893189535e-03    0.0000000000e+00
    8.5993474349e-03    0.0000000000e+00
    8.6099514738e-03    0.0000000000e+00
    8.6191734299e-03    0.0000000000e+00
    8.6293127388e-03    0.0000000000e+00
    8.6398255080e-03    0.0000000000e+00
    8.6493687704e-03    0.0000000000e+00
    8.6595946923e-03    0.0000000000e+00
    8.6698569357e-03    0.0000000000e+00
    8.6794011295e-03    0.0000000000e+00
    8.6896261200e-03    0.0000000000e+00
    8.6998520419e-03    0.0000000000e+00
    8.7093953043e-03    0.0000000000e+00
    8.7196212262e-03    0.0000000000e+00
    8.7298462167e-03    0.0000000000e+00
    8.7393904105e-03    0.0000000000e+00
    8.7496154010e-03    0.0000000000e+00
    8.7598413229e-03    0.0000000000e+00
    8.7693845853e-03    0.0000000000e+00
    8.7794139981e-03    0.0000000000e+00
    8.7890541181e-03    0.0000000000e+00
    8.7996581569e-03    0.0000000000e+00
    8.8092982769e-03    0.0000000000e+00
    8.8199023157e-03    0.0000000000e+00
    8.8295424357e-03    0.0000000000e+00
    8.8391825557e-03    0.0000000000e+00
    8.8496208191e-03    0.0000000000e+00
    8.8598467410e-03    0.0000000000e+00
    8.8693900034e-03    0.0000000000e+00
    8.8796159253e-03    0.0000000000e+00
    8.8898409158e-03    0.0000000000e+00
    8.8993851095e-03    0.0000000000e+00
    8.9096101001e-03    0.0000000000e+00
    8.9198360220e-03    0.0000000000e+00
    8.9293792844e-03    0.0000000000e+00
    8.9396052063e-03    0.0000000000e+00
    8.9498301968e-03    0.0000000000e+00
    8.9598596096e-03    0.0000000000e+00
    8.9699681848e-03    0.0000000000e+00
    8.9795114473e-03    0.0000000000e+00
    8.9897373691e-03    0.0000000000e+00
    8.9999623597e-03    0.0000000000e+00
    9.0095065534e-03    0.0000000000e+00
    9.0197315440e-03    0.0000000000e+00
    9.0299574658e-03    0.0000000000e+00
    9.0395687148e-03    0.0000000000e+00
    9.0499771759e-03    0.0000000000e+00
    9.0596172959e-03    0.0000000000e+00
    9.0692574158e-03    0.0000000000e+00
    9.0798614547e-03    0.0000000000e+00
    9.0895015746e-03    0.0000000000e+00
    9.0991416946e-03    0.0000000000e+00
    9.1097457334e-03    0.0000000000e+00
    9.1196196154e-03    0.0000000000e+00
    9.1299135238e-03    0.0000000000e+00
    9.1394577175e-03    0.0000000000e+00
    9.1496827081e-03    0.0000000000e+00
    9.1592948884e-03    0.0000000000e+00
    9.1694891453e-03    0.0000000000e+00
    9.1797150671e-03    0.0000000000e+00
    9.1895787045e-03    0.0000000000e+00
    9.1992188245e-03    0.0000000000e+00
    9.2098228633e-03    0.0000000000e+00
    9.2194629833e-03    0.0000000000e+00
    9.2294542119e-03    0.0000000000e+00
    9.2396792024e-03    0.0000000000e+00
    9.2499051243e-03    0.0000000000e+00
    9.2594483867e-03    0.0000000000e+00
    9.2696743086e-03    0.0000000000e+00
    9.2798992991e-03    0.0000000000e+00
    9.2894434929e-03    0.0000000000e+00
    9.2996684834e-03    0.0000000000e+00
    9.3098944053e-03    0.0000000000e+00
    9.3194376677e-03    0.0000000000e+00
    9.3296635896e-03    0.0000000000e+00
    9.3398885801e-03    0.0000000000e+00
    9.3494327739e-03    0.0000000000e+00
    9.3596577644e-03    0.0000000000e+00
    9.3699209392e-03    0.0000000000e+00
    9.3795610592e-03    0.0000000000e+00
    9.3897180632e-03    0.0000000000e+00
    9.3999430537e-03    0.0000000000e+00
    9.4094872475e-03    0.0000000000e+00
    9.4197122380e-03    0.0000000000e+00
    9.4299381599e-03    0.0000000000e+00
    9.4394814223e-03    0.0000000000e+00
    9.4497073442e-03    0.0000000000e+00
    9.4599323347e-03    0.0000000000e+00
    9.4694765285e-03    0.0000000000e+00
    9.4796223566e-03    0.0000000000e+00
    9.4897309318e-03    0.0000000000e+00
    9.4997594133e-03    0.0000000000e+00
    9.5097506419e-03    0.0000000000e+00
    9.5194969326e-03    0.0000000000e+00
    9.5291370526e-03    0.0000000000e+00
    9.5399757847e-03    0.0000000000e+00
    9.5495190471e-03    0.0000000000e+00
    9.5597449690e-03    0.0000000000e+00
    9.5699699596e-03    0.0000000000e+00
    9.5795141533e-03    0.0000000000e+00
    9.5897391438e-03    0.0000000000e+00
    9.5999650657e-03    0.0000000000e+00
    9.6095083281e-03    0.0000000000e+00
    9.6197342500e-03    0.0000000000e+00
    9.6299592406e-03    0.0000000000e+00
    9.6395034343e-03    0.0000000000e+00
    9.6496492624e-03    0.0000000000e+00
    9.6598742530e-03    0.0000000000e+00
    9.6691735089e-03    0.0000000000e+00
    9.6797775477e-03    0.0000000000e+00
    9.6899345517e-03    0.0000000000e+00
    9.6994778141e-03    0.0000000000e+00
    9.7097037360e-03    0.0000000000e+00
    9.7198495641e-03    0.0000000000e+00
    9.7293928266e-03    0.0000000000e+00
    9.7396187484e-03    0.0000000000e+00
    9.7494823858e-03    0.0000000000e+00
    9.7591225058e-03    0.0000000000e+00
    9.7697265446e-03    0.0000000000e+00
    9.7795529291e-03    0.0000000000e+00
    9.7897779197e-03    0.0000000000e+00
    9.7993221134e-03    0.0000000000e+00
    9.8095843568e-03    0.0000000000e+00
    9.8192244768e-03    0.0000000000e+00
    9.8298285156e-03    0.0000000000e+00
    9.8395375535e-03    0.0000000000e+00
    9.8497634754e-03    0.0000000000e+00
    9.8599884659e-03    0.0000000000e+00
    9.8695326596e-03    0.0000000000e+00
    9.8797576502e-03    0.0000000000e+00
    9.8899835721e-03    0.0000000000e+00
    9.8995268345e-03    0.0000000000e+00
    9.9097527564e-03    0.0000000000e+00
    9.9199777469e-03    0.0000000000e+00
    9.9294418469e-03    0.0000000000e+00
    9.9397161976e-03    0.0000000000e+00
    9.9499411881e-03    0.0000000000e+00
    9.9591715261e-03    0.0000000000e+00
    9.9697755650e-03    0.0000000000e+00
    9.9794156849e-03    0.0000000000e+00
    9.9897375330e-03    0.0000000000e+00
    9.9999625236e-03    0.0000000000e+00
    1.0009506717e-02    0.0000000000e+00
    1.0019731708e-02    0.0000000000e+00
    1.0029957630e-02    0.0000000000e+00
    1.0039500892e-02    0.0000000000e+00
    1.0049726814e-02    0.0000000000e+00
    1.0059951805e-02    0.0000000000e+00
    1.0069495998e-02    0.0000000000e+00
    1.0079720989e-02    0.0000000000e+00
    1.0089946911e-02    0.0000000000e+00
    1.0099490173e-02    0.0000000000e+00
    1.0109716095e-02    0.0000000000e+00
    1.0119941086e-02    0.0000000000e+00
    1.0129485279e-02    0.0000000000e+00
    1.0139710270e-02    0.0000000000e+00
    1.0149322450e-02    0.0000000000e+00
    1.0159517638e-02    0.0000000000e+00
    1.0169742629e-02    0.0000000000e+00
    1.0179936886e-02    0.0000000000e+00
    1.0189577006e-02    0.0000000000e+00
    1.0199217126e-02    0.0000000000e+00
    1.0209821165e-02    0.0000000000e+00
    1.0219461285e-02    0.0000000000e+00
    1.0229101405e-02    0.0000000000e+00
    1.0239705443e-02    0.0000000000e+00
    1.0249345563e-02    0.0000000000e+00
    1.0259890929e-02    0.0000000000e+00
    1.0269531049e-02    0.0000000000e+00
    1.0279171169e-02    0.0000000000e+00
    1.0289775208e-02    0.0000000000e+00
    1.0299318470e-02    0.0000000000e+00
    1.0309544392e-02    0.0000000000e+00
    1.0319769382e-02    0.0000000000e+00
    1.0329995304e-02    0.0000000000e+00
    1.0339538567e-02    0.0000000000e+00
    1.0349764489e-02    0.0000000000e+00
    1.0359989479e-02    0.0000000000e+00
    1.0369533673e-02    0.0000000000e+00
    1.0379758663e-02    0.0000000000e+00
    1.0389984585e-02    0.0000000000e+00
    1.0399527848e-02    0.0000000000e+00
    1.0409753770e-02    0.0000000000e+00
    1.0419100523e-02    0.0000000000e+00
    1.0429657996e-02    0.0000000000e+00
    1.0439675301e-02    0.0000000000e+00
    1.0449901223e-02    0.0000000000e+00
    1.0459444486e-02    0.0000000000e+00
    1.0469670407e-02    0.0000000000e+00
    1.0479895398e-02    0.0000000000e+00
    1.0489439592e-02    0.0000000000e+00
    1.0499194264e-02    0.0000000000e+00
    1.0509693995e-02    0.0000000000e+00
    1.0519918986e-02    0.0000000000e+00
    1.0529463179e-02    0.0000000000e+00
    1.0539688170e-02    0.0000000000e+00
    1.0549913161e-02    0.0000000000e+00
    1.0559457354e-02    0.0000000000e+00
    1.0569682345e-02    0.0000000000e+00
    1.0579908267e-02    0.0000000000e+00
    1.0589451529e-02    0.0000000000e+00
    1.0599677451e-02    0.0000000000e+00
    1.0609902442e-02    0.0000000000e+00
    1.0619446635e-02    0.0000000000e+00
    1.0629671626e-02    0.0000000000e+00
    1.0639897548e-02    0.0000000000e+00
    1.0649440810e-02    0.0000000000e+00
    1.0659666732e-02    0.0000000000e+00
    1.0669891723e-02    0.0000000000e+00
    1.0679435916e-02    0.0000000000e+00
    1.0689581744e-02    0.0000000000e+00
    1.0699339211e-02    0.0000000000e+00
    1.0709564202e-02    0.0000000000e+00
    1.0719790123e-02    0.0000000000e+00
    1.0729333386e-02    0.0000000000e+00
    1.0739559308e-02    0.0000000000e+00
    1.0749784298e-02    0.0000000000e+00
    1.0759328492e-02    0.0000000000e+00
    1.0769553483e-02    0.0000000000e+00
    1.0779779404e-02    0.0000000000e+00
    1.0789322667e-02    0.0000000000e+00
    1.0799548589e-02    0.0000000000e+00
    1.0809773579e-02    0.0000000000e+00
    1.0819529183e-02    0.0000000000e+00
    1.0829512030e-02    0.0000000000e+00
    1.0839737020e-02    0.0000000000e+00
    1.0849962011e-02    0.0000000000e+00
    1.0859506205e-02    0.0000000000e+00
    1.0869731195e-02    0.0000000000e+00
    1.0879760608e-02    0.0000000000e+00
    1.0889400728e-02    0.0000000000e+00
    1.0899625719e-02    0.0000000000e+00
    1.0909851640e-02    0.0000000000e+00
    1.0919394903e-02    0.0000000000e+00
    1.0929620825e-02    0.0000000000e+00
    1.0939815082e-02    0.0000000000e+00
    1.0949455202e-02    0.0000000000e+00
    1.0959893465e-02    0.0000000000e+00
    1.0969437659e-02    0.0000000000e+00
    1.0979631916e-02    0.0000000000e+00
    1.0989272036e-02    0.0000000000e+00
    1.0999876074e-02    0.0000000000e+00
    1.1009516194e-02    0.0000000000e+00
    1.1019390076e-02    0.0000000000e+00
    1.1029615998e-02    0.0000000000e+00
    1.1039840989e-02    0.0000000000e+00
    1.1049319059e-02    0.0000000000e+00
    1.1059544049e-02    0.0000000000e+00
    1.1069769971e-02    0.0000000000e+00
    1.1079994962e-02    0.0000000000e+00
    1.1089539155e-02    0.0000000000e+00
    1.1099764146e-02    0.0000000000e+00
    1.1109990068e-02    0.0000000000e+00
    1.1119533330e-02    0.0000000000e+00
    1.1129759252e-02    0.0000000000e+00
    1.1139984243e-02    0.0000000000e+00
    1.1149528436e-02    0.0000000000e+00
    1.1159753427e-02    0.0000000000e+00
    1.1169979349e-02    0.0000000000e+00
    1.1179522611e-02    0.0000000000e+00
    1.1189748533e-02    0.0000000000e+00
    1.1199973524e-02    0.0000000000e+00
    1.1209517717e-02    0.0000000000e+00
    1.1219272390e-02    0.0000000000e+00
    1.1229819618e-02    0.0000000000e+00
    1.1239459738e-02    0.0000000000e+00
    1.1249734089e-02    0.0000000000e+00
    1.1259314604e-02    0.0000000000e+00
    1.1269423179e-02    0.0000000000e+00
    1.1279649101e-02    0.0000000000e+00
    1.1289874092e-02    0.0000000000e+00
    1.1299418285e-02    0.0000000000e+00
    1.1309643276e-02    0.0000000000e+00
    1.1319869198e-02    0.0000000000e+00
    1.1329412460e-02    0.0000000000e+00
    1.1339441873e-02    0.0000000000e+00
    1.1349549517e-02    0.0000000000e+00
    1.1359775439e-02    0.0000000000e+00
    1.1369318701e-02    0.0000000000e+00
    1.1379544623e-02    0.0000000000e+00
    1.1389769614e-02    0.0000000000e+00
    1.1399750598e-02    0.0000000000e+00
    1.1409390718e-02    0.0000000000e+00
    1.1419994757e-02    0.0000000000e+00
    1.1429402046e-02    0.0000000000e+00
    1.1439654045e-02    0.0000000000e+00
    1.1449879035e-02    0.0000000000e+00
    1.1459423229e-02    0.0000000000e+00
    1.1469648220e-02    0.0000000000e+00
    1.1479874142e-02    0.0000000000e+00
    1.1489417404e-02    0.0000000000e+00
    1.1499643326e-02    0.0000000000e+00
    1.1509868316e-02    0.0000000000e+00
    1.1519098654e-02    0.0000000000e+00
    1.1529702693e-02    0.0000000000e+00
    1.1539296247e-02    0.0000000000e+00
    1.1549388990e-02    0.0000000000e+00
    1.1559760198e-02    0.0000000000e+00
    1.1569400318e-02    0.0000000000e+00
    1.1579040438e-02    0.0000000000e+00
    1.1589644477e-02    0.0000000000e+00
    1.1599284597e-02    0.0000000000e+00
    1.1609558016e-02    0.0000000000e+00
    1.1619783938e-02    0.0000000000e+00
    1.1629327200e-02    0.0000000000e+00
    1.1639553122e-02    0.0000000000e+00
    1.1649778113e-02    0.0000000000e+00
    1.1659322307e-02    0.0000000000e+00
    1.1669547297e-02    0.0000000000e+00
    1.1679773219e-02    0.0000000000e+00
    1.1689998209e-02    0.0000000000e+00
    1.1699542403e-02    0.0000000000e+00
    1.1709767394e-02    0.0000000000e+00
    1.1719993316e-02    0.0000000000e+00
    1.1729536578e-02    0.0000000000e+00
    1.1739762500e-02    0.0000000000e+00
    1.1749987490e-02    0.0000000000e+00
    1.1759531684e-02    0.0000000000e+00
    1.1769756675e-02    0.0000000000e+00
    1.1779982597e-02    0.0000000000e+00
    1.1789525859e-02    0.0000000000e+00
    1.1799751781e-02    0.0000000000e+00
    1.1809976771e-02    0.0000000000e+00
    1.1819520965e-02    0.0000000000e+00
    1.1829745956e-02    0.0000000000e+00
    1.1839971878e-02    0.0000000000e+00
    1.1849435978e-02    0.0000000000e+00
    1.1859660968e-02    0.0000000000e+00
    1.1869886890e-02    0.0000000000e+00
    1.1879430152e-02    0.0000000000e+00
    1.1889656074e-02    0.0000000000e+00
    1.1899881065e-02    0.0000000000e+00
    1.1909425259e-02    0.0000000000e+00
    1.1919650249e-02    0.0000000000e+00
    1.1929876171e-02    0.0000000000e+00
    1.1939419433e-02    0.0000000000e+00
    1.1949645355e-02    0.0000000000e+00
    1.1959870346e-02    0.0000000000e+00
    1.1969414540e-02    0.0000000000e+00
    1.1979639530e-02    0.0000000000e+00
    1.1989865452e-02    0.0000000000e+00
    1.1999408714e-02    0.0000000000e+00
    1.2009634636e-02    0.0000000000e+00
    1.2019859627e-02    0.0000000000e+00
    1.2029403821e-02    0.0000000000e+00
    1.2039628811e-02    0.0000000000e+00
    1.2049854733e-02    0.0000000000e+00
    1.2059397995e-02    0.0000000000e+00
    1.2069623917e-02    0.0000000000e+00
    1.2079848908e-02    0.0000000000e+00
    1.2089829892e-02    0.0000000000e+00
    1.2099985965e-02    0.0000000000e+00
    1.2109530158e-02    0.0000000000e+00
    1.2119755149e-02    0.0000000000e+00
    1.2129981071e-02    0.0000000000e+00
    1.2139524333e-02    0.0000000000e+00
    1.2149750255e-02    0.0000000000e+00
    1.2159504928e-02    0.0000000000e+00
    1.2169730850e-02    0.0000000000e+00
    1.2179955840e-02    0.0000000000e+00
    1.2189500034e-02    0.0000000000e+00
    1.2199725024e-02    0.0000000000e+00
    1.2209950946e-02    0.0000000000e+00
    1.2219494209e-02    0.0000000000e+00
    1.2229720131e-02    0.0000000000e+00
    1.2239945121e-02    0.0000000000e+00
    1.2249489315e-02    0.0000000000e+00
    1.2259714305e-02    0.0000000000e+00
    1.2269940227e-02    0.0000000000e+00
    1.2279483490e-02    0.0000000000e+00
    1.2289709412e-02    0.0000000000e+00
    1.2299934402e-02    0.0000000000e+00
    1.2309478596e-02    0.0000000000e+00
    1.2319703586e-02    0.0000000000e+00
    1.2329929508e-02    0.0000000000e+00
    1.2339111418e-02    0.0000000000e+00
    1.2349715456e-02    0.0000000000e+00
    1.2359355576e-02    0.0000000000e+00
    1.2369959615e-02    0.0000000000e+00
    1.2379599735e-02    0.0000000000e+00
    1.2389824726e-02    0.0000000000e+00
    1.2399368919e-02    0.0000000000e+00
    1.2409397401e-02    0.0000000000e+00
    1.2419037521e-02    0.0000000000e+00
    1.2429641560e-02    0.0000000000e+00
    1.2439399026e-02    0.0000000000e+00
    1.2449624017e-02    0.0000000000e+00
    1.2459849939e-02    0.0000000000e+00
    1.2469393201e-02    0.0000000000e+00
    1.2479619123e-02    0.0000000000e+00
    1.2489844114e-02    0.0000000000e+00
    1.2499388307e-02    0.0000000000e+00
    1.2509613298e-02    0.0000000000e+00
    1.2519368902e-02    0.0000000000e+00
    1.2529916130e-02    0.0000000000e+00
    1.2539556250e-02    0.0000000000e+00
    1.2549947016e-02    0.0000000000e+00
    1.2559490278e-02    0.0000000000e+00
    1.2569353916e-02    0.0000000000e+00
    1.2579958886e-02    0.0000000000e+00
    1.2589598075e-02    0.0000000000e+00
    1.2599238195e-02    0.0000000000e+00
    1.2609842233e-02    0.0000000000e+00
    1.2619482353e-02    0.0000000000e+00
    1.2629122473e-02    0.0000000000e+00
    1.2639726512e-02    0.0000000000e+00
    1.2649366632e-02    0.0000000000e+00
    1.2659971602e-02    0.0000000000e+00
    1.2669610791e-02    0.0000000000e+00
    1.2679250911e-02    0.0000000000e+00
    1.2689855881e-02    0.0000000000e+00
    1.2699495070e-02    0.0000000000e+00
    1.2709135190e-02    0.0000000000e+00
    1.2719739228e-02    0.0000000000e+00
    1.2729565613e-02    0.0000000000e+00
    1.2739791535e-02    0.0000000000e+00
    1.2749334797e-02    0.0000000000e+00
    1.2759560719e-02    0.0000000000e+00
    1.2769785710e-02    0.0000000000e+00
    1.2779329903e-02    0.0000000000e+00
    1.2789554894e-02    0.0000000000e+00
    1.2799780816e-02    0.0000000000e+00
    1.2809244916e-02    0.0000000000e+00
    1.2819848955e-02    0.0000000000e+00
    1.2829489075e-02    0.0000000000e+00
    1.2839480303e-02    0.0000000000e+00
    1.2849705294e-02    0.0000000000e+00
    1.2859931216e-02    0.0000000000e+00
    1.2869474478e-02    0.0000000000e+00
    1.2879700400e-02    0.0000000000e+00
    1.2889925390e-02    0.0000000000e+00
    1.2899469584e-02    0.0000000000e+00
    1.2909694575e-02    0.0000000000e+00
    1.2919920497e-02    0.0000000000e+00
    1.2929463759e-02    0.0000000000e+00
    1.2939689681e-02    0.0000000000e+00
    1.2949914671e-02    0.0000000000e+00
    1.2959458865e-02    0.0000000000e+00
    1.2969322503e-02    0.0000000000e+00
    1.2979547493e-02    0.0000000000e+00
    1.2989773415e-02    0.0000000000e+00
    1.2999998406e-02    0.0000000000e+00
    1.3009542599e-02    0.0000000000e+00
    1.3019767590e-02    0.0000000000e+00
    1.3029993512e-02    0.0000000000e+00
    1.3039536774e-02    0.0000000000e+00
    1.3049762696e-02    0.0000000000e+00
    1.3059987687e-02    0.0000000000e+00
    1.3069531880e-02    0.0000000000e+00
    1.3079756871e-02    0.0000000000e+00
    1.3089982793e-02    0.0000000000e+00
    1.3099526055e-02    0.0000000000e+00
    1.3109751977e-02    0.0000000000e+00
    1.3119976968e-02    0.0000000000e+00
    1.3129521161e-02    0.0000000000e+00
    1.3139102608e-02    0.0000000000e+00
    1.3149706647e-02    0.0000000000e+00
    1.3159346767e-02    0.0000000000e+00
    1.3169950806e-02    0.0000000000e+00
    1.3179590926e-02    0.0000000000e+00
    1.3189912774e-02    0.0000000000e+00
    1.3199456036e-02    0.0000000000e+00
    1.3209681958e-02    0.0000000000e+00
    1.3219992630e-02    0.0000000000e+00
    1.3229632750e-02    0.0000000000e+00
    1.3239272870e-02    0.0000000000e+00
    1.3249876909e-02    0.0000000000e+00
    1.3259517029e-02    0.0000000000e+00
    1.3269625604e-02    0.0000000000e+00
    1.3279237784e-02    0.0000000000e+00
    1.3289645314e-02    0.0000000000e+00
    1.3299285434e-02    0.0000000000e+00
    1.3309889473e-02    0.0000000000e+00
    1.3319529593e-02    0.0000000000e+00
    1.3329169713e-02    0.0000000000e+00
    1.3339773752e-02    0.0000000000e+00
    1.3349413872e-02    0.0000000000e+00
    1.3359639794e-02    0.0000000000e+00
    1.3369864784e-02    0.0000000000e+00
    1.3379446231e-02    0.0000000000e+00
    1.3389086351e-02    0.0000000000e+00
    1.3399525546e-02    0.0000000000e+00
    1.3409750536e-02    0.0000000000e+00
    1.3419976458e-02    0.0000000000e+00
    1.3429519720e-02    0.0000000000e+00
    1.3439745642e-02    0.0000000000e+00
    1.3449970633e-02    0.0000000000e+00
    1.3459514827e-02    0.0000000000e+00
    1.3469739817e-02    0.0000000000e+00
    1.3479965739e-02    0.0000000000e+00
    1.3489509001e-02    0.0000000000e+00
    1.3499734923e-02    0.0000000000e+00
    1.3509959914e-02    0.0000000000e+00
    1.3519504108e-02    0.0000000000e+00
    1.3529729098e-02    0.0000000000e+00
    1.3539955020e-02    0.0000000000e+00
    1.3549498282e-02    0.0000000000e+00
    1.3559724204e-02    0.0000000000e+00
    1.3569949195e-02    0.0000000000e+00
    1.3579493389e-02    0.0000000000e+00
    1.3589718379e-02    0.0000000000e+00
    1.3599944301e-02    0.0000000000e+00
    1.3609487563e-02    0.0000000000e+00
    1.3619713485e-02    0.0000000000e+00
    1.3629938476e-02    0.0000000000e+00
    1.3639482670e-02    0.0000000000e+00
    1.3649707660e-02    0.0000000000e+00
    1.3659933582e-02    0.0000000000e+00
    1.3669476844e-02    0.0000000000e+00
    1.3679702766e-02    0.0000000000e+00
    1.3689927757e-02    0.0000000000e+00
    1.3699471951e-02    0.0000000000e+00
    1.3709696941e-02    0.0000000000e+00
    1.3719922863e-02    0.0000000000e+00
    1.3729466125e-02    0.0000000000e+00
    1.3739692047e-02    0.0000000000e+00
    1.3749917038e-02    0.0000000000e+00
    1.3759461232e-02    0.0000000000e+00
    1.3769686222e-02    0.0000000000e+00
    1.3779912144e-02    0.0000000000e+00
    1.3789455406e-02    0.0000000000e+00
    1.3799681328e-02    0.0000000000e+00
    1.3809906319e-02    0.0000000000e+00
    1.3819450513e-02    0.0000000000e+00
    1.3829675503e-02    0.0000000000e+00
    1.3839901425e-02    0.0000000000e+00
    1.3849444687e-02    0.0000000000e+00
    1.3859670609e-02    0.0000000000e+00
    1.3869895600e-02    0.0000000000e+00
    1.3879439794e-02    0.0000000000e+00
    1.3889664784e-02    0.0000000000e+00
    1.3899889775e-02    0.0000000000e+00
    1.3909433968e-02    0.0000000000e+00
    1.3919658959e-02    0.0000000000e+00
    1.3929884881e-02    0.0000000000e+00
    1.3939428143e-02    0.0000000000e+00
    1.3949654065e-02    0.0000000000e+00
    1.3959879056e-02    0.0000000000e+00
    1.3969423249e-02    0.0000000000e+00
    1.3979648240e-02    0.0000000000e+00
    1.3989874162e-02    0.0000000000e+00
    1.3999417424e-02    0.0000000000e+00
    1.4009643346e-02    0.0000000000e+00
    1.4019868337e-02    0.0000000000e+00
    1.4029412530e-02    0.0000000000e+00
    1.4039637521e-02    0.0000000000e+00
    1.4049863443e-02    0.0000000000e+00
    1.4059891924e-02    0.0000000000e+00
    1.4069532044e-02    0.0000000000e+00
    1.4079172164e-02    0.0000000000e+00
    1.4089962468e-02    0.0000000000e+00
    1.4099506661e-02    0.0000000000e+00
    1.4109731652e-02    0.0000000000e+00
    1.4119956642e-02    0.0000000000e+00
    1.4129500836e-02    0.0000000000e+00
    1.4139725827e-02    0.0000000000e+00
    1.4149951749e-02    0.0000000000e+00
    1.4159495011e-02    0.0000000000e+00
    1.4169720933e-02    0.0000000000e+00
    1.4179945923e-02    0.0000000000e+00
    1.4189490117e-02    0.0000000000e+00
    1.4199635945e-02    0.0000000000e+00
    1.4209276065e-02    0.0000000000e+00
    1.4219880104e-02    0.0000000000e+00
    1.4229520224e-02    0.0000000000e+00
    1.4239160344e-02    0.0000000000e+00
    1.4249764383e-02    0.0000000000e+00
    1.4259404503e-02    0.0000000000e+00
    1.4269044623e-02    0.0000000000e+00
    1.4279648662e-02    0.0000000000e+00
    1.4289288782e-02    0.0000000000e+00
    1.4299892820e-02    0.0000000000e+00
    1.4309532940e-02    0.0000000000e+00
    1.4319173060e-02    0.0000000000e+00
    1.4329777099e-02    0.0000000000e+00
    1.4339417219e-02    0.0000000000e+00
    1.4349057339e-02    0.0000000000e+00
    1.4359661378e-02    0.0000000000e+00
    1.4369301498e-02    0.0000000000e+00
    1.4379905537e-02    0.0000000000e+00
    1.4389545657e-02    0.0000000000e+00
    1.4399585314e-02    0.0000000000e+00
    1.4409810305e-02    0.0000000000e+00
    1.4419354498e-02    0.0000000000e+00
    1.4429579489e-02    0.0000000000e+00
    1.4439805411e-02    0.0000000000e+00
    1.4449386857e-02    0.0000000000e+00
    1.4459990896e-02    0.0000000000e+00
    1.4469631016e-02    0.0000000000e+00
    1.4479271136e-02    0.0000000000e+00
    1.4489875175e-02    0.0000000000e+00
    1.4499515295e-02    0.0000000000e+00
    1.4509155415e-02    0.0000000000e+00
    1.4519759454e-02    0.0000000000e+00
    1.4529399574e-02    0.0000000000e+00
    1.4539837837e-02    0.0000000000e+00
    1.4549382031e-02    0.0000000000e+00
    1.4559607022e-02    0.0000000000e+00
    1.4569832943e-02    0.0000000000e+00
    1.4579376206e-02    0.0000000000e+00
    1.4589602128e-02    0.0000000000e+00
    1.4599827118e-02    0.0000000000e+00
    1.4609371312e-02    0.0000000000e+00
    1.4619565569e-02    0.0000000000e+00
    1.4629205689e-02    0.0000000000e+00
    1.4639809728e-02    0.0000000000e+00
    1.4649449848e-02    0.0000000000e+00
    1.4659089968e-02    0.0000000000e+00
    1.4669694006e-02    0.0000000000e+00
    1.4679334126e-02    0.0000000000e+00
    1.4689938165e-02    0.0000000000e+00
    1.4699578285e-02    0.0000000000e+00
    1.4709218405e-02    0.0000000000e+00
    1.4719822444e-02    0.0000000000e+00
    1.4729462564e-02    0.0000000000e+00
    1.4739102684e-02    0.0000000000e+00
    1.4749706723e-02    0.0000000000e+00
    1.4759346843e-02    0.0000000000e+00
    1.4769950882e-02    0.0000000000e+00
    1.4779776335e-02    0.0000000000e+00
    1.4789320529e-02    0.0000000000e+00
    1.4799545519e-02    0.0000000000e+00
    1.4809771441e-02    0.0000000000e+00
    1.4819517732e-02    0.0000000000e+00
    1.4829743654e-02    0.0000000000e+00
    1.4839968644e-02    0.0000000000e+00
    1.4849512838e-02    0.0000000000e+00
    1.4859737828e-02    0.0000000000e+00
    1.4869963750e-02    0.0000000000e+00
    1.4879507013e-02    0.0000000000e+00
    1.4889732935e-02    0.0000000000e+00
    1.4899957925e-02    0.0000000000e+00
    1.4909502119e-02    0.0000000000e+00
    1.4919727109e-02    0.0000000000e+00
    1.4929953031e-02    0.0000000000e+00
    1.4939299785e-02    0.0000000000e+00
    1.4949903823e-02    0.0000000000e+00
    1.4959543943e-02    0.0000000000e+00
    1.4969184063e-02    0.0000000000e+00
    1.4979788102e-02    0.0000000000e+00
    1.4989428222e-02    0.0000000000e+00
    1.4999068342e-02    0.0000000000e+00
    1.5009672381e-02    0.0000000000e+00
    1.5019312501e-02    0.0000000000e+00
    1.5029916540e-02    0.0000000000e+00
    1.5039556660e-02    0.0000000000e+00
    1.5049196780e-02    0.0000000000e+00
    1.5059635974e-02    0.0000000000e+00
    1.5069860965e-02    0.0000000000e+00
    1.5079724602e-02    0.0000000000e+00
    1.5089364722e-02    0.0000000000e+00
    1.5099968761e-02    0.0000000000e+00
    1.5109608881e-02    0.0000000000e+00
    1.5119249001e-02    0.0000000000e+00
    1.5129853040e-02    0.0000000000e+00
    1.5139493160e-02    0.0000000000e+00
    1.5149133280e-02    0.0000000000e+00
    1.5159737319e-02    0.0000000000e+00
    1.5169377439e-02    0.0000000000e+00
    1.5179981478e-02    0.0000000000e+00
    1.5189621598e-02    0.0000000000e+00
    1.5199261717e-02    0.0000000000e+00
    1.5209652483e-02    0.0000000000e+00
    1.5219946392e-02    0.0000000000e+00
    1.5229390934e-02    0.0000000000e+00
    1.5239715576e-02    0.0000000000e+00
    1.5249808319e-02    0.0000000000e+00
    1.5259901062e-02    0.0000000000e+00
    1.5269215219e-02    0.0000000000e+00
    1.5279819258e-02    0.0000000000e+00
    1.5289927833e-02    0.0000000000e+00
    1.5299472027e-02    0.0000000000e+00
    1.5309598297e-02    0.0000000000e+00
    1.5319395810e-02    0.0000000000e+00
    1.5329534188e-02    0.0000000000e+00
    1.5339720063e-02    0.0000000000e+00
    1.5349859372e-02    0.0000000000e+00
    1.5359499492e-02    0.0000000000e+00
    1.5369731002e-02    0.0000000000e+00
    1.5379823744e-02    0.0000000000e+00
    1.5389916487e-02    0.0000000000e+00
    1.5399416909e-02    0.0000000000e+00
    1.5409057029e-02    0.0000000000e+00
    1.5419661067e-02    0.0000000000e+00
    1.5429846942e-02    0.0000000000e+00
    1.5439939685e-02    0.0000000000e+00
    1.5449115075e-02    0.0000000000e+00
    1.5459207818e-02    0.0000000000e+00
    1.5469300561e-02    0.0000000000e+00
    1.5479718335e-02    0.0000000000e+00
    1.5489358455e-02    0.0000000000e+00
    1.5499962494e-02    0.0000000000e+00
    1.5509602614e-02    0.0000000000e+00
    1.5519242734e-02    0.0000000000e+00
    1.5529846773e-02    0.0000000000e+00
    1.5539486893e-02    0.0000000000e+00
    1.5549127012e-02    0.0000000000e+00
    1.5559731051e-02    0.0000000000e+00
    1.5569371171e-02    0.0000000000e+00
    1.5579975210e-02    0.0000000000e+00
    1.5589150600e-02    0.0000000000e+00
    1.5599243343e-02    0.0000000000e+00
    1.5609336086e-02    0.0000000000e+00
    1.5619427897e-02    0.0000000000e+00
    1.5629520640e-02    0.0000000000e+00
    1.5639891848e-02    0.0000000000e+00
    1.5649532899e-02    0.0000000000e+00
    1.5659172088e-02    0.0000000000e+00
    1.5669776127e-02    0.0000000000e+00
    1.5679417178e-02    0.0000000000e+00
    1.5689056367e-02    0.0000000000e+00
    1.5699660406e-02    0.0000000000e+00
    1.5709301457e-02    0.0000000000e+00
    1.5719905496e-02    0.0000000000e+00
    1.5729544684e-02    0.0000000000e+00
    1.5739185736e-02    0.0000000000e+00
    1.5749789774e-02    0.0000000000e+00
    1.5759428963e-02    0.0000000000e+00
    1.5769070014e-02    0.0000000000e+00
    1.5779674053e-02    0.0000000000e+00
    1.5789153054e-02    0.0000000000e+00
    1.5799297020e-02    0.0000000000e+00
    1.5809901059e-02    0.0000000000e+00
    1.5819542110e-02    0.0000000000e+00
    1.5829181299e-02    0.0000000000e+00
    1.5839785337e-02    0.0000000000e+00
    1.5849426389e-02    0.0000000000e+00
    1.5859065577e-02    0.0000000000e+00
    1.5869669616e-02    0.0000000000e+00
    1.5879310668e-02    0.0000000000e+00
    1.5889914706e-02    0.0000000000e+00
    1.5899647027e-02    0.0000000000e+00
    1.5909377486e-02    0.0000000000e+00
    1.5919107944e-02    0.0000000000e+00
    1.5928838402e-02    0.0000000000e+00
    1.5939209610e-02    0.0000000000e+00
    1.5949301422e-02    0.0000000000e+00
    1.5959395096e-02    0.0000000000e+00
    1.5969647095e-02    0.0000000000e+00
    1.5979871154e-02    0.0000000000e+00
    1.5989415348e-02    0.0000000000e+00
    1.5999641269e-02    0.0000000000e+00
    1.6009865329e-02    0.0000000000e+00
    1.6019409522e-02    0.0000000000e+00
    1.6029635444e-02    0.0000000000e+00
    1.6039382666e-02    0.0000000000e+00
    1.6049986705e-02    0.0000000000e+00
    1.6059625894e-02    0.0000000000e+00
    1.6069266945e-02    0.0000000000e+00
    1.6079870984e-02    0.0000000000e+00
    1.6089510173e-02    0.0000000000e+00
    1.6099151224e-02    0.0000000000e+00
    1.6109755263e-02    0.0000000000e+00
    1.6119394451e-02    0.0000000000e+00
    1.6129998490e-02    0.0000000000e+00
    1.6139546409e-02    0.0000000000e+00
    1.6149638221e-02    0.0000000000e+00
    1.6159731895e-02    0.0000000000e+00
    1.6169045120e-02    0.0000000000e+00
    1.6179649159e-02    0.0000000000e+00
    1.6189290211e-02    0.0000000000e+00
    1.6199894249e-02    0.0000000000e+00
    1.6209121794e-02    0.0000000000e+00
    1.6218852252e-02    0.0000000000e+00
    1.6229754314e-02    0.0000000000e+00
    1.6239395365e-02    0.0000000000e+00
    1.6249999404e-02    0.0000000000e+00
    1.6259638593e-02    0.0000000000e+00
    1.6269279644e-02    0.0000000000e+00
    1.6279883683e-02    0.0000000000e+00
    1.6289336607e-02    0.0000000000e+00
    1.6299430281e-02    0.0000000000e+00
    1.6309615225e-02    0.0000000000e+00
    1.6319256276e-02    0.0000000000e+00
    1.6329860315e-02    0.0000000000e+00
    1.6339499503e-02    0.0000000000e+00
    1.6349140555e-02    0.0000000000e+00
    1.6359744594e-02    0.0000000000e+00
    1.6369383782e-02    0.0000000000e+00
    1.6379987821e-02    0.0000000000e+00
    1.6389628872e-02    0.0000000000e+00
    1.6399268061e-02    0.0000000000e+00
    1.6409872100e-02    0.0000000000e+00
    1.6419513151e-02    0.0000000000e+00
    1.6429651529e-02    0.0000000000e+00
    1.6439745203e-02    0.0000000000e+00
    1.6449183226e-02    0.0000000000e+00
    1.6458913684e-02    0.0000000000e+00
    1.6469608992e-02    0.0000000000e+00
    1.6479250044e-02    0.0000000000e+00
    1.6489854082e-02    0.0000000000e+00
    1.6499493271e-02    0.0000000000e+00
    1.6509134322e-02    0.0000000000e+00
    1.6519738361e-02    0.0000000000e+00
    1.6529377550e-02    0.0000000000e+00
    1.6539983451e-02    0.0000000000e+00
    1.6549436375e-02    0.0000000000e+00
    1.6559530050e-02    0.0000000000e+00
    1.6569906846e-02    0.0000000000e+00
    1.6579844058e-02    0.0000000000e+00
    1.6589485109e-02    0.0000000000e+00
    1.6599124297e-02    0.0000000000e+00
    1.6609728336e-02    0.0000000000e+00
    1.6619369388e-02    0.0000000000e+00
    1.6629973426e-02    0.0000000000e+00
    1.6639452428e-02    0.0000000000e+00
    1.6649598256e-02    0.0000000000e+00
    1.6659237444e-02    0.0000000000e+00
    1.6669841483e-02    0.0000000000e+00
    1.6679434106e-02    0.0000000000e+00
    1.6689660028e-02    0.0000000000e+00
    1.6699884087e-02    0.0000000000e+00
    1.6709428281e-02    0.0000000000e+00
    1.6719654202e-02    0.0000000000e+00
    1.6729880124e-02    0.0000000000e+00
    1.6739422455e-02    0.0000000000e+00
    1.6749648377e-02    0.0000000000e+00
    1.6759680584e-02    0.0000000000e+00
    1.6769774258e-02    0.0000000000e+00
    1.6779510304e-02    0.0000000000e+00
    1.6789151356e-02    0.0000000000e+00
    1.6799852252e-02    0.0000000000e+00
    1.6809491441e-02    0.0000000000e+00
    1.6819132492e-02    0.0000000000e+00
    1.6829736531e-02    0.0000000000e+00
    1.6839375719e-02    0.0000000000e+00
    1.6849609092e-02    0.0000000000e+00
    1.6859887168e-02    0.0000000000e+00
    1.6868907958e-02    0.0000000000e+00
    1.6879763454e-02    0.0000000000e+00
    1.6889747232e-02    0.0000000000e+00
    1.6899479553e-02    0.0000000000e+00
    1.6909942031e-02    0.0000000000e+00
    1.6919117421e-02    0.0000000000e+00
    1.6929209232e-02    0.0000000000e+00
    1.6939301044e-02    0.0000000000e+00
    1.6949636862e-02    0.0000000000e+00
    1.6959369183e-02    0.0000000000e+00
    1.6969261691e-02    0.0000000000e+00
    1.6979865730e-02    0.0000000000e+00
    1.6989506781e-02    0.0000000000e+00
    1.6999145970e-02    0.0000000000e+00
    1.7009908333e-02    0.0000000000e+00
    1.7019083723e-02    0.0000000000e+00
    1.7029177397e-02    0.0000000000e+00
    1.7039641738e-02    0.0000000000e+00
    1.7049280927e-02    0.0000000000e+00
    1.7059884965e-02    0.0000000000e+00
    1.7069526017e-02    0.0000000000e+00
    1.7079165205e-02    0.0000000000e+00
    1.7089258879e-02    0.0000000000e+00
    1.7099350691e-02    0.0000000000e+00
    1.7109088600e-02    0.0000000000e+00
    1.7119532451e-02    0.0000000000e+00
    1.7129171640e-02    0.0000000000e+00
    1.7139775679e-02    0.0000000000e+00
    1.7149962485e-02    0.0000000000e+00
    1.7159137875e-02    0.0000000000e+00
    1.7169462517e-02    0.0000000000e+00
    1.7179101706e-02    0.0000000000e+00
    1.7189705744e-02    0.0000000000e+00
    1.7199346796e-02    0.0000000000e+00
    1.7209531739e-02    0.0000000000e+00
    1.7219625413e-02    0.0000000000e+00
    1.7229640856e-02    0.0000000000e+00
    1.7239864916e-02    0.0000000000e+00
    1.7249409109e-02    0.0000000000e+00
    1.7259635031e-02    0.0000000000e+00
    1.7269860953e-02    0.0000000000e+00
    1.7279403284e-02    0.0000000000e+00
    1.7289841548e-02    0.0000000000e+00
    1.7299924046e-02    0.0000000000e+00
    1.7309362069e-02    0.0000000000e+00
    1.7319094390e-02    0.0000000000e+00
    1.7328826711e-02    0.0000000000e+00
    1.7339773476e-02    0.0000000000e+00
    1.7349505797e-02    0.0000000000e+00
    1.7359238118e-02    0.0000000000e+00
    1.7368970439e-02    0.0000000000e+00
    1.7379971221e-02    0.0000000000e+00
    1.7389515415e-02    0.0000000000e+00
    1.7399739474e-02    0.0000000000e+00
    1.7409039661e-02    0.0000000000e+00
    1.7419641837e-02    0.0000000000e+00
    1.7429374158e-02    0.0000000000e+00
    1.7439106479e-02    0.0000000000e+00
    1.7448836938e-02    0.0000000000e+00
    1.7459398136e-02    0.0000000000e+00
    1.7469624057e-02    0.0000000000e+00
    1.7479848117e-02    0.0000000000e+00
    1.7489392310e-02    0.0000000000e+00
    1.7499618232e-02    0.0000000000e+00
    1.7509844154e-02    0.0000000000e+00
    1.7519142479e-02    0.0000000000e+00
    1.7529744655e-02    0.0000000000e+00
    1.7539476976e-02    0.0000000000e+00
    1.7549209297e-02    0.0000000000e+00
    1.7558941618e-02    0.0000000000e+00
    1.7569890246e-02    0.0000000000e+00
    1.7579622567e-02    0.0000000000e+00
    1.7589353025e-02    0.0000000000e+00
    1.7599085346e-02    0.0000000000e+00
    1.7608817667e-02    0.0000000000e+00
    1.7619766295e-02    0.0000000000e+00
    1.7629498616e-02    0.0000000000e+00
    1.7639230937e-02    0.0000000000e+00
    1.7648963258e-02    0.0000000000e+00
    1.7659911886e-02    0.0000000000e+00
    1.7669644207e-02    0.0000000000e+00
    1.7679376528e-02    0.0000000000e+00
    1.7689108849e-02    0.0000000000e+00
    1.7698839307e-02    0.0000000000e+00
    1.7709789798e-02    0.0000000000e+00
    1.7719520256e-02    0.0000000000e+00
    1.7729252577e-02    0.0000000000e+00
    1.7738984898e-02    0.0000000000e+00
    1.7749335617e-02    0.0000000000e+00
    1.7759429291e-02    0.0000000000e+00
    1.7769521102e-02    0.0000000000e+00
    1.7779614776e-02    0.0000000000e+00
    1.7789950594e-02    0.0000000000e+00
    1.7799682915e-02    0.0000000000e+00
    1.7809415236e-02    0.0000000000e+00
    1.7819147557e-02    0.0000000000e+00
    1.7829498276e-02    0.0000000000e+00
    1.7839590088e-02    0.0000000000e+00
    1.7849683762e-02    0.0000000000e+00
    1.7859740183e-02    0.0000000000e+00
    1.7869472504e-02    0.0000000000e+00
    1.7879204825e-02    0.0000000000e+00
    1.7889257520e-02    0.0000000000e+00
    1.7899349332e-02    0.0000000000e+00
    1.7909443006e-02    0.0000000000e+00
    1.7919478938e-02    0.0000000000e+00
    1.7929211259e-02    0.0000000000e+00
    1.7939902842e-02    0.0000000000e+00
    1.7949994653e-02    0.0000000000e+00
    1.7959170043e-02    0.0000000000e+00
    1.7969263718e-02    0.0000000000e+00
    1.7979320139e-02    0.0000000000e+00
    1.7989052460e-02    0.0000000000e+00
    1.7999703065e-02    0.0000000000e+00
    1.8009794876e-02    0.0000000000e+00
    1.8019888550e-02    0.0000000000e+00
    1.8029980361e-02    0.0000000000e+00
    1.8039155751e-02    0.0000000000e+00
    1.8049214035e-02    0.0000000000e+00
    1.8059264868e-02    0.0000000000e+00
    1.8069358543e-02    0.0000000000e+00
    1.8079450354e-02    0.0000000000e+00
    1.8089544028e-02    0.0000000000e+00
    1.8099635839e-02    0.0000000000e+00
    1.8109729514e-02    0.0000000000e+00
    1.8119821325e-02    0.0000000000e+00
    1.8129913136e-02    0.0000000000e+00
    1.8139088526e-02    0.0000000000e+00
    1.8149182200e-02    0.0000000000e+00
    1.8159836531e-02    0.0000000000e+00
    1.8169568852e-02    0.0000000000e+00
    1.8179301172e-02    0.0000000000e+00
    1.8189033493e-02    0.0000000000e+00
    1.8199982122e-02    0.0000000000e+00
    1.8209714442e-02    0.0000000000e+00
    1.8219446763e-02    0.0000000000e+00
    1.8229179084e-02    0.0000000000e+00
    1.8238911405e-02    0.0000000000e+00
    1.8249860033e-02    0.0000000000e+00
    1.8259590492e-02    0.0000000000e+00
    1.8269322813e-02    0.0000000000e+00
    1.8279055133e-02    0.0000000000e+00
    1.8289841712e-02    0.0000000000e+00
    1.8299574032e-02    0.0000000000e+00
    1.8309954554e-02    0.0000000000e+00
    1.8319686875e-02    0.0000000000e+00
    1.8329419196e-02    0.0000000000e+00
    1.8339799717e-02    0.0000000000e+00
    1.8349532038e-02    0.0000000000e+00
    1.8359912559e-02    0.0000000000e+00
    1.8369799480e-02    0.0000000000e+00
    1.8379529938e-02    0.0000000000e+00
    1.8389262259e-02    0.0000000000e+00
    1.8398992717e-02    0.0000000000e+00
    1.8409941345e-02    0.0000000000e+00
    1.8419673666e-02    0.0000000000e+00
    1.8429404125e-02    0.0000000000e+00
    1.8439136446e-02    0.0000000000e+00
    1.8448866904e-02    0.0000000000e+00
    1.8459815532e-02    0.0000000000e+00
    1.8469545990e-02    0.0000000000e+00
    1.8479278311e-02    0.0000000000e+00
    1.8489008769e-02    0.0000000000e+00
    1.8499957398e-02    0.0000000000e+00
    1.8509687856e-02    0.0000000000e+00
    1.8519418314e-02    0.0000000000e+00
    1.8529150635e-02    0.0000000000e+00
    1.8538881093e-02    0.0000000000e+00
    1.8549827859e-02    0.0000000000e+00
    1.8559560180e-02    0.0000000000e+00
    1.8569290638e-02    0.0000000000e+00
    1.8579021096e-02    0.0000000000e+00
    1.8589969724e-02    0.0000000000e+00
    1.8599700183e-02    0.0000000000e+00
    1.8609430641e-02    0.0000000000e+00
    1.8619161099e-02    0.0000000000e+00
    1.8628891557e-02    0.0000000000e+00
    1.8639838323e-02    0.0000000000e+00
    1.8649570644e-02    0.0000000000e+00
    1.8659301102e-02    0.0000000000e+00
    1.8669031560e-02    0.0000000000e+00
    1.8679978326e-02    0.0000000000e+00
    1.8689708784e-02    0.0000000000e+00
    1.8699439242e-02    0.0000000000e+00
    1.8709169701e-02    0.0000000000e+00
    1.8718900159e-02    0.0000000000e+00
    1.8729846925e-02    0.0000000000e+00
    1.8739577383e-02    0.0000000000e+00
    1.8749307841e-02    0.0000000000e+00
    1.8759038299e-02    0.0000000000e+00
    1.8769985065e-02    0.0000000000e+00
    1.8779715523e-02    0.0000000000e+00
    1.8789445981e-02    0.0000000000e+00
    1.8799176440e-02    0.0000000000e+00
    1.8808906898e-02    0.0000000000e+00
    1.8819853663e-02    0.0000000000e+00
    1.8829584122e-02    0.0000000000e+00
    1.8839314580e-02    0.0000000000e+00
    1.8849043176e-02    0.0000000000e+00
    1.8859989941e-02    0.0000000000e+00
    1.8869720399e-02    0.0000000000e+00
    1.8879450858e-02    0.0000000000e+00
    1.8889181316e-02    0.0000000000e+00
    1.8898911774e-02    0.0000000000e+00
    1.8909856677e-02    0.0000000000e+00
    1.8919587135e-02    0.0000000000e+00
    1.8929317594e-02    0.0000000000e+00
    1.8939048052e-02    0.0000000000e+00
    1.8949994817e-02    0.0000000000e+00
    1.8959723413e-02    0.0000000000e+00
    1.8969453871e-02    0.0000000000e+00
    1.8979184330e-02    0.0000000000e+00
    1.8988914788e-02    0.0000000000e+00
    1.8999859691e-02    0.0000000000e+00
    1.9009590149e-02    0.0000000000e+00
    1.9019320607e-02    0.0000000000e+00
    1.9029049203e-02    0.0000000000e+00
    1.9039995968e-02    0.0000000000e+00
    1.9049724564e-02    0.0000000000e+00
    1.9059455022e-02    0.0000000000e+00
    1.9069185480e-02    0.0000000000e+00
    1.9078914076e-02    0.0000000000e+00
    1.9089860842e-02    0.0000000000e+00
    1.9099589437e-02    0.0000000000e+00
    1.9109319896e-02    0.0000000000e+00
    1.9119050354e-02    0.0000000000e+00
    1.9129995257e-02    0.0000000000e+00
    1.9139725715e-02    0.0000000000e+00
    1.9149454311e-02    0.0000000000e+00
    1.9159184769e-02    0.0000000000e+00
    1.9168913364e-02    0.0000000000e+00
    1.9179860130e-02    0.0000000000e+00
    1.9189588726e-02    0.0000000000e+00
    1.9199319184e-02    0.0000000000e+00
    1.9209047779e-02    0.0000000000e+00
    1.9219994545e-02    0.0000000000e+00
    1.9229723141e-02    0.0000000000e+00
    1.9239453599e-02    0.0000000000e+00
    1.9249182194e-02    0.0000000000e+00
    1.9258910790e-02    0.0000000000e+00
    1.9269857556e-02    0.0000000000e+00
    1.9279586151e-02    0.0000000000e+00
    1.9289316610e-02    0.0000000000e+00
    1.9299045205e-02    0.0000000000e+00
    1.9309990108e-02    0.0000000000e+00
    1.9319720566e-02    0.0000000000e+00
    1.9329449162e-02    0.0000000000e+00
    1.9339179620e-02    0.0000000000e+00
    1.9348908216e-02    0.0000000000e+00
    1.9359854981e-02    0.0000000000e+00
    1.9369583577e-02    0.0000000000e+00
    1.9379312173e-02    0.0000000000e+00
    1.9389042631e-02    0.0000000000e+00
    1.9399987534e-02    0.0000000000e+00
    1.9409717992e-02    0.0000000000e+00
    1.9419446588e-02    0.0000000000e+00
    1.9429177046e-02    0.0000000000e+00
    1.9438905641e-02    0.0000000000e+00
    1.9449852407e-02    0.0000000000e+00
    1.9459581003e-02    0.0000000000e+00
    1.9469311461e-02    0.0000000000e+00
    1.9479040056e-02    0.0000000000e+00
    1.9489984959e-02    0.0000000000e+00
    1.9499715418e-02    0.0000000000e+00
    1.9509444013e-02    0.0000000000e+00
    1.9519174471e-02    0.0000000000e+00
    1.9528903067e-02    0.0000000000e+00
    1.9539847970e-02    0.0000000000e+00
    1.9549578428e-02    0.0000000000e+00
    1.9559307024e-02    0.0000000000e+00
    1.9569035619e-02    0.0000000000e+00
    1.9579980522e-02    0.0000000000e+00
    1.9589710981e-02    0.0000000000e+00
    1.9599439576e-02    0.0000000000e+00
    1.9609168172e-02    0.0000000000e+00
    1.9618896767e-02    0.0000000000e+00
    1.9629843533e-02    0.0000000000e+00
    1.9639572129e-02    0.0000000000e+00
    1.9649300724e-02    0.0000000000e+00
    1.9659029320e-02    0.0000000000e+00
    1.9669974223e-02    0.0000000000e+00
    1.9679704681e-02    0.0000000000e+00
    1.9689433277e-02    0.0000000000e+00
    1.9699161872e-02    0.0000000000e+00
    1.9708890468e-02    0.0000000000e+00
    1.9719837233e-02    0.0000000000e+00
    1.9729565829e-02    0.0000000000e+00
    1.9739294425e-02    0.0000000000e+00
    1.9749023020e-02    0.0000000000e+00
    1.9759969786e-02    0.0000000000e+00
    1.9769698381e-02    0.0000000000e+00
    1.9779426977e-02    0.0000000000e+00
    1.9789155573e-02    0.0000000000e+00
    1.9798886031e-02    0.0000000000e+00
    1.9809830934e-02    0.0000000000e+00
    1.9819559529e-02    0.0000000000e+00
    1.9829289988e-02    0.0000000000e+00
    1.9839018583e-02    0.0000000000e+00
    1.9849963486e-02    0.0000000000e+00
    1.9859692082e-02    0.0000000000e+00
    1.9869422540e-02    0.0000000000e+00
    1.9879151136e-02    0.0000000000e+00
    1.9888881594e-02    0.0000000000e+00
    1.9899826497e-02    0.0000000000e+00
    1.9909555092e-02    0.0000000000e+00
    1.9919283688e-02    0.0000000000e+00
    1.9929014146e-02    0.0000000000e+00
    1.9939959049e-02    0.0000000000e+00
    1.9949687645e-02    0.0000000000e+00
    1.9959418103e-02    0.0000000000e+00
    1.9969146699e-02    0.0000000000e+00
    1.9978877157e-02    0.0000000000e+00
    1.9989822060e-02    0.0000000000e+00
    1.9999550655e-02    0.0000000000e+00
    2.0009281114e-02    0.0000000000e+00
    2.0019009709e-02    0.0000000000e+00
    2.0029954612e-02    0.0000000000e+00
    2.0039685071e-02    0.0000000000e+00
    2.0049413666e-02    0.0000000000e+00
    2.0059144124e-02    0.0000000000e+00
    2.0068872720e-02    0.0000000000e+00
    2.0079819486e-02    0.0000000000e+00
    2.0089548081e-02    0.0000000000e+00
    2.0099278539e-02    0.0000000000e+00
    2.0109007135e-02    0.0000000000e+00
    2.0119953901e-02    0.0000000000e+00
    2.0129682496e-02    0.0000000000e+00
    2.0139412954e-02    0.0000000000e+00
    2.0149141550e-02    0.0000000000e+00
    2.0158872008e-02    0.0000000000e+00
    2.0169816911e-02    0.0000000000e+00
    2.0179547369e-02    0.0000000000e+00
    2.0189275965e-02    0.0000000000e+00
    2.0199006423e-02    0.0000000000e+00
    2.0209951326e-02    0.0000000000e+00
    2.0219681785e-02    0.0000000000e+00
    2.0229410380e-02    0.0000000000e+00
    2.0239140838e-02    0.0000000000e+00
    2.0248869434e-02    0.0000000000e+00
    2.0259816200e-02    0.0000000000e+00
    2.0269544795e-02    0.0000000000e+00
    2.0279275253e-02    0.0000000000e+00
    2.0289003849e-02    0.0000000000e+00
    2.0299950615e-02    0.0000000000e+00
    2.0309681073e-02    0.0000000000e+00
    2.0319409668e-02    0.0000000000e+00
    2.0329140127e-02    0.0000000000e+00
    2.0338868722e-02    0.0000000000e+00
    2.0349815488e-02    0.0000000000e+00
    2.0359545946e-02    0.0000000000e+00
    2.0369274542e-02    0.0000000000e+00
    2.0379005000e-02    0.0000000000e+00
    2.0389951766e-02    0.0000000000e+00
    2.0399680361e-02    0.0000000000e+00
    2.0409410819e-02    0.0000000000e+00
    2.0419141278e-02    0.0000000000e+00
    2.0428869873e-02    0.0000000000e+00
    2.0439816639e-02    0.0000000000e+00
    2.0449547097e-02    0.0000000000e+00
    2.0459277555e-02    0.0000000000e+00
    2.0469006151e-02    0.0000000000e+00
    2.0479952917e-02    0.0000000000e+00
    2.0489683375e-02    0.0000000000e+00
    2.0499413833e-02    0.0000000000e+00
    2.0509144291e-02    0.0000000000e+00
    2.0518872887e-02    0.0000000000e+00
    2.0529819652e-02    0.0000000000e+00
    2.0539550111e-02    0.0000000000e+00
    2.0549280569e-02    0.0000000000e+00
    2.0559011027e-02    0.0000000000e+00
    2.0569957793e-02    0.0000000000e+00
    2.0579688251e-02    0.0000000000e+00
    2.0589418709e-02    0.0000000000e+00
    2.0599149168e-02    0.0000000000e+00
    2.0608879626e-02    0.0000000000e+00
    2.0619826391e-02    0.0000000000e+00
    2.0629556850e-02    0.0000000000e+00
    2.0639287308e-02    0.0000000000e+00
    2.0649017766e-02    0.0000000000e+00
    2.0659966394e-02    0.0000000000e+00
    2.0669696853e-02    0.0000000000e+00
    2.0679427311e-02    0.0000000000e+00
    2.0689157769e-02    0.0000000000e+00
    2.0698888227e-02    0.0000000000e+00
    2.0709834993e-02    0.0000000000e+00
    2.0719567314e-02    0.0000000000e+00
    2.0729297772e-02    0.0000000000e+00
    2.0739028230e-02    0.0000000000e+00
    2.0749974996e-02    0.0000000000e+00
    2.0759707317e-02    0.0000000000e+00
    2.0769437775e-02    0.0000000000e+00
    2.0779168233e-02    0.0000000000e+00
    2.0788900554e-02    0.0000000000e+00
    2.0799847320e-02    0.0000000000e+00
    2.0809577778e-02    0.0000000000e+00
    2.0819310099e-02    0.0000000000e+00
    2.0829040557e-02    0.0000000000e+00
    2.0839987323e-02    0.0000000000e+00
    2.0849719644e-02    0.0000000000e+00
    2.0859450102e-02    0.0000000000e+00
    2.0869182423e-02    0.0000000000e+00
    2.0878912881e-02    0.0000000000e+00
    2.0889859647e-02    0.0000000000e+00
    2.0899591967e-02    0.0000000000e+00
    2.0909322426e-02    0.0000000000e+00
    2.0919054747e-02    0.0000000000e+00
    2.0928785205e-02    0.0000000000e+00
    2.0939733833e-02    0.0000000000e+00
    2.0949466154e-02    0.0000000000e+00
    2.0959196612e-02    0.0000000000e+00
    2.0968928933e-02    0.0000000000e+00
    2.0979875699e-02    0.0000000000e+00
    2.0989608020e-02    0.0000000000e+00
    2.0999340340e-02    0.0000000000e+00
    2.1009070799e-02    0.0000000000e+00
    2.1018803120e-02    0.0000000000e+00
    2.1029751748e-02    0.0000000000e+00
    2.1039482206e-02    0.0000000000e+00
    2.1049214527e-02    0.0000000000e+00
    2.1058946848e-02    0.0000000000e+00
    2.1069895476e-02    0.0000000000e+00
    2.1079625934e-02    0.0000000000e+00
    2.1089358255e-02    0.0000000000e+00
    2.1099090576e-02    0.0000000000e+00
    2.1108822897e-02    0.0000000000e+00
    2.1119771525e-02    0.0000000000e+00
    2.1129503846e-02    0.0000000000e+00
    2.1139236167e-02    0.0000000000e+00
    2.1148966625e-02    0.0000000000e+00
    2.1159915254e-02    0.0000000000e+00
    2.1169647574e-02    0.0000000000e+00
    2.1179379895e-02    0.0000000000e+00
    2.1189112216e-02    0.0000000000e+00
    2.1198844537e-02    0.0000000000e+00
    2.1209793165e-02    0.0000000000e+00
    2.1219525486e-02    0.0000000000e+00
    2.1229257807e-02    0.0000000000e+00
    2.1238990128e-02    0.0000000000e+00
    2.1249938756e-02    0.0000000000e+00
    2.1259671077e-02    0.0000000000e+00
    2.1269403398e-02    0.0000000000e+00
    2.1279135719e-02    0.0000000000e+00
    2.1288868040e-02    0.0000000000e+00
    2.1299816668e-02    0.0000000000e+00
    2.1309548989e-02    0.0000000000e+00
    2.1319281310e-02    0.0000000000e+00
    2.1329013631e-02    0.0000000000e+00
    2.1339964122e-02    0.0000000000e+00
    2.1349696442e-02    0.0000000000e+00
    2.1359428763e-02    0.0000000000e+00
    2.1369159222e-02    0.0000000000e+00
    2.1378891543e-02    0.0000000000e+00
    2.1389842033e-02    0.0000000000e+00
    2.1399572492e-02    0.0000000000e+00
    2.1409304813e-02    0.0000000000e+00
    2.1419037133e-02    0.0000000000e+00
    2.1429987624e-02    0.0000000000e+00
    2.1439718083e-02    0.0000000000e+00
    2.1449450403e-02    0.0000000000e+00
    2.1459182724e-02    0.0000000000e+00
    2.1468915045e-02    0.0000000000e+00
    2.1479863673e-02    0.0000000000e+00
    2.1489595994e-02    0.0000000000e+00
    2.1499328315e-02    0.0000000000e+00
    2.1509060636e-02    0.0000000000e+00
    2.1518792957e-02    0.0000000000e+00
    2.1529741585e-02    0.0000000000e+00
    2.1539473906e-02    0.0000000000e+00
    2.1549206227e-02    0.0000000000e+00
    2.1558938548e-02    0.0000000000e+00
    2.1569889039e-02    0.0000000000e+00
    2.1579621360e-02    0.0000000000e+00
    2.1589353681e-02    0.0000000000e+00
    2.1599086002e-02    0.0000000000e+00
    2.1608816460e-02    0.0000000000e+00
    2.1619766951e-02    0.0000000000e+00
    2.1629499272e-02    0.0000000000e+00
    2.1639231592e-02    0.0000000000e+00
    2.1648963913e-02    0.0000000000e+00
    2.1659912542e-02    0.0000000000e+00
    2.1669644862e-02    0.0000000000e+00
    2.1679377183e-02    0.0000000000e+00
    2.1689109504e-02    0.0000000000e+00
    2.1698841825e-02    0.0000000000e+00
    2.1709790453e-02    0.0000000000e+00
    2.1719522774e-02    0.0000000000e+00
    2.1729255095e-02    0.0000000000e+00
    2.1738987416e-02    0.0000000000e+00
    2.1749936044e-02    0.0000000000e+00
    2.1759668365e-02    0.0000000000e+00
    2.1769400686e-02    0.0000000000e+00
    2.1779133007e-02    0.0000000000e+00
    2.1788865328e-02    0.0000000000e+00
    2.1799813956e-02    0.0000000000e+00
    2.1809546277e-02    0.0000000000e+00
    2.1819278598e-02    0.0000000000e+00
    2.1829010919e-02    0.0000000000e+00
    2.1839959547e-02    0.0000000000e+00
    2.1849691868e-02    0.0000000000e+00
    2.1859424189e-02    0.0000000000e+00
    2.1869156510e-02    0.0000000000e+00
    2.1878888831e-02    0.0000000000e+00
    2.1889837459e-02    0.0000000000e+00
    2.1899569780e-02    0.0000000000e+00
    2.1909303963e-02    0.0000000000e+00
    2.1919036284e-02    0.0000000000e+00
    2.1929984912e-02    0.0000000000e+00
    2.1939717233e-02    0.0000000000e+00
    2.1949449554e-02    0.0000000000e+00
    2.1959181875e-02    0.0000000000e+00
    2.1968914196e-02    0.0000000000e+00
    2.1979862824e-02    0.0000000000e+00
    2.1989595145e-02    0.0000000000e+00
    2.1999327466e-02    0.0000000000e+00
    2.2009059787e-02    0.0000000000e+00
    2.2018792108e-02    0.0000000000e+00
    2.2029740736e-02    0.0000000000e+00
    2.2039473057e-02    0.0000000000e+00
    2.2049205378e-02    0.0000000000e+00
    2.2058937699e-02    0.0000000000e+00
    2.2069886327e-02    0.0000000000e+00
    2.2079618648e-02    0.0000000000e+00
    2.2089350969e-02    0.0000000000e+00
    2.2099083290e-02    0.0000000000e+00
    2.2108815610e-02    0.0000000000e+00
    2.2119764239e-02    0.0000000000e+00
    2.2129496560e-02    0.0000000000e+00
    2.2139228880e-02    0.0000000000e+00
    2.2148961201e-02    0.0000000000e+00
    2.2159909829e-02    0.0000000000e+00
    2.2169642150e-02    0.0000000000e+00
    2.2179374471e-02    0.0000000000e+00
    2.2189106792e-02    0.0000000000e+00
    2.2198839113e-02    0.0000000000e+00
    2.2209789604e-02    0.0000000000e+00
    2.2219521925e-02    0.0000000000e+00
    2.2229254246e-02    0.0000000000e+00
    2.2238986567e-02    0.0000000000e+00
    2.2249935195e-02    0.0000000000e+00
    2.2259667516e-02    0.0000000000e+00
    2.2269399837e-02    0.0000000000e+00
    2.2279132158e-02    0.0000000000e+00
    2.2288864478e-02    0.0000000000e+00
    2.2299813107e-02    0.0000000000e+00
    2.2309545428e-02    0.0000000000e+00
    2.2319277748e-02    0.0000000000e+00
    2.2329010069e-02    0.0000000000e+00
    2.2339958698e-02    0.0000000000e+00
    2.2349691018e-02    0.0000000000e+00
    2.2359423339e-02    0.0000000000e+00
    2.2369155660e-02    0.0000000000e+00
    2.2378887981e-02    0.0000000000e+00
    2.2389836609e-02    0.0000000000e+00
    2.2399568930e-02    0.0000000000e+00
    2.2409301251e-02    0.0000000000e+00
    2.2419033572e-02    0.0000000000e+00
    2.2429982200e-02    0.0000000000e+00
    2.2439714521e-02    0.0000000000e+00
    2.2449446842e-02    0.0000000000e+00
    2.2459179163e-02    0.0000000000e+00
    2.2468911484e-02    0.0000000000e+00
    2.2479860112e-02    0.0000000000e+00
    2.2489592433e-02    0.0000000000e+00
    2.2499324754e-02    0.0000000000e+00
    2.2509057075e-02    0.0000000000e+00
    2.2518789396e-02    0.0000000000e+00
    2.2529738024e-02    0.0000000000e+00
    2.2539470345e-02    0.0000000000e+00
    2.2549202666e-02    0.0000000000e+00
    2.2558934987e-02    0.0000000000e+00
    2.2569883615e-02    0.0000000000e+00
    2.2579615936e-02    0.0000000000e+00
    2.2589348257e-02    0.0000000000e+00
    2.2599080577e-02    0.0000000000e+00
    2.2608812898e-02    0.0000000000e+00
    2.2619761527e-02    0.0000000000e+00
    2.2629493847e-02    0.0000000000e+00
    2.2639224306e-02    0.0000000000e+00
    2.2648956627e-02    0.0000000000e+00
    2.2659905255e-02    0.0000000000e+00
    2.2669637576e-02    0.0000000000e+00
    2.2679369897e-02    0.0000000000e+00
    2.2689102218e-02    0.0000000000e+00
    2.2698834538e-02    0.0000000000e+00
    2.2709781304e-02    0.0000000000e+00
    2.2719513625e-02    0.0000000000e+00
    2.2729245946e-02    0.0000000000e+00
    2.2738978267e-02    0.0000000000e+00
    2.2749926895e-02    0.0000000000e+00
    2.2759659216e-02    0.0000000000e+00
    2.2769389674e-02    0.0000000000e+00
    2.2779121995e-02    0.0000000000e+00
    2.2788854316e-02    0.0000000000e+00
    2.2799802944e-02    0.0000000000e+00
    2.2809535265e-02    0.0000000000e+00
    2.2819265723e-02    0.0000000000e+00
    2.2828998044e-02    0.0000000000e+00
    2.2839946672e-02    0.0000000000e+00
    2.2849678993e-02    0.0000000000e+00
    2.2859409451e-02    0.0000000000e+00
    2.2869141772e-02    0.0000000000e+00
    2.2878874093e-02    0.0000000000e+00
    2.2889822721e-02    0.0000000000e+00
    2.2899553180e-02    0.0000000000e+00
    2.2909285501e-02    0.0000000000e+00
    2.2919017822e-02    0.0000000000e+00
    2.2929966450e-02    0.0000000000e+00
    2.2939696908e-02    0.0000000000e+00
    2.2949429229e-02    0.0000000000e+00
    2.2959161550e-02    0.0000000000e+00
    2.2968892008e-02    0.0000000000e+00
    2.2979840636e-02    0.0000000000e+00
    2.2989572957e-02    0.0000000000e+00
    2.2999305278e-02    0.0000000000e+00
    2.3009035736e-02    0.0000000000e+00
    2.3019984365e-02    0.0000000000e+00
    2.3029716685e-02    0.0000000000e+00
    2.3039449006e-02    0.0000000000e+00
    2.3049179465e-02    0.0000000000e+00
    2.3058911785e-02    0.0000000000e+00
    2.3069860414e-02    0.0000000000e+00
    2.3079592735e-02    0.0000000000e+00
    2.3089323193e-02    0.0000000000e+00
    2.3099055514e-02    0.0000000000e+00
    2.3108787835e-02    0.0000000000e+00
    2.3119736463e-02    0.0000000000e+00
    2.3129468784e-02    0.0000000000e+00
    2.3139199242e-02    0.0000000000e+00
    2.3148931563e-02    0.0000000000e+00
    2.3159692064e-02    0.0000000000e+00
    2.3169917986e-02    0.0000000000e+00
    2.3179460317e-02    0.0000000000e+00
    2.3189686239e-02    0.0000000000e+00
    2.3199912161e-02    0.0000000000e+00
    2.3209456354e-02    0.0000000000e+00
    2.3219680414e-02    0.0000000000e+00
    2.3229906335e-02    0.0000000000e+00
    2.3239450529e-02    0.0000000000e+00
    2.3249676451e-02    0.0000000000e+00
    2.3259900510e-02    0.0000000000e+00
    2.3269444704e-02    0.0000000000e+00
    2.3279670626e-02    0.0000000000e+00
    2.3289896548e-02    0.0000000000e+00
    2.3299438879e-02    0.0000000000e+00
    2.3309420794e-02    0.0000000000e+00
    2.3319644853e-02    0.0000000000e+00
    2.3329870775e-02    0.0000000000e+00
    2.3339414969e-02    0.0000000000e+00
    2.3349640891e-02    0.0000000000e+00
    2.3359864950e-02    0.0000000000e+00
    2.3369494826e-02    0.0000000000e+00
    2.3379135877e-02    0.0000000000e+00
    2.3389926180e-02    0.0000000000e+00
    2.3399468511e-02    0.0000000000e+00
    2.3409694433e-02    0.0000000000e+00
    2.3419920355e-02    0.0000000000e+00
    2.3429464549e-02    0.0000000000e+00
    2.3439688608e-02    0.0000000000e+00
    2.3449914530e-02    0.0000000000e+00
    2.3459261283e-02    0.0000000000e+00
    2.3469865322e-02    0.0000000000e+00
    2.3479506373e-02    0.0000000000e+00
    2.3489145562e-02    0.0000000000e+00
    2.3499749601e-02    0.0000000000e+00
    2.3509390652e-02    0.0000000000e+00
    2.3519994691e-02    0.0000000000e+00
    2.3529633880e-02    0.0000000000e+00
    2.3539274931e-02    0.0000000000e+00
    2.3549878970e-02    0.0000000000e+00
    2.3558853194e-02    0.0000000000e+00
    2.3569801822e-02    0.0000000000e+00
    2.3579439148e-02    0.0000000000e+00
    2.3589665070e-02    0.0000000000e+00
    2.3599889129e-02    0.0000000000e+00
    2.3609433323e-02    0.0000000000e+00
    2.3619659245e-02    0.0000000000e+00
    2.3629885167e-02    0.0000000000e+00
    2.3639427498e-02    0.0000000000e+00
    2.3649653420e-02    0.0000000000e+00
    2.3659879342e-02    0.0000000000e+00
    2.3669423535e-02    0.0000000000e+00
    2.3679617792e-02    0.0000000000e+00
    2.3689256981e-02    0.0000000000e+00
    2.3699861020e-02    0.0000000000e+00
    2.3708835244e-02    0.0000000000e+00
    2.3719595745e-02    0.0000000000e+00
    2.3729821667e-02    0.0000000000e+00
    2.3739365861e-02    0.0000000000e+00
    2.3749591783e-02    0.0000000000e+00
    2.3759884760e-02    0.0000000000e+00
    2.3769328371e-02    0.0000000000e+00
    2.3779932410e-02    0.0000000000e+00
    2.3789573461e-02    0.0000000000e+00
    2.3799212649e-02    0.0000000000e+00
    2.3809816688e-02    0.0000000000e+00
    2.3819457740e-02    0.0000000000e+00
    2.3829096928e-02    0.0000000000e+00
    2.3839700967e-02    0.0000000000e+00
    2.3849342018e-02    0.0000000000e+00
    2.3859946057e-02    0.0000000000e+00
    2.3869585246e-02    0.0000000000e+00
    2.3879226297e-02    0.0000000000e+00
    2.3889830336e-02    0.0000000000e+00
    2.3899469525e-02    0.0000000000e+00
    2.3909110576e-02    0.0000000000e+00
    2.3919714615e-02    0.0000000000e+00
    2.3929450661e-02    0.0000000000e+00
    2.3939132690e-02    0.0000000000e+00
    2.3949988186e-02    0.0000000000e+00
    2.3959629238e-02    0.0000000000e+00
    2.3969337344e-02    0.0000000000e+00
    2.3979563266e-02    0.0000000000e+00
    2.3989789188e-02    0.0000000000e+00
    2.3999253288e-02    0.0000000000e+00
    2.4009857327e-02    0.0000000000e+00
    2.4019593373e-02    0.0000000000e+00
    2.4029275402e-02    0.0000000000e+00
    2.4039005861e-02    0.0000000000e+00
    2.4049954489e-02    0.0000000000e+00
    2.4059846997e-02    0.0000000000e+00
    2.4069486186e-02    0.0000000000e+00
    2.4079525843e-02    0.0000000000e+00
    2.4089751765e-02    0.0000000000e+00
    2.4099977687e-02    0.0000000000e+00
    2.4109853432e-02    0.0000000000e+00
    2.4119583890e-02    0.0000000000e+00
    2.4129316211e-02    0.0000000000e+00
    2.4139253423e-02    0.0000000000e+00
    2.4149857461e-02    0.0000000000e+00
    2.4158878252e-02    0.0000000000e+00
    2.4169826880e-02    0.0000000000e+00
    2.4179905653e-02    0.0000000000e+00
    2.4189447984e-02    0.0000000000e+00
    2.4199886248e-02    0.0000000000e+00
    2.4209421128e-02    0.0000000000e+00
    2.4219647050e-02    0.0000000000e+00
    2.4229871109e-02    0.0000000000e+00
    2.4239415303e-02    0.0000000000e+00
    2.4249641225e-02    0.0000000000e+00
    2.4259867147e-02    0.0000000000e+00
    2.4269409478e-02    0.0000000000e+00
    2.4279635400e-02    0.0000000000e+00
    2.4289216846e-02    0.0000000000e+00
    2.4299390614e-02    0.0000000000e+00
    2.4309614673e-02    0.0000000000e+00
    2.4319840595e-02    0.0000000000e+00
    2.4329384789e-02    0.0000000000e+00
    2.4339610711e-02    0.0000000000e+00
    2.4349834770e-02    0.0000000000e+00
    2.4359710515e-02    0.0000000000e+00
    2.4369442835e-02    0.0000000000e+00
    2.4379175156e-02    0.0000000000e+00
    2.4388905615e-02    0.0000000000e+00
    2.4399854243e-02    0.0000000000e+00
    2.4409586564e-02    0.0000000000e+00
    2.4419317022e-02    0.0000000000e+00
    2.4429049343e-02    0.0000000000e+00
    2.4439996108e-02    0.0000000000e+00
    2.4449728429e-02    0.0000000000e+00
    2.4459460750e-02    0.0000000000e+00
    2.4469191208e-02    0.0000000000e+00
    2.4478923529e-02    0.0000000000e+00
    2.4489872158e-02    0.0000000000e+00
    2.4499602616e-02    0.0000000000e+00
    2.4509334937e-02    0.0000000000e+00
    2.4519065395e-02    0.0000000000e+00
    2.4528797716e-02    0.0000000000e+00
    2.4539744481e-02    0.0000000000e+00
    2.4549476802e-02    0.0000000000e+00
    2.4559209123e-02    0.0000000000e+00
    2.4568939582e-02    0.0000000000e+00
    2.4579888210e-02    0.0000000000e+00
    2.4589618668e-02    0.0000000000e+00
    2.4599350989e-02    0.0000000000e+00
    2.4609081447e-02    0.0000000000e+00
    2.4618813768e-02    0.0000000000e+00
    2.4629760534e-02    0.0000000000e+00
    2.4639492854e-02    0.0000000000e+00
    2.4649223313e-02    0.0000000000e+00
    2.4658955634e-02    0.0000000000e+00
    2.4669902399e-02    0.0000000000e+00
    2.4679634720e-02    0.0000000000e+00
    2.4689365178e-02    0.0000000000e+00
    2.4699095637e-02    0.0000000000e+00
    2.4708827958e-02    0.0000000000e+00
    2.4719774723e-02    0.0000000000e+00
    2.4729507044e-02    0.0000000000e+00
    2.4739237502e-02    0.0000000000e+00
    2.4748969823e-02    0.0000000000e+00
    2.4759916589e-02    0.0000000000e+00
    2.4769648910e-02    0.0000000000e+00
    2.4779379368e-02    0.0000000000e+00
    2.4789111689e-02    0.0000000000e+00
    2.4798842147e-02    0.0000000000e+00
    2.4809790775e-02    0.0000000000e+00
    2.4819521233e-02    0.0000000000e+00
    2.4829251692e-02    0.0000000000e+00
    2.4838984013e-02    0.0000000000e+00
    2.4849930778e-02    0.0000000000e+00
    2.4859663099e-02    0.0000000000e+00
    2.4869393557e-02    0.0000000000e+00
    2.4879125878e-02    0.0000000000e+00
    2.4888856336e-02    0.0000000000e+00
    2.4899804965e-02    0.0000000000e+00
    2.4909535423e-02    0.0000000000e+00
    2.4919265881e-02    0.0000000000e+00
    2.4928998202e-02    0.0000000000e+00
    2.4939944968e-02    0.0000000000e+00
    2.4949677289e-02    0.0000000000e+00
    2.4959407747e-02    0.0000000000e+00
    2.4969140068e-02    0.0000000000e+00
    2.4978870526e-02    0.0000000000e+00
    2.4989817291e-02    0.0000000000e+00
    2.4999549612e-02    0.0000000000e+00
    2.5009280071e-02    0.0000000000e+00
    2.5019012392e-02    0.0000000000e+00
    2.5029959157e-02    0.0000000000e+00
    2.5039689615e-02    0.0000000000e+00
    2.5049421936e-02    0.0000000000e+00
    2.5059152395e-02    0.0000000000e+00
    2.5068884715e-02    0.0000000000e+00
    2.5079831481e-02    0.0000000000e+00
    2.5089563802e-02    0.0000000000e+00
    2.5099294260e-02    0.0000000000e+00
    2.5109024718e-02    0.0000000000e+00
    2.5119973347e-02    0.0000000000e+00
    2.5129703805e-02    0.0000000000e+00
    2.5139436126e-02    0.0000000000e+00
    2.5149166584e-02    0.0000000000e+00
    2.5158898905e-02    0.0000000000e+00
    2.5169845670e-02    0.0000000000e+00
    2.5179576129e-02    0.0000000000e+00
    2.5189308450e-02    0.0000000000e+00
    2.5199038908e-02    0.0000000000e+00
    2.5209987536e-02    0.0000000000e+00
    2.5219717994e-02    0.0000000000e+00
    2.5229450315e-02    0.0000000000e+00
    2.5239180773e-02    0.0000000000e+00
    2.5248913094e-02    0.0000000000e+00
    2.5259859860e-02    0.0000000000e+00
    2.5269592181e-02    0.0000000000e+00
    2.5279322639e-02    0.0000000000e+00
    2.5289053097e-02    0.0000000000e+00
    2.5298785418e-02    0.0000000000e+00
    2.5309732184e-02    0.0000000000e+00
    2.5319464505e-02    0.0000000000e+00
    2.5329194963e-02    0.0000000000e+00
    2.5338927284e-02    0.0000000000e+00
    2.5349874049e-02    0.0000000000e+00
    2.5359606370e-02    0.0000000000e+00
    2.5369336829e-02    0.0000000000e+00
    2.5379067287e-02    0.0000000000e+00
    2.5388799608e-02    0.0000000000e+00
    2.5399746373e-02    0.0000000000e+00
    2.5409478694e-02    0.0000000000e+00
    2.5419209152e-02    0.0000000000e+00
    2.5428941473e-02    0.0000000000e+00
    2.5439888239e-02    0.0000000000e+00
    2.5449618697e-02    0.0000000000e+00
    2.5459351018e-02    0.0000000000e+00
    2.5469081476e-02    0.0000000000e+00
    2.5478813797e-02    0.0000000000e+00
    2.5489760563e-02    0.0000000000e+00
    2.5499492884e-02    0.0000000000e+00
    2.5509223342e-02    0.0000000000e+00
    2.5518953800e-02    0.0000000000e+00
    2.5529902428e-02    0.0000000000e+00
    2.5539632887e-02    0.0000000000e+00
    2.5549365208e-02    0.0000000000e+00
    2.5559095666e-02    0.0000000000e+00
    2.5568827987e-02    0.0000000000e+00
    2.5579774752e-02    0.0000000000e+00
    2.5589507073e-02    0.0000000000e+00
    2.5599237531e-02    0.0000000000e+00
    2.5608969852e-02    0.0000000000e+00
    2.5619916618e-02    0.0000000000e+00
    2.5629648939e-02    0.0000000000e+00
    2.5639379397e-02    0.0000000000e+00
    2.5649111718e-02    0.0000000000e+00
    2.5658842176e-02    0.0000000000e+00
    2.5669790804e-02    0.0000000000e+00
    2.5679521263e-02    0.0000000000e+00
    2.5689253584e-02    0.0000000000e+00
    2.5698984042e-02    0.0000000000e+00
    2.5709932670e-02    0.0000000000e+00
    2.5719663128e-02    0.0000000000e+00
    2.5729395449e-02    0.0000000000e+00
    2.5739125907e-02    0.0000000000e+00
    2.5748858228e-02    0.0000000000e+00
    2.5759804994e-02    0.0000000000e+00
    2.5769537315e-02    0.0000000000e+00
    2.5779267773e-02    0.0000000000e+00
    2.5789000094e-02    0.0000000000e+00
    2.5799946859e-02    0.0000000000e+00
    2.5809679180e-02    0.0000000000e+00
    2.5819409639e-02    0.0000000000e+00
    2.5829141960e-02    0.0000000000e+00
    2.5838872418e-02    0.0000000000e+00
    2.5849821046e-02    0.0000000000e+00
    2.5859551504e-02    0.0000000000e+00
    2.5869283825e-02    0.0000000000e+00
    2.5879014283e-02    0.0000000000e+00
    2.5889962912e-02    0.0000000000e+00
    2.5899695233e-02    0.0000000000e+00
    2.5909425691e-02    0.0000000000e+00
    2.5919158012e-02    0.0000000000e+00
    2.5928888470e-02    0.0000000000e+00
    2.5939837098e-02    0.0000000000e+00
    2.5949567556e-02    0.0000000000e+00
    2.5959299877e-02    0.0000000000e+00
    2.5969032198e-02    0.0000000000e+00
    2.5979978964e-02    0.0000000000e+00
    2.5989711285e-02    0.0000000000e+00
    2.5999441743e-02    0.0000000000e+00
    2.6009174064e-02    0.0000000000e+00
    2.6018904522e-02    0.0000000000e+00
    2.6029853150e-02    0.0000000000e+00
    2.6039585471e-02    0.0000000000e+00
    2.6049315929e-02    0.0000000000e+00
    2.6059048250e-02    0.0000000000e+00
    2.6069995016e-02    0.0000000000e+00
    2.6079727337e-02    0.0000000000e+00
    2.6089457795e-02    0.0000000000e+00
    2.6099190116e-02    0.0000000000e+00
    2.6108922437e-02    0.0000000000e+00
    2.6119869202e-02    0.0000000000e+00
    2.6129601523e-02    0.0000000000e+00
    2.6139331982e-02    0.0000000000e+00
    2.6149064302e-02    0.0000000000e+00
    2.6158794761e-02    0.0000000000e+00
    2.6169743389e-02    0.0000000000e+00
    2.6179475710e-02    0.0000000000e+00
    2.6189206168e-02    0.0000000000e+00
    2.6198938489e-02    0.0000000000e+00
    2.6209885255e-02    0.0000000000e+00
    2.6219617575e-02    0.0000000000e+00
    2.6229348034e-02    0.0000000000e+00
    2.6239080355e-02    0.0000000000e+00
    2.6248810813e-02    0.0000000000e+00
    2.6259759441e-02    0.0000000000e+00
    2.6269491762e-02    0.0000000000e+00
    2.6279222220e-02    0.0000000000e+00
    2.6288954541e-02    0.0000000000e+00
    2.6299901307e-02    0.0000000000e+00
    2.6309633628e-02    0.0000000000e+00
    2.6319364086e-02    0.0000000000e+00
    2.6329096407e-02    0.0000000000e+00
    2.6338828728e-02    0.0000000000e+00
    2.6349775493e-02    0.0000000000e+00
    2.6359507814e-02    0.0000000000e+00
    2.6369238272e-02    0.0000000000e+00
    2.6378970593e-02    0.0000000000e+00
    2.6389917359e-02    0.0000000000e+00
    2.6399649680e-02    0.0000000000e+00
    2.6409380138e-02    0.0000000000e+00
    2.6419112459e-02    0.0000000000e+00
    2.6428844780e-02    0.0000000000e+00
    2.6439791545e-02    0.0000000000e+00
    2.6449523866e-02    0.0000000000e+00
    2.6459254324e-02    0.0000000000e+00
    2.6468986645e-02    0.0000000000e+00
    2.6479933411e-02    0.0000000000e+00
    2.6489665732e-02    0.0000000000e+00
    2.6499396190e-02    0.0000000000e+00
    2.6509128511e-02    0.0000000000e+00
    2.6518860832e-02    0.0000000000e+00
    2.6529807597e-02    0.0000000000e+00
    2.6539539918e-02    0.0000000000e+00
    2.6549270377e-02    0.0000000000e+00
    2.6559002697e-02    0.0000000000e+00
    2.6569949463e-02    0.0000000000e+00
    2.6579681784e-02    0.0000000000e+00
    2.6589412242e-02    0.0000000000e+00
    2.6599144563e-02    0.0000000000e+00
    2.6608875021e-02    0.0000000000e+00
    2.6619823650e-02    0.0000000000e+00
    2.6629554108e-02    0.0000000000e+00
    2.6639286429e-02    0.0000000000e+00
    2.6649018750e-02    0.0000000000e+00
    2.6659965515e-02    0.0000000000e+00
    2.6669697836e-02    0.0000000000e+00
    2.6679428294e-02    0.0000000000e+00
    2.6689160615e-02    0.0000000000e+00
    2.6698891073e-02    0.0000000000e+00
    2.6709839702e-02    0.0000000000e+00
    2.6719570160e-02    0.0000000000e+00
    2.6729302481e-02    0.0000000000e+00
    2.6739034802e-02    0.0000000000e+00
    2.6749981567e-02    0.0000000000e+00
    2.6759713888e-02    0.0000000000e+00
    2.6769444346e-02    0.0000000000e+00
    2.6779176667e-02    0.0000000000e+00
    2.6788907126e-02    0.0000000000e+00
    2.6799855754e-02    0.0000000000e+00
    2.6809588075e-02    0.0000000000e+00
    2.6819318533e-02    0.0000000000e+00
    2.6829050854e-02    0.0000000000e+00
    2.6839997619e-02    0.0000000000e+00
    2.6849729940e-02    0.0000000000e+00
    2.6859462261e-02    0.0000000000e+00
    2.6869192719e-02    0.0000000000e+00
    2.6878925040e-02    0.0000000000e+00
    2.6889871806e-02    0.0000000000e+00
    2.6899604127e-02    0.0000000000e+00
    2.6909336448e-02    0.0000000000e+00
    2.6919066906e-02    0.0000000000e+00
    2.6928799227e-02    0.0000000000e+00
    2.6939745992e-02    0.0000000000e+00
    2.6949478313e-02    0.0000000000e+00
    2.6959210634e-02    0.0000000000e+00
    2.6968941092e-02    0.0000000000e+00
    2.6979889721e-02    0.0000000000e+00
    2.6989620179e-02    0.0000000000e+00
    2.6999352500e-02    0.0000000000e+00
    2.7009084821e-02    0.0000000000e+00
    2.7018815279e-02    0.0000000000e+00
    2.7029763907e-02    0.0000000000e+00
    2.7039494365e-02    0.0000000000e+00
    2.7049226686e-02    0.0000000000e+00
    2.7058959007e-02    0.0000000000e+00
    2.7069905773e-02    0.0000000000e+00
    2.7079638094e-02    0.0000000000e+00
    2.7089370415e-02    0.0000000000e+00
    2.7099100873e-02    0.0000000000e+00
    2.7108833194e-02    0.0000000000e+00
    2.7119781822e-02    0.0000000000e+00
    2.7129512280e-02    0.0000000000e+00
    2.7139244601e-02    0.0000000000e+00
    2.7148976922e-02    0.0000000000e+00
    2.7159923688e-02    0.0000000000e+00
    2.7169656008e-02    0.0000000000e+00
    2.7179388329e-02    0.0000000000e+00
    2.7189120650e-02    0.0000000000e+00
    2.7198851109e-02    0.0000000000e+00
    2.7209799737e-02    0.0000000000e+00
    2.7219532058e-02    0.0000000000e+00
    2.7229262516e-02    0.0000000000e+00
    2.7238994837e-02    0.0000000000e+00
    2.7249943465e-02    0.0000000000e+00
    2.7259675786e-02    0.0000000000e+00
    2.7269406244e-02    0.0000000000e+00
    2.7279138565e-02    0.0000000000e+00
    2.7288870886e-02    0.0000000000e+00
    2.7299819514e-02    0.0000000000e+00
    2.7309549972e-02    0.0000000000e+00
    2.7319282293e-02    0.0000000000e+00
    2.7329014614e-02    0.0000000000e+00
    2.7339963242e-02    0.0000000000e+00
    2.7349695563e-02    0.0000000000e+00
    2.7359426022e-02    0.0000000000e+00
    2.7369158342e-02    0.0000000000e+00
    2.7378890663e-02    0.0000000000e+00
    2.7389839292e-02    0.0000000000e+00
    2.7399571612e-02    0.0000000000e+00
    2.7409302071e-02    0.0000000000e+00
    2.7419034392e-02    0.0000000000e+00
    2.7429983020e-02    0.0000000000e+00
    2.7439715341e-02    0.0000000000e+00
    2.7449447662e-02    0.0000000000e+00
    2.7459178120e-02    0.0000000000e+00
    2.7468910441e-02    0.0000000000e+00
    2.7479859069e-02    0.0000000000e+00
    2.7489591390e-02    0.0000000000e+00
    2.7499323711e-02    0.0000000000e+00
    2.7509056032e-02    0.0000000000e+00
    2.7518788353e-02    0.0000000000e+00
    2.7529735118e-02    0.0000000000e+00
    2.7539467439e-02    0.0000000000e+00
    2.7549199760e-02    0.0000000000e+00
    2.7558932081e-02    0.0000000000e+00
    2.7569880709e-02    0.0000000000e+00
    2.7579613030e-02    0.0000000000e+00
    2.7589345351e-02    0.0000000000e+00
    2.7599075809e-02    0.0000000000e+00
    2.7608808130e-02    0.0000000000e+00
    2.7619756758e-02    0.0000000000e+00
    2.7629489079e-02    0.0000000000e+00
    2.7639221400e-02    0.0000000000e+00
    2.7648953721e-02    0.0000000000e+00
    2.7659902349e-02    0.0000000000e+00
    2.7669634670e-02    0.0000000000e+00
    2.7679366991e-02    0.0000000000e+00
    2.7689097449e-02    0.0000000000e+00
    2.7698829770e-02    0.0000000000e+00
    2.7709778398e-02    0.0000000000e+00
    2.7719510719e-02    0.0000000000e+00
    2.7729243040e-02    0.0000000000e+00
    2.7738975361e-02    0.0000000000e+00
    2.7749923989e-02    0.0000000000e+00
    2.7759656310e-02    0.0000000000e+00
    2.7769388631e-02    0.0000000000e+00
    2.7779119089e-02    0.0000000000e+00
    2.7788851410e-02    0.0000000000e+00
    2.7799800038e-02    0.0000000000e+00
    2.7809532359e-02    0.0000000000e+00
    2.7819264680e-02    0.0000000000e+00
    2.7828997001e-02    0.0000000000e+00
    2.7839945629e-02    0.0000000000e+00
    2.7849677950e-02    0.0000000000e+00
    2.7859410271e-02    0.0000000000e+00
    2.7869142592e-02    0.0000000000e+00
    2.7878873050e-02    0.0000000000e+00
    2.7889821678e-02    0.0000000000e+00
    2.7899553999e-02    0.0000000000e+00
    2.7909286320e-02    0.0000000000e+00
    2.7919018641e-02    0.0000000000e+00
    2.7929967269e-02    0.0000000000e+00
    2.7939699590e-02    0.0000000000e+00
    2.7949431911e-02    0.0000000000e+00
    2.7959164232e-02    0.0000000000e+00
    2.7968896553e-02    0.0000000000e+00
    2.7979845181e-02    0.0000000000e+00
    2.7989577502e-02    0.0000000000e+00
    2.7999309823e-02    0.0000000000e+00
    2.8009042144e-02    0.0000000000e+00
    2.8019990772e-02    0.0000000000e+00
    2.8029723093e-02    0.0000000000e+00
    2.8039455414e-02    0.0000000000e+00
    2.8049185872e-02    0.0000000000e+00
    2.8058918193e-02    0.0000000000e+00
    2.8069866821e-02    0.0000000000e+00
    2.8079599142e-02    0.0000000000e+00
    2.8089331463e-02    0.0000000000e+00
    2.8099063784e-02    0.0000000000e+00
    2.8108796105e-02    0.0000000000e+00
    2.8119744733e-02    0.0000000000e+00
    2.8129477054e-02    0.0000000000e+00
    2.8139209375e-02    0.0000000000e+00
    2.8148941696e-02    0.0000000000e+00
    2.8159890324e-02    0.0000000000e+00
    2.8169622645e-02    0.0000000000e+00
    2.8179354966e-02    0.0000000000e+00
    2.8189087287e-02    0.0000000000e+00
    2.8198819607e-02    0.0000000000e+00
    2.8209768236e-02    0.0000000000e+00
    2.8219500557e-02    0.0000000000e+00
    2.8229232877e-02    0.0000000000e+00
    2.8238965198e-02    0.0000000000e+00
    2.8249913827e-02    0.0000000000e+00
    2.8259646147e-02    0.0000000000e+00
    2.8269378468e-02    0.0000000000e+00
    2.8279110789e-02    0.0000000000e+00
    2.8288843110e-02    0.0000000000e+00
    2.8299791738e-02    0.0000000000e+00
    2.8309524059e-02    0.0000000000e+00
    2.8319256380e-02    0.0000000000e+00
    2.8328988701e-02    0.0000000000e+00
    2.8339937329e-02    0.0000000000e+00
    2.8349669650e-02    0.0000000000e+00
    2.8359401971e-02    0.0000000000e+00
    2.8369134292e-02    0.0000000000e+00
    2.8378866613e-02    0.0000000000e+00
    2.8389815241e-02    0.0000000000e+00
    2.8399547562e-02    0.0000000000e+00
    2.8409279883e-02    0.0000000000e+00
    2.8419012204e-02    0.0000000000e+00
    2.8429960832e-02    0.0000000000e+00
    2.8439693153e-02    0.0000000000e+00
    2.8449425474e-02    0.0000000000e+00
    2.8459157795e-02    0.0000000000e+00
    2.8468890116e-02    0.0000000000e+00
    2.8479838744e-02    0.0000000000e+00
    2.8489571065e-02    0.0000000000e+00
    2.8499303386e-02    0.0000000000e+00
    2.8509035707e-02    0.0000000000e+00
    2.8519984335e-02    0.0000000000e+00
    2.8529716656e-02    0.0000000000e+00
    2.8539448977e-02    0.0000000000e+00
    2.8549181297e-02    0.0000000000e+00
    2.8558913618e-02    0.0000000000e+00
    2.8569862247e-02    0.0000000000e+00
    2.8579594567e-02    0.0000000000e+00
    2.8589326888e-02    0.0000000000e+00
    2.8599059209e-02    0.0000000000e+00
    2.8608791530e-02    0.0000000000e+00
    2.8619740158e-02    0.0000000000e+00
    2.8629472479e-02    0.0000000000e+00
    2.8639204800e-02    0.0000000000e+00
    2.8648937121e-02    0.0000000000e+00
    2.8659885749e-02    0.0000000000e+00
    2.8669618070e-02    0.0000000000e+00
    2.8679350391e-02    0.0000000000e+00
    2.8689082712e-02    0.0000000000e+00
    2.8698815033e-02    0.0000000000e+00
    2.8709765524e-02    0.0000000000e+00
    2.8719497845e-02    0.0000000000e+00
    2.8729230165e-02    0.0000000000e+00
    2.8738960624e-02    0.0000000000e+00
    2.8749911115e-02    0.0000000000e+00
    2.8759643435e-02    0.0000000000e+00
    2.8769375756e-02    0.0000000000e+00
    2.8779108077e-02    0.0000000000e+00
    2.8788840398e-02    0.0000000000e+00
    2.8799789026e-02    0.0000000000e+00
    2.8809521347e-02    0.0000000000e+00
    2.8819253668e-02    0.0000000000e+00
    2.8828985989e-02    0.0000000000e+00
    2.8839934617e-02    0.0000000000e+00
    2.8849666938e-02    0.0000000000e+00
    2.8859399259e-02    0.0000000000e+00
    2.8869129717e-02    0.0000000000e+00
    2.8878862038e-02    0.0000000000e+00
    2.8889810666e-02    0.0000000000e+00
    2.8899542987e-02    0.0000000000e+00
    2.8909275308e-02    0.0000000000e+00
    2.8919007629e-02    0.0000000000e+00
    2.8929956257e-02    0.0000000000e+00
    2.8939688578e-02    0.0000000000e+00
    2.8949420899e-02    0.0000000000e+00
    2.8959153220e-02    0.0000000000e+00
    2.8968883678e-02    0.0000000000e+00
    2.8979832307e-02    0.0000000000e+00
    2.8989564627e-02    0.0000000000e+00
    2.8999296948e-02    0.0000000000e+00
    2.9009029269e-02    0.0000000000e+00
    2.9019976035e-02    0.0000000000e+00
    2.9029708356e-02    0.0000000000e+00
    2.9039440677e-02    0.0000000000e+00
    2.9049172997e-02    0.0000000000e+00
    2.9058903456e-02    0.0000000000e+00
    2.9069852084e-02    0.0000000000e+00
    2.9079584405e-02    0.0000000000e+00
    2.9089316726e-02    0.0000000000e+00
    2.9099047184e-02    0.0000000000e+00
    2.9109995812e-02    0.0000000000e+00
    2.9119728133e-02    0.0000000000e+00
    2.9129458591e-02    0.0000000000e+00
    2.9139190912e-02    0.0000000000e+00
    2.9148923233e-02    0.0000000000e+00
    2.9159869999e-02    0.0000000000e+00
    2.9169602320e-02    0.0000000000e+00
    2.9179334641e-02    0.0000000000e+00
    2.9189065099e-02    0.0000000000e+00
    2.9198797420e-02    0.0000000000e+00
    2.9209744185e-02    0.0000000000e+00
    2.9219476506e-02    0.0000000000e+00
    2.9229206964e-02    0.0000000000e+00
    2.9238939285e-02    0.0000000000e+00
    2.9249887913e-02    0.0000000000e+00
    2.9259618372e-02    0.0000000000e+00
    2.9269350693e-02    0.0000000000e+00
    2.9279081151e-02    0.0000000000e+00
    2.9288813472e-02    0.0000000000e+00
    2.9299760237e-02    0.0000000000e+00
    2.9309492558e-02    0.0000000000e+00
    2.9319223017e-02    0.0000000000e+00
    2.9328955337e-02    0.0000000000e+00
    2.9339902103e-02    0.0000000000e+00
    2.9349634424e-02    0.0000000000e+00
    2.9359364882e-02    0.0000000000e+00
    2.9369095340e-02    0.0000000000e+00
    2.9378827661e-02    0.0000000000e+00
    2.9389774427e-02    0.0000000000e+00
    2.9399506748e-02    0.0000000000e+00
    2.9409237206e-02    0.0000000000e+00
    2.9418969527e-02    0.0000000000e+00
    2.9429916292e-02    0.0000000000e+00
    2.9439646751e-02    0.0000000000e+00
    2.9449379072e-02    0.0000000000e+00
    2.9459109530e-02    0.0000000000e+00
    2.9468839988e-02    0.0000000000e+00
    2.9479788616e-02    0.0000000000e+00
    2.9489519075e-02    0.0000000000e+00
    2.9499249533e-02    0.0000000000e+00
    2.9508981854e-02    0.0000000000e+00
    2.9519928619e-02    0.0000000000e+00
    2.9529659078e-02    0.0000000000e+00
    2.9539391398e-02    0.0000000000e+00
    2.9549121857e-02    0.0000000000e+00
    2.9558852315e-02    0.0000000000e+00
    2.9569799080e-02    0.0000000000e+00
    2.9579529539e-02    0.0000000000e+00
    2.9589261860e-02    0.0000000000e+00
    2.9598992318e-02    0.0000000000e+00
    2.9609939083e-02    0.0000000000e+00
    2.9619669542e-02    0.0000000000e+00
    2.9629401863e-02    0.0000000000e+00
    2.9639132321e-02    0.0000000000e+00
    2.9648862779e-02    0.0000000000e+00
    2.9659809545e-02    0.0000000000e+00
    2.9669540003e-02    0.0000000000e+00
    2.9679272324e-02    0.0000000000e+00
    2.9689002782e-02    0.0000000000e+00
    2.9699949548e-02    0.0000000000e+00
    2.9709680006e-02    0.0000000000e+00
    2.9719410464e-02    0.0000000000e+00
    2.9729140922e-02    0.0000000000e+00
    2.9738871381e-02    0.0000000000e+00
    2.9749820009e-02    0.0000000000e+00
    2.9759550467e-02    0.0000000000e+00
    2.9769480228e-02    0.0000000000e+00
    2.9779706150e-02    0.0000000000e+00
    2.9789932072e-02    0.0000000000e+00
    2.9799476266e-02    0.0000000000e+00
    2.9809700325e-02    0.0000000000e+00
    2.9819926247e-02    0.0000000000e+00
    2.9829470441e-02    0.0000000000e+00
    2.9839696363e-02    0.0000000000e+00
    2.9849920422e-02    0.0000000000e+00
    2.9859464616e-02    0.0000000000e+00
    2.9869690537e-02    0.0000000000e+00
    2.9879916459e-02    0.0000000000e+00
    2.9889827594e-02    0.0000000000e+00
    2.9899468645e-02    0.0000000000e+00
    2.9909575358e-02    0.0000000000e+00
    2.9919801280e-02    0.0000000000e+00
    2.9929345474e-02    0.0000000000e+00
    2.9939571396e-02    0.0000000000e+00
    2.9949795455e-02    0.0000000000e+00
    2.9959339648e-02    0.0000000000e+00
    2.9969565570e-02    0.0000000000e+00
    2.9979791492e-02    0.0000000000e+00
    2.9989333823e-02    0.0000000000e+00
    2.9999559745e-02    0.0000000000e+00
    3.0000241473e-02    0.0000000000e+00
      3002
    0.0000000000e+00    0.0000000000e+00
    9.7362280940e-06    0.0000000000e+00
    1.9472456188e-05    0.0000000000e+00
    2.9208684282e-05    0.0000000000e+00
    3.8944912376e-05    0.0000000000e+00
    4.9898168072e-05    0.0000000000e+00
    5.9634396166e-05    0.0000000000e+00
    6.9370624260e-05    0.0000000000e+00
    7.9106852354e-05    0.0000000000e+00
    8.8843080448e-05    0.0000000000e+00
    9.9796336144e-05    0.0000000000e+00
    1.0953256424e-04    0.0000000000e+00
    1.1923941929e-04    0.0000000000e+00
    1.2928200886e-04    0.0000000000e+00
    1.3919382764e-04    0.0000000000e+00
    1.4983341680e-04    0.0000000000e+00
    1.5979130694e-04    0.0000000000e+00
    1.6966363182e-04    0.0000000000e+00
    1.7999549164e-04    1.2095073700e+01
    1.8954776169e-04    9.9885215759e+00
    1.9904421060e-04    8.2538919449e+00
    2.0999737899e-04    6.6193242073e+00
    2.1973351249e-04    5.4363355637e+00
    2.2946963145e-04    4.4615850449e+00
    2.3920576496e-04    3.6587712765e+00
    2.4894194212e-04    2.9979884624e+00
    2.5989516871e-04    2.3936376572e+00
    2.6963136042e-04    1.9575281143e+00
    2.7936755214e-04    1.5991672277e+00
    2.8910374385e-04    1.3048645258e+00
    2.9883993557e-04    1.0633323193e+00
    3.0979316216e-04    8.4315615892e-01
    3.1952935387e-04    6.8485820293e-01
    3.2926554559e-04    5.5528551340e-01
    3.3900170820e-04    4.4933393598e-01
    3.4995490569e-04    3.5316270590e-01
    3.5969106830e-04    2.8434848785e-01
    3.6942723091e-04    2.2830022871e-01
    3.7916333531e-04    1.8272019923e-01
    3.8889943971e-04    1.4571651816e-01
    3.9985252079e-04    1.1241117120e-01
    4.0958859609e-04    8.8804200292e-02
    4.1932461318e-04    6.9764934480e-02
    4.2906065937e-04    5.4449576885e-02
    4.3879664736e-04    4.2165849358e-02
    4.4974964112e-04    3.1268008053e-02
    4.5948562911e-04    2.3669645190e-02
    4.6922161710e-04    1.7648251727e-02
    4.7895760508e-04    1.2900866568e-02
    4.8991054064e-04    8.7768202648e-03
    4.9964652862e-04    5.9721875004e-03
    5.0938245840e-04    3.8103705738e-03
    5.1911838818e-04    2.1614616271e-03
    5.2885431796e-04    9.2013424728e-04
    5.3980719531e-04   -9.4596951385e-05
    5.4954312509e-04   -7.3235644959e-04
    5.5927899666e-04   -1.1779426131e-03
    5.6901486823e-04   -1.4745724620e-03
    5.7996774558e-04   -1.6729951603e-03
    5.8970367536e-04   -1.7591965152e-03
    5.9943954693e-04   -1.7828183481e-03
    6.0917536030e-04   -1.7606122419e-03
    6.1891123187e-04   -1.7057150835e-03
    6.2986405101e-04   -1.6175232595e-03
    6.3959986437e-04   -1.5242410591e-03
    6.4933567774e-04   -1.4230788220e-03
    6.5907149110e-04   -1.3184328564e-03
    6.6880724626e-04   -1.2135640718e-03
    6.7976000719e-04   -1.0982418898e-03
    6.8949576234e-04   -9.9990435410e-04
    6.9923145929e-04   -9.0662512230e-04
    7.0896715624e-04   -8.1906956621e-04
    7.1991980076e-04   -7.2784285294e-04
    7.2965549771e-04   -6.5333838575e-04
    7.3939119466e-04   -5.8496638667e-04
    7.4912689161e-04   -5.2254233742e-04
    7.5886253035e-04   -4.6580200433e-04
    7.6981511666e-04   -4.0836766129e-04
    7.7955081360e-04   -3.6261652713e-04
    7.8928645235e-04   -3.2147677848e-04
    7.9902209109e-04   -2.8458383167e-04
    8.0997467740e-04   -2.4771146127e-04
    8.1971025793e-04   -2.1867416217e-04
    8.2944583846e-04   -1.9281622372e-04
    8.3918141900e-04   -1.6983202659e-04
    8.4891694132e-04   -1.4943649876e-04
    8.5986941122e-04   -1.2925815827e-04
    8.6960493354e-04   -1.1351425928e-04
    8.7934039766e-04   -9.9605073046e-05
    8.8907591999e-04   -8.7331587565e-05
    8.9881138410e-04   -7.6513570093e-05
    9.0976385400e-04   -6.5881191404e-05
    9.1949937632e-04   -5.7636385463e-05
    9.2923484044e-04   -5.0391565310e-05
    9.3897036277e-04   -4.4030995923e-05
    9.4992277445e-04   -3.7804114982e-05
    9.5965829678e-04   -3.2993495552e-05
    9.6939376090e-04   -2.8780281355e-05
    9.7912922502e-04   -2.5092838769e-05
    9.8886457272e-04   -2.1867679607e-05
    9.9981692620e-04   -1.8722235836e-05
    1.0095523903e-03   -1.6300922653e-05
    1.0192877380e-03   -1.4187049601e-05
    1.0290229693e-03   -1.2342541595e-05
    1.0399750900e-03   -1.0547859347e-05
    1.0497102048e-03   -9.1694300863e-06
    1.0594453197e-03   -7.9684105003e-06
    1.0691803182e-03   -6.9224079198e-06
    1.0789153166e-03   -6.0117840803e-06
    1.0898672044e-03   -5.1278079809e-06
    1.0996020865e-03   -4.4503744903e-06
    1.1093369685e-03   -3.8613225115e-06
    1.1190717341e-03   -3.3493076899e-06
    1.1288063833e-03   -2.9044124403e-06
    1.1397578055e-03   -2.4733860755e-06
    1.1494923383e-03   -2.1437019768e-06
    1.1592267547e-03   -1.8575261720e-06
    1.1689610546e-03   -1.6091897805e-06
    1.1799120111e-03   -1.3689116258e-06
    1.1896460783e-03   -1.1853587694e-06
    1.1993800290e-03   -1.0262079968e-06
    1.2091139797e-03   -8.8824873501e-07
    1.2188478140e-03   -7.6868735732e-07
    1.2297983048e-03   -6.5315930442e-07
    1.2395319063e-03   -5.6501909285e-07
    1.2492653914e-03   -4.8868616886e-07
    1.2589987600e-03   -4.2259281940e-07
    1.2699486688e-03   -3.5878869653e-07
    1.2796819210e-03   -3.1015471791e-07
    1.2894149404e-03   -2.6807063591e-07
    1.2991479598e-03   -2.3166110452e-07
    1.3088809792e-03   -2.0016665303e-07
    1.3198305387e-03   -1.6979390693e-07
    1.3295634417e-03   -1.4666562720e-07
    1.3392963447e-03   -1.2667018723e-07
    1.3490293641e-03   -1.0938585859e-07
    1.3599788072e-03   -9.2728569712e-08
    1.3697117101e-03   -8.0052664941e-08
    1.3794444967e-03   -6.9100330791e-08
    1.3891771669e-03   -5.9638608718e-08
    1.3989098370e-03   -5.1465885775e-08
    1.4098590473e-03   -4.3595989041e-08
    1.4195917174e-03   -3.7612078785e-08
    1.4293243876e-03   -3.2445839793e-08
    1.4390570577e-03   -2.7986144957e-08
    1.4487897279e-03   -2.4136843635e-08
    1.4597390546e-03   -2.0432882053e-08
    1.4694718411e-03   -1.7618484449e-08
    1.4792046277e-03   -1.5190142477e-08
    1.4889371814e-03   -1.3095143636e-08
    1.4998862753e-03   -1.1080267370e-08
    1.5096187126e-03   -9.5501127007e-09
    1.5193511499e-03   -8.2305380289e-09
    1.5290833544e-03   -7.0927095308e-09
    1.5388155589e-03   -6.1117089167e-09
    1.5497640707e-03   -5.1688502367e-09
    1.5594960423e-03   -4.4532484367e-09
    1.5692280140e-03   -3.8364311727e-09
    1.5789598692e-03   -3.3047908854e-09
    1.5899082646e-03   -2.7939599523e-09
    1.5996401198e-03   -2.4063571136e-09
    1.6093719751e-03   -2.0723489591e-09
    1.6191038303e-03   -1.7845515066e-09
    1.6288358020e-03   -1.5365971828e-09
    1.6397841973e-03   -1.2984652242e-09
    1.6495162854e-03   -1.1178759030e-09
    1.6592483735e-03   -9.6234042957e-10
    1.6689804615e-03   -8.2839518578e-10
    1.6799290897e-03   -6.9980976569e-10
    1.6896612942e-03   -6.0233179555e-10
    1.6993934987e-03   -5.1840132187e-10
    1.7091257032e-03   -4.4613845951e-10
    1.7188580241e-03   -3.8392350410e-10
    1.7298067687e-03   -3.2421307306e-10
    1.7395390896e-03   -2.7895866173e-10
    1.7492715269e-03   -2.4000310073e-10
    1.7590038478e-03   -2.0647222820e-10
    1.7699527089e-03   -1.7430078214e-10
    1.7796851462e-03   -1.4992661279e-10
    1.7894174671e-03   -1.2895255697e-10
    1.7991499044e-03   -1.1090599272e-10
    1.8088822253e-03   -9.5379662501e-11
    1.8198310863e-03   -8.0490031307e-11
    1.8295634072e-03   -6.9214363407e-11
    1.8392956117e-03   -5.9515510575e-11
    1.8490276998e-03   -5.1173419668e-11
    1.8599763280e-03   -4.3175515246e-11
    1.8697082996e-03   -3.7120275603e-11
    1.8794402713e-03   -3.1912878590e-11
    1.8891721265e-03   -2.7434820041e-11
    1.8989038654e-03   -2.3584129441e-11
    1.9098520279e-03   -1.9893232894e-11
    1.9195835339e-03   -1.7099533595e-11
    1.9293149235e-03   -1.4697552203e-11
    1.9390461966e-03   -1.2632452376e-11
    1.9499937771e-03   -1.0653420854e-11
    1.9597248174e-03   -9.1557430040e-12
    1.9694557413e-03   -7.8682919555e-12
    1.9791866653e-03   -6.7616099352e-12
    1.9889173564e-03   -5.8103591383e-12
    1.9998645876e-03   -4.8989792258e-12
    2.0095950458e-03   -4.2094435576e-12
    2.0193257369e-03   -3.6168355637e-12
    2.0290561952e-03   -3.1075513256e-12
    2.0387866534e-03   -2.6698923020e-12
    2.0497331861e-03   -2.2506720879e-12
    2.0594631787e-03   -1.9335648534e-12
    2.0691934042e-03   -1.6610853318e-12
    2.0789231639e-03   -1.4269600042e-12
    2.0898692310e-03   -1.2027298645e-12
    2.0995989908e-03   -1.0331401533e-12
    2.1093285177e-03   -8.8743514490e-13
    2.1190578118e-03   -7.6225446311e-13
    2.1287871059e-03   -6.5471017279e-13
    2.1397322416e-03   -5.5172744628e-13
    2.1494613029e-03   -4.7385207737e-13
    2.1591901314e-03   -4.0695474334e-13
    2.1689187270e-03   -3.4948977848e-13
    2.1798636299e-03   -2.9446998767e-13
    2.1895922255e-03   -2.5287028873e-13
    2.1993205883e-03   -2.1713999956e-13
    2.2090489510e-03   -1.8645211785e-13
    2.2199931554e-03   -1.5707463000e-13
    2.2297215182e-03   -1.3486621217e-13
    2.2394494154e-03   -1.1579402530e-13
    2.2491775453e-03   -9.9415775905e-14
    2.2589054424e-03   -8.5351410455e-14
    2.2698494140e-03   -7.1890152793e-14
    2.2795773111e-03   -6.1715803095e-14
    2.2893052083e-03   -5.2979820373e-14
    2.2990328725e-03   -4.5479103068e-14
    2.3099766113e-03   -3.8301105316e-14
    2.3197045084e-03   -3.2876604678e-14
    2.3294319399e-03   -2.8219603981e-14
    2.3391596042e-03   -2.4221620328e-14
    2.3488872685e-03   -2.0789488566e-14
    2.3598305415e-03   -1.7505531665e-14
    2.3695582058e-03   -1.5024170669e-14
    2.3792856373e-03   -1.2894169951e-14
    2.3890130688e-03   -1.1065823923e-14
    2.3999563418e-03   -9.3166077134e-15
    2.4096837733e-03   -7.9950533566e-15
    2.4194112048e-03   -6.8607661260e-15
    2.4291386362e-03   -5.8872419370e-15
    2.4388658348e-03   -5.0517227086e-15
    2.4498091079e-03   -4.2525026537e-15
    2.4595363066e-03   -3.6487871203e-15
    2.4692635052e-03   -3.1307013239e-15
    2.4789904710e-03   -2.6861119411e-15
    2.4899335112e-03   -2.2608893314e-15
    2.4996602442e-03   -1.9397219664e-15
    2.5093872100e-03   -1.6641382088e-15
    2.5191139430e-03   -1.4276743502e-15
    2.5288406760e-03   -1.2247825367e-15
    2.5397830177e-03   -1.0307567229e-15
    2.5495095178e-03   -8.8423235790e-16
    2.5592360180e-03   -7.5852245119e-16
    2.5689622853e-03   -6.5067308121e-16
    2.5799039286e-03   -5.4754888452e-16
    2.5896299630e-03   -4.6968013983e-16
    2.5993557647e-03   -4.0287896585e-16
    2.6090813335e-03   -3.4557316357e-16
    2.6188069023e-03   -2.9641372712e-16
    2.6297480799e-03   -2.4941216004e-16
    2.6394736487e-03   -2.1392427211e-16
    2.6491992176e-03   -1.8348246385e-16
    2.6589247864e-03   -1.5736965570e-16
    2.6698659640e-03   -1.3240469630e-16
    2.6795913000e-03   -1.1355662504e-16
    2.6893168688e-03   -9.7389823337e-17
    2.6990422048e-03   -8.3523152837e-17
    2.7099833824e-03   -7.0267212944e-17
    2.7197087184e-03   -6.0260120859e-17
    2.7294342872e-03   -5.1677288206e-17
    2.7391596232e-03   -4.4316131834e-17
    2.7488851920e-03   -3.8002861098e-17
    2.7598263696e-03   -3.1968204643e-17
    2.7695517056e-03   -2.7412985530e-17
    2.7792772744e-03   -2.3506439799e-17
    2.7890026104e-03   -2.0156255748e-17
    2.7999435551e-03   -1.6954188311e-17
    2.8096688911e-03   -1.4537336961e-17
    2.8193939943e-03   -1.2464821047e-17
    2.8291193303e-03   -1.0687616883e-17
    2.8388442006e-03   -9.1636706076e-18
    2.8497849125e-03   -7.7072479128e-18
    2.8595097829e-03   -6.6080745984e-18
    2.8692344204e-03   -5.6655800454e-18
    2.8789590579e-03   -4.8574415442e-18
    2.8898990713e-03   -4.0851563594e-18
    2.8996234760e-03   -3.5023426841e-18
    2.9093476478e-03   -3.0026346043e-18
    2.9190715868e-03   -2.5741893750e-18
    2.9287952930e-03   -2.2068506659e-18
    2.9397343751e-03   -1.8558400884e-18
    2.9494578484e-03   -1.5909692049e-18
    2.9591810890e-03   -1.3638847589e-18
    2.9689040966e-03   -1.1691978756e-18
    2.9798424803e-03   -9.8317333100e-19
    2.9895652551e-03   -8.4280533054e-19
    2.9995348305e-03   -7.1964511667e-19
    3.0099158175e-03   -6.1047676625e-19
    3.0192330014e-03   -5.2666491374e-19
    3.0289555434e-03   -4.5144188431e-19
    3.0398932286e-03   -3.7957175395e-19
    3.0493421946e-03   -3.2676113153e-19
    3.0599927995e-03   -2.7598333131e-19
    3.0697151087e-03   -2.3654922751e-19
    3.0794376507e-03   -2.0274690537e-19
    3.0891599599e-03   -1.7377244872e-19
    3.0992042739e-03   -1.4817786498e-19
    3.1098790932e-03   -1.2509332204e-19
    3.1196014024e-03   -1.0721127340e-19
    3.1293237116e-03   -9.1883894527e-20
    3.1390462536e-03   -7.8746360006e-20
    3.1499839388e-03   -6.6196595473e-20
    3.1591588631e-03   -5.7224548647e-20
    3.1691899057e-03   -4.8800053381e-20
    3.1789124478e-03   -4.1819356639e-20
    3.1898501329e-03   -3.5151557118e-20
    3.1995726749e-03   -3.0122095430e-20
    3.2095913775e-03   -2.5690683709e-20
    3.2198168337e-03   -2.1838973732e-20
    3.2293605618e-03   -1.8766589061e-20
    3.2393413130e-03   -1.6014643174e-20
    3.2499367371e-03   -1.3533203118e-20
    3.2596590463e-03   -1.1595833033e-20
    3.2693813555e-03   -9.9356637718e-21
    3.2795204315e-03   -8.4568288187e-21
    3.2892569434e-03   -7.2441933498e-21
    3.2989303581e-03   -6.2115536746e-21
    3.3098678105e-03   -5.2200290765e-21
    3.3195901196e-03   -4.4722775937e-21
    3.3299319912e-03   -3.7939806056e-21
    3.3392466139e-03   -3.2715142668e-21
    3.3496879041e-03   -2.7708248309e-21
    3.3594099805e-03   -2.3737262361e-21
    3.3691322897e-03   -2.0334991358e-21
    3.3788543660e-03   -1.7420050096e-21
    3.3895403612e-03   -1.4695447213e-21
    3.3990000375e-03   -1.2641148402e-21
    3.4099372569e-03   -1.0620975841e-21
    3.4196593333e-03   -9.0977952426e-22
    3.4293816425e-03   -7.7929092435e-22
    3.4391037188e-03   -6.6750511840e-22
    3.4488260280e-03   -5.7174331150e-22
    3.4597876947e-03   -4.8013447230e-22
    3.4690557513e-03   -4.1422195036e-22
    3.4797897097e-03   -3.4910086417e-22
    3.4895120189e-03   -2.9899173789e-22
    3.4992343280e-03   -2.5606939952e-22
    3.5089568701e-03   -2.1930376079e-22
    3.5198945552e-03   -1.8420783137e-22
    3.5296173301e-03   -1.5775177163e-22
    3.5393398721e-03   -1.3509208923e-22
    3.5490624141e-03   -1.1568450800e-22
    3.5592052154e-03   -9.8401083057e-23
    3.5698094871e-03   -8.3083833969e-23
    3.5788256209e-03   -7.1949396769e-23
    3.5897637717e-03   -6.0423564653e-23
    3.5994867794e-03   -5.1736805069e-23
    3.6092095543e-03   -4.4297890909e-23
    3.6189323291e-03   -3.7927719193e-23
    3.6298704799e-03   -3.1848611907e-23
    3.6395932548e-03   -2.7267387397e-23
    3.6493162625e-03   -2.3344614040e-23
    3.6590388045e-03   -1.9985724769e-23
    3.6699769553e-03   -1.6780603422e-23
    3.6796997301e-03   -1.4365437919e-23
    3.6894222721e-03   -1.2297577895e-23
    3.6991448142e-03   -1.0527117644e-23
    3.7088673562e-03   -9.0113222034e-24
    3.7198050413e-03   -7.5650956173e-24
    3.7295273505e-03   -6.4754558539e-24
    3.7392496597e-03   -5.5426227059e-24
    3.7489717361e-03   -4.7440493452e-24
    3.7599091884e-03   -3.9822077149e-24
    3.7696312647e-03   -3.4082668357e-24
    3.7793533411e-03   -2.9169672221e-24
    3.7890751846e-03   -2.4964191627e-24
    3.7987970281e-03   -2.1364433934e-24
    3.8097342476e-03   -1.7930705824e-24
    3.8194560912e-03   -1.5344231089e-24
    3.8291779347e-03   -1.3130474396e-24
    3.8397295866e-03   -1.1087292111e-24
    3.8499550428e-03   -9.4108078739e-25
    3.8594987709e-03   -8.0753605316e-25
    3.8697242271e-03   -6.8538641471e-25
    3.8795999717e-03   -5.8496575268e-25
    3.8893215824e-03   -5.0047958790e-25
    3.8990431931e-03   -4.2818285252e-25
    3.9099799469e-03   -3.5924203003e-25
    3.9194505662e-03   -3.0857036330e-25
    3.9290906861e-03   -2.6431741123e-25
    3.9396947250e-03   -2.2292558371e-25
    3.9493348449e-03   -1.9094360955e-25
    3.9588529617e-03   -1.6386630410e-25
    3.9697894827e-03   -1.3745476028e-25
    3.9795110933e-03   -1.1757037485e-25
    3.9892327040e-03   -1.0055966179e-25
    3.9989543147e-03   -8.6007754211e-26
    4.0098908357e-03   -7.2135869386e-26
    4.0196124464e-03   -6.1693520368e-26
    4.0293340571e-03   -5.2761353109e-26
    4.0390556678e-03   -4.5121179775e-26
    4.0493970737e-03   -3.8203264067e-26
    4.0594898164e-03   -3.2474778040e-26
    4.0695825592e-03   -2.7604455582e-26
    4.0796753019e-03   -2.3463867980e-26
    4.0897675790e-03   -1.9943781109e-26
    4.0998603217e-03   -1.6951298895e-26
    4.1099530645e-03   -1.4407415069e-26
    4.1191279888e-03   -1.2427334137e-26
    4.1292207316e-03   -1.0561771311e-26
    4.1393134743e-03   -8.9759929507e-27
    4.1494062170e-03   -7.6280792642e-27
    4.1594989598e-03   -6.4823874515e-27
    4.1695912369e-03   -5.5086114641e-27
    4.1796839796e-03   -4.6809823595e-27
    4.1897767223e-03   -3.9775876770e-27
    4.1998694651e-03   -3.3797955853e-27
    4.2090066709e-03   -2.9163831369e-27
    4.2199436575e-03   -2.4443989521e-27
    4.2296657339e-03   -2.0893244927e-27
    4.2393873446e-03   -1.7857767483e-27
    4.2491094209e-03   -1.5262837846e-27
    4.2588310316e-03   -1.3044577736e-27
    4.2699784972e-03   -1.0894491694e-27
    4.2796186171e-03   -9.3228201928e-28
    4.2892587371e-03   -7.9776592380e-28
    4.2999512516e-03   -6.7112235586e-28
    4.3096733280e-03   -5.7349792994e-28
    4.3193949386e-03   -4.9006235955e-28
    4.3299989775e-03   -4.1282245765e-28
    4.3392674997e-03   -3.5534498032e-28
    4.3495460413e-03   -3.0090365932e-28
    4.3594199233e-03   -2.5646971105e-28
    4.3696453795e-03   -2.1735299055e-28
    4.3796771206e-03   -1.8477647535e-28
    4.3890937231e-03   -1.5864977917e-28
    4.3994709849e-03   -1.3411215575e-28
    4.4098370709e-03   -1.1338636899e-28
    4.4192965142e-03   -9.7278841862e-29
    4.4290190563e-03   -8.3103070617e-29
    4.4399565086e-03   -6.9606683198e-29
    4.4496785849e-03   -5.9459782859e-29
    4.4594011270e-03   -5.0790534215e-29
    4.4691232033e-03   -4.3383982419e-29
    4.4795172289e-03   -3.6655035972e-29
    4.4892537408e-03   -3.1300809291e-29
    4.4998577796e-03   -2.6354428368e-29
    4.5094978996e-03   -2.2538810569e-29
    4.5192344114e-03   -1.9244969321e-29
    4.5289709233e-03   -1.6432026762e-29
    4.5398599468e-03   -1.3769822828e-29
    4.5497510582e-03   -1.1726966367e-29
    4.5592286624e-03   -1.0054275897e-29
    4.5697116293e-03   -8.4803954143e-30
    4.5789377764e-03   -7.3001878013e-30
    4.5898756944e-03   -6.1117543610e-30
    4.5997835696e-03   -5.2029746002e-30
    4.6090823598e-03   -4.4732611853e-30
    4.6197208576e-03   -3.7629936443e-30
    4.6291984618e-03   -3.2256994388e-30
    4.6391859651e-03   -2.7422219977e-30
    4.6496279538e-03   -2.3140172414e-30
    4.6597705223e-03   -1.9621458909e-30
    4.6692481264e-03   -1.6818407053e-30
    4.6794386581e-03   -1.4249392362e-30
    4.6891616657e-03   -1.2164652190e-30
    4.6998076141e-03   -1.0230025468e-30
    4.7092852183e-03   -8.7679897933e-31
    4.7198892571e-03   -7.3782926301e-31
    4.7295293771e-03   -6.3069235689e-31
    4.7390488908e-03   -5.4016086012e-31
    4.7498322092e-03   -4.5319595428e-31
    4.7598928213e-03   -3.8472719343e-31
    4.7695329413e-03   -3.2883951353e-31
    4.7790524550e-03   -2.8161644950e-31
    4.7890846618e-03   -2.3916718558e-31
    4.7999825329e-03   -2.0026829076e-31
    4.8096221872e-03   -1.7116272150e-31
    4.8198550940e-03   -1.4487860904e-31
    4.8290761188e-03   -1.2466541944e-31
    4.8396806233e-03   -1.0487956906e-31
    4.8492006026e-03   -8.9804271307e-32
    4.8598661087e-03   -7.5471874233e-32
    4.8699490726e-03   -6.4030182337e-32
    4.8795891926e-03   -5.4715529836e-32
    4.8891096376e-03   -4.6846021274e-32
    4.8988345079e-03   -3.9973728651e-32
    4.9097752199e-03   -3.3438608950e-32
    4.9195000902e-03   -2.8531240357e-32
    4.9296859652e-03   -2.4160821421e-32
    4.9393260852e-03   -2.0642237691e-32
    4.9499301240e-03   -1.7360001793e-32
    4.9595702440e-03   -1.4830796393e-32
    4.9698036164e-03   -1.2547419188e-32
    4.9798502587e-03   -1.0647578606e-32
    4.9889883958e-03   -9.1701673473e-33
    4.9999300390e-03   -7.6680574830e-33
    5.0094039179e-03   -6.5674237552e-33
    5.0193425268e-03   -5.5819308011e-33
    5.0290683284e-03   -4.7607120806e-33
    5.0399242900e-03   -3.9857461239e-33
    5.0495644100e-03   -3.4038587879e-33
    5.0588338636e-03   -2.9245078036e-33
    5.0699841231e-03   -2.4363435505e-33
    5.0789592788e-03   -2.1032139616e-33
    5.0899009220e-03   -1.7579872502e-33
    5.0996271893e-03   -1.4989324480e-33
    5.1093529910e-03   -1.2780019582e-33
    5.1197912544e-03   -1.0769391596e-33
    5.1294313744e-03   -9.1943173277e-34
    5.1390714943e-03   -7.8493277118e-34
    5.1490534097e-03   -6.6633728388e-34
    5.1599955186e-03   -5.5679700608e-34
    5.1697217859e-03   -4.7462535919e-34
    5.1794480532e-03   -4.0456750300e-34
    5.1891747862e-03   -3.4483928046e-34
    5.1989010535e-03   -2.9391934474e-34
    5.2098431624e-03   -2.4555512200e-34
    5.2199130878e-03   -2.0810302251e-34
    5.2294139750e-03   -1.7801580838e-34
    5.2388925105e-03   -1.5232922495e-34
    5.2498350851e-03   -1.2724477244e-34
    5.2595618181e-03   -1.0843399297e-34
    5.2692885511e-03   -9.2401380746e-35
    5.2798925899e-03   -7.7608725654e-35
    5.2893711254e-03   -6.6400651046e-35
    5.2990983240e-03   -5.6577995254e-35
    5.3088250570e-03   -4.8207000368e-35
    5.3196810186e-03   -4.0316933627e-35
    5.3293211386e-03   -3.4399002597e-35
    5.3397640586e-03   -2.8963463339e-35
    5.3494912572e-03   -2.4675147449e-35
    5.3592184559e-03   -2.1021132156e-35
    5.3696143441e-03   -1.7711498539e-35
    5.3792544641e-03   -1.5109519121e-35
    5.3899493068e-03   -1.2667264591e-35
    5.3996765055e-03   -1.0790129113e-35
    5.4094041698e-03   -9.1908943031e-36
    5.4195481353e-03   -7.7748748957e-36
    5.4291882552e-03   -6.6317145317e-36
    5.4397922941e-03   -5.5672008668e-36
    5.4494324140e-03   -4.7483496653e-36
    5.4590725340e-03   -4.0498194655e-36
    5.4690553807e-03   -3.4344524059e-36
    5.4799998179e-03   -2.8666285109e-36
    5.4897279479e-03   -2.4411308015e-36
    5.4994560778e-03   -2.0787217462e-36
    5.5091842078e-03   -1.7700565451e-36
    5.5198767222e-03   -1.4833492650e-36
    5.5295168422e-03   -1.2648470600e-36
    5.5391569622e-03   -1.0784956191e-36
    5.5497610010e-03   -9.0502419629e-37
    5.5594011210e-03   -7.7163215161e-37
    5.5695404299e-03   -6.5246891395e-37
    5.5798958056e-03   -5.4971701129e-37
    5.5890758522e-03   -4.7222619272e-37
    5.5996798910e-03   -3.9619716388e-37
    5.6089516729e-03   -3.3981200774e-37
    5.6198975071e-03   -2.8347386797e-37
    5.6296265684e-03   -2.4127875334e-37
    5.6393560953e-03   -2.0535735283e-37
    5.6490860879e-03   -1.7477792627e-37
    5.6588156149e-03   -1.4874695758e-37
    5.6697619148e-03   -1.2406157173e-37
    5.6794914417e-03   -1.0557666253e-37
    5.6892214343e-03   -8.9843073949e-38
    5.6989518926e-03   -7.6451772567e-38
    5.7098981924e-03   -6.3754724891e-38
    5.7196281850e-03   -5.4248405792e-38
    5.7293586433e-03   -4.6158152041e-38
    5.7390891016e-03   -3.9273222361e-38
    5.7488195598e-03   -3.3414228129e-38
    5.7597663254e-03   -2.7859926629e-38
    5.7691996917e-03   -2.3819596398e-38
    5.7798037305e-03   -1.9972304839e-38
    5.7894438505e-03   -1.7016300761e-38
    5.7990839705e-03   -1.4497435943e-38
    5.8093206026e-03   -1.2229235394e-38
    5.8190519921e-03    0.0000000000e+00
    5.8299992234e-03    0.0000000000e+00
    5.8397306129e-03    0.0000000000e+00
    5.8494620025e-03    0.0000000000e+00
    5.8591933921e-03    0.0000000000e+00
    5.8689247817e-03    0.0000000000e+00
    5.8798729442e-03    0.0000000000e+00
    5.8896252885e-03    0.0000000000e+00
    5.8993836865e-03    0.0000000000e+00
    5.9093218297e-03    0.0000000000e+00
    5.9197656810e-03    0.0000000000e+00
    5.9294975363e-03    0.0000000000e+00
    5.9392293915e-03    0.0000000000e+00
    5.9489612468e-03    0.0000000000e+00
    5.9599098749e-03    0.0000000000e+00
    5.9696417302e-03    0.0000000000e+00
    5.9793735854e-03    0.0000000000e+00
    5.9891059063e-03    0.0000000000e+00
    5.9988377616e-03    0.0000000000e+00
    6.0097863898e-03    0.0000000000e+00
    6.0195187107e-03    0.0000000000e+00
    6.0299625620e-03    0.0000000000e+00
    6.0396948829e-03    0.0000000000e+00
    6.0494272038e-03    0.0000000000e+00
    6.0591595247e-03    0.0000000000e+00
    6.0688918456e-03    0.0000000000e+00
    6.0798409395e-03    0.0000000000e+00
    6.0895737261e-03    0.0000000000e+00
    6.0993060470e-03    0.0000000000e+00
    6.1090388335e-03    0.0000000000e+00
    6.1196428724e-03    0.0000000000e+00
    6.1291693710e-03    0.0000000000e+00
    6.1395405792e-03    0.0000000000e+00
    6.1489595100e-03    0.0000000000e+00
    6.1592012644e-03    0.0000000000e+00
    6.1688837595e-03    0.0000000000e+00
    6.1798333190e-03    0.0000000000e+00
    6.1895661056e-03    0.0000000000e+00
    6.1997575685e-03    0.0000000000e+00
    6.2093976885e-03    0.0000000000e+00
    6.2190378085e-03    0.0000000000e+00
    6.2296418473e-03    0.0000000000e+00
    6.2392819673e-03    0.0000000000e+00
    6.2499823980e-03    0.0000000000e+00
    6.2590995803e-03    0.0000000000e+00
    6.2696863897e-03    0.0000000000e+00
    6.2792589888e-03    0.0000000000e+00
    6.2897489406e-03    0.0000000000e+00
    6.2993247993e-03    0.0000000000e+00
    6.3097849488e-03    0.0000000000e+00
    6.3197277486e-03    0.0000000000e+00
    6.3295355067e-03    0.0000000000e+00
    6.3391756266e-03    0.0000000000e+00
    6.3494206406e-03    0.0000000000e+00
    6.3594491221e-03    0.0000000000e+00
    6.3693942502e-03    0.0000000000e+00
    6.3795489259e-03    0.0000000000e+00
    6.3896807842e-03    0.0000000000e+00
    6.3995048404e-03    0.0000000000e+00
    6.4094830304e-03    0.0000000000e+00
    6.4192656428e-03    0.0000000000e+00
    6.4291022718e-03    0.0000000000e+00
    6.4390413463e-03    0.0000000000e+00
    6.4490670338e-03    0.0000000000e+00
    6.4597674645e-03    0.0000000000e+00
    6.4692813903e-03    0.0000000000e+00
    6.4797597006e-03    0.0000000000e+00
    6.4894757234e-03    0.0000000000e+00
    6.4997998998e-03    0.0000000000e+00
    6.5092272125e-03    0.0000000000e+00
    6.5196673386e-03    0.0000000000e+00
    6.5291328356e-03    0.0000000000e+00
    6.5392060205e-03    0.0000000000e+00
    6.5499339253e-03    0.0000000000e+00
    6.5589160658e-03    0.0000000000e+00
    6.5691838972e-03    0.0000000000e+00
    6.5796221606e-03    0.0000000000e+00
    6.5890662372e-03    0.0000000000e+00
    6.5998048522e-03    0.0000000000e+00
    6.6095995717e-03    0.0000000000e+00
    6.6199903376e-03    0.0000000000e+00
    6.6296304576e-03    0.0000000000e+00
    6.6398563795e-03    0.0000000000e+00
    6.6489642486e-03    0.0000000000e+00
    6.6593927331e-03    0.0000000000e+00
    6.6696633585e-03    0.0000000000e+00
    6.6792499274e-03    0.0000000000e+00
    6.6895354539e-03    0.0000000000e+00
    6.6993096843e-03    0.0000000000e+00
    6.7095351405e-03    0.0000000000e+00
    6.7194621079e-03    0.0000000000e+00
    6.7299571820e-03    0.0000000000e+00
    6.7397607490e-03    0.0000000000e+00
    6.7494008690e-03    0.0000000000e+00
    6.7590409890e-03    0.0000000000e+00
    6.7699807696e-03    0.0000000000e+00
    6.7797955126e-03    0.0000000000e+00
    6.7899795249e-03    0.0000000000e+00
    6.7994440906e-03    0.0000000000e+00
    6.8093710579e-03    0.0000000000e+00
    6.8191075698e-03    0.0000000000e+00
    6.8292967044e-03    0.0000000000e+00
    6.8395347334e-03    0.0000000000e+00
    6.8496479653e-03    0.0000000000e+00
    6.8596834317e-03    0.0000000000e+00
    6.8698246032e-03    0.0000000000e+00
    6.8794647232e-03    0.0000000000e+00
    6.8895001896e-03    0.0000000000e+00
    6.8993330933e-03    0.0000000000e+00
    6.9093578495e-03    0.0000000000e+00
    6.9190724753e-03    0.0000000000e+00
    6.9299265742e-03    0.0000000000e+00
    6.9395666942e-03    0.0000000000e+00
    6.9490424357e-03    0.0000000000e+00
    6.9596464746e-03    0.0000000000e+00
    6.9692865945e-03    0.0000000000e+00
    6.9790612906e-03    0.0000000000e+00
    6.9890860468e-03    0.0000000000e+00
    6.9996668026e-03    0.0000000000e+00
    7.0097018033e-03    0.0000000000e+00
    7.0194383152e-03    0.0000000000e+00
    7.0290681906e-03    0.0000000000e+00
    7.0399711840e-03    0.0000000000e+00
    7.0491852239e-03    0.0000000000e+00
    7.0597892627e-03    0.0000000000e+00
    7.0699788630e-03    0.0000000000e+00
    7.0796934888e-03    0.0000000000e+00
    7.0892171934e-03    0.0000000000e+00
    7.0990598761e-03    0.0000000000e+00
    7.1089989506e-03    0.0000000000e+00
    7.1199494414e-03    0.0000000000e+00
    7.1289245971e-03    0.0000000000e+00
    7.1399719454e-03    0.0000000000e+00
    7.1499487385e-03    0.0000000000e+00
    7.1596754715e-03    0.0000000000e+00
    7.1693444625e-03    0.0000000000e+00
    7.1793217212e-03    0.0000000000e+00
    7.1898670867e-03    0.0000000000e+00
    7.1994108148e-03    0.0000000000e+00
    7.2096362710e-03    0.0000000000e+00
    7.2198617272e-03    0.0000000000e+00
    7.2292089462e-03    0.0000000000e+00
    7.2398129851e-03    0.0000000000e+00
    7.2495699860e-03    0.0000000000e+00
    7.2596669197e-03    0.0000000000e+00
    7.2693070397e-03    0.0000000000e+00
    7.2799115442e-03    0.0000000000e+00
    7.2896201164e-03    0.0000000000e+00
    7.2998455726e-03    0.0000000000e+00
    7.3093893006e-03    0.0000000000e+00
    7.3196147569e-03    0.0000000000e+00
    7.3298402131e-03    0.0000000000e+00
    7.3397522792e-03    0.0000000000e+00
    7.3490669020e-03    0.0000000000e+00
    7.3596709408e-03    0.0000000000e+00
    7.3692644946e-03    0.0000000000e+00
    7.3798685335e-03    0.0000000000e+00
    7.3896548711e-03    0.0000000000e+00
    7.3997476138e-03    0.0000000000e+00
    7.4098403566e-03    0.0000000000e+00
    7.4194353074e-03    0.0000000000e+00
    7.4292318895e-03    0.0000000000e+00
    7.4393246323e-03    0.0000000000e+00
    7.4498355389e-03    0.0000000000e+00
    7.4596586637e-03    0.0000000000e+00
    7.4693369679e-03    0.0000000000e+00
    7.4798413552e-03    0.0000000000e+00
    7.4891909026e-03    0.0000000000e+00
    7.4998266064e-03    0.0000000000e+00
    7.5095631182e-03    0.0000000000e+00
    7.5192032382e-03    0.0000000000e+00
    7.5298449956e-03    0.0000000000e+00
    7.5395815074e-03    0.0000000000e+00
    7.5492216274e-03    0.0000000000e+00
    7.5595467351e-03    0.0000000000e+00
    7.5699854642e-03    0.0000000000e+00
    7.5790504925e-03    0.0000000000e+00
    7.5893155299e-03    0.0000000000e+00
    7.5995367952e-03    0.0000000000e+00
    7.6091769151e-03    0.0000000000e+00
    7.6198773459e-03    0.0000000000e+00
    7.6299705543e-03    0.0000000000e+00
    7.6395180076e-03    0.0000000000e+00
    7.6491581276e-03    0.0000000000e+00
    7.6590967365e-03    0.0000000000e+00
    7.6697007753e-03    0.0000000000e+00
    7.6798903756e-03    0.0000000000e+00
    7.6898820698e-03    0.0000000000e+00
    7.6990430243e-03    0.0000000000e+00
    7.7095315792e-03    0.0000000000e+00
    7.7195204794e-03    0.0000000000e+00
    7.7290567569e-03    0.0000000000e+00
    7.7397068962e-03    0.0000000000e+00
    7.7492906712e-03    0.0000000000e+00
    7.7598947100e-03    0.0000000000e+00
    7.7692274936e-03    0.0000000000e+00
    7.7799120918e-03    0.0000000000e+00
    7.7893561684e-03    0.0000000000e+00
    7.7999602072e-03    0.0000000000e+00
    7.8091854230e-03    0.0000000000e+00
    7.8195752576e-03    0.0000000000e+00
    7.8297322616e-03    0.0000000000e+00
    7.8394785523e-03    0.0000000000e+00
    7.8491186723e-03    0.0000000000e+00
    7.8597227111e-03    0.0000000000e+00
    7.8693628311e-03    0.0000000000e+00
    7.8799668700e-03    0.0000000000e+00
    7.8894421458e-03    0.0000000000e+00
    7.8996671364e-03    0.0000000000e+00
    7.9099610448e-03    0.0000000000e+00
    7.9194046557e-03    0.0000000000e+00
    7.9290447757e-03    0.0000000000e+00
    7.9396488145e-03    0.0000000000e+00
    7.9492889345e-03    0.0000000000e+00
    7.9598929733e-03    0.0000000000e+00
    7.9695330933e-03    0.0000000000e+00
    7.9794079065e-03    0.0000000000e+00
    7.9890368506e-03    0.0000000000e+00
    7.9996408895e-03    0.0000000000e+00
    8.0099627376e-03    0.0000000000e+00
    8.0192619935e-03    0.0000000000e+00
    8.0298660323e-03    0.0000000000e+00
    8.0397408456e-03    0.0000000000e+00
    8.0498373136e-03    0.0000000000e+00
    8.0594774336e-03    0.0000000000e+00
    8.0691175535e-03    0.0000000000e+00
    8.0797569826e-03    0.0000000000e+00
    8.0893971026e-03    0.0000000000e+00
    8.0990372226e-03    0.0000000000e+00
    8.1096412614e-03    0.0000000000e+00
    8.1192813814e-03    0.0000000000e+00
    8.1295548007e-03    0.0000000000e+00
    8.1395842135e-03    0.0000000000e+00
    8.1492243335e-03    0.0000000000e+00
    8.1598283723e-03    0.0000000000e+00
    8.1696920097e-03    0.0000000000e+00
    8.1793321297e-03    0.0000000000e+00
    8.1899361685e-03    0.0000000000e+00
    8.1995762885e-03    0.0000000000e+00
    8.2092164084e-03    0.0000000000e+00
    8.2198204473e-03    0.0000000000e+00
    8.2294605672e-03    0.0000000000e+00
    8.2391006872e-03    0.0000000000e+00
    8.2496115938e-03    0.0000000000e+00
    8.2591585815e-03    0.0000000000e+00
    8.2694841549e-03    0.0000000000e+00
    8.2798087969e-03    0.0000000000e+00
    8.2897795364e-03    0.0000000000e+00
    8.2995984703e-03    0.0000000000e+00
    8.3098756149e-03    0.0000000000e+00
    8.3192223683e-03    0.0000000000e+00
    8.3297304809e-03    0.0000000000e+00
    8.3399554715e-03    0.0000000000e+00
    8.3494996652e-03    0.0000000000e+00
    8.3593633026e-03    0.0000000000e+00
    8.3691775799e-03    0.0000000000e+00
    8.3797816187e-03    0.0000000000e+00
    8.3892466500e-03    0.0000000000e+00
    8.3998506889e-03    0.0000000000e+00
    8.4094908088e-03    0.0000000000e+00
    8.4198806435e-03    0.0000000000e+00
    8.4294248372e-03    0.0000000000e+00
    8.4396498278e-03    0.0000000000e+00
    8.4497965872e-03    0.0000000000e+00
    8.4594367072e-03    0.0000000000e+00
    8.4690768272e-03    0.0000000000e+00
    8.4796808660e-03    0.0000000000e+00
    8.4893209860e-03    0.0000000000e+00
    8.4999250248e-03    0.0000000000e+00
    8.5094682872e-03    0.0000000000e+00
    8.5196942091e-03    0.0000000000e+00
    8.5299191996e-03    0.0000000000e+00
    8.5395686328e-03    0.0000000000e+00
    8.5492087528e-03    0.0000000000e+00
    8.5598127916e-03    0.0000000000e+00
    8.5694529116e-03    0.0000000000e+00
    8.5797747597e-03    0.0000000000e+00
    8.5893189535e-03    0.0000000000e+00
    8.5993474349e-03    0.0000000000e+00
    8.6099514738e-03    0.0000000000e+00
    8.6191734299e-03    0.0000000000e+00
    8.6293127388e-03    0.0000000000e+00
    8.6398255080e-03    0.0000000000e+00
    8.6493687704e-03    0.0000000000e+00
    8.6595946923e-03    0.0000000000e+00
    8.6698569357e-03    0.0000000000e+00
    8.6794011295e-03    0.0000000000e+00
    8.6896261200e-03    0.0000000000e+00
    8.6998520419e-03    0.0000000000e+00
    8.7093953043e-03    0.0000000000e+00
    8.7196212262e-03    0.0000000000e+00
    8.7298462167e-03    0.0000000000e+00
    8.7393904105e-03    0.0000000000e+00
    8.7496154010e-03    0.0000000000e+00
    8.7598413229e-03    0.0000000000e+00
    8.7693845853e-03    0.0000000000e+00
    8.7794139981e-03    0.0000000000e+00
    8.7890541181e-03    0.0000000000e+00
    8.7996581569e-03    0.0000000000e+00
    8.8092982769e-03    0.0000000000e+00
    8.8199023157e-03    0.0000000000e+00
    8.8295424357e-03    0.0000000000e+00
    8.8391825557e-03    0.0000000000e+00
    8.8496208191e-03    0.0000000000e+00
    8.8598467410e-03    0.0000000000e+00
    8.8693900034e-03    0.0000000000e+00
    8.8796159253e-03    0.0000000000e+00
    8.8898409158e-03    0.0000000000e+00
    8.8993851095e-03    0.0000000000e+00
    8.9096101001e-03    0.0000000000e+00
    8.9198360220e-03    0.0000000000e+00
    8.9293792844e-03    0.0000000000e+00
    8.9396052063e-03    0.0000000000e+00
    8.9498301968e-03    0.0000000000e+00
    8.9598596096e-03    0.0000000000e+00
    8.9699681848e-03    0.0000000000e+00
    8.9795114473e-03    0.0000000000e+00
    8.9897373691e-03    0.0000000000e+00
    8.9999623597e-03    0.0000000000e+00
    9.0095065534e-03    0.0000000000e+00
    9.0197315440e-03    0.0000000000e+00
    9.0299574658e-03    0.0000000000e+00
    9.0395687148e-03    0.0000000000e+00
    9.0499771759e-03    0.0000000000e+00
    9.0596172959e-03    0.0000000000e+00
    9.0692574158e-03    0.0000000000e+00
    9.0798614547e-03    0.0000000000e+00
    9.0895015746e-03    0.0000000000e+00
    9.0991416946e-03    0.0000000000e+00
    9.1097457334e-03    0.0000000000e+00
    9.1196196154e-03    0.0000000000e+00
    9.1299135238e-03    0.0000000000e+00
    9.1394577175e-03    0.0000000000e+00
    9.1496827081e-03    0.0000000000e+00
    9.1592948884e-03    0.0000000000e+00
    9.1694891453e-03    0.0000000000e+00
    9.1797150671e-03    0.0000000000e+00
    9.1895787045e-03    0.0000000000e+00
    9.1992188245e-03    0.0000000000e+00
    9.2098228633e-03    0.0000000000e+00
    9.2194629833e-03    0.0000000000e+00
    9.2294542119e-03    0.0000000000e+00
    9.2396792024e-03    0.0000000000e+00
    9.2499051243e-03    0.0000000000e+00
    9.2594483867e-03    0.0000000000e+00
    9.2696743086e-03    0.0000000000e+00
    9.2798992991e-03    0.0000000000e+00
    9.2894434929e-03    0.0000000000e+00
    9.2996684834e-03    0.0000000000e+00
    9.3098944053e-03    0.0000000000e+00
    9.3194376677e-03    0.0000000000e+00
    9.3296635896e-03    0.0000000000e+00
    9.3398885801e-03    0.0000000000e+00
    9.3494327739e-03    0.0000000000e+00
    9.3596577644e-03    0.0000000000e+00
    9.3699209392e-03    0.0000000000e+00
    9.3795610592e-03    0.0000000000e+00
    9.3897180632e-03    0.0000000000e+00
    9.3999430537e-03    0.0000000000e+00
    9.4094872475e-03    0.0000000000e+00
    9.4197122380e-03    0.0000000000e+00
    9.4299381599e-03    0.0000000000e+00
    9.4394814223e-03    0.0000000000e+00
    9.4497073442e-03    0.0000000000e+00
    9.4599323347e-03    0.0000000000e+00
    9.4694765285e-03    0.0000000000e+00
    9.4796223566e-03    0.0000000000e+00
    9.4897309318e-03    0.0000000000e+00
    9.4997594133e-03    0.0000000000e+00
    9.5097506419e-03    0.0000000000e+00
    9.5194969326e-03    0.0000000000e+00
    9.5291370526e-03    0.0000000000e+00
    9.5399757847e-03    0.0000000000e+00
    9.5495190471e-03    0.0000000000e+00
    9.5597449690e-03    0.0000000000e+00
    9.5699699596e-03    0.0000000000e+00
    9.5795141533e-03    0.0000000000e+00
    9.5897391438e-03    0.0000000000e+00
    9.5999650657e-03    0.0000000000e+00
    9.6095083281e-03    0.0000000000e+00
    9.6197342500e-03    0.0000000000e+00
    9.6299592406e-03    0.0000000000e+00
    9.6395034343e-03    0.0000000000e+00
    9.6496492624e-03    0.0000000000e+00
    9.6598742530e-03    0.0000000000e+00
    9.6691735089e-03    0.0000000000e+00
    9.6797775477e-03    0.0000000000e+00
    9.6899345517e-03    0.0000000000e+00
    9.6994778141e-03    0.0000000000e+00
    9.7097037360e-03    0.0000000000e+00
    9.7198495641e-03    0.0000000000e+00
    9.7293928266e-03    0.0000000000e+00
    9.7396187484e-03    0.0000000000e+00
    9.7494823858e-03    0.0000000000e+00
    9.7591225058e-03    0.0000000000e+00
    9.7697265446e-03    0.0000000000e+00
    9.7795529291e-03    0.0000000000e+00
    9.7897779197e-03    0.0000000000e+00
    9.7993221134e-03    0.0000000000e+00
    9.8095843568e-03    0.0000000000e+00
    9.8192244768e-03    0.0000000000e+00
    9.8298285156e-03    0.0000000000e+00
    9.8395375535e-03    0.0000000000e+00
    9.8497634754e-03    0.0000000000e+00
    9.8599884659e-03    0.0000000000e+00
    9.8695326596e-03    0.0000000000e+00
    9.8797576502e-03    0.0000000000e+00
    9.8899835721e-03    0.0000000000e+00
    9.8995268345e-03    0.0000000000e+00
    9.9097527564e-03    0.0000000000e+00
    9.9199777469e-03    0.0000000000e+00
    9.9294418469e-03    0.0000000000e+00
    9.9397161976e-03    0.0000000000e+00
    9.9499411881e-03    0.0000000000e+00
    9.9591715261e-03    0.0000000000e+00
    9.9697755650e-03    0.0000000000e+00
    9.9794156849e-03    0.0000000000e+00
    9.9897375330e-03    0.0000000000e+00
    9.9999625236e-03    0.0000000000e+00
    1.0009506717e-02    0.0000000000e+00
    1.0019731708e-02    0.0000000000e+00
    1.0029957630e-02    0.0000000000e+00
    1.0039500892e-02    0.0000000000e+00
    1.0049726814e-02    0.0000000000e+00
    1.0059951805e-02    0.0000000000e+00
    1.0069495998e-02    0.0000000000e+00
    1.0079720989e-02    0.0000000000e+00
    1.0089946911e-02    0.0000000000e+00
    1.0099490173e-02    0.0000000000e+00
    1.0109716095e-02    0.0000000000e+00
    1.0119941086e-02    0.0000000000e+00
    1.0129485279e-02    0.0000000000e+00
    1.0139710270e-02    0.0000000000e+00
    1.0149322450e-02    0.0000000000e+00
    1.0159517638e-02    0.0000000000e+00
    1.0169742629e-02    0.0000000000e+00
    1.0179936886e-02    0.0000000000e+00
    1.0189577006e-02    0.0000000000e+00
    1.0199217126e-02    0.0000000000e+00
    1.0209821165e-02    0.0000000000e+00
    1.0219461285e-02    0.0000000000e+00
    1.0229101405e-02    0.0000000000e+00
    1.0239705443e-02    0.0000000000e+00
    1.0249345563e-02    0.0000000000e+00
    1.0259890929e-02    0.0000000000e+00
    1.0269531049e-02    0.0000000000e+00
    1.0279171169e-02    0.0000000000e+00
    1.0289775208e-02    0.0000000000e+00
    1.0299318470e-02    0.0000000000e+00
    1.0309544392e-02    0.0000000000e+00
    1.0319769382e-02    0.0000000000e+00
    1.0329995304e-02    0.0000000000e+00
    1.0339538567e-02    0.0000000000e+00
    1.0349764489e-02    0.0000000000e+00
    1.0359989479e-02    0.0000000000e+00
    1.0369533673e-02    0.0000000000e+00
    1.0379758663e-02    0.0000000000e+00
    1.0389984585e-02    0.0000000000e+00
    1.0399527848e-02    0.0000000000e+00
    1.0409753770e-02    0.0000000000e+00
    1.0419100523e-02    0.0000000000e+00
    1.0429657996e-02    0.0000000000e+00
    1.0439675301e-02    0.0000000000e+00
    1.0449901223e-02    0.0000000000e+00
    1.0459444486e-02    0.0000000000e+00
    1.0469670407e-02    0.0000000000e+00
    1.0479895398e-02    0.0000000000e+00
    1.0489439592e-02    0.0000000000e+00
    1.0499194264e-02    0.0000000000e+00
    1.0509693995e-02    0.0000000000e+00
    1.0519918986e-02    0.0000000000e+00
    1.0529463179e-02    0.0000000000e+00
    1.0539688170e-02    0.0000000000e+00
    1.0549913161e-02    0.0000000000e+00
    1.0559457354e-02    0.0000000000e+00
    1.0569682345e-02    0.0000000000e+00
    1.0579908267e-02    0.0000000000e+00
    1.0589451529e-02    0.0000000000e+00
    1.0599677451e-02    0.0000000000e+00
    1.0609902442e-02    0.0000000000e+00
    1.0619446635e-02    0.0000000000e+00
    1.0629671626e-02    0.0000000000e+00
    1.0639897548e-02    0.0000000000e+00
    1.0649440810e-02    0.0000000000e+00
    1.0659666732e-02    0.0000000000e+00
    1.0669891723e-02    0.0000000000e+00
    1.0679435916e-02    0.0000000000e+00
    1.0689581744e-02    0.0000000000e+00
    1.0699339211e-02    0.0000000000e+00
    1.0709564202e-02    0.0000000000e+00
    1.0719790123e-02    0.0000000000e+00
    1.0729333386e-02    0.0000000000e+00
    1.0739559308e-02    0.0000000000e+00
    1.0749784298e-02    0.0000000000e+00
    1.0759328492e-02    0.0000000000e+00
    1.0769553483e-02    0.0000000000e+00
    1.0779779404e-02    0.0000000000e+00
    1.0789322667e-02    0.0000000000e+00
    1.0799548589e-02    0.0000000000e+00
    1.0809773579e-02    0.0000000000e+00
    1.0819529183e-02    0.0000000000e+00
    1.0829512030e-02    0.0000000000e+00
    1.0839737020e-02    0.0000000000e+00
    1.0849962011e-02    0.0000000000e+00
    1.0859506205e-02    0.0000000000e+00
    1.0869731195e-02    0.0000000000e+00
    1.0879760608e-02    0.0000000000e+00
    1.0889400728e-02    0.0000000000e+00
    1.0899625719e-02    0.0000000000e+00
    1.0909851640e-02    0.0000000000e+00
    1.0919394903e-02    0.0000000000e+00
    1.0929620825e-02    0.0000000000e+00
    1.0939815082e-02    0.0000000000e+00
    1.0949455202e-02    0.0000000000e+00
    1.0959893465e-02    0.0000000000e+00
    1.0969437659e-02    0.0000000000e+00
    1.0979631916e-02    0.0000000000e+00
    1.0989272036e-02    0.0000000000e+00
    1.0999876074e-02    0.0000000000e+00
    1.1009516194e-02    0.0000000000e+00
    1.1019390076e-02    0.0000000000e+00
    1.1029615998e-02    0.0000000000e+00
    1.1039840989e-02    0.0000000000e+00
    1.1049319059e-02    0.0000000000e+00
    1.1059544049e-02    0.0000000000e+00
    1.1069769971e-02    0.0000000000e+00
    1.1079994962e-02    0.0000000000e+00
    1.1089539155e-02    0.0000000000e+00
    1.1099764146e-02    0.0000000000e+00
    1.1109990068e-02    0.0000000000e+00
    1.1119533330e-02    0.0000000000e+00
    1.1129759252e-02    0.0000000000e+00
    1.1139984243e-02    0.0000000000e+00
    1.1149528436e-02    0.0000000000e+00
    1.1159753427e-02    0.0000000000e+00
    1.1169979349e-02    0.0000000000e+00
    1.1179522611e-02    0.0000000000e+00
    1.1189748533e-02    0.0000000000e+00
    1.1199973524e-02    0.0000000000e+00
    1.1209517717e-02    0.0000000000e+00
    1.1219272390e-02    0.0000000000e+00
    1.1229819618e-02    0.0000000000e+00
    1.1239459738e-02    0.0000000000e+00
    1.1249734089e-02    0.0000000000e+00
    1.1259314604e-02    0.0000000000e+00
    1.1269423179e-02    0.0000000000e+00
    1.1279649101e-02    0.0000000000e+00
    1.1289874092e-02    0.0000000000e+00
    1.1299418285e-02    0.0000000000e+00
    1.1309643276e-02    0.0000000000e+00
    1.1319869198e-02    0.0000000000e+00
    1.1329412460e-02    0.0000000000e+00
    1.1339441873e-02    0.0000000000e+00
    1.1349549517e-02    0.0000000000e+00
    1.1359775439e-02    0.0000000000e+00
    1.1369318701e-02    0.0000000000e+00
    1.1379544623e-02    0.0000000000e+00
    1.1389769614e-02    0.0000000000e+00
    1.1399750598e-02    0.0000000000e+00
    1.1409390718e-02    0.0000000000e+00
    1.1419994757e-02    0.0000000000e+00
    1.1429402046e-02    0.0000000000e+00
    1.1439654045e-02    0.0000000000e+00
    1.1449879035e-02    0.0000000000e+00
    1.1459423229e-02    0.0000000000e+00
    1.1469648220e-02    0.0000000000e+00
    1.1479874142e-02    0.0000000000e+00
    1.1489417404e-02    0.0000000000e+00
    1.1499643326e-02    0.0000000000e+00
    1.1509868316e-02    0.0000000000e+00
    1.1519098654e-02    0.0000000000e+00
    1.1529702693e-02    0.0000000000e+00
    1.1539296247e-02    0.0000000000e+00
    1.1549388990e-02    0.0000000000e+00
    1.1559760198e-02    0.0000000000e+00
    1.1569400318e-02    0.0000000000e+00
    1.1579040438e-02    0.0000000000e+00
    1.1589644477e-02    0.0000000000e+00
    1.1599284597e-02    0.0000000000e+00
    1.1609558016e-02    0.0000000000e+00
    1.1619783938e-02    0.0000000000e+00
    1.1629327200e-02    0.0000000000e+00
    1.1639553122e-02    0.0000000000e+00
    1.1649778113e-02    0.0000000000e+00
    1.1659322307e-02    0.0000000000e+00
    1.1669547297e-02    0.0000000000e+00
    1.1679773219e-02    0.0000000000e+00
    1.1689998209e-02    0.0000000000e+00
    1.1699542403e-02    0.0000000000e+00
    1.1709767394e-02    0.0000000000e+00
    1.1719993316e-02    0.0000000000e+00
    1.1729536578e-02    0.0000000000e+00
    1.1739762500e-02    0.0000000000e+00
    1.1749987490e-02    0.0000000000e+00
    1.1759531684e-02    0.0000000000e+00
    1.1769756675e-02    0.0000000000e+00
    1.1779982597e-02    0.0000000000e+00
    1.1789525859e-02    0.0000000000e+00
    1.1799751781e-02    0.0000000000e+00
    1.1809976771e-02    0.0000000000e+00
    1.1819520965e-02    0.0000000000e+00
    1.1829745956e-02    0.0000000000e+00
    1.1839971878e-02    0.0000000000e+00
    1.1849435978e-02    0.0000000000e+00
    1.1859660968e-02    0.0000000000e+00
    1.1869886890e-02    0.0000000000e+00
    1.1879430152e-02    0.0000000000e+00
    1.1889656074e-02    0.0000000000e+00
    1.1899881065e-02    0.0000000000e+00
    1.1909425259e-02    0.0000000000e+00
    1.1919650249e-02    0.0000000000e+00
    1.1929876171e-02    0.0000000000e+00
    1.1939419433e-02    0.0000000000e+00
    1.1949645355e-02    0.0000000000e+00
    1.1959870346e-02    0.0000000000e+00
    1.1969414540e-02    0.0000000000e+00
    1.1979639530e-02    0.0000000000e+00
    1.1989865452e-02    0.0000000000e+00
    1.1999408714e-02    0.0000000000e+00
    1.2009634636e-02    0.0000000000e+00
    1.2019859627e-02    0.0000000000e+00
    1.2029403821e-02    0.0000000000e+00
    1.2039628811e-02    0.0000000000e+00
    1.2049854733e-02    0.0000000000e+00
    1.2059397995e-02    0.0000000000e+00
    1.2069623917e-02    0.0000000000e+00
    1.2079848908e-02    0.0000000000e+00
    1.2089829892e-02    0.0000000000e+00
    1.2099985965e-02    0.0000000000e+00
    1.2109530158e-02    0.0000000000e+00
    1.2119755149e-02    0.0000000000e+00
    1.2129981071e-02    0.0000000000e+00
    1.2139524333e-02    0.0000000000e+00
    1.2149750255e-02    0.0000000000e+00
    1.2159504928e-02    0.0000000000e+00
    1.2169730850e-02    0.0000000000e+00
    1.2179955840e-02    0.0000000000e+00
    1.2189500034e-02    0.0000000000e+00
    1.2199725024e-02    0.0000000000e+00
    1.2209950946e-02    0.0000000000e+00
    1.2219494209e-02    0.0000000000e+00
    1.2229720131e-02    0.0000000000e+00
    1.2239945121e-02    0.0000000000e+00
    1.2249489315e-02    0.0000000000e+00
    1.2259714305e-02    0.0000000000e+00
    1.2269940227e-02    0.0000000000e+00
    1.2279483490e-02    0.0000000000e+00
    1.2289709412e-02    0.0000000000e+00
    1.2299934402e-02    0.0000000000e+00
    1.2309478596e-02    0.0000000000e+00
    1.2319703586e-02    0.0000000000e+00
    1.2329929508e-02    0.0000000000e+00
    1.2339111418e-02    0.0000000000e+00
    1.2349715456e-02    0.0000000000e+00
    1.2359355576e-02    0.0000000000e+00
    1.2369959615e-02    0.0000000000e+00
    1.2379599735e-02    0.0000000000e+00
    1.2389824726e-02    0.0000000000e+00
    1.2399368919e-02    0.0000000000e+00
    1.2409397401e-02    0.0000000000e+00
    1.2419037521e-02    0.0000000000e+00
    1.2429641560e-02    0.0000000000e+00
    1.2439399026e-02    0.0000000000e+00
    1.2449624017e-02    0.0000000000e+00
    1.2459849939e-02    0.0000000000e+00
    1.2469393201e-02    0.0000000000e+00
    1.2479619123e-02    0.0000000000e+00
    1.2489844114e-02    0.0000000000e+00
    1.2499388307e-02    0.0000000000e+00
    1.2509613298e-02    0.0000000000e+00
    1.2519368902e-02    0.0000000000e+00
    1.2529916130e-02    0.0000000000e+00
    1.2539556250e-02    0.0000000000e+00
    1.2549947016e-02    0.0000000000e+00
    1.2559490278e-02    0.0000000000e+00
    1.2569353916e-02    0.0000000000e+00
    1.2579958886e-02    0.0000000000e+00
    1.2589598075e-02    0.0000000000e+00
    1.2599238195e-02    0.0000000000e+00
    1.2609842233e-02    0.0000000000e+00
    1.2619482353e-02    0.0000000000e+00
    1.2629122473e-02    0.0000000000e+00
    1.2639726512e-02    0.0000000000e+00
    1.2649366632e-02    0.0000000000e+00
    1.2659971602e-02    0.0000000000e+00
    1.2669610791e-02    0.0000000000e+00
    1.2679250911e-02    0.0000000000e+00
    1.2689855881e-02    0.0000000000e+00
    1.2699495070e-02    0.0000000000e+00
    1.2709135190e-02    0.0000000000e+00
    1.2719739228e-02    0.0000000000e+00
    1.2729565613e-02    0.0000000000e+00
    1.2739791535e-02    0.0000000000e+00
    1.2749334797e-02    0.0000000000e+00
    1.2759560719e-02    0.0000000000e+00
    1.2769785710e-02    0.0000000000e+00
    1.2779329903e-02    0.0000000000e+00
    1.2789554894e-02    0.0000000000e+00
    1.2799780816e-02    0.0000000000e+00
    1.2809244916e-02    0.0000000000e+00
    1.2819848955e-02    0.0000000000e+00
    1.2829489075e-02    0.0000000000e+00
    1.2839480303e-02    0.0000000000e+00
    1.2849705294e-02    0.0000000000e+00
    1.2859931216e-02    0.0000000000e+00
    1.2869474478e-02    0.0000000000e+00
    1.2879700400e-02    0.0000000000e+00
    1.2889925390e-02    0.0000000000e+00
    1.2899469584e-02    0.0000000000e+00
    1.2909694575e-02    0.0000000000e+00
    1.2919920497e-02    0.0000000000e+00
    1.2929463759e-02    0.0000000000e+00
    1.2939689681e-02    0.0000000000e+00
    1.2949914671e-02    0.0000000000e+00
    1.2959458865e-02    0.0000000000e+00
    1.2969322503e-02    0.0000000000e+00
    1.2979547493e-02    0.0000000000e+00
    1.2989773415e-02    0.0000000000e+00
    1.2999998406e-02    0.0000000000e+00
    1.3009542599e-02    0.0000000000e+00
    1.3019767590e-02    0.0000000000e+00
    1.3029993512e-02    0.0000000000e+00
    1.3039536774e-02    0.0000000000e+00
    1.3049762696e-02    0.0000000000e+00
    1.3059987687e-02    0.0000000000e+00
    1.3069531880e-02    0.0000000000e+00
    1.3079756871e-02    0.0000000000e+00
    1.3089982793e-02    0.0000000000e+00
    1.3099526055e-02    0.0000000000e+00
    1.3109751977e-02    0.0000000000e+00
    1.3119976968e-02    0.0000000000e+00
    1.3129521161e-02    0.0000000000e+00
    1.3139102608e-02    0.0000000000e+00
    1.3149706647e-02    0.0000000000e+00
    1.3159346767e-02    0.0000000000e+00
    1.3169950806e-02    0.0000000000e+00
    1.3179590926e-02    0.0000000000e+00
    1.3189912774e-02    0.0000000000e+00
    1.3199456036e-02    0.0000000000e+00
    1.3209681958e-02    0.0000000000e+00
    1.3219992630e-02    0.0000000000e+00
    1.3229632750e-02    0.0000000000e+00
    1.3239272870e-02    0.0000000000e+00
    1.3249876909e-02    0.0000000000e+00
    1.3259517029e-02    0.0000000000e+00
    1.3269625604e-02    0.0000000000e+00
    1.3279237784e-02    0.0000000000e+00
    1.3289645314e-02    0.0000000000e+00
    1.3299285434e-02    0.0000000000e+00
    1.3309889473e-02    0.0000000000e+00
    1.3319529593e-02    0.0000000000e+00
    1.3329169713e-02    0.0000000000e+00
    1.3339773752e-02    0.0000000000e+00
    1.3349413872e-02    0.0000000000e+00
    1.3359639794e-02    0.0000000000e+00
    1.3369864784e-02    0.0000000000e+00
    1.3379446231e-02    0.0000000000e+00
    1.3389086351e-02    0.0000000000e+00
    1.3399525546e-02    0.0000000000e+00
    1.3409750536e-02    0.0000000000e+00
    1.3419976458e-02    0.0000000000e+00
    1.3429519720e-02    0.0000000000e+00
    1.3439745642e-02    0.0000000000e+00
    1.3449970633e-02    0.0000000000e+00
    1.3459514827e-02    0.0000000000e+00
    1.3469739817e-02    0.0000000000e+00
    1.3479965739e-02    0.0000000000e+00
    1.3489509001e-02    0.0000000000e+00
    1.3499734923e-02    0.0000000000e+00
    1.3509959914e-02    0.0000000000e+00
    1.3519504108e-02    0.0000000000e+00
    1.3529729098e-02    0.0000000000e+00
    1.3539955020e-02    0.0000000000e+00
    1.3549498282e-02    0.0000000000e+00
    1.3559724204e-02    0.0000000000e+00
    1.3569949195e-02    0.0000000000e+00
    1.3579493389e-02    0.0000000000e+00
    1.3589718379e-02    0.0000000000e+00
    1.3599944301e-02    0.0000000000e+00
    1.3609487563e-02    0.0000000000e+00
    1.3619713485e-02    0.0000000000e+00
    1.3629938476e-02    0.0000000000e+00
    1.3639482670e-02    0.0000000000e+00
    1.3649707660e-02    0.0000000000e+00
    1.3659933582e-02    0.0000000000e+00
    1.3669476844e-02    0.0000000000e+00
    1.3679702766e-02    0.0000000000e+00
    1.3689927757e-02    0.0000000000e+00
    1.3699471951e-02    0.0000000000e+00
    1.3709696941e-02    0.0000000000e+00
    1.3719922863e-02    0.0000000000e+00
    1.3729466125e-02    0.0000000000e+00
    1.3739692047e-02    0.0000000000e+00
    1.3749917038e-02    0.0000000000e+00
    1.3759461232e-02    0.0000000000e+00
    1.3769686222e-02    0.0000000000e+00
    1.3779912144e-02    0.0000000000e+00
    1.3789455406e-02    0.0000000000e+00
    1.3799681328e-02    0.0000000000e+00
    1.3809906319e-02    0.0000000000e+00
    1.3819450513e-02    0.0000000000e+00
    1.3829675503e-02    0.0000000000e+00
    1.3839901425e-02    0.0000000000e+00
    1.3849444687e-02    0.0000000000e+00
    1.3859670609e-02    0.0000000000e+00
    1.3869895600e-02    0.0000000000e+00
    1.3879439794e-02    0.0000000000e+00
    1.3889664784e-02    0.0000000000e+00
    1.3899889775e-02    0.0000000000e+00
    1.3909433968e-02    0.0000000000e+00
    1.3919658959e-02    0.0000000000e+00
    1.3929884881e-02    0.0000000000e+00
    1.3939428143e-02    0.0000000000e+00
    1.3949654065e-02    0.0000000000e+00
    1.3959879056e-02    0.0000000000e+00
    1.3969423249e-02    0.0000000000e+00
    1.3979648240e-02    0.0000000000e+00
    1.3989874162e-02    0.0000000000e+00
    1.3999417424e-02    0.0000000000e+00
    1.4009643346e-02    0.0000000000e+00
    1.4019868337e-02    0.0000000000e+00
    1.4029412530e-02    0.0000000000e+00
    1.4039637521e-02    0.0000000000e+00
    1.4049863443e-02    0.0000000000e+00
    1.4059891924e-02    0.0000000000e+00
    1.4069532044e-02    0.0000000000e+00
    1.4079172164e-02    0.0000000000e+00
    1.4089962468e-02    0.0000000000e+00
    1.4099506661e-02    0.0000000000e+00
    1.4109731652e-02    0.0000000000e+00
    1.4119956642e-02    0.0000000000e+00
    1.4129500836e-02    0.0000000000e+00
    1.4139725827e-02    0.0000000000e+00
    1.4149951749e-02    0.0000000000e+00
    1.4159495011e-02    0.0000000000e+00
    1.4169720933e-02    0.0000000000e+00
    1.4179945923e-02    0.0000000000e+00
    1.4189490117e-02    0.0000000000e+00
    1.4199635945e-02    0.0000000000e+00
    1.4209276065e-02    0.0000000000e+00
    1.4219880104e-02    0.0000000000e+00
    1.4229520224e-02    0.0000000000e+00
    1.4239160344e-02    0.0000000000e+00
    1.4249764383e-02    0.0000000000e+00
    1.4259404503e-02    0.0000000000e+00
    1.4269044623e-02    0.0000000000e+00
    1.4279648662e-02    0.0000000000e+00
    1.4289288782e-02    0.0000000000e+00
    1.4299892820e-02    0.0000000000e+00
    1.4309532940e-02    0.0000000000e+00
    1.4319173060e-02    0.0000000000e+00
    1.4329777099e-02    0.0000000000e+00
    1.4339417219e-02    0.0000000000e+00
    1.4349057339e-02    0.0000000000e+00
    1.4359661378e-02    0.0000000000e+00
    1.4369301498e-02    0.0000000000e+00
    1.4379905537e-02    0.0000000000e+00
    1.4389545657e-02    0.0000000000e+00
    1.4399585314e-02    0.0000000000e+00
    1.4409810305e-02    0.0000000000e+00
    1.4419354498e-02    0.0000000000e+00
    1.4429579489e-02    0.0000000000e+00
    1.4439805411e-02    0.0000000000e+00
    1.4449386857e-02    0.0000000000e+00
    1.4459990896e-02    0.0000000000e+00
    1.4469631016e-02    0.0000000000e+00
    1.4479271136e-02    0.0000000000e+00
    1.4489875175e-02    0.0000000000e+00
    1.4499515295e-02    0.0000000000e+00
    1.4509155415e-02    0.0000000000e+00
    1.4519759454e-02    0.0000000000e+00
    1.4529399574e-02    0.0000000000e+00
    1.4539837837e-02    0.0000000000e+00
    1.4549382031e-02    0.0000000000e+00
    1.4559607022e-02    0.0000000000e+00
    1.4569832943e-02    0.0000000000e+00
    1.4579376206e-02    0.0000000000e+00
    1.4589602128e-02    0.0000000000e+00
    1.4599827118e-02    0.0000000000e+00
    1.4609371312e-02    0.0000000000e+00
    1.4619565569e-02    0.0000000000e+00
    1.4629205689e-02    0.0000000000e+00
    1.4639809728e-02    0.0000000000e+00
    1.4649449848e-02    0.0000000000e+00
    1.4659089968e-02    0.0000000000e+00
    1.4669694006e-02    0.0000000000e+00
    1.4679334126e-02    0.0000000000e+00
    1.4689938165e-02    0.0000000000e+00
    1.4699578285e-02    0.0000000000e+00
    1.4709218405e-02    0.0000000000e+00
    1.4719822444e-02    0.0000000000e+00
    1.4729462564e-02    0.0000000000e+00
    1.4739102684e-02    0.0000000000e+00
    1.4749706723e-02    0.0000000000e+00
    1.4759346843e-02    0.0000000000e+00
    1.4769950882e-02    0.0000000000e+00
    1.4779776335e-02    0.0000000000e+00
    1.4789320529e-02    0.0000000000e+00
    1.4799545519e-02    0.0000000000e+00
    1.4809771441e-02    0.0000000000e+00
    1.4819517732e-02    0.0000000000e+00
    1.4829743654e-02    0.0000000000e+00
    1.4839968644e-02    0.0000000000e+00
    1.4849512838e-02    0.0000000000e+00
    1.4859737828e-02    0.0000000000e+00
    1.4869963750e-02    0.0000000000e+00
    1.4879507013e-02    0.0000000000e+00
    1.4889732935e-02    0.0000000000e+00
    1.4899957925e-02    0.0000000000e+00
    1.4909502119e-02    0.0000000000e+00
    1.4919727109e-02    0.0000000000e+00
    1.4929953031e-02    0.0000000000e+00
    1.4939299785e-02    0.0000000000e+00
    1.4949903823e-02    0.0000000000e+00
    1.4959543943e-02    0.0000000000e+00
    1.4969184063e-02    0.0000000000e+00
    1.4979788102e-02    0.0000000000e+00
    1.4989428222e-02    0.0000000000e+00
    1.4999068342e-02    0.0000000000e+00
    1.5009672381e-02    0.0000000000e+00
    1.5019312501e-02    0.0000000000e+00
    1.5029916540e-02    0.0000000000e+00
    1.5039556660e-02    0.0000000000e+00
    1.5049196780e-02    0.0000000000e+00
    1.5059635974e-02    0.0000000000e+00
    1.5069860965e-02    0.0000000000e+00
    1.5079724602e-02    0.0000000000e+00
    1.5089364722e-02    0.0000000000e+00
    1.5099968761e-02    0.0000000000e+00
    1.5109608881e-02    0.0000000000e+00
    1.5119249001e-02    0.0000000000e+00
    1.5129853040e-02    0.0000000000e+00
    1.5139493160e-02    0.0000000000e+00
    1.5149133280e-02    0.0000000000e+00
    1.5159737319e-02    0.0000000000e+00
    1.5169377439e-02    0.0000000000e+00
    1.5179981478e-02    0.0000000000e+00
    1.5189621598e-02    0.0000000000e+00
    1.5199261717e-02    0.0000000000e+00
    1.5209652483e-02    0.0000000000e+00
    1.5219946392e-02    0.0000000000e+00
    1.5229390934e-02    0.0000000000e+00
    1.5239715576e-02    0.0000000000e+00
    1.5249808319e-02    0.0000000000e+00
    1.5259901062e-02    0.0000000000e+00
    1.5269215219e-02    0.0000000000e+00
    1.5279819258e-02    0.0000000000e+00
    1.5289927833e-02    0.0000000000e+00
    1.5299472027e-02    0.0000000000e+00
    1.5309598297e-02    0.0000000000e+00
    1.5319395810e-02    0.0000000000e+00
    1.5329534188e-02    0.0000000000e+00
    1.5339720063e-02    0.0000000000e+00
    1.5349859372e-02    0.0000000000e+00
    1.5359499492e-02    0.0000000000e+00
    1.5369731002e-02    0.0000000000e+00
    1.5379823744e-02    0.0000000000e+00
    1.5389916487e-02    0.0000000000e+00
    1.5399416909e-02    0.0000000000e+00
    1.5409057029e-02    0.0000000000e+00
    1.5419661067e-02    0.0000000000e+00
    1.5429846942e-02    0.0000000000e+00
    1.5439939685e-02    0.0000000000e+00
    1.5449115075e-02    0.0000000000e+00
    1.5459207818e-02    0.0000000000e+00
    1.5469300561e-02    0.0000000000e+00
    1.5479718335e-02    0.0000000000e+00
    1.5489358455e-02    0.0000000000e+00
    1.5499962494e-02    0.0000000000e+00
    1.5509602614e-02    0.0000000000e+00
    1.5519242734e-02    0.0000000000e+00
    1.5529846773e-02    0.0000000000e+00
    1.5539486893e-02    0.0000000000e+00
    1.5549127012e-02    0.0000000000e+00
    1.5559731051e-02    0.0000000000e+00
    1.5569371171e-02    0.0000000000e+00
    1.5579975210e-02    0.0000000000e+00
    1.5589150600e-02    0.0000000000e+00
    1.5599243343e-02    0.0000000000e+00
    1.5609336086e-02    0.0000000000e+00
    1.5619427897e-02    0.0000000000e+00
    1.5629520640e-02    0.0000000000e+00
    1.5639891848e-02    0.0000000000e+00
    1.5649532899e-02    0.0000000000e+00
    1.5659172088e-02    0.0000000000e+00
    1.5669776127e-02    0.0000000000e+00
    1.5679417178e-02    0.0000000000e+00
    1.5689056367e-02    0.0000000000e+00
    1.5699660406e-02    0.0000000000e+00
    1.5709301457e-02    0.0000000000e+00
    1.5719905496e-02    0.0000000000e+00
    1.5729544684e-02    0.0000000000e+00
    1.5739185736e-02    0.0000000000e+00
    1.5749789774e-02    0.0000000000e+00
    1.5759428963e-02    0.0000000000e+00
    1.5769070014e-02    0.0000000000e+00
    1.5779674053e-02    0.0000000000e+00
    1.5789153054e-02    0.0000000000e+00
    1.5799297020e-02    0.0000000000e+00
    1.5809901059e-02    0.0000000000e+00
    1.5819542110e-02    0.0000000000e+00
    1.5829181299e-02    0.0000000000e+00
    1.5839785337e-02    0.0000000000e+00
    1.5849426389e-02    0.0000000000e+00
    1.5859065577e-02    0.0000000000e+00
    1.5869669616e-02    0.0000000000e+00
    1.5879310668e-02    0.0000000000e+00
    1.5889914706e-02    0.0000000000e+00
    1.5899647027e-02    0.0000000000e+00
    1.5909377486e-02    0.0000000000e+00
    1.5919107944e-02    0.0000000000e+00
    1.5928838402e-02    0.0000000000e+00
    1.5939209610e-02    0.0000000000e+00
    1.5949301422e-02    0.0000000000e+00
    1.5959395096e-02    0.0000000000e+00
    1.5969647095e-02    0.0000000000e+00
    1.5979871154e-02    0.0000000000e+00
    1.5989415348e-02    0.0000000000e+00
    1.5999641269e-02    0.0000000000e+00
    1.6009865329e-02    0.0000000000e+00
    1.6019409522e-02    0.0000000000e+00
    1.6029635444e-02    0.0000000000e+00
    1.6039382666e-02    0.0000000000e+00
    1.6049986705e-02    0.0000000000e+00
    1.6059625894e-02    0.0000000000e+00
    1.6069266945e-02    0.0000000000e+00
    1.6079870984e-02    0.0000000000e+00
    1.6089510173e-02    0.0000000000e+00
    1.6099151224e-02    0.0000000000e+00
    1.6109755263e-02    0.0000000000e+00
    1.6119394451e-02    0.0000000000e+00
    1.6129998490e-02    0.0000000000e+00
    1.6139546409e-02    0.0000000000e+00
    1.6149638221e-02    0.0000000000e+00
    1.6159731895e-02    0.0000000000e+00
    1.6169045120e-02    0.0000000000e+00
    1.6179649159e-02    0.0000000000e+00
    1.6189290211e-02    0.0000000000e+00
    1.6199894249e-02    0.0000000000e+00
    1.6209121794e-02    0.0000000000e+00
    1.6218852252e-02    0.0000000000e+00
    1.6229754314e-02    0.0000000000e+00
    1.6239395365e-02    0.0000000000e+00
    1.6249999404e-02    0.0000000000e+00
    1.6259638593e-02    0.0000000000e+00
    1.6269279644e-02    0.0000000000e+00
    1.6279883683e-02    0.0000000000e+00
    1.6289336607e-02    0.0000000000e+00
    1.6299430281e-02    0.0000000000e+00
    1.6309615225e-02    0.0000000000e+00
    1.6319256276e-02    0.0000000000e+00
    1.6329860315e-02    0.0000000000e+00
    1.6339499503e-02    0.0000000000e+00
    1.6349140555e-02    0.0000000000e+00
    1.6359744594e-02    0.0000000000e+00
    1.6369383782e-02    0.0000000000e+00
    1.6379987821e-02    0.0000000000e+00
    1.6389628872e-02    0.0000000000e+00
    1.6399268061e-02    0.0000000000e+00
    1.6409872100e-02    0.0000000000e+00
    1.6419513151e-02    0.0000000000e+00
    1.6429651529e-02    0.0000000000e+00
    1.6439745203e-02    0.0000000000e+00
    1.6449183226e-02    0.0000000000e+00
    1.6458913684e-02    0.0000000000e+00
    1.6469608992e-02    0.0000000000e+00
    1.6479250044e-02    0.0000000000e+00
    1.6489854082e-02    0.0000000000e+00
    1.6499493271e-02    0.0000000000e+00
    1.6509134322e-02    0.0000000000e+00
    1.6519738361e-02    0.0000000000e+00
    1.6529377550e-02    0.0000000000e+00
    1.6539983451e-02    0.0000000000e+00
    1.6549436375e-02    0.0000000000e+00
    1.6559530050e-02    0.0000000000e+00
    1.6569906846e-02    0.0000000000e+00
    1.6579844058e-02    0.0000000000e+00
    1.6589485109e-02    0.0000000000e+00
    1.6599124297e-02    0.0000000000e+00
    1.6609728336e-02    0.0000000000e+00
    1.6619369388e-02    0.0000000000e+00
    1.6629973426e-02    0.0000000000e+00
    1.6639452428e-02    0.0000000000e+00
    1.6649598256e-02    0.0000000000e+00
    1.6659237444e-02    0.0000000000e+00
    1.6669841483e-02    0.0000000000e+00
    1.6679434106e-02    0.0000000000e+00
    1.6689660028e-02    0.0000000000e+00
    1.6699884087e-02    0.0000000000e+00
    1.6709428281e-02    0.0000000000e+00
    1.6719654202e-02    0.0000000000e+00
    1.6729880124e-02    0.0000000000e+00
    1.6739422455e-02    0.0000000000e+00
    1.6749648377e-02    0.0000000000e+00
    1.6759680584e-02    0.0000000000e+00
    1.6769774258e-02    0.0000000000e+00
    1.6779510304e-02    0.0000000000e+00
    1.6789151356e-02    0.0000000000e+00
    1.6799852252e-02    0.0000000000e+00
    1.6809491441e-02    0.0000000000e+00
    1.6819132492e-02    0.0000000000e+00
    1.6829736531e-02    0.0000000000e+00
    1.6839375719e-02    0.0000000000e+00
    1.6849609092e-02    0.0000000000e+00
    1.6859887168e-02    0.0000000000e+00
    1.6868907958e-02    0.0000000000e+00
    1.6879763454e-02    0.0000000000e+00
    1.6889747232e-02    0.0000000000e+00
    1.6899479553e-02    0.0000000000e+00
    1.6909942031e-02    0.0000000000e+00
    1.6919117421e-02    0.0000000000e+00
    1.6929209232e-02    0.0000000000e+00
    1.6939301044e-02    0.0000000000e+00
    1.6949636862e-02    0.0000000000e+00
    1.6959369183e-02    0.0000000000e+00
    1.6969261691e-02    0.0000000000e+00
    1.6979865730e-02    0.0000000000e+00
    1.6989506781e-02    0.0000000000e+00
    1.6999145970e-02    0.0000000000e+00
    1.7009908333e-02    0.0000000000e+00
    1.7019083723e-02    0.0000000000e+00
    1.7029177397e-02    0.0000000000e+00
    1.7039641738e-02    0.0000000000e+00
    1.7049280927e-02    0.0000000000e+00
    1.7059884965e-02    0.0000000000e+00
    1.7069526017e-02    0.0000000000e+00
    1.7079165205e-02    0.0000000000e+00
    1.7089258879e-02    0.0000000000e+00
    1.7099350691e-02    0.0000000000e+00
    1.7109088600e-02    0.0000000000e+00
    1.7119532451e-02    0.0000000000e+00
    1.7129171640e-02    0.0000000000e+00
    1.7139775679e-02    0.0000000000e+00
    1.7149962485e-02    0.0000000000e+00
    1.7159137875e-02    0.0000000000e+00
    1.7169462517e-02    0.0000000000e+00
    1.7179101706e-02    0.0000000000e+00
    1.7189705744e-02    0.0000000000e+00
    1.7199346796e-02    0.0000000000e+00
    1.7209531739e-02    0.0000000000e+00
    1.7219625413e-02    0.0000000000e+00
    1.7229640856e-02    0.0000000000e+00
    1.7239864916e-02    0.0000000000e+00
    1.7249409109e-02    0.0000000000e+00
    1.7259635031e-02    0.0000000000e+00
    1.7269860953e-02    0.0000000000e+00
    1.7279403284e-02    0.0000000000e+00
    1.7289841548e-02    0.0000000000e+00
    1.7299924046e-02    0.0000000000e+00
    1.7309362069e-02    0.0000000000e+00
    1.7319094390e-02    0.0000000000e+00
    1.7328826711e-02    0.0000000000e+00
    1.7339773476e-02    0.0000000000e+00
    1.7349505797e-02    0.0000000000e+00
    1.7359238118e-02    0.0000000000e+00
    1.7368970439e-02    0.0000000000e+00
    1.7379971221e-02    0.0000000000e+00
    1.7389515415e-02    0.0000000000e+00
    1.7399739474e-02    0.0000000000e+00
    1.7409039661e-02    0.0000000000e+00
    1.7419641837e-02    0.0000000000e+00
    1.7429374158e-02    0.0000000000e+00
    1.7439106479e-02    0.0000000000e+00
    1.7448836938e-02    0.0000000000e+00
    1.7459398136e-02    0.0000000000e+00
    1.7469624057e-02    0.0000000000e+00
    1.7479848117e-02    0.0000000000e+00
    1.7489392310e-02    0.0000000000e+00
    1.7499618232e-02    0.0000000000e+00
    1.7509844154e-02    0.0000000000e+00
    1.7519142479e-02    0.0000000000e+00
    1.7529744655e-02    0.0000000000e+00
    1.7539476976e-02    0.0000000000e+00
    1.7549209297e-02    0.0000000000e+00
    1.7558941618e-02    0.0000000000e+00
    1.7569890246e-02    0.0000000000e+00
    1.7579622567e-02    0.0000000000e+00
    1.7589353025e-02    0.0000000000e+00
    1.7599085346e-02    0.0000000000e+00
    1.7608817667e-02    0.0000000000e+00
    1.7619766295e-02    0.0000000000e+00
    1.7629498616e-02    0.0000000000e+00
    1.7639230937e-02    0.0000000000e+00
    1.7648963258e-02    0.0000000000e+00
    1.7659911886e-02    0.0000000000e+00
    1.7669644207e-02    0.0000000000e+00
    1.7679376528e-02    0.0000000000e+00
    1.7689108849e-02    0.0000000000e+00
    1.7698839307e-02    0.0000000000e+00
    1.7709789798e-02    0.0000000000e+00
    1.7719520256e-02    0.0000000000e+00
    1.7729252577e-02    0.0000000000e+00
    1.7738984898e-02    0.0000000000e+00
    1.7749335617e-02    0.0000000000e+00
    1.7759429291e-02    0.0000000000e+00
    1.7769521102e-02    0.0000000000e+00
    1.7779614776e-02    0.0000000000e+00
    1.7789950594e-02    0.0000000000e+00
    1.7799682915e-02    0.0000000000e+00
    1.7809415236e-02    0.0000000000e+00
    1.7819147557e-02    0.0000000000e+00
    1.7829498276e-02    0.0000000000e+00
    1.7839590088e-02    0.0000000000e+00
    1.7849683762e-02    0.0000000000e+00
    1.7859740183e-02    0.0000000000e+00
    1.7869472504e-02    0.0000000000e+00
    1.7879204825e-02    0.0000000000e+00
    1.7889257520e-02    0.0000000000e+00
    1.7899349332e-02    0.0000000000e+00
    1.7909443006e-02    0.0000000000e+00
    1.7919478938e-02    0.0000000000e+00
    1.7929211259e-02    0.0000000000e+00
    1.7939902842e-02    0.0000000000e+00
    1.7949994653e-02    0.0000000000e+00
    1.7959170043e-02    0.0000000000e+00
    1.7969263718e-02    0.0000000000e+00
    1.7979320139e-02    0.0000000000e+00
    1.7989052460e-02    0.0000000000e+00
    1.7999703065e-02    0.0000000000e+00
    1.8009794876e-02    0.0000000000e+00
    1.8019888550e-02    0.0000000000e+00
    1.8029980361e-02    0.0000000000e+00
    1.8039155751e-02    0.0000000000e+00
    1.8049214035e-02    0.0000000000e+00
    1.8059264868e-02    0.0000000000e+00
    1.8069358543e-02    0.0000000000e+00
    1.8079450354e-02    0.0000000000e+00
    1.8089544028e-02    0.0000000000e+00
    1.8099635839e-02    0.0000000000e+00
    1.8109729514e-02    0.0000000000e+00
    1.8119821325e-02    0.0000000000e+00
    1.8129913136e-02    0.0000000000e+00
    1.8139088526e-02    0.0000000000e+00
    1.8149182200e-02    0.0000000000e+00
    1.8159836531e-02    0.0000000000e+00
    1.8169568852e-02    0.0000000000e+00
    1.8179301172e-02    0.0000000000e+00
    1.8189033493e-02    0.0000000000e+00
    1.8199982122e-02    0.0000000000e+00
    1.8209714442e-02    0.0000000000e+00
    1.8219446763e-02    0.0000000000e+00
    1.8229179084e-02    0.0000000000e+00
    1.8238911405e-02    0.0000000000e+00
    1.8249860033e-02    0.0000000000e+00
    1.8259590492e-02    0.0000000000e+00
    1.8269322813e-02    0.0000000000e+00
    1.8279055133e-02    0.0000000000e+00
    1.8289841712e-02    0.0000000000e+00
    1.8299574032e-02    0.0000000000e+00
    1.8309954554e-02    0.0000000000e+00
    1.8319686875e-02    0.0000000000e+00
    1.8329419196e-02    0.0000000000e+00
    1.8339799717e-02    0.0000000000e+00
    1.8349532038e-02    0.0000000000e+00
    1.8359912559e-02    0.0000000000e+00
    1.8369799480e-02    0.0000000000e+00
    1.8379529938e-02    0.0000000000e+00
    1.8389262259e-02    0.0000000000e+00
    1.8398992717e-02    0.0000000000e+00
    1.8409941345e-02    0.0000000000e+00
    1.8419673666e-02    0.0000000000e+00
    1.8429404125e-02    0.0000000000e+00
    1.8439136446e-02    0.0000000000e+00
    1.8448866904e-02    0.0000000000e+00
    1.8459815532e-02    0.0000000000e+00
    1.8469545990e-02    0.0000000000e+00
    1.8479278311e-02    0.0000000000e+00
    1.8489008769e-02    0.0000000000e+00
    1.8499957398e-02    0.0000000000e+00
    1.8509687856e-02    0.0000000000e+00
    1.8519418314e-02    0.0000000000e+00
    1.8529150635e-02    0.0000000000e+00
    1.8538881093e-02    0.0000000000e+00
    1.8549827859e-02    0.0000000000e+00
    1.8559560180e-02    0.0000000000e+00
    1.8569290638e-02    0.0000000000e+00
    1.8579021096e-02    0.0000000000e+00
    1.8589969724e-02    0.0000000000e+00
    1.8599700183e-02    0.0000000000e+00
    1.8609430641e-02    0.0000000000e+00
    1.8619161099e-02    0.0000000000e+00
    1.8628891557e-02    0.0000000000e+00
    1.8639838323e-02    0.0000000000e+00
    1.8649570644e-02    0.0000000000e+00
    1.8659301102e-02    0.0000000000e+00
    1.8669031560e-02    0.0000000000e+00
    1.8679978326e-02    0.0000000000e+00
    1.8689708784e-02    0.0000000000e+00
    1.8699439242e-02    0.0000000000e+00
    1.8709169701e-02    0.0000000000e+00
    1.8718900159e-02    0.0000000000e+00
    1.8729846925e-02    0.0000000000e+00
    1.8739577383e-02    0.0000000000e+00
    1.8749307841e-02    0.0000000000e+00
    1.8759038299e-02    0.0000000000e+00
    1.8769985065e-02    0.0000000000e+00
    1.8779715523e-02    0.0000000000e+00
    1.8789445981e-02    0.0000000000e+00
    1.8799176440e-02    0.0000000000e+00
    1.8808906898e-02    0.0000000000e+00
    1.8819853663e-02    0.0000000000e+00
    1.8829584122e-02    0.0000000000e+00
    1.8839314580e-02    0.0000000000e+00
    1.8849043176e-02    0.0000000000e+00
    1.8859989941e-02    0.0000000000e+00
    1.8869720399e-02    0.0000000000e+00
    1.8879450858e-02    0.0000000000e+00
    1.8889181316e-02    0.0000000000e+00
    1.8898911774e-02    0.0000000000e+00
    1.8909856677e-02    0.0000000000e+00
    1.8919587135e-02    0.0000000000e+00
    1.8929317594e-02    0.0000000000e+00
    1.8939048052e-02    0.0000000000e+00
    1.8949994817e-02    0.0000000000e+00
    1.8959723413e-02    0.0000000000e+00
    1.8969453871e-02    0.0000000000e+00
    1.8979184330e-02    0.0000000000e+00
    1.8988914788e-02    0.0000000000e+00
    1.8999859691e-02    0.0000000000e+00
    1.9009590149e-02    0.0000000000e+00
    1.9019320607e-02    0.0000000000e+00
    1.9029049203e-02    0.0000000000e+00
    1.9039995968e-02    0.0000000000e+00
    1.9049724564e-02    0.0000000000e+00
    1.9059455022e-02    0.0000000000e+00
    1.9069185480e-02    0.0000000000e+00
    1.9078914076e-02    0.0000000000e+00
    1.9089860842e-02    0.0000000000e+00
    1.9099589437e-02    0.0000000000e+00
    1.9109319896e-02    0.0000000000e+00
    1.9119050354e-02    0.0000000000e+00
    1.9129995257e-02    0.0000000000e+00
    1.9139725715e-02    0.0000000000e+00
    1.9149454311e-02    0.0000000000e+00
    1.9159184769e-02    0.0000000000e+00
    1.9168913364e-02    0.0000000000e+00
    1.9179860130e-02    0.0000000000e+00
    1.9189588726e-02    0.0000000000e+00
    1.9199319184e-02    0.0000000000e+00
    1.9209047779e-02    0.0000000000e+00
    1.9219994545e-02    0.0000000000e+00
    1.9229723141e-02    0.0000000000e+00
    1.9239453599e-02    0.0000000000e+00
    1.9249182194e-02    0.0000000000e+00
    1.9258910790e-02    0.0000000000e+00
    1.9269857556e-02    0.0000000000e+00
    1.9279586151e-02    0.0000000000e+00
    1.9289316610e-02    0.0000000000e+00
    1.9299045205e-02    0.0000000000e+00
    1.9309990108e-02    0.0000000000e+00
    1.9319720566e-02    0.0000000000e+00
    1.9329449162e-02    0.0000000000e+00
    1.9339179620e-02    0.0000000000e+00
    1.9348908216e-02    0.0000000000e+00
    1.9359854981e-02    0.0000000000e+00
    1.9369583577e-02    0.0000000000e+00
    1.9379312173e-02    0.0000000000e+00
    1.9389042631e-02    0.0000000000e+00
    1.9399987534e-02    0.0000000000e+00
    1.9409717992e-02    0.0000000000e+00
    1.9419446588e-02    0.0000000000e+00
    1.9429177046e-02    0.0000000000e+00
    1.9438905641e-02    0.0000000000e+00
    1.9449852407e-02    0.0000000000e+00
    1.9459581003e-02    0.0000000000e+00
    1.9469311461e-02    0.0000000000e+00
    1.9479040056e-02    0.0000000000e+00
    1.9489984959e-02    0.0000000000e+00
    1.9499715418e-02    0.0000000000e+00
    1.9509444013e-02    0.0000000000e+00
    1.9519174471e-02    0.0000000000e+00
    1.9528903067e-02    0.0000000000e+00
    1.9539847970e-02    0.0000000000e+00
    1.9549578428e-02    0.0000000000e+00
    1.9559307024e-02    0.0000000000e+00
    1.9569035619e-02    0.0000000000e+00
    1.9579980522e-02    0.0000000000e+00
    1.9589710981e-02    0.0000000000e+00
    1.9599439576e-02    0.0000000000e+00
    1.9609168172e-02    0.0000000000e+00
    1.9618896767e-02    0.0000000000e+00
    1.9629843533e-02    0.0000000000e+00
    1.9639572129e-02    0.0000000000e+00
    1.9649300724e-02    0.0000000000e+00
    1.9659029320e-02    0.0000000000e+00
    1.9669974223e-02    0.0000000000e+00
    1.9679704681e-02    0.0000000000e+00
    1.9689433277e-02    0.0000000000e+00
    1.9699161872e-02    0.0000000000e+00
    1.9708890468e-02    0.0000000000e+00
    1.9719837233e-02    0.0000000000e+00
    1.9729565829e-02    0.0000000000e+00
    1.9739294425e-02    0.0000000000e+00
    1.9749023020e-02    0.0000000000e+00
    1.9759969786e-02    0.0000000000e+00
    1.9769698381e-02    0.0000000000e+00
    1.9779426977e-02    0.0000000000e+00
    1.9789155573e-02    0.0000000000e+00
    1.9798886031e-02    0.0000000000e+00
    1.9809830934e-02    0.0000000000e+00
    1.9819559529e-02    0.0000000000e+00
    1.9829289988e-02    0.0000000000e+00
    1.9839018583e-02    0.0000000000e+00
    1.9849963486e-02    0.0000000000e+00
    1.9859692082e-02    0.0000000000e+00
    1.9869422540e-02    0.0000000000e+00
    1.9879151136e-02    0.0000000000e+00
    1.9888881594e-02    0.0000000000e+00
    1.9899826497e-02    0.0000000000e+00
    1.9909555092e-02    0.0000000000e+00
    1.9919283688e-02    0.0000000000e+00
    1.9929014146e-02    0.0000000000e+00
    1.9939959049e-02    0.0000000000e+00
    1.9949687645e-02    0.0000000000e+00
    1.9959418103e-02    0.0000000000e+00
    1.9969146699e-02    0.0000000000e+00
    1.9978877157e-02    0.0000000000e+00
    1.9989822060e-02    0.0000000000e+00
    1.9999550655e-02    0.0000000000e+00
    2.0009281114e-02    0.0000000000e+00
    2.0019009709e-02    0.0000000000e+00
    2.0029954612e-02    0.0000000000e+00
    2.0039685071e-02    0.0000000000e+00
    2.0049413666e-02    0.0000000000e+00
    2.0059144124e-02    0.0000000000e+00
    2.0068872720e-02    0.0000000000e+00
    2.0079819486e-02    0.0000000000e+00
    2.0089548081e-02    0.0000000000e+00
    2.0099278539e-02    0.0000000000e+00
    2.0109007135e-02    0.0000000000e+00
    2.0119953901e-02    0.0000000000e+00
    2.0129682496e-02    0.0000000000e+00
    2.0139412954e-02    0.0000000000e+00
    2.0149141550e-02    0.0000000000e+00
    2.0158872008e-02    0.0000000000e+00
    2.0169816911e-02    0.0000000000e+00
    2.0179547369e-02    0.0000000000e+00
    2.0189275965e-02    0.0000000000e+00
    2.0199006423e-02    0.0000000000e+00
    2.0209951326e-02    0.0000000000e+00
    2.0219681785e-02    0.0000000000e+00
    2.0229410380e-02    0.0000000000e+00
    2.0239140838e-02    0.0000000000e+00
    2.0248869434e-02    0.0000000000e+00
    2.0259816200e-02    0.0000000000e+00
    2.0269544795e-02    0.0000000000e+00
    2.0279275253e-02    0.0000000000e+00
    2.0289003849e-02    0.0000000000e+00
    2.0299950615e-02    0.0000000000e+00
    2.0309681073e-02    0.0000000000e+00
    2.0319409668e-02    0.0000000000e+00
    2.0329140127e-02    0.0000000000e+00
    2.0338868722e-02    0.0000000000e+00
    2.0349815488e-02    0.0000000000e+00
    2.0359545946e-02    0.0000000000e+00
    2.0369274542e-02    0.0000000000e+00
    2.0379005000e-02    0.0000000000e+00
    2.0389951766e-02    0.0000000000e+00
    2.0399680361e-02    0.0000000000e+00
    2.0409410819e-02    0.0000000000e+00
    2.0419141278e-02    0.0000000000e+00
    2.0428869873e-02    0.0000000000e+00
    2.0439816639e-02    0.0000000000e+00
    2.0449547097e-02    0.0000000000e+00
    2.0459277555e-02    0.0000000000e+00
    2.0469006151e-02    0.0000000000e+00
    2.0479952917e-02    0.0000000000e+00
    2.0489683375e-02    0.0000000000e+00
    2.0499413833e-02    0.0000000000e+00
    2.0509144291e-02    0.0000000000e+00
    2.0518872887e-02    0.0000000000e+00
    2.0529819652e-02    0.0000000000e+00
    2.0539550111e-02    0.0000000000e+00
    2.0549280569e-02    0.0000000000e+00
    2.0559011027e-02    0.0000000000e+00
    2.0569957793e-02    0.0000000000e+00
    2.0579688251e-02    0.0000000000e+00
    2.0589418709e-02    0.0000000000e+00
    2.0599149168e-02    0.0000000000e+00
    2.0608879626e-02    0.0000000000e+00
    2.0619826391e-02    0.0000000000e+00
    2.0629556850e-02    0.0000000000e+00
    2.0639287308e-02    0.0000000000e+00
    2.0649017766e-02    0.0000000000e+00
    2.0659966394e-02    0.0000000000e+00
    2.0669696853e-02    0.0000000000e+00
    2.0679427311e-02    0.0000000000e+00
    2.0689157769e-02    0.0000000000e+00
    2.0698888227e-02    0.0000000000e+00
    2.0709834993e-02    0.0000000000e+00
    2.0719567314e-02    0.0000000000e+00
    2.0729297772e-02    0.0000000000e+00
    2.0739028230e-02    0.0000000000e+00
    2.0749974996e-02    0.0000000000e+00
    2.0759707317e-02    0.0000000000e+00
    2.0769437775e-02    0.0000000000e+00
    2.0779168233e-02    0.0000000000e+00
    2.0788900554e-02    0.0000000000e+00
    2.0799847320e-02    0.0000000000e+00
    2.0809577778e-02    0.0000000000e+00
    2.0819310099e-02    0.0000000000e+00
    2.0829040557e-02    0.0000000000e+00
    2.0839987323e-02    0.0000000000e+00
    2.0849719644e-02    0.0000000000e+00
    2.0859450102e-02    0.0000000000e+00
    2.0869182423e-02    0.0000000000e+00
    2.0878912881e-02    0.0000000000e+00
    2.0889859647e-02    0.0000000000e+00
    2.0899591967e-02    0.0000000000e+00
    2.0909322426e-02    0.0000000000e+00
    2.0919054747e-02    0.0000000000e+00
    2.0928785205e-02    0.0000000000e+00
    2.0939733833e-02    0.0000000000e+00
    2.0949466154e-02    0.0000000000e+00
    2.0959196612e-02    0.0000000000e+00
    2.0968928933e-02    0.0000000000e+00
    2.0979875699e-02    0.0000000000e+00
    2.0989608020e-02    0.0000000000e+00
    2.0999340340e-02    0.0000000000e+00
    2.1009070799e-02    0.0000000000e+00
    2.1018803120e-02    0.0000000000e+00
    2.1029751748e-02    0.0000000000e+00
    2.1039482206e-02    0.0000000000e+00
    2.1049214527e-02    0.0000000000e+00
    2.1058946848e-02    0.0000000000e+00
    2.1069895476e-02    0.0000000000e+00
    2.1079625934e-02    0.0000000000e+00
    2.1089358255e-02    0.0000000000e+00
    2.1099090576e-02    0.0000000000e+00
    2.1108822897e-02    0.0000000000e+00
    2.1119771525e-02    0.0000000000e+00
    2.1129503846e-02    0.0000000000e+00
    2.1139236167e-02    0.0000000000e+00
    2.1148966625e-02    0.0000000000e+00
    2.1159915254e-02    0.0000000000e+00
    2.1169647574e-02    0.0000000000e+00
    2.1179379895e-02    0.0000000000e+00
    2.1189112216e-02    0.0000000000e+00
    2.1198844537e-02    0.0000000000e+00
    2.1209793165e-02    0.0000000000e+00
    2.1219525486e-02    0.0000000000e+00
    2.1229257807e-02    0.0000000000e+00
    2.1238990128e-02    0.0000000000e+00
    2.1249938756e-02    0.0000000000e+00
    2.1259671077e-02    0.0000000000e+00
    2.1269403398e-02    0.0000000000e+00
    2.1279135719e-02    0.0000000000e+00
    2.1288868040e-02    0.0000000000e+00
    2.1299816668e-02    0.0000000000e+00
    2.1309548989e-02    0.0000000000e+00
    2.1319281310e-02    0.0000000000e+00
    2.1329013631e-02    0.0000000000e+00
    2.1339964122e-02    0.0000000000e+00
    2.1349696442e-02    0.0000000000e+00
    2.1359428763e-02    0.0000000000e+00
    2.1369159222e-02    0.0000000000e+00
    2.1378891543e-02    0.0000000000e+00
    2.1389842033e-02    0.0000000000e+00
    2.1399572492e-02    0.0000000000e+00
    2.1409304813e-02    0.0000000000e+00
    2.1419037133e-02    0.0000000000e+00
    2.1429987624e-02    0.0000000000e+00
    2.1439718083e-02    0.0000000000e+00
    2.1449450403e-02    0.0000000000e+00
    2.1459182724e-02    0.0000000000e+00
    2.1468915045e-02    0.0000000000e+00
    2.1479863673e-02    0.0000000000e+00
    2.1489595994e-02    0.0000000000e+00
    2.1499328315e-02    0.0000000000e+00
    2.1509060636e-02    0.0000000000e+00
    2.1518792957e-02    0.0000000000e+00
    2.1529741585e-02    0.0000000000e+00
    2.1539473906e-02    0.0000000000e+00
    2.1549206227e-02    0.0000000000e+00
    2.1558938548e-02    0.0000000000e+00
    2.1569889039e-02    0.0000000000e+00
    2.1579621360e-02    0.0000000000e+00
    2.1589353681e-02    0.0000000000e+00
    2.1599086002e-02    0.0000000000e+00
    2.1608816460e-02    0.0000000000e+00
    2.1619766951e-02    0.0000000000e+00
    2.1629499272e-02    0.0000000000e+00
    2.1639231592e-02    0.0000000000e+00
    2.1648963913e-02    0.0000000000e+00
    2.1659912542e-02    0.0000000000e+00
    2.1669644862e-02    0.0000000000e+00
    2.1679377183e-02    0.0000000000e+00
    2.1689109504e-02    0.0000000000e+00
    2.1698841825e-02    0.0000000000e+00
    2.1709790453e-02    0.0000000000e+00
    2.1719522774e-02    0.0000000000e+00
    2.1729255095e-02    0.0000000000e+00
    2.1738987416e-02    0.0000000000e+00
    2.1749936044e-02    0.0000000000e+00
    2.1759668365e-02    0.0000000000e+00
    2.1769400686e-02    0.0000000000e+00
    2.1779133007e-02    0.0000000000e+00
    2.1788865328e-02    0.0000000000e+00
    2.1799813956e-02    0.0000000000e+00
    2.1809546277e-02    0.0000000000e+00
    2.1819278598e-02    0.0000000000e+00
    2.1829010919e-02    0.0000000000e+00
    2.1839959547e-02    0.0000000000e+00
    2.1849691868e-02    0.0000000000e+00
    2.1859424189e-02    0.0000000000e+00
    2.1869156510e-02    0.0000000000e+00
    2.1878888831e-02    0.0000000000e+00
    2.1889837459e-02    0.0000000000e+00
    2.1899569780e-02    0.0000000000e+00
    2.1909303963e-02    0.0000000000e+00
    2.1919036284e-02    0.0000000000e+00
    2.1929984912e-02    0.0000000000e+00
    2.1939717233e-02    0.0000000000e+00
    2.1949449554e-02    0.0000000000e+00
    2.1959181875e-02    0.0000000000e+00
    2.1968914196e-02    0.0000000000e+00
    2.1979862824e-02    0.0000000000e+00
    2.1989595145e-02    0.0000000000e+00
    2.1999327466e-02    0.0000000000e+00
    2.2009059787e-02    0.0000000000e+00
    2.2018792108e-02    0.0000000000e+00
    2.2029740736e-02    0.0000000000e+00
    2.2039473057e-02    0.0000000000e+00
    2.2049205378e-02    0.0000000000e+00
    2.2058937699e-02    0.0000000000e+00
    2.2069886327e-02    0.0000000000e+00
    2.2079618648e-02    0.0000000000e+00
    2.2089350969e-02    0.0000000000e+00
    2.2099083290e-02    0.0000000000e+00
    2.2108815610e-02    0.0000000000e+00
    2.2119764239e-02    0.0000000000e+00
    2.2129496560e-02    0.0000000000e+00
    2.2139228880e-02    0.0000000000e+00
    2.2148961201e-02    0.0000000000e+00
    2.2159909829e-02    0.0000000000e+00
    2.2169642150e-02    0.0000000000e+00
    2.2179374471e-02    0.0000000000e+00
    2.2189106792e-02    0.0000000000e+00
    2.2198839113e-02    0.0000000000e+00
    2.2209789604e-02    0.0000000000e+00
    2.2219521925e-02    0.0000000000e+00
    2.2229254246e-02    0.0000000000e+00
    2.2238986567e-02    0.0000000000e+00
    2.2249935195e-02    0.0000000000e+00
    2.2259667516e-02    0.0000000000e+00
    2.2269399837e-02    0.0000000000e+00
    2.2279132158e-02    0.0000000000e+00
    2.2288864478e-02    0.0000000000e+00
    2.2299813107e-02    0.0000000000e+00
    2.2309545428e-02    0.0000000000e+00
    2.2319277748e-02    0.0000000000e+00
    2.2329010069e-02    0.0000000000e+00
    2.2339958698e-02    0.0000000000e+00
    2.2349691018e-02    0.0000000000e+00
    2.2359423339e-02    0.0000000000e+00
    2.2369155660e-02    0.0000000000e+00
    2.2378887981e-02    0.0000000000e+00
    2.2389836609e-02    0.0000000000e+00
    2.2399568930e-02    0.0000000000e+00
    2.2409301251e-02    0.0000000000e+00
    2.2419033572e-02    0.0000000000e+00
    2.2429982200e-02    0.0000000000e+00
    2.2439714521e-02    0.0000000000e+00
    2.2449446842e-02    0.0000000000e+00
    2.2459179163e-02    0.0000000000e+00
    2.2468911484e-02    0.0000000000e+00
    2.2479860112e-02    0.0000000000e+00
    2.2489592433e-02    0.0000000000e+00
    2.2499324754e-02    0.0000000000e+00
    2.2509057075e-02    0.0000000000e+00
    2.2518789396e-02    0.0000000000e+00
    2.2529738024e-02    0.0000000000e+00
    2.2539470345e-02    0.0000000000e+00
    2.2549202666e-02    0.0000000000e+00
    2.2558934987e-02    0.0000000000e+00
    2.2569883615e-02    0.0000000000e+00
    2.2579615936e-02    0.0000000000e+00
    2.2589348257e-02    0.0000000000e+00
    2.2599080577e-02    0.0000000000e+00
    2.2608812898e-02    0.0000000000e+00
    2.2619761527e-02    0.0000000000e+00
    2.2629493847e-02    0.0000000000e+00
    2.2639224306e-02    0.0000000000e+00
    2.2648956627e-02    0.0000000000e+00
    2.2659905255e-02    0.0000000000e+00
    2.2669637576e-02    0.0000000000e+00
    2.2679369897e-02    0.0000000000e+00
    2.2689102218e-02    0.0000000000e+00
    2.2698834538e-02    0.0000000000e+00
    2.2709781304e-02    0.0000000000e+00
    2.2719513625e-02    0.0000000000e+00
    2.2729245946e-02    0.0000000000e+00
    2.2738978267e-02    0.0000000000e+00
    2.2749926895e-02    0.0000000000e+00
    2.2759659216e-02    0.0000000000e+00
    2.2769389674e-02    0.0000000000e+00
    2.2779121995e-02    0.0000000000e+00
    2.2788854316e-02    0.0000000000e+00
    2.2799802944e-02    0.0000000000e+00
    2.2809535265e-02    0.0000000000e+00
    2.2819265723e-02    0.0000000000e+00
    2.2828998044e-02    0.0000000000e+00
    2.2839946672e-02    0.0000000000e+00
    2.2849678993e-02    0.0000000000e+00
    2.2859409451e-02    0.0000000000e+00
    2.2869141772e-02    0.0000000000e+00
    2.2878874093e-02    0.0000000000e+00
    2.2889822721e-02    0.0000000000e+00
    2.2899553180e-02    0.0000000000e+00
    2.2909285501e-02    0.0000000000e+00
    2.2919017822e-02    0.0000000000e+00
    2.2929966450e-02    0.0000000000e+00
    2.2939696908e-02    0.0000000000e+00
    2.2949429229e-02    0.0000000000e+00
    2.2959161550e-02    0.0000000000e+00
    2.2968892008e-02    0.0000000000e+00
    2.2979840636e-02    0.0000000000e+00
    2.2989572957e-02    0.0000000000e+00
    2.2999305278e-02    0.0000000000e+00
    2.3009035736e-02    0.0000000000e+00
    2.3019984365e-02    0.0000000000e+00
    2.3029716685e-02    0.0000000000e+00
    2.3039449006e-02    0.0000000000e+00
    2.3049179465e-02    0.0000000000e+00
    2.3058911785e-02    0.0000000000e+00
    2.3069860414e-02    0.0000000000e+00
    2.3079592735e-02    0.0000000000e+00
    2.3089323193e-02    0.0000000000e+00
    2.3099055514e-02    0.0000000000e+00
    2.3108787835e-02    0.0000000000e+00
    2.3119736463e-02    0.0000000000e+00
    2.3129468784e-02    0.0000000000e+00
    2.3139199242e-02    0.0000000000e+00
    2.3148931563e-02    0.0000000000e+00
    2.3159692064e-02    0.0000000000e+00
    2.3169917986e-02    0.0000000000e+00
    2.3179460317e-02    0.0000000000e+00
    2.3189686239e-02    0.0000000000e+00
    2.3199912161e-02    0.0000000000e+00
    2.3209456354e-02    0.0000000000e+00
    2.3219680414e-02    0.0000000000e+00
    2.3229906335e-02    0.0000000000e+00
    2.3239450529e-02    0.0000000000e+00
    2.3249676451e-02    0.0000000000e+00
    2.3259900510e-02    0.0000000000e+00
    2.3269444704e-02    0.0000000000e+00
    2.3279670626e-02    0.0000000000e+00
    2.3289896548e-02    0.0000000000e+00
    2.3299438879e-02    0.0000000000e+00
    2.3309420794e-02    0.0000000000e+00
    2.3319644853e-02    0.0000000000e+00
    2.3329870775e-02    0.0000000000e+00
    2.3339414969e-02    0.0000000000e+00
    2.3349640891e-02    0.0000000000e+00
    2.3359864950e-02    0.0000000000e+00
    2.3369494826e-02    0.0000000000e+00
    2.3379135877e-02    0.0000000000e+00
    2.3389926180e-02    0.0000000000e+00
    2.3399468511e-02    0.0000000000e+00
    2.3409694433e-02    0.0000000000e+00
    2.3419920355e-02    0.0000000000e+00
    2.3429464549e-02    0.0000000000e+00
    2.3439688608e-02    0.0000000000e+00
    2.3449914530e-02    0.0000000000e+00
    2.3459261283e-02    0.0000000000e+00
    2.3469865322e-02    0.0000000000e+00
    2.3479506373e-02    0.0000000000e+00
    2.3489145562e-02    0.0000000000e+00
    2.3499749601e-02    0.0000000000e+00
    2.3509390652e-02    0.0000000000e+00
    2.3519994691e-02    0.0000000000e+00
    2.3529633880e-02    0.0000000000e+00
    2.3539274931e-02    0.0000000000e+00
    2.3549878970e-02    0.0000000000e+00
    2.3558853194e-02    0.0000000000e+00
    2.3569801822e-02    0.0000000000e+00
    2.3579439148e-02    0.0000000000e+00
    2.3589665070e-02    0.0000000000e+00
    2.3599889129e-02    0.0000000000e+00
    2.3609433323e-02    0.0000000000e+00
    2.3619659245e-02    0.0000000000e+00
    2.3629885167e-02    0.0000000000e+00
    2.3639427498e-02    0.0000000000e+00
    2.3649653420e-02    0.0000000000e+00
    2.3659879342e-02    0.0000000000e+00
    2.3669423535e-02    0.0000000000e+00
    2.3679617792e-02    0.0000000000e+00
    2.3689256981e-02    0.0000000000e+00
    2.3699861020e-02    0.0000000000e+00
    2.3708835244e-02    0.0000000000e+00
    2.3719595745e-02    0.0000000000e+00
    2.3729821667e-02    0.0000000000e+00
    2.3739365861e-02    0.0000000000e+00
    2.3749591783e-02    0.0000000000e+00
    2.3759884760e-02    0.0000000000e+00
    2.3769328371e-02    0.0000000000e+00
    2.3779932410e-02    0.0000000000e+00
    2.3789573461e-02    0.0000000000e+00
    2.3799212649e-02    0.0000000000e+00
    2.3809816688e-02    0.0000000000e+00
    2.3819457740e-02    0.0000000000e+00
    2.3829096928e-02    0.0000000000e+00
    2.3839700967e-02    0.0000000000e+00
    2.3849342018e-02    0.0000000000e+00
    2.3859946057e-02    0.0000000000e+00
    2.3869585246e-02    0.0000000000e+00
    2.3879226297e-02    0.0000000000e+00
    2.3889830336e-02    0.0000000000e+00
    2.3899469525e-02    0.0000000000e+00
    2.3909110576e-02    0.0000000000e+00
    2.3919714615e-02    0.0000000000e+00
    2.3929450661e-02    0.0000000000e+00
    2.3939132690e-02    0.0000000000e+00
    2.3949988186e-02    0.0000000000e+00
    2.3959629238e-02    0.0000000000e+00
    2.3969337344e-02    0.0000000000e+00
    2.3979563266e-02    0.0000000000e+00
    2.3989789188e-02    0.0000000000e+00
    2.3999253288e-02    0.0000000000e+00
    2.4009857327e-02    0.0000000000e+00
    2.4019593373e-02    0.0000000000e+00
    2.4029275402e-02    0.0000000000e+00
    2.4039005861e-02    0.0000000000e+00
    2.4049954489e-02    0.0000000000e+00
    2.4059846997e-02    0.0000000000e+00
    2.4069486186e-02    0.0000000000e+00
    2.4079525843e-02    0.0000000000e+00
    2.4089751765e-02    0.0000000000e+00
    2.4099977687e-02    0.0000000000e+00
    2.4109853432e-02    0.0000000000e+00
    2.4119583890e-02    0.0000000000e+00
    2.4129316211e-02    0.0000000000e+00
    2.4139253423e-02    0.0000000000e+00
    2.4149857461e-02    0.0000000000e+00
    2.4158878252e-02    0.0000000000e+00
    2.4169826880e-02    0.0000000000e+00
    2.4179905653e-02    0.0000000000e+00
    2.4189447984e-02    0.0000000000e+00
    2.4199886248e-02    0.0000000000e+00
    2.4209421128e-02    0.0000000000e+00
    2.4219647050e-02    0.0000000000e+00
    2.4229871109e-02    0.0000000000e+00
    2.4239415303e-02    0.0000000000e+00
    2.4249641225e-02    0.0000000000e+00
    2.4259867147e-02    0.0000000000e+00
    2.4269409478e-02    0.0000000000e+00
    2.4279635400e-02    0.0000000000e+00
    2.4289216846e-02    0.0000000000e+00
    2.4299390614e-02    0.0000000000e+00
    2.4309614673e-02    0.0000000000e+00
    2.4319840595e-02    0.0000000000e+00
    2.4329384789e-02    0.0000000000e+00
    2.4339610711e-02    0.0000000000e+00
    2.4349834770e-02    0.0000000000e+00
    2.4359710515e-02    0.0000000000e+00
    2.4369442835e-02    0.0000000000e+00
    2.4379175156e-02    0.0000000000e+00
    2.4388905615e-02    0.0000000000e+00
    2.4399854243e-02    0.0000000000e+00
    2.4409586564e-02    0.0000000000e+00
    2.4419317022e-02    0.0000000000e+00
    2.4429049343e-02    0.0000000000e+00
    2.4439996108e-02    0.0000000000e+00
    2.4449728429e-02    0.0000000000e+00
    2.4459460750e-02    0.0000000000e+00
    2.4469191208e-02    0.0000000000e+00
    2.4478923529e-02    0.0000000000e+00
    2.4489872158e-02    0.0000000000e+00
    2.4499602616e-02    0.0000000000e+00
    2.4509334937e-02    0.0000000000e+00
    2.4519065395e-02    0.0000000000e+00
    2.4528797716e-02    0.0000000000e+00
    2.4539744481e-02    0.0000000000e+00
    2.4549476802e-02    0.0000000000e+00
    2.4559209123e-02    0.0000000000e+00
    2.4568939582e-02    0.0000000000e+00
    2.4579888210e-02    0.0000000000e+00
    2.4589618668e-02    0.0000000000e+00
    2.4599350989e-02    0.0000000000e+00
    2.4609081447e-02    0.0000000000e+00
    2.4618813768e-02    0.0000000000e+00
    2.4629760534e-02    0.0000000000e+00
    2.4639492854e-02    0.0000000000e+00
    2.4649223313e-02    0.0000000000e+00
    2.4658955634e-02    0.0000000000e+00
    2.4669902399e-02    0.0000000000e+00
    2.4679634720e-02    0.0000000000e+00
    2.4689365178e-02    0.0000000000e+00
    2.4699095637e-02    0.0000000000e+00
    2.4708827958e-02    0.0000000000e+00
    2.4719774723e-02    0.0000000000e+00
    2.4729507044e-02    0.0000000000e+00
    2.4739237502e-02    0.0000000000e+00
    2.4748969823e-02    0.0000000000e+00
    2.4759916589e-02    0.0000000000e+00
    2.4769648910e-02    0.0000000000e+00
    2.4779379368e-02    0.0000000000e+00
    2.4789111689e-02    0.0000000000e+00
    2.4798842147e-02    0.0000000000e+00
    2.4809790775e-02    0.0000000000e+00
    2.4819521233e-02    0.0000000000e+00
    2.4829251692e-02    0.0000000000e+00
    2.4838984013e-02    0.0000000000e+00
    2.4849930778e-02    0.0000000000e+00
    2.4859663099e-02    0.0000000000e+00
    2.4869393557e-02    0.0000000000e+00
    2.4879125878e-02    0.0000000000e+00
    2.4888856336e-02    0.0000000000e+00
    2.4899804965e-02    0.0000000000e+00
    2.4909535423e-02    0.0000000000e+00
    2.4919265881e-02    0.0000000000e+00
    2.4928998202e-02    0.0000000000e+00
    2.4939944968e-02    0.0000000000e+00
    2.4949677289e-02    0.0000000000e+00
    2.4959407747e-02    0.0000000000e+00
    2.4969140068e-02    0.0000000000e+00
    2.4978870526e-02    0.0000000000e+00
    2.4989817291e-02    0.0000000000e+00
    2.4999549612e-02    0.0000000000e+00
    2.5009280071e-02    0.0000000000e+00
    2.5019012392e-02    0.0000000000e+00
    2.5029959157e-02    0.0000000000e+00
    2.5039689615e-02    0.0000000000e+00
    2.5049421936e-02    0.0000000000e+00
    2.5059152395e-02    0.0000000000e+00
    2.5068884715e-02    0.0000000000e+00
    2.5079831481e-02    0.0000000000e+00
    2.5089563802e-02    0.0000000000e+00
    2.5099294260e-02    0.0000000000e+00
    2.5109024718e-02    0.0000000000e+00
    2.5119973347e-02    0.0000000000e+00
    2.5129703805e-02    0.0000000000e+00
    2.5139436126e-02    0.0000000000e+00
    2.5149166584e-02    0.0000000000e+00
    2.5158898905e-02    0.0000000000e+00
    2.5169845670e-02    0.0000000000e+00
    2.5179576129e-02    0.0000000000e+00
    2.5189308450e-02    0.0000000000e+00
    2.5199038908e-02    0.0000000000e+00
    2.5209987536e-02    0.0000000000e+00
    2.5219717994e-02    0.0000000000e+00
    2.5229450315e-02    0.0000000000e+00
    2.5239180773e-02    0.0000000000e+00
    2.5248913094e-02    0.0000000000e+00
    2.5259859860e-02    0.0000000000e+00
    2.5269592181e-02    0.0000000000e+00
    2.5279322639e-02    0.0000000000e+00
    2.5289053097e-02    0.0000000000e+00
    2.5298785418e-02    0.0000000000e+00
    2.5309732184e-02    0.0000000000e+00
    2.5319464505e-02    0.0000000000e+00
    2.5329194963e-02    0.0000000000e+00
    2.5338927284e-02    0.0000000000e+00
    2.5349874049e-02    0.0000000000e+00
    2.5359606370e-02    0.0000000000e+00
    2.5369336829e-02    0.0000000000e+00
    2.5379067287e-02    0.0000000000e+00
    2.5388799608e-02    0.0000000000e+00
    2.5399746373e-02    0.0000000000e+00
    2.5409478694e-02    0.0000000000e+00
    2.5419209152e-02    0.0000000000e+00
    2.5428941473e-02    0.0000000000e+00
    2.5439888239e-02    0.0000000000e+00
    2.5449618697e-02    0.0000000000e+00
    2.5459351018e-02    0.0000000000e+00
    2.5469081476e-02    0.0000000000e+00
    2.5478813797e-02    0.0000000000e+00
    2.5489760563e-02    0.0000000000e+00
    2.5499492884e-02    0.0000000000e+00
    2.5509223342e-02    0.0000000000e+00
    2.5518953800e-02    0.0000000000e+00
    2.5529902428e-02    0.0000000000e+00
    2.5539632887e-02    0.0000000000e+00
    2.5549365208e-02    0.0000000000e+00
    2.5559095666e-02    0.0000000000e+00
    2.5568827987e-02    0.0000000000e+00
    2.5579774752e-02    0.0000000000e+00
    2.5589507073e-02    0.0000000000e+00
    2.5599237531e-02    0.0000000000e+00
    2.5608969852e-02    0.0000000000e+00
    2.5619916618e-02    0.0000000000e+00
    2.5629648939e-02    0.0000000000e+00
    2.5639379397e-02    0.0000000000e+00
    2.5649111718e-02    0.0000000000e+00
    2.5658842176e-02    0.0000000000e+00
    2.5669790804e-02    0.0000000000e+00
    2.5679521263e-02    0.0000000000e+00
    2.5689253584e-02    0.0000000000e+00
    2.5698984042e-02    0.0000000000e+00
    2.5709932670e-02    0.0000000000e+00
    2.5719663128e-02    0.0000000000e+00
    2.5729395449e-02    0.0000000000e+00
    2.5739125907e-02    0.0000000000e+00
    2.5748858228e-02    0.0000000000e+00
    2.5759804994e-02    0.0000000000e+00
    2.5769537315e-02    0.0000000000e+00
    2.5779267773e-02    0.0000000000e+00
    2.5789000094e-02    0.0000000000e+00
    2.5799946859e-02    0.0000000000e+00
    2.5809679180e-02    0.0000000000e+00
    2.5819409639e-02    0.0000000000e+00
    2.5829141960e-02    0.0000000000e+00
    2.5838872418e-02    0.0000000000e+00
    2.5849821046e-02    0.0000000000e+00
    2.5859551504e-02    0.0000000000e+00
    2.5869283825e-02    0.0000000000e+00
    2.5879014283e-02    0.0000000000e+00
    2.5889962912e-02    0.0000000000e+00
    2.5899695233e-02    0.0000000000e+00
    2.5909425691e-02    0.0000000000e+00
    2.5919158012e-02    0.0000000000e+00
    2.5928888470e-02    0.0000000000e+00
    2.5939837098e-02    0.0000000000e+00
    2.5949567556e-02    0.0000000000e+00
    2.5959299877e-02    0.0000000000e+00
    2.5969032198e-02    0.0000000000e+00
    2.5979978964e-02    0.0000000000e+00
    2.5989711285e-02    0.0000000000e+00
    2.5999441743e-02    0.0000000000e+00
    2.6009174064e-02    0.0000000000e+00
    2.6018904522e-02    0.0000000000e+00
    2.6029853150e-02    0.0000000000e+00
    2.6039585471e-02    0.0000000000e+00
    2.6049315929e-02    0.0000000000e+00
    2.6059048250e-02    0.0000000000e+00
    2.6069995016e-02    0.0000000000e+00
    2.6079727337e-02    0.0000000000e+00
    2.6089457795e-02    0.0000000000e+00
    2.6099190116e-02    0.0000000000e+00
    2.6108922437e-02    0.0000000000e+00
    2.6119869202e-02    0.0000000000e+00
    2.6129601523e-02    0.0000000000e+00
    2.6139331982e-02    0.0000000000e+00
    2.6149064302e-02    0.0000000000e+00
    2.6158794761e-02    0.0000000000e+00
    2.6169743389e-02    0.0000000000e+00
    2.6179475710e-02    0.0000000000e+00
    2.6189206168e-02    0.0000000000e+00
    2.6198938489e-02    0.0000000000e+00
    2.6209885255e-02    0.0000000000e+00
    2.6219617575e-02    0.0000000000e+00
    2.6229348034e-02    0.0000000000e+00
    2.6239080355e-02    0.0000000000e+00
    2.6248810813e-02    0.0000000000e+00
    2.6259759441e-02    0.0000000000e+00
    2.6269491762e-02    0.0000000000e+00
    2.6279222220e-02    0.0000000000e+00
    2.6288954541e-02    0.0000000000e+00
    2.6299901307e-02    0.0000000000e+00
    2.6309633628e-02    0.0000000000e+00
    2.6319364086e-02    0.0000000000e+00
    2.6329096407e-02    0.0000000000e+00
    2.6338828728e-02    0.0000000000e+00
    2.6349775493e-02    0.0000000000e+00
    2.6359507814e-02    0.0000000000e+00
    2.6369238272e-02    0.0000000000e+00
    2.6378970593e-02    0.0000000000e+00
    2.6389917359e-02    0.0000000000e+00
    2.6399649680e-02    0.0000000000e+00
    2.6409380138e-02    0.0000000000e+00
    2.6419112459e-02    0.0000000000e+00
    2.6428844780e-02    0.0000000000e+00
    2.6439791545e-02    0.0000000000e+00
    2.6449523866e-02    0.0000000000e+00
    2.6459254324e-02    0.0000000000e+00
    2.6468986645e-02    0.0000000000e+00
    2.6479933411e-02    0.0000000000e+00
    2.6489665732e-02    0.0000000000e+00
    2.6499396190e-02    0.0000000000e+00
    2.6509128511e-02    0.0000000000e+00
    2.6518860832e-02    0.0000000000e+00
    2.6529807597e-02    0.0000000000e+00
    2.6539539918e-02    0.0000000000e+00
    2.6549270377e-02    0.0000000000e+00
    2.6559002697e-02    0.0000000000e+00
    2.6569949463e-02    0.0000000000e+00
    2.6579681784e-02    0.0000000000e+00
    2.6589412242e-02    0.0000000000e+00
    2.6599144563e-02    0.0000000000e+00
    2.6608875021e-02    0.0000000000e+00
    2.6619823650e-02    0.0000000000e+00
    2.6629554108e-02    0.0000000000e+00
    2.6639286429e-02    0.0000000000e+00
    2.6649018750e-02    0.0000000000e+00
    2.6659965515e-02    0.0000000000e+00
    2.6669697836e-02    0.0000000000e+00
    2.6679428294e-02    0.0000000000e+00
    2.6689160615e-02    0.0000000000e+00
    2.6698891073e-02    0.0000000000e+00
    2.6709839702e-02    0.0000000000e+00
    2.6719570160e-02    0.0000000000e+00
    2.6729302481e-02    0.0000000000e+00
    2.6739034802e-02    0.0000000000e+00
    2.6749981567e-02    0.0000000000e+00
    2.6759713888e-02    0.0000000000e+00
    2.6769444346e-02    0.0000000000e+00
    2.6779176667e-02    0.0000000000e+00
    2.6788907126e-02    0.0000000000e+00
    2.6799855754e-02    0.0000000000e+00
    2.6809588075e-02    0.0000000000e+00
    2.6819318533e-02    0.0000000000e+00
    2.6829050854e-02    0.0000000000e+00
    2.6839997619e-02    0.0000000000e+00
    2.6849729940e-02    0.0000000000e+00
    2.6859462261e-02    0.0000000000e+00
    2.6869192719e-02    0.0000000000e+00
    2.6878925040e-02    0.0000000000e+00
    2.6889871806e-02    0.0000000000e+00
    2.6899604127e-02    0.0000000000e+00
    2.6909336448e-02    0.0000000000e+00
    2.6919066906e-02    0.0000000000e+00
    2.6928799227e-02    0.0000000000e+00
    2.6939745992e-02    0.0000000000e+00
    2.6949478313e-02    0.0000000000e+00
    2.6959210634e-02    0.0000000000e+00
    2.6968941092e-02    0.0000000000e+00
    2.6979889721e-02    0.0000000000e+00
    2.6989620179e-02    0.0000000000e+00
    2.6999352500e-02    0.0000000000e+00
    2.7009084821e-02    0.0000000000e+00
    2.7018815279e-02    0.0000000000e+00
    2.7029763907e-02    0.0000000000e+00
    2.7039494365e-02    0.0000000000e+00
    2.7049226686e-02    0.0000000000e+00
    2.7058959007e-02    0.0000000000e+00
    2.7069905773e-02    0.0000000000e+00
    2.7079638094e-02    0.0000000000e+00
    2.7089370415e-02    0.0000000000e+00
    2.7099100873e-02    0.0000000000e+00
    2.7108833194e-02    0.0000000000e+00
    2.7119781822e-02    0.0000000000e+00
    2.7129512280e-02    0.0000000000e+00
    2.7139244601e-02    0.0000000000e+00
    2.7148976922e-02    0.0000000000e+00
    2.7159923688e-02    0.0000000000e+00
    2.7169656008e-02    0.0000000000e+00
    2.7179388329e-02    0.0000000000e+00
    2.7189120650e-02    0.0000000000e+00
    2.7198851109e-02    0.0000000000e+00
    2.7209799737e-02    0.0000000000e+00
    2.7219532058e-02    0.0000000000e+00
    2.7229262516e-02    0.0000000000e+00
    2.7238994837e-02    0.0000000000e+00
    2.7249943465e-02    0.0000000000e+00
    2.7259675786e-02    0.0000000000e+00
    2.7269406244e-02    0.0000000000e+00
    2.7279138565e-02    0.0000000000e+00
    2.7288870886e-02    0.0000000000e+00
    2.7299819514e-02    0.0000000000e+00
    2.7309549972e-02    0.0000000000e+00
    2.7319282293e-02    0.0000000000e+00
    2.7329014614e-02    0.0000000000e+00
    2.7339963242e-02    0.0000000000e+00
    2.7349695563e-02    0.0000000000e+00
    2.7359426022e-02    0.0000000000e+00
    2.7369158342e-02    0.0000000000e+00
    2.7378890663e-02    0.0000000000e+00
    2.7389839292e-02    0.0000000000e+00
    2.7399571612e-02    0.0000000000e+00
    2.7409302071e-02    0.0000000000e+00
    2.7419034392e-02    0.0000000000e+00
    2.7429983020e-02    0.0000000000e+00
    2.7439715341e-02    0.0000000000e+00
    2.7449447662e-02    0.0000000000e+00
    2.7459178120e-02    0.0000000000e+00
    2.7468910441e-02    0.0000000000e+00
    2.7479859069e-02    0.0000000000e+00
    2.7489591390e-02    0.0000000000e+00
    2.7499323711e-02    0.0000000000e+00
    2.7509056032e-02    0.0000000000e+00
    2.7518788353e-02    0.0000000000e+00
    2.7529735118e-02    0.0000000000e+00
    2.7539467439e-02    0.0000000000e+00
    2.7549199760e-02    0.0000000000e+00
    2.7558932081e-02    0.0000000000e+00
    2.7569880709e-02    0.0000000000e+00
    2.7579613030e-02    0.0000000000e+00
    2.7589345351e-02    0.0000000000e+00
    2.7599075809e-02    0.0000000000e+00
    2.7608808130e-02    0.0000000000e+00
    2.7619756758e-02    0.0000000000e+00
    2.7629489079e-02    0.0000000000e+00
    2.7639221400e-02    0.0000000000e+00
    2.7648953721e-02    0.0000000000e+00
    2.7659902349e-02    0.0000000000e+00
    2.7669634670e-02    0.0000000000e+00
    2.7679366991e-02    0.0000000000e+00
    2.7689097449e-02    0.0000000000e+00
    2.7698829770e-02    0.0000000000e+00
    2.7709778398e-02    0.0000000000e+00
    2.7719510719e-02    0.0000000000e+00
    2.7729243040e-02    0.0000000000e+00
    2.7738975361e-02    0.0000000000e+00
    2.7749923989e-02    0.0000000000e+00
    2.7759656310e-02    0.0000000000e+00
    2.7769388631e-02    0.0000000000e+00
    2.7779119089e-02    0.0000000000e+00
    2.7788851410e-02    0.0000000000e+00
    2.7799800038e-02    0.0000000000e+00
    2.7809532359e-02    0.0000000000e+00
    2.7819264680e-02    0.0000000000e+00
    2.7828997001e-02    0.0000000000e+00
    2.7839945629e-02    0.0000000000e+00
    2.7849677950e-02    0.0000000000e+00
    2.7859410271e-02    0.0000000000e+00
    2.7869142592e-02    0.0000000000e+00
    2.7878873050e-02    0.0000000000e+00
    2.7889821678e-02    0.0000000000e+00
    2.7899553999e-02    0.0000000000e+00
    2.7909286320e-02    0.0000000000e+00
    2.7919018641e-02    0.0000000000e+00
    2.7929967269e-02    0.0000000000e+00
    2.7939699590e-02    0.0000000000e+00
    2.7949431911e-02    0.0000000000e+00
    2.7959164232e-02    0.0000000000e+00
    2.7968896553e-02    0.0000000000e+00
    2.7979845181e-02    0.0000000000e+00
    2.7989577502e-02    0.0000000000e+00
    2.7999309823e-02    0.0000000000e+00
    2.8009042144e-02    0.0000000000e+00
    2.8019990772e-02    0.0000000000e+00
    2.8029723093e-02    0.0000000000e+00
    2.8039455414e-02    0.0000000000e+00
    2.8049185872e-02    0.0000000000e+00
    2.8058918193e-02    0.0000000000e+00
    2.8069866821e-02    0.0000000000e+00
    2.8079599142e-02    0.0000000000e+00
    2.8089331463e-02    0.0000000000e+00
    2.8099063784e-02    0.0000000000e+00
    2.8108796105e-02    0.0000000000e+00
    2.8119744733e-02    0.0000000000e+00
    2.8129477054e-02    0.0000000000e+00
    2.8139209375e-02    0.0000000000e+00
    2.8148941696e-02    0.0000000000e+00
    2.8159890324e-02    0.0000000000e+00
    2.8169622645e-02    0.0000000000e+00
    2.8179354966e-02    0.0000000000e+00
    2.8189087287e-02    0.0000000000e+00
    2.8198819607e-02    0.0000000000e+00
    2.8209768236e-02    0.0000000000e+00
    2.8219500557e-02    0.0000000000e+00
    2.8229232877e-02    0.0000000000e+00
    2.8238965198e-02    0.0000000000e+00
    2.8249913827e-02    0.0000000000e+00
    2.8259646147e-02    0.0000000000e+00
    2.8269378468e-02    0.0000000000e+00
    2.8279110789e-02    0.0000000000e+00
    2.8288843110e-02    0.0000000000e+00
    2.8299791738e-02    0.0000000000e+00
    2.8309524059e-02    0.0000000000e+00
    2.8319256380e-02    0.0000000000e+00
    2.8328988701e-02    0.0000000000e+00
    2.8339937329e-02    0.0000000000e+00
    2.8349669650e-02    0.0000000000e+00
    2.8359401971e-02    0.0000000000e+00
    2.8369134292e-02    0.0000000000e+00
    2.8378866613e-02    0.0000000000e+00
    2.8389815241e-02    0.0000000000e+00
    2.8399547562e-02    0.0000000000e+00
    2.8409279883e-02    0.0000000000e+00
    2.8419012204e-02    0.0000000000e+00
    2.8429960832e-02    0.0000000000e+00
    2.8439693153e-02    0.0000000000e+00
    2.8449425474e-02    0.0000000000e+00
    2.8459157795e-02    0.0000000000e+00
    2.8468890116e-02    0.0000000000e+00
    2.8479838744e-02    0.0000000000e+00
    2.8489571065e-02    0.0000000000e+00
    2.8499303386e-02    0.0000000000e+00
    2.8509035707e-02    0.0000000000e+00
    2.8519984335e-02    0.0000000000e+00
    2.8529716656e-02    0.0000000000e+00
    2.8539448977e-02    0.0000000000e+00
    2.8549181297e-02    0.0000000000e+00
    2.8558913618e-02    0.0000000000e+00
    2.8569862247e-02    0.0000000000e+00
    2.8579594567e-02    0.0000000000e+00
    2.8589326888e-02    0.0000000000e+00
    2.8599059209e-02    0.0000000000e+00
    2.8608791530e-02    0.0000000000e+00
    2.8619740158e-02    0.0000000000e+00
    2.8629472479e-02    0.0000000000e+00
    2.8639204800e-02    0.0000000000e+00
    2.8648937121e-02    0.0000000000e+00
    2.8659885749e-02    0.0000000000e+00
    2.8669618070e-02    0.0000000000e+00
    2.8679350391e-02    0.0000000000e+00
    2.8689082712e-02    0.0000000000e+00
    2.8698815033e-02    0.0000000000e+00
    2.8709765524e-02    0.0000000000e+00
    2.8719497845e-02    0.0000000000e+00
    2.8729230165e-02    0.0000000000e+00
    2.8738960624e-02    0.0000000000e+00
    2.8749911115e-02    0.0000000000e+00
    2.8759643435e-02    0.0000000000e+00
    2.8769375756e-02    0.0000000000e+00
    2.8779108077e-02    0.0000000000e+00
    2.8788840398e-02    0.0000000000e+00
    2.8799789026e-02    0.0000000000e+00
    2.8809521347e-02    0.0000000000e+00
    2.8819253668e-02    0.0000000000e+00
    2.8828985989e-02    0.0000000000e+00
    2.8839934617e-02    0.0000000000e+00
    2.8849666938e-02    0.0000000000e+00
    2.8859399259e-02    0.0000000000e+00
    2.8869129717e-02    0.0000000000e+00
    2.8878862038e-02    0.0000000000e+00
    2.8889810666e-02    0.0000000000e+00
    2.8899542987e-02    0.0000000000e+00
    2.8909275308e-02    0.0000000000e+00
    2.8919007629e-02    0.0000000000e+00
    2.8929956257e-02    0.0000000000e+00
    2.8939688578e-02    0.0000000000e+00
    2.8949420899e-02    0.0000000000e+00
    2.8959153220e-02    0.0000000000e+00
    2.8968883678e-02    0.0000000000e+00
    2.8979832307e-02    0.0000000000e+00
    2.8989564627e-02    0.0000000000e+00
    2.8999296948e-02    0.0000000000e+00
    2.9009029269e-02    0.0000000000e+00
    2.9019976035e-02    0.0000000000e+00
    2.9029708356e-02    0.0000000000e+00
    2.9039440677e-02    0.0000000000e+00
    2.9049172997e-02    0.0000000000e+00
    2.9058903456e-02    0.0000000000e+00
    2.9069852084e-02    0.0000000000e+00
    2.9079584405e-02    0.0000000000e+00
    2.9089316726e-02    0.0000000000e+00
    2.9099047184e-02    0.0000000000e+00
    2.9109995812e-02    0.0000000000e+00
    2.9119728133e-02    0.0000000000e+00
    2.9129458591e-02    0.0000000000e+00
    2.9139190912e-02    0.0000000000e+00
    2.9148923233e-02    0.0000000000e+00
    2.9159869999e-02    0.0000000000e+00
    2.9169602320e-02    0.0000000000e+00
    2.9179334641e-02    0.0000000000e+00
    2.9189065099e-02    0.0000000000e+00
    2.9198797420e-02    0.0000000000e+00
    2.9209744185e-02    0.0000000000e+00
    2.9219476506e-02    0.0000000000e+00
    2.9229206964e-02    0.0000000000e+00
    2.9238939285e-02    0.0000000000e+00
    2.9249887913e-02    0.0000000000e+00
    2.9259618372e-02    0.0000000000e+00
    2.9269350693e-02    0.0000000000e+00
    2.9279081151e-02    0.0000000000e+00
    2.9288813472e-02    0.0000000000e+00
    2.9299760237e-02    0.0000000000e+00
    2.9309492558e-02    0.0000000000e+00
    2.9319223017e-02    0.0000000000e+00
    2.9328955337e-02    0.0000000000e+00
    2.9339902103e-02    0.0000000000e+00
    2.9349634424e-02    0.0000000000e+00
    2.9359364882e-02    0.0000000000e+00
    2.9369095340e-02    0.0000000000e+00
    2.9378827661e-02    0.0000000000e+00
    2.9389774427e-02    0.0000000000e+00
    2.9399506748e-02    0.0000000000e+00
    2.9409237206e-02    0.0000000000e+00
    2.9418969527e-02    0.0000000000e+00
    2.9429916292e-02    0.0000000000e+00
    2.9439646751e-02    0.0000000000e+00
    2.9449379072e-02    0.0000000000e+00
    2.9459109530e-02    0.0000000000e+00
    2.9468839988e-02    0.0000000000e+00
    2.9479788616e-02    0.0000000000e+00
    2.9489519075e-02    0.0000000000e+00
    2.9499249533e-02    0.0000000000e+00
    2.9508981854e-02    0.0000000000e+00
    2.9519928619e-02    0.0000000000e+00
    2.9529659078e-02    0.0000000000e+00
    2.9539391398e-02    0.0000000000e+00
    2.9549121857e-02    0.0000000000e+00
    2.9558852315e-02    0.0000000000e+00
    2.9569799080e-02    0.0000000000e+00
    2.9579529539e-02    0.0000000000e+00
    2.9589261860e-02    0.0000000000e+00
    2.9598992318e-02    0.0000000000e+00
    2.9609939083e-02    0.0000000000e+00
    2.9619669542e-02    0.0000000000e+00
    2.9629401863e-02    0.0000000000e+00
    2.9639132321e-02    0.0000000000e+00
    2.9648862779e-02    0.0000000000e+00
    2.9659809545e-02    0.0000000000e+00
    2.9669540003e-02    0.0000000000e+00
    2.9679272324e-02    0.0000000000e+00
    2.9689002782e-02    0.0000000000e+00
    2.9699949548e-02    0.0000000000e+00
    2.9709680006e-02    0.0000000000e+00
    2.9719410464e-02    0.0000000000e+00
    2.9729140922e-02    0.0000000000e+00
    2.9738871381e-02    0.0000000000e+00
    2.9749820009e-02    0.0000000000e+00
    2.9759550467e-02    0.0000000000e+00
    2.9769480228e-02    0.0000000000e+00
    2.9779706150e-02    0.0000000000e+00
    2.9789932072e-02    0.0000000000e+00
    2.9799476266e-02    0.0000000000e+00
    2.9809700325e-02    0.0000000000e+00
    2.9819926247e-02    0.0000000000e+00
    2.9829470441e-02    0.0000000000e+00
    2.9839696363e-02    0.0000000000e+00
    2.9849920422e-02    0.0000000000e+00
    2.9859464616e-02    0.0000000000e+00
    2.9869690537e-02    0.0000000000e+00
    2.9879916459e-02    0.0000000000e+00
    2.9889827594e-02    0.0000000000e+00
    2.9899468645e-02    0.0000000000e+00
    2.9909575358e-02    0.0000000000e+00
    2.9919801280e-02    0.0000000000e+00
    2.9929345474e-02    0.0000000000e+00
    2.9939571396e-02    0.0000000000e+00
    2.9949795455e-02    0.0000000000e+00
    2.9959339648e-02    0.0000000000e+00
    2.9969565570e-02    0.0000000000e+00
    2.9979791492e-02    0.0000000000e+00
    2.9989333823e-02    0.0000000000e+00
    2.9999559745e-02    0.0000000000e+00
    3.0000241473e-02    0.0000000000e+00
      3002
    0.0000000000e+00    0.0000000000e+00
    9.7362280940e-06    0.0000000000e+00
    1.9472456188e-05    0.0000000000e+00
    2.9208684282e-05    0.0000000000e+00
    3.8944912376e-05    0.0000000000e+00
    4.9898168072e-05    0.0000000000e+00
    5.9634396166e-05    0.0000000000e+00
    6.9370624260e-05    0.0000000000e+00
    7.9106852354e-05    0.0000000000e+00
    8.8843080448e-05    0.0000000000e+00
    9.9796336144e-05    0.0000000000e+00
    1.0953256424e-04    0.0000000000e+00
    1.1923941929e-04    0.0000000000e+00
    1.2928200886e-04    0.0000000000e+00
    1.3919382764e-04    0.0000000000e+00
    1.4983341680e-04    0.0000000000e+00
    1.5979130694e-04    0.0000000000e+00
    1.6966363182e-04    1.4422116280e+01
    1.7999549164e-04    1.1695330620e+01
    1.8954776169e-04    9.6317996979e+00
    1.9904421060e-04    7.9369997978e+00
    2.0999737899e-04    6.3450703621e+00
    2.1973351249e-04    5.1964850426e+00
    2.2946963145e-04    4.2526006699e+00
    2.3920576496e-04    3.4771523476e+00
    2.4894194212e-04    2.8403832912e+00
    2.5989516871e-04    2.2594873905e+00
    2.6963136042e-04    1.8414939642e+00
    2.7936755214e-04    1.4990198612e+00
    2.8910374385e-04    1.2186287642e+00
    2.9883993557e-04    9.8923385143e-01
    3.0979316216e-04    7.8082424402e-01
    3.1952935387e-04    6.3150209188e-01
    3.2926554559e-04    5.0968325138e-01
    3.3900170820e-04    4.1041505337e-01
    3.4995490569e-04    3.2065281272e-01
    3.5969106830e-04    2.5668263435e-01
    3.6942723091e-04    2.0478662848e-01
    3.7916333531e-04    1.6275970638e-01
    3.8889943971e-04    1.2879118323e-01
    3.9985252079e-04    9.8369583488e-02
    4.0958859609e-04    7.6922841370e-02
    4.1932461318e-04    5.9720892459e-02
    4.2906065937e-04    4.5966889709e-02
    4.3879664736e-04    3.5009048879e-02
    4.4974964112e-04    2.5364385918e-02
    4.5948562911e-04    1.8700458109e-02
    4.6922161710e-04    1.3470474631e-02
    4.7895760508e-04    9.3926070258e-03
    4.8991054064e-04    5.8985073119e-03
    4.9964652862e-04    3.5612974316e-03
    5.0938245840e-04    1.7935259966e-03
    5.1911838818e-04    4.7650528722e-04
    5.2885431796e-04   -4.8552855151e-04
    5.3980719531e-04   -1.2388759060e-03
    5.4954312509e-04   -1.6837319126e-03
    5.5927899666e-04   -1.9675702788e-03
    5.6901486823e-04   -2.1287663840e-03
    5.7996774558e-04   -2.2011657711e-03
    5.8970367536e-04   -2.1949082147e-03
    5.9943954693e-04   -2.1414221264e-03
    6.0917536030e-04   -2.0549893379e-03
    6.1891123187e-04   -1.9466673257e-03
    6.2986405101e-04   -1.8091201782e-03
    6.3959986437e-04   -1.6799141886e-03
    6.4933567774e-04   -1.5490439255e-03
    6.5907149110e-04   -1.4198900899e-03
    6.6880724626e-04   -1.2948575895e-03
    6.7976000719e-04   -1.1611481896e-03
    6.8949576234e-04   -1.0496161412e-03
    6.9923145929e-04   -9.4557786360e-04
    7.0896715624e-04   -8.4927486023e-04
    7.1991980076e-04   -7.5017625932e-04
    7.2965549771e-04   -6.7010673229e-04
    7.3939119466e-04   -5.9727195185e-04
    7.4912689161e-04   -5.3129205480e-04
    7.5886253035e-04   -4.7173962230e-04
    7.6981511666e-04   -4.1186183807e-04
    7.7955081360e-04   -3.6445530714e-04
    7.8928645235e-04   -3.2205096795e-04
    7.9902209109e-04   -2.8420871240e-04
    8.0997467740e-04   -2.4656759342e-04
    8.1971025793e-04   -2.1705598920e-04
    8.2944583846e-04   -1.9087678811e-04
    8.3918141900e-04   -1.6769079957e-04
    8.4891694132e-04   -1.4718594321e-04
    8.5986941122e-04   -1.2696832709e-04
    8.6960493354e-04   -1.1124493176e-04
    8.7934039766e-04   -9.7394222394e-05
    8.8907591999e-04   -8.5206491349e-05
    8.9881138410e-04   -7.4493073043e-05
    9.0976385400e-04   -6.3992622017e-05
    9.1949937632e-04   -5.5871929362e-05
    9.2923484044e-04   -4.8753390729e-05
    9.3897036277e-04   -4.2518156988e-05
    9.4992277445e-04   -3.6428358726e-05
    9.5965829678e-04   -3.1734434742e-05
    9.6939376090e-04   -2.7632044294e-05
    9.7912922502e-04   -2.4048973501e-05
    9.8886457272e-04   -2.0921412215e-05
    9.9981692620e-04   -1.7877520804e-05
    1.0095523903e-03   -1.5539189917e-05
    1.0192877380e-03   -1.3501601643e-05
    1.0290229693e-03   -1.1726929188e-05
    1.0399750900e-03   -1.0003491298e-05
    1.0497102048e-03   -8.6822819867e-06
    1.0594453197e-03   -7.5331308835e-06
    1.0691803182e-03   -6.5340345827e-06
    1.0789153166e-03   -5.6657386267e-06
    1.0898672044e-03   -4.8243659876e-06
    1.0996020865e-03   -4.1807302296e-06
    1.1093369685e-03   -3.6219857975e-06
    1.1190717341e-03   -3.1370973375e-06
    1.1288063833e-03   -2.7164383027e-06
    1.1397578055e-03   -2.3095612960e-06
    1.1494923383e-03   -1.9988533495e-06
    1.1592267547e-03   -1.7295535599e-06
    1.1689610546e-03   -1.4962081423e-06
    1.1799120111e-03   -1.2707859014e-06
    1.1896460783e-03   -1.0988494523e-06
    1.1993800290e-03   -9.4998745226e-07
    1.2091139797e-03   -8.2113388089e-07
    1.2188478140e-03   -7.0962494192e-07
    1.2297983048e-03   -6.0204155261e-07
    1.2395319063e-03   -5.2008755347e-07
    1.2492653914e-03   -4.4921281983e-07
    1.2589987600e-03   -3.8793206159e-07
    1.2699486688e-03   -3.2886191548e-07
    1.2796819210e-03   -2.8390348916e-07
    1.2894149404e-03   -2.4505419560e-07
    1.2991479598e-03   -2.1148994733e-07
    1.3088809792e-03   -1.8249674838e-07
    1.3198305387e-03   -1.5457662528e-07
    1.3295634417e-03   -1.3334651783e-07
    1.3392963447e-03   -1.1501664687e-07
    1.3490293641e-03   -9.9193123049e-08
    1.3599788072e-03   -8.3965232989e-08
    1.3697117101e-03   -7.2393760320e-08
    1.3794444967e-03   -6.2409334589e-08
    1.3891771669e-03   -5.3795595534e-08
    1.3989098370e-03   -4.6365407513e-08
    1.4098590473e-03   -3.9220545034e-08
    1.4195917174e-03   -3.3795306109e-08
    1.4293243876e-03   -2.9117199318e-08
    1.4390570577e-03   -2.5083792821e-08
    1.4487897279e-03   -2.1606686218e-08
    1.4597390546e-03   -1.8265298607e-08
    1.4694718411e-03   -1.5729886726e-08
    1.4792046277e-03   -1.3545162325e-08
    1.4889371814e-03   -1.1662868005e-08
    1.4998862753e-03   -9.8551060645e-09
    1.5096187126e-03   -8.4841227377e-09
    1.5193511499e-03   -7.3032704329e-09
    1.5290833544e-03   -6.2862590688e-09
    1.5388155589e-03   -5.4104263292e-09
    1.5497640707e-03   -4.5696553208e-09
    1.5594960423e-03   -3.9323140300e-09
    1.5692280140e-03   -3.3835991786e-09
    1.5789598692e-03   -2.9112279254e-09
    1.5899082646e-03   -2.4579414060e-09
    1.5996401198e-03   -2.1144608287e-09
    1.6093719751e-03   -1.8188449635e-09
    1.6191038303e-03   -1.5644436857e-09
    1.6288358020e-03   -1.3455284664e-09
    1.6397841973e-03   -1.1355488772e-09
    1.6495162854e-03   -9.7650532105e-10
    1.6592483735e-03   -8.3968137998e-10
    1.6689804615e-03   -7.2198197421e-10
    1.6799290897e-03   -6.0912547228e-10
    1.6896612942e-03   -5.2367316039e-10
    1.6993934987e-03   -4.5018030970e-10
    1.7091257032e-03   -3.8697675619e-10
    1.7188580241e-03   -3.3262512189e-10
    1.7298067687e-03   -2.8052696277e-10
    1.7395390896e-03   -2.4109222951e-10
    1.7492715269e-03   -2.0718697591e-10
    1.7590038478e-03   -1.7803786223e-10
    1.7699527089e-03   -1.5010540033e-10
    1.7796851462e-03   -1.2896898827e-10
    1.7894174671e-03   -1.1080190931e-10
    1.7991499044e-03   -9.5188315563e-11
    1.8088822253e-03   -8.1770423765e-11
    1.8198310863e-03   -6.8918266927e-11
    1.8295634072e-03   -5.9197396984e-11
    1.8392956117e-03   -5.0845508359e-11
    1.8490276998e-03   -4.3670220218e-11
    1.8599763280e-03   -3.6799337882e-11
    1.8697082996e-03   -3.1603698825e-11
    1.8794402713e-03   -2.7140593592e-11
    1.8891721265e-03   -2.3306875527e-11
    1.8989038654e-03   -2.0013898525e-11
    1.9098520279e-03   -1.6861224222e-11
    1.9195835339e-03   -1.4477666462e-11
    1.9293149235e-03   -1.2430518420e-11
    1.9390461966e-03   -1.0672365769e-11
    1.9499937771e-03   -8.9893890942e-12
    1.9597248174e-03   -7.7172027449e-12
    1.9694557413e-03   -6.6247597685e-12
    1.9791866653e-03   -5.6867115183e-12
    1.9889173564e-03   -4.8812815769e-12
    1.9998645876e-03   -4.1105018694e-12
    2.0095950458e-03   -3.5280259617e-12
    2.0193257369e-03   -3.0279843303e-12
    2.0290561952e-03   -2.5987324272e-12
    2.0387866534e-03   -2.2302654515e-12
    2.0497331861e-03   -1.8777451382e-12
    2.0594631787e-03   -1.6114133682e-12
    2.0691934042e-03   -1.3828228927e-12
    2.0789231639e-03   -1.1866313054e-12
    2.0898692310e-03   -9.9895601773e-13
    2.0995989908e-03   -8.5718341062e-13
    2.1093285177e-03   -7.3551332126e-13
    2.1190578118e-03   -6.3109749631e-13
    2.1287871059e-03   -5.4149057200e-13
    2.1397322416e-03   -4.5578265554e-13
    2.1494613029e-03   -3.9104423909e-13
    2.1591901314e-03   -3.3549072266e-13
    2.1689187270e-03   -2.8782008786e-13
    2.1798636299e-03   -2.4222808546e-13
    2.1895922255e-03   -2.0779451564e-13
    2.1993205883e-03   -1.7824966763e-13
    2.2090489510e-03   -1.5290031611e-13
    2.2199931554e-03   -1.2865972393e-13
    2.2297215182e-03   -1.1035464399e-13
    2.2394494154e-03   -9.4650727685e-14
    2.2491775453e-03   -8.1178878723e-14
    2.2589054424e-03   -6.9622293228e-14
    2.2698494140e-03   -5.8573466715e-14
    2.2795773111e-03   -5.0231798159e-14
    2.2893052083e-03   -4.3076914242e-14
    2.2990328725e-03   -3.6940184256e-14
    2.3099766113e-03   -3.1074010146e-14
    2.3197045084e-03   -2.6645825235e-14
    2.3294319399e-03   -2.2848141158e-14
    2.3391596042e-03   -1.9591274065e-14
    2.3488872685e-03   -1.6798272707e-14
    2.3598305415e-03   -1.4128792469e-14
    2.3695582058e-03   -1.2113955198e-14
    2.3792856373e-03   -1.0386201956e-14
    2.3890130688e-03   -8.9046600158e-15
    2.3999563418e-03   -7.4887699056e-15
    2.4096837733e-03   -6.4202014202e-15
    2.4194112048e-03   -5.5039726574e-15
    2.4291386362e-03   -4.7183847507e-15
    2.4388658348e-03   -4.0448266921e-15
    2.4498091079e-03   -3.4012017192e-15
    2.4595363066e-03   -2.9155263680e-15
    2.4692635052e-03   -2.4991448764e-15
    2.4789904710e-03   -2.1421795696e-15
    2.4899335112e-03   -1.8011158242e-15
    2.4996602442e-03   -1.5437801209e-15
    2.5093872100e-03   -1.3231825659e-15
    2.5191139430e-03   -1.1340829898e-15
    2.5288406760e-03   -9.7198798879e-16
    2.5397830177e-03   -8.1713437828e-16
    2.5495095178e-03   -7.0031191183e-16
    2.5592360180e-03   -6.0018065313e-16
    2.5689622853e-03   -5.1435795142e-16
    2.5799039286e-03   -4.3237834408e-16
    2.5896299630e-03   -3.7053855971e-16
    2.5993557647e-03   -3.1753854353e-16
    2.6090813335e-03   -2.7211521060e-16
    2.6188069023e-03   -2.3318594692e-16
    2.6297480799e-03   -1.9600269608e-16
    2.6394736487e-03   -1.6795623082e-16
    2.6491992176e-03   -1.4392049303e-16
    2.6589247864e-03   -1.2332226641e-16
    2.6698659640e-03   -1.0364923138e-16
    2.6795913000e-03   -8.8811430989e-17
    2.6893168688e-03   -7.6096427512e-17
    2.6990422048e-03   -6.5200705222e-17
    2.7099833824e-03   -5.4795209867e-17
    2.7197087184e-03   -4.6947767249e-17
    2.7294342872e-03   -4.0223503553e-17
    2.7391596232e-03   -3.4461770378e-17
    2.7488851920e-03   -2.9524881859e-17
    2.7598263696e-03   -2.4810599222e-17
    2.7695517056e-03   -2.1255659845e-17
    2.7792772744e-03   -1.8209850135e-17
    2.7890026104e-03   -1.5600298789e-17
    2.7999435551e-03   -1.3108614063e-17
    2.8096688911e-03   -1.1229817231e-17
    2.8193939943e-03   -9.6201907605e-18
    2.8291193303e-03   -8.2411863808e-18
    2.8388442006e-03   -7.0597764243e-18
    2.8497849125e-03   -5.9318002674e-18
    2.8595097829e-03   -5.0813336934e-18
    2.8692344204e-03   -4.3527579729e-18
    2.8789590579e-03   -3.7286113233e-18
    2.8898990713e-03   -3.1327271604e-18
    2.8996234760e-03   -2.6834675853e-18
    2.9093476478e-03   -2.2986133267e-18
    2.9190715868e-03   -1.9689338762e-18
    2.9287952930e-03   -1.6865213869e-18
    2.9397343751e-03   -1.4169087939e-18
    2.9494578484e-03   -1.2136460122e-18
    2.9591810890e-03   -1.0395294563e-18
    2.9689040966e-03   -8.9038093366e-19
    2.9798424803e-03   -7.4799750765e-19
    2.9895652551e-03   -6.4065800187e-19
    2.9995348305e-03   -5.4655948635e-19
    3.0099158175e-03   -4.6322672650e-19
    3.0192330014e-03   -3.9930595692e-19
    3.0289555434e-03   -3.4198420163e-19
    3.0398932286e-03   -2.8726741903e-19
    3.0493421946e-03   -2.4709746053e-19
    3.0599927995e-03   -2.0850755918e-19
    3.0697151087e-03   -1.7856519782e-19
    3.0794376507e-03   -1.5292058257e-19
    3.0891599599e-03   -1.3095711493e-19
    3.0992042739e-03   -1.1157216312e-19
    3.1098790932e-03   -9.4103859883e-20
    3.1196014024e-03   -8.0584297166e-20
    3.1293237116e-03   -6.9005933477e-20
    3.1390462536e-03   -5.9090170508e-20
    3.1499839388e-03   -4.9626529598e-20
    3.1591588631e-03   -4.2866751471e-20
    3.1691899057e-03   -3.6524783564e-20
    3.1789124478e-03   -3.1274209389e-20
    3.1898501329e-03   -2.6263427119e-20
    3.1995726749e-03   -2.2487203836e-20
    3.2095913775e-03   -1.9162813422e-20
    3.2198168337e-03   -1.6275802834e-20
    3.2293605618e-03   -1.3974870713e-20
    3.2393413130e-03   -1.1915628812e-20
    3.2499367371e-03   -1.0060424257e-20
    3.2596590463e-03   -8.6132386559e-21
    3.2693813555e-03   -7.3741406775e-21
    3.2795204315e-03   -6.2713130310e-21
    3.2892569434e-03   -5.3677615952e-21
    3.2989303581e-03   -4.5989569925e-21
    3.3098678105e-03   -3.8613990567e-21
    3.3195901196e-03   -3.3056564697e-21
    3.3299319912e-03   -2.8019531560e-21
    3.3392466139e-03   -2.4142853492e-21
    3.3496879041e-03   -2.0430761343e-21
    3.3594099805e-03   -1.7489114426e-21
    3.3691322897e-03   -1.4970761436e-21
    3.3788543660e-03   -1.2814827049e-21
    3.3895403612e-03   -1.0801330901e-21
    3.3990000375e-03   -9.2844339267e-22
    3.4099372569e-03   -7.7939603848e-22
    3.4196593333e-03   -6.6711015784e-22
    3.4293816425e-03   -5.7099140715e-22
    3.4391037188e-03   -4.8871318949e-22
    3.4488260280e-03   -4.1828341020e-22
    3.4597876947e-03   -3.5096262639e-22
    3.4690557513e-03   -3.0256382629e-22
    3.4797897097e-03   -2.5478339216e-22
    3.4895120189e-03   -2.1804678351e-22
    3.4992343280e-03   -1.8660276259e-22
    3.5089568701e-03   -1.5968927713e-22
    3.5198945552e-03   -1.3401858207e-22
    3.5296173301e-03   -1.1468302068e-22
    3.5393398721e-03   -9.8134523801e-23
    3.5490624141e-03   -8.3971731628e-23
    3.5592052154e-03   -7.1368763588e-23
    3.5698094871e-03   -6.0208571657e-23
    3.5788256209e-03   -5.2102278016e-23
    3.5897637717e-03   -4.3717633226e-23
    3.5994867794e-03   -3.7403536898e-23
    3.6092095543e-03   -3.2000666424e-23
    3.6189323291e-03   -2.7377635441e-23
    3.6298704799e-03   -2.2969498058e-23
    3.6395932548e-03   -1.9650290069e-23
    3.6493162625e-03   -1.6810371877e-23
    3.6590388045e-03   -1.4380584048e-23
    3.6699769553e-03   -1.2063947272e-23
    3.6796997301e-03   -1.0319732423e-23
    3.6894222721e-03   -8.8274963132e-24
    3.6991448142e-03   -7.5508614111e-24
    3.7088673562e-03   -6.4586984762e-24
    3.7198050413e-03   -5.4175054220e-24
    3.7295273505e-03   -4.6336683775e-24
    3.7392496597e-03   -3.9631401579e-24
    3.7489717361e-03   -3.3895530829e-24
    3.7599091884e-03   -2.8427876730e-24
    3.7696312647e-03   -2.4312093565e-24
    3.7793533411e-03   -2.0791612448e-24
    3.7890751846e-03   -1.7780408100e-24
    3.7987970281e-03   -1.5204876838e-24
    3.8097342476e-03   -1.2750121167e-24
    3.8194560912e-03   -1.0902571456e-24
    3.8291779347e-03   -9.3224722158e-25
    3.8397295866e-03   -7.8652908169e-25
    3.8499550428e-03   -6.6706211266e-25
    3.8594987709e-03   -5.7197252332e-25
    3.8697242271e-03   -4.8506499929e-25
    3.8795999717e-03   -4.1367441857e-25
    3.8893215824e-03   -3.5365871907e-25
    3.8990431931e-03   -3.0234151759e-25
    3.9099799469e-03   -2.5344616840e-25
    3.9194505662e-03   -2.1753704743e-25
    3.9290906861e-03   -1.8620017660e-25
    3.9396947250e-03   -1.5691250755e-25
    3.9493348449e-03   -1.3430088206e-25
    3.9588529617e-03   -1.1517116534e-25
    3.9697894827e-03   -9.6526499477e-26
    3.9795110933e-03   -8.2500755960e-26
    3.9892327040e-03   -7.0510969996e-26
    3.9989543147e-03   -6.0261904226e-26
    4.0098908357e-03   -5.0499504004e-26
    4.0196124464e-03   -4.3156509365e-26
    4.0293340571e-03   -3.6880159440e-26
    4.0390556678e-03   -3.1515671091e-26
    4.0493970737e-03   -2.6662074949e-26
    4.0594898164e-03   -2.2646170511e-26
    4.0695825592e-03   -1.9234562800e-26
    4.0796753019e-03   -1.6336411093e-26
    4.0897675790e-03   -1.3874519497e-26
    4.0998603217e-03   -1.1783277741e-26
    4.1099530645e-03   -1.0006935546e-26
    4.1191279888e-03   -8.6253365746e-27
    4.1292207316e-03   -7.3246389866e-27
    4.1393134743e-03   -6.2199066964e-27
    4.1494062170e-03   -5.2816475535e-27
    4.1594989598e-03   -4.4848005872e-27
    4.1695912369e-03   -3.8080707900e-27
    4.1796839796e-03   -3.2333655909e-27
    4.1897767223e-03   -2.7453145281e-27
    4.1998694651e-03   -2.3308621078e-27
    4.2090066709e-03   -2.0098167120e-27
    4.2199436575e-03   -1.6830882821e-27
    4.2296657339e-03   -1.4374912882e-27
    4.2393873446e-03   -1.2276964653e-27
    4.2491094209e-03   -1.0484900321e-27
    4.2588310316e-03   -8.9541634977e-28
    4.2699784972e-03   -7.4717082935e-28
    4.2796186171e-03   -6.3889639602e-28
    4.2892587371e-03   -5.4629729911e-28
    4.2999512516e-03   -4.5918724699e-28
    4.3096733280e-03   -3.9209165143e-28
    4.3193949386e-03   -3.3479160040e-28
    4.3299989775e-03   -2.8178868425e-28
    4.3392674997e-03   -2.4237785017e-28
    4.3495460413e-03   -2.0507742604e-28
    4.3594199233e-03   -1.7465765146e-28
    4.3696453795e-03   -1.4789931044e-28
    4.3796771206e-03   -1.2563273158e-28
    4.3890937231e-03   -1.0778844898e-28
    4.3994709849e-03   -9.1042554313e-29
    4.4098370709e-03   -7.6909574824e-29
    4.4192965142e-03   -6.5934344054e-29
    4.4290190563e-03   -5.6282624378e-29
    4.4399565086e-03   -4.7101006147e-29
    4.4496785849e-03   -4.0203793608e-29
    4.4594011270e-03   -3.4315629933e-29
    4.4691232033e-03   -2.9289021991e-29
    4.4795172289e-03   -2.4725943257e-29
    4.4892537408e-03   -2.1097995294e-29
    4.4998577796e-03   -1.7749098029e-29
    4.5094978996e-03   -1.5167877944e-29
    4.5192344114e-03   -1.2941403623e-29
    4.5289709233e-03   -1.1041519624e-29
    4.5398599468e-03   -9.2449467202e-30
    4.5497510582e-03   -7.8674712188e-30
    4.5592286624e-03   -6.7404553834e-30
    4.5697116293e-03   -5.6808407015e-30
    4.5789377764e-03   -4.8868884951e-30
    4.5898756944e-03   -4.0880379568e-30
    4.5997835696e-03   -3.4776840502e-30
    4.6090823598e-03   -2.9879584335e-30
    4.6197208576e-03   -2.5116453013e-30
    4.6291984618e-03   -2.1516013499e-30
    4.6391859651e-03   -1.8278463196e-30
    4.6496279538e-03   -1.5413154338e-30
    4.6597705223e-03   -1.3060344091e-30
    4.6692481264e-03   -1.1187393207e-30
    4.6794386581e-03   -9.4719858368e-31
    4.6891616657e-03   -8.0809048817e-31
    4.6998076141e-03   -6.7908905798e-31
    4.7092852183e-03   -5.8166465042e-31
    4.7198892571e-03   -4.8912371659e-31
    4.7295293771e-03   -4.1782923190e-31
    4.7390488908e-03   -3.5762487813e-31
    4.7498322092e-03   -2.9983245069e-31
    4.7598928213e-03   -2.5436303615e-31
    4.7695329413e-03   -2.1727299204e-31
    4.7790524550e-03   -1.8595342619e-31
    4.7890846618e-03   -1.5781867420e-31
    4.7999825329e-03   -1.3205549381e-31
    4.8096221872e-03   -1.1279205663e-31
    4.8198550940e-03   -9.5407670676e-32
    4.8290761188e-03   -8.2047413307e-32
    4.8396806233e-03   -6.8978296502e-32
    4.8492006026e-03   -5.9027354787e-32
    4.8598661087e-03   -4.9573035925e-32
    4.8699490726e-03   -4.2030726215e-32
    4.8795891926e-03   -3.5894528155e-32
    4.8891096376e-03   -3.0713619088e-32
    4.8988345079e-03   -2.6192121210e-32
    4.9097752199e-03   -2.1895360219e-32
    4.9195000902e-03   -1.8671007133e-32
    4.9296859652e-03   -1.5801294815e-32
    4.9393260852e-03   -1.3492394688e-32
    4.9499301240e-03   -1.1339980043e-32
    4.9595702440e-03   -9.6824367651e-33
    4.9698036164e-03   -8.1869273016e-33
    4.9798502587e-03   -6.9433887256e-33
    4.9889883958e-03   -5.9769178415e-33
    4.9999300390e-03   -4.9948771674e-33
    5.0094039179e-03   -4.2757512332e-33
    5.0193425268e-03   -3.6322286876e-33
    5.0290683284e-03   -3.0962844462e-33
    5.0399242900e-03   -2.5908205896e-33
    5.0495644100e-03   -2.2115060113e-33
    5.0588338636e-03   -1.8991911213e-33
    5.0699841231e-03   -1.5813075105e-33
    5.0789592788e-03   -1.3644970365e-33
    5.0899009220e-03   -1.1399313304e-33
    5.0996271893e-03   -9.7151155081e-34
    5.1093529910e-03   -8.2795035429e-34
    5.1197912544e-03   -6.9736606439e-34
    5.1294313744e-03   -5.9512087699e-34
    5.1390714943e-03   -5.0785272739e-34
    5.1490534097e-03   -4.3093893816e-34
    5.1599955186e-03   -3.5993226058e-34
    5.1697217859e-03   -3.0669168779e-34
    5.1794480532e-03   -2.6131935073e-34
    5.1891747862e-03   -2.2265350740e-34
    5.1989010535e-03   -1.8970365458e-34
    5.2098431624e-03   -1.5842128182e-34
    5.2199130878e-03   -1.3420756757e-34
    5.2294139750e-03   -1.1476323796e-34
    5.2388925105e-03   -9.8169355890e-35
    5.2498350851e-03   -8.1971198708e-35
    5.2595618181e-03   -6.9829139885e-35
    5.2692885511e-03   -5.9484123790e-35
    5.2798925899e-03   -4.9942742903e-35
    5.2893711254e-03   -4.2716115875e-35
    5.2990983240e-03   -3.6385019818e-35
    5.3088250570e-03   -3.0991529738e-35
    5.3196810186e-03   -2.5909832647e-35
    5.3293211386e-03   -2.2099748668e-35
    5.3397640586e-03   -1.8601493551e-35
    5.3494912572e-03   -1.5842558661e-35
    5.3592184559e-03   -1.3492495489e-35
    5.3696143441e-03   -1.1364636910e-35
    5.3792544641e-03   -9.6922996104e-36
    5.3899493068e-03   -8.1231344687e-36
    5.3996765055e-03   -6.9174585256e-36
    5.4094041698e-03   -5.8905959792e-36
    5.4195481353e-03   -4.9816613306e-36
    5.4291882552e-03   -4.2480994763e-36
    5.4397922941e-03   -3.5652164666e-36
    5.4494324140e-03   -3.0400838804e-36
    5.4590725340e-03   -2.5922394739e-36
    5.4690553807e-03   -2.1978225195e-36
    5.4799998179e-03   -1.8339828394e-36
    5.4897279479e-03   -1.5614163424e-36
    5.4994560778e-03   -1.3293229323e-36
    5.5091842078e-03   -1.1316973390e-36
    5.5198767222e-03   -9.4817728339e-37
    5.5295168422e-03   -8.0834975870e-37
    5.5391569622e-03   -6.8912419129e-37
    5.5497610010e-03   -5.7816543282e-37
    5.5594011210e-03   -4.9286303673e-37
    5.5695404299e-03   -4.1667688309e-37
    5.5798958056e-03   -3.5099791197e-37
    5.5890758522e-03   -3.0147555340e-37
    5.5996798910e-03   -2.5289645928e-37
    5.6089516729e-03   -2.1687542084e-37
    5.6198975071e-03   -1.8089079374e-37
    5.6296265684e-03   -1.5394454174e-37
    5.6393560953e-03   -1.3100861536e-37
    5.6490860879e-03   -1.1148676772e-37
    5.6588156149e-03   -9.4871269151e-38
    5.6697619148e-03   -7.9117204797e-38
    5.6794914417e-03   -6.7322049628e-38
    5.6892214343e-03   -5.7283848079e-38
    5.6989518926e-03   -4.8741151487e-38
    5.7098981924e-03   -4.0642377841e-38
    5.7196281850e-03   -3.4579570352e-38
    5.7293586433e-03   -2.9420477058e-38
    5.7390891016e-03   -2.5030514453e-38
    5.7488195598e-03   -2.1295115175e-38
    5.7597663254e-03   -1.7754360459e-38
    5.7691996917e-03   -1.5178986879e-38
    5.7798037305e-03   -1.2726870110e-38
    5.7894438505e-03    0.0000000000e+00
    5.7990839705e-03    0.0000000000e+00
    5.8093206026e-03    0.0000000000e+00
    5.8190519921e-03    0.0000000000e+00
    5.8299992234e-03    0.0000000000e+00
    5.8397306129e-03    0.0000000000e+00
    5.8494620025e-03    0.0000000000e+00
    5.8591933921e-03    0.0000000000e+00
    5.8689247817e-03    0.0000000000e+00
    5.8798729442e-03    0.0000000000e+00
    5.8896252885e-03    0.0000000000e+00
    5.8993836865e-03    0.0000000000e+00
    5.9093218297e-03    0.0000000000e+00
    5.9197656810e-03    0.0000000000e+00
    5.9294975363e-03    0.0000000000e+00
    5.9392293915e-03    0.0000000000e+00
    5.9489612468e-03    0.0000000000e+00
    5.9599098749e-03    0.0000000000e+00
    5.9696417302e-03    0.0000000000e+00
    5.9793735854e-03    0.0000000000e+00
    5.9891059063e-03    0.0000000000e+00
    5.9988377616e-03    0.0000000000e+00
    6.0097863898e-03    0.0000000000e+00
    6.0195187107e-03    0.0000000000e+00
    6.0299625620e-03    0.0000000000e+00
    6.0396948829e-03    0.0000000000e+00
    6.0494272038e-03    0.0000000000e+00
    6.0591595247e-03    0.0000000000e+00
    6.0688918456e-03    0.0000000000e+00
    6.0798409395e-03    0.0000000000e+00
    6.0895737261e-03    0.0000000000e+00
    6.0993060470e-03    0.0000000000e+00
    6.1090388335e-03    0.0000000000e+00
    6.1196428724e-03    0.0000000000e+00
    6.1291693710e-03    0.0000000000e+00
    6.1395405792e-03    0.0000000000e+00
    6.1489595100e-03    0.0000000000e+00
    6.1592012644e-03    0.0000000000e+00
    6.1688837595e-03    0.0000000000e+00
    6.1798333190e-03    0.0000000000e+00
    6.1895661056e-03    0.0000000000e+00
    6.1997575685e-03    0.0000000000e+00
    6.2093976885e-03    0.0000000000e+00
    6.2190378085e-03    0.0000000000e+00
    6.2296418473e-03    0.0000000000e+00
    6.2392819673e-03    0.0000000000e+00
    6.2499823980e-03    0.0000000000e+00
    6.2590995803e-03    0.0000000000e+00
    6.2696863897e-03    0.0000000000e+00
    6.2792589888e-03    0.0000000000e+00
    6.2897489406e-03    0.0000000000e+00
    6.2993247993e-03    0.0000000000e+00
    6.3097849488e-03    0.0000000000e+00
    6.3197277486e-03    0.0000000000e+00
    6.3295355067e-03    0.0000000000e+00
    6.3391756266e-03    0.0000000000e+00
    6.3494206406e-03    0.0000000000e+00
    6.3594491221e-03    0.0000000000e+00
    6.3693942502e-03    0.0000000000e+00
    6.3795489259e-03    0.0000000000e+00
    6.3896807842e-03    0.0000000000e+00
    6.3995048404e-03    0.0000000000e+00
    6.4094830304e-03    0.0000000000e+00
    6.4192656428e-03    0.0000000000e+00
    6.4291022718e-03    0.0000000000e+00
    6.4390413463e-03    0.0000000000e+00
    6.4490670338e-03    0.0000000000e+00
    6.4597674645e-03    0.0000000000e+00
    6.4692813903e-03    0.0000000000e+00
    6.4797597006e-03    0.0000000000e+00
    6.4894757234e-03    0.0000000000e+00
    6.4997998998e-03    0.0000000000e+00
    6.5092272125e-03    0.0000000000e+00
    6.5196673386e-03    0.0000000000e+00
    6.5291328356e-03    0.0000000000e+00
    6.5392060205e-03    0.0000000000e+00
    6.5499339253e-03    0.0000000000e+00
    6.5589160658e-03    0.0000000000e+00
    6.5691838972e-03    0.0000000000e+00
    6.5796221606e-03    0.0000000000e+00
    6.5890662372e-03    0.0000000000e+00
    6.5998048522e-03    0.0000000000e+00
    6.6095995717e-03    0.0000000000e+00
    6.6199903376e-03    0.0000000000e+00
    6.6296304576e-03    0.0000000000e+00
    6.6398563795e-03    0.0000000000e+00
    6.6489642486e-03    0.0000000000e+00
    6.6593927331e-03    0.0000000000e+00
    6.6696633585e-03    0.0000000000e+00
    6.6792499274e-03    0.0000000000e+00
    6.6895354539e-03    0.0000000000e+00
    6.6993096843e-03    0.0000000000e+00
    6.7095351405e-03    0.0000000000e+00
    6.7194621079e-03    0.0000000000e+00
    6.7299571820e-03    0.0000000000e+00
    6.7397607490e-03    0.0000000000e+00
    6.7494008690e-03    0.0000000000e+00
    6.7590409890e-03    0.0000000000e+00
    6.7699807696e-03    0.0000000000e+00
    6.7797955126e-03    0.0000000000e+00
    6.7899795249e-03    0.0000000000e+00
    6.7994440906e-03    0.0000000000e+00
    6.8093710579e-03    0.0000000000e+00
    6.8191075698e-03    0.0000000000e+00
    6.8292967044e-03    0.0000000000e+00
    6.8395347334e-03    0.0000000000e+00
    6.8496479653e-03    0.0000000000e+00
    6.8596834317e-03    0.0000000000e+00
    6.8698246032e-03    0.0000000000e+00
    6.8794647232e-03    0.0000000000e+00
    6.8895001896e-03    0.0000000000e+00
    6.8993330933e-03    0.0000000000e+00
    6.9093578495e-03    0.0000000000e+00
    6.9190724753e-03    0.0000000000e+00
    6.9299265742e-03    0.0000000000e+00
    6.9395666942e-03    0.0000000000e+00
    6.9490424357e-03    0.0000000000e+00
    6.9596464746e-03    0.0000000000e+00
    6.9692865945e-03    0.0000000000e+00
    6.9790612906e-03    0.0000000000e+00
    6.9890860468e-03    0.0000000000e+00
    6.9996668026e-03    0.0000000000e+00
    7.0097018033e-03    0.0000000000e+00
    7.0194383152e-03    0.0000000000e+00
    7.0290681906e-03    0.0000000000e+00
    7.0399711840e-03    0.0000000000e+00
    7.0491852239e-03    0.0000000000e+00
    7.0597892627e-03    0.0000000000e+00
    7.0699788630e-03    0.0000000000e+00
    7.0796934888e-03    0.0000000000e+00
    7.0892171934e-03    0.0000000000e+00
    7.0990598761e-03    0.0000000000e+00
    7.1089989506e-03    0.0000000000e+00
    7.1199494414e-03    0.0000000000e+00
    7.1289245971e-03    0.0000000000e+00
    7.1399719454e-03    0.0000000000e+00
    7.1499487385e-03    0.0000000000e+00
    7.1596754715e-03    0.0000000000e+00
    7.1693444625e-03    0.0000000000e+00
    7.1793217212e-03    0.0000000000e+00
    7.1898670867e-03    0.0000000000e+00
    7.1994108148e-03    0.0000000000e+00
    7.2096362710e-03    0.0000000000e+00
    7.2198617272e-03    0.0000000000e+00
    7.2292089462e-03    0.0000000000e+00
    7.2398129851e-03    0.0000000000e+00
    7.2495699860e-03    0.0000000000e+00
    7.2596669197e-03    0.0000000000e+00
    7.2693070397e-03    0.0000000000e+00
    7.2799115442e-03    0.0000000000e+00
    7.2896201164e-03    0.0000000000e+00
    7.2998455726e-03    0.0000000000e+00
    7.3093893006e-03    0.0000000000e+00
    7.3196147569e-03    0.0000000000e+00
    7.3298402131e-03    0.0000000000e+00
    7.3397522792e-03    0.0000000000e+00
    7.3490669020e-03    0.0000000000e+00
    7.3596709408e-03    0.0000000000e+00
    7.3692644946e-03    0.0000000000e+00
    7.3798685335e-03    0.0000000000e+00
    7.3896548711e-03    0.0000000000e+00
    7.3997476138e-03    0.0000000000e+00
    7.4098403566e-03    0.0000000000e+00
    7.4194353074e-03    0.0000000000e+00
    7.4292318895e-03    0.0000000000e+00
    7.4393246323e-03    0.0000000000e+00
    7.4498355389e-03    0.0000000000e+00
    7.4596586637e-03    0.0000000000e+00
    7.4693369679e-03    0.0000000000e+00
    7.4798413552e-03    0.0000000000e+00
    7.4891909026e-03    0.0000000000e+00
    7.4998266064e-03    0.0000000000e+00
    7.5095631182e-03    0.0000000000e+00
    7.5192032382e-03    0.0000000000e+00
    7.5298449956e-03    0.0000000000e+00
    7.5395815074e-03    0.0000000000e+00
    7.5492216274e-03    0.0000000000e+00
    7.5595467351e-03    0.0000000000e+00
    7.5699854642e-03    0.0000000000e+00
    7.5790504925e-03    0.0000000000e+00
    7.5893155299e-03    0.0000000000e+00
    7.5995367952e-03    0.0000000000e+00
    7.6091769151e-03    0.0000000000e+00
    7.6198773459e-03    0.0000000000e+00
    7.6299705543e-03    0.0000000000e+00
    7.6395180076e-03    0.0000000000e+00
    7.6491581276e-03    0.0000000000e+00
    7.6590967365e-03    0.0000000000e+00
    7.6697007753e-03    0.0000000000e+00
    7.6798903756e-03    0.0000000000e+00
    7.6898820698e-03    0.0000000000e+00
    7.6990430243e-03    0.0000000000e+00
    7.7095315792e-03    0.0000000000e+00
    7.7195204794e-03    0.0000000000e+00
    7.7290567569e-03    0.0000000000e+00
    7.7397068962e-03    0.0000000000e+00
    7.7492906712e-03    0.0000000000e+00
    7.7598947100e-03    0.0000000000e+00
    7.7692274936e-03    0.0000000000e+00
    7.7799120918e-03    0.0000000000e+00
    7.7893561684e-03    0.0000000000e+00
    7.7999602072e-03    0.0000000000e+00
    7.8091854230e-03    0.0000000000e+00
    7.8195752576e-03    0.0000000000e+00
    7.8297322616e-03    0.0000000000e+00
    7.8394785523e-03    0.0000000000e+00
    7.8491186723e-03    0.0000000000e+00
    7.8597227111e-03    0.0000000000e+00
    7.8693628311e-03    0.0000000000e+00
    7.8799668700e-03    0.0000000000e+00
    7.8894421458e-03    0.0000000000e+00
    7.8996671364e-03    0.0000000000e+00
    7.9099610448e-03    0.0000000000e+00
    7.9194046557e-03    0.0000000000e+00
    7.9290447757e-03    0.0000000000e+00
    7.9396488145e-03    0.0000000000e+00
    7.9492889345e-03    0.0000000000e+00
    7.9598929733e-03    0.0000000000e+00
    7.9695330933e-03    0.0000000000e+00
    7.9794079065e-03    0.0000000000e+00
    7.9890368506e-03    0.0000000000e+00
    7.9996408895e-03    0.0000000000e+00
    8.0099627376e-03    0.0000000000e+00
    8.0192619935e-03    0.0000000000e+00
    8.0298660323e-03    0.0000000000e+00
    8.0397408456e-03    0.0000000000e+00
    8.0498373136e-03    0.0000000000e+00
    8.0594774336e-03    0.0000000000e+00
    8.0691175535e-03    0.0000000000e+00
    8.0797569826e-03    0.0000000000e+00
    8.0893971026e-03    0.0000000000e+00
    8.0990372226e-03    0.0000000000e+00
    8.1096412614e-03    0.0000000000e+00
    8.1192813814e-03    0.0000000000e+00
    8.1295548007e-03    0.0000000000e+00
    8.1395842135e-03    0.0000000000e+00
    8.1492243335e-03    0.0000000000e+00
    8.1598283723e-03    0.0000000000e+00
    8.1696920097e-03    0.0000000000e+00
    8.1793321297e-03    0.0000000000e+00
    8.1899361685e-03    0.0000000000e+00
    8.1995762885e-03    0.0000000000e+00
    8.2092164084e-03    0.0000000000e+00
    8.2198204473e-03    0.0000000000e+00
    8.2294605672e-03    0.0000000000e+00
    8.2391006872e-03    0.0000000000e+00
    8.2496115938e-03    0.0000000000e+00
    8.2591585815e-03    0.0000000000e+00
    8.2694841549e-03    0.0000000000e+00
    8.2798087969e-03    0.0000000000e+00
    8.2897795364e-03    0.0000000000e+00
    8.2995984703e-03    0.0000000000e+00
    8.3098756149e-03    0.0000000000e+00
    8.3192223683e-03    0.0000000000e+00
    8.3297304809e-03    0.0000000000e+00
    8.3399554715e-03    0.0000000000e+00
    8.3494996652e-03    0.0000000000e+00
    8.3593633026e-03    0.0000000000e+00
    8.3691775799e-03    0.0000000000e+00
    8.3797816187e-03    0.0000000000e+00
    8.3892466500e-03    0.0000000000e+00
    8.3998506889e-03    0.0000000000e+00
    8.4094908088e-03    0.0000000000e+00
    8.4198806435e-03    0.0000000000e+00
    8.4294248372e-03    0.0000000000e+00
    8.4396498278e-03    0.0000000000e+00
    8.4497965872e-03    0.0000000000e+00
    8.4594367072e-03    0.0000000000e+00
    8.4690768272e-03    0.0000000000e+00
    8.4796808660e-03    0.0000000000e+00
    8.4893209860e-03    0.0000000000e+00
    8.4999250248e-03    0.0000000000e+00
    8.5094682872e-03    0.0000000000e+00
    8.5196942091e-03    0.0000000000e+00
    8.5299191996e-03    0.0000000000e+00
    8.5395686328e-03    0.0000000000e+00
    8.5492087528e-03    0.0000000000e+00
    8.5598127916e-03    0.0000000000e+00
    8.5694529116e-03    0.0000000000e+00
    8.5797747597e-03    0.0000000000e+00
    8.5893189535e-03    0.0000000000e+00
    8.5993474349e-03    0.0000000000e+00
    8.6099514738e-03    0.0000000000e+00
    8.6191734299e-03    0.0000000000e+00
    8.6293127388e-03    0.0000000000e+00
    8.6398255080e-03    0.0000000000e+00
    8.6493687704e-03    0.0000000000e+00
    8.6595946923e-03    0.0000000000e+00
    8.6698569357e-03    0.0000000000e+00
    8.6794011295e-03    0.0000000000e+00
    8.6896261200e-03    0.0000000000e+00
    8.6998520419e-03    0.0000000000e+00
    8.7093953043e-03    0.0000000000e+00
    8.7196212262e-03    0.0000000000e+00
    8.7298462167e-03    0.0000000000e+00
    8.7393904105e-03    0.0000000000e+00
    8.7496154010e-03    0.0000000000e+00
    8.7598413229e-03    0.0000000000e+00
    8.7693845853e-03    0.0000000000e+00
    8.7794139981e-03    0.0000000000e+00
    8.7890541181e-03    0.0000000000e+00
    8.7996581569e-03    0.0000000000e+00
    8.8092982769e-03    0.0000000000e+00
    8.8199023157e-03    0.0000000000e+00
    8.8295424357e-03    0.0000000000e+00
    8.8391825557e-03    0.0000000000e+00
    8.8496208191e-03    0.0000000000e+00
    8.8598467410e-03    0.0000000000e+00
    8.8693900034e-03    0.0000000000e+00
    8.8796159253e-03    0.0000000000e+00
    8.8898409158e-03    0.0000000000e+00
    8.8993851095e-03    0.0000000000e+00
    8.9096101001e-03    0.0000000000e+00
    8.9198360220e-03    0.0000000000e+00
    8.9293792844e-03    0.0000000000e+00
    8.9396052063e-03    0.0000000000e+00
    8.9498301968e-03    0.0000000000e+00
    8.9598596096e-03    0.0000000000e+00
    8.9699681848e-03    0.0000000000e+00
    8.9795114473e-03    0.0000000000e+00
    8.9897373691e-03    0.0000000000e+00
    8.9999623597e-03    0.0000000000e+00
    9.0095065534e-03    0.0000000000e+00
    9.0197315440e-03    0.0000000000e+00
    9.0299574658e-03    0.0000000000e+00
    9.0395687148e-03    0.0000000000e+00
    9.0499771759e-03    0.0000000000e+00
    9.0596172959e-03    0.0000000000e+00
    9.0692574158e-03    0.0000000000e+00
    9.0798614547e-03    0.0000000000e+00
    9.0895015746e-03    0.0000000000e+00
    9.0991416946e-03    0.0000000000e+00
    9.1097457334e-03    0.0000000000e+00
    9.1196196154e-03    0.0000000000e+00
    9.1299135238e-03    0.0000000000e+00
    9.1394577175e-03    0.0000000000e+00
    9.1496827081e-03    0.0000000000e+00
    9.1592948884e-03    0.0000000000e+00
    9.1694891453e-03    0.0000000000e+00
    9.1797150671e-03    0.0000000000e+00
    9.1895787045e-03    0.0000000000e+00
    9.1992188245e-03    0.0000000000e+00
    9.2098228633e-03    0.0000000000e+00
    9.2194629833e-03    0.0000000000e+00
    9.2294542119e-03    0.0000000000e+00
    9.2396792024e-03    0.0000000000e+00
    9.2499051243e-03    0.0000000000e+00
    9.2594483867e-03    0.0000000000e+00
    9.2696743086e-03    0.0000000000e+00
    9.2798992991e-03    0.0000000000e+00
    9.2894434929e-03    0.0000000000e+00
    9.2996684834e-03    0.0000000000e+00
    9.3098944053e-03    0.0000000000e+00
    9.3194376677e-03    0.0000000000e+00
    9.3296635896e-03    0.0000000000e+00
    9.3398885801e-03    0.0000000000e+00
    9.3494327739e-03    0.0000000000e+00
    9.3596577644e-03    0.0000000000e+00
    9.3699209392e-03    0.0000000000e+00
    9.3795610592e-03    0.0000000000e+00
    9.3897180632e-03    0.0000000000e+00
    9.3999430537e-03    0.0000000000e+00
    9.4094872475e-03    0.0000000000e+00
    9.4197122380e-03    0.0000000000e+00
    9.4299381599e-03    0.0000000000e+00
    9.4394814223e-03    0.0000000000e+00
    9.4497073442e-03    0.0000000000e+00
    9.4599323347e-03    0.0000000000e+00
    9.4694765285e-03    0.0000000000e+00
    9.4796223566e-03    0.0000000000e+00
    9.4897309318e-03    0.0000000000e+00
    9.4997594133e-03    0.0000000000e+00
    9.5097506419e-03    0.0000000000e+00
    9.5194969326e-03    0.0000000000e+00
    9.5291370526e-03    0.0000000000e+00
    9.5399757847e-03    0.0000000000e+00
    9.5495190471e-03    0.0000000000e+00
    9.5597449690e-03    0.0000000000e+00
    9.5699699596e-03    0.0000000000e+00
    9.5795141533e-03    0.0000000000e+00
    9.5897391438e-03    0.0000000000e+00
    9.5999650657e-03    0.0000000000e+00
    9.6095083281e-03    0.0000000000e+00
    9.6197342500e-03    0.0000000000e+00
    9.6299592406e-03    0.0000000000e+00
    9.6395034343e-03    0.0000000000e+00
    9.6496492624e-03    0.0000000000e+00
    9.6598742530e-03    0.0000000000e+00
    9.6691735089e-03    0.0000000000e+00
    9.6797775477e-03    0.0000000000e+00
    9.6899345517e-03    0.0000000000e+00
    9.6994778141e-03    0.0000000000e+00
    9.7097037360e-03    0.0000000000e+00
    9.7198495641e-03    0.0000000000e+00
    9.7293928266e-03    0.0000000000e+00
    9.7396187484e-03    0.0000000000e+00
    9.7494823858e-03    0.0000000000e+00
    9.7591225058e-03    0.0000000000e+00
    9.7697265446e-03    0.0000000000e+00
    9.7795529291e-03    0.0000000000e+00
    9.7897779197e-03    0.0000000000e+00
    9.7993221134e-03    0.0000000000e+00
    9.8095843568e-03    0.0000000000e+00
    9.8192244768e-03    0.0000000000e+00
    9.8298285156e-03    0.0000000000e+00
    9.8395375535e-03    0.0000000000e+00
    9.8497634754e-03    0.0000000000e+00
    9.8599884659e-03    0.0000000000e+00
    9.8695326596e-03    0.0000000000e+00
    9.8797576502e-03    0.0000000000e+00
    9.8899835721e-03    0.0000000000e+00
    9.8995268345e-03    0.0000000000e+00
    9.9097527564e-03    0.0000000000e+00
    9.9199777469e-03    0.0000000000e+00
    9.9294418469e-03    0.0000000000e+00
    9.9397161976e-03    0.0000000000e+00
    9.9499411881e-03    0.0000000000e+00
    9.9591715261e-03    0.0000000000e+00
    9.9697755650e-03    0.0000000000e+00
    9.9794156849e-03    0.0000000000e+00
    9.9897375330e-03    0.0000000000e+00
    9.9999625236e-03    0.0000000000e+00
    1.0009506717e-02    0.0000000000e+00
    1.0019731708e-02    0.0000000000e+00
    1.0029957630e-02    0.0000000000e+00
    1.0039500892e-02    0.0000000000e+00
    1.0049726814e-02    0.0000000000e+00
    1.0059951805e-02    0.0000000000e+00
    1.0069495998e-02    0.0000000000e+00
    1.0079720989e-02    0.0000000000e+00
    1.0089946911e-02    0.0000000000e+00
    1.0099490173e-02    0.0000000000e+00
    1.0109716095e-02    0.0000000000e+00
    1.0119941086e-02    0.0000000000e+00
    1.0129485279e-02    0.0000000000e+00
    1.0139710270e-02    0.0000000000e+00
    1.0149322450e-02    0.0000000000e+00
    1.0159517638e-02    0.0000000000e+00
    1.0169742629e-02    0.0000000000e+00
    1.0179936886e-02    0.0000000000e+00
    1.0189577006e-02    0.0000000000e+00
    1.0199217126e-02    0.0000000000e+00
    1.0209821165e-02    0.0000000000e+00
    1.0219461285e-02    0.0000000000e+00
    1.0229101405e-02    0.0000000000e+00
    1.0239705443e-02    0.0000000000e+00
    1.0249345563e-02    0.0000000000e+00
    1.0259890929e-02    0.0000000000e+00
    1.0269531049e-02    0.0000000000e+00
    1.0279171169e-02    0.0000000000e+00
    1.0289775208e-02    0.0000000000e+00
    1.0299318470e-02    0.0000000000e+00
    1.0309544392e-02    0.0000000000e+00
    1.0319769382e-02    0.0000000000e+00
    1.0329995304e-02    0.0000000000e+00
    1.0339538567e-02    0.0000000000e+00
    1.0349764489e-02    0.0000000000e+00
    1.0359989479e-02    0.0000000000e+00
    1.0369533673e-02    0.0000000000e+00
    1.0379758663e-02    0.0000000000e+00
    1.0389984585e-02    0.0000000000e+00
    1.0399527848e-02    0.0000000000e+00
    1.0409753770e-02    0.0000000000e+00
    1.0419100523e-02    0.0000000000e+00
    1.0429657996e-02    0.0000000000e+00
    1.0439675301e-02    0.0000000000e+00
    1.0449901223e-02    0.0000000000e+00
    1.0459444486e-02    0.0000000000e+00
    1.0469670407e-02    0.0000000000e+00
    1.0479895398e-02    0.0000000000e+00
    1.0489439592e-02    0.0000000000e+00
    1.0499194264e-02    0.0000000000e+00
    1.0509693995e-02    0.0000000000e+00
    1.0519918986e-02    0.0000000000e+00
    1.0529463179e-02    0.0000000000e+00
    1.0539688170e-02    0.0000000000e+00
    1.0549913161e-02    0.0000000000e+00
    1.0559457354e-02    0.0000000000e+00
    1.0569682345e-02    0.0000000000e+00
    1.0579908267e-02    0.0000000000e+00
    1.0589451529e-02    0.0000000000e+00
    1.0599677451e-02    0.0000000000e+00
    1.0609902442e-02    0.0000000000e+00
    1.0619446635e-02    0.0000000000e+00
    1.0629671626e-02    0.0000000000e+00
    1.0639897548e-02    0.0000000000e+00
    1.0649440810e-02    0.0000000000e+00
    1.0659666732e-02    0.0000000000e+00
    1.0669891723e-02    0.0000000000e+00
    1.0679435916e-02    0.0000000000e+00
    1.0689581744e-02    0.0000000000e+00
    1.0699339211e-02    0.0000000000e+00
    1.0709564202e-02    0.0000000000e+00
    1.0719790123e-02    0.0000000000e+00
    1.0729333386e-02    0.0000000000e+00
    1.0739559308e-02    0.0000000000e+00
    1.0749784298e-02    0.0000000000e+00
    1.0759328492e-02    0.0000000000e+00
    1.0769553483e-02    0.0000000000e+00
    1.0779779404e-02    0.0000000000e+00
    1.0789322667e-02    0.0000000000e+00
    1.0799548589e-02    0.0000000000e+00
    1.0809773579e-02    0.0000000000e+00
    1.0819529183e-02    0.0000000000e+00
    1.0829512030e-02    0.0000000000e+00
    1.0839737020e-02    0.0000000000e+00
    1.0849962011e-02    0.0000000000e+00
    1.0859506205e-02    0.0000000000e+00
    1.0869731195e-02    0.0000000000e+00
    1.0879760608e-02    0.0000000000e+00
    1.0889400728e-02    0.0000000000e+00
    1.0899625719e-02    0.0000000000e+00
    1.0909851640e-02    0.0000000000e+00
    1.0919394903e-02    0.0000000000e+00
    1.0929620825e-02    0.0000000000e+00
    1.0939815082e-02    0.0000000000e+00
    1.0949455202e-02    0.0000000000e+00
    1.0959893465e-02    0.0000000000e+00
    1.0969437659e-02    0.0000000000e+00
    1.0979631916e-02    0.0000000000e+00
    1.0989272036e-02    0.0000000000e+00
    1.0999876074e-02    0.0000000000e+00
    1.1009516194e-02    0.0000000000e+00
    1.1019390076e-02    0.0000000000e+00
    1.1029615998e-02    0.0000000000e+00
    1.1039840989e-02    0.0000000000e+00
    1.1049319059e-02    0.0000000000e+00
    1.1059544049e-02    0.0000000000e+00
    1.1069769971e-02    0.0000000000e+00
    1.1079994962e-02    0.0000000000e+00
    1.1089539155e-02    0.0000000000e+00
    1.1099764146e-02    0.0000000000e+00
    1.1109990068e-02    0.0000000000e+00
    1.1119533330e-02    0.0000000000e+00
    1.1129759252e-02    0.0000000000e+00
    1.1139984243e-02    0.0000000000e+00
    1.1149528436e-02    0.0000000000e+00
    1.1159753427e-02    0.0000000000e+00
    1.1169979349e-02    0.0000000000e+00
    1.1179522611e-02    0.0000000000e+00
    1.1189748533e-02    0.0000000000e+00
    1.1199973524e-02    0.0000000000e+00
    1.1209517717e-02    0.0000000000e+00
    1.1219272390e-02    0.0000000000e+00
    1.1229819618e-02    0.0000000000e+00
    1.1239459738e-02    0.0000000000e+00
    1.1249734089e-02    0.0000000000e+00
    1.1259314604e-02    0.0000000000e+00
    1.1269423179e-02    0.0000000000e+00
    1.1279649101e-02    0.0000000000e+00
    1.1289874092e-02    0.0000000000e+00
    1.1299418285e-02    0.0000000000e+00
    1.1309643276e-02    0.0000000000e+00
    1.1319869198e-02    0.0000000000e+00
    1.1329412460e-02    0.0000000000e+00
    1.1339441873e-02    0.0000000000e+00
    1.1349549517e-02    0.0000000000e+00
    1.1359775439e-02    0.0000000000e+00
    1.1369318701e-02    0.0000000000e+00
    1.1379544623e-02    0.0000000000e+00
    1.1389769614e-02    0.0000000000e+00
    1.1399750598e-02    0.0000000000e+00
    1.1409390718e-02    0.0000000000e+00
    1.1419994757e-02    0.0000000000e+00
    1.1429402046e-02    0.0000000000e+00
    1.1439654045e-02    0.0000000000e+00
    1.1449879035e-02    0.0000000000e+00
    1.1459423229e-02    0.0000000000e+00
    1.1469648220e-02    0.0000000000e+00
    1.1479874142e-02    0.0000000000e+00
    1.1489417404e-02    0.0000000000e+00
    1.1499643326e-02    0.0000000000e+00
    1.1509868316e-02    0.0000000000e+00
    1.1519098654e-02    0.0000000000e+00
    1.1529702693e-02    0.0000000000e+00
    1.1539296247e-02    0.0000000000e+00
    1.1549388990e-02    0.0000000000e+00
    1.1559760198e-02    0.0000000000e+00
    1.1569400318e-02    0.0000000000e+00
    1.1579040438e-02    0.0000000000e+00
    1.1589644477e-02    0.0000000000e+00
    1.1599284597e-02    0.0000000000e+00
    1.1609558016e-02    0.0000000000e+00
    1.1619783938e-02    0.0000000000e+00
    1.1629327200e-02    0.0000000000e+00
    1.1639553122e-02    0.0000000000e+00
    1.1649778113e-02    0.0000000000e+00
    1.1659322307e-02    0.0000000000e+00
    1.1669547297e-02    0.0000000000e+00
    1.1679773219e-02    0.0000000000e+00
    1.1689998209e-02    0.0000000000e+00
    1.1699542403e-02    0.0000000000e+00
    1.1709767394e-02    0.0000000000e+00
    1.1719993316e-02    0.0000000000e+00
    1.1729536578e-02    0.0000000000e+00
    1.1739762500e-02    0.0000000000e+00
    1.1749987490e-02    0.0000000000e+00
    1.1759531684e-02    0.0000000000e+00
    1.1769756675e-02    0.0000000000e+00
    1.1779982597e-02    0.0000000000e+00
    1.1789525859e-02    0.0000000000e+00
    1.1799751781e-02    0.0000000000e+00
    1.1809976771e-02    0.0000000000e+00
    1.1819520965e-02    0.0000000000e+00
    1.1829745956e-02    0.0000000000e+00
    1.1839971878e-02    0.0000000000e+00
    1.1849435978e-02    0.0000000000e+00
    1.1859660968e-02    0.0000000000e+00
    1.1869886890e-02    0.0000000000e+00
    1.1879430152e-02    0.0000000000e+00
    1.1889656074e-02    0.0000000000e+00
    1.1899881065e-02    0.0000000000e+00
    1.1909425259e-02    0.0000000000e+00
    1.1919650249e-02    0.0000000000e+00
    1.1929876171e-02    0.0000000000e+00
    1.1939419433e-02    0.0000000000e+00
    1.1949645355e-02    0.0000000000e+00
    1.1959870346e-02    0.0000000000e+00
    1.1969414540e-02    0.0000000000e+00
    1.1979639530e-02    0.0000000000e+00
    1.1989865452e-02    0.0000000000e+00
    1.1999408714e-02    0.0000000000e+00
    1.2009634636e-02    0.0000000000e+00
    1.2019859627e-02    0.0000000000e+00
    1.2029403821e-02    0.0000000000e+00
    1.2039628811e-02    0.0000000000e+00
    1.2049854733e-02    0.0000000000e+00
    1.2059397995e-02    0.0000000000e+00
    1.2069623917e-02    0.0000000000e+00
    1.2079848908e-02    0.0000000000e+00
    1.2089829892e-02    0.0000000000e+00
    1.2099985965e-02    0.0000000000e+00
    1.2109530158e-02    0.0000000000e+00
    1.2119755149e-02    0.0000000000e+00
    1.2129981071e-02    0.0000000000e+00
    1.2139524333e-02    0.0000000000e+00
    1.2149750255e-02    0.0000000000e+00
    1.2159504928e-02    0.0000000000e+00
    1.2169730850e-02    0.0000000000e+00
    1.2179955840e-02    0.0000000000e+00
    1.2189500034e-02    0.0000000000e+00
    1.2199725024e-02    0.0000000000e+00
    1.2209950946e-02    0.0000000000e+00
    1.2219494209e-02    0.0000000000e+00
    1.2229720131e-02    0.0000000000e+00
    1.2239945121e-02    0.0000000000e+00
    1.2249489315e-02    0.0000000000e+00
    1.2259714305e-02    0.0000000000e+00
    1.2269940227e-02    0.0000000000e+00
    1.2279483490e-02    0.0000000000e+00
    1.2289709412e-02    0.0000000000e+00
    1.2299934402e-02    0.0000000000e+00
    1.2309478596e-02    0.0000000000e+00
    1.2319703586e-02    0.0000000000e+00
    1.2329929508e-02    0.0000000000e+00
    1.2339111418e-02    0.0000000000e+00
    1.2349715456e-02    0.0000000000e+00
    1.2359355576e-02    0.0000000000e+00
    1.2369959615e-02    0.0000000000e+00
    1.2379599735e-02    0.0000000000e+00
    1.2389824726e-02    0.0000000000e+00
    1.2399368919e-02    0.0000000000e+00
    1.2409397401e-02    0.0000000000e+00
    1.2419037521e-02    0.0000000000e+00
    1.2429641560e-02    0.0000000000e+00
    1.2439399026e-02    0.0000000000e+00
    1.2449624017e-02    0.0000000000e+00
    1.2459849939e-02    0.0000000000e+00
    1.2469393201e-02    0.0000000000e+00
    1.2479619123e-02    0.0000000000e+00
    1.2489844114e-02    0.0000000000e+00
    1.2499388307e-02    0.0000000000e+00
    1.2509613298e-02    0.0000000000e+00
    1.2519368902e-02    0.0000000000e+00
    1.2529916130e-02    0.0000000000e+00
    1.2539556250e-02    0.0000000000e+00
    1.2549947016e-02    0.0000000000e+00
    1.2559490278e-02    0.0000000000e+00
    1.2569353916e-02    0.0000000000e+00
    1.2579958886e-02    0.0000000000e+00
    1.2589598075e-02    0.0000000000e+00
    1.2599238195e-02    0.0000000000e+00
    1.2609842233e-02    0.0000000000e+00
    1.2619482353e-02    0.0000000000e+00
    1.2629122473e-02    0.0000000000e+00
    1.2639726512e-02    0.0000000000e+00
    1.2649366632e-02    0.0000000000e+00
    1.2659971602e-02    0.0000000000e+00
    1.2669610791e-02    0.0000000000e+00
    1.2679250911e-02    0.0000000000e+00
    1.2689855881e-02    0.0000000000e+00
    1.2699495070e-02    0.0000000000e+00
    1.2709135190e-02    0.0000000000e+00
    1.2719739228e-02    0.0000000000e+00
    1.2729565613e-02    0.0000000000e+00
    1.2739791535e-02    0.0000000000e+00
    1.2749334797e-02    0.0000000000e+00
    1.2759560719e-02    0.0000000000e+00
    1.2769785710e-02    0.0000000000e+00
    1.2779329903e-02    0.0000000000e+00
    1.2789554894e-02    0.0000000000e+00
    1.2799780816e-02    0.0000000000e+00
    1.2809244916e-02    0.0000000000e+00
    1.2819848955e-02    0.0000000000e+00
    1.2829489075e-02    0.0000000000e+00
    1.2839480303e-02    0.0000000000e+00
    1.2849705294e-02    0.0000000000e+00
    1.2859931216e-02    0.0000000000e+00
    1.2869474478e-02    0.0000000000e+00
    1.2879700400e-02    0.0000000000e+00
    1.2889925390e-02    0.0000000000e+00
    1.2899469584e-02    0.0000000000e+00
    1.2909694575e-02    0.0000000000e+00
    1.2919920497e-02    0.0000000000e+00
    1.2929463759e-02    0.0000000000e+00
    1.2939689681e-02    0.0000000000e+00
    1.2949914671e-02    0.0000000000e+00
    1.2959458865e-02    0.0000000000e+00
    1.2969322503e-02    0.0000000000e+00
    1.2979547493e-02    0.0000000000e+00
    1.2989773415e-02    0.0000000000e+00
    1.2999998406e-02    0.0000000000e+00
    1.3009542599e-02    0.0000000000e+00
    1.3019767590e-02    0.0000000000e+00
    1.3029993512e-02    0.0000000000e+00
    1.3039536774e-02    0.0000000000e+00
    1.3049762696e-02    0.0000000000e+00
    1.3059987687e-02    0.0000000000e+00
    1.3069531880e-02    0.0000000000e+00
    1.3079756871e-02    0.0000000000e+00
    1.3089982793e-02    0.0000000000e+00
    1.3099526055e-02    0.0000000000e+00
    1.3109751977e-02    0.0000000000e+00
    1.3119976968e-02    0.0000000000e+00
    1.3129521161e-02    0.0000000000e+00
    1.3139102608e-02    0.0000000000e+00
    1.3149706647e-02    0.0000000000e+00
    1.3159346767e-02    0.0000000000e+00
    1.3169950806e-02    0.0000000000e+00
    1.3179590926e-02    0.0000000000e+00
    1.3189912774e-02    0.0000000000e+00
    1.3199456036e-02    0.0000000000e+00
    1.3209681958e-02    0.0000000000e+00
    1.3219992630e-02    0.0000000000e+00
    1.3229632750e-02    0.0000000000e+00
    1.3239272870e-02    0.0000000000e+00
    1.3249876909e-02    0.0000000000e+00
    1.3259517029e-02    0.0000000000e+00
    1.3269625604e-02    0.0000000000e+00
    1.3279237784e-02    0.0000000000e+00
    1.3289645314e-02    0.0000000000e+00
    1.3299285434e-02    0.0000000000e+00
    1.3309889473e-02    0.0000000000e+00
    1.3319529593e-02    0.0000000000e+00
    1.3329169713e-02    0.0000000000e+00
    1.3339773752e-02    0.0000000000e+00
    1.3349413872e-02    0.0000000000e+00
    1.3359639794e-02    0.0000000000e+00
    1.3369864784e-02    0.0000000000e+00
    1.3379446231e-02    0.0000000000e+00
    1.3389086351e-02    0.0000000000e+00
    1.3399525546e-02    0.0000000000e+00
    1.3409750536e-02    0.0000000000e+00
    1.3419976458e-02    0.0000000000e+00
    1.3429519720e-02    0.0000000000e+00
    1.3439745642e-02    0.0000000000e+00
    1.3449970633e-02    0.0000000000e+00
    1.3459514827e-02    0.0000000000e+00
    1.3469739817e-02    0.0000000000e+00
    1.3479965739e-02    0.0000000000e+00
    1.3489509001e-02    0.0000000000e+00
    1.3499734923e-02    0.0000000000e+00
    1.3509959914e-02    0.0000000000e+00
    1.3519504108e-02    0.0000000000e+00
    1.3529729098e-02    0.0000000000e+00
    1.3539955020e-02    0.0000000000e+00
    1.3549498282e-02    0.0000000000e+00
    1.3559724204e-02    0.0000000000e+00
    1.3569949195e-02    0.0000000000e+00
    1.3579493389e-02    0.0000000000e+00
    1.3589718379e-02    0.0000000000e+00
    1.3599944301e-02    0.0000000000e+00
    1.3609487563e-02    0.0000000000e+00
    1.3619713485e-02    0.0000000000e+00
    1.3629938476e-02    0.0000000000e+00
    1.3639482670e-02    0.0000000000e+00
    1.3649707660e-02    0.0000000000e+00
    1.3659933582e-02    0.0000000000e+00
    1.3669476844e-02    0.0000000000e+00
    1.3679702766e-02    0.0000000000e+00
    1.3689927757e-02    0.0000000000e+00
    1.3699471951e-02    0.0000000000e+00
    1.3709696941e-02    0.0000000000e+00
    1.3719922863e-02    0.0000000000e+00
    1.3729466125e-02    0.0000000000e+00
    1.3739692047e-02    0.0000000000e+00
    1.3749917038e-02    0.0000000000e+00
    1.3759461232e-02    0.0000000000e+00
    1.3769686222e-02    0.0000000000e+00
    1.3779912144e-02    0.0000000000e+00
    1.3789455406e-02    0.0000000000e+00
    1.3799681328e-02    0.0000000000e+00
    1.3809906319e-02    0.0000000000e+00
    1.3819450513e-02    0.0000000000e+00
    1.3829675503e-02    0.0000000000e+00
    1.3839901425e-02    0.0000000000e+00
    1.3849444687e-02    0.0000000000e+00
    1.3859670609e-02    0.0000000000e+00
    1.3869895600e-02    0.0000000000e+00
    1.3879439794e-02    0.0000000000e+00
    1.3889664784e-02    0.0000000000e+00
    1.3899889775e-02    0.0000000000e+00
    1.3909433968e-02    0.0000000000e+00
    1.3919658959e-02    0.0000000000e+00
    1.3929884881e-02    0.0000000000e+00
    1.3939428143e-02    0.0000000000e+00
    1.3949654065e-02    0.0000000000e+00
    1.3959879056e-02    0.0000000000e+00
    1.3969423249e-02    0.0000000000e+00
    1.3979648240e-02    0.0000000000e+00
    1.3989874162e-02    0.0000000000e+00
    1.3999417424e-02    0.0000000000e+00
    1.4009643346e-02    0.0000000000e+00
    1.4019868337e-02    0.0000000000e+00
    1.4029412530e-02    0.0000000000e+00
    1.4039637521e-02    0.0000000000e+00
    1.4049863443e-02    0.0000000000e+00
    1.4059891924e-02    0.0000000000e+00
    1.4069532044e-02    0.0000000000e+00
    1.4079172164e-02    0.0000000000e+00
    1.4089962468e-02    0.0000000000e+00
    1.4099506661e-02    0.0000000000e+00
    1.4109731652e-02    0.0000000000e+00
    1.4119956642e-02    0.0000000000e+00
    1.4129500836e-02    0.0000000000e+00
    1.4139725827e-02    0.0000000000e+00
    1.4149951749e-02    0.0000000000e+00
    1.4159495011e-02    0.0000000000e+00
    1.4169720933e-02    0.0000000000e+00
    1.4179945923e-02    0.0000000000e+00
    1.4189490117e-02    0.0000000000e+00
    1.4199635945e-02    0.0000000000e+00
    1.4209276065e-02    0.0000000000e+00
    1.4219880104e-02    0.0000000000e+00
    1.4229520224e-02    0.0000000000e+00
    1.4239160344e-02    0.0000000000e+00
    1.4249764383e-02    0.0000000000e+00
    1.4259404503e-02    0.0000000000e+00
    1.4269044623e-02    0.0000000000e+00
    1.4279648662e-02    0.0000000000e+00
    1.4289288782e-02    0.0000000000e+00
    1.4299892820e-02    0.0000000000e+00
    1.4309532940e-02    0.0000000000e+00
    1.4319173060e-02    0.0000000000e+00
    1.4329777099e-02    0.0000000000e+00
    1.4339417219e-02    0.0000000000e+00
    1.4349057339e-02    0.0000000000e+00
    1.4359661378e-02    0.0000000000e+00
    1.4369301498e-02    0.0000000000e+00
    1.4379905537e-02    0.0000000000e+00
    1.4389545657e-02    0.0000000000e+00
    1.4399585314e-02    0.0000000000e+00
    1.4409810305e-02    0.0000000000e+00
    1.4419354498e-02    0.0000000000e+00
    1.4429579489e-02    0.0000000000e+00
    1.4439805411e-02    0.0000000000e+00
    1.4449386857e-02    0.0000000000e+00
    1.4459990896e-02    0.0000000000e+00
    1.4469631016e-02    0.0000000000e+00
    1.4479271136e-02    0.0000000000e+00
    1.4489875175e-02    0.0000000000e+00
    1.4499515295e-02    0.0000000000e+00
    1.4509155415e-02    0.0000000000e+00
    1.4519759454e-02    0.0000000000e+00
    1.4529399574e-02    0.0000000000e+00
    1.4539837837e-02    0.0000000000e+00
    1.4549382031e-02    0.0000000000e+00
    1.4559607022e-02    0.0000000000e+00
    1.4569832943e-02    0.0000000000e+00
    1.4579376206e-02    0.0000000000e+00
    1.4589602128e-02    0.0000000000e+00
    1.4599827118e-02    0.0000000000e+00
    1.4609371312e-02    0.0000000000e+00
    1.4619565569e-02    0.0000000000e+00
    1.4629205689e-02    0.0000000000e+00
    1.4639809728e-02    0.0000000000e+00
    1.4649449848e-02    0.0000000000e+00
    1.4659089968e-02    0.0000000000e+00
    1.4669694006e-02    0.0000000000e+00
    1.4679334126e-02    0.0000000000e+00
    1.4689938165e-02    0.0000000000e+00
    1.4699578285e-02    0.0000000000e+00
    1.4709218405e-02    0.0000000000e+00
    1.4719822444e-02    0.0000000000e+00
    1.4729462564e-02    0.0000000000e+00
    1.4739102684e-02    0.0000000000e+00
    1.4749706723e-02    0.0000000000e+00
    1.4759346843e-02    0.0000000000e+00
    1.4769950882e-02    0.0000000000e+00
    1.4779776335e-02    0.0000000000e+00
    1.4789320529e-02    0.0000000000e+00
    1.4799545519e-02    0.0000000000e+00
    1.4809771441e-02    0.0000000000e+00
    1.4819517732e-02    0.0000000000e+00
    1.4829743654e-02    0.0000000000e+00
    1.4839968644e-02    0.0000000000e+00
    1.4849512838e-02    0.0000000000e+00
    1.4859737828e-02    0.0000000000e+00
    1.4869963750e-02    0.0000000000e+00
    1.4879507013e-02    0.0000000000e+00
    1.4889732935e-02    0.0000000000e+00
    1.4899957925e-02    0.0000000000e+00
    1.4909502119e-02    0.0000000000e+00
    1.4919727109e-02    0.0000000000e+00
    1.4929953031e-02    0.0000000000e+00
    1.4939299785e-02    0.0000000000e+00
    1.4949903823e-02    0.0000000000e+00
    1.4959543943e-02    0.0000000000e+00
    1.4969184063e-02    0.0000000000e+00
    1.4979788102e-02    0.0000000000e+00
    1.4989428222e-02    0.0000000000e+00
    1.4999068342e-02    0.0000000000e+00
    1.5009672381e-02    0.0000000000e+00
    1.5019312501e-02    0.0000000000e+00
    1.5029916540e-02    0.0000000000e+00
    1.5039556660e-02    0.0000000000e+00
    1.5049196780e-02    0.0000000000e+00
    1.5059635974e-02    0.0000000000e+00
    1.5069860965e-02    0.0000000000e+00
    1.5079724602e-02    0.0000000000e+00
    1.5089364722e-02    0.0000000000e+00
    1.5099968761e-02    0.0000000000e+00
    1.5109608881e-02    0.0000000000e+00
    1.5119249001e-02    0.0000000000e+00
    1.5129853040e-02    0.0000000000e+00
    1.5139493160e-02    0.0000000000e+00
    1.5149133280e-02    0.0000000000e+00
    1.5159737319e-02    0.0000000000e+00
    1.5169377439e-02    0.0000000000e+00
    1.5179981478e-02    0.0000000000e+00
    1.5189621598e-02    0.0000000000e+00
    1.5199261717e-02    0.0000000000e+00
    1.5209652483e-02    0.0000000000e+00
    1.5219946392e-02    0.0000000000e+00
    1.5229390934e-02    0.0000000000e+00
    1.5239715576e-02    0.0000000000e+00
    1.5249808319e-02    0.0000000000e+00
    1.5259901062e-02    0.0000000000e+00
    1.5269215219e-02    0.0000000000e+00
    1.5279819258e-02    0.0000000000e+00
    1.5289927833e-02    0.0000000000e+00
    1.5299472027e-02    0.0000000000e+00
    1.5309598297e-02    0.0000000000e+00
    1.5319395810e-02    0.0000000000e+00
    1.5329534188e-02    0.0000000000e+00
    1.5339720063e-02    0.0000000000e+00
    1.5349859372e-02    0.0000000000e+00
    1.5359499492e-02    0.0000000000e+00
    1.5369731002e-02    0.0000000000e+00
    1.5379823744e-02    0.0000000000e+00
    1.5389916487e-02    0.0000000000e+00
    1.5399416909e-02    0.0000000000e+00
    1.5409057029e-02    0.0000000000e+00
    1.5419661067e-02    0.0000000000e+00
    1.5429846942e-02    0.0000000000e+00
    1.5439939685e-02    0.0000000000e+00
    1.5449115075e-02    0.0000000000e+00
    1.5459207818e-02    0.0000000000e+00
    1.5469300561e-02    0.0000000000e+00
    1.5479718335e-02    0.0000000000e+00
    1.5489358455e-02    0.0000000000e+00
    1.5499962494e-02    0.0000000000e+00
    1.5509602614e-02    0.0000000000e+00
    1.5519242734e-02    0.0000000000e+00
    1.5529846773e-02    0.0000000000e+00
    1.5539486893e-02    0.0000000000e+00
    1.5549127012e-02    0.0000000000e+00
    1.5559731051e-02    0.0000000000e+00
    1.5569371171e-02    0.0000000000e+00
    1.5579975210e-02    0.0000000000e+00
    1.5589150600e-02    0.0000000000e+00
    1.5599243343e-02    0.0000000000e+00
    1.5609336086e-02    0.0000000000e+00
    1.5619427897e-02    0.0000000000e+00
    1.5629520640e-02    0.0000000000e+00
    1.5639891848e-02    0.0000000000e+00
    1.5649532899e-02    0.0000000000e+00
    1.5659172088e-02    0.0000000000e+00
    1.5669776127e-02    0.0000000000e+00
    1.5679417178e-02    0.0000000000e+00
    1.5689056367e-02    0.0000000000e+00
    1.5699660406e-02    0.0000000000e+00
    1.5709301457e-02    0.0000000000e+00
    1.5719905496e-02    0.0000000000e+00
    1.5729544684e-02    0.0000000000e+00
    1.5739185736e-02    0.0000000000e+00
    1.5749789774e-02    0.0000000000e+00
    1.5759428963e-02    0.0000000000e+00
    1.5769070014e-02    0.0000000000e+00
    1.5779674053e-02    0.0000000000e+00
    1.5789153054e-02    0.0000000000e+00
    1.5799297020e-02    0.0000000000e+00
    1.5809901059e-02    0.0000000000e+00
    1.5819542110e-02    0.0000000000e+00
    1.5829181299e-02    0.0000000000e+00
    1.5839785337e-02    0.0000000000e+00
    1.5849426389e-02    0.0000000000e+00
    1.5859065577e-02    0.0000000000e+00
    1.5869669616e-02    0.0000000000e+00
    1.5879310668e-02    0.0000000000e+00
    1.5889914706e-02    0.0000000000e+00
    1.5899647027e-02    0.0000000000e+00
    1.5909377486e-02    0.0000000000e+00
    1.5919107944e-02    0.0000000000e+00
    1.5928838402e-02    0.0000000000e+00
    1.5939209610e-02    0.0000000000e+00
    1.5949301422e-02    0.0000000000e+00
    1.5959395096e-02    0.0000000000e+00
    1.5969647095e-02    0.0000000000e+00
    1.5979871154e-02    0.0000000000e+00
    1.5989415348e-02    0.0000000000e+00
    1.5999641269e-02    0.0000000000e+00
    1.6009865329e-02    0.0000000000e+00
    1.6019409522e-02    0.0000000000e+00
    1.6029635444e-02    0.0000000000e+00
    1.6039382666e-02    0.0000000000e+00
    1.6049986705e-02    0.0000000000e+00
    1.6059625894e-02    0.0000000000e+00
    1.6069266945e-02    0.0000000000e+00
    1.6079870984e-02    0.0000000000e+00
    1.6089510173e-02    0.0000000000e+00
    1.6099151224e-02    0.0000000000e+00
    1.6109755263e-02    0.0000000000e+00
    1.6119394451e-02    0.0000000000e+00
    1.6129998490e-02    0.0000000000e+00
    1.6139546409e-02    0.0000000000e+00
    1.6149638221e-02    0.0000000000e+00
    1.6159731895e-02    0.0000000000e+00
    1.6169045120e-02    0.0000000000e+00
    1.6179649159e-02    0.0000000000e+00
    1.6189290211e-02    0.0000000000e+00
    1.6199894249e-02    0.0000000000e+00
    1.6209121794e-02    0.0000000000e+00
    1.6218852252e-02    0.0000000000e+00
    1.6229754314e-02    0.0000000000e+00
    1.6239395365e-02    0.0000000000e+00
    1.6249999404e-02    0.0000000000e+00
    1.6259638593e-02    0.0000000000e+00
    1.6269279644e-02    0.0000000000e+00
    1.6279883683e-02    0.0000000000e+00
    1.6289336607e-02    0.0000000000e+00
    1.6299430281e-02    0.0000000000e+00
    1.6309615225e-02    0.0000000000e+00
    1.6319256276e-02    0.0000000000e+00
    1.6329860315e-02    0.0000000000e+00
    1.6339499503e-02    0.0000000000e+00
    1.6349140555e-02    0.0000000000e+00
    1.6359744594e-02    0.0000000000e+00
    1.6369383782e-02    0.0000000000e+00
    1.6379987821e-02    0.0000000000e+00
    1.6389628872e-02    0.0000000000e+00
    1.6399268061e-02    0.0000000000e+00
    1.6409872100e-02    0.0000000000e+00
    1.6419513151e-02    0.0000000000e+00
    1.6429651529e-02    0.0000000000e+00
    1.6439745203e-02    0.0000000000e+00
    1.6449183226e-02    0.0000000000e+00
    1.6458913684e-02    0.0000000000e+00
    1.6469608992e-02    0.0000000000e+00
    1.6479250044e-02    0.0000000000e+00
    1.6489854082e-02    0.0000000000e+00
    1.6499493271e-02    0.0000000000e+00
    1.6509134322e-02    0.0000000000e+00
    1.6519738361e-02    0.0000000000e+00
    1.6529377550e-02    0.0000000000e+00
    1.6539983451e-02    0.0000000000e+00
    1.6549436375e-02    0.0000000000e+00
    1.6559530050e-02    0.0000000000e+00
    1.6569906846e-02    0.0000000000e+00
    1.6579844058e-02    0.0000000000e+00
    1.6589485109e-02    0.0000000000e+00
    1.6599124297e-02    0.0000000000e+00
    1.6609728336e-02    0.0000000000e+00
    1.6619369388e-02    0.0000000000e+00
    1.6629973426e-02    0.0000000000e+00
    1.6639452428e-02    0.0000000000e+00
    1.6649598256e-02    0.0000000000e+00
    1.6659237444e-02    0.0000000000e+00
    1.6669841483e-02    0.0000000000e+00
    1.6679434106e-02    0.0000000000e+00
    1.6689660028e-02    0.0000000000e+00
    1.6699884087e-02    0.0000000000e+00
    1.6709428281e-02    0.0000000000e+00
    1.6719654202e-02    0.0000000000e+00
    1.6729880124e-02    0.0000000000e+00
    1.6739422455e-02    0.0000000000e+00
    1.6749648377e-02    0.0000000000e+00
    1.6759680584e-02    0.0000000000e+00
    1.6769774258e-02    0.0000000000e+00
    1.6779510304e-02    0.0000000000e+00
    1.6789151356e-02    0.0000000000e+00
    1.6799852252e-02    0.0000000000e+00
    1.6809491441e-02    0.0000000000e+00
    1.6819132492e-02    0.0000000000e+00
    1.6829736531e-02    0.0000000000e+00
    1.6839375719e-02    0.0000000000e+00
    1.6849609092e-02    0.0000000000e+00
    1.6859887168e-02    0.0000000000e+00
    1.6868907958e-02    0.0000000000e+00
    1.6879763454e-02    0.0000000000e+00
    1.6889747232e-02    0.0000000000e+00
    1.6899479553e-02    0.0000000000e+00
    1.6909942031e-02    0.0000000000e+00
    1.6919117421e-02    0.0000000000e+00
    1.6929209232e-02    0.0000000000e+00
    1.6939301044e-02    0.0000000000e+00
    1.6949636862e-02    0.0000000000e+00
    1.6959369183e-02    0.0000000000e+00
    1.6969261691e-02    0.0000000000e+00
    1.6979865730e-02    0.0000000000e+00
    1.6989506781e-02    0.0000000000e+00
    1.6999145970e-02    0.0000000000e+00
    1.7009908333e-02    0.0000000000e+00
    1.7019083723e-02    0.0000000000e+00
    1.7029177397e-02    0.0000000000e+00
    1.7039641738e-02    0.0000000000e+00
    1.7049280927e-02    0.0000000000e+00
    1.7059884965e-02    0.0000000000e+00
    1.7069526017e-02    0.0000000000e+00
    1.7079165205e-02    0.0000000000e+00
    1.7089258879e-02    0.0000000000e+00
    1.7099350691e-02    0.0000000000e+00
    1.7109088600e-02    0.0000000000e+00
    1.7119532451e-02    0.0000000000e+00
    1.7129171640e-02    0.0000000000e+00
    1.7139775679e-02    0.0000000000e+00
    1.7149962485e-02    0.0000000000e+00
    1.7159137875e-02    0.0000000000e+00
    1.7169462517e-02    0.0000000000e+00
    1.7179101706e-02    0.0000000000e+00
    1.7189705744e-02    0.0000000000e+00
    1.7199346796e-02    0.0000000000e+00
    1.7209531739e-02    0.0000000000e+00
    1.7219625413e-02    0.0000000000e+00
    1.7229640856e-02    0.0000000000e+00
    1.7239864916e-02    0.0000000000e+00
    1.7249409109e-02    0.0000000000e+00
    1.7259635031e-02    0.0000000000e+00
    1.7269860953e-02    0.0000000000e+00
    1.7279403284e-02    0.0000000000e+00
    1.7289841548e-02    0.0000000000e+00
    1.7299924046e-02    0.0000000000e+00
    1.7309362069e-02    0.0000000000e+00
    1.7319094390e-02    0.0000000000e+00
    1.7328826711e-02    0.0000000000e+00
    1.7339773476e-02    0.0000000000e+00
    1.7349505797e-02    0.0000000000e+00
    1.7359238118e-02    0.0000000000e+00
    1.7368970439e-02    0.0000000000e+00
    1.7379971221e-02    0.0000000000e+00
    1.7389515415e-02    0.0000000000e+00
    1.7399739474e-02    0.0000000000e+00
    1.7409039661e-02    0.0000000000e+00
    1.7419641837e-02    0.0000000000e+00
    1.7429374158e-02    0.0000000000e+00
    1.7439106479e-02    0.0000000000e+00
    1.7448836938e-02    0.0000000000e+00
    1.7459398136e-02    0.0000000000e+00
    1.7469624057e-02    0.0000000000e+00
    1.7479848117e-02    0.0000000000e+00
    1.7489392310e-02    0.0000000000e+00
    1.7499618232e-02    0.0000000000e+00
    1.7509844154e-02    0.0000000000e+00
    1.7519142479e-02    0.0000000000e+00
    1.7529744655e-02    0.0000000000e+00
    1.7539476976e-02    0.0000000000e+00
    1.7549209297e-02    0.0000000000e+00
    1.7558941618e-02    0.0000000000e+00
    1.7569890246e-02    0.0000000000e+00
    1.7579622567e-02    0.0000000000e+00
    1.7589353025e-02    0.0000000000e+00
    1.7599085346e-02    0.0000000000e+00
    1.7608817667e-02    0.0000000000e+00
    1.7619766295e-02    0.0000000000e+00
    1.7629498616e-02    0.0000000000e+00
    1.7639230937e-02    0.0000000000e+00
    1.7648963258e-02    0.0000000000e+00
    1.7659911886e-02    0.0000000000e+00
    1.7669644207e-02    0.0000000000e+00
    1.7679376528e-02    0.0000000000e+00
    1.7689108849e-02    0.0000000000e+00
    1.7698839307e-02    0.0000000000e+00
    1.7709789798e-02    0.0000000000e+00
    1.7719520256e-02    0.0000000000e+00
    1.7729252577e-02    0.0000000000e+00
    1.7738984898e-02    0.0000000000e+00
    1.7749335617e-02    0.0000000000e+00
    1.7759429291e-02    0.0000000000e+00
    1.7769521102e-02    0.0000000000e+00
    1.7779614776e-02    0.0000000000e+00
    1.7789950594e-02    0.0000000000e+00
    1.7799682915e-02    0.0000000000e+00
    1.7809415236e-02    0.0000000000e+00
    1.7819147557e-02    0.0000000000e+00
    1.7829498276e-02    0.0000000000e+00
    1.7839590088e-02    0.0000000000e+00
    1.7849683762e-02    0.0000000000e+00
    1.7859740183e-02    0.0000000000e+00
    1.7869472504e-02    0.0000000000e+00
    1.7879204825e-02    0.0000000000e+00
    1.7889257520e-02    0.0000000000e+00
    1.7899349332e-02    0.0000000000e+00
    1.7909443006e-02    0.0000000000e+00
    1.7919478938e-02    0.0000000000e+00
    1.7929211259e-02    0.0000000000e+00
    1.7939902842e-02    0.0000000000e+00
    1.7949994653e-02    0.0000000000e+00
    1.7959170043e-02    0.0000000000e+00
    1.7969263718e-02    0.0000000000e+00
    1.7979320139e-02    0.0000000000e+00
    1.7989052460e-02    0.0000000000e+00
    1.7999703065e-02    0.0000000000e+00
    1.8009794876e-02    0.0000000000e+00
    1.8019888550e-02    0.0000000000e+00
    1.8029980361e-02    0.0000000000e+00
    1.8039155751e-02    0.0000000000e+00
    1.8049214035e-02    0.0000000000e+00
    1.8059264868e-02    0.0000000000e+00
    1.8069358543e-02    0.0000000000e+00
    1.8079450354e-02    0.0000000000e+00
    1.8089544028e-02    0.0000000000e+00
    1.8099635839e-02    0.0000000000e+00
    1.8109729514e-02    0.0000000000e+00
    1.8119821325e-02    0.0000000000e+00
    1.8129913136e-02    0.0000000000e+00
    1.8139088526e-02    0.0000000000e+00
    1.8149182200e-02    0.0000000000e+00
    1.8159836531e-02    0.0000000000e+00
    1.8169568852e-02    0.0000000000e+00
    1.8179301172e-02    0.0000000000e+00
    1.8189033493e-02    0.0000000000e+00
    1.8199982122e-02    0.0000000000e+00
    1.8209714442e-02    0.0000000000e+00
    1.8219446763e-02    0.0000000000e+00
    1.8229179084e-02    0.0000000000e+00
    1.8238911405e-02    0.0000000000e+00
    1.8249860033e-02    0.0000000000e+00
    1.8259590492e-02    0.0000000000e+00
    1.8269322813e-02    0.0000000000e+00
    1.8279055133e-02    0.0000000000e+00
    1.8289841712e-02    0.0000000000e+00
    1.8299574032e-02    0.0000000000e+00
    1.8309954554e-02    0.0000000000e+00
    1.8319686875e-02    0.0000000000e+00
    1.8329419196e-02    0.0000000000e+00
    1.8339799717e-02    0.0000000000e+00
    1.8349532038e-02    0.0000000000e+00
    1.8359912559e-02    0.0000000000e+00
    1.8369799480e-02    0.0000000000e+00
    1.8379529938e-02    0.0000000000e+00
    1.8389262259e-02    0.0000000000e+00
    1.8398992717e-02    0.0000000000e+00
    1.8409941345e-02    0.0000000000e+00
    1.8419673666e-02    0.0000000000e+00
    1.8429404125e-02    0.0000000000e+00
    1.8439136446e-02    0.0000000000e+00
    1.8448866904e-02    0.0000000000e+00
    1.8459815532e-02    0.0000000000e+00
    1.8469545990e-02    0.0000000000e+00
    1.8479278311e-02    0.0000000000e+00
    1.8489008769e-02    0.0000000000e+00
    1.8499957398e-02    0.0000000000e+00
    1.8509687856e-02    0.0000000000e+00
    1.8519418314e-02    0.0000000000e+00
    1.8529150635e-02    0.0000000000e+00
    1.8538881093e-02    0.0000000000e+00
    1.8549827859e-02    0.0000000000e+00
    1.8559560180e-02    0.0000000000e+00
    1.8569290638e-02    0.0000000000e+00
    1.8579021096e-02    0.0000000000e+00
    1.8589969724e-02    0.0000000000e+00
    1.8599700183e-02    0.0000000000e+00
    1.8609430641e-02    0.0000000000e+00
    1.8619161099e-02    0.0000000000e+00
    1.8628891557e-02    0.0000000000e+00
    1.8639838323e-02    0.0000000000e+00
    1.8649570644e-02    0.0000000000e+00
    1.8659301102e-02    0.0000000000e+00
    1.8669031560e-02    0.0000000000e+00
    1.8679978326e-02    0.0000000000e+00
    1.8689708784e-02    0.0000000000e+00
    1.8699439242e-02    0.0000000000e+00
    1.8709169701e-02    0.0000000000e+00
    1.8718900159e-02    0.0000000000e+00
    1.8729846925e-02    0.0000000000e+00
    1.8739577383e-02    0.0000000000e+00
    1.8749307841e-02    0.0000000000e+00
    1.8759038299e-02    0.0000000000e+00
    1.8769985065e-02    0.0000000000e+00
    1.8779715523e-02    0.0000000000e+00
    1.8789445981e-02    0.0000000000e+00
    1.8799176440e-02    0.0000000000e+00
    1.8808906898e-02    0.0000000000e+00
    1.8819853663e-02    0.0000000000e+00
    1.8829584122e-02    0.0000000000e+00
    1.8839314580e-02    0.0000000000e+00
    1.8849043176e-02    0.0000000000e+00
    1.8859989941e-02    0.0000000000e+00
    1.8869720399e-02    0.0000000000e+00
    1.8879450858e-02    0.0000000000e+00
    1.8889181316e-02    0.0000000000e+00
    1.8898911774e-02    0.0000000000e+00
    1.8909856677e-02    0.0000000000e+00
    1.8919587135e-02    0.0000000000e+00
    1.8929317594e-02    0.0000000000e+00
    1.8939048052e-02    0.0000000000e+00
    1.8949994817e-02    0.0000000000e+00
    1.8959723413e-02    0.0000000000e+00
    1.8969453871e-02    0.0000000000e+00
    1.8979184330e-02    0.0000000000e+00
    1.8988914788e-02    0.0000000000e+00
    1.8999859691e-02    0.0000000000e+00
    1.9009590149e-02    0.0000000000e+00
    1.9019320607e-02    0.0000000000e+00
    1.9029049203e-02    0.0000000000e+00
    1.9039995968e-02    0.0000000000e+00
    1.9049724564e-02    0.0000000000e+00
    1.9059455022e-02    0.0000000000e+00
    1.9069185480e-02    0.0000000000e+00
    1.9078914076e-02    0.0000000000e+00
    1.9089860842e-02    0.0000000000e+00
    1.9099589437e-02    0.0000000000e+00
    1.9109319896e-02    0.0000000000e+00
    1.9119050354e-02    0.0000000000e+00
    1.9129995257e-02    0.0000000000e+00
    1.9139725715e-02    0.0000000000e+00
    1.9149454311e-02    0.0000000000e+00
    1.9159184769e-02    0.0000000000e+00
    1.9168913364e-02    0.0000000000e+00
    1.9179860130e-02    0.0000000000e+00
    1.9189588726e-02    0.0000000000e+00
    1.9199319184e-02    0.0000000000e+00
    1.9209047779e-02    0.0000000000e+00
    1.9219994545e-02    0.0000000000e+00
    1.9229723141e-02    0.0000000000e+00
    1.9239453599e-02    0.0000000000e+00
    1.9249182194e-02    0.0000000000e+00
    1.9258910790e-02    0.0000000000e+00
    1.9269857556e-02    0.0000000000e+00
    1.9279586151e-02    0.0000000000e+00
    1.9289316610e-02    0.0000000000e+00
    1.9299045205e-02    0.0000000000e+00
    1.9309990108e-02    0.0000000000e+00
    1.9319720566e-02    0.0000000000e+00
    1.9329449162e-02    0.0000000000e+00
    1.9339179620e-02    0.0000000000e+00
    1.9348908216e-02    0.0000000000e+00
    1.9359854981e-02    0.0000000000e+00
    1.9369583577e-02    0.0000000000e+00
    1.9379312173e-02    0.0000000000e+00
    1.9389042631e-02    0.0000000000e+00
    1.9399987534e-02    0.0000000000e+00
    1.9409717992e-02    0.0000000000e+00
    1.9419446588e-02    0.0000000000e+00
    1.9429177046e-02    0.0000000000e+00
    1.9438905641e-02    0.0000000000e+00
    1.9449852407e-02    0.0000000000e+00
    1.9459581003e-02    0.0000000000e+00
    1.9469311461e-02    0.0000000000e+00
    1.9479040056e-02    0.0000000000e+00
    1.9489984959e-02    0.0000000000e+00
    1.9499715418e-02    0.0000000000e+00
    1.9509444013e-02    0.0000000000e+00
    1.9519174471e-02    0.0000000000e+00
    1.9528903067e-02    0.0000000000e+00
    1.9539847970e-02    0.0000000000e+00
    1.9549578428e-02    0.0000000000e+00
    1.9559307024e-02    0.0000000000e+00
    1.9569035619e-02    0.0000000000e+00
    1.9579980522e-02    0.0000000000e+00
    1.9589710981e-02    0.0000000000e+00
    1.9599439576e-02    0.0000000000e+00
    1.9609168172e-02    0.0000000000e+00
    1.9618896767e-02    0.0000000000e+00
    1.9629843533e-02    0.0000000000e+00
    1.9639572129e-02    0.0000000000e+00
    1.9649300724e-02    0.0000000000e+00
    1.9659029320e-02    0.0000000000e+00
    1.9669974223e-02    0.0000000000e+00
    1.9679704681e-02    0.0000000000e+00
    1.9689433277e-02    0.0000000000e+00
    1.9699161872e-02    0.0000000000e+00
    1.9708890468e-02    0.0000000000e+00
    1.9719837233e-02    0.0000000000e+00
    1.9729565829e-02    0.0000000000e+00
    1.9739294425e-02    0.0000000000e+00
    1.9749023020e-02    0.0000000000e+00
    1.9759969786e-02    0.0000000000e+00
    1.9769698381e-02    0.0000000000e+00
    1.9779426977e-02    0.0000000000e+00
    1.9789155573e-02    0.0000000000e+00
    1.9798886031e-02    0.0000000000e+00
    1.9809830934e-02    0.0000000000e+00
    1.9819559529e-02    0.0000000000e+00
    1.9829289988e-02    0.0000000000e+00
    1.9839018583e-02    0.0000000000e+00
    1.9849963486e-02    0.0000000000e+00
    1.9859692082e-02    0.0000000000e+00
    1.9869422540e-02    0.0000000000e+00
    1.9879151136e-02    0.0000000000e+00
    1.9888881594e-02    0.0000000000e+00
    1.9899826497e-02    0.0000000000e+00
    1.9909555092e-02    0.0000000000e+00
    1.9919283688e-02    0.0000000000e+00
    1.9929014146e-02    0.0000000000e+00
    1.9939959049e-02    0.0000000000e+00
    1.9949687645e-02    0.0000000000e+00
    1.9959418103e-02    0.0000000000e+00
    1.9969146699e-02    0.0000000000e+00
    1.9978877157e-02    0.0000000000e+00
    1.9989822060e-02    0.0000000000e+00
    1.9999550655e-02    0.0000000000e+00
    2.0009281114e-02    0.0000000000e+00
    2.0019009709e-02    0.0000000000e+00
    2.0029954612e-02    0.0000000000e+00
    2.0039685071e-02    0.0000000000e+00
    2.0049413666e-02    0.0000000000e+00
    2.0059144124e-02    0.0000000000e+00
    2.0068872720e-02    0.0000000000e+00
    2.0079819486e-02    0.0000000000e+00
    2.0089548081e-02    0.0000000000e+00
    2.0099278539e-02    0.0000000000e+00
    2.0109007135e-02    0.0000000000e+00
    2.0119953901e-02    0.0000000000e+00
    2.0129682496e-02    0.0000000000e+00
    2.0139412954e-02    0.0000000000e+00
    2.0149141550e-02    0.0000000000e+00
    2.0158872008e-02    0.0000000000e+00
    2.0169816911e-02    0.0000000000e+00
    2.0179547369e-02    0.0000000000e+00
    2.0189275965e-02    0.0000000000e+00
    2.0199006423e-02    0.0000000000e+00
    2.0209951326e-02    0.0000000000e+00
    2.0219681785e-02    0.0000000000e+00
    2.0229410380e-02    0.0000000000e+00
    2.0239140838e-02    0.0000000000e+00
    2.0248869434e-02    0.0000000000e+00
    2.0259816200e-02    0.0000000000e+00
    2.0269544795e-02    0.0000000000e+00
    2.0279275253e-02    0.0000000000e+00
    2.0289003849e-02    0.0000000000e+00
    2.0299950615e-02    0.0000000000e+00
    2.0309681073e-02    0.0000000000e+00
    2.0319409668e-02    0.0000000000e+00
    2.0329140127e-02    0.0000000000e+00
    2.0338868722e-02    0.0000000000e+00
    2.0349815488e-02    0.0000000000e+00
    2.0359545946e-02    0.0000000000e+00
    2.0369274542e-02    0.0000000000e+00
    2.0379005000e-02    0.0000000000e+00
    2.0389951766e-02    0.0000000000e+00
    2.0399680361e-02    0.0000000000e+00
    2.0409410819e-02    0.0000000000e+00
    2.0419141278e-02    0.0000000000e+00
    2.0428869873e-02    0.0000000000e+00
    2.0439816639e-02    0.0000000000e+00
    2.0449547097e-02    0.0000000000e+00
    2.0459277555e-02    0.0000000000e+00
    2.0469006151e-02    0.0000000000e+00
    2.0479952917e-02    0.0000000000e+00
    2.0489683375e-02    0.0000000000e+00
    2.0499413833e-02    0.0000000000e+00
    2.0509144291e-02    0.0000000000e+00
    2.0518872887e-02    0.0000000000e+00
    2.0529819652e-02    0.0000000000e+00
    2.0539550111e-02    0.0000000000e+00
    2.0549280569e-02    0.0000000000e+00
    2.0559011027e-02    0.0000000000e+00
    2.0569957793e-02    0.0000000000e+00
    2.0579688251e-02    0.0000000000e+00
    2.0589418709e-02    0.0000000000e+00
    2.0599149168e-02    0.0000000000e+00
    2.0608879626e-02    0.0000000000e+00
    2.0619826391e-02    0.0000000000e+00
    2.0629556850e-02    0.0000000000e+00
    2.0639287308e-02    0.0000000000e+00
    2.0649017766e-02    0.0000000000e+00
    2.0659966394e-02    0.0000000000e+00
    2.0669696853e-02    0.0000000000e+00
    2.0679427311e-02    0.0000000000e+00
    2.0689157769e-02    0.0000000000e+00
    2.0698888227e-02    0.0000000000e+00
    2.0709834993e-02    0.0000000000e+00
    2.0719567314e-02    0.0000000000e+00
    2.0729297772e-02    0.0000000000e+00
    2.0739028230e-02    0.0000000000e+00
    2.0749974996e-02    0.0000000000e+00
    2.0759707317e-02    0.0000000000e+00
    2.0769437775e-02    0.0000000000e+00
    2.0779168233e-02    0.0000000000e+00
    2.0788900554e-02    0.0000000000e+00
    2.0799847320e-02    0.0000000000e+00
    2.0809577778e-02    0.0000000000e+00
    2.0819310099e-02    0.0000000000e+00
    2.0829040557e-02    0.0000000000e+00
    2.0839987323e-02    0.0000000000e+00
    2.0849719644e-02    0.0000000000e+00
    2.0859450102e-02    0.0000000000e+00
    2.0869182423e-02    0.0000000000e+00
    2.0878912881e-02    0.0000000000e+00
    2.0889859647e-02    0.0000000000e+00
    2.0899591967e-02    0.0000000000e+00
    2.0909322426e-02    0.0000000000e+00
    2.0919054747e-02    0.0000000000e+00
    2.0928785205e-02    0.0000000000e+00
    2.0939733833e-02    0.0000000000e+00
    2.0949466154e-02    0.0000000000e+00
    2.0959196612e-02    0.0000000000e+00
    2.0968928933e-02    0.0000000000e+00
    2.0979875699e-02    0.0000000000e+00
    2.0989608020e-02    0.0000000000e+00
    2.0999340340e-02    0.0000000000e+00
    2.1009070799e-02    0.0000000000e+00
    2.1018803120e-02    0.0000000000e+00
    2.1029751748e-02    0.0000000000e+00
    2.1039482206e-02    0.0000000000e+00
    2.1049214527e-02    0.0000000000e+00
    2.1058946848e-02    0.0000000000e+00
    2.1069895476e-02    0.0000000000e+00
    2.1079625934e-02    0.0000000000e+00
    2.1089358255e-02    0.0000000000e+00
    2.1099090576e-02    0.0000000000e+00
    2.1108822897e-02    0.0000000000e+00
    2.1119771525e-02    0.0000000000e+00
    2.1129503846e-02    0.0000000000e+00
    2.1139236167e-02    0.0000000000e+00
    2.1148966625e-02    0.0000000000e+00
    2.1159915254e-02    0.0000000000e+00
    2.1169647574e-02    0.0000000000e+00
    2.1179379895e-02    0.0000000000e+00
    2.1189112216e-02    0.0000000000e+00
    2.1198844537e-02    0.0000000000e+00
    2.1209793165e-02    0.0000000000e+00
    2.1219525486e-02    0.0000000000e+00
    2.1229257807e-02    0.0000000000e+00
    2.1238990128e-02    0.0000000000e+00
    2.1249938756e-02    0.0000000000e+00
    2.1259671077e-02    0.0000000000e+00
    2.1269403398e-02    0.0000000000e+00
    2.1279135719e-02    0.0000000000e+00
    2.1288868040e-02    0.0000000000e+00
    2.1299816668e-02    0.0000000000e+00
    2.1309548989e-02    0.0000000000e+00
    2.1319281310e-02    0.0000000000e+00
    2.1329013631e-02    0.0000000000e+00
    2.1339964122e-02    0.0000000000e+00
    2.1349696442e-02    0.0000000000e+00
    2.1359428763e-02    0.0000000000e+00
    2.1369159222e-02    0.0000000000e+00
    2.1378891543e-02    0.0000000000e+00
    2.1389842033e-02    0.0000000000e+00
    2.1399572492e-02    0.0000000000e+00
    2.1409304813e-02    0.0000000000e+00
    2.1419037133e-02    0.0000000000e+00
    2.1429987624e-02    0.0000000000e+00
    2.1439718083e-02    0.0000000000e+00
    2.1449450403e-02    0.0000000000e+00
    2.1459182724e-02    0.0000000000e+00
    2.1468915045e-02    0.0000000000e+00
    2.1479863673e-02    0.0000000000e+00
    2.1489595994e-02    0.0000000000e+00
    2.1499328315e-02    0.0000000000e+00
    2.1509060636e-02    0.0000000000e+00
    2.1518792957e-02    0.0000000000e+00
    2.1529741585e-02    0.0000000000e+00
    2.1539473906e-02    0.0000000000e+00
    2.1549206227e-02    0.0000000000e+00
    2.1558938548e-02    0.0000000000e+00
    2.1569889039e-02    0.0000000000e+00
    2.1579621360e-02    0.0000000000e+00
    2.1589353681e-02    0.0000000000e+00
    2.1599086002e-02    0.0000000000e+00
    2.1608816460e-02    0.0000000000e+00
    2.1619766951e-02    0.0000000000e+00
    2.1629499272e-02    0.0000000000e+00
    2.1639231592e-02    0.0000000000e+00
    2.1648963913e-02    0.0000000000e+00
    2.1659912542e-02    0.0000000000e+00
    2.1669644862e-02    0.0000000000e+00
    2.1679377183e-02    0.0000000000e+00
    2.1689109504e-02    0.0000000000e+00
    2.1698841825e-02    0.0000000000e+00
    2.1709790453e-02    0.0000000000e+00
    2.1719522774e-02    0.0000000000e+00
    2.1729255095e-02    0.0000000000e+00
    2.1738987416e-02    0.0000000000e+00
    2.1749936044e-02    0.0000000000e+00
    2.1759668365e-02    0.0000000000e+00
    2.1769400686e-02    0.0000000000e+00
    2.1779133007e-02    0.0000000000e+00
    2.1788865328e-02    0.0000000000e+00
    2.1799813956e-02    0.0000000000e+00
    2.1809546277e-02    0.0000000000e+00
    2.1819278598e-02    0.0000000000e+00
    2.1829010919e-02    0.0000000000e+00
    2.1839959547e-02    0.0000000000e+00
    2.1849691868e-02    0.0000000000e+00
    2.1859424189e-02    0.0000000000e+00
    2.1869156510e-02    0.0000000000e+00
    2.1878888831e-02    0.0000000000e+00
    2.1889837459e-02    0.0000000000e+00
    2.1899569780e-02    0.0000000000e+00
    2.1909303963e-02    0.0000000000e+00
    2.1919036284e-02    0.0000000000e+00
    2.1929984912e-02    0.0000000000e+00
    2.1939717233e-02    0.0000000000e+00
    2.1949449554e-02    0.0000000000e+00
    2.1959181875e-02    0.0000000000e+00
    2.1968914196e-02    0.0000000000e+00
    2.1979862824e-02    0.0000000000e+00
    2.1989595145e-02    0.0000000000e+00
    2.1999327466e-02    0.0000000000e+00
    2.2009059787e-02    0.0000000000e+00
    2.2018792108e-02    0.0000000000e+00
    2.2029740736e-02    0.0000000000e+00
    2.2039473057e-02    0.0000000000e+00
    2.2049205378e-02    0.0000000000e+00
    2.2058937699e-02    0.0000000000e+00
    2.2069886327e-02    0.0000000000e+00
    2.2079618648e-02    0.0000000000e+00
    2.2089350969e-02    0.0000000000e+00
    2.2099083290e-02    0.0000000000e+00
    2.2108815610e-02    0.0000000000e+00
    2.2119764239e-02    0.0000000000e+00
    2.2129496560e-02    0.0000000000e+00
    2.2139228880e-02    0.0000000000e+00
    2.2148961201e-02    0.0000000000e+00
    2.2159909829e-02    0.0000000000e+00
    2.2169642150e-02    0.0000000000e+00
    2.2179374471e-02    0.0000000000e+00
    2.2189106792e-02    0.0000000000e+00
    2.2198839113e-02    0.0000000000e+00
    2.2209789604e-02    0.0000000000e+00
    2.2219521925e-02    0.0000000000e+00
    2.2229254246e-02    0.0000000000e+00
    2.2238986567e-02    0.0000000000e+00
    2.2249935195e-02    0.0000000000e+00
    2.2259667516e-02    0.0000000000e+00
    2.2269399837e-02    0.0000000000e+00
    2.2279132158e-02    0.0000000000e+00
    2.2288864478e-02    0.0000000000e+00
    2.2299813107e-02    0.0000000000e+00
    2.2309545428e-02    0.0000000000e+00
    2.2319277748e-02    0.0000000000e+00
    2.2329010069e-02    0.0000000000e+00
    2.2339958698e-02    0.0000000000e+00
    2.2349691018e-02    0.0000000000e+00
    2.2359423339e-02    0.0000000000e+00
    2.2369155660e-02    0.0000000000e+00
    2.2378887981e-02    0.0000000000e+00
    2.2389836609e-02    0.0000000000e+00
    2.2399568930e-02    0.0000000000e+00
    2.2409301251e-02    0.0000000000e+00
    2.2419033572e-02    0.0000000000e+00
    2.2429982200e-02    0.0000000000e+00
    2.2439714521e-02    0.0000000000e+00
    2.2449446842e-02    0.0000000000e+00
    2.2459179163e-02    0.0000000000e+00
    2.2468911484e-02    0.0000000000e+00
    2.2479860112e-02    0.0000000000e+00
    2.2489592433e-02    0.0000000000e+00
    2.2499324754e-02    0.0000000000e+00
    2.2509057075e-02    0.0000000000e+00
    2.2518789396e-02    0.0000000000e+00
    2.2529738024e-02    0.0000000000e+00
    2.2539470345e-02    0.0000000000e+00
    2.2549202666e-02    0.0000000000e+00
    2.2558934987e-02    0.0000000000e+00
    2.2569883615e-02    0.0000000000e+00
    2.2579615936e-02    0.0000000000e+00
    2.2589348257e-02    0.0000000000e+00
    2.2599080577e-02    0.0000000000e+00
    2.2608812898e-02    0.0000000000e+00
    2.2619761527e-02    0.0000000000e+00
    2.2629493847e-02    0.0000000000e+00
    2.2639224306e-02    0.0000000000e+00
    2.2648956627e-02    0.0000000000e+00
    2.2659905255e-02    0.0000000000e+00
    2.2669637576e-02    0.0000000000e+00
    2.2679369897e-02    0.0000000000e+00
    2.2689102218e-02    0.0000000000e+00
    2.2698834538e-02    0.0000000000e+00
    2.2709781304e-02    0.0000000000e+00
    2.2719513625e-02    0.0000000000e+00
    2.2729245946e-02    0.0000000000e+00
    2.2738978267e-02    0.0000000000e+00
    2.2749926895e-02    0.0000000000e+00
    2.2759659216e-02    0.0000000000e+00
    2.2769389674e-02    0.0000000000e+00
    2.2779121995e-02    0.0000000000e+00
    2.2788854316e-02    0.0000000000e+00
    2.2799802944e-02    0.0000000000e+00
    2.2809535265e-02    0.0000000000e+00
    2.2819265723e-02    0.0000000000e+00
    2.2828998044e-02    0.0000000000e+00
    2.2839946672e-02    0.0000000000e+00
    2.2849678993e-02    0.0000000000e+00
    2.2859409451e-02    0.0000000000e+00
    2.2869141772e-02    0.0000000000e+00
    2.2878874093e-02    0.0000000000e+00
    2.2889822721e-02    0.0000000000e+00
    2.2899553180e-02    0.0000000000e+00
    2.2909285501e-02    0.0000000000e+00
    2.2919017822e-02    0.0000000000e+00
    2.2929966450e-02    0.0000000000e+00
    2.2939696908e-02    0.0000000000e+00
    2.2949429229e-02    0.0000000000e+00
    2.2959161550e-02    0.0000000000e+00
    2.2968892008e-02    0.0000000000e+00
    2.2979840636e-02    0.0000000000e+00
    2.2989572957e-02    0.0000000000e+00
    2.2999305278e-02    0.0000000000e+00
    2.3009035736e-02    0.0000000000e+00
    2.3019984365e-02    0.0000000000e+00
    2.3029716685e-02    0.0000000000e+00
    2.3039449006e-02    0.0000000000e+00
    2.3049179465e-02    0.0000000000e+00
    2.3058911785e-02    0.0000000000e+00
    2.3069860414e-02    0.0000000000e+00
    2.3079592735e-02    0.0000000000e+00
    2.3089323193e-02    0.0000000000e+00
    2.3099055514e-02    0.0000000000e+00
    2.3108787835e-02    0.0000000000e+00
    2.3119736463e-02    0.0000000000e+00
    2.3129468784e-02    0.0000000000e+00
    2.3139199242e-02    0.0000000000e+00
    2.3148931563e-02    0.0000000000e+00
    2.3159692064e-02    0.0000000000e+00
    2.3169917986e-02    0.0000000000e+00
    2.3179460317e-02    0.0000000000e+00
    2.3189686239e-02    0.0000000000e+00
    2.3199912161e-02    0.0000000000e+00
    2.3209456354e-02    0.0000000000e+00
    2.3219680414e-02    0.0000000000e+00
    2.3229906335e-02    0.0000000000e+00
    2.3239450529e-02    0.0000000000e+00
    2.3249676451e-02    0.0000000000e+00
    2.3259900510e-02    0.0000000000e+00
    2.3269444704e-02    0.0000000000e+00
    2.3279670626e-02    0.0000000000e+00
    2.3289896548e-02    0.0000000000e+00
    2.3299438879e-02    0.0000000000e+00
    2.3309420794e-02    0.0000000000e+00
    2.3319644853e-02    0.0000000000e+00
    2.3329870775e-02    0.0000000000e+00
    2.3339414969e-02    0.0000000000e+00
    2.3349640891e-02    0.0000000000e+00
    2.3359864950e-02    0.0000000000e+00
    2.3369494826e-02    0.0000000000e+00
    2.3379135877e-02    0.0000000000e+00
    2.3389926180e-02    0.0000000000e+00
    2.3399468511e-02    0.0000000000e+00
    2.3409694433e-02    0.0000000000e+00
    2.3419920355e-02    0.0000000000e+00
    2.3429464549e-02    0.0000000000e+00
    2.3439688608e-02    0.0000000000e+00
    2.3449914530e-02    0.0000000000e+00
    2.3459261283e-02    0.0000000000e+00
    2.3469865322e-02    0.0000000000e+00
    2.3479506373e-02    0.0000000000e+00
    2.3489145562e-02    0.0000000000e+00
    2.3499749601e-02    0.0000000000e+00
    2.3509390652e-02    0.0000000000e+00
    2.3519994691e-02    0.0000000000e+00
    2.3529633880e-02    0.0000000000e+00
    2.3539274931e-02    0.0000000000e+00
    2.3549878970e-02    0.0000000000e+00
    2.3558853194e-02    0.0000000000e+00
    2.3569801822e-02    0.0000000000e+00
    2.3579439148e-02    0.0000000000e+00
    2.3589665070e-02    0.0000000000e+00
    2.3599889129e-02    0.0000000000e+00
    2.3609433323e-02    0.0000000000e+00
    2.3619659245e-02    0.0000000000e+00
    2.3629885167e-02    0.0000000000e+00
    2.3639427498e-02    0.0000000000e+00
    2.3649653420e-02    0.0000000000e+00
    2.3659879342e-02    0.0000000000e+00
    2.3669423535e-02    0.0000000000e+00
    2.3679617792e-02    0.0000000000e+00
    2.3689256981e-02    0.0000000000e+00
    2.3699861020e-02    0.0000000000e+00
    2.3708835244e-02    0.0000000000e+00
    2.3719595745e-02    0.0000000000e+00
    2.3729821667e-02    0.0000000000e+00
    2.3739365861e-02    0.0000000000e+00
    2.3749591783e-02    0.0000000000e+00
    2.3759884760e-02    0.0000000000e+00
    2.3769328371e-02    0.0000000000e+00
    2.3779932410e-02    0.0000000000e+00
    2.3789573461e-02    0.0000000000e+00
    2.3799212649e-02    0.0000000000e+00
    2.3809816688e-02    0.0000000000e+00
    2.3819457740e-02    0.0000000000e+00
    2.3829096928e-02    0.0000000000e+00
    2.3839700967e-02    0.0000000000e+00
    2.3849342018e-02    0.0000000000e+00
    2.3859946057e-02    0.0000000000e+00
    2.3869585246e-02    0.0000000000e+00
    2.3879226297e-02    0.0000000000e+00
    2.3889830336e-02    0.0000000000e+00
    2.3899469525e-02    0.0000000000e+00
    2.3909110576e-02    0.0000000000e+00
    2.3919714615e-02    0.0000000000e+00
    2.3929450661e-02    0.0000000000e+00
    2.3939132690e-02    0.0000000000e+00
    2.3949988186e-02    0.0000000000e+00
    2.3959629238e-02    0.0000000000e+00
    2.3969337344e-02    0.0000000000e+00
    2.3979563266e-02    0.0000000000e+00
    2.3989789188e-02    0.0000000000e+00
    2.3999253288e-02    0.0000000000e+00
    2.4009857327e-02    0.0000000000e+00
    2.4019593373e-02    0.0000000000e+00
    2.4029275402e-02    0.0000000000e+00
    2.4039005861e-02    0.0000000000e+00
    2.4049954489e-02    0.0000000000e+00
    2.4059846997e-02    0.0000000000e+00
    2.4069486186e-02    0.0000000000e+00
    2.4079525843e-02    0.0000000000e+00
    2.4089751765e-02    0.0000000000e+00
    2.4099977687e-02    0.0000000000e+00
    2.4109853432e-02    0.0000000000e+00
    2.4119583890e-02    0.0000000000e+00
    2.4129316211e-02    0.0000000000e+00
    2.4139253423e-02    0.0000000000e+00
    2.4149857461e-02    0.0000000000e+00
    2.4158878252e-02    0.0000000000e+00
    2.4169826880e-02    0.0000000000e+00
    2.4179905653e-02    0.0000000000e+00
    2.4189447984e-02    0.0000000000e+00
    2.4199886248e-02    0.0000000000e+00
    2.4209421128e-02    0.0000000000e+00
    2.4219647050e-02    0.0000000000e+00
    2.4229871109e-02    0.0000000000e+00
    2.4239415303e-02    0.0000000000e+00
    2.4249641225e-02    0.0000000000e+00
    2.4259867147e-02    0.0000000000e+00
    2.4269409478e-02    0.0000000000e+00
    2.4279635400e-02    0.0000000000e+00
    2.4289216846e-02    0.0000000000e+00
    2.4299390614e-02    0.0000000000e+00
    2.4309614673e-02    0.0000000000e+00
    2.4319840595e-02    0.0000000000e+00
    2.4329384789e-02    0.0000000000e+00
    2.4339610711e-02    0.0000000000e+00
    2.4349834770e-02    0.0000000000e+00
    2.4359710515e-02    0.0000000000e+00
    2.4369442835e-02    0.0000000000e+00
    2.4379175156e-02    0.0000000000e+00
    2.4388905615e-02    0.0000000000e+00
    2.4399854243e-02    0.0000000000e+00
    2.4409586564e-02    0.0000000000e+00
    2.4419317022e-02    0.0000000000e+00
    2.4429049343e-02    0.0000000000e+00
    2.4439996108e-02    0.0000000000e+00
    2.4449728429e-02    0.0000000000e+00
    2.4459460750e-02    0.0000000000e+00
    2.4469191208e-02    0.0000000000e+00
    2.4478923529e-02    0.0000000000e+00
    2.4489872158e-02    0.0000000000e+00
    2.4499602616e-02    0.0000000000e+00
    2.4509334937e-02    0.0000000000e+00
    2.4519065395e-02    0.0000000000e+00
    2.4528797716e-02    0.0000000000e+00
    2.4539744481e-02    0.0000000000e+00
    2.4549476802e-02    0.0000000000e+00
    2.4559209123e-02    0.0000000000e+00
    2.4568939582e-02    0.0000000000e+00
    2.4579888210e-02    0.0000000000e+00
    2.4589618668e-02    0.0000000000e+00
    2.4599350989e-02    0.0000000000e+00
    2.4609081447e-02    0.0000000000e+00
    2.4618813768e-02    0.0000000000e+00
    2.4629760534e-02    0.0000000000e+00
    2.4639492854e-02    0.0000000000e+00
    2.4649223313e-02    0.0000000000e+00
    2.4658955634e-02    0.0000000000e+00
    2.4669902399e-02    0.0000000000e+00
    2.4679634720e-02    0.0000000000e+00
    2.4689365178e-02    0.0000000000e+00
    2.4699095637e-02    0.0000000000e+00
    2.4708827958e-02    0.0000000000e+00
    2.4719774723e-02    0.0000000000e+00
    2.4729507044e-02    0.0000000000e+00
    2.4739237502e-02    0.0000000000e+00
    2.4748969823e-02    0.0000000000e+00
    2.4759916589e-02    0.0000000000e+00
    2.4769648910e-02    0.0000000000e+00
    2.4779379368e-02    0.0000000000e+00
    2.4789111689e-02    0.0000000000e+00
    2.4798842147e-02    0.0000000000e+00
    2.4809790775e-02    0.0000000000e+00
    2.4819521233e-02    0.0000000000e+00
    2.4829251692e-02    0.0000000000e+00
    2.4838984013e-02    0.0000000000e+00
    2.4849930778e-02    0.0000000000e+00
    2.4859663099e-02    0.0000000000e+00
    2.4869393557e-02    0.0000000000e+00
    2.4879125878e-02    0.0000000000e+00
    2.4888856336e-02    0.0000000000e+00
    2.4899804965e-02    0.0000000000e+00
    2.4909535423e-02    0.0000000000e+00
    2.4919265881e-02    0.0000000000e+00
    2.4928998202e-02    0.0000000000e+00
    2.4939944968e-02    0.0000000000e+00
    2.4949677289e-02    0.0000000000e+00
    2.4959407747e-02    0.0000000000e+00
    2.4969140068e-02    0.0000000000e+00
    2.4978870526e-02    0.0000000000e+00
    2.4989817291e-02    0.0000000000e+00
    2.4999549612e-02    0.0000000000e+00
    2.5009280071e-02    0.0000000000e+00
    2.5019012392e-02    0.0000000000e+00
    2.5029959157e-02    0.0000000000e+00
    2.5039689615e-02    0.0000000000e+00
    2.5049421936e-02    0.0000000000e+00
    2.5059152395e-02    0.0000000000e+00
    2.5068884715e-02    0.0000000000e+00
    2.5079831481e-02    0.0000000000e+00
    2.5089563802e-02    0.0000000000e+00
    2.5099294260e-02    0.0000000000e+00
    2.5109024718e-02    0.0000000000e+00
    2.5119973347e-02    0.0000000000e+00
    2.5129703805e-02    0.0000000000e+00
    2.5139436126e-02    0.0000000000e+00
    2.5149166584e-02    0.0000000000e+00
    2.5158898905e-02    0.0000000000e+00
    2.5169845670e-02    0.0000000000e+00
    2.5179576129e-02    0.0000000000e+00
    2.5189308450e-02    0.0000000000e+00
    2.5199038908e-02    0.0000000000e+00
    2.5209987536e-02    0.0000000000e+00
    2.5219717994e-02    0.0000000000e+00
    2.5229450315e-02    0.0000000000e+00
    2.5239180773e-02    0.0000000000e+00
    2.5248913094e-02    0.0000000000e+00
    2.5259859860e-02    0.0000000000e+00
    2.5269592181e-02    0.0000000000e+00
    2.5279322639e-02    0.0000000000e+00
    2.5289053097e-02    0.0000000000e+00
    2.5298785418e-02    0.0000000000e+00
    2.5309732184e-02    0.0000000000e+00
    2.5319464505e-02    0.0000000000e+00
    2.5329194963e-02    0.0000000000e+00
    2.5338927284e-02    0.0000000000e+00
    2.5349874049e-02    0.0000000000e+00
    2.5359606370e-02    0.0000000000e+00
    2.5369336829e-02    0.0000000000e+00
    2.5379067287e-02    0.0000000000e+00
    2.5388799608e-02    0.0000000000e+00
    2.5399746373e-02    0.0000000000e+00
    2.5409478694e-02    0.0000000000e+00
    2.5419209152e-02    0.0000000000e+00
    2.5428941473e-02    0.0000000000e+00
    2.5439888239e-02    0.0000000000e+00
    2.5449618697e-02    0.0000000000e+00
    2.5459351018e-02    0.0000000000e+00
    2.5469081476e-02    0.0000000000e+00
    2.5478813797e-02    0.0000000000e+00
    2.5489760563e-02    0.0000000000e+00
    2.5499492884e-02    0.0000000000e+00
    2.5509223342e-02    0.0000000000e+00
    2.5518953800e-02    0.0000000000e+00
    2.5529902428e-02    0.0000000000e+00
    2.5539632887e-02    0.0000000000e+00
    2.5549365208e-02    0.0000000000e+00
    2.5559095666e-02    0.0000000000e+00
    2.5568827987e-02    0.0000000000e+00
    2.5579774752e-02    0.0000000000e+00
    2.5589507073e-02    0.0000000000e+00
    2.5599237531e-02    0.0000000000e+00
    2.5608969852e-02    0.0000000000e+00
    2.5619916618e-02    0.0000000000e+00
    2.5629648939e-02    0.0000000000e+00
    2.5639379397e-02    0.0000000000e+00
    2.5649111718e-02    0.0000000000e+00
    2.5658842176e-02    0.0000000000e+00
    2.5669790804e-02    0.0000000000e+00
    2.5679521263e-02    0.0000000000e+00
    2.5689253584e-02    0.0000000000e+00
    2.5698984042e-02    0.0000000000e+00
    2.5709932670e-02    0.0000000000e+00
    2.5719663128e-02    0.0000000000e+00
    2.5729395449e-02    0.0000000000e+00
    2.5739125907e-02    0.0000000000e+00
    2.5748858228e-02    0.0000000000e+00
    2.5759804994e-02    0.0000000000e+00
    2.5769537315e-02    0.0000000000e+00
    2.5779267773e-02    0.0000000000e+00
    2.5789000094e-02    0.0000000000e+00
    2.5799946859e-02    0.0000000000e+00
    2.5809679180e-02    0.0000000000e+00
    2.5819409639e-02    0.0000000000e+00
    2.5829141960e-02    0.0000000000e+00
    2.5838872418e-02    0.0000000000e+00
    2.5849821046e-02    0.0000000000e+00
    2.5859551504e-02    0.0000000000e+00
    2.5869283825e-02    0.0000000000e+00
    2.5879014283e-02    0.0000000000e+00
    2.5889962912e-02    0.0000000000e+00
    2.5899695233e-02    0.0000000000e+00
    2.5909425691e-02    0.0000000000e+00
    2.5919158012e-02    0.0000000000e+00
    2.5928888470e-02    0.0000000000e+00
    2.5939837098e-02    0.0000000000e+00
    2.5949567556e-02    0.0000000000e+00
    2.5959299877e-02    0.0000000000e+00
    2.5969032198e-02    0.0000000000e+00
    2.5979978964e-02    0.0000000000e+00
    2.5989711285e-02    0.0000000000e+00
    2.5999441743e-02    0.0000000000e+00
    2.6009174064e-02    0.0000000000e+00
    2.6018904522e-02    0.0000000000e+00
    2.6029853150e-02    0.0000000000e+00
    2.6039585471e-02    0.0000000000e+00
    2.6049315929e-02    0.0000000000e+00
    2.6059048250e-02    0.0000000000e+00
    2.6069995016e-02    0.0000000000e+00
    2.6079727337e-02    0.0000000000e+00
    2.6089457795e-02    0.0000000000e+00
    2.6099190116e-02    0.0000000000e+00
    2.6108922437e-02    0.0000000000e+00
    2.6119869202e-02    0.0000000000e+00
    2.6129601523e-02    0.0000000000e+00
    2.6139331982e-02    0.0000000000e+00
    2.6149064302e-02    0.0000000000e+00
    2.6158794761e-02    0.0000000000e+00
    2.6169743389e-02    0.0000000000e+00
    2.6179475710e-02    0.0000000000e+00
    2.6189206168e-02    0.0000000000e+00
    2.6198938489e-02    0.0000000000e+00
    2.6209885255e-02    0.0000000000e+00
    2.6219617575e-02    0.0000000000e+00
    2.6229348034e-02    0.0000000000e+00
    2.6239080355e-02    0.0000000000e+00
    2.6248810813e-02    0.0000000000e+00
    2.6259759441e-02    0.0000000000e+00
    2.6269491762e-02    0.0000000000e+00
    2.6279222220e-02    0.0000000000e+00
    2.6288954541e-02    0.0000000000e+00
    2.6299901307e-02    0.0000000000e+00
    2.6309633628e-02    0.0000000000e+00
    2.6319364086e-02    0.0000000000e+00
    2.6329096407e-02    0.0000000000e+00
    2.6338828728e-02    0.0000000000e+00
    2.6349775493e-02    0.0000000000e+00
    2.6359507814e-02    0.0000000000e+00
    2.6369238272e-02    0.0000000000e+00
    2.6378970593e-02    0.0000000000e+00
    2.6389917359e-02    0.0000000000e+00
    2.6399649680e-02    0.0000000000e+00
    2.6409380138e-02    0.0000000000e+00
    2.6419112459e-02    0.0000000000e+00
    2.6428844780e-02    0.0000000000e+00
    2.6439791545e-02    0.0000000000e+00
    2.6449523866e-02    0.0000000000e+00
    2.6459254324e-02    0.0000000000e+00
    2.6468986645e-02    0.0000000000e+00
    2.6479933411e-02    0.0000000000e+00
    2.6489665732e-02    0.0000000000e+00
    2.6499396190e-02    0.0000000000e+00
    2.6509128511e-02    0.0000000000e+00
    2.6518860832e-02    0.0000000000e+00
    2.6529807597e-02    0.0000000000e+00
    2.6539539918e-02    0.0000000000e+00
    2.6549270377e-02    0.0000000000e+00
    2.6559002697e-02    0.0000000000e+00
    2.6569949463e-02    0.0000000000e+00
    2.6579681784e-02    0.0000000000e+00
    2.6589412242e-02    0.0000000000e+00
    2.6599144563e-02    0.0000000000e+00
    2.6608875021e-02    0.0000000000e+00
    2.6619823650e-02    0.0000000000e+00
    2.6629554108e-02    0.0000000000e+00
    2.6639286429e-02    0.0000000000e+00
    2.6649018750e-02    0.0000000000e+00
    2.6659965515e-02    0.0000000000e+00
    2.6669697836e-02    0.0000000000e+00
    2.6679428294e-02    0.0000000000e+00
    2.6689160615e-02    0.0000000000e+00
    2.6698891073e-02    0.0000000000e+00
    2.6709839702e-02    0.0000000000e+00
    2.6719570160e-02    0.0000000000e+00
    2.6729302481e-02    0.0000000000e+00
    2.6739034802e-02    0.0000000000e+00
    2.6749981567e-02    0.0000000000e+00
    2.6759713888e-02    0.0000000000e+00
    2.6769444346e-02    0.0000000000e+00
    2.6779176667e-02    0.0000000000e+00
    2.6788907126e-02    0.0000000000e+00
    2.6799855754e-02    0.0000000000e+00
    2.6809588075e-02    0.0000000000e+00
    2.6819318533e-02    0.0000000000e+00
    2.6829050854e-02    0.0000000000e+00
    2.6839997619e-02    0.0000000000e+00
    2.6849729940e-02    0.0000000000e+00
    2.6859462261e-02    0.0000000000e+00
    2.6869192719e-02    0.0000000000e+00
    2.6878925040e-02    0.0000000000e+00
    2.6889871806e-02    0.0000000000e+00
    2.6899604127e-02    0.0000000000e+00
    2.6909336448e-02    0.0000000000e+00
    2.6919066906e-02    0.0000000000e+00
    2.6928799227e-02    0.0000000000e+00
    2.6939745992e-02    0.0000000000e+00
    2.6949478313e-02    0.0000000000e+00
    2.6959210634e-02    0.0000000000e+00
    2.6968941092e-02    0.0000000000e+00
    2.6979889721e-02    0.0000000000e+00
    2.6989620179e-02    0.0000000000e+00
    2.6999352500e-02    0.0000000000e+00
    2.7009084821e-02    0.0000000000e+00
    2.7018815279e-02    0.0000000000e+00
    2.7029763907e-02    0.0000000000e+00
    2.7039494365e-02    0.0000000000e+00
    2.7049226686e-02    0.0000000000e+00
    2.7058959007e-02    0.0000000000e+00
    2.7069905773e-02    0.0000000000e+00
    2.7079638094e-02    0.0000000000e+00
    2.7089370415e-02    0.0000000000e+00
    2.7099100873e-02    0.0000000000e+00
    2.7108833194e-02    0.0000000000e+00
    2.7119781822e-02    0.0000000000e+00
    2.7129512280e-02    0.0000000000e+00
    2.7139244601e-02    0.0000000000e+00
    2.7148976922e-02    0.0000000000e+00
    2.7159923688e-02    0.0000000000e+00
    2.7169656008e-02    0.0000000000e+00
    2.7179388329e-02    0.0000000000e+00
    2.7189120650e-02    0.0000000000e+00
    2.7198851109e-02    0.0000000000e+00
    2.7209799737e-02    0.0000000000e+00
    2.7219532058e-02    0.0000000000e+00
    2.7229262516e-02    0.0000000000e+00
    2.7238994837e-02    0.0000000000e+00
    2.7249943465e-02    0.0000000000e+00
    2.7259675786e-02    0.0000000000e+00
    2.7269406244e-02    0.0000000000e+00
    2.7279138565e-02    0.0000000000e+00
    2.7288870886e-02    0.0000000000e+00
    2.7299819514e-02    0.0000000000e+00
    2.7309549972e-02    0.0000000000e+00
    2.7319282293e-02    0.0000000000e+00
    2.7329014614e-02    0.0000000000e+00
    2.7339963242e-02    0.0000000000e+00
    2.7349695563e-02    0.0000000000e+00
    2.7359426022e-02    0.0000000000e+00
    2.7369158342e-02    0.0000000000e+00
    2.7378890663e-02    0.0000000000e+00
    2.7389839292e-02    0.0000000000e+00
    2.7399571612e-02    0.0000000000e+00
    2.7409302071e-02    0.0000000000e+00
    2.7419034392e-02    0.0000000000e+00
    2.7429983020e-02    0.0000000000e+00
    2.7439715341e-02    0.0000000000e+00
    2.7449447662e-02    0.0000000000e+00
    2.7459178120e-02    0.0000000000e+00
    2.7468910441e-02    0.0000000000e+00
    2.7479859069e-02    0.0000000000e+00
    2.7489591390e-02    0.0000000000e+00
    2.7499323711e-02    0.0000000000e+00
    2.7509056032e-02    0.0000000000e+00
    2.7518788353e-02    0.0000000000e+00
    2.7529735118e-02    0.0000000000e+00
    2.7539467439e-02    0.0000000000e+00
    2.7549199760e-02    0.0000000000e+00
    2.7558932081e-02    0.0000000000e+00
    2.7569880709e-02    0.0000000000e+00
    2.7579613030e-02    0.0000000000e+00
    2.7589345351e-02    0.0000000000e+00
    2.7599075809e-02    0.0000000000e+00
    2.7608808130e-02    0.0000000000e+00
    2.7619756758e-02    0.0000000000e+00
    2.7629489079e-02    0.0000000000e+00
    2.7639221400e-02    0.0000000000e+00
    2.7648953721e-02    0.0000000000e+00
    2.7659902349e-02    0.0000000000e+00
    2.7669634670e-02    0.0000000000e+00
    2.7679366991e-02    0.0000000000e+00
    2.7689097449e-02    0.0000000000e+00
    2.7698829770e-02    0.0000000000e+00
    2.7709778398e-02    0.0000000000e+00
    2.7719510719e-02    0.0000000000e+00
    2.7729243040e-02    0.0000000000e+00
    2.7738975361e-02    0.0000000000e+00
    2.7749923989e-02    0.0000000000e+00
    2.7759656310e-02    0.0000000000e+00
    2.7769388631e-02    0.0000000000e+00
    2.7779119089e-02    0.0000000000e+00
    2.7788851410e-02    0.0000000000e+00
    2.7799800038e-02    0.0000000000e+00
    2.7809532359e-02    0.0000000000e+00
    2.7819264680e-02    0.0000000000e+00
    2.7828997001e-02    0.0000000000e+00
    2.7839945629e-02    0.0000000000e+00
    2.7849677950e-02    0.0000000000e+00
    2.7859410271e-02    0.0000000000e+00
    2.7869142592e-02    0.0000000000e+00
    2.7878873050e-02    0.0000000000e+00
    2.7889821678e-02    0.0000000000e+00
    2.7899553999e-02    0.0000000000e+00
    2.7909286320e-02    0.0000000000e+00
    2.7919018641e-02    0.0000000000e+00
    2.7929967269e-02    0.0000000000e+00
    2.7939699590e-02    0.0000000000e+00
    2.7949431911e-02    0.0000000000e+00
    2.7959164232e-02    0.0000000000e+00
    2.7968896553e-02    0.0000000000e+00
    2.7979845181e-02    0.0000000000e+00
    2.7989577502e-02    0.0000000000e+00
    2.7999309823e-02    0.0000000000e+00
    2.8009042144e-02    0.0000000000e+00
    2.8019990772e-02    0.0000000000e+00
    2.8029723093e-02    0.0000000000e+00
    2.8039455414e-02    0.0000000000e+00
    2.8049185872e-02    0.0000000000e+00
    2.8058918193e-02    0.0000000000e+00
    2.8069866821e-02    0.0000000000e+00
    2.8079599142e-02    0.0000000000e+00
    2.8089331463e-02    0.0000000000e+00
    2.8099063784e-02    0.0000000000e+00
    2.8108796105e-02    0.0000000000e+00
    2.8119744733e-02    0.0000000000e+00
    2.8129477054e-02    0.0000000000e+00
    2.8139209375e-02    0.0000000000e+00
    2.8148941696e-02    0.0000000000e+00
    2.8159890324e-02    0.0000000000e+00
    2.8169622645e-02    0.0000000000e+00
    2.8179354966e-02    0.0000000000e+00
    2.8189087287e-02    0.0000000000e+00
    2.8198819607e-02    0.0000000000e+00
    2.8209768236e-02    0.0000000000e+00
    2.8219500557e-02    0.0000000000e+00
    2.8229232877e-02    0.0000000000e+00
    2.8238965198e-02    0.0000000000e+00
    2.8249913827e-02    0.0000000000e+00
    2.8259646147e-02    0.0000000000e+00
    2.8269378468e-02    0.0000000000e+00
    2.8279110789e-02    0.0000000000e+00
    2.8288843110e-02    0.0000000000e+00
    2.8299791738e-02    0.0000000000e+00
    2.8309524059e-02    0.0000000000e+00
    2.8319256380e-02    0.0000000000e+00
    2.8328988701e-02    0.0000000000e+00
    2.8339937329e-02    0.0000000000e+00
    2.8349669650e-02    0.0000000000e+00
    2.8359401971e-02    0.0000000000e+00
    2.8369134292e-02    0.0000000000e+00
    2.8378866613e-02    0.0000000000e+00
    2.8389815241e-02    0.0000000000e+00
    2.8399547562e-02    0.0000000000e+00
    2.8409279883e-02    0.0000000000e+00
    2.8419012204e-02    0.0000000000e+00
    2.8429960832e-02    0.0000000000e+00
    2.8439693153e-02    0.0000000000e+00
    2.8449425474e-02    0.0000000000e+00
    2.8459157795e-02    0.0000000000e+00
    2.8468890116e-02    0.0000000000e+00
    2.8479838744e-02    0.0000000000e+00
    2.8489571065e-02    0.0000000000e+00
    2.8499303386e-02    0.0000000000e+00
    2.8509035707e-02    0.0000000000e+00
    2.8519984335e-02    0.0000000000e+00
    2.8529716656e-02    0.0000000000e+00
    2.8539448977e-02    0.0000000000e+00
    2.8549181297e-02    0.0000000000e+00
    2.8558913618e-02    0.0000000000e+00
    2.8569862247e-02    0.0000000000e+00
    2.8579594567e-02    0.0000000000e+00
    2.8589326888e-02    0.0000000000e+00
    2.8599059209e-02    0.0000000000e+00
    2.8608791530e-02    0.0000000000e+00
    2.8619740158e-02    0.0000000000e+00
    2.8629472479e-02    0.0000000000e+00
    2.8639204800e-02    0.0000000000e+00
    2.8648937121e-02    0.0000000000e+00
    2.8659885749e-02    0.0000000000e+00
    2.8669618070e-02    0.0000000000e+00
    2.8679350391e-02    0.0000000000e+00
    2.8689082712e-02    0.0000000000e+00
    2.8698815033e-02    0.0000000000e+00
    2.8709765524e-02    0.0000000000e+00
    2.8719497845e-02    0.0000000000e+00
    2.8729230165e-02    0.0000000000e+00
    2.8738960624e-02    0.0000000000e+00
    2.8749911115e-02    0.0000000000e+00
    2.8759643435e-02    0.0000000000e+00
    2.8769375756e-02    0.0000000000e+00
    2.8779108077e-02    0.0000000000e+00
    2.8788840398e-02    0.0000000000e+00
    2.8799789026e-02    0.0000000000e+00
    2.8809521347e-02    0.0000000000e+00
    2.8819253668e-02    0.0000000000e+00
    2.8828985989e-02    0.0000000000e+00
    2.8839934617e-02    0.0000000000e+00
    2.8849666938e-02    0.0000000000e+00
    2.8859399259e-02    0.0000000000e+00
    2.8869129717e-02    0.0000000000e+00
    2.8878862038e-02    0.0000000000e+00
    2.8889810666e-02    0.0000000000e+00
    2.8899542987e-02    0.0000000000e+00
    2.8909275308e-02    0.0000000000e+00
    2.8919007629e-02    0.0000000000e+00
    2.8929956257e-02    0.0000000000e+00
    2.8939688578e-02    0.0000000000e+00
    2.8949420899e-02    0.0000000000e+00
    2.8959153220e-02    0.0000000000e+00
    2.8968883678e-02    0.0000000000e+00
    2.8979832307e-02    0.0000000000e+00
    2.8989564627e-02    0.0000000000e+00
    2.8999296948e-02    0.0000000000e+00
    2.9009029269e-02    0.0000000000e+00
    2.9019976035e-02    0.0000000000e+00
    2.9029708356e-02    0.0000000000e+00
    2.9039440677e-02    0.0000000000e+00
    2.9049172997e-02    0.0000000000e+00
    2.9058903456e-02    0.0000000000e+00
    2.9069852084e-02    0.0000000000e+00
    2.9079584405e-02    0.0000000000e+00
    2.9089316726e-02    0.0000000000e+00
    2.9099047184e-02    0.0000000000e+00
    2.9109995812e-02    0.0000000000e+00
    2.9119728133e-02    0.0000000000e+00
    2.9129458591e-02    0.0000000000e+00
    2.9139190912e-02    0.0000000000e+00
    2.9148923233e-02    0.0000000000e+00
    2.9159869999e-02    0.0000000000e+00
    2.9169602320e-02    0.0000000000e+00
    2.9179334641e-02    0.0000000000e+00
    2.9189065099e-02    0.0000000000e+00
    2.9198797420e-02    0.0000000000e+00
    2.9209744185e-02    0.0000000000e+00
    2.9219476506e-02    0.0000000000e+00
    2.9229206964e-02    0.0000000000e+00
    2.9238939285e-02    0.0000000000e+00
    2.9249887913e-02    0.0000000000e+00
    2.9259618372e-02    0.0000000000e+00
    2.9269350693e-02    0.0000000000e+00
    2.9279081151e-02    0.0000000000e+00
    2.9288813472e-02    0.0000000000e+00
    2.9299760237e-02    0.0000000000e+00
    2.9309492558e-02    0.0000000000e+00
    2.9319223017e-02    0.0000000000e+00
    2.9328955337e-02    0.0000000000e+00
    2.9339902103e-02    0.0000000000e+00
    2.9349634424e-02    0.0000000000e+00
    2.9359364882e-02    0.0000000000e+00
    2.9369095340e-02    0.0000000000e+00
    2.9378827661e-02    0.0000000000e+00
    2.9389774427e-02    0.0000000000e+00
    2.9399506748e-02    0.0000000000e+00
    2.9409237206e-02    0.0000000000e+00
    2.9418969527e-02    0.0000000000e+00
    2.9429916292e-02    0.0000000000e+00
    2.9439646751e-02    0.0000000000e+00
    2.9449379072e-02    0.0000000000e+00
    2.9459109530e-02    0.0000000000e+00
    2.9468839988e-02    0.0000000000e+00
    2.9479788616e-02    0.0000000000e+00
    2.9489519075e-02    0.0000000000e+00
    2.9499249533e-02    0.0000000000e+00
    2.9508981854e-02    0.0000000000e+00
    2.9519928619e-02    0.0000000000e+00
    2.9529659078e-02    0.0000000000e+00
    2.9539391398e-02    0.0000000000e+00
    2.9549121857e-02    0.0000000000e+00
    2.9558852315e-02    0.0000000000e+00
    2.9569799080e-02    0.0000000000e+00
    2.9579529539e-02    0.0000000000e+00
    2.9589261860e-02    0.0000000000e+00
    2.9598992318e-02    0.0000000000e+00
    2.9609939083e-02    0.0000000000e+00
    2.9619669542e-02    0.0000000000e+00
    2.9629401863e-02    0.0000000000e+00
    2.9639132321e-02    0.0000000000e+00
    2.9648862779e-02    0.0000000000e+00
    2.9659809545e-02    0.0000000000e+00
    2.9669540003e-02    0.0000000000e+00
    2.9679272324e-02    0.0000000000e+00
    2.9689002782e-02    0.0000000000e+00
    2.9699949548e-02    0.0000000000e+00
    2.9709680006e-02    0.0000000000e+00
    2.9719410464e-02    0.0000000000e+00
    2.9729140922e-02    0.0000000000e+00
    2.9738871381e-02    0.0000000000e+00
    2.9749820009e-02    0.0000000000e+00
    2.9759550467e-02    0.0000000000e+00
    2.9769480228e-02    0.0000000000e+00
    2.9779706150e-02    0.0000000000e+00
    2.9789932072e-02    0.0000000000e+00
    2.9799476266e-02    0.0000000000e+00
    2.9809700325e-02    0.0000000000e+00
    2.9819926247e-02    0.0000000000e+00
    2.9829470441e-02    0.0000000000e+00
    2.9839696363e-02    0.0000000000e+00
    2.9849920422e-02    0.0000000000e+00
    2.9859464616e-02    0.0000000000e+00
    2.9869690537e-02    0.0000000000e+00
    2.9879916459e-02    0.0000000000e+00
    2.9889827594e-02    0.0000000000e+00
    2.9899468645e-02    0.0000000000e+00
    2.9909575358e-02    0.0000000000e+00
    2.9919801280e-02    0.0000000000e+00
    2.9929345474e-02    0.0000000000e+00
    2.9939571396e-02    0.0000000000e+00
    2.9949795455e-02    0.0000000000e+00
    2.9959339648e-02    0.0000000000e+00
    2.9969565570e-02    0.0000000000e+00
    2.9979791492e-02    0.0000000000e+00
    2.9989333823e-02    0.0000000000e+00
    2.9999559745e-02    0.0000000000e+00
    3.0000241473e-02    0.0000000000e+00
      3002
    0.0000000000e+00    0.0000000000e+00
    9.7362280940e-06    0.0000000000e+00
    1.9472456188e-05    0.0000000000e+00
    2.9208684282e-05    0.0000000000e+00
    3.8944912376e-05    0.0000000000e+00
    4.9898168072e-05    0.0000000000e+00
    5.9634396166e-05    0.0000000000e+00
    6.9370624260e-05    0.0000000000e+00
    7.9106852354e-05    0.0000000000e+00
    8.8843080448e-05    0.0000000000e+00
    9.9796336144e-05    0.0000000000e+00
    1.0953256424e-04    0.0000000000e+00
    1.1923941929e-04    0.0000000000e+00
    1.2928200886e-04    0.0000000000e+00
    1.3919382764e-04    0.0000000000e+00
    1.4983341680e-04    0.0000000000e+00
    1.5979130694e-04    0.0000000000e+00
    1.6966363182e-04    1.4479922295e+01
    1.7999549164e-04    1.1746535301e+01
    1.8954776169e-04    9.6773223877e+00
    1.9904421060e-04    7.9772534370e+00
    2.0999737899e-04    6.3798832893e+00
    2.1973351249e-04    5.2269473076e+00
    2.2946963145e-04    4.2792010307e+00
    2.3920576496e-04    3.5002989769e+00
    2.4894194212e-04    2.8604712486e+00
    2.5989516871e-04    2.2765493393e+00
    2.6963136042e-04    1.8562089205e+00
    2.7936755214e-04    1.5116796494e+00
    2.8910374385e-04    1.2294981480e+00
    2.9883993557e-04    9.9854880571e-01
    3.0979316216e-04    7.8863918781e-01
    3.1952935387e-04    6.3817757368e-01
    3.2926554559e-04    5.1537865400e-01
    3.3900170820e-04    4.1526952386e-01
    3.4995490569e-04    3.2470422983e-01
    3.5969106830e-04    2.6012891531e-01
    3.6942723091e-04    2.0771493018e-01
    3.7916333531e-04    1.6524490714e-01
    3.8889943971e-04    1.3089765608e-01
    3.9985252079e-04    1.0011590272e-01
    4.0958859609e-04    7.8399203718e-02
    4.1932461318e-04    6.0967709869e-02
    4.2906065937e-04    4.7018866986e-02
    4.3879664736e-04    3.5895876586e-02
    4.4974964112e-04    2.6095442474e-02
    4.5948562911e-04    1.9315585494e-02
    4.6922161710e-04    1.3987568207e-02
    4.7895760508e-04    9.8268669099e-03
    4.8991054064e-04    6.2548974529e-03
    4.9964652862e-04    3.8599243853e-03
    5.0938245840e-04    2.0434462931e-03
    5.1911838818e-04    6.8538170308e-04
    5.2885431796e-04   -3.1120865606e-04
    5.3980719531e-04   -1.0969095165e-03
    5.4954312509e-04   -1.5656502219e-03
    5.5927899666e-04   -1.8695197068e-03
    5.6901486823e-04   -2.0474889316e-03
    5.7996774558e-04   -2.1354935598e-03
    5.8970367536e-04   -2.1406824235e-03
    5.9943954693e-04   -2.0967423916e-03
    6.0917536030e-04   -2.0182644948e-03
    6.1891123187e-04   -1.9165668637e-03
    6.2986405101e-04   -1.7851502635e-03
    6.3959986437e-04   -1.6604171833e-03
    6.4933567774e-04   -1.5332560288e-03
    6.5907149110e-04   -1.4071715996e-03
    6.6880724626e-04   -1.2846722966e-03
    6.7976000719e-04   -1.1532801436e-03
    6.8949576234e-04   -1.0434155120e-03
    6.9923145929e-04   -9.4073906075e-04
    7.0896715624e-04   -8.4554386558e-04
    7.1991980076e-04   -7.4744044105e-04
    7.2965549771e-04   -6.6807150142e-04
    7.3939119466e-04   -5.9579446679e-04
    7.4912689161e-04   -5.3025444504e-04
    7.5886253035e-04   -4.7104526311e-04
    7.6981511666e-04   -4.1146104923e-04
    7.7955081360e-04   -3.6425027065e-04
    7.8928645235e-04   -3.2199374982e-04
    7.9902209109e-04   -2.8426179779e-04
    8.0997467740e-04   -2.4671014398e-04
    8.1971025793e-04   -2.1725434635e-04
    8.2944583846e-04   -1.9111375150e-04
    8.3918141900e-04   -1.6795285046e-04
    8.4891694132e-04   -1.4746248780e-04
    8.5986941122e-04   -1.2725134729e-04
    8.6960493354e-04   -1.1152701336e-04
    8.7934039766e-04   -9.7670563264e-05
    8.8907591999e-04   -8.5473475337e-05
    8.9881138410e-04   -7.4748029874e-05
    9.0976385400e-04   -6.4231833676e-05
    9.1949937632e-04   -5.6095930631e-05
    9.2923484044e-04   -4.8961603170e-05
    9.3897036277e-04   -4.2710478738e-05
    9.4992277445e-04   -3.6603127228e-05
    9.5965829678e-04   -3.1894167478e-05
    9.6939376090e-04   -2.7777452487e-05
    9.7912922502e-04   -2.4180864784e-05
    9.8886457272e-04   -2.1040657884e-05
    9.9981692620e-04   -1.7983618818e-05
    1.0095523903e-03   -1.5634566807e-05
    1.0192877380e-03   -1.3587160538e-05
    1.0290229693e-03   -1.1803544112e-05
    1.0399750900e-03   -1.0071040379e-05
    1.0497102048e-03   -8.7425996753e-06
    1.0594453197e-03   -7.5869324974e-06
    1.0691803182e-03   -6.5819772317e-06
    1.0789153166e-03   -5.7084175751e-06
    1.0898672044e-03   -4.8617675930e-06
    1.0996020865e-03   -4.2139563448e-06
    1.1093369685e-03   -3.6514736621e-06
    1.1190717341e-03   -3.1632430364e-06
    1.1288063833e-03   -2.7395994948e-06
    1.1397578055e-03   -2.3297486678e-06
    1.1494923383e-03   -2.0167030925e-06
    1.1592267547e-03   -1.7453228338e-06
    1.1689610546e-03   -1.5101273902e-06
    1.1799120111e-03   -1.2828691069e-06
    1.1896460783e-03   -1.1094949741e-06
    1.1993800290e-03   -9.5935820354e-07
    1.2091139797e-03   -8.2937555135e-07
    1.2188478140e-03   -7.1686804404e-07
    1.2297983048e-03   -6.0829995618e-07
    1.2395319063e-03   -5.2557993513e-07
    1.2492653914e-03   -4.5403041327e-07
    1.2589987600e-03   -3.9215572656e-07
    1.2699486688e-03   -3.3250267961e-07
    1.2796819210e-03   -2.8709285971e-07
    1.2894149404e-03   -2.4784733910e-07
    1.2991479598e-03   -2.1393543648e-07
    1.3088809792e-03   -1.8463732943e-07
    1.3198305387e-03   -1.5641879259e-07
    1.3295634417e-03   -1.3495805717e-07
    1.3392963447e-03   -1.1642595155e-07
    1.3490293641e-03   -1.0042509757e-07
    1.3599788072e-03   -8.5023707186e-08
    1.3697117101e-03   -7.3318211946e-08
    1.3794444967e-03   -6.3216383239e-08
    1.3891771669e-03   -5.4499860624e-08
    1.3989098370e-03   -4.6979735657e-08
    1.4098590473e-03   -3.9747110492e-08
    1.4195917174e-03   -3.4254270531e-08
    1.4293243876e-03   -2.9517101652e-08
    1.4390570577e-03   -2.5432116857e-08
    1.4487897279e-03   -2.1909983161e-08
    1.4597390546e-03   -1.8524763945e-08
    1.4694718411e-03   -1.5955679444e-08
    1.4792046277e-03   -1.3741610516e-08
    1.4889371814e-03   -1.1833760638e-08
    1.4998862753e-03   -1.0001182105e-08
    1.5096187126e-03   -8.6111713316e-09
    1.5193511499e-03   -7.4137624928e-09
    1.5290833544e-03   -6.3823435426e-09
    1.5388155589e-03   -5.4939732763e-09
    1.5497640707e-03   -4.6410302268e-09
    1.5594960423e-03   -3.9943564012e-09
    1.5692280140e-03   -3.4375193803e-09
    1.5789598692e-03   -2.9580808913e-09
    1.5899082646e-03   -2.4979363022e-09
    1.5996401198e-03   -2.1492008173e-09
    1.6093719751e-03   -1.8490160514e-09
    1.6191038303e-03   -1.5906429507e-09
    1.6288358020e-03   -1.3682756039e-09
    1.6397841973e-03   -1.1549499135e-09
    1.6495162854e-03   -9.9334518389e-10
    1.6592483735e-03   -8.5429618935e-10
    1.6689804615e-03   -7.3466371875e-10
    1.6799290897e-03   -6.1993427058e-10
    1.6896612942e-03   -5.3304882730e-10
    1.6993934987e-03   -4.5831122231e-10
    1.7091257032e-03   -3.9402667240e-10
    1.7188580241e-03   -3.3873637229e-10
    1.7298067687e-03   -2.8572935684e-10
    1.7395390896e-03   -2.4559979050e-10
    1.7492715269e-03   -2.1109163029e-10
    1.7590038478e-03   -1.8141949054e-10
    1.7699527089e-03   -1.5298114164e-10
    1.7796851462e-03   -1.3145838584e-10
    1.7894174671e-03   -1.1295641505e-10
    1.7991499044e-03   -9.7052615944e-11
    1.8088822253e-03   -8.3383321081e-11
    1.8198310863e-03   -7.0288365406e-11
    1.8295634072e-03   -6.0382365774e-11
    1.8392956117e-03   -5.1870233803e-11
    1.8490276998e-03   -4.4556278805e-11
    1.8599763280e-03   -3.7551611126e-11
    1.8697082996e-03   -3.2254046656e-11
    1.8794402713e-03   -2.7702774102e-11
    1.8891721265e-03   -2.3792794124e-11
    1.8989038654e-03   -2.0433859466e-11
    1.9098520279e-03   -1.7217581527e-11
    1.9195835339e-03   -1.4785587685e-11
    1.9293149235e-03   -1.2696559949e-11
    1.9390461966e-03   -1.0902197548e-11
    1.9499937771e-03   -9.1843165018e-12
    1.9597248174e-03   -7.8855593930e-12
    1.9694557413e-03   -6.7701491115e-12
    1.9791866653e-03   -5.8122525889e-12
    1.9889173564e-03   -4.9896714364e-12
    1.9998645876e-03   -4.2023680542e-12
    2.0095950458e-03   -3.6073236412e-12
    2.0193257369e-03   -3.0964267608e-12
    2.0290561952e-03   -2.6578010626e-12
    2.0387866534e-03   -2.2812409513e-12
    2.0497331861e-03   -1.9209304286e-12
    2.0594631787e-03   -1.6486780474e-12
    2.0691934042e-03   -1.4149774017e-12
    2.0789231639e-03   -1.2143756053e-12
    2.0898692310e-03   -1.0224568588e-12
    2.0995989908e-03   -8.7745956334e-13
    2.1093285177e-03   -7.5300670647e-13
    2.1190578118e-03   -6.4618926529e-13
    2.1287871059e-03   -5.5450983432e-13
    2.1397322416e-03   -4.6680758217e-13
    2.1494613029e-03   -4.0055372214e-13
    2.1591901314e-03   -3.4369246815e-13
    2.1689187270e-03   -2.9489342283e-13
    2.1798636299e-03   -2.4821594433e-13
    2.1895922255e-03   -2.1295782520e-13
    2.1993205883e-03   -1.8270172701e-13
    2.2090489510e-03   -1.5673887969e-13
    2.2199931554e-03   -1.3190834601e-13
    2.2297215182e-03   -1.1315527373e-13
    2.2394494154e-03   -9.7065008754e-14
    2.2491775453e-03   -8.3259970912e-14
    2.2589054424e-03   -7.1416065065e-14
    2.2698494140e-03   -6.0091017719e-14
    2.2795773111e-03   -5.1539664463e-14
    2.2893052083e-03   -4.4203989834e-14
    2.2990328725e-03   -3.7911405786e-14
    2.3099766113e-03   -3.1895445757e-14
    2.3197045084e-03   -2.7353583943e-14
    2.3294319399e-03   -2.3457920177e-14
    2.3391596042e-03   -2.0116605593e-14
    2.3488872685e-03   -1.7250825470e-14
    2.3598305415e-03   -1.4511422662e-14
    2.3695582058e-03   -1.2443534870e-14
    2.3792856373e-03   -1.0670072342e-14
    2.3890130688e-03   -9.1491459116e-15
    2.3999563418e-03   -7.6954281570e-15
    2.4096837733e-03   -6.5981677011e-15
    2.4194112048e-03   -5.6572216699e-15
    2.4291386362e-03   -4.8503418960e-15
    2.4388658348e-03   -4.1584434565e-15
    2.4498091079e-03   -3.4972067627e-15
    2.4595363066e-03   -2.9981764548e-15
    2.4692635052e-03   -2.5702928911e-15
    2.4789904710e-03   -2.2034225928e-15
    2.4899335112e-03   -1.8528500555e-15
    2.4996602442e-03   -1.5883062077e-15
    2.5093872100e-03   -1.3615024423e-15
    2.5191139430e-03   -1.1670596765e-15
    2.5288406760e-03   -1.0003647572e-15
    2.5397830177e-03   -8.4109688742e-16
    2.5495095178e-03   -7.2092906435e-16
    2.5592360180e-03   -6.1791831714e-16
    2.5689622853e-03   -5.2961724997e-16
    2.5799039286e-03   -4.4525980938e-16
    2.5896299630e-03   -3.8161857123e-16
    2.5993557647e-03   -3.2706837887e-16
    2.6090813335e-03   -2.8031128668e-16
    2.6188069023e-03   -2.4023447865e-16
    2.6297480799e-03   -2.0195079966e-16
    2.6394736487e-03   -1.7307101280e-16
    2.6491992176e-03   -1.4831848662e-16
    2.6589247864e-03   -1.2710376560e-16
    2.6698659640e-03   -1.0683970671e-16
    2.6795913000e-03   -9.1554447927e-17
    2.6893168688e-03   -7.8454646647e-17
    2.6990422048e-03   -6.7228032259e-17
    2.7099833824e-03   -5.6505376005e-17
    2.7197087184e-03   -4.8417872338e-17
    2.7294342872e-03   -4.1487207227e-17
    2.7391596232e-03   -3.5548020650e-17
    2.7488851920e-03   -3.0458580173e-17
    2.7598263696e-03   -2.5598109907e-17
    2.7695517056e-03   -2.1932543395e-17
    2.7792772744e-03   -1.8791639347e-17
    2.7890026104e-03   -1.6100344359e-17
    2.7999435551e-03   -1.3530333073e-17
    2.8096688911e-03   -1.1592267096e-17
    2.8193939943e-03   -9.9316929171e-18
    2.8291193303e-03   -8.5088951142e-18
    2.8388442006e-03   -7.2898376865e-18
    2.8497849125e-03   -6.1257890102e-18
    2.8595097829e-03   -5.2480254761e-18
    2.8692344204e-03   -4.4959851232e-18
    2.8789590579e-03   -3.8516689150e-18
    2.8898990713e-03   -3.2364603655e-18
    2.8996234760e-03   -2.7725801663e-18
    2.9093476478e-03   -2.3751610342e-18
    2.9190715868e-03   -2.0346846019e-18
    2.9287952930e-03   -1.7429948685e-18
    2.9397343751e-03   -1.4644980455e-18
    2.9494578484e-03   -1.2545172130e-18
    2.9591810890e-03   -1.0746300384e-18
    2.9689040966e-03   -9.2052504955e-19
    2.9798424803e-03   -7.7339676044e-19
    2.9895652551e-03   -6.6247028933e-19
    2.9995348305e-03   -5.6521897491e-19
    3.0099158175e-03   -4.7908646718e-19
    3.0192330014e-03   -4.1301239137e-19
    3.0289555434e-03   -3.5375456816e-19
    3.0398932286e-03   -2.9718446154e-19
    3.0493421946e-03   -2.5564991353e-19
    3.0599927995e-03   -2.1574536369e-19
    3.0697151087e-03   -1.8477993501e-19
    3.0794376507e-03   -1.5825662131e-19
    3.0891599599e-03   -1.3553844183e-19
    3.0992042739e-03   -1.1548547705e-19
    3.1098790932e-03   -9.7413415976e-20
    3.1196014024e-03   -8.3425197281e-20
    3.1293237116e-03   -7.1444377913e-20
    3.1390462536e-03   -6.1183027931e-20
    3.1499839388e-03   -5.1388640791e-20
    3.1591588631e-03   -4.4391988510e-20
    3.1691899057e-03   -3.7827260218e-20
    3.1789124478e-03   -3.2391817639e-20
    3.1898501329e-03   -2.7204202895e-20
    3.1995726749e-03   -2.3294415791e-20
    3.2095913775e-03   -1.9852195761e-20
    3.2198168337e-03   -1.6862642242e-20
    3.2293605618e-03   -1.4479811163e-20
    3.2393413130e-03   -1.2347119016e-20
    3.2499367371e-03   -1.0425592186e-20
    3.2596590463e-03   -8.9265518921e-21
    3.2693813555e-03   -7.6429598363e-21
    3.2795204315e-03   -6.5004416568e-21
    3.2892569434e-03   -5.5642977700e-21
    3.2989303581e-03   -4.7676990102e-21
    3.3098678105e-03   -4.0034140126e-21
    3.3195901196e-03   -3.4274842604e-21
    3.3299319912e-03   -2.9054428210e-21
    3.3392466139e-03   -2.5036305489e-21
    3.3496879041e-03   -2.1188489884e-21
    3.3594099805e-03   -1.8139061091e-21
    3.3691322897e-03   -1.5528241991e-21
    3.3788543660e-03   -1.3292991363e-21
    3.3895403612e-03   -1.1205261006e-21
    3.3990000375e-03   -9.6323172945e-22
    3.4099372569e-03   -8.0866537815e-22
    3.4196593333e-03   -6.9221289829e-22
    3.4293816425e-03   -5.9252051935e-22
    3.4391037188e-03   -5.0717722998e-22
    3.4488260280e-03   -4.3411871371e-22
    3.4597876947e-03   -3.6428011308e-22
    3.4690557513e-03   -3.1406738728e-22
    3.4797897097e-03   -2.6449241450e-22
    3.4895120189e-03   -2.2637306522e-22
    3.4992343280e-03   -1.9374310236e-22
    3.5089568701e-03   -1.6581255431e-22
    3.5198945552e-03   -1.3916969232e-22
    3.5296173301e-03   -1.1910030096e-22
    3.5393398721e-03   -1.0192248241e-22
    3.5490624141e-03   -8.7219989467e-23
    3.5592052154e-03   -7.4135759477e-23
    3.5698094871e-03   -6.2548446698e-23
    3.5788256209e-03   -5.4131244041e-23
    3.5897637717e-03   -4.5424314862e-23
    3.5994867794e-03   -3.8866946453e-23
    3.6092095543e-03   -3.3255450668e-23
    3.6189323291e-03   -2.8453512343e-23
    3.6298704799e-03   -2.3874362537e-23
    3.6395932548e-03   -2.0426068504e-23
    3.6493162625e-03   -1.7475444729e-23
    3.6590388045e-03   -1.4950715912e-23
    3.6699769553e-03   -1.2543336466e-23
    3.6796997301e-03   -1.0730635869e-23
    3.6894222721e-03   -9.1796793201e-24
    3.6991448142e-03   -7.8527001038e-24
    3.7088673562e-03   -6.7173793776e-24
    3.7198050413e-03   -5.6349576916e-24
    3.7295273505e-03   -4.8200202003e-24
    3.7392496597e-03   -4.1228383429e-24
    3.7489717361e-03   -3.5264113780e-24
    3.7599091884e-03   -2.9578331753e-24
    3.7696312647e-03   -2.5298049395e-24
    3.7793533411e-03   -2.1636610668e-24
    3.7890751846e-03   -1.8504621854e-24
    3.7987970281e-03   -1.5825593027e-24
    3.8097342476e-03   -1.3271995057e-24
    3.8194560912e-03   -1.1349898976e-24
    3.8291779347e-03   -9.7059138360e-25
    3.8397295866e-03   -8.1896866914e-25
    3.8499550428e-03   -6.9464941668e-25
    3.8594987709e-03   -5.9568864036e-25
    3.8697242271e-03   -5.0523444700e-25
    3.8795999717e-03   -4.3092320739e-25
    3.8893215824e-03   -3.6844608930e-25
    3.8990431931e-03   -3.1501895607e-25
    3.9099799469e-03   -2.6410789471e-25
    3.9194505662e-03   -2.2671438403e-25
    3.9290906861e-03   -1.9407877698e-25
    3.9396947250e-03   -1.6357399416e-25
    3.9493348449e-03   -1.4002004966e-25
    3.9588529617e-03   -1.2009097033e-25
    3.9697894827e-03   -1.0066493774e-25
    3.9795110933e-03   -8.6049600817e-26
    3.9892327040e-03   -7.3554327575e-26
    3.9989543147e-03   -6.2871844368e-26
    4.0098908357e-03   -5.2695242867e-26
    4.0196124464e-03   -4.5039640524e-26
    4.0293340571e-03   -3.8495213476e-26
    4.0390556678e-03   -3.2900830722e-26
    4.0493970737e-03   -2.7838503833e-26
    4.0594898164e-03   -2.3649267241e-26
    4.0695825592e-03   -2.0089865206e-26
    4.0796753019e-03   -1.7065697593e-26
    4.0897675790e-03   -1.4496351432e-26
    4.0998603217e-03   -1.2313486255e-26
    4.1099530645e-03   -1.0459019867e-26
    4.1191279888e-03   -9.0164351684e-27
    4.1292207316e-03   -7.6581091342e-27
    4.1393134743e-03   -6.5042390526e-27
    4.1494062170e-03   -5.5240801482e-27
    4.1594989598e-03   -4.6915041000e-27
    4.1695912369e-03   -3.9843076318e-27
    4.1796839796e-03   -3.3836235636e-27
    4.1897767223e-03   -2.8734219954e-27
    4.1998694651e-03   -2.4400827505e-27
    4.2090066709e-03   -2.1043502130e-27
    4.2199436575e-03   -1.7626137814e-27
    4.2296657339e-03   -1.5056868305e-27
    4.2393873446e-03   -1.2861744392e-27
    4.2491094209e-03   -1.0986330627e-27
    4.2588310316e-03   -9.3841052096e-28
    4.2699784972e-03   -7.8321099714e-28
    4.2796186171e-03   -6.6983520873e-28
    4.2892587371e-03   -5.7285572860e-28
    4.2999512516e-03   -4.8160757525e-28
    4.3096733280e-03   -4.1131127672e-28
    4.3193949386e-03   -3.5126704033e-28
    4.3299989775e-03   -2.9571534849e-28
    4.3392674997e-03   -2.5440179192e-28
    4.3495460413e-03   -2.1529354551e-28
    4.3594199233e-03   -1.8339357339e-28
    4.3696453795e-03   -1.5532809169e-28
    4.3796771206e-03   -1.3196942628e-28
    4.3890937231e-03   -1.1324657055e-28
    4.3994709849e-03   -9.5672869066e-29
    4.4098370709e-03   -8.0838261262e-29
    4.4192965142e-03   -6.9315897869e-29
    4.4290190563e-03   -5.9181058667e-29
    4.4399565086e-03   -4.9537828129e-29
    4.4496785849e-03   -4.2292305141e-29
    4.4594011270e-03   -3.6105559131e-29
    4.4691232033e-03   -3.0823016164e-29
    4.4795172289e-03   -2.6026641110e-29
    4.4892537408e-03   -2.2212436161e-29
    4.4998577796e-03   -1.8690886800e-29
    4.5094978996e-03   -1.5976029746e-29
    4.5192344114e-03   -1.3633810044e-29
    4.5289709233e-03   -1.1634750433e-29
    4.5398599468e-03   -9.7439912800e-30
    4.5497510582e-03   -8.2939796897e-30
    4.5592286624e-03   -7.1073608365e-30
    4.5697116293e-03   -5.9914589711e-30
    4.5789377764e-03   -5.1551453338e-30
    4.5898756944e-03   -4.3134921309e-30
    4.5997835696e-03   -3.6702947241e-30
    4.6090823598e-03   -3.1541161586e-30
    4.6197208576e-03   -2.6519735600e-30
    4.6291984618e-03   -2.2723206700e-30
    4.6391859651e-03   -1.9308568644e-30
    4.6496279538e-03   -1.6285795265e-30
    4.6597705223e-03   -1.3803059037e-30
    4.6692481264e-03   -1.1826201976e-30
    4.6794386581e-03   -1.0015216571e-30
    4.6891616657e-03   -8.5462915587e-31
    4.6998076141e-03   -7.1837765269e-31
    4.7092852183e-03   -6.1545512891e-31
    4.7198892571e-03   -5.1766904525e-31
    4.7295293771e-03   -4.4231628386e-31
    4.7390488908e-03   -3.7867081144e-31
    4.7498322092e-03   -3.1756045715e-31
    4.7598928213e-03   -2.6946870280e-31
    4.7695329413e-03   -2.3023039574e-31
    4.7790524550e-03   -1.9708918980e-31
    4.7890846618e-03   -1.6731102618e-31
    4.7999825329e-03   -1.4003605427e-31
    4.8096221872e-03   -1.1963710129e-31
    4.8198550940e-03   -1.0122351126e-31
    4.8290761188e-03   -8.7068913585e-32
    4.8396806233e-03   -7.3219309673e-32
    4.8492006026e-03   -6.2671428417e-32
    4.8598661087e-03   -5.2647517890e-32
    4.8699490726e-03   -4.4648793111e-32
    4.8795891926e-03   -3.8139739997e-32
    4.8891096376e-03   -3.2642734622e-32
    4.8988345079e-03   -2.7844228562e-32
    4.9097752199e-03   -2.3283066565e-32
    4.9195000902e-03   -1.9859415759e-32
    4.9296859652e-03   -1.6811551394e-32
    4.9393260852e-03   -1.4358670842e-32
    4.9499301240e-03   -1.2071402016e-32
    4.9595702440e-03   -1.0309545369e-32
    4.9698036164e-03   -8.7195136699e-33
    4.9798502587e-03   -7.3970435870e-33
    4.9889883958e-03   -6.3689819417e-33
    4.9999300390e-03   -5.3240986049e-33
    5.0094039179e-03   -4.5587503961e-33
    5.0193425268e-03   -3.8736910229e-33
    5.0290683284e-03   -3.3030028419e-33
    5.0399242900e-03   -2.7646233069e-33
    5.0495644100e-03   -2.3604958795e-33
    5.0588338636e-03   -2.0276664091e-33
    5.0699841231e-03   -1.6888103260e-33
    5.0789592788e-03   -1.4576333825e-33
    5.0899009220e-03   -1.2181242963e-33
    5.0996271893e-03   -1.0384466787e-33
    5.1093529910e-03   -8.8524762237e-34
    5.1197912544e-03   -7.4585685940e-34
    5.1294313744e-03   -6.3668475011e-34
    5.1390714943e-03   -5.4347847142e-34
    5.1490534097e-03   -4.6130861531e-34
    5.1599955186e-03   -3.8542678155e-34
    5.1697217859e-03   -3.2851386798e-34
    5.1794480532e-03   -2.7999825443e-34
    5.1891747862e-03   -2.3864204432e-34
    5.1989010535e-03   -2.0338956567e-34
    5.2098431624e-03   -1.6991088963e-34
    5.2199130878e-03   -1.4398894330e-34
    5.2294139750e-03   -1.2316661060e-34
    5.2388925105e-03   -1.0539144854e-34
    5.2498350851e-03   -8.8034493849e-35
    5.2595618181e-03   -7.5019458278e-35
    5.2692885511e-03   -6.3927199711e-35
    5.2798925899e-03   -5.3693241429e-35
    5.2893711254e-03   -4.5939490133e-35
    5.2990983240e-03   -3.9144400971e-35
    5.3088250570e-03   -3.3353713761e-35
    5.3196810186e-03   -2.7895841258e-35
    5.3293211386e-03   -2.3802235274e-35
    5.3397640586e-03   -2.0042335089e-35
    5.3494912572e-03   -1.7075991166e-35
    5.3592184559e-03   -1.4548379846e-35
    5.3696143441e-03   -1.2258932406e-35
    5.3792544641e-03   -1.0458940180e-35
    5.3899493068e-03   -8.7693614836e-36
    5.3996765055e-03   -7.4706640750e-36
    5.4094041698e-03   -6.3641618581e-36
    5.4195481353e-03   -5.3843556765e-36
    5.4291882552e-03   -4.5932879412e-36
    5.4397922941e-03   -3.8565760576e-36
    5.4494324140e-03   -3.2898201090e-36
    5.4590725340e-03   -2.8062907962e-36
    5.4690553807e-03   -2.3802774090e-36
    5.4799998179e-03   -1.9871244483e-36
    5.4897279479e-03   -1.6924738462e-36
    5.4994560778e-03   -1.4414758661e-36
    5.5091842078e-03   -1.2276683921e-36
    5.5198767222e-03   -1.0290391552e-36
    5.5295168422e-03   -8.7763686037e-37
    5.5391569622e-03   -7.4849122087e-37
    5.5497610010e-03   -6.2825062011e-37
    5.5594011210e-03   -5.3577411399e-37
    5.5695404299e-03   -4.5314687514e-37
    5.5798958056e-03   -3.8188490672e-37
    5.5890758522e-03   -3.2813112005e-37
    5.5996798910e-03   -2.7537949720e-37
    5.6089516729e-03   -2.3624824880e-37
    5.6198975071e-03   -1.9714011621e-37
    5.6296265684e-03   -1.6784216028e-37
    5.6393560953e-03   -1.4289430562e-37
    5.6490860879e-03   -1.2165129353e-37
    5.6588156149e-03   -1.0356347868e-37
    5.6697619148e-03   -8.6405963471e-38
    5.6794914417e-03   -7.3554442257e-38
    5.6892214343e-03   -6.2612756326e-38
    5.6989518926e-03   -5.3297366945e-38
    5.7098981924e-03   -4.4462255798e-38
    5.7196281850e-03   -3.7845338462e-38
    5.7293586433e-03   -3.2212421316e-38
    5.7390891016e-03   -2.7417301286e-38
    5.7488195598e-03   -2.3335460390e-38
    5.7597663254e-03   -1.9464601794e-38
    5.7691996917e-03   -1.6647881178e-38
    5.7798037305e-03   -1.3964805199e-38
    5.7894438505e-03   -1.1902561894e-38
    5.7990839705e-03    0.0000000000e+00
    5.8093206026e-03    0.0000000000e+00
    5.8190519921e-03    0.0000000000e+00
    5.8299992234e-03    0.0000000000e+00
    5.8397306129e-03    0.0000000000e+00
    5.8494620025e-03    0.0000000000e+00
    5.8591933921e-03    0.0000000000e+00
    5.8689247817e-03    0.0000000000e+00
    5.8798729442e-03    0.0000000000e+00
    5.8896252885e-03    0.0000000000e+00
    5.8993836865e-03    0.0000000000e+00
    5.9093218297e-03    0.0000000000e+00
    5.9197656810e-03    0.0000000000e+00
    5.9294975363e-03    0.0000000000e+00
    5.9392293915e-03    0.0000000000e+00
    5.9489612468e-03    0.0000000000e+00
    5.9599098749e-03    0.0000000000e+00
    5.9696417302e-03    0.0000000000e+00
    5.9793735854e-03    0.0000000000e+00
    5.9891059063e-03    0.0000000000e+00
    5.9988377616e-03    0.0000000000e+00
    6.0097863898e-03    0.0000000000e+00
    6.0195187107e-03    0.0000000000e+00
    6.0299625620e-03    0.0000000000e+00
    6.0396948829e-03    0.0000000000e+00
    6.0494272038e-03    0.0000000000e+00
    6.0591595247e-03    0.0000000000e+00
    6.0688918456e-03    0.0000000000e+00
    6.0798409395e-03    0.0000000000e+00
    6.0895737261e-03    0.0000000000e+00
    6.0993060470e-03    0.0000000000e+00
    6.1090388335e-03    0.0000000000e+00
    6.1196428724e-03    0.0000000000e+00
    6.1291693710e-03    0.0000000000e+00
    6.1395405792e-03    0.0000000000e+00
    6.1489595100e-03    0.0000000000e+00
    6.1592012644e-03    0.0000000000e+00
    6.1688837595e-03    0.0000000000e+00
    6.1798333190e-03    0.0000000000e+00
    6.1895661056e-03    0.0000000000e+00
    6.1997575685e-03    0.0000000000e+00
    6.2093976885e-03    0.0000000000e+00
    6.2190378085e-03    0.0000000000e+00
    6.2296418473e-03    0.0000000000e+00
    6.2392819673e-03    0.0000000000e+00
    6.2499823980e-03    0.0000000000e+00
    6.2590995803e-03    0.0000000000e+00
    6.2696863897e-03    0.0000000000e+00
    6.2792589888e-03    0.0000000000e+00
    6.2897489406e-03    0.0000000000e+00
    6.2993247993e-03    0.0000000000e+00
    6.3097849488e-03    0.0000000000e+00
    6.3197277486e-03    0.0000000000e+00
    6.3295355067e-03    0.0000000000e+00
    6.3391756266e-03    0.0000000000e+00
    6.3494206406e-03    0.0000000000e+00
    6.3594491221e-03    0.0000000000e+00
    6.3693942502e-03    0.0000000000e+00
    6.3795489259e-03    0.0000000000e+00
    6.3896807842e-03    0.0000000000e+00
    6.3995048404e-03    0.0000000000e+00
    6.4094830304e-03    0.0000000000e+00
    6.4192656428e-03    0.0000000000e+00
    6.4291022718e-03    0.0000000000e+00
    6.4390413463e-03    0.0000000000e+00
    6.4490670338e-03    0.0000000000e+00
    6.4597674645e-03    0.0000000000e+00
    6.4692813903e-03    0.0000000000e+00
    6.4797597006e-03    0.0000000000e+00
    6.4894757234e-03    0.0000000000e+00
    6.4997998998e-03    0.0000000000e+00
    6.5092272125e-03    0.0000000000e+00
    6.5196673386e-03    0.0000000000e+00
    6.5291328356e-03    0.0000000000e+00
    6.5392060205e-03    0.0000000000e+00
    6.5499339253e-03    0.0000000000e+00
    6.5589160658e-03    0.0000000000e+00
    6.5691838972e-03    0.0000000000e+00
    6.5796221606e-03    0.0000000000e+00
    6.5890662372e-03    0.0000000000e+00
    6.5998048522e-03    0.0000000000e+00
    6.6095995717e-03    0.0000000000e+00
    6.6199903376e-03    0.0000000000e+00
    6.6296304576e-03    0.0000000000e+00
    6.6398563795e-03    0.0000000000e+00
    6.6489642486e-03    0.0000000000e+00
    6.6593927331e-03    0.0000000000e+00
    6.6696633585e-03    0.0000000000e+00
    6.6792499274e-03    0.0000000000e+00
    6.6895354539e-03    0.0000000000e+00
    6.6993096843e-03    0.0000000000e+00
    6.7095351405e-03    0.0000000000e+00
    6.7194621079e-03    0.0000000000e+00
    6.7299571820e-03    0.0000000000e+00
    6.7397607490e-03    0.0000000000e+00
    6.7494008690e-03    0.0000000000e+00
    6.7590409890e-03    0.0000000000e+00
    6.7699807696e-03    0.0000000000e+00
    6.7797955126e-03    0.0000000000e+00
    6.7899795249e-03    0.0000000000e+00
    6.7994440906e-03    0.0000000000e+00
    6.8093710579e-03    0.0000000000e+00
    6.8191075698e-03    0.0000000000e+00
    6.8292967044e-03    0.0000000000e+00
    6.8395347334e-03    0.0000000000e+00
    6.8496479653e-03    0.0000000000e+00
    6.8596834317e-03    0.0000000000e+00
    6.8698246032e-03    0.0000000000e+00
    6.8794647232e-03    0.0000000000e+00
    6.8895001896e-03    0.0000000000e+00
    6.8993330933e-03    0.0000000000e+00
    6.9093578495e-03    0.0000000000e+00
    6.9190724753e-03    0.0000000000e+00
    6.9299265742e-03    0.0000000000e+00
    6.9395666942e-03    0.0000000000e+00
    6.9490424357e-03    0.0000000000e+00
    6.9596464746e-03    0.0000000000e+00
    6.9692865945e-03    0.0000000000e+00
    6.9790612906e-03    0.0000000000e+00
    6.9890860468e-03    0.0000000000e+00
    6.9996668026e-03    0.0000000000e+00
    7.0097018033e-03    0.0000000000e+00
    7.0194383152e-03    0.0000000000e+00
    7.0290681906e-03    0.0000000000e+00
    7.0399711840e-03    0.0000000000e+00
    7.0491852239e-03    0.0000000000e+00
    7.0597892627e-03    0.0000000000e+00
    7.0699788630e-03    0.0000000000e+00
    7.0796934888e-03    0.0000000000e+00
    7.0892171934e-03    0.0000000000e+00
    7.0990598761e-03    0.0000000000e+00
    7.1089989506e-03    0.0000000000e+00
    7.1199494414e-03    0.0000000000e+00
    7.1289245971e-03    0.0000000000e+00
    7.1399719454e-03    0.0000000000e+00
    7.1499487385e-03    0.0000000000e+00
    7.1596754715e-03    0.0000000000e+00
    7.1693444625e-03    0.0000000000e+00
    7.1793217212e-03    0.0000000000e+00
    7.1898670867e-03    0.0000000000e+00
    7.1994108148e-03    0.0000000000e+00
    7.2096362710e-03    0.0000000000e+00
    7.2198617272e-03    0.0000000000e+00
    7.2292089462e-03    0.0000000000e+00
    7.2398129851e-03    0.0000000000e+00
    7.2495699860e-03    0.0000000000e+00
    7.2596669197e-03    0.0000000000e+00
    7.2693070397e-03    0.0000000000e+00
    7.2799115442e-03    0.0000000000e+00
    7.2896201164e-03    0.0000000000e+00
    7.2998455726e-03    0.0000000000e+00
    7.3093893006e-03    0.0000000000e+00
    7.3196147569e-03    0.0000000000e+00
    7.3298402131e-03    0.0000000000e+00
    7.3397522792e-03    0.0000000000e+00
    7.3490669020e-03    0.0000000000e+00
    7.3596709408e-03    0.0000000000e+00
    7.3692644946e-03    0.0000000000e+00
    7.3798685335e-03    0.0000000000e+00
    7.3896548711e-03    0.0000000000e+00
    7.3997476138e-03    0.0000000000e+00
    7.4098403566e-03    0.0000000000e+00
    7.4194353074e-03    0.0000000000e+00
    7.4292318895e-03    0.0000000000e+00
    7.4393246323e-03    0.0000000000e+00
    7.4498355389e-03    0.0000000000e+00
    7.4596586637e-03    0.0000000000e+00
    7.4693369679e-03    0.0000000000e+00
    7.4798413552e-03    0.0000000000e+00
    7.4891909026e-03    0.0000000000e+00
    7.4998266064e-03    0.0000000000e+00
    7.5095631182e-03    0.0000000000e+00
    7.5192032382e-03    0.0000000000e+00
    7.5298449956e-03    0.0000000000e+00
    7.5395815074e-03    0.0000000000e+00
    7.5492216274e-03    0.0000000000e+00
    7.5595467351e-03    0.0000000000e+00
    7.5699854642e-03    0.0000000000e+00
    7.5790504925e-03    0.0000000000e+00
    7.5893155299e-03    0.0000000000e+00
    7.5995367952e-03    0.0000000000e+00
    7.6091769151e-03    0.0000000000e+00
    7.6198773459e-03    0.0000000000e+00
    7.6299705543e-03    0.0000000000e+00
    7.6395180076e-03    0.0000000000e+00
    7.6491581276e-03    0.0000000000e+00
    7.6590967365e-03    0.0000000000e+00
    7.6697007753e-03    0.0000000000e+00
    7.6798903756e-03    0.0000000000e+00
    7.6898820698e-03    0.0000000000e+00
    7.6990430243e-03    0.0000000000e+00
    7.7095315792e-03    0.0000000000e+00
    7.7195204794e-03    0.0000000000e+00
    7.7290567569e-03    0.0000000000e+00
    7.7397068962e-03    0.0000000000e+00
    7.7492906712e-03    0.0000000000e+00
    7.7598947100e-03    0.0000000000e+00
    7.7692274936e-03    0.0000000000e+00
    7.7799120918e-03    0.0000000000e+00
    7.7893561684e-03    0.0000000000e+00
    7.7999602072e-03    0.0000000000e+00
    7.8091854230e-03    0.0000000000e+00
    7.8195752576e-03    0.0000000000e+00
    7.8297322616e-03    0.0000000000e+00
    7.8394785523e-03    0.0000000000e+00
    7.8491186723e-03    0.0000000000e+00
    7.8597227111e-03    0.0000000000e+00
    7.8693628311e-03    0.0000000000e+00
    7.8799668700e-03    0.0000000000e+00
    7.8894421458e-03    0.0000000000e+00
    7.8996671364e-03    0.0000000000e+00
    7.9099610448e-03    0.0000000000e+00
    7.9194046557e-03    0.0000000000e+00
    7.9290447757e-03    0.0000000000e+00
    7.9396488145e-03    0.0000000000e+00
    7.9492889345e-03    0.0000000000e+00
    7.9598929733e-03    0.0000000000e+00
    7.9695330933e-03    0.0000000000e+00
    7.9794079065e-03    0.0000000000e+00
    7.9890368506e-03    0.0000000000e+00
    7.9996408895e-03    0.0000000000e+00
    8.0099627376e-03    0.0000000000e+00
    8.0192619935e-03    0.0000000000e+00
    8.0298660323e-03    0.0000000000e+00
    8.0397408456e-03    0.0000000000e+00
    8.0498373136e-03    0.0000000000e+00
    8.0594774336e-03    0.0000000000e+00
    8.0691175535e-03    0.0000000000e+00
    8.0797569826e-03    0.0000000000e+00
    8.0893971026e-03    0.0000000000e+00
    8.0990372226e-03    0.0000000000e+00
    8.1096412614e-03    0.0000000000e+00
    8.1192813814e-03    0.0000000000e+00
    8.1295548007e-03    0.0000000000e+00
    8.1395842135e-03    0.0000000000e+00
    8.1492243335e-03    0.0000000000e+00
    8.1598283723e-03    0.0000000000e+00
    8.1696920097e-03    0.0000000000e+00
    8.1793321297e-03    0.0000000000e+00
    8.1899361685e-03    0.0000000000e+00
    8.1995762885e-03    0.0000000000e+00
    8.2092164084e-03    0.0000000000e+00
    8.2198204473e-03    0.0000000000e+00
    8.2294605672e-03    0.0000000000e+00
    8.2391006872e-03    0.0000000000e+00
    8.2496115938e-03    0.0000000000e+00
    8.2591585815e-03    0.0000000000e+00
    8.2694841549e-03    0.0000000000e+00
    8.2798087969e-03    0.0000000000e+00
    8.2897795364e-03    0.0000000000e+00
    8.2995984703e-03    0.0000000000e+00
    8.3098756149e-03    0.0000000000e+00
    8.3192223683e-03    0.0000000000e+00
    8.3297304809e-03    0.0000000000e+00
    8.3399554715e-03    0.0000000000e+00
    8.3494996652e-03    0.0000000000e+00
    8.3593633026e-03    0.0000000000e+00
    8.3691775799e-03    0.0000000000e+00
    8.3797816187e-03    0.0000000000e+00
    8.3892466500e-03    0.0000000000e+00
    8.3998506889e-03    0.0000000000e+00
    8.4094908088e-03    0.0000000000e+00
    8.4198806435e-03    0.0000000000e+00
    8.4294248372e-03    0.0000000000e+00
    8.4396498278e-03    0.0000000000e+00
    8.4497965872e-03    0.0000000000e+00
    8.4594367072e-03    0.0000000000e+00
    8.4690768272e-03    0.0000000000e+00
    8.4796808660e-03    0.0000000000e+00
    8.4893209860e-03    0.0000000000e+00
    8.4999250248e-03    0.0000000000e+00
    8.5094682872e-03    0.0000000000e+00
    8.5196942091e-03    0.0000000000e+00
    8.5299191996e-03    0.0000000000e+00
    8.5395686328e-03    0.0000000000e+00
    8.5492087528e-03    0.0000000000e+00
    8.5598127916e-03    0.0000000000e+00
    8.5694529116e-03    0.0000000000e+00
    8.5797747597e-03    0.0000000000e+00
    8.5893189535e-03    0.0000000000e+00
    8.5993474349e-03    0.0000000000e+00
    8.6099514738e-03    0.0000000000e+00
    8.6191734299e-03    0.0000000000e+00
    8.6293127388e-03    0.0000000000e+00
    8.6398255080e-03    0.0000000000e+00
    8.6493687704e-03    0.0000000000e+00
    8.6595946923e-03    0.0000000000e+00
    8.6698569357e-03    0.0000000000e+00
    8.6794011295e-03    0.0000000000e+00
    8.6896261200e-03    0.0000000000e+00
    8.6998520419e-03    0.0000000000e+00
    8.7093953043e-03    0.0000000000e+00
    8.7196212262e-03    0.0000000000e+00
    8.7298462167e-03    0.0000000000e+00
    8.7393904105e-03    0.0000000000e+00
    8.7496154010e-03    0.0000000000e+00
    8.7598413229e-03    0.0000000000e+00
    8.7693845853e-03    0.0000000000e+00
    8.7794139981e-03    0.0000000000e+00
    8.7890541181e-03    0.0000000000e+00
    8.7996581569e-03    0.0000000000e+00
    8.8092982769e-03    0.0000000000e+00
    8.8199023157e-03    0.0000000000e+00
    8.8295424357e-03    0.0000000000e+00
    8.8391825557e-03    0.0000000000e+00
    8.8496208191e-03    0.0000000000e+00
    8.8598467410e-03    0.0000000000e+00
    8.8693900034e-03    0.0000000000e+00
    8.8796159253e-03    0.0000000000e+00
    8.8898409158e-03    0.0000000000e+00
    8.8993851095e-03    0.0000000000e+00
    8.9096101001e-03    0.0000000000e+00
    8.9198360220e-03    0.0000000000e+00
    8.9293792844e-03    0.0000000000e+00
    8.9396052063e-03    0.0000000000e+00
    8.9498301968e-03    0.0000000000e+00
    8.9598596096e-03    0.0000000000e+00
    8.9699681848e-03    0.0000000000e+00
    8.9795114473e-03    0.0000000000e+00
    8.9897373691e-03    0.0000000000e+00
    8.9999623597e-03    0.0000000000e+00
    9.0095065534e-03    0.0000000000e+00
    9.0197315440e-03    0.0000000000e+00
    9.0299574658e-03    0.0000000000e+00
    9.0395687148e-03    0.0000000000e+00
    9.0499771759e-03    0.0000000000e+00
    9.0596172959e-03    0.0000000000e+00
    9.0692574158e-03    0.0000000000e+00
    9.0798614547e-03    0.0000000000e+00
    9.0895015746e-03    0.0000000000e+00
    9.0991416946e-03    0.0000000000e+00
    9.1097457334e-03    0.0000000000e+00
    9.1196196154e-03    0.0000000000e+00
    9.1299135238e-03    0.0000000000e+00
    9.1394577175e-03    0.0000000000e+00
    9.1496827081e-03    0.0000000000e+00
    9.1592948884e-03    0.0000000000e+00
    9.1694891453e-03    0.0000000000e+00
    9.1797150671e-03    0.0000000000e+00
    9.1895787045e-03    0.0000000000e+00
    9.1992188245e-03    0.0000000000e+00
    9.2098228633e-03    0.0000000000e+00
    9.2194629833e-03    0.0000000000e+00
    9.2294542119e-03    0.0000000000e+00
    9.2396792024e-03    0.0000000000e+00
    9.2499051243e-03    0.0000000000e+00
    9.2594483867e-03    0.0000000000e+00
    9.2696743086e-03    0.0000000000e+00
    9.2798992991e-03    0.0000000000e+00
    9.2894434929e-03    0.0000000000e+00
    9.2996684834e-03    0.0000000000e+00
    9.3098944053e-03    0.0000000000e+00
    9.3194376677e-03    0.0000000000e+00
    9.3296635896e-03    0.0000000000e+00
    9.3398885801e-03    0.0000000000e+00
    9.3494327739e-03    0.0000000000e+00
    9.3596577644e-03    0.0000000000e+00
    9.3699209392e-03    0.0000000000e+00
    9.3795610592e-03    0.0000000000e+00
    9.3897180632e-03    0.0000000000e+00
    9.3999430537e-03    0.0000000000e+00
    9.4094872475e-03    0.0000000000e+00
    9.4197122380e-03    0.0000000000e+00
    9.4299381599e-03    0.0000000000e+00
    9.4394814223e-03    0.0000000000e+00
    9.4497073442e-03    0.0000000000e+00
    9.4599323347e-03    0.0000000000e+00
    9.4694765285e-03    0.0000000000e+00
    9.4796223566e-03    0.0000000000e+00
    9.4897309318e-03    0.0000000000e+00
    9.4997594133e-03    0.0000000000e+00
    9.5097506419e-03    0.0000000000e+00
    9.5194969326e-03    0.0000000000e+00
    9.5291370526e-03    0.0000000000e+00
    9.5399757847e-03    0.0000000000e+00
    9.5495190471e-03    0.0000000000e+00
    9.5597449690e-03    0.0000000000e+00
    9.5699699596e-03    0.0000000000e+00
    9.5795141533e-03    0.0000000000e+00
    9.5897391438e-03    0.0000000000e+00
    9.5999650657e-03    0.0000000000e+00
    9.6095083281e-03    0.0000000000e+00
    9.6197342500e-03    0.0000000000e+00
    9.6299592406e-03    0.0000000000e+00
    9.6395034343e-03    0.0000000000e+00
    9.6496492624e-03    0.0000000000e+00
    9.6598742530e-03    0.0000000000e+00
    9.6691735089e-03    0.0000000000e+00
    9.6797775477e-03    0.0000000000e+00
    9.6899345517e-03    0.0000000000e+00
    9.6994778141e-03    0.0000000000e+00
    9.7097037360e-03    0.0000000000e+00
    9.7198495641e-03    0.0000000000e+00
    9.7293928266e-03    0.0000000000e+00
    9.7396187484e-03    0.0000000000e+00
    9.7494823858e-03    0.0000000000e+00
    9.7591225058e-03    0.0000000000e+00
    9.7697265446e-03    0.0000000000e+00
    9.7795529291e-03    0.0000000000e+00
    9.7897779197e-03    0.0000000000e+00
    9.7993221134e-03    0.0000000000e+00
    9.8095843568e-03    0.0000000000e+00
    9.8192244768e-03    0.0000000000e+00
    9.8298285156e-03    0.0000000000e+00
    9.8395375535e-03    0.0000000000e+00
    9.8497634754e-03    0.0000000000e+00
    9.8599884659e-03    0.0000000000e+00
    9.8695326596e-03    0.0000000000e+00
    9.8797576502e-03    0.0000000000e+00
    9.8899835721e-03    0.0000000000e+00
    9.8995268345e-03    0.0000000000e+00
    9.9097527564e-03    0.0000000000e+00
    9.9199777469e-03    0.0000000000e+00
    9.9294418469e-03    0.0000000000e+00
    9.9397161976e-03    0.0000000000e+00
    9.9499411881e-03    0.0000000000e+00
    9.9591715261e-03    0.0000000000e+00
    9.9697755650e-03    0.0000000000e+00
    9.9794156849e-03    0.0000000000e+00
    9.9897375330e-03    0.0000000000e+00
    9.9999625236e-03    0.0000000000e+00
    1.0009506717e-02    0.0000000000e+00
    1.0019731708e-02    0.0000000000e+00
    1.0029957630e-02    0.0000000000e+00
    1.0039500892e-02    0.0000000000e+00
    1.0049726814e-02    0.0000000000e+00
    1.0059951805e-02    0.0000000000e+00
    1.0069495998e-02    0.0000000000e+00
    1.0079720989e-02    0.0000000000e+00
    1.0089946911e-02    0.0000000000e+00
    1.0099490173e-02    0.0000000000e+00
    1.0109716095e-02    0.0000000000e+00
    1.0119941086e-02    0.0000000000e+00
    1.0129485279e-02    0.0000000000e+00
    1.0139710270e-02    0.0000000000e+00
    1.0149322450e-02    0.0000000000e+00
    1.0159517638e-02    0.0000000000e+00
    1.0169742629e-02    0.0000000000e+00
    1.0179936886e-02    0.0000000000e+00
    1.0189577006e-02    0.0000000000e+00
    1.0199217126e-02    0.0000000000e+00
    1.0209821165e-02    0.0000000000e+00
    1.0219461285e-02    0.0000000000e+00
    1.0229101405e-02    0.0000000000e+00
    1.0239705443e-02    0.0000000000e+00
    1.0249345563e-02    0.0000000000e+00
    1.0259890929e-02    0.0000000000e+00
    1.0269531049e-02    0.0000000000e+00
    1.0279171169e-02    0.0000000000e+00
    1.0289775208e-02    0.0000000000e+00
    1.0299318470e-02    0.0000000000e+00
    1.0309544392e-02    0.0000000000e+00
    1.0319769382e-02    0.0000000000e+00
    1.0329995304e-02    0.0000000000e+00
    1.0339538567e-02    0.0000000000e+00
    1.0349764489e-02    0.0000000000e+00
    1.0359989479e-02    0.0000000000e+00
    1.0369533673e-02    0.0000000000e+00
    1.0379758663e-02    0.0000000000e+00
    1.0389984585e-02    0.0000000000e+00
    1.0399527848e-02    0.0000000000e+00
    1.0409753770e-02    0.0000000000e+00
    1.0419100523e-02    0.0000000000e+00
    1.0429657996e-02    0.0000000000e+00
    1.0439675301e-02    0.0000000000e+00
    1.0449901223e-02    0.0000000000e+00
    1.0459444486e-02    0.0000000000e+00
    1.0469670407e-02    0.0000000000e+00
    1.0479895398e-02    0.0000000000e+00
    1.0489439592e-02    0.0000000000e+00
    1.0499194264e-02    0.0000000000e+00
    1.0509693995e-02    0.0000000000e+00
    1.0519918986e-02    0.0000000000e+00
    1.0529463179e-02    0.0000000000e+00
    1.0539688170e-02    0.0000000000e+00
    1.0549913161e-02    0.0000000000e+00
    1.0559457354e-02    0.0000000000e+00
    1.0569682345e-02    0.0000000000e+00
    1.0579908267e-02    0.0000000000e+00
    1.0589451529e-02    0.0000000000e+00
    1.0599677451e-02    0.0000000000e+00
    1.0609902442e-02    0.0000000000e+00
    1.0619446635e-02    0.0000000000e+00
    1.0629671626e-02    0.0000000000e+00
    1.0639897548e-02    0.0000000000e+00
    1.0649440810e-02    0.0000000000e+00
    1.0659666732e-02    0.0000000000e+00
    1.0669891723e-02    0.0000000000e+00
    1.0679435916e-02    0.0000000000e+00
    1.0689581744e-02    0.0000000000e+00
    1.0699339211e-02    0.0000000000e+00
    1.0709564202e-02    0.0000000000e+00
    1.0719790123e-02    0.0000000000e+00
    1.0729333386e-02    0.0000000000e+00
    1.0739559308e-02    0.0000000000e+00
    1.0749784298e-02    0.0000000000e+00
    1.0759328492e-02    0.0000000000e+00
    1.0769553483e-02    0.0000000000e+00
    1.0779779404e-02    0.0000000000e+00
    1.0789322667e-02    0.0000000000e+00
    1.0799548589e-02    0.0000000000e+00
    1.0809773579e-02    0.0000000000e+00
    1.0819529183e-02    0.0000000000e+00
    1.0829512030e-02    0.0000000000e+00
    1.0839737020e-02    0.0000000000e+00
    1.0849962011e-02    0.0000000000e+00
    1.0859506205e-02    0.0000000000e+00
    1.0869731195e-02    0.0000000000e+00
    1.0879760608e-02    0.0000000000e+00
    1.0889400728e-02    0.0000000000e+00
    1.0899625719e-02    0.0000000000e+00
    1.0909851640e-02    0.0000000000e+00
    1.0919394903e-02    0.0000000000e+00
    1.0929620825e-02    0.0000000000e+00
    1.0939815082e-02    0.0000000000e+00
    1.0949455202e-02    0.0000000000e+00
    1.0959893465e-02    0.0000000000e+00
    1.0969437659e-02    0.0000000000e+00
    1.0979631916e-02    0.0000000000e+00
    1.0989272036e-02    0.0000000000e+00
    1.0999876074e-02    0.0000000000e+00
    1.1009516194e-02    0.0000000000e+00
    1.1019390076e-02    0.0000000000e+00
    1.1029615998e-02    0.0000000000e+00
    1.1039840989e-02    0.0000000000e+00
    1.1049319059e-02    0.0000000000e+00
    1.1059544049e-02    0.0000000000e+00
    1.1069769971e-02    0.0000000000e+00
    1.1079994962e-02    0.0000000000e+00
    1.1089539155e-02    0.0000000000e+00
    1.1099764146e-02    0.0000000000e+00
    1.1109990068e-02    0.0000000000e+00
    1.1119533330e-02    0.0000000000e+00
    1.1129759252e-02    0.0000000000e+00
    1.1139984243e-02    0.0000000000e+00
    1.1149528436e-02    0.0000000000e+00
    1.1159753427e-02    0.0000000000e+00
    1.1169979349e-02    0.0000000000e+00
    1.1179522611e-02    0.0000000000e+00
    1.1189748533e-02    0.0000000000e+00
    1.1199973524e-02    0.0000000000e+00
    1.1209517717e-02    0.0000000000e+00
    1.1219272390e-02    0.0000000000e+00
    1.1229819618e-02    0.0000000000e+00
    1.1239459738e-02    0.0000000000e+00
    1.1249734089e-02    0.0000000000e+00
    1.1259314604e-02    0.0000000000e+00
    1.1269423179e-02    0.0000000000e+00
    1.1279649101e-02    0.0000000000e+00
    1.1289874092e-02    0.0000000000e+00
    1.1299418285e-02    0.0000000000e+00
    1.1309643276e-02    0.0000000000e+00
    1.1319869198e-02    0.0000000000e+00
    1.1329412460e-02    0.0000000000e+00
    1.1339441873e-02    0.0000000000e+00
    1.1349549517e-02    0.0000000000e+00
    1.1359775439e-02    0.0000000000e+00
    1.1369318701e-02    0.0000000000e+00
    1.1379544623e-02    0.0000000000e+00
    1.1389769614e-02    0.0000000000e+00
    1.1399750598e-02    0.0000000000e+00
    1.1409390718e-02    0.0000000000e+00
    1.1419994757e-02    0.0000000000e+00
    1.1429402046e-02    0.0000000000e+00
    1.1439654045e-02    0.0000000000e+00
    1.1449879035e-02    0.0000000000e+00
    1.1459423229e-02    0.0000000000e+00
    1.1469648220e-02    0.0000000000e+00
    1.1479874142e-02    0.0000000000e+00
    1.1489417404e-02    0.0000000000e+00
    1.1499643326e-02    0.0000000000e+00
    1.1509868316e-02    0.0000000000e+00
    1.1519098654e-02    0.0000000000e+00
    1.1529702693e-02    0.0000000000e+00
    1.1539296247e-02    0.0000000000e+00
    1.1549388990e-02    0.0000000000e+00
    1.1559760198e-02    0.0000000000e+00
    1.1569400318e-02    0.0000000000e+00
    1.1579040438e-02    0.0000000000e+00
    1.1589644477e-02    0.0000000000e+00
    1.1599284597e-02    0.0000000000e+00
    1.1609558016e-02    0.0000000000e+00
    1.1619783938e-02    0.0000000000e+00
    1.1629327200e-02    0.0000000000e+00
    1.1639553122e-02    0.0000000000e+00
    1.1649778113e-02    0.0000000000e+00
    1.1659322307e-02    0.0000000000e+00
    1.1669547297e-02    0.0000000000e+00
    1.1679773219e-02    0.0000000000e+00
    1.1689998209e-02    0.0000000000e+00
    1.1699542403e-02    0.0000000000e+00
    1.1709767394e-02    0.0000000000e+00
    1.1719993316e-02    0.0000000000e+00
    1.1729536578e-02    0.0000000000e+00
    1.1739762500e-02    0.0000000000e+00
    1.1749987490e-02    0.0000000000e+00
    1.1759531684e-02    0.0000000000e+00
    1.1769756675e-02    0.0000000000e+00
    1.1779982597e-02    0.0000000000e+00
    1.1789525859e-02    0.0000000000e+00
    1.1799751781e-02    0.0000000000e+00
    1.1809976771e-02    0.0000000000e+00
    1.1819520965e-02    0.0000000000e+00
    1.1829745956e-02    0.0000000000e+00
    1.1839971878e-02    0.0000000000e+00
    1.1849435978e-02    0.0000000000e+00
    1.1859660968e-02    0.0000000000e+00
    1.1869886890e-02    0.0000000000e+00
    1.1879430152e-02    0.0000000000e+00
    1.1889656074e-02    0.0000000000e+00
    1.1899881065e-02    0.0000000000e+00
    1.1909425259e-02    0.0000000000e+00
    1.1919650249e-02    0.0000000000e+00
    1.1929876171e-02    0.0000000000e+00
    1.1939419433e-02    0.0000000000e+00
    1.1949645355e-02    0.0000000000e+00
    1.1959870346e-02    0.0000000000e+00
    1.1969414540e-02    0.0000000000e+00
    1.1979639530e-02    0.0000000000e+00
    1.1989865452e-02    0.0000000000e+00
    1.1999408714e-02    0.0000000000e+00
    1.2009634636e-02    0.0000000000e+00
    1.2019859627e-02    0.0000000000e+00
    1.2029403821e-02    0.0000000000e+00
    1.2039628811e-02    0.0000000000e+00
    1.2049854733e-02    0.0000000000e+00
    1.2059397995e-02    0.0000000000e+00
    1.2069623917e-02    0.0000000000e+00
    1.2079848908e-02    0.0000000000e+00
    1.2089829892e-02    0.0000000000e+00
    1.2099985965e-02    0.0000000000e+00
    1.2109530158e-02    0.0000000000e+00
    1.2119755149e-02    0.0000000000e+00
    1.2129981071e-02    0.0000000000e+00
    1.2139524333e-02    0.0000000000e+00
    1.2149750255e-02    0.0000000000e+00
    1.2159504928e-02    0.0000000000e+00
    1.2169730850e-02    0.0000000000e+00
    1.2179955840e-02    0.0000000000e+00
    1.2189500034e-02    0.0000000000e+00
    1.2199725024e-02    0.0000000000e+00
    1.2209950946e-02    0.0000000000e+00
    1.2219494209e-02    0.0000000000e+00
    1.2229720131e-02    0.0000000000e+00
    1.2239945121e-02    0.0000000000e+00
    1.2249489315e-02    0.0000000000e+00
    1.2259714305e-02    0.0000000000e+00
    1.2269940227e-02    0.0000000000e+00
    1.2279483490e-02    0.0000000000e+00
    1.2289709412e-02    0.0000000000e+00
    1.2299934402e-02    0.0000000000e+00
    1.2309478596e-02    0.0000000000e+00
    1.2319703586e-02    0.0000000000e+00
    1.2329929508e-02    0.0000000000e+00
    1.2339111418e-02    0.0000000000e+00
    1.2349715456e-02    0.0000000000e+00
    1.2359355576e-02    0.0000000000e+00
    1.2369959615e-02    0.0000000000e+00
    1.2379599735e-02    0.0000000000e+00
    1.2389824726e-02    0.0000000000e+00
    1.2399368919e-02    0.0000000000e+00
    1.2409397401e-02    0.0000000000e+00
    1.2419037521e-02    0.0000000000e+00
    1.2429641560e-02    0.0000000000e+00
    1.2439399026e-02    0.0000000000e+00
    1.2449624017e-02    0.0000000000e+00
    1.2459849939e-02    0.0000000000e+00
    1.2469393201e-02    0.0000000000e+00
    1.2479619123e-02    0.0000000000e+00
    1.2489844114e-02    0.0000000000e+00
    1.2499388307e-02    0.0000000000e+00
    1.2509613298e-02    0.0000000000e+00
    1.2519368902e-02    0.0000000000e+00
    1.2529916130e-02    0.0000000000e+00
    1.2539556250e-02    0.0000000000e+00
    1.2549947016e-02    0.0000000000e+00
    1.2559490278e-02    0.0000000000e+00
    1.2569353916e-02    0.0000000000e+00
    1.2579958886e-02    0.0000000000e+00
    1.2589598075e-02    0.0000000000e+00
    1.2599238195e-02    0.0000000000e+00
    1.2609842233e-02    0.0000000000e+00
    1.2619482353e-02    0.0000000000e+00
    1.2629122473e-02    0.0000000000e+00
    1.2639726512e-02    0.0000000000e+00
    1.2649366632e-02    0.0000000000e+00
    1.2659971602e-02    0.0000000000e+00
    1.2669610791e-02    0.0000000000e+00
    1.2679250911e-02    0.0000000000e+00
    1.2689855881e-02    0.0000000000e+00
    1.2699495070e-02    0.0000000000e+00
    1.2709135190e-02    0.0000000000e+00
    1.2719739228e-02    0.0000000000e+00
    1.2729565613e-02    0.0000000000e+00
    1.2739791535e-02    0.0000000000e+00
    1.2749334797e-02    0.0000000000e+00
    1.2759560719e-02    0.0000000000e+00
    1.2769785710e-02    0.0000000000e+00
    1.2779329903e-02    0.0000000000e+00
    1.2789554894e-02    0.0000000000e+00
    1.2799780816e-02    0.0000000000e+00
    1.2809244916e-02    0.0000000000e+00
    1.2819848955e-02    0.0000000000e+00
    1.2829489075e-02    0.0000000000e+00
    1.2839480303e-02    0.0000000000e+00
    1.2849705294e-02    0.0000000000e+00
    1.2859931216e-02    0.0000000000e+00
    1.2869474478e-02    0.0000000000e+00
    1.2879700400e-02    0.0000000000e+00
    1.2889925390e-02    0.0000000000e+00
    1.2899469584e-02    0.0000000000e+00
    1.2909694575e-02    0.0000000000e+00
    1.2919920497e-02    0.0000000000e+00
    1.2929463759e-02    0.0000000000e+00
    1.2939689681e-02    0.0000000000e+00
    1.2949914671e-02    0.0000000000e+00
    1.2959458865e-02    0.0000000000e+00
    1.2969322503e-02    0.0000000000e+00
    1.2979547493e-02    0.0000000000e+00
    1.2989773415e-02    0.0000000000e+00
    1.2999998406e-02    0.0000000000e+00
    1.3009542599e-02    0.0000000000e+00
    1.3019767590e-02    0.0000000000e+00
    1.3029993512e-02    0.0000000000e+00
    1.3039536774e-02    0.0000000000e+00
    1.3049762696e-02    0.0000000000e+00
    1.3059987687e-02    0.0000000000e+00
    1.3069531880e-02    0.0000000000e+00
    1.3079756871e-02    0.0000000000e+00
    1.3089982793e-02    0.0000000000e+00
    1.3099526055e-02    0.0000000000e+00
    1.3109751977e-02    0.0000000000e+00
    1.3119976968e-02    0.0000000000e+00
    1.3129521161e-02    0.0000000000e+00
    1.3139102608e-02    0.0000000000e+00
    1.3149706647e-02    0.0000000000e+00
    1.3159346767e-02    0.0000000000e+00
    1.3169950806e-02    0.0000000000e+00
    1.3179590926e-02    0.0000000000e+00
    1.3189912774e-02    0.0000000000e+00
    1.3199456036e-02    0.0000000000e+00
    1.3209681958e-02    0.0000000000e+00
    1.3219992630e-02    0.0000000000e+00
    1.3229632750e-02    0.0000000000e+00
    1.3239272870e-02    0.0000000000e+00
    1.3249876909e-02    0.0000000000e+00
    1.3259517029e-02    0.0000000000e+00
    1.3269625604e-02    0.0000000000e+00
    1.3279237784e-02    0.0000000000e+00
    1.3289645314e-02    0.0000000000e+00
    1.3299285434e-02    0.0000000000e+00
    1.3309889473e-02    0.0000000000e+00
    1.3319529593e-02    0.0000000000e+00
    1.3329169713e-02    0.0000000000e+00
    1.3339773752e-02    0.0000000000e+00
    1.3349413872e-02    0.0000000000e+00
    1.3359639794e-02    0.0000000000e+00
    1.3369864784e-02    0.0000000000e+00
    1.3379446231e-02    0.0000000000e+00
    1.3389086351e-02    0.0000000000e+00
    1.3399525546e-02    0.0000000000e+00
    1.3409750536e-02    0.0000000000e+00
    1.3419976458e-02    0.0000000000e+00
    1.3429519720e-02    0.0000000000e+00
    1.3439745642e-02    0.0000000000e+00
    1.3449970633e-02    0.0000000000e+00
    1.3459514827e-02    0.0000000000e+00
    1.3469739817e-02    0.0000000000e+00
    1.3479965739e-02    0.0000000000e+00
    1.3489509001e-02    0.0000000000e+00
    1.3499734923e-02    0.0000000000e+00
    1.3509959914e-02    0.0000000000e+00
    1.3519504108e-02    0.0000000000e+00
    1.3529729098e-02    0.0000000000e+00
    1.3539955020e-02    0.0000000000e+00
    1.3549498282e-02    0.0000000000e+00
    1.3559724204e-02    0.0000000000e+00
    1.3569949195e-02    0.0000000000e+00
    1.3579493389e-02    0.0000000000e+00
    1.3589718379e-02    0.0000000000e+00
    1.3599944301e-02    0.0000000000e+00
    1.3609487563e-02    0.0000000000e+00
    1.3619713485e-02    0.0000000000e+00
    1.3629938476e-02    0.0000000000e+00
    1.3639482670e-02    0.0000000000e+00
    1.3649707660e-02    0.0000000000e+00
    1.3659933582e-02    0.0000000000e+00
    1.3669476844e-02    0.0000000000e+00
    1.3679702766e-02    0.0000000000e+00
    1.3689927757e-02    0.0000000000e+00
    1.3699471951e-02    0.0000000000e+00
    1.3709696941e-02    0.0000000000e+00
    1.3719922863e-02    0.0000000000e+00
    1.3729466125e-02    0.0000000000e+00
    1.3739692047e-02    0.0000000000e+00
    1.3749917038e-02    0.0000000000e+00
    1.3759461232e-02    0.0000000000e+00
    1.3769686222e-02    0.0000000000e+00
    1.3779912144e-02    0.0000000000e+00
    1.3789455406e-02    0.0000000000e+00
    1.3799681328e-02    0.0000000000e+00
    1.3809906319e-02    0.0000000000e+00
    1.3819450513e-02    0.0000000000e+00
    1.3829675503e-02    0.0000000000e+00
    1.3839901425e-02    0.0000000000e+00
    1.3849444687e-02    0.0000000000e+00
    1.3859670609e-02    0.0000000000e+00
    1.3869895600e-02    0.0000000000e+00
    1.3879439794e-02    0.0000000000e+00
    1.3889664784e-02    0.0000000000e+00
    1.3899889775e-02    0.0000000000e+00
    1.3909433968e-02    0.0000000000e+00
    1.3919658959e-02    0.0000000000e+00
    1.3929884881e-02    0.0000000000e+00
    1.3939428143e-02    0.0000000000e+00
    1.3949654065e-02    0.0000000000e+00
    1.3959879056e-02    0.0000000000e+00
    1.3969423249e-02    0.0000000000e+00
    1.3979648240e-02    0.0000000000e+00
    1.3989874162e-02    0.0000000000e+00
    1.3999417424e-02    0.0000000000e+00
    1.4009643346e-02    0.0000000000e+00
    1.4019868337e-02    0.0000000000e+00
    1.4029412530e-02    0.0000000000e+00
    1.4039637521e-02    0.0000000000e+00
    1.4049863443e-02    0.0000000000e+00
    1.4059891924e-02    0.0000000000e+00
    1.4069532044e-02    0.0000000000e+00
    1.4079172164e-02    0.0000000000e+00
    1.4089962468e-02    0.0000000000e+00
    1.4099506661e-02    0.0000000000e+00
    1.4109731652e-02    0.0000000000e+00
    1.4119956642e-02    0.0000000000e+00
    1.4129500836e-02    0.0000000000e+00
    1.4139725827e-02    0.0000000000e+00
    1.4149951749e-02    0.0000000000e+00
    1.4159495011e-02    0.0000000000e+00
    1.4169720933e-02    0.0000000000e+00
    1.4179945923e-02    0.0000000000e+00
    1.4189490117e-02    0.0000000000e+00
    1.4199635945e-02    0.0000000000e+00
    1.4209276065e-02    0.0000000000e+00
    1.4219880104e-02    0.0000000000e+00
    1.4229520224e-02    0.0000000000e+00
    1.4239160344e-02    0.0000000000e+00
    1.4249764383e-02    0.0000000000e+00
    1.4259404503e-02    0.0000000000e+00
    1.4269044623e-02    0.0000000000e+00
    1.4279648662e-02    0.0000000000e+00
    1.4289288782e-02    0.0000000000e+00
    1.4299892820e-02    0.0000000000e+00
    1.4309532940e-02    0.0000000000e+00
    1.4319173060e-02    0.0000000000e+00
    1.4329777099e-02    0.0000000000e+00
    1.4339417219e-02    0.0000000000e+00
    1.4349057339e-02    0.0000000000e+00
    1.4359661378e-02    0.0000000000e+00
    1.4369301498e-02    0.0000000000e+00
    1.4379905537e-02    0.0000000000e+00
    1.4389545657e-02    0.0000000000e+00
    1.4399585314e-02    0.0000000000e+00
    1.4409810305e-02    0.0000000000e+00
    1.4419354498e-02    0.0000000000e+00
    1.4429579489e-02    0.0000000000e+00
    1.4439805411e-02    0.0000000000e+00
    1.4449386857e-02    0.0000000000e+00
    1.4459990896e-02    0.0000000000e+00
    1.4469631016e-02    0.0000000000e+00
    1.4479271136e-02    0.0000000000e+00
    1.4489875175e-02    0.0000000000e+00
    1.4499515295e-02    0.0000000000e+00
    1.4509155415e-02    0.0000000000e+00
    1.4519759454e-02    0.0000000000e+00
    1.4529399574e-02    0.0000000000e+00
    1.4539837837e-02    0.0000000000e+00
    1.4549382031e-02    0.0000000000e+00
    1.4559607022e-02    0.0000000000e+00
    1.4569832943e-02    0.0000000000e+00
    1.4579376206e-02    0.0000000000e+00
    1.4589602128e-02    0.0000000000e+00
    1.4599827118e-02    0.0000000000e+00
    1.4609371312e-02    0.0000000000e+00
    1.4619565569e-02    0.0000000000e+00
    1.4629205689e-02    0.0000000000e+00
    1.4639809728e-02    0.0000000000e+00
    1.4649449848e-02    0.0000000000e+00
    1.4659089968e-02    0.0000000000e+00
    1.4669694006e-02    0.0000000000e+00
    1.4679334126e-02    0.0000000000e+00
    1.4689938165e-02    0.0000000000e+00
    1.4699578285e-02    0.0000000000e+00
    1.4709218405e-02    0.0000000000e+00
    1.4719822444e-02    0.0000000000e+00
    1.4729462564e-02    0.0000000000e+00
    1.4739102684e-02    0.0000000000e+00
    1.4749706723e-02    0.0000000000e+00
    1.4759346843e-02    0.0000000000e+00
    1.4769950882e-02    0.0000000000e+00
    1.4779776335e-02    0.0000000000e+00
    1.4789320529e-02    0.0000000000e+00
    1.4799545519e-02    0.0000000000e+00
    1.4809771441e-02    0.0000000000e+00
    1.4819517732e-02    0.0000000000e+00
    1.4829743654e-02    0.0000000000e+00
    1.4839968644e-02    0.0000000000e+00
    1.4849512838e-02    0.0000000000e+00
    1.4859737828e-02    0.0000000000e+00
    1.4869963750e-02    0.0000000000e+00
    1.4879507013e-02    0.0000000000e+00
    1.4889732935e-02    0.0000000000e+00
    1.4899957925e-02    0.0000000000e+00
    1.4909502119e-02    0.0000000000e+00
    1.4919727109e-02    0.0000000000e+00
    1.4929953031e-02    0.0000000000e+00
    1.4939299785e-02    0.0000000000e+00
    1.4949903823e-02    0.0000000000e+00
    1.4959543943e-02    0.0000000000e+00
    1.4969184063e-02    0.0000000000e+00
    1.4979788102e-02    0.0000000000e+00
    1.4989428222e-02    0.0000000000e+00
    1.4999068342e-02    0.0000000000e+00
    1.5009672381e-02    0.0000000000e+00
    1.5019312501e-02    0.0000000000e+00
    1.5029916540e-02    0.0000000000e+00
    1.5039556660e-02    0.0000000000e+00
    1.5049196780e-02    0.0000000000e+00
    1.5059635974e-02    0.0000000000e+00
    1.5069860965e-02    0.0000000000e+00
    1.5079724602e-02    0.0000000000e+00
    1.5089364722e-02    0.0000000000e+00
    1.5099968761e-02    0.0000000000e+00
    1.5109608881e-02    0.0000000000e+00
    1.5119249001e-02    0.0000000000e+00
    1.5129853040e-02    0.0000000000e+00
    1.5139493160e-02    0.0000000000e+00
    1.5149133280e-02    0.0000000000e+00
    1.5159737319e-02    0.0000000000e+00
    1.5169377439e-02    0.0000000000e+00
    1.5179981478e-02    0.0000000000e+00
    1.5189621598e-02    0.0000000000e+00
    1.5199261717e-02    0.0000000000e+00
    1.5209652483e-02    0.0000000000e+00
    1.5219946392e-02    0.0000000000e+00
    1.5229390934e-02    0.0000000000e+00
    1.5239715576e-02    0.0000000000e+00
    1.5249808319e-02    0.0000000000e+00
    1.5259901062e-02    0.0000000000e+00
    1.5269215219e-02    0.0000000000e+00
    1.5279819258e-02    0.0000000000e+00
    1.5289927833e-02    0.0000000000e+00
    1.5299472027e-02    0.0000000000e+00
    1.5309598297e-02    0.0000000000e+00
    1.5319395810e-02    0.0000000000e+00
    1.5329534188e-02    0.0000000000e+00
    1.5339720063e-02    0.0000000000e+00
    1.5349859372e-02    0.0000000000e+00
    1.5359499492e-02    0.0000000000e+00
    1.5369731002e-02    0.0000000000e+00
    1.5379823744e-02    0.0000000000e+00
    1.5389916487e-02    0.0000000000e+00
    1.5399416909e-02    0.0000000000e+00
    1.5409057029e-02    0.0000000000e+00
    1.5419661067e-02    0.0000000000e+00
    1.5429846942e-02    0.0000000000e+00
    1.5439939685e-02    0.0000000000e+00
    1.5449115075e-02    0.0000000000e+00
    1.5459207818e-02    0.0000000000e+00
    1.5469300561e-02    0.0000000000e+00
    1.5479718335e-02    0.0000000000e+00
    1.5489358455e-02    0.0000000000e+00
    1.5499962494e-02    0.0000000000e+00
    1.5509602614e-02    0.0000000000e+00
    1.5519242734e-02    0.0000000000e+00
    1.5529846773e-02    0.0000000000e+00
    1.5539486893e-02    0.0000000000e+00
    1.5549127012e-02    0.0000000000e+00
    1.5559731051e-02    0.0000000000e+00
    1.5569371171e-02    0.0000000000e+00
    1.5579975210e-02    0.0000000000e+00
    1.5589150600e-02    0.0000000000e+00
    1.5599243343e-02    0.0000000000e+00
    1.5609336086e-02    0.0000000000e+00
    1.5619427897e-02    0.0000000000e+00
    1.5629520640e-02    0.0000000000e+00
    1.5639891848e-02    0.0000000000e+00
    1.5649532899e-02    0.0000000000e+00
    1.5659172088e-02    0.0000000000e+00
    1.5669776127e-02    0.0000000000e+00
    1.5679417178e-02    0.0000000000e+00
    1.5689056367e-02    0.0000000000e+00
    1.5699660406e-02    0.0000000000e+00
    1.5709301457e-02    0.0000000000e+00
    1.5719905496e-02    0.0000000000e+00
    1.5729544684e-02    0.0000000000e+00
    1.5739185736e-02    0.0000000000e+00
    1.5749789774e-02    0.0000000000e+00
    1.5759428963e-02    0.0000000000e+00
    1.5769070014e-02    0.0000000000e+00
    1.5779674053e-02    0.0000000000e+00
    1.5789153054e-02    0.0000000000e+00
    1.5799297020e-02    0.0000000000e+00
    1.5809901059e-02    0.0000000000e+00
    1.5819542110e-02    0.0000000000e+00
    1.5829181299e-02    0.0000000000e+00
    1.5839785337e-02    0.0000000000e+00
    1.5849426389e-02    0.0000000000e+00
    1.5859065577e-02    0.0000000000e+00
    1.5869669616e-02    0.0000000000e+00
    1.5879310668e-02    0.0000000000e+00
    1.5889914706e-02    0.0000000000e+00
    1.5899647027e-02    0.0000000000e+00
    1.5909377486e-02    0.0000000000e+00
    1.5919107944e-02    0.0000000000e+00
    1.5928838402e-02    0.0000000000e+00
    1.5939209610e-02    0.0000000000e+00
    1.5949301422e-02    0.0000000000e+00
    1.5959395096e-02    0.0000000000e+00
    1.5969647095e-02    0.0000000000e+00
    1.5979871154e-02    0.0000000000e+00
    1.5989415348e-02    0.0000000000e+00
    1.5999641269e-02    0.0000000000e+00
    1.6009865329e-02    0.0000000000e+00
    1.6019409522e-02    0.0000000000e+00
    1.6029635444e-02    0.0000000000e+00
    1.6039382666e-02    0.0000000000e+00
    1.6049986705e-02    0.0000000000e+00
    1.6059625894e-02    0.0000000000e+00
    1.6069266945e-02    0.0000000000e+00
    1.6079870984e-02    0.0000000000e+00
    1.6089510173e-02    0.0000000000e+00
    1.6099151224e-02    0.0000000000e+00
    1.6109755263e-02    0.0000000000e+00
    1.6119394451e-02    0.0000000000e+00
    1.6129998490e-02    0.0000000000e+00
    1.6139546409e-02    0.0000000000e+00
    1.6149638221e-02    0.0000000000e+00
    1.6159731895e-02    0.0000000000e+00
    1.6169045120e-02    0.0000000000e+00
    1.6179649159e-02    0.0000000000e+00
    1.6189290211e-02    0.0000000000e+00
    1.6199894249e-02    0.0000000000e+00
    1.6209121794e-02    0.0000000000e+00
    1.6218852252e-02    0.0000000000e+00
    1.6229754314e-02    0.0000000000e+00
    1.6239395365e-02    0.0000000000e+00
    1.6249999404e-02    0.0000000000e+00
    1.6259638593e-02    0.0000000000e+00
    1.6269279644e-02    0.0000000000e+00
    1.6279883683e-02    0.0000000000e+00
    1.6289336607e-02    0.0000000000e+00
    1.6299430281e-02    0.0000000000e+00
    1.6309615225e-02    0.0000000000e+00
    1.6319256276e-02    0.0000000000e+00
    1.6329860315e-02    0.0000000000e+00
    1.6339499503e-02    0.0000000000e+00
    1.6349140555e-02    0.0000000000e+00
    1.6359744594e-02    0.0000000000e+00
    1.6369383782e-02    0.0000000000e+00
    1.6379987821e-02    0.0000000000e+00
    1.6389628872e-02    0.0000000000e+00
    1.6399268061e-02    0.0000000000e+00
    1.6409872100e-02    0.0000000000e+00
    1.6419513151e-02    0.0000000000e+00
    1.6429651529e-02    0.0000000000e+00
    1.6439745203e-02    0.0000000000e+00
    1.6449183226e-02    0.0000000000e+00
    1.6458913684e-02    0.0000000000e+00
    1.6469608992e-02    0.0000000000e+00
    1.6479250044e-02    0.0000000000e+00
    1.6489854082e-02    0.0000000000e+00
    1.6499493271e-02    0.0000000000e+00
    1.6509134322e-02    0.0000000000e+00
    1.6519738361e-02    0.0000000000e+00
    1.6529377550e-02    0.0000000000e+00
    1.6539983451e-02    0.0000000000e+00
    1.6549436375e-02    0.0000000000e+00
    1.6559530050e-02    0.0000000000e+00
    1.6569906846e-02    0.0000000000e+00
    1.6579844058e-02    0.0000000000e+00
    1.6589485109e-02    0.0000000000e+00
    1.6599124297e-02    0.0000000000e+00
    1.6609728336e-02    0.0000000000e+00
    1.6619369388e-02    0.0000000000e+00
    1.6629973426e-02    0.0000000000e+00
    1.6639452428e-02    0.0000000000e+00
    1.6649598256e-02    0.0000000000e+00
    1.6659237444e-02    0.0000000000e+00
    1.6669841483e-02    0.0000000000e+00
    1.6679434106e-02    0.0000000000e+00
    1.6689660028e-02    0.0000000000e+00
    1.6699884087e-02    0.0000000000e+00
    1.6709428281e-02    0.0000000000e+00
    1.6719654202e-02    0.0000000000e+00
    1.6729880124e-02    0.0000000000e+00
    1.6739422455e-02    0.0000000000e+00
    1.6749648377e-02    0.0000000000e+00
    1.6759680584e-02    0.0000000000e+00
    1.6769774258e-02    0.0000000000e+00
    1.6779510304e-02    0.0000000000e+00
    1.6789151356e-02    0.0000000000e+00
    1.6799852252e-02    0.0000000000e+00
    1.6809491441e-02    0.0000000000e+00
    1.6819132492e-02    0.0000000000e+00
    1.6829736531e-02    0.0000000000e+00
    1.6839375719e-02    0.0000000000e+00
    1.6849609092e-02    0.0000000000e+00
    1.6859887168e-02    0.0000000000e+00
    1.6868907958e-02    0.0000000000e+00
    1.6879763454e-02    0.0000000000e+00
    1.6889747232e-02    0.0000000000e+00
    1.6899479553e-02    0.0000000000e+00
    1.6909942031e-02    0.0000000000e+00
    1.6919117421e-02    0.0000000000e+00
    1.6929209232e-02    0.0000000000e+00
    1.6939301044e-02    0.0000000000e+00
    1.6949636862e-02    0.0000000000e+00
    1.6959369183e-02    0.0000000000e+00
    1.6969261691e-02    0.0000000000e+00
    1.6979865730e-02    0.0000000000e+00
    1.6989506781e-02    0.0000000000e+00
    1.6999145970e-02    0.0000000000e+00
    1.7009908333e-02    0.0000000000e+00
    1.7019083723e-02    0.0000000000e+00
    1.7029177397e-02    0.0000000000e+00
    1.7039641738e-02    0.0000000000e+00
    1.7049280927e-02    0.0000000000e+00
    1.7059884965e-02    0.0000000000e+00
    1.7069526017e-02    0.0000000000e+00
    1.7079165205e-02    0.0000000000e+00
    1.7089258879e-02    0.0000000000e+00
    1.7099350691e-02    0.0000000000e+00
    1.7109088600e-02    0.0000000000e+00
    1.7119532451e-02    0.0000000000e+00
    1.7129171640e-02    0.0000000000e+00
    1.7139775679e-02    0.0000000000e+00
    1.7149962485e-02    0.0000000000e+00
    1.7159137875e-02    0.0000000000e+00
    1.7169462517e-02    0.0000000000e+00
    1.7179101706e-02    0.0000000000e+00
    1.7189705744e-02    0.0000000000e+00
    1.7199346796e-02    0.0000000000e+00
    1.7209531739e-02    0.0000000000e+00
    1.7219625413e-02    0.0000000000e+00
    1.7229640856e-02    0.0000000000e+00
    1.7239864916e-02    0.0000000000e+00
    1.7249409109e-02    0.0000000000e+00
    1.7259635031e-02    0.0000000000e+00
    1.7269860953e-02    0.0000000000e+00
    1.7279403284e-02    0.0000000000e+00
    1.7289841548e-02    0.0000000000e+00
    1.7299924046e-02    0.0000000000e+00
    1.7309362069e-02    0.0000000000e+00
    1.7319094390e-02    0.0000000000e+00
    1.7328826711e-02    0.0000000000e+00
    1.7339773476e-02    0.0000000000e+00
    1.7349505797e-02    0.0000000000e+00
    1.7359238118e-02    0.0000000000e+00
    1.7368970439e-02    0.0000000000e+00
    1.7379971221e-02    0.0000000000e+00
    1.7389515415e-02    0.0000000000e+00
    1.7399739474e-02    0.0000000000e+00
    1.7409039661e-02    0.0000000000e+00
    1.7419641837e-02    0.0000000000e+00
    1.7429374158e-02    0.0000000000e+00
    1.7439106479e-02    0.0000000000e+00
    1.7448836938e-02    0.0000000000e+00
    1.7459398136e-02    0.0000000000e+00
    1.7469624057e-02    0.0000000000e+00
    1.7479848117e-02    0.0000000000e+00
    1.7489392310e-02    0.0000000000e+00
    1.7499618232e-02    0.0000000000e+00
    1.7509844154e-02    0.0000000000e+00
    1.7519142479e-02    0.0000000000e+00
    1.7529744655e-02    0.0000000000e+00
    1.7539476976e-02    0.0000000000e+00
    1.7549209297e-02    0.0000000000e+00
    1.7558941618e-02    0.0000000000e+00
    1.7569890246e-02    0.0000000000e+00
    1.7579622567e-02    0.0000000000e+00
    1.7589353025e-02    0.0000000000e+00
    1.7599085346e-02    0.0000000000e+00
    1.7608817667e-02    0.0000000000e+00
    1.7619766295e-02    0.0000000000e+00
    1.7629498616e-02    0.0000000000e+00
    1.7639230937e-02    0.0000000000e+00
    1.7648963258e-02    0.0000000000e+00
    1.7659911886e-02    0.0000000000e+00
    1.7669644207e-02    0.0000000000e+00
    1.7679376528e-02    0.0000000000e+00
    1.7689108849e-02    0.0000000000e+00
    1.7698839307e-02    0.0000000000e+00
    1.7709789798e-02    0.0000000000e+00
    1.7719520256e-02    0.0000000000e+00
    1.7729252577e-02    0.0000000000e+00
    1.7738984898e-02    0.0000000000e+00
    1.7749335617e-02    0.0000000000e+00
    1.7759429291e-02    0.0000000000e+00
    1.7769521102e-02    0.0000000000e+00
    1.7779614776e-02    0.0000000000e+00
    1.7789950594e-02    0.0000000000e+00
    1.7799682915e-02    0.0000000000e+00
    1.7809415236e-02    0.0000000000e+00
    1.7819147557e-02    0.0000000000e+00
    1.7829498276e-02    0.0000000000e+00
    1.7839590088e-02    0.0000000000e+00
    1.7849683762e-02    0.0000000000e+00
    1.7859740183e-02    0.0000000000e+00
    1.7869472504e-02    0.0000000000e+00
    1.7879204825e-02    0.0000000000e+00
    1.7889257520e-02    0.0000000000e+00
    1.7899349332e-02    0.0000000000e+00
    1.7909443006e-02    0.0000000000e+00
    1.7919478938e-02    0.0000000000e+00
    1.7929211259e-02    0.0000000000e+00
    1.7939902842e-02    0.0000000000e+00
    1.7949994653e-02    0.0000000000e+00
    1.7959170043e-02    0.0000000000e+00
    1.7969263718e-02    0.0000000000e+00
    1.7979320139e-02    0.0000000000e+00
    1.7989052460e-02    0.0000000000e+00
    1.7999703065e-02    0.0000000000e+00
    1.8009794876e-02    0.0000000000e+00
    1.8019888550e-02    0.0000000000e+00
    1.8029980361e-02    0.0000000000e+00
    1.8039155751e-02    0.0000000000e+00
    1.8049214035e-02    0.0000000000e+00
    1.8059264868e-02    0.0000000000e+00
    1.8069358543e-02    0.0000000000e+00
    1.8079450354e-02    0.0000000000e+00
    1.8089544028e-02    0.0000000000e+00
    1.8099635839e-02    0.0000000000e+00
    1.8109729514e-02    0.0000000000e+00
    1.8119821325e-02    0.0000000000e+00
    1.8129913136e-02    0.0000000000e+00
    1.8139088526e-02    0.0000000000e+00
    1.8149182200e-02    0.0000000000e+00
    1.8159836531e-02    0.0000000000e+00
    1.8169568852e-02    0.0000000000e+00
    1.8179301172e-02    0.0000000000e+00
    1.8189033493e-02    0.0000000000e+00
    1.8199982122e-02    0.0000000000e+00
    1.8209714442e-02    0.0000000000e+00
    1.8219446763e-02    0.0000000000e+00
    1.8229179084e-02    0.0000000000e+00
    1.8238911405e-02    0.0000000000e+00
    1.8249860033e-02    0.0000000000e+00
    1.8259590492e-02    0.0000000000e+00
    1.8269322813e-02    0.0000000000e+00
    1.8279055133e-02    0.0000000000e+00
    1.8289841712e-02    0.0000000000e+00
    1.8299574032e-02    0.0000000000e+00
    1.8309954554e-02    0.0000000000e+00
    1.8319686875e-02    0.0000000000e+00
    1.8329419196e-02    0.0000000000e+00
    1.8339799717e-02    0.0000000000e+00
    1.8349532038e-02    0.0000000000e+00
    1.8359912559e-02    0.0000000000e+00
    1.8369799480e-02    0.0000000000e+00
    1.8379529938e-02    0.0000000000e+00
    1.8389262259e-02    0.0000000000e+00
    1.8398992717e-02    0.0000000000e+00
    1.8409941345e-02    0.0000000000e+00
    1.8419673666e-02    0.0000000000e+00
    1.8429404125e-02    0.0000000000e+00
    1.8439136446e-02    0.0000000000e+00
    1.8448866904e-02    0.0000000000e+00
    1.8459815532e-02    0.0000000000e+00
    1.8469545990e-02    0.0000000000e+00
    1.8479278311e-02    0.0000000000e+00
    1.8489008769e-02    0.0000000000e+00
    1.8499957398e-02    0.0000000000e+00
    1.8509687856e-02    0.0000000000e+00
    1.8519418314e-02    0.0000000000e+00
    1.8529150635e-02    0.0000000000e+00
    1.8538881093e-02    0.0000000000e+00
    1.8549827859e-02    0.0000000000e+00
    1.8559560180e-02    0.0000000000e+00
    1.8569290638e-02    0.0000000000e+00
    1.8579021096e-02    0.0000000000e+00
    1.8589969724e-02    0.0000000000e+00
    1.8599700183e-02    0.0000000000e+00
    1.8609430641e-02    0.0000000000e+00
    1.8619161099e-02    0.0000000000e+00
    1.8628891557e-02    0.0000000000e+00
    1.8639838323e-02    0.0000000000e+00
    1.8649570644e-02    0.0000000000e+00
    1.8659301102e-02    0.0000000000e+00
    1.8669031560e-02    0.0000000000e+00
    1.8679978326e-02    0.0000000000e+00
    1.8689708784e-02    0.0000000000e+00
    1.8699439242e-02    0.0000000000e+00
    1.8709169701e-02    0.0000000000e+00
    1.8718900159e-02    0.0000000000e+00
    1.8729846925e-02    0.0000000000e+00
    1.8739577383e-02    0.0000000000e+00
    1.8749307841e-02    0.0000000000e+00
    1.8759038299e-02    0.0000000000e+00
    1.8769985065e-02    0.0000000000e+00
    1.8779715523e-02    0.0000000000e+00
    1.8789445981e-02    0.0000000000e+00
    1.8799176440e-02    0.0000000000e+00
    1.8808906898e-02    0.0000000000e+00
    1.8819853663e-02    0.0000000000e+00
    1.8829584122e-02    0.0000000000e+00
    1.8839314580e-02    0.0000000000e+00
    1.8849043176e-02    0.0000000000e+00
    1.8859989941e-02    0.0000000000e+00
    1.8869720399e-02    0.0000000000e+00
    1.8879450858e-02    0.0000000000e+00
    1.8889181316e-02    0.0000000000e+00
    1.8898911774e-02    0.0000000000e+00
    1.8909856677e-02    0.0000000000e+00
    1.8919587135e-02    0.0000000000e+00
    1.8929317594e-02    0.0000000000e+00
    1.8939048052e-02    0.0000000000e+00
    1.8949994817e-02    0.0000000000e+00
    1.8959723413e-02    0.0000000000e+00
    1.8969453871e-02    0.0000000000e+00
    1.8979184330e-02    0.0000000000e+00
    1.8988914788e-02    0.0000000000e+00
    1.8999859691e-02    0.0000000000e+00
    1.9009590149e-02    0.0000000000e+00
    1.9019320607e-02    0.0000000000e+00
    1.9029049203e-02    0.0000000000e+00
    1.9039995968e-02    0.0000000000e+00
    1.9049724564e-02    0.0000000000e+00
    1.9059455022e-02    0.0000000000e+00
    1.9069185480e-02    0.0000000000e+00
    1.9078914076e-02    0.0000000000e+00
    1.9089860842e-02    0.0000000000e+00
    1.9099589437e-02    0.0000000000e+00
    1.9109319896e-02    0.0000000000e+00
    1.9119050354e-02    0.0000000000e+00
    1.9129995257e-02    0.0000000000e+00
    1.9139725715e-02    0.0000000000e+00
    1.9149454311e-02    0.0000000000e+00
    1.9159184769e-02    0.0000000000e+00
    1.9168913364e-02    0.0000000000e+00
    1.9179860130e-02    0.0000000000e+00
    1.9189588726e-02    0.0000000000e+00
    1.9199319184e-02    0.0000000000e+00
    1.9209047779e-02    0.0000000000e+00
    1.9219994545e-02    0.0000000000e+00
    1.9229723141e-02    0.0000000000e+00
    1.9239453599e-02    0.0000000000e+00
    1.9249182194e-02    0.0000000000e+00
    1.9258910790e-02    0.0000000000e+00
    1.9269857556e-02    0.0000000000e+00
    1.9279586151e-02    0.0000000000e+00
    1.9289316610e-02    0.0000000000e+00
    1.9299045205e-02    0.0000000000e+00
    1.9309990108e-02    0.0000000000e+00
    1.9319720566e-02    0.0000000000e+00
    1.9329449162e-02    0.0000000000e+00
    1.9339179620e-02    0.0000000000e+00
    1.9348908216e-02    0.0000000000e+00
    1.9359854981e-02    0.0000000000e+00
    1.9369583577e-02    0.0000000000e+00
    1.9379312173e-02    0.0000000000e+00
    1.9389042631e-02    0.0000000000e+00
    1.9399987534e-02    0.0000000000e+00
    1.9409717992e-02    0.0000000000e+00
    1.9419446588e-02    0.0000000000e+00
    1.9429177046e-02    0.0000000000e+00
    1.9438905641e-02    0.0000000000e+00
    1.9449852407e-02    0.0000000000e+00
    1.9459581003e-02    0.0000000000e+00
    1.9469311461e-02    0.0000000000e+00
    1.9479040056e-02    0.0000000000e+00
    1.9489984959e-02    0.0000000000e+00
    1.9499715418e-02    0.0000000000e+00
    1.9509444013e-02    0.0000000000e+00
    1.9519174471e-02    0.0000000000e+00
    1.9528903067e-02    0.0000000000e+00
    1.9539847970e-02    0.0000000000e+00
    1.9549578428e-02    0.0000000000e+00
    1.9559307024e-02    0.0000000000e+00
    1.9569035619e-02    0.0000000000e+00
    1.9579980522e-02    0.0000000000e+00
    1.9589710981e-02    0.0000000000e+00
    1.9599439576e-02    0.0000000000e+00
    1.9609168172e-02    0.0000000000e+00
    1.9618896767e-02    0.0000000000e+00
    1.9629843533e-02    0.0000000000e+00
    1.9639572129e-02    0.0000000000e+00
    1.9649300724e-02    0.0000000000e+00
    1.9659029320e-02    0.0000000000e+00
    1.9669974223e-02    0.0000000000e+00
    1.9679704681e-02    0.0000000000e+00
    1.9689433277e-02    0.0000000000e+00
    1.9699161872e-02    0.0000000000e+00
    1.9708890468e-02    0.0000000000e+00
    1.9719837233e-02    0.0000000000e+00
    1.9729565829e-02    0.0000000000e+00
    1.9739294425e-02    0.0000000000e+00
    1.9749023020e-02    0.0000000000e+00
    1.9759969786e-02    0.0000000000e+00
    1.9769698381e-02    0.0000000000e+00
    1.9779426977e-02    0.0000000000e+00
    1.9789155573e-02    0.0000000000e+00
    1.9798886031e-02    0.0000000000e+00
    1.9809830934e-02    0.0000000000e+00
    1.9819559529e-02    0.0000000000e+00
    1.9829289988e-02    0.0000000000e+00
    1.9839018583e-02    0.0000000000e+00
    1.9849963486e-02    0.0000000000e+00
    1.9859692082e-02    0.0000000000e+00
    1.9869422540e-02    0.0000000000e+00
    1.9879151136e-02    0.0000000000e+00
    1.9888881594e-02    0.0000000000e+00
    1.9899826497e-02    0.0000000000e+00
    1.9909555092e-02    0.0000000000e+00
    1.9919283688e-02    0.0000000000e+00
    1.9929014146e-02    0.0000000000e+00
    1.9939959049e-02    0.0000000000e+00
    1.9949687645e-02    0.0000000000e+00
    1.9959418103e-02    0.0000000000e+00
    1.9969146699e-02    0.0000000000e+00
    1.9978877157e-02    0.0000000000e+00
    1.9989822060e-02    0.0000000000e+00
    1.9999550655e-02    0.0000000000e+00
    2.0009281114e-02    0.0000000000e+00
    2.0019009709e-02    0.0000000000e+00
    2.0029954612e-02    0.0000000000e+00
    2.0039685071e-02    0.0000000000e+00
    2.0049413666e-02    0.0000000000e+00
    2.0059144124e-02    0.0000000000e+00
    2.0068872720e-02    0.0000000000e+00
    2.0079819486e-02    0.0000000000e+00
    2.0089548081e-02    0.0000000000e+00
    2.0099278539e-02    0.0000000000e+00
    2.0109007135e-02    0.0000000000e+00
    2.0119953901e-02    0.0000000000e+00
    2.0129682496e-02    0.0000000000e+00
    2.0139412954e-02    0.0000000000e+00
    2.0149141550e-02    0.0000000000e+00
    2.0158872008e-02    0.0000000000e+00
    2.0169816911e-02    0.0000000000e+00
    2.0179547369e-02    0.0000000000e+00
    2.0189275965e-02    0.0000000000e+00
    2.0199006423e-02    0.0000000000e+00
    2.0209951326e-02    0.0000000000e+00
    2.0219681785e-02    0.0000000000e+00
    2.0229410380e-02    0.0000000000e+00
    2.0239140838e-02    0.0000000000e+00
    2.0248869434e-02    0.0000000000e+00
    2.0259816200e-02    0.0000000000e+00
    2.0269544795e-02    0.0000000000e+00
    2.0279275253e-02    0.0000000000e+00
    2.0289003849e-02    0.0000000000e+00
    2.0299950615e-02    0.0000000000e+00
    2.0309681073e-02    0.0000000000e+00
    2.0319409668e-02    0.0000000000e+00
    2.0329140127e-02    0.0000000000e+00
    2.0338868722e-02    0.0000000000e+00
    2.0349815488e-02    0.0000000000e+00
    2.0359545946e-02    0.0000000000e+00
    2.0369274542e-02    0.0000000000e+00
    2.0379005000e-02    0.0000000000e+00
    2.0389951766e-02    0.0000000000e+00
    2.0399680361e-02    0.0000000000e+00
    2.0409410819e-02    0.0000000000e+00
    2.0419141278e-02    0.0000000000e+00
    2.0428869873e-02    0.0000000000e+00
    2.0439816639e-02    0.0000000000e+00
    2.0449547097e-02    0.0000000000e+00
    2.0459277555e-02    0.0000000000e+00
    2.0469006151e-02    0.0000000000e+00
    2.0479952917e-02    0.0000000000e+00
    2.0489683375e-02    0.0000000000e+00
    2.0499413833e-02    0.0000000000e+00
    2.0509144291e-02    0.0000000000e+00
    2.0518872887e-02    0.0000000000e+00
    2.0529819652e-02    0.0000000000e+00
    2.0539550111e-02    0.0000000000e+00
    2.0549280569e-02    0.0000000000e+00
    2.0559011027e-02    0.0000000000e+00
    2.0569957793e-02    0.0000000000e+00
    2.0579688251e-02    0.0000000000e+00
    2.0589418709e-02    0.0000000000e+00
    2.0599149168e-02    0.0000000000e+00
    2.0608879626e-02    0.0000000000e+00
    2.0619826391e-02    0.0000000000e+00
    2.0629556850e-02    0.0000000000e+00
    2.0639287308e-02    0.0000000000e+00
    2.0649017766e-02    0.0000000000e+00
    2.0659966394e-02    0.0000000000e+00
    2.0669696853e-02    0.0000000000e+00
    2.0679427311e-02    0.0000000000e+00
    2.0689157769e-02    0.0000000000e+00
    2.0698888227e-02    0.0000000000e+00
    2.0709834993e-02    0.0000000000e+00
    2.0719567314e-02    0.0000000000e+00
    2.0729297772e-02    0.0000000000e+00
    2.0739028230e-02    0.0000000000e+00
    2.0749974996e-02    0.0000000000e+00
    2.0759707317e-02    0.0000000000e+00
    2.0769437775e-02    0.0000000000e+00
    2.0779168233e-02    0.0000000000e+00
    2.0788900554e-02    0.0000000000e+00
    2.0799847320e-02    0.0000000000e+00
    2.0809577778e-02    0.0000000000e+00
    2.0819310099e-02    0.0000000000e+00
    2.0829040557e-02    0.0000000000e+00
    2.0839987323e-02    0.0000000000e+00
    2.0849719644e-02    0.0000000000e+00
    2.0859450102e-02    0.0000000000e+00
    2.0869182423e-02    0.0000000000e+00
    2.0878912881e-02    0.0000000000e+00
    2.0889859647e-02    0.0000000000e+00
    2.0899591967e-02    0.0000000000e+00
    2.0909322426e-02    0.0000000000e+00
    2.0919054747e-02    0.0000000000e+00
    2.0928785205e-02    0.0000000000e+00
    2.0939733833e-02    0.0000000000e+00
    2.0949466154e-02    0.0000000000e+00
    2.0959196612e-02    0.0000000000e+00
    2.0968928933e-02    0.0000000000e+00
    2.0979875699e-02    0.0000000000e+00
    2.0989608020e-02    0.0000000000e+00
    2.0999340340e-02    0.0000000000e+00
    2.1009070799e-02    0.0000000000e+00
    2.1018803120e-02    0.0000000000e+00
    2.1029751748e-02    0.0000000000e+00
    2.1039482206e-02    0.0000000000e+00
    2.1049214527e-02    0.0000000000e+00
    2.1058946848e-02    0.0000000000e+00
    2.1069895476e-02    0.0000000000e+00
    2.1079625934e-02    0.0000000000e+00
    2.1089358255e-02    0.0000000000e+00
    2.1099090576e-02    0.0000000000e+00
    2.1108822897e-02    0.0000000000e+00
    2.1119771525e-02    0.0000000000e+00
    2.1129503846e-02    0.0000000000e+00
    2.1139236167e-02    0.0000000000e+00
    2.1148966625e-02    0.0000000000e+00
    2.1159915254e-02    0.0000000000e+00
    2.1169647574e-02    0.0000000000e+00
    2.1179379895e-02    0.0000000000e+00
    2.1189112216e-02    0.0000000000e+00
    2.1198844537e-02    0.0000000000e+00
    2.1209793165e-02    0.0000000000e+00
    2.1219525486e-02    0.0000000000e+00
    2.1229257807e-02    0.0000000000e+00
    2.1238990128e-02    0.0000000000e+00
    2.1249938756e-02    0.0000000000e+00
    2.1259671077e-02    0.0000000000e+00
    2.1269403398e-02    0.0000000000e+00
    2.1279135719e-02    0.0000000000e+00
    2.1288868040e-02    0.0000000000e+00
    2.1299816668e-02    0.0000000000e+00
    2.1309548989e-02    0.0000000000e+00
    2.1319281310e-02    0.0000000000e+00
    2.1329013631e-02    0.0000000000e+00
    2.1339964122e-02    0.0000000000e+00
    2.1349696442e-02    0.0000000000e+00
    2.1359428763e-02    0.0000000000e+00
    2.1369159222e-02    0.0000000000e+00
    2.1378891543e-02    0.0000000000e+00
    2.1389842033e-02    0.0000000000e+00
    2.1399572492e-02    0.0000000000e+00
    2.1409304813e-02    0.0000000000e+00
    2.1419037133e-02    0.0000000000e+00
    2.1429987624e-02    0.0000000000e+00
    2.1439718083e-02    0.0000000000e+00
    2.1449450403e-02    0.0000000000e+00
    2.1459182724e-02    0.0000000000e+00
    2.1468915045e-02    0.0000000000e+00
    2.1479863673e-02    0.0000000000e+00
    2.1489595994e-02    0.0000000000e+00
    2.1499328315e-02    0.0000000000e+00
    2.1509060636e-02    0.0000000000e+00
    2.1518792957e-02    0.0000000000e+00
    2.1529741585e-02    0.0000000000e+00
    2.1539473906e-02    0.0000000000e+00
    2.1549206227e-02    0.0000000000e+00
    2.1558938548e-02    0.0000000000e+00
    2.1569889039e-02    0.0000000000e+00
    2.1579621360e-02    0.0000000000e+00
    2.1589353681e-02    0.0000000000e+00
    2.1599086002e-02    0.0000000000e+00
    2.1608816460e-02    0.0000000000e+00
    2.1619766951e-02    0.0000000000e+00
    2.1629499272e-02    0.0000000000e+00
    2.1639231592e-02    0.0000000000e+00
    2.1648963913e-02    0.0000000000e+00
    2.1659912542e-02    0.0000000000e+00
    2.1669644862e-02    0.0000000000e+00
    2.1679377183e-02    0.0000000000e+00
    2.1689109504e-02    0.0000000000e+00
    2.1698841825e-02    0.0000000000e+00
    2.1709790453e-02    0.0000000000e+00
    2.1719522774e-02    0.0000000000e+00
    2.1729255095e-02    0.0000000000e+00
    2.1738987416e-02    0.0000000000e+00
    2.1749936044e-02    0.0000000000e+00
    2.1759668365e-02    0.0000000000e+00
    2.1769400686e-02    0.0000000000e+00
    2.1779133007e-02    0.0000000000e+00
    2.1788865328e-02    0.0000000000e+00
    2.1799813956e-02    0.0000000000e+00
    2.1809546277e-02    0.0000000000e+00
    2.1819278598e-02    0.0000000000e+00
    2.1829010919e-02    0.0000000000e+00
    2.1839959547e-02    0.0000000000e+00
    2.1849691868e-02    0.0000000000e+00
    2.1859424189e-02    0.0000000000e+00
    2.1869156510e-02    0.0000000000e+00
    2.1878888831e-02    0.0000000000e+00
    2.1889837459e-02    0.0000000000e+00
    2.1899569780e-02    0.0000000000e+00
    2.1909303963e-02    0.0000000000e+00
    2.1919036284e-02    0.0000000000e+00
    2.1929984912e-02    0.0000000000e+00
    2.1939717233e-02    0.0000000000e+00
    2.1949449554e-02    0.0000000000e+00
    2.1959181875e-02    0.0000000000e+00
    2.1968914196e-02    0.0000000000e+00
    2.1979862824e-02    0.0000000000e+00
    2.1989595145e-02    0.0000000000e+00
    2.1999327466e-02    0.0000000000e+00
    2.2009059787e-02    0.0000000000e+00
    2.2018792108e-02    0.0000000000e+00
    2.2029740736e-02    0.0000000000e+00
    2.2039473057e-02    0.0000000000e+00
    2.2049205378e-02    0.0000000000e+00
    2.2058937699e-02    0.0000000000e+00
    2.2069886327e-02    0.0000000000e+00
    2.2079618648e-02    0.0000000000e+00
    2.2089350969e-02    0.0000000000e+00
    2.2099083290e-02    0.0000000000e+00
    2.2108815610e-02    0.0000000000e+00
    2.2119764239e-02    0.0000000000e+00
    2.2129496560e-02    0.0000000000e+00
    2.2139228880e-02    0.0000000000e+00
    2.2148961201e-02    0.0000000000e+00
    2.2159909829e-02    0.0000000000e+00
    2.2169642150e-02    0.0000000000e+00
    2.2179374471e-02    0.0000000000e+00
    2.2189106792e-02    0.0000000000e+00
    2.2198839113e-02    0.0000000000e+00
    2.2209789604e-02    0.0000000000e+00
    2.2219521925e-02    0.0000000000e+00
    2.2229254246e-02    0.0000000000e+00
    2.2238986567e-02    0.0000000000e+00
    2.2249935195e-02    0.0000000000e+00
    2.2259667516e-02    0.0000000000e+00
    2.2269399837e-02    0.0000000000e+00
    2.2279132158e-02    0.0000000000e+00
    2.2288864478e-02    0.0000000000e+00
    2.2299813107e-02    0.0000000000e+00
    2.2309545428e-02    0.0000000000e+00
    2.2319277748e-02    0.0000000000e+00
    2.2329010069e-02    0.0000000000e+00
    2.2339958698e-02    0.0000000000e+00
    2.2349691018e-02    0.0000000000e+00
    2.2359423339e-02    0.0000000000e+00
    2.2369155660e-02    0.0000000000e+00
    2.2378887981e-02    0.0000000000e+00
    2.2389836609e-02    0.0000000000e+00
    2.2399568930e-02    0.0000000000e+00
    2.2409301251e-02    0.0000000000e+00
    2.2419033572e-02    0.0000000000e+00
    2.2429982200e-02    0.0000000000e+00
    2.2439714521e-02    0.0000000000e+00
    2.2449446842e-02    0.0000000000e+00
    2.2459179163e-02    0.0000000000e+00
    2.2468911484e-02    0.0000000000e+00
    2.2479860112e-02    0.0000000000e+00
    2.2489592433e-02    0.0000000000e+00
    2.2499324754e-02    0.0000000000e+00
    2.2509057075e-02    0.0000000000e+00
    2.2518789396e-02    0.0000000000e+00
    2.2529738024e-02    0.0000000000e+00
    2.2539470345e-02    0.0000000000e+00
    2.2549202666e-02    0.0000000000e+00
    2.2558934987e-02    0.0000000000e+00
    2.2569883615e-02    0.0000000000e+00
    2.2579615936e-02    0.0000000000e+00
    2.2589348257e-02    0.0000000000e+00
    2.2599080577e-02    0.0000000000e+00
    2.2608812898e-02    0.0000000000e+00
    2.2619761527e-02    0.0000000000e+00
    2.2629493847e-02    0.0000000000e+00
    2.2639224306e-02    0.0000000000e+00
    2.2648956627e-02    0.0000000000e+00
    2.2659905255e-02    0.0000000000e+00
    2.2669637576e-02    0.0000000000e+00
    2.2679369897e-02    0.0000000000e+00
    2.2689102218e-02    0.0000000000e+00
    2.2698834538e-02    0.0000000000e+00
    2.2709781304e-02    0.0000000000e+00
    2.2719513625e-02    0.0000000000e+00
    2.2729245946e-02    0.0000000000e+00
    2.2738978267e-02    0.0000000000e+00
    2.2749926895e-02    0.0000000000e+00
    2.2759659216e-02    0.0000000000e+00
    2.2769389674e-02    0.0000000000e+00
    2.2779121995e-02    0.0000000000e+00
    2.2788854316e-02    0.0000000000e+00
    2.2799802944e-02    0.0000000000e+00
    2.2809535265e-02    0.0000000000e+00
    2.2819265723e-02    0.0000000000e+00
    2.2828998044e-02    0.0000000000e+00
    2.2839946672e-02    0.0000000000e+00
    2.2849678993e-02    0.0000000000e+00
    2.2859409451e-02    0.0000000000e+00
    2.2869141772e-02    0.0000000000e+00
    2.2878874093e-02    0.0000000000e+00
    2.2889822721e-02    0.0000000000e+00
    2.2899553180e-02    0.0000000000e+00
    2.2909285501e-02    0.0000000000e+00
    2.2919017822e-02    0.0000000000e+00
    2.2929966450e-02    0.0000000000e+00
    2.2939696908e-02    0.0000000000e+00
    2.2949429229e-02    0.0000000000e+00
    2.2959161550e-02    0.0000000000e+00
    2.2968892008e-02    0.0000000000e+00
    2.2979840636e-02    0.0000000000e+00
    2.2989572957e-02    0.0000000000e+00
    2.2999305278e-02    0.0000000000e+00
    2.3009035736e-02    0.0000000000e+00
    2.3019984365e-02    0.0000000000e+00
    2.3029716685e-02    0.0000000000e+00
    2.3039449006e-02    0.0000000000e+00
    2.3049179465e-02    0.0000000000e+00
    2.3058911785e-02    0.0000000000e+00
    2.3069860414e-02    0.0000000000e+00
    2.3079592735e-02    0.0000000000e+00
    2.3089323193e-02    0.0000000000e+00
    2.3099055514e-02    0.0000000000e+00
    2.3108787835e-02    0.0000000000e+00
    2.3119736463e-02    0.0000000000e+00
    2.3129468784e-02    0.0000000000e+00
    2.3139199242e-02    0.0000000000e+00
    2.3148931563e-02    0.0000000000e+00
    2.3159692064e-02    0.0000000000e+00
    2.3169917986e-02    0.0000000000e+00
    2.3179460317e-02    0.0000000000e+00
    2.3189686239e-02    0.0000000000e+00
    2.3199912161e-02    0.0000000000e+00
    2.3209456354e-02    0.0000000000e+00
    2.3219680414e-02    0.0000000000e+00
    2.3229906335e-02    0.0000000000e+00
    2.3239450529e-02    0.0000000000e+00
    2.3249676451e-02    0.0000000000e+00
    2.3259900510e-02    0.0000000000e+00
    2.3269444704e-02    0.0000000000e+00
    2.3279670626e-02    0.0000000000e+00
    2.3289896548e-02    0.0000000000e+00
    2.3299438879e-02    0.0000000000e+00
    2.3309420794e-02    0.0000000000e+00
    2.3319644853e-02    0.0000000000e+00
    2.3329870775e-02    0.0000000000e+00
    2.3339414969e-02    0.0000000000e+00
    2.3349640891e-02    0.0000000000e+00
    2.3359864950e-02    0.0000000000e+00
    2.3369494826e-02    0.0000000000e+00
    2.3379135877e-02    0.0000000000e+00
    2.3389926180e-02    0.0000000000e+00
    2.3399468511e-02    0.0000000000e+00
    2.3409694433e-02    0.0000000000e+00
    2.3419920355e-02    0.0000000000e+00
    2.3429464549e-02    0.0000000000e+00
    2.3439688608e-02    0.0000000000e+00
    2.3449914530e-02    0.0000000000e+00
    2.3459261283e-02    0.0000000000e+00
    2.3469865322e-02    0.0000000000e+00
    2.3479506373e-02    0.0000000000e+00
    2.3489145562e-02    0.0000000000e+00
    2.3499749601e-02    0.0000000000e+00
    2.3509390652e-02    0.0000000000e+00
    2.3519994691e-02    0.0000000000e+00
    2.3529633880e-02    0.0000000000e+00
    2.3539274931e-02    0.0000000000e+00
    2.3549878970e-02    0.0000000000e+00
    2.3558853194e-02    0.0000000000e+00
    2.3569801822e-02    0.0000000000e+00
    2.3579439148e-02    0.0000000000e+00
    2.3589665070e-02    0.0000000000e+00
    2.3599889129e-02    0.0000000000e+00
    2.3609433323e-02    0.0000000000e+00
    2.3619659245e-02    0.0000000000e+00
    2.3629885167e-02    0.0000000000e+00
    2.3639427498e-02    0.0000000000e+00
    2.3649653420e-02    0.0000000000e+00
    2.3659879342e-02    0.0000000000e+00
    2.3669423535e-02    0.0000000000e+00
    2.3679617792e-02    0.0000000000e+00
    2.3689256981e-02    0.0000000000e+00
    2.3699861020e-02    0.0000000000e+00
    2.3708835244e-02    0.0000000000e+00
    2.3719595745e-02    0.0000000000e+00
    2.3729821667e-02    0.0000000000e+00
    2.3739365861e-02    0.0000000000e+00
    2.3749591783e-02    0.0000000000e+00
    2.3759884760e-02    0.0000000000e+00
    2.3769328371e-02    0.0000000000e+00
    2.3779932410e-02    0.0000000000e+00
    2.3789573461e-02    0.0000000000e+00
    2.3799212649e-02    0.0000000000e+00
    2.3809816688e-02    0.0000000000e+00
    2.3819457740e-02    0.0000000000e+00
    2.3829096928e-02    0.0000000000e+00
    2.3839700967e-02    0.0000000000e+00
    2.3849342018e-02    0.0000000000e+00
    2.3859946057e-02    0.0000000000e+00
    2.3869585246e-02    0.0000000000e+00
    2.3879226297e-02    0.0000000000e+00
    2.3889830336e-02    0.0000000000e+00
    2.3899469525e-02    0.0000000000e+00
    2.3909110576e-02    0.0000000000e+00
    2.3919714615e-02    0.0000000000e+00
    2.3929450661e-02    0.0000000000e+00
    2.3939132690e-02    0.0000000000e+00
    2.3949988186e-02    0.0000000000e+00
    2.3959629238e-02    0.0000000000e+00
    2.3969337344e-02    0.0000000000e+00
    2.3979563266e-02    0.0000000000e+00
    2.3989789188e-02    0.0000000000e+00
    2.3999253288e-02    0.0000000000e+00
    2.4009857327e-02    0.0000000000e+00
    2.4019593373e-02    0.0000000000e+00
    2.4029275402e-02    0.0000000000e+00
    2.4039005861e-02    0.0000000000e+00
    2.4049954489e-02    0.0000000000e+00
    2.4059846997e-02    0.0000000000e+00
    2.4069486186e-02    0.0000000000e+00
    2.4079525843e-02    0.0000000000e+00
    2.4089751765e-02    0.0000000000e+00
    2.4099977687e-02    0.0000000000e+00
    2.4109853432e-02    0.0000000000e+00
    2.4119583890e-02    0.0000000000e+00
    2.4129316211e-02    0.0000000000e+00
    2.4139253423e-02    0.0000000000e+00
    2.4149857461e-02    0.0000000000e+00
    2.4158878252e-02    0.0000000000e+00
    2.4169826880e-02    0.0000000000e+00
    2.4179905653e-02    0.0000000000e+00
    2.4189447984e-02    0.0000000000e+00
    2.4199886248e-02    0.0000000000e+00
    2.4209421128e-02    0.0000000000e+00
    2.4219647050e-02    0.0000000000e+00
    2.4229871109e-02    0.0000000000e+00
    2.4239415303e-02    0.0000000000e+00
    2.4249641225e-02    0.0000000000e+00
    2.4259867147e-02    0.0000000000e+00
    2.4269409478e-02    0.0000000000e+00
    2.4279635400e-02    0.0000000000e+00
    2.4289216846e-02    0.0000000000e+00
    2.4299390614e-02    0.0000000000e+00
    2.4309614673e-02    0.0000000000e+00
    2.4319840595e-02    0.0000000000e+00
    2.4329384789e-02    0.0000000000e+00
    2.4339610711e-02    0.0000000000e+00
    2.4349834770e-02    0.0000000000e+00
    2.4359710515e-02    0.0000000000e+00
    2.4369442835e-02    0.0000000000e+00
    2.4379175156e-02    0.0000000000e+00
    2.4388905615e-02    0.0000000000e+00
    2.4399854243e-02    0.0000000000e+00
    2.4409586564e-02    0.0000000000e+00
    2.4419317022e-02    0.0000000000e+00
    2.4429049343e-02    0.0000000000e+00
    2.4439996108e-02    0.0000000000e+00
    2.4449728429e-02    0.0000000000e+00
    2.4459460750e-02    0.0000000000e+00
    2.4469191208e-02    0.0000000000e+00
    2.4478923529e-02    0.0000000000e+00
    2.4489872158e-02    0.0000000000e+00
    2.4499602616e-02    0.0000000000e+00
    2.4509334937e-02    0.0000000000e+00
    2.4519065395e-02    0.0000000000e+00
    2.4528797716e-02    0.0000000000e+00
    2.4539744481e-02    0.0000000000e+00
    2.4549476802e-02    0.0000000000e+00
    2.4559209123e-02    0.0000000000e+00
    2.4568939582e-02    0.0000000000e+00
    2.4579888210e-02    0.0000000000e+00
    2.4589618668e-02    0.0000000000e+00
    2.4599350989e-02    0.0000000000e+00
    2.4609081447e-02    0.0000000000e+00
    2.4618813768e-02    0.0000000000e+00
    2.4629760534e-02    0.0000000000e+00
    2.4639492854e-02    0.0000000000e+00
    2.4649223313e-02    0.0000000000e+00
    2.4658955634e-02    0.0000000000e+00
    2.4669902399e-02    0.0000000000e+00
    2.4679634720e-02    0.0000000000e+00
    2.4689365178e-02    0.0000000000e+00
    2.4699095637e-02    0.0000000000e+00
    2.4708827958e-02    0.0000000000e+00
    2.4719774723e-02    0.0000000000e+00
    2.4729507044e-02    0.0000000000e+00
    2.4739237502e-02    0.0000000000e+00
    2.4748969823e-02    0.0000000000e+00
    2.4759916589e-02    0.0000000000e+00
    2.4769648910e-02    0.0000000000e+00
    2.4779379368e-02    0.0000000000e+00
    2.4789111689e-02    0.0000000000e+00
    2.4798842147e-02    0.0000000000e+00
    2.4809790775e-02    0.0000000000e+00
    2.4819521233e-02    0.0000000000e+00
    2.4829251692e-02    0.0000000000e+00
    2.4838984013e-02    0.0000000000e+00
    2.4849930778e-02    0.0000000000e+00
    2.4859663099e-02    0.0000000000e+00
    2.4869393557e-02    0.0000000000e+00
    2.4879125878e-02    0.0000000000e+00
    2.4888856336e-02    0.0000000000e+00
    2.4899804965e-02    0.0000000000e+00
    2.4909535423e-02    0.0000000000e+00
    2.4919265881e-02    0.0000000000e+00
    2.4928998202e-02    0.0000000000e+00
    2.4939944968e-02    0.0000000000e+00
    2.4949677289e-02    0.0000000000e+00
    2.4959407747e-02    0.0000000000e+00
    2.4969140068e-02    0.0000000000e+00
    2.4978870526e-02    0.0000000000e+00
    2.4989817291e-02    0.0000000000e+00
    2.4999549612e-02    0.0000000000e+00
    2.5009280071e-02    0.0000000000e+00
    2.5019012392e-02    0.0000000000e+00
    2.5029959157e-02    0.0000000000e+00
    2.5039689615e-02    0.0000000000e+00
    2.5049421936e-02    0.0000000000e+00
    2.5059152395e-02    0.0000000000e+00
    2.5068884715e-02    0.0000000000e+00
    2.5079831481e-02    0.0000000000e+00
    2.5089563802e-02    0.0000000000e+00
    2.5099294260e-02    0.0000000000e+00
    2.5109024718e-02    0.0000000000e+00
    2.5119973347e-02    0.0000000000e+00
    2.5129703805e-02    0.0000000000e+00
    2.5139436126e-02    0.0000000000e+00
    2.5149166584e-02    0.0000000000e+00
    2.5158898905e-02    0.0000000000e+00
    2.5169845670e-02    0.0000000000e+00
    2.5179576129e-02    0.0000000000e+00
    2.5189308450e-02    0.0000000000e+00
    2.5199038908e-02    0.0000000000e+00
    2.5209987536e-02    0.0000000000e+00
    2.5219717994e-02    0.0000000000e+00
    2.5229450315e-02    0.0000000000e+00
    2.5239180773e-02    0.0000000000e+00
    2.5248913094e-02    0.0000000000e+00
    2.5259859860e-02    0.0000000000e+00
    2.5269592181e-02    0.0000000000e+00
    2.5279322639e-02    0.0000000000e+00
    2.5289053097e-02    0.0000000000e+00
    2.5298785418e-02    0.0000000000e+00
    2.5309732184e-02    0.0000000000e+00
    2.5319464505e-02    0.0000000000e+00
    2.5329194963e-02    0.0000000000e+00
    2.5338927284e-02    0.0000000000e+00
    2.5349874049e-02    0.0000000000e+00
    2.5359606370e-02    0.0000000000e+00
    2.5369336829e-02    0.0000000000e+00
    2.5379067287e-02    0.0000000000e+00
    2.5388799608e-02    0.0000000000e+00
    2.5399746373e-02    0.0000000000e+00
    2.5409478694e-02    0.0000000000e+00
    2.5419209152e-02    0.0000000000e+00
    2.5428941473e-02    0.0000000000e+00
    2.5439888239e-02    0.0000000000e+00
    2.5449618697e-02    0.0000000000e+00
    2.5459351018e-02    0.0000000000e+00
    2.5469081476e-02    0.0000000000e+00
    2.5478813797e-02    0.0000000000e+00
    2.5489760563e-02    0.0000000000e+00
    2.5499492884e-02    0.0000000000e+00
    2.5509223342e-02    0.0000000000e+00
    2.5518953800e-02    0.0000000000e+00
    2.5529902428e-02    0.0000000000e+00
    2.5539632887e-02    0.0000000000e+00
    2.5549365208e-02    0.0000000000e+00
    2.5559095666e-02    0.0000000000e+00
    2.5568827987e-02    0.0000000000e+00
    2.5579774752e-02    0.0000000000e+00
    2.5589507073e-02    0.0000000000e+00
    2.5599237531e-02    0.0000000000e+00
    2.5608969852e-02    0.0000000000e+00
    2.5619916618e-02    0.0000000000e+00
    2.5629648939e-02    0.0000000000e+00
    2.5639379397e-02    0.0000000000e+00
    2.5649111718e-02    0.0000000000e+00
    2.5658842176e-02    0.0000000000e+00
    2.5669790804e-02    0.0000000000e+00
    2.5679521263e-02    0.0000000000e+00
    2.5689253584e-02    0.0000000000e+00
    2.5698984042e-02    0.0000000000e+00
    2.5709932670e-02    0.0000000000e+00
    2.5719663128e-02    0.0000000000e+00
    2.5729395449e-02    0.0000000000e+00
    2.5739125907e-02    0.0000000000e+00
    2.5748858228e-02    0.0000000000e+00
    2.5759804994e-02    0.0000000000e+00
    2.5769537315e-02    0.0000000000e+00
    2.5779267773e-02    0.0000000000e+00
    2.5789000094e-02    0.0000000000e+00
    2.5799946859e-02    0.0000000000e+00
    2.5809679180e-02    0.0000000000e+00
    2.5819409639e-02    0.0000000000e+00
    2.5829141960e-02    0.0000000000e+00
    2.5838872418e-02    0.0000000000e+00
    2.5849821046e-02    0.0000000000e+00
    2.5859551504e-02    0.0000000000e+00
    2.5869283825e-02    0.0000000000e+00
    2.5879014283e-02    0.0000000000e+00
    2.5889962912e-02    0.0000000000e+00
    2.5899695233e-02    0.0000000000e+00
    2.5909425691e-02    0.0000000000e+00
    2.5919158012e-02    0.0000000000e+00
    2.5928888470e-02    0.0000000000e+00
    2.5939837098e-02    0.0000000000e+00
    2.5949567556e-02    0.0000000000e+00
    2.5959299877e-02    0.0000000000e+00
    2.5969032198e-02    0.0000000000e+00
    2.5979978964e-02    0.0000000000e+00
    2.5989711285e-02    0.0000000000e+00
    2.5999441743e-02    0.0000000000e+00
    2.6009174064e-02    0.0000000000e+00
    2.6018904522e-02    0.0000000000e+00
    2.6029853150e-02    0.0000000000e+00
    2.6039585471e-02    0.0000000000e+00
    2.6049315929e-02    0.0000000000e+00
    2.6059048250e-02    0.0000000000e+00
    2.6069995016e-02    0.0000000000e+00
    2.6079727337e-02    0.0000000000e+00
    2.6089457795e-02    0.0000000000e+00
    2.6099190116e-02    0.0000000000e+00
    2.6108922437e-02    0.0000000000e+00
    2.6119869202e-02    0.0000000000e+00
    2.6129601523e-02    0.0000000000e+00
    2.6139331982e-02    0.0000000000e+00
    2.6149064302e-02    0.0000000000e+00
    2.6158794761e-02    0.0000000000e+00
    2.6169743389e-02    0.0000000000e+00
    2.6179475710e-02    0.0000000000e+00
    2.6189206168e-02    0.0000000000e+00
    2.6198938489e-02    0.0000000000e+00
    2.6209885255e-02    0.0000000000e+00
    2.6219617575e-02    0.0000000000e+00
    2.6229348034e-02    0.0000000000e+00
    2.6239080355e-02    0.0000000000e+00
    2.6248810813e-02    0.0000000000e+00
    2.6259759441e-02    0.0000000000e+00
    2.6269491762e-02    0.0000000000e+00
    2.6279222220e-02    0.0000000000e+00
    2.6288954541e-02    0.0000000000e+00
    2.6299901307e-02    0.0000000000e+00
    2.6309633628e-02    0.0000000000e+00
    2.6319364086e-02    0.0000000000e+00
    2.6329096407e-02    0.0000000000e+00
    2.6338828728e-02    0.0000000000e+00
    2.6349775493e-02    0.0000000000e+00
    2.6359507814e-02    0.0000000000e+00
    2.6369238272e-02    0.0000000000e+00
    2.6378970593e-02    0.0000000000e+00
    2.6389917359e-02    0.0000000000e+00
    2.6399649680e-02    0.0000000000e+00
    2.6409380138e-02    0.0000000000e+00
    2.6419112459e-02    0.0000000000e+00
    2.6428844780e-02    0.0000000000e+00
    2.6439791545e-02    0.0000000000e+00
    2.6449523866e-02    0.0000000000e+00
    2.6459254324e-02    0.0000000000e+00
    2.6468986645e-02    0.0000000000e+00
    2.6479933411e-02    0.0000000000e+00
    2.6489665732e-02    0.0000000000e+00
    2.6499396190e-02    0.0000000000e+00
    2.6509128511e-02    0.0000000000e+00
    2.6518860832e-02    0.0000000000e+00
    2.6529807597e-02    0.0000000000e+00
    2.6539539918e-02    0.0000000000e+00
    2.6549270377e-02    0.0000000000e+00
    2.6559002697e-02    0.0000000000e+00
    2.6569949463e-02    0.0000000000e+00
    2.6579681784e-02    0.0000000000e+00
    2.6589412242e-02    0.0000000000e+00
    2.6599144563e-02    0.0000000000e+00
    2.6608875021e-02    0.0000000000e+00
    2.6619823650e-02    0.0000000000e+00
    2.6629554108e-02    0.0000000000e+00
    2.6639286429e-02    0.0000000000e+00
    2.6649018750e-02    0.0000000000e+00
    2.6659965515e-02    0.0000000000e+00
    2.6669697836e-02    0.0000000000e+00
    2.6679428294e-02    0.0000000000e+00
    2.6689160615e-02    0.0000000000e+00
    2.6698891073e-02    0.0000000000e+00
    2.6709839702e-02    0.0000000000e+00
    2.6719570160e-02    0.0000000000e+00
    2.6729302481e-02    0.0000000000e+00
    2.6739034802e-02    0.0000000000e+00
    2.6749981567e-02    0.0000000000e+00
    2.6759713888e-02    0.0000000000e+00
    2.6769444346e-02    0.0000000000e+00
    2.6779176667e-02    0.0000000000e+00
    2.6788907126e-02    0.0000000000e+00
    2.6799855754e-02    0.0000000000e+00
    2.6809588075e-02    0.0000000000e+00
    2.6819318533e-02    0.0000000000e+00
    2.6829050854e-02    0.0000000000e+00
    2.6839997619e-02    0.0000000000e+00
    2.6849729940e-02    0.0000000000e+00
    2.6859462261e-02    0.0000000000e+00
    2.6869192719e-02    0.0000000000e+00
    2.6878925040e-02    0.0000000000e+00
    2.6889871806e-02    0.0000000000e+00
    2.6899604127e-02    0.0000000000e+00
    2.6909336448e-02    0.0000000000e+00
    2.6919066906e-02    0.0000000000e+00
    2.6928799227e-02    0.0000000000e+00
    2.6939745992e-02    0.0000000000e+00
    2.6949478313e-02    0.0000000000e+00
    2.6959210634e-02    0.0000000000e+00
    2.6968941092e-02    0.0000000000e+00
    2.6979889721e-02    0.0000000000e+00
    2.6989620179e-02    0.0000000000e+00
    2.6999352500e-02    0.0000000000e+00
    2.7009084821e-02    0.0000000000e+00
    2.7018815279e-02    0.0000000000e+00
    2.7029763907e-02    0.0000000000e+00
    2.7039494365e-02    0.0000000000e+00
    2.7049226686e-02    0.0000000000e+00
    2.7058959007e-02    0.0000000000e+00
    2.7069905773e-02    0.0000000000e+00
    2.7079638094e-02    0.0000000000e+00
    2.7089370415e-02    0.0000000000e+00
    2.7099100873e-02    0.0000000000e+00
    2.7108833194e-02    0.0000000000e+00
    2.7119781822e-02    0.0000000000e+00
    2.7129512280e-02    0.0000000000e+00
    2.7139244601e-02    0.0000000000e+00
    2.7148976922e-02    0.0000000000e+00
    2.7159923688e-02    0.0000000000e+00
    2.7169656008e-02    0.0000000000e+00
    2.7179388329e-02    0.0000000000e+00
    2.7189120650e-02    0.0000000000e+00
    2.7198851109e-02    0.0000000000e+00
    2.7209799737e-02    0.0000000000e+00
    2.7219532058e-02    0.0000000000e+00
    2.7229262516e-02    0.0000000000e+00
    2.7238994837e-02    0.0000000000e+00
    2.7249943465e-02    0.0000000000e+00
    2.7259675786e-02    0.0000000000e+00
    2.7269406244e-02    0.0000000000e+00
    2.7279138565e-02    0.0000000000e+00
    2.7288870886e-02    0.0000000000e+00
    2.7299819514e-02    0.0000000000e+00
    2.7309549972e-02    0.0000000000e+00
    2.7319282293e-02    0.0000000000e+00
    2.7329014614e-02    0.0000000000e+00
    2.7339963242e-02    0.0000000000e+00
    2.7349695563e-02    0.0000000000e+00
    2.7359426022e-02    0.0000000000e+00
    2.7369158342e-02    0.0000000000e+00
    2.7378890663e-02    0.0000000000e+00
    2.7389839292e-02    0.0000000000e+00
    2.7399571612e-02    0.0000000000e+00
    2.7409302071e-02    0.0000000000e+00
    2.7419034392e-02    0.0000000000e+00
    2.7429983020e-02    0.0000000000e+00
    2.7439715341e-02    0.0000000000e+00
    2.7449447662e-02    0.0000000000e+00
    2.7459178120e-02    0.0000000000e+00
    2.7468910441e-02    0.0000000000e+00
    2.7479859069e-02    0.0000000000e+00
    2.7489591390e-02    0.0000000000e+00
    2.7499323711e-02    0.0000000000e+00
    2.7509056032e-02    0.0000000000e+00
    2.7518788353e-02    0.0000000000e+00
    2.7529735118e-02    0.0000000000e+00
    2.7539467439e-02    0.0000000000e+00
    2.7549199760e-02    0.0000000000e+00
    2.7558932081e-02    0.0000000000e+00
    2.7569880709e-02    0.0000000000e+00
    2.7579613030e-02    0.0000000000e+00
    2.7589345351e-02    0.0000000000e+00
    2.7599075809e-02    0.0000000000e+00
    2.7608808130e-02    0.0000000000e+00
    2.7619756758e-02    0.0000000000e+00
    2.7629489079e-02    0.0000000000e+00
    2.7639221400e-02    0.0000000000e+00
    2.7648953721e-02    0.0000000000e+00
    2.7659902349e-02    0.0000000000e+00
    2.7669634670e-02    0.0000000000e+00
    2.7679366991e-02    0.0000000000e+00
    2.7689097449e-02    0.0000000000e+00
    2.7698829770e-02    0.0000000000e+00
    2.7709778398e-02    0.0000000000e+00
    2.7719510719e-02    0.0000000000e+00
    2.7729243040e-02    0.0000000000e+00
    2.7738975361e-02    0.0000000000e+00
    2.7749923989e-02    0.0000000000e+00
    2.7759656310e-02    0.0000000000e+00
    2.7769388631e-02    0.0000000000e+00
    2.7779119089e-02    0.0000000000e+00
    2.7788851410e-02    0.0000000000e+00
    2.7799800038e-02    0.0000000000e+00
    2.7809532359e-02    0.0000000000e+00
    2.7819264680e-02    0.0000000000e+00
    2.7828997001e-02    0.0000000000e+00
    2.7839945629e-02    0.0000000000e+00
    2.7849677950e-02    0.0000000000e+00
    2.7859410271e-02    0.0000000000e+00
    2.7869142592e-02    0.0000000000e+00
    2.7878873050e-02    0.0000000000e+00
    2.7889821678e-02    0.0000000000e+00
    2.7899553999e-02    0.0000000000e+00
    2.7909286320e-02    0.0000000000e+00
    2.7919018641e-02    0.0000000000e+00
    2.7929967269e-02    0.0000000000e+00
    2.7939699590e-02    0.0000000000e+00
    2.7949431911e-02    0.0000000000e+00
    2.7959164232e-02    0.0000000000e+00
    2.7968896553e-02    0.0000000000e+00
    2.7979845181e-02    0.0000000000e+00
    2.7989577502e-02    0.0000000000e+00
    2.7999309823e-02    0.0000000000e+00
    2.8009042144e-02    0.0000000000e+00
    2.8019990772e-02    0.0000000000e+00
    2.8029723093e-02    0.0000000000e+00
    2.8039455414e-02    0.0000000000e+00
    2.8049185872e-02    0.0000000000e+00
    2.8058918193e-02    0.0000000000e+00
    2.8069866821e-02    0.0000000000e+00
    2.8079599142e-02    0.0000000000e+00
    2.8089331463e-02    0.0000000000e+00
    2.8099063784e-02    0.0000000000e+00
    2.8108796105e-02    0.0000000000e+00
    2.8119744733e-02    0.0000000000e+00
    2.8129477054e-02    0.0000000000e+00
    2.8139209375e-02    0.0000000000e+00
    2.8148941696e-02    0.0000000000e+00
    2.8159890324e-02    0.0000000000e+00
    2.8169622645e-02    0.0000000000e+00
    2.8179354966e-02    0.0000000000e+00
    2.8189087287e-02    0.0000000000e+00
    2.8198819607e-02    0.0000000000e+00
    2.8209768236e-02    0.0000000000e+00
    2.8219500557e-02    0.0000000000e+00
    2.8229232877e-02    0.0000000000e+00
    2.8238965198e-02    0.0000000000e+00
    2.8249913827e-02    0.0000000000e+00
    2.8259646147e-02    0.0000000000e+00
    2.8269378468e-02    0.0000000000e+00
    2.8279110789e-02    0.0000000000e+00
    2.8288843110e-02    0.0000000000e+00
    2.8299791738e-02    0.0000000000e+00
    2.8309524059e-02    0.0000000000e+00
    2.8319256380e-02    0.0000000000e+00
    2.8328988701e-02    0.0000000000e+00
    2.8339937329e-02    0.0000000000e+00
    2.8349669650e-02    0.0000000000e+00
    2.8359401971e-02    0.0000000000e+00
    2.8369134292e-02    0.0000000000e+00
    2.8378866613e-02    0.0000000000e+00
    2.8389815241e-02    0.0000000000e+00
    2.8399547562e-02    0.0000000000e+00
    2.8409279883e-02    0.0000000000e+00
    2.8419012204e-02    0.0000000000e+00
    2.8429960832e-02    0.0000000000e+00
    2.8439693153e-02    0.0000000000e+00
    2.8449425474e-02    0.0000000000e+00
    2.8459157795e-02    0.0000000000e+00
    2.8468890116e-02    0.0000000000e+00
    2.8479838744e-02    0.0000000000e+00
    2.8489571065e-02    0.0000000000e+00
    2.8499303386e-02    0.0000000000e+00
    2.8509035707e-02    0.0000000000e+00
    2.8519984335e-02    0.0000000000e+00
    2.8529716656e-02    0.0000000000e+00
    2.8539448977e-02    0.0000000000e+00
    2.8549181297e-02    0.0000000000e+00
    2.8558913618e-02    0.0000000000e+00
    2.8569862247e-02    0.0000000000e+00
    2.8579594567e-02    0.0000000000e+00
    2.8589326888e-02    0.0000000000e+00
    2.8599059209e-02    0.0000000000e+00
    2.8608791530e-02    0.0000000000e+00
    2.8619740158e-02    0.0000000000e+00
    2.8629472479e-02    0.0000000000e+00
    2.8639204800e-02    0.0000000000e+00
    2.8648937121e-02    0.0000000000e+00
    2.8659885749e-02    0.0000000000e+00
    2.8669618070e-02    0.0000000000e+00
    2.8679350391e-02    0.0000000000e+00
    2.8689082712e-02    0.0000000000e+00
    2.8698815033e-02    0.0000000000e+00
    2.8709765524e-02    0.0000000000e+00
    2.8719497845e-02    0.0000000000e+00
    2.8729230165e-02    0.0000000000e+00
    2.8738960624e-02    0.0000000000e+00
    2.8749911115e-02    0.0000000000e+00
    2.8759643435e-02    0.0000000000e+00
    2.8769375756e-02    0.0000000000e+00
    2.8779108077e-02    0.0000000000e+00
    2.8788840398e-02    0.0000000000e+00
    2.8799789026e-02    0.0000000000e+00
    2.8809521347e-02    0.0000000000e+00
    2.8819253668e-02    0.0000000000e+00
    2.8828985989e-02    0.0000000000e+00
    2.8839934617e-02    0.0000000000e+00
    2.8849666938e-02    0.0000000000e+00
    2.8859399259e-02    0.0000000000e+00
    2.8869129717e-02    0.0000000000e+00
    2.8878862038e-02    0.0000000000e+00
    2.8889810666e-02    0.0000000000e+00
    2.8899542987e-02    0.0000000000e+00
    2.8909275308e-02    0.0000000000e+00
    2.8919007629e-02    0.0000000000e+00
    2.8929956257e-02    0.0000000000e+00
    2.8939688578e-02    0.0000000000e+00
    2.8949420899e-02    0.0000000000e+00
    2.8959153220e-02    0.0000000000e+00
    2.8968883678e-02    0.0000000000e+00
    2.8979832307e-02    0.0000000000e+00
    2.8989564627e-02    0.0000000000e+00
    2.8999296948e-02    0.0000000000e+00
    2.9009029269e-02    0.0000000000e+00
    2.9019976035e-02    0.0000000000e+00
    2.9029708356e-02    0.0000000000e+00
    2.9039440677e-02    0.0000000000e+00
    2.9049172997e-02    0.0000000000e+00
    2.9058903456e-02    0.0000000000e+00
    2.9069852084e-02    0.0000000000e+00
    2.9079584405e-02    0.0000000000e+00
    2.9089316726e-02    0.0000000000e+00
    2.9099047184e-02    0.0000000000e+00
    2.9109995812e-02    0.0000000000e+00
    2.9119728133e-02    0.0000000000e+00
    2.9129458591e-02    0.0000000000e+00
    2.9139190912e-02    0.0000000000e+00
    2.9148923233e-02    0.0000000000e+00
    2.9159869999e-02    0.0000000000e+00
    2.9169602320e-02    0.0000000000e+00
    2.9179334641e-02    0.0000000000e+00
    2.9189065099e-02    0.0000000000e+00
    2.9198797420e-02    0.0000000000e+00
    2.9209744185e-02    0.0000000000e+00
    2.9219476506e-02    0.0000000000e+00
    2.9229206964e-02    0.0000000000e+00
    2.9238939285e-02    0.0000000000e+00
    2.9249887913e-02    0.0000000000e+00
    2.9259618372e-02    0.0000000000e+00
    2.9269350693e-02    0.0000000000e+00
    2.9279081151e-02    0.0000000000e+00
    2.9288813472e-02    0.0000000000e+00
    2.9299760237e-02    0.0000000000e+00
    2.9309492558e-02    0.0000000000e+00
    2.9319223017e-02    0.0000000000e+00
    2.9328955337e-02    0.0000000000e+00
    2.9339902103e-02    0.0000000000e+00
    2.9349634424e-02    0.0000000000e+00
    2.9359364882e-02    0.0000000000e+00
    2.9369095340e-02    0.0000000000e+00
    2.9378827661e-02    0.0000000000e+00
    2.9389774427e-02    0.0000000000e+00
    2.9399506748e-02    0.0000000000e+00
    2.9409237206e-02    0.0000000000e+00
    2.9418969527e-02    0.0000000000e+00
    2.9429916292e-02    0.0000000000e+00
    2.9439646751e-02    0.0000000000e+00
    2.9449379072e-02    0.0000000000e+00
    2.9459109530e-02    0.0000000000e+00
    2.9468839988e-02    0.0000000000e+00
    2.9479788616e-02    0.0000000000e+00
    2.9489519075e-02    0.0000000000e+00
    2.9499249533e-02    0.0000000000e+00
    2.9508981854e-02    0.0000000000e+00
    2.9519928619e-02    0.0000000000e+00
    2.9529659078e-02    0.0000000000e+00
    2.9539391398e-02    0.0000000000e+00
    2.9549121857e-02    0.0000000000e+00
    2.9558852315e-02    0.0000000000e+00
    2.9569799080e-02    0.0000000000e+00
    2.9579529539e-02    0.0000000000e+00
    2.9589261860e-02    0.0000000000e+00
    2.9598992318e-02    0.0000000000e+00
    2.9609939083e-02    0.0000000000e+00
    2.9619669542e-02    0.0000000000e+00
    2.9629401863e-02    0.0000000000e+00
    2.9639132321e-02    0.0000000000e+00
    2.9648862779e-02    0.0000000000e+00
    2.9659809545e-02    0.0000000000e+00
    2.9669540003e-02    0.0000000000e+00
    2.9679272324e-02    0.0000000000e+00
    2.9689002782e-02    0.0000000000e+00
    2.9699949548e-02    0.0000000000e+00
    2.9709680006e-02    0.0000000000e+00
    2.9719410464e-02    0.0000000000e+00
    2.9729140922e-02    0.0000000000e+00
    2.9738871381e-02    0.0000000000e+00
    2.9749820009e-02    0.0000000000e+00
    2.9759550467e-02    0.0000000000e+00
    2.9769480228e-02    0.0000000000e+00
    2.9779706150e-02    0.0000000000e+00
    2.9789932072e-02    0.0000000000e+00
    2.9799476266e-02    0.0000000000e+00
    2.9809700325e-02    0.0000000000e+00
    2.9819926247e-02    0.0000000000e+00
    2.9829470441e-02    0.0000000000e+00
    2.9839696363e-02    0.0000000000e+00
    2.9849920422e-02    0.0000000000e+00
    2.9859464616e-02    0.0000000000e+00
    2.9869690537e-02    0.0000000000e+00
    2.9879916459e-02    0.0000000000e+00
    2.9889827594e-02    0.0000000000e+00
    2.9899468645e-02    0.0000000000e+00
    2.9909575358e-02    0.0000000000e+00
    2.9919801280e-02    0.0000000000e+00
    2.9929345474e-02    0.0000000000e+00
    2.9939571396e-02    0.0000000000e+00
    2.9949795455e-02    0.0000000000e+00
    2.9959339648e-02    0.0000000000e+00
    2.9969565570e-02    0.0000000000e+00
    2.9979791492e-02    0.0000000000e+00
    2.9989333823e-02    0.0000000000e+00
    2.9999559745e-02    0.0000000000e+00
    3.0000241473e-02    0.0000000000e+00
