      3002
    0.0000000000e+00    0.0000000000e+00
    9.7362280940e-06   -5.2290732810e-07
    1.9472456188e-05   -1.9754277218e-06
    2.9208684282e-05   -4.3575610107e-06
    3.8944912376e-05   -7.6693077062e-06
    4.9898168072e-05   -1.2506199710e-05
    5.9634396166e-05   -1.7793374354e-05
    6.9370624260e-05   -2.4010161724e-05
    7.9106852354e-05   -3.1156559999e-05
    8.8843080448e-05   -3.9232574636e-05
    9.9796336144e-05   -4.9429265346e-05
    1.0953256424e-04   -3.0378811061e-04
    1.1923941929e-04   -9.1125915060e-04
    1.2928200886e-04   -1.3342172606e-03
    1.3919382764e-04   -1.6351678642e-03
    1.4983341680e-04   -1.8574240385e-03
    1.5979130694e-04   -2.1555756684e-03
    1.6966363182e-04   -2.6885212865e-03
    1.7999549164e-04   -3.2905708067e-03
    1.8954776169e-04   -3.8464067038e-03
    1.9904421060e-04   -4.4519472867e-03
    2.0999737899e-04   -5.2107567899e-03
    2.1973351249e-04   -5.9952521697e-03
    2.2946963145e-04   -6.9006788544e-03
    2.3920576496e-04   -7.8772176057e-03
    2.4894194212e-04   -8.8866371661e-03
    2.5989516871e-04   -1.0018679313e-02
    2.6963136042e-04   -1.1036742479e-02
    2.7936755214e-04   -1.2128235772e-02
    2.8910374385e-04   -1.3319045305e-02
    2.9883993557e-04   -1.4608199708e-02
    3.0979316216e-04   -1.6156002879e-02
    3.1952935387e-04   -1.7591249198e-02
    3.2926554559e-04   -1.9080957398e-02
    3.3900170820e-04   -2.0628923550e-02
    3.4995490569e-04   -2.2422494367e-02
    3.5969106830e-04   -2.4046897888e-02
    3.6942723091e-04   -2.5694761425e-02
    3.7916333531e-04   -2.7389440686e-02
    3.8889943971e-04   -2.9159812257e-02
    3.9985252079e-04   -3.1251356006e-02
    4.0958859609e-04   -3.3183161169e-02
    4.1932461318e-04   -3.5154998302e-02
    4.2906065937e-04   -3.7154544145e-02
    4.3879664736e-04   -3.9187215269e-02
    4.4974964112e-04   -4.1524730623e-02
    4.5948562911e-04   -4.3651305139e-02
    4.6922161710e-04   -4.5820917934e-02
    4.7895760508e-04   -4.8039991409e-02
    4.8991054064e-04   -5.0604484975e-02
    4.9964652862e-04   -5.2946124226e-02
    5.0938245840e-04   -5.5344097316e-02
    5.1911838818e-04   -5.7788018137e-02
    5.2885431796e-04   -6.0274295509e-02
    5.3980719531e-04   -6.3133530319e-02
    5.4954312509e-04   -6.5744049847e-02
    5.5927899666e-04   -6.8428970873e-02
    5.6901486823e-04   -7.1188740432e-02
    5.7996774558e-04   -7.4374519289e-02
    5.8970367536e-04   -7.7274538577e-02
    5.9943954693e-04   -8.0237023532e-02
    6.0917536030e-04   -8.3257801831e-02
    6.1891123187e-04   -8.6332023144e-02
    6.2986405101e-04   -8.9844018221e-02
    6.3959986437e-04   -9.3012504280e-02
    6.4933567774e-04   -9.6237219870e-02
    6.5907149110e-04   -9.9533632398e-02
    6.6880724626e-04   -1.0291682929e-01
    6.7976000719e-04   -1.0683439672e-01
    6.8949576234e-04   -1.1041589081e-01
    6.9923145929e-04   -1.1409099400e-01
    7.0896715624e-04   -1.1785840243e-01
    7.1991980076e-04   -1.2220297754e-01
    7.2965549771e-04   -1.2615191936e-01
    7.3939119466e-04   -1.3017357886e-01
    7.4912689161e-04   -1.3426434994e-01
    7.5886253035e-04   -1.3842706382e-01
    7.6981511666e-04   -1.4320072532e-01
    7.7955081360e-04   -1.4752770960e-01
    7.8928645235e-04   -1.5193139017e-01
    7.9902209109e-04   -1.5640890598e-01
    8.0997467740e-04   -1.6153854132e-01
    8.1971025793e-04   -1.6618807614e-01
    8.2944583846e-04   -1.7092965543e-01
    8.3918141900e-04   -1.7576377094e-01
    8.4891694132e-04   -1.8068560958e-01
    8.5986941122e-04   -1.8632219732e-01
    8.6960493354e-04   -1.9141718745e-01
    8.7934039766e-04   -1.9658948481e-01
    8.8907591999e-04   -2.0183518529e-01
    8.9881138410e-04   -2.0714879036e-01
    9.0976385400e-04   -2.1320302784e-01
    9.1949937632e-04   -2.1865226328e-01
    9.2923484044e-04   -2.2416669130e-01
    9.3897036277e-04   -2.2974686325e-01
    9.4992277445e-04   -2.3610202968e-01
    9.5965829678e-04   -2.4181929231e-01
    9.6939376090e-04   -2.4760234356e-01
    9.7912922502e-04   -2.5345158577e-01
    9.8886457272e-04   -2.5936600566e-01
    9.9981692620e-04   -2.6609143615e-01
    1.0095523903e-03   -2.7212494612e-01
    1.0192877380e-03   -2.7820512652e-01
    1.0290229693e-03   -2.8432899714e-01
    1.0399750900e-03   -2.9127037525e-01
    1.0497102048e-03   -2.9748672247e-01
    1.0594453197e-03   -3.0374574661e-01
    1.0691803182e-03   -3.1004738808e-01
    1.0789153166e-03   -3.1639212370e-01
    1.0898672044e-03   -3.2358515263e-01
    1.0996020865e-03   -3.3003279567e-01
    1.1093369685e-03   -3.3653527498e-01
    1.1190717341e-03   -3.4309539199e-01
    1.1288063833e-03   -3.4971547127e-01
    1.1397578055e-03   -3.5723590851e-01
    1.1494923383e-03   -3.6398473382e-01
    1.1592267547e-03   -3.7079259753e-01
    1.1689610546e-03   -3.7765741348e-01
    1.1799120111e-03   -3.8544720411e-01
    1.1896460783e-03   -3.9243152738e-01
    1.1993800290e-03   -3.9947524667e-01
    1.2091139797e-03   -4.0658193827e-01
    1.2188478140e-03   -4.1375607252e-01
    1.2297983048e-03   -4.2191797495e-01
    1.2395319063e-03   -4.2926457524e-01
    1.2492653914e-03   -4.3670913577e-01
    1.2589987600e-03   -4.4426468015e-01
    1.2699486688e-03   -4.5291051269e-01
    1.2796819210e-03   -4.6073606610e-01
    1.2894149404e-03   -4.6870589256e-01
    1.2991479598e-03   -4.7683063149e-01
    1.3088809792e-03   -4.8511606455e-01
    1.3198305387e-03   -4.9462950230e-01
    1.3295634417e-03   -5.0325185061e-01
    1.3392963447e-03   -5.1202386618e-01
    1.3490293641e-03   -5.2093863487e-01
    1.3599788072e-03   -5.3113031387e-01
    1.3697117101e-03   -5.4032599926e-01
    1.3794444967e-03   -5.4964113235e-01
    1.3891771669e-03   -5.5907291174e-01
    1.3989098370e-03   -5.6862330437e-01
    1.4098590473e-03   -5.7950949669e-01
    1.4195917174e-03   -5.8930587769e-01
    1.4293243876e-03   -5.9920597076e-01
    1.4390570577e-03   -6.0920101404e-01
    1.4487897279e-03   -6.1927860975e-01
    1.4597390546e-03   -6.3069653511e-01
    1.4694718411e-03   -6.4090061188e-01
    1.4792046277e-03   -6.5114068985e-01
    1.4889371814e-03   -6.6140753031e-01
    1.4998862753e-03   -6.7298817635e-01
    1.5096187126e-03   -6.8331247568e-01
    1.5193511499e-03   -6.9366163015e-01
    1.5290833544e-03   -7.0402485132e-01
    1.5388155589e-03   -7.1439588070e-01
    1.5497640707e-03   -7.2607302666e-01
    1.5594960423e-03   -7.3646575212e-01
    1.5692280140e-03   -7.4687290192e-01
    1.5789598692e-03   -7.5728636980e-01
    1.5899082646e-03   -7.6898890734e-01
    1.5996401198e-03   -7.7936333418e-01
    1.6093719751e-03   -7.8969812393e-01
    1.6191038303e-03   -7.9998505116e-01
    1.6288358020e-03   -8.1021982431e-01
    1.6397841973e-03   -8.2167249918e-01
    1.6495162854e-03   -8.3181023598e-01
    1.6592483735e-03   -8.4192484617e-01
    1.6689804615e-03   -8.5203349590e-01
    1.6799290897e-03   -8.6341392994e-01
    1.6896612942e-03   -8.7354290485e-01
    1.6993934987e-03   -8.8368695974e-01
    1.7091257032e-03   -8.9384961128e-01
    1.7188580241e-03   -9.0403580666e-01
    1.7298067687e-03   -9.1552805901e-01
    1.7395390896e-03   -9.2577379942e-01
    1.7492715269e-03   -9.3605089188e-01
    1.7590038478e-03   -9.4636660814e-01
    1.7699527089e-03   -9.5802801847e-01
    1.7796851462e-03   -9.6844780445e-01
    1.7894174671e-03   -9.7891741991e-01
    1.7991499044e-03   -9.8943221569e-01
    1.8088822253e-03   -9.9998903275e-01
    1.8198310863e-03   -1.0119152069e+00
    1.8295634072e-03   -1.0225600004e+00
    1.8392956117e-03   -1.0332437754e+00
    1.8490276998e-03   -1.0439659357e+00
    1.8599763280e-03   -1.0560790300e+00
    1.8697082996e-03   -1.0668976307e+00
    1.8794402713e-03   -1.0777705908e+00
    1.8891721265e-03   -1.0886991024e+00
    1.8989038654e-03   -1.0996793509e+00
    1.9098520279e-03   -1.1120887995e+00
    1.9195835339e-03   -1.1231637001e+00
    1.9293149235e-03   -1.1342698336e+00
    1.9390461966e-03   -1.1453900337e+00
    1.9499937771e-03   -1.1578925848e+00
    1.9597248174e-03   -1.1689803600e+00
    1.9694557413e-03   -1.1800341606e+00
    1.9791866653e-03   -1.1910520792e+00
    1.9889173564e-03   -1.2020345926e+00
    1.9998645876e-03   -1.2143492699e+00
    2.0095950458e-03   -1.2252607346e+00
    2.0193257369e-03   -1.2361444235e+00
    2.0290561952e-03   -1.2470102310e+00
    2.0387866534e-03   -1.2578685284e+00
    2.0497331861e-03   -1.2700836658e+00
    2.0594631787e-03   -1.2809453011e+00
    2.0691934042e-03   -1.2918131351e+00
    2.0789231639e-03   -1.3026891947e+00
    2.0898692310e-03   -1.3149394989e+00
    2.0995989908e-03   -1.3258430958e+00
    2.1093285177e-03   -1.3367589712e+00
    2.1190578118e-03   -1.3476870060e+00
    2.1287871059e-03   -1.3586292267e+00
    2.1397322416e-03   -1.3709627390e+00
    2.1494613029e-03   -1.3819521666e+00
    2.1591901314e-03   -1.3929709196e+00
    2.1689187270e-03   -1.4040244818e+00
    2.1798636299e-03   -1.4165122509e+00
    2.1895922255e-03   -1.4276682138e+00
    2.1993205883e-03   -1.4388805628e+00
    2.2090489510e-03   -1.4501458406e+00
    2.2199931554e-03   -1.4628716707e+00
    2.2297215182e-03   -1.4742219448e+00
    2.2394494154e-03   -1.4856033325e+00
    2.2491775453e-03   -1.4970118999e+00
    2.2589054424e-03   -1.5084419250e+00
    2.2698494140e-03   -1.5213178396e+00
    2.2795773111e-03   -1.5327703953e+00
    2.2893052083e-03   -1.5442231894e+00
    2.2990328725e-03   -1.5556724072e+00
    2.3099766113e-03   -1.5685446262e+00
    2.3197045084e-03   -1.5799775124e+00
    2.3294319399e-03   -1.5914046764e+00
    2.3391596042e-03   -1.6028308868e+00
    2.3488872685e-03   -1.6142624617e+00
    2.3598305415e-03   -1.6271375418e+00
    2.3695582058e-03   -1.6386014223e+00
    2.3792856373e-03   -1.6500867605e+00
    2.3890130688e-03   -1.6615942717e+00
    2.3999563418e-03   -1.6745623350e+00
    2.4096837733e-03   -1.6861015558e+00
    2.4194112048e-03   -1.6976435184e+00
    2.4291386362e-03   -1.7091814280e+00
    2.4388658348e-03   -1.7207132578e+00
    2.4498091079e-03   -1.7336810827e+00
    2.4595363066e-03   -1.7452063560e+00
    2.4692635052e-03   -1.7567328215e+00
    2.4789904710e-03   -1.7682597637e+00
    2.4899335112e-03   -1.7812227011e+00
    2.4996602442e-03   -1.7927314043e+00
    2.5093872100e-03   -1.8042120934e+00
    2.5191139430e-03   -1.8156468868e+00
    2.5288406760e-03   -1.8270182610e+00
    2.5397830177e-03   -1.8397209644e+00
    2.5495095178e-03   -1.8509302139e+00
    2.5592360180e-03   -1.8620698452e+00
    2.5689622853e-03   -1.8731516600e+00
    2.5799039286e-03   -1.8855638504e+00
    2.5896299630e-03   -1.8965578079e+00
    2.5993557647e-03   -1.9075212479e+00
    2.6090813335e-03   -1.9184590578e+00
    2.6188069023e-03   -1.9293748140e+00
    2.6297480799e-03   -1.9416328669e+00
    2.6394736487e-03   -1.9525123835e+00
    2.6491992176e-03   -1.9633822441e+00
    2.6589247864e-03   -1.9742512703e+00
    2.6698659640e-03   -1.9864891768e+00
    2.6795913000e-03   -1.9973839521e+00
    2.6893168688e-03   -2.0082974434e+00
    2.6990422048e-03   -2.0192294121e+00
    2.7099833824e-03   -2.0315446854e+00
    2.7197087184e-03   -2.0424978733e+00
    2.7294342872e-03   -2.0534429550e+00
    2.7391596232e-03   -2.0643644333e+00
    2.7488851920e-03   -2.0752439499e+00
    2.7598263696e-03   -2.0874133110e+00
    2.7695517056e-03   -2.0981526375e+00
    2.7792772744e-03   -2.1088082790e+00
    2.7890026104e-03   -2.1193749905e+00
    2.7999435551e-03   -2.1311593056e+00
    2.8096688911e-03   -2.1415562630e+00
    2.8193939943e-03   -2.1519000530e+00
    2.8291193303e-03   -2.1622107029e+00
    2.8388442006e-03   -2.1725001335e+00
    2.8497849125e-03   -2.1840488911e+00
    2.8595097829e-03   -2.1942760944e+00
    2.8692344204e-03   -2.2044446468e+00
    2.8789590579e-03   -2.2145285606e+00
    2.8898990713e-03   -2.2257397175e+00
    2.8996234760e-03   -2.2355639935e+00
    2.9093476478e-03   -2.2452435493e+00
    2.9190715868e-03   -2.2547762394e+00
    2.9287952930e-03   -2.2641675472e+00
    2.9397343751e-03   -2.2745738029e+00
    2.9494578484e-03   -2.2836892605e+00
    2.9591810890e-03   -2.2926790714e+00
    2.9689040966e-03   -2.3015401363e+00
    2.9798424803e-03   -2.3113479614e+00
    2.9895652551e-03   -2.3199155331e+00
    2.9995348305e-03   -2.3285484314e+00
    3.0099158175e-03   -2.3373711109e+00
    3.0192330014e-03   -2.3451457024e+00
    3.0289555434e-03   -2.3531286716e+00
    3.0398932286e-03   -2.3619747162e+00
    3.0493421946e-03   -2.3695037365e+00
    3.0599927995e-03   -2.3778686523e+00
    3.0697151087e-03   -2.3854117393e+00
    3.0794376507e-03   -2.3928794861e+00
    3.0891599599e-03   -2.4002783298e+00
    3.0992042739e-03   -2.4078531265e+00
    3.1098790932e-03   -2.4158275127e+00
    3.1196014024e-03   -2.4230284691e+00
    3.1293237116e-03   -2.4301803112e+00
    3.1390462536e-03   -2.4372916222e+00
    3.1499839388e-03   -2.4452404976e+00
    3.1591588631e-03   -2.4518625736e+00
    3.1691899057e-03   -2.4590551853e+00
    3.1789124478e-03   -2.4659783840e+00
    3.1898501329e-03   -2.4737143517e+00
    3.1995726749e-03   -2.4805457592e+00
    3.2095913775e-03   -2.4875380993e+00
    3.2198168337e-03   -2.4946208000e+00
    3.2293605618e-03   -2.5011692047e+00
    3.2393413130e-03   -2.5079510212e+00
    3.2499367371e-03   -2.5150837898e+00
    3.2596590463e-03   -2.5215806961e+00
    3.2693813555e-03   -2.5280189514e+00
    3.2795204315e-03   -2.5346405506e+00
    3.2892569434e-03   -2.5408940315e+00
    3.2989303581e-03   -2.5470149517e+00
    3.3098678105e-03   -2.5538456440e+00
    3.3195901196e-03   -2.5598247051e+00
    3.3299319912e-03   -2.5660541058e+00
    3.3392466139e-03   -2.5715353489e+00
    3.3496879041e-03   -2.5775370598e+00
    3.3594099805e-03   -2.5830030441e+00
    3.3691322897e-03   -2.5883617401e+00
    3.3788543660e-03   -2.5935986042e+00
    3.3895403612e-03   -2.5991911888e+00
    3.3990000375e-03   -2.6039993763e+00
    3.4099372569e-03   -2.6093962193e+00
    3.4196593333e-03   -2.6140539646e+00
    3.4293816425e-03   -2.6185832024e+00
    3.4391037188e-03   -2.6229772568e+00
    3.4488260280e-03   -2.6272335052e+00
    3.4597876947e-03   -2.6318795681e+00
    3.4690557513e-03   -2.6356968880e+00
    3.4797897097e-03   -2.6400020123e+00
    3.4895120189e-03   -2.6437971592e+00
    3.4992343280e-03   -2.6474962234e+00
    3.5089568701e-03   -2.6511037350e+00
    3.5198945552e-03   -2.6550576687e+00
    3.5296173301e-03   -2.6584811211e+00
    3.5393398721e-03   -2.6618196964e+00
    3.5490624141e-03   -2.6650764942e+00
    3.5592052154e-03   -2.6683950424e+00
    3.5698094871e-03   -2.6717932224e+00
    3.5788256209e-03   -2.6746370792e+00
    3.5897637717e-03   -2.6780374050e+00
    3.5994867794e-03   -2.6810181141e+00
    3.6092095543e-03   -2.6839692593e+00
    3.6189323291e-03   -2.6868987083e+00
    3.6298704799e-03   -2.6901669502e+00
    3.6395932548e-03   -2.6930429935e+00
    3.6493162625e-03   -2.6958880424e+00
    3.6590388045e-03   -2.6987018585e+00
    3.6699769553e-03   -2.7018322945e+00
    3.6796997301e-03   -2.7045841217e+00
    3.6894222721e-03   -2.7073059082e+00
    3.6991448142e-03   -2.7099978924e+00
    3.7088673562e-03   -2.7126591206e+00
    3.7198050413e-03   -2.7156126499e+00
    3.7295273505e-03   -2.7181985378e+00
    3.7392496597e-03   -2.7207441330e+00
    3.7489717361e-03   -2.7232451439e+00
    3.7599091884e-03   -2.7259995937e+00
    3.7696312647e-03   -2.7283904552e+00
    3.7793533411e-03   -2.7307229042e+00
    3.7890751846e-03   -2.7329907417e+00
    3.7987970281e-03   -2.7351875305e+00
    3.8097342476e-03   -2.7375633717e+00
    3.8194560912e-03   -2.7395811081e+00
    3.8291779347e-03   -2.7415034771e+00
    3.8397295866e-03   -2.7434742451e+00
    3.8499550428e-03   -2.7452633381e+00
    3.8594987709e-03   -2.7468152046e+00
    3.8697242271e-03   -2.7483541965e+00
    3.8795999717e-03   -2.7497303486e+00
    3.8893215824e-03   -2.7509844303e+00
    3.8990431931e-03   -2.7521381378e+00
    3.9099799469e-03   -2.7533075809e+00
    3.9194505662e-03   -2.7542066574e+00
    3.9290906861e-03   -2.7550215721e+00
    3.9396947250e-03   -2.7558112144e+00
    3.9493348449e-03   -2.7564342022e+00
    3.9588529617e-03   -2.7569599152e+00
    3.9697894827e-03   -2.7574551105e+00
    3.9795110933e-03   -2.7578003407e+00
    3.9892327040e-03   -2.7580597401e+00
    3.9989543147e-03   -2.7582356930e+00
    4.0098908357e-03   -2.7583358288e+00
    4.0196124464e-03   -2.7583386898e+00
    4.0293340571e-03   -2.7582626343e+00
    4.0390556678e-03   -2.7581102848e+00
    4.0493970737e-03   -2.7578692436e+00
    4.0594898164e-03   -2.7575597763e+00
    4.0695825592e-03   -2.7571802139e+00
    4.0796753019e-03   -2.7567307949e+00
    4.0897675790e-03   -2.7562115192e+00
    4.0998603217e-03   -2.7556226254e+00
    4.1099530645e-03   -2.7549641132e+00
    4.1191279888e-03   -2.7543041706e+00
    4.1292207316e-03   -2.7535071373e+00
    4.1393134743e-03   -2.7526319027e+00
    4.1494062170e-03   -2.7516736984e+00
    4.1594989598e-03   -2.7506272793e+00
    4.1695912369e-03   -2.7494881153e+00
    4.1796839796e-03   -2.7482514381e+00
    4.1897767223e-03   -2.7469141483e+00
    4.1998694651e-03   -2.7454738617e+00
    4.2090066709e-03   -2.7440800667e+00
    4.2199436575e-03   -2.7422969341e+00
    4.2296657339e-03   -2.7406046391e+00
    4.2393873446e-03   -2.7388060093e+00
    4.2491094209e-03   -2.7368962765e+00
    4.2588310316e-03   -2.7348728180e+00
    4.2699784972e-03   -2.7324118614e+00
    4.2796186171e-03   -2.7301604748e+00
    4.2892587371e-03   -2.7277925014e+00
    4.2999512516e-03   -2.7250277996e+00
    4.3096733280e-03   -2.7223877907e+00
    4.3193949386e-03   -2.7196271420e+00
    4.3299989775e-03   -2.7164781094e+00
    4.3392674997e-03   -2.7136106491e+00
    4.3495460413e-03   -2.7103080750e+00
    4.3594199233e-03   -2.7070162296e+00
    4.3696453795e-03   -2.7034885883e+00
    4.3796771206e-03   -2.6999192238e+00
    4.3890937231e-03   -2.6964724064e+00
    4.3994709849e-03   -2.6925551891e+00
    4.4098370709e-03   -2.6885251999e+00
    4.4192965142e-03   -2.6847558022e+00
    4.4290190563e-03   -2.6807928085e+00
    4.4399565086e-03   -2.6762142181e+00
    4.4496785849e-03   -2.6720349789e+00
    4.4594011270e-03   -2.6677615643e+00
    4.4691232033e-03   -2.6634023190e+00
    4.4795172289e-03   -2.6586489677e+00
    4.4892537408e-03   -2.6541106701e+00
    4.4998577796e-03   -2.6490817070e+00
    4.5094978996e-03   -2.6444370747e+00
    4.5192344114e-03   -2.6396791935e+00
    4.5289709233e-03   -2.6348569393e+00
    4.5398599468e-03   -2.6293921471e+00
    4.5497510582e-03   -2.6243591309e+00
    4.5592286624e-03   -2.6194753647e+00
    4.5697116293e-03   -2.6140027046e+00
    4.5789377764e-03   -2.6091189384e+00
    4.5898756944e-03   -2.6032433510e+00
    4.5997835696e-03   -2.5978388786e+00
    4.6090823598e-03   -2.5926961899e+00
    4.6197208576e-03   -2.5867364407e+00
    4.6291984618e-03   -2.5813539028e+00
    4.6391859651e-03   -2.5755987167e+00
    4.6496279538e-03   -2.5694987774e+00
    4.6597705223e-03   -2.5635054111e+00
    4.6692481264e-03   -2.5578448772e+00
    4.6794386581e-03   -2.5516903400e+00
    4.6891616657e-03   -2.5457503796e+00
    4.6998076141e-03   -2.5391690731e+00
    4.7092852183e-03   -2.5332455635e+00
    4.7198892571e-03   -2.5265483856e+00
    4.7295293771e-03   -2.5203902721e+00
    4.7390488908e-03   -2.5142381191e+00
    4.7498322092e-03   -2.5071799755e+00
    4.7598928213e-03   -2.5005209446e+00
    4.7695329413e-03   -2.4940803051e+00
    4.7790524550e-03   -2.4876570702e+00
    4.7890846618e-03   -2.4808137417e+00
    4.7999825329e-03   -2.4733085632e+00
    4.8096221872e-03   -2.4666242599e+00
    4.8198550940e-03   -2.4594905376e+00
    4.8290761188e-03   -2.4530181885e+00
    4.8396806233e-03   -2.4455177784e+00
    4.8492006026e-03   -2.4387500286e+00
    4.8598661087e-03   -2.4311380386e+00
    4.8699490726e-03   -2.4239017963e+00
    4.8795891926e-03   -2.4169468880e+00
    4.8891096376e-03   -2.4100465775e+00
    4.8988345079e-03   -2.4029612541e+00
    4.9097752199e-03   -2.3949458599e+00
    4.9195000902e-03   -2.3877923489e+00
    4.9296859652e-03   -2.3802785873e+00
    4.9393260852e-03   -2.3731465340e+00
    4.9499301240e-03   -2.3652801514e+00
    4.9595702440e-03   -2.3581089973e+00
    4.9698036164e-03   -2.3504743576e+00
    4.9798502587e-03   -2.3429601192e+00
    4.9889883958e-03   -2.3361115456e+00
    4.9999300390e-03   -2.3279044628e+00
    5.0094039179e-03   -2.3207871914e+00
    5.0193425268e-03   -2.3133018017e+00
    5.0290683284e-03   -2.3059616089e+00
    5.0399242900e-03   -2.2977499962e+00
    5.0495644100e-03   -2.2904410362e+00
    5.0588338636e-03   -2.2833991051e+00
    5.0699841231e-03   -2.2749018669e+00
    5.0789592788e-03   -2.2680368423e+00
    5.0899009220e-03   -2.2596530914e+00
    5.0996271893e-03   -2.2521915436e+00
    5.1093529910e-03   -2.2447171211e+00
    5.1197912544e-03   -2.2366881371e+00
    5.1294313744e-03   -2.2292759418e+00
    5.1390714943e-03   -2.2218682766e+00
    5.1490534097e-03   -2.2141988277e+00
    5.1599955186e-03   -2.2057852745e+00
    5.1697217859e-03   -2.1982958317e+00
    5.1794480532e-03   -2.1907999516e+00
    5.1891747862e-03   -2.1833000183e+00
    5.1989010535e-03   -2.1757891178e+00
    5.2098431624e-03   -2.1673169136e+00
    5.2199130878e-03   -2.1595001221e+00
    5.2294139750e-03   -2.1521124840e+00
    5.2388925105e-03   -2.1447329521e+00
    5.2498350851e-03   -2.1361994743e+00
    5.2595618181e-03   -2.1285941601e+00
    5.2692885511e-03   -2.1209735870e+00
    5.2798925899e-03   -2.1126561165e+00
    5.2893711254e-03   -2.1052122116e+00
    5.2990983240e-03   -2.0975565910e+00
    5.3088250570e-03   -2.0898747444e+00
    5.3196810186e-03   -2.0812702179e+00
    5.3293211386e-03   -2.0736119747e+00
    5.3397640586e-03   -2.0652971268e+00
    5.3494912572e-03   -2.0575222969e+00
    5.3592184559e-03   -2.0497105122e+00
    5.3696143441e-03   -2.0413296223e+00
    5.3792544641e-03   -2.0335409641e+00
    5.3899493068e-03   -2.0248866081e+00
    5.3996765055e-03   -2.0169925690e+00
    5.4094041698e-03   -2.0090680122e+00
    5.4195481353e-03   -2.0007810593e+00
    5.4291882552e-03   -1.9929019213e+00
    5.4397922941e-03   -1.9842327833e+00
    5.4494324140e-03   -1.9763375521e+00
    5.4590725340e-03   -1.9684237242e+00
    5.4690553807e-03   -1.9602155685e+00
    5.4799998179e-03   -1.9512077570e+00
    5.4897279479e-03   -1.9431892633e+00
    5.4994560778e-03   -1.9351618290e+00
    5.5091842078e-03   -1.9271299839e+00
    5.5198767222e-03   -1.9182981253e+00
    5.5295168422e-03   -1.9103320837e+00
    5.5391569622e-03   -1.9023723602e+00
    5.5497610010e-03   -1.8936293125e+00
    5.5594011210e-03   -1.8856894970e+00
    5.5695404299e-03   -1.8773454428e+00
    5.5798958056e-03   -1.8688354492e+00
    5.5890758522e-03   -1.8613028526e+00
    5.5996798910e-03   -1.8526145220e+00
    5.6089516729e-03   -1.8450363874e+00
    5.6198975071e-03   -1.8361109495e+00
    5.6296265684e-03   -1.8281924725e+00
    5.6393560953e-03   -1.8202958107e+00
    5.6490860879e-03   -1.8124263287e+00
    5.6588156149e-03   -1.8045808077e+00
    5.6697619148e-03   -1.7957817316e+00
    5.6794914417e-03   -1.7879865170e+00
    5.6892214343e-03   -1.7802176476e+00
    5.6989518926e-03   -1.7724785805e+00
    5.7098981924e-03   -1.7638106346e+00
    5.7196281850e-03   -1.7561386824e+00
    5.7293586433e-03   -1.7484960556e+00
    5.7390891016e-03   -1.7408845425e+00
    5.7488195598e-03   -1.7333047390e+00
    5.7597663254e-03   -1.7248120308e+00
    5.7691996917e-03   -1.7175214291e+00
    5.7798037305e-03   -1.7093575001e+00
    5.7894438505e-03   -1.7019642591e+00
    5.7990839705e-03   -1.6945931911e+00
    5.8093206026e-03   -1.6867861748e+00
    5.8190519921e-03   -1.6793843508e+00
    5.8299992234e-03   -1.6710846424e+00
    5.8397306129e-03   -1.6637383699e+00
    5.8494620025e-03   -1.6564251184e+00
    5.8591933921e-03   -1.6491421461e+00
    5.8689247817e-03   -1.6418882608e+00
    5.8798729442e-03   -1.6337673664e+00
    5.8896252885e-03   -1.6265740395e+00
    5.8993836865e-03   -1.6194171906e+00
    5.9093218297e-03   -1.6121743917e+00
    5.9197656810e-03   -1.6046036482e+00
    5.9294975363e-03   -1.5975847244e+00
    5.9392293915e-03   -1.5906027555e+00
    5.9489612468e-03   -1.5836640596e+00
    5.9599098749e-03   -1.5759149790e+00
    5.9696417302e-03   -1.5690802336e+00
    5.9793735854e-03   -1.5622943640e+00
    5.9891059063e-03   -1.5555590391e+00
    5.9988377616e-03   -1.5488798618e+00
    6.0097863898e-03   -1.5414397717e+00
    6.0195187107e-03   -1.5348957777e+00
    6.0299625620e-03   -1.5279481411e+00
    6.0396948829e-03   -1.5215492249e+00
    6.0494272038e-03   -1.5152193308e+00
    6.0591595247e-03   -1.5089554787e+00
    6.0688918456e-03   -1.5027602911e+00
    6.0798409395e-03   -1.4958742857e+00
    6.0895737261e-03   -1.4898241758e+00
    6.0993060470e-03   -1.4838366508e+00
    6.1090388335e-03   -1.4779093266e+00
    6.1196428724e-03   -1.4715200663e+00
    6.1291693710e-03   -1.4658445120e+00
    6.1395405792e-03   -1.4597303867e+00
    6.1489595100e-03   -1.4542328119e+00
    6.1592012644e-03   -1.4483165741e+00
    6.1688837595e-03   -1.4427852631e+00
    6.1798333190e-03   -1.4366015196e+00
    6.1895661056e-03   -1.4311661720e+00
    6.1997575685e-03   -1.4255377054e+00
    6.2093976885e-03   -1.4202739000e+00
    6.2190378085e-03   -1.4150587320e+00
    6.2296418473e-03   -1.4093502760e+00
    6.2392819673e-03   -1.4042195082e+00
    6.2499823980e-03   -1.3987680674e+00
    6.2590995803e-03   -1.3943731785e+00
    6.2696863897e-03   -1.3892643452e+00
    6.2792589888e-03   -1.3843768835e+00
    6.2897489406e-03   -1.3785041571e+00
    6.2993247993e-03   -1.3721683025e+00
    6.3097849488e-03   -1.3640919924e+00
    6.3197277486e-03   -1.3562972546e+00
    6.3295355067e-03   -1.3499735594e+00
    6.3391756266e-03   -1.3465795517e+00
    6.3494206406e-03   -1.3474586010e+00
    6.3594491221e-03   -1.3537817001e+00
    6.3693942502e-03   -1.3653019667e+00
    6.3795489259e-03   -1.3820528984e+00
    6.3896807842e-03   -1.4043413401e+00
    6.3995048404e-03   -1.4317661524e+00
    6.4094830304e-03   -1.4654860497e+00
    6.4192656428e-03   -1.5037777424e+00
    6.4291022718e-03   -1.5462061167e+00
    6.4390413463e-03   -1.5909473896e+00
    6.4490670338e-03   -1.6353495121e+00
    6.4597674645e-03   -1.6806702614e+00
    6.4692813903e-03   -1.7178688049e+00
    6.4797597006e-03   -1.7543486357e+00
    6.4894757234e-03   -1.7844821215e+00
    6.4997998998e-03   -1.8133896589e+00
    6.5092272125e-03   -1.8376264572e+00
    6.5196673386e-03   -1.8627926111e+00
    6.5291328356e-03   -1.8892875910e+00
    6.5392060205e-03   -1.9275325537e+00
    6.5499339253e-03   -1.9678411484e+00
    6.5589160658e-03   -1.9990054369e+00
    6.5691838972e-03   -2.0319595337e+00
    6.5796221606e-03   -2.0606753826e+00
    6.5890662372e-03   -2.0835528374e+00
    6.5998048522e-03   -2.1070632935e+00
    6.6095995717e-03   -2.1258552074e+00
    6.6199903376e-03   -2.1444604397e+00
    6.6296304576e-03   -2.1609930992e+00
    6.6398563795e-03   -2.1778810024e+00
    6.6489642486e-03   -2.1917338371e+00
    6.6593927331e-03   -2.2059566975e+00
    6.6696633585e-03   -2.2179322243e+00
    6.6792499274e-03   -2.2278790474e+00
    6.6895354539e-03   -2.2378916740e+00
    6.6993096843e-03   -2.2466773987e+00
    6.7095351405e-03   -2.2556130886e+00
    6.7194621079e-03   -2.2646331787e+00
    6.7299571820e-03   -2.2743861675e+00
    6.7397607490e-03   -2.2831864357e+00
    6.7494008690e-03   -2.2914521694e+00
    6.7590409890e-03   -2.2995460033e+00
    6.7699807696e-03   -2.3085749149e+00
    6.7797955126e-03   -2.3165450096e+00
    6.7899795249e-03   -2.3250193596e+00
    6.7994440906e-03   -2.3332393169e+00
    6.8093710579e-03   -2.3423109055e+00
    6.8191075698e-03   -2.3515756130e+00
    6.8292967044e-03   -2.3617689610e+00
    6.8395347334e-03   -2.3723561764e+00
    6.8496479653e-03   -2.3837497234e+00
    6.8596834317e-03   -2.3970353603e+00
    6.8698246032e-03   -2.4114534855e+00
    6.8794647232e-03   -2.4257006645e+00
    6.8895001896e-03   -2.4410402775e+00
    6.8993330933e-03   -2.4564800262e+00
    6.9093578495e-03   -2.4726743698e+00
    6.9190724753e-03   -2.4887897968e+00
    6.9299265742e-03   -2.5072197914e+00
    6.9395666942e-03   -2.5239555836e+00
    6.9490424357e-03   -2.5407457352e+00
    6.9596464746e-03   -2.5598766804e+00
    6.9692865945e-03   -2.5775337219e+00
    6.9790612906e-03   -2.5956790447e+00
    6.9890860468e-03   -2.6145608425e+00
    6.9996668026e-03   -2.6347916126e+00
    7.0097018033e-03   -2.6541850567e+00
    7.0194383152e-03   -2.6731145382e+00
    7.0290681906e-03   -2.6918869019e+00
    7.0399711840e-03   -2.7131540775e+00
    7.0491852239e-03   -2.7311425209e+00
    7.0597892627e-03   -2.7518870831e+00
    7.0699788630e-03   -2.7717666626e+00
    7.0796934888e-03   -2.7906258106e+00
    7.0892171934e-03   -2.8090527058e+00
    7.0990598761e-03   -2.8279929161e+00
    7.1089989506e-03   -2.8469121456e+00
    7.1199494414e-03   -2.8675091267e+00
    7.1289245971e-03   -2.8841929436e+00
    7.1399719454e-03   -2.9044299126e+00
    7.1499487385e-03   -2.9223697186e+00
    7.1596754715e-03   -2.9395754337e+00
    7.1693444625e-03   -2.9564521313e+00
    7.1793217212e-03   -2.9736299515e+00
    7.1898670867e-03   -2.9915049076e+00
    7.1994108148e-03   -3.0074200630e+00
    7.2096362710e-03   -3.0242121220e+00
    7.2198617272e-03   -3.0407767296e+00
    7.2292089462e-03   -3.0557391644e+00
    7.2398129851e-03   -3.0725126266e+00
    7.2495699860e-03   -3.0877850056e+00
    7.2596669197e-03   -3.1035330296e+00
    7.2693070397e-03   -3.1186070442e+00
    7.2799115442e-03   -3.1351954937e+00
    7.2896201164e-03   -3.1503484249e+00
    7.2998455726e-03   -3.1662318707e+00
    7.3093893006e-03   -3.1809189320e+00
    7.3196147569e-03   -3.1964583397e+00
    7.3298402131e-03   -3.2117707729e+00
    7.3397522792e-03   -3.2263364792e+00
    7.3490669020e-03   -3.2397181988e+00
    7.3596709408e-03   -3.2545216084e+00
    7.3692644946e-03   -3.2674813271e+00
    7.3798685335e-03   -3.2812743187e+00
    7.3896548711e-03   -3.2935421467e+00
    7.3997476138e-03   -3.3058252335e+00
    7.4098403566e-03   -3.3178582191e+00
    7.4194353074e-03   -3.3292119503e+00
    7.4292318895e-03   -3.3408970833e+00
    7.4393246323e-03   -3.3532910347e+00
    7.4498355389e-03   -3.3667409420e+00
    7.4596586637e-03   -3.3800196648e+00
    7.4693369679e-03   -3.3939652443e+00
    7.4798413552e-03   -3.4101490974e+00
    7.4891909026e-03   -3.4255366325e+00
    7.4998266064e-03   -3.4440448284e+00
    7.5095631182e-03   -3.4616141319e+00
    7.5192032382e-03   -3.4794929028e+00
    7.5298449956e-03   -3.4996960163e+00
    7.5395815074e-03   -3.5184361935e+00
    7.5492216274e-03   -3.5370688438e+00
    7.5595467351e-03   -3.5571196079e+00
    7.5699854642e-03   -3.5775396824e+00
    7.5790504925e-03   -3.5953531265e+00
    7.5893155299e-03   -3.6155889034e+00
    7.5995367952e-03   -3.6359064579e+00
    7.6091769151e-03   -3.6552503109e+00
    7.6198773459e-03   -3.6769957542e+00
    7.6299705543e-03   -3.6979026794e+00
    7.6395180076e-03   -3.7181169987e+00
    7.6491581276e-03   -3.7390301228e+00
    7.6590967365e-03   -3.7611951828e+00
    7.6697007753e-03   -3.7854967117e+00
    7.6798903756e-03   -3.8093898296e+00
    7.6898820698e-03   -3.8333165646e+00
    7.6990430243e-03   -3.8556339741e+00
    7.7095315792e-03   -3.8815608025e+00
    7.7195204794e-03   -3.9066460133e+00
    7.7290567569e-03   -3.9308550358e+00
    7.7397068962e-03   -3.9578940868e+00
    7.7492906712e-03   -3.9820196629e+00
    7.7598947100e-03   -4.0083651543e+00
    7.7692274936e-03   -4.0311341286e+00
    7.7799120918e-03   -4.0564327240e+00
    7.7893561684e-03   -4.0778670311e+00
    7.7999602072e-03   -4.1008663177e+00
    7.8091854230e-03   -4.1200346947e+00
    7.8195752576e-03   -4.1406950951e+00
    7.8297322616e-03   -4.1599373817e+00
    7.8394785523e-03   -4.1775660515e+00
    7.8491186723e-03   -4.1943550110e+00
    7.8597227111e-03   -4.2122573853e+00
    7.8693628311e-03   -4.2281222343e+00
    7.8799668700e-03   -4.2453227043e+00
    7.8894421458e-03   -4.2606420517e+00
    7.8996671364e-03   -4.2772483826e+00
    7.9099610448e-03   -4.2941861153e+00
    7.9194046557e-03   -4.3099527359e+00
    7.9290447757e-03   -4.3261489868e+00
    7.9396488145e-03   -4.3439974785e+00
    7.9492889345e-03   -4.3602609634e+00
    7.9598929733e-03   -4.3781971931e+00
    7.9695330933e-03   -4.3944807053e+00
    7.9794079065e-03   -4.4110250473e+00
    7.9890368506e-03   -4.4269957542e+00
    7.9996408895e-03   -4.4443879128e+00
    8.0099627376e-03   -4.4611067772e+00
    8.0192619935e-03   -4.4760274887e+00
    8.0298660323e-03   -4.4929003716e+00
    8.0397408456e-03   -4.5084462166e+00
    8.0498373136e-03   -4.5241551399e+00
    8.0594774336e-03   -4.5389804840e+00
    8.0691175535e-03   -4.5536456108e+00
    8.0797569826e-03   -4.5696411133e+00
    8.0893971026e-03   -4.5839996338e+00
    8.0990372226e-03   -4.5982947350e+00
    8.1096412614e-03   -4.6140151024e+00
    8.1192813814e-03   -4.6283941269e+00
    8.1295548007e-03   -4.6438841820e+00
    8.1395842135e-03   -4.6592044830e+00
    8.1492243335e-03   -4.6741080284e+00
    8.1598283723e-03   -4.6906304359e+00
    8.1696920097e-03   -4.7060608864e+00
    8.1793321297e-03   -4.7211666107e+00
    8.1899361685e-03   -4.7378239632e+00
    8.1995762885e-03   -4.7529859543e+00
    8.2092164084e-03   -4.7681202888e+00
    8.2198204473e-03   -4.7846803665e+00
    8.2294605672e-03   -4.7996401787e+00
    8.2391006872e-03   -4.8145217896e+00
    8.2496115938e-03   -4.8306355476e+00
    8.2591585815e-03   -4.8451652527e+00
    8.2694841549e-03   -4.8607540131e+00
    8.2798087969e-03   -4.8761682510e+00
    8.2897795364e-03   -4.8908767700e+00
    8.2995984703e-03   -4.9051852226e+00
    8.3098756149e-03   -4.9199542999e+00
    8.3192223683e-03   -4.9332222939e+00
    8.3297304809e-03   -4.9479594231e+00
    8.3399554715e-03   -4.9620609283e+00
    8.3494996652e-03   -4.9749860764e+00
    8.3593633026e-03   -4.9881186485e+00
    8.3691775799e-03   -5.0009226799e+00
    8.3797816187e-03   -5.0143990517e+00
    8.3892466500e-03   -5.0261116028e+00
    8.3998506889e-03   -5.0387334824e+00
    8.4094908088e-03   -5.0497217178e+00
    8.4198806435e-03   -5.0611810684e+00
    8.4294248372e-03   -5.0716695786e+00
    8.4396498278e-03   -5.0825157166e+00
    8.4497965872e-03   -5.0928573608e+00
    8.4594367072e-03   -5.1023211479e+00
    8.4690768272e-03   -5.1114521027e+00
    8.4796808660e-03   -5.1211352348e+00
    8.4893209860e-03   -5.1296601295e+00
    8.4999250248e-03   -5.1387000084e+00
    8.5094682872e-03   -5.1465106010e+00
    8.5196942091e-03   -5.1545867920e+00
    8.5299191996e-03   -5.1623530388e+00
    8.5395686328e-03   -5.1693644524e+00
    8.5492087528e-03   -5.1760706902e+00
    8.5598127916e-03   -5.1831030846e+00
    8.5694529116e-03   -5.1892580986e+00
    8.5797747597e-03   -5.1957569122e+00
    8.5893189535e-03   -5.2017779350e+00
    8.5993474349e-03   -5.2081661224e+00
    8.6099514738e-03   -5.2149591446e+00
    8.6191734299e-03   -5.2208504677e+00
    8.6293127388e-03   -5.2273569107e+00
    8.6398255080e-03   -5.2342061996e+00
    8.6493687704e-03   -5.2405023575e+00
    8.6595946923e-03   -5.2469019890e+00
    8.6698569357e-03   -5.2534327507e+00
    8.6794011295e-03   -5.2597351074e+00
    8.6896261200e-03   -5.2665691376e+00
    8.6998520419e-03   -5.2735514641e+00
    8.7093953043e-03   -5.2802214622e+00
    8.7196212262e-03   -5.2875413895e+00
    8.7298462167e-03   -5.2950177193e+00
    8.7393904105e-03   -5.3021998405e+00
    8.7496154010e-03   -5.3101329803e+00
    8.7598413229e-03   -5.3182497025e+00
    8.7693845853e-03   -5.3259510994e+00
    8.7794139981e-03   -5.3341445923e+00
    8.7890541181e-03   -5.3420825005e+00
    8.7996581569e-03   -5.3508586884e+00
    8.8092982769e-03   -5.3587846756e+00
    8.8199023157e-03   -5.3673429489e+00
    8.8295424357e-03   -5.3749494553e+00
    8.8391825557e-03   -5.3823723793e+00
    8.8496208191e-03   -5.3901748657e+00
    8.8598467410e-03   -5.3975386620e+00
    8.8693900034e-03   -5.4040985107e+00
    8.8796159253e-03   -5.4109354019e+00
    8.8898409158e-03   -5.4176902771e+00
    8.8993851095e-03   -5.4239273071e+00
    8.9096101001e-03   -5.4305276871e+00
    8.9198360220e-03   -5.4370570183e+00
    8.9293792844e-03   -5.4430918694e+00
    8.9396052063e-03   -5.4494819641e+00
    8.9498301968e-03   -5.4557914734e+00
    8.9598596096e-03   -5.4618659019e+00
    8.9699681848e-03   -5.4678335190e+00
    8.9795114473e-03   -5.4733052254e+00
    8.9897373691e-03   -5.4789323807e+00
    8.9999623597e-03   -5.4842538834e+00
    9.0095065534e-03   -5.4889783859e+00
    9.0197315440e-03   -5.4938068390e+00
    9.0299574658e-03   -5.4983649254e+00
    9.0395687148e-03   -5.5024056435e+00
    9.0499771759e-03   -5.5065522194e+00
    9.0596172959e-03   -5.5102028847e+00
    9.0692574158e-03   -5.5136928558e+00
    9.0798614547e-03   -5.5173692703e+00
    9.0895015746e-03   -5.5206041336e+00
    9.0991416946e-03   -5.5238194466e+00
    9.1097457334e-03   -5.5273880959e+00
    9.1196196154e-03   -5.5307493210e+00
    9.1299135238e-03   -5.5342926979e+00
    9.1394577175e-03   -5.5376172066e+00
    9.1496827081e-03   -5.5412473679e+00
    9.1592948884e-03   -5.5446972847e+00
    9.1694891453e-03   -5.5483584404e+00
    9.1797150671e-03   -5.5520324707e+00
    9.1895787045e-03   -5.5555744171e+00
    9.1992188245e-03   -5.5589933395e+00
    9.2098228633e-03   -5.5626764297e+00
    9.2194629833e-03   -5.5659451485e+00
    9.2294542119e-03   -5.5692663193e+00
    9.2396792024e-03   -5.5726132393e+00
    9.2499051243e-03   -5.5759239197e+00
    9.2594483867e-03   -5.5789937973e+00
    9.2696743086e-03   -5.5822525024e+00
    9.2798992991e-03   -5.5854864120e+00
    9.2894434929e-03   -5.5884981155e+00
    9.2996684834e-03   -5.5917310715e+00
    9.3098944053e-03   -5.5949711800e+00
    9.3194376677e-03   -5.5979919434e+00
    9.3296635896e-03   -5.6012182236e+00
    9.3398885801e-03   -5.6044406891e+00
    9.3494327739e-03   -5.6074533463e+00
    9.3596577644e-03   -5.6106872559e+00
    9.3699209392e-03   -5.6139440536e+00
    9.3795610592e-03   -5.6170163155e+00
    9.3897180632e-03   -5.6202721596e+00
    9.3999430537e-03   -5.6235675812e+00
    9.4094872475e-03   -5.6266331673e+00
    9.4197122380e-03   -5.6298666000e+00
    9.4299381599e-03   -5.6330304146e+00
    9.4394814223e-03   -5.6359076500e+00
    9.4497073442e-03   -5.6388845444e+00
    9.4599323347e-03   -5.6417379379e+00
    9.4694765285e-03   -5.6442723274e+00
    9.4796223566e-03   -5.6467967033e+00
    9.4897309318e-03   -5.6491231918e+00
    9.4997594133e-03   -5.6512370110e+00
    9.5097506419e-03   -5.6531357765e+00
    9.5194969326e-03   -5.6547894478e+00
    9.5291370526e-03   -5.6562404633e+00
    9.5399757847e-03   -5.6576590538e+00
    9.5495190471e-03   -5.6587071419e+00
    9.5597449690e-03   -5.6596031189e+00
    9.5699699596e-03   -5.6602535248e+00
    9.5795141533e-03   -5.6606397629e+00
    9.5897391438e-03   -5.6608066559e+00
    9.5999650657e-03   -5.6606950760e+00
    9.6095083281e-03   -5.6603317261e+00
    9.6197342500e-03   -5.6596689224e+00
    9.6299592406e-03   -5.6587290764e+00
    9.6395034343e-03   -5.6576027870e+00
    9.6496492624e-03   -5.6561369896e+00
    9.6598742530e-03   -5.6543765068e+00
    9.6691735089e-03   -5.6525478363e+00
    9.6797775477e-03   -5.6502099037e+00
    9.6899345517e-03   -5.6477117538e+00
    9.6994778141e-03   -5.6451306343e+00
    9.7097037360e-03   -5.6421098709e+00
    9.7198495641e-03   -5.6388621330e+00
    9.7293928266e-03   -5.6355614662e+00
    9.7396187484e-03   -5.6318016052e+00
    9.7494823858e-03   -5.6279768944e+00
    9.7591225058e-03   -5.6240744591e+00
    9.7697265446e-03   -5.6195693016e+00
    9.7795529291e-03   -5.6152048111e+00
    9.7897779197e-03   -5.6105432510e+00
    9.7993221134e-03   -5.6061105728e+00
    9.8095843568e-03   -5.6012129784e+00
    9.8192244768e-03   -5.5964827538e+00
    9.8298285156e-03   -5.5911512375e+00
    9.8395375535e-03   -5.5861988068e+00
    9.8497634754e-03   -5.5809807777e+00
    9.8599884659e-03   -5.5757718086e+00
    9.8695326596e-03   -5.5708851814e+00
    9.8797576502e-03   -5.5656232834e+00
    9.8899835721e-03   -5.5603890419e+00
    9.8995268345e-03   -5.5555520058e+00
    9.9097527564e-03   -5.5504007339e+00
    9.9199777469e-03   -5.5452528000e+00
    9.9294418469e-03   -5.5404849052e+00
    9.9397161976e-03   -5.5353126526e+00
    9.9499411881e-03   -5.5301833153e+00
    9.9591715261e-03   -5.5255694389e+00
    9.9697755650e-03   -5.5202589035e+00
    9.9794156849e-03   -5.5154113770e+00
    9.9897375330e-03   -5.5102062225e+00
    9.9999625236e-03   -5.5050387383e+00
    1.0009506717e-02   -5.5001921654e+00
    1.0019731708e-02   -5.4949474335e+00
    1.0029957630e-02   -5.4896302223e+00
    1.0039500892e-02   -5.4845895767e+00
    1.0049726814e-02   -5.4790930748e+00
    1.0059951805e-02   -5.4734797478e+00
    1.0069495998e-02   -5.4681191444e+00
    1.0079720989e-02   -5.4622507095e+00
    1.0089946911e-02   -5.4562749863e+00
    1.0099490173e-02   -5.4506211281e+00
    1.0109716095e-02   -5.4444766045e+00
    1.0119941086e-02   -5.4382305145e+00
    1.0129485279e-02   -5.4322810173e+00
    1.0139710270e-02   -5.4257745743e+00
    1.0149322450e-02   -5.4195470810e+00
    1.0159517638e-02   -5.4128127098e+00
    1.0169742629e-02   -5.4059267044e+00
    1.0179936886e-02   -5.3989481926e+00
    1.0189577006e-02   -5.3922367096e+00
    1.0199217126e-02   -5.3853902817e+00
    1.0209821165e-02   -5.3776831627e+00
    1.0219461285e-02   -5.3705000877e+00
    1.0229101405e-02   -5.3631587029e+00
    1.0239705443e-02   -5.3549404144e+00
    1.0249345563e-02   -5.3473682404e+00
    1.0259890929e-02   -5.3389873505e+00
    1.0269531049e-02   -5.3312435150e+00
    1.0279171169e-02   -5.3234157562e+00
    1.0289775208e-02   -5.3147115707e+00
    1.0299318470e-02   -5.3068232536e+00
    1.0309544392e-02   -5.2983598709e+00
    1.0319769382e-02   -5.2898774147e+00
    1.0329995304e-02   -5.2813549042e+00
    1.0339538567e-02   -5.2733602524e+00
    1.0349764489e-02   -5.2647695541e+00
    1.0359989479e-02   -5.2561736107e+00
    1.0369533673e-02   -5.2481532097e+00
    1.0379758663e-02   -5.2395668030e+00
    1.0389984585e-02   -5.2309870720e+00
    1.0399527848e-02   -5.2229871750e+00
    1.0409753770e-02   -5.2144341469e+00
    1.0419100523e-02   -5.2066326141e+00
    1.0429657996e-02   -5.1978373528e+00
    1.0439675301e-02   -5.1895093918e+00
    1.0449901223e-02   -5.1811456680e+00
    1.0459444486e-02   -5.1735348701e+00
    1.0469670407e-02   -5.1654725075e+00
    1.0479895398e-02   -5.1572570801e+00
    1.0489439592e-02   -5.1495218277e+00
    1.0499194264e-02   -5.1416082382e+00
    1.0509693995e-02   -5.1330986023e+00
    1.0519918986e-02   -5.1248269081e+00
    1.0529463179e-02   -5.1171150208e+00
    1.0539688170e-02   -5.1088337898e+00
    1.0549913161e-02   -5.1005272865e+00
    1.0559457354e-02   -5.0927515030e+00
    1.0569682345e-02   -5.0843877792e+00
    1.0579908267e-02   -5.0759878159e+00
    1.0589451529e-02   -5.0681142807e+00
    1.0599677451e-02   -5.0596284866e+00
    1.0609902442e-02   -5.0510807037e+00
    1.0619446635e-02   -5.0430312157e+00
    1.0629671626e-02   -5.0343112946e+00
    1.0639897548e-02   -5.0254883766e+00
    1.0649440810e-02   -5.0171647072e+00
    1.0659666732e-02   -5.0081429482e+00
    1.0669891723e-02   -4.9990072250e+00
    1.0679435916e-02   -4.9903664589e+00
    1.0689581744e-02   -4.9810590744e+00
    1.0699339211e-02   -4.9720029831e+00
    1.0709564202e-02   -4.9623942375e+00
    1.0719790123e-02   -4.9526734352e+00
    1.0729333386e-02   -4.9435143471e+00
    1.0739559308e-02   -4.9336042404e+00
    1.0749784298e-02   -4.9235858917e+00
    1.0759328492e-02   -4.9141469002e+00
    1.0769553483e-02   -4.9039583206e+00
    1.0779779404e-02   -4.8937029839e+00
    1.0789322667e-02   -4.8840675354e+00
    1.0799548589e-02   -4.8736691475e+00
    1.0809773579e-02   -4.8631916046e+00
    1.0819529183e-02   -4.8531217575e+00
    1.0829512030e-02   -4.8427281380e+00
    1.0839737020e-02   -4.8319487572e+00
    1.0849962011e-02   -4.8210692406e+00
    1.0859506205e-02   -4.8108682632e+00
    1.0869731195e-02   -4.7998790741e+00
    1.0879760608e-02   -4.7890195847e+00
    1.0889400728e-02   -4.7785072327e+00
    1.0899625719e-02   -4.7672767639e+00
    1.0909851640e-02   -4.7559967041e+00
    1.0919394903e-02   -4.7454338074e+00
    1.0929620825e-02   -4.7340455055e+00
    1.0939815082e-02   -4.7226066589e+00
    1.0949455202e-02   -4.7117209435e+00
    1.0959893465e-02   -4.6998901367e+00
    1.0969437659e-02   -4.6890735626e+00
    1.0979631916e-02   -4.6775064468e+00
    1.0989272036e-02   -4.6665048599e+00
    1.0999876074e-02   -4.6543107033e+00
    1.1009516194e-02   -4.6431612968e+00
    1.1019390076e-02   -4.6316986084e+00
    1.1029615998e-02   -4.6197299957e+00
    1.1039840989e-02   -4.6076064110e+00
    1.1049319059e-02   -4.5962595940e+00
    1.1059544049e-02   -4.5839295387e+00
    1.1069769971e-02   -4.5716533661e+00
    1.1079994962e-02   -4.5594525337e+00
    1.1089539155e-02   -4.5480594635e+00
    1.1099764146e-02   -4.5358204842e+00
    1.1109990068e-02   -4.5235376358e+00
    1.1119533330e-02   -4.5120396614e+00
    1.1129759252e-02   -4.4996976852e+00
    1.1139984243e-02   -4.4873337746e+00
    1.1149528436e-02   -4.4757804871e+00
    1.1159753427e-02   -4.4633746147e+00
    1.1169979349e-02   -4.4509229660e+00
    1.1179522611e-02   -4.4392457008e+00
    1.1189748533e-02   -4.4266605377e+00
    1.1199973524e-02   -4.4140067101e+00
    1.1209517717e-02   -4.4021539688e+00
    1.1219272390e-02   -4.3900041580e+00
    1.1229819618e-02   -4.3768229485e+00
    1.1239459738e-02   -4.3647160530e+00
    1.1249734089e-02   -4.3517460823e+00
    1.1259314604e-02   -4.3395977020e+00
    1.1269423179e-02   -4.3267307281e+00
    1.1279649101e-02   -4.3136429787e+00
    1.1289874092e-02   -4.3004808426e+00
    1.1299418285e-02   -4.2881441116e+00
    1.1309643276e-02   -4.2748770714e+00
    1.1319869198e-02   -4.2615628242e+00
    1.1329412460e-02   -4.2490978241e+00
    1.1339441873e-02   -4.2359576225e+00
    1.1349549517e-02   -4.2226672173e+00
    1.1359775439e-02   -4.2091889381e+00
    1.1369318701e-02   -4.1965918541e+00
    1.1379544623e-02   -4.1830706596e+00
    1.1389769614e-02   -4.1695051193e+00
    1.1399750598e-02   -4.1562213898e+00
    1.1409390718e-02   -4.1433568001e+00
    1.1419994757e-02   -4.1291456223e+00
    1.1429402046e-02   -4.1164870262e+00
    1.1439654045e-02   -4.1026577950e+00
    1.1449879035e-02   -4.0888500214e+00
    1.1459423229e-02   -4.0759611130e+00
    1.1469648220e-02   -4.0621428490e+00
    1.1479874142e-02   -4.0483107567e+00
    1.1489417404e-02   -4.0353951454e+00
    1.1499643326e-02   -4.0215635300e+00
    1.1509868316e-02   -4.0077385902e+00
    1.1519098654e-02   -3.9952621460e+00
    1.1529702693e-02   -3.9809212685e+00
    1.1539296247e-02   -3.9679446220e+00
    1.1549388990e-02   -3.9543113708e+00
    1.1559760198e-02   -3.9403274059e+00
    1.1569400318e-02   -3.9273366928e+00
    1.1579040438e-02   -3.9143443108e+00
    1.1589644477e-02   -3.9000620842e+00
    1.1599284597e-02   -3.8870956898e+00
    1.1609558016e-02   -3.8732986450e+00
    1.1619783938e-02   -3.8595902920e+00
    1.1629327200e-02   -3.8468205929e+00
    1.1639553122e-02   -3.8331580162e+00
    1.1649778113e-02   -3.8195123672e+00
    1.1659322307e-02   -3.8067896366e+00
    1.1669547297e-02   -3.7931756973e+00
    1.1679773219e-02   -3.7795865536e+00
    1.1689998209e-02   -3.7660186291e+00
    1.1699542403e-02   -3.7533726692e+00
    1.1709767394e-02   -3.7398452759e+00
    1.1719993316e-02   -3.7263543606e+00
    1.1729536578e-02   -3.7137997150e+00
    1.1739762500e-02   -3.7003779411e+00
    1.1749987490e-02   -3.6869678497e+00
    1.1759531684e-02   -3.6744556427e+00
    1.1769756675e-02   -3.6610460281e+00
    1.1779982597e-02   -3.6476356983e+00
    1.1789525859e-02   -3.6351459026e+00
    1.1799751781e-02   -3.6217954159e+00
    1.1809976771e-02   -3.6084692478e+00
    1.1819520965e-02   -3.5960540771e+00
    1.1829745956e-02   -3.5827848911e+00
    1.1839971878e-02   -3.5695557594e+00
    1.1849435978e-02   -3.5573439598e+00
    1.1859660968e-02   -3.5441758633e+00
    1.1869886890e-02   -3.5310354233e+00
    1.1879430152e-02   -3.5187976360e+00
    1.1889656074e-02   -3.5057058334e+00
    1.1899881065e-02   -3.4926233292e+00
    1.1909425259e-02   -3.4804260731e+00
    1.1919650249e-02   -3.4673862457e+00
    1.1929876171e-02   -3.4543836117e+00
    1.1939419433e-02   -3.4422872066e+00
    1.1949645355e-02   -3.4293730259e+00
    1.1959870346e-02   -3.4165017605e+00
    1.1969414540e-02   -3.4045238495e+00
    1.1979639530e-02   -3.3917272091e+00
    1.1989865452e-02   -3.3789658546e+00
    1.1999408714e-02   -3.3670799732e+00
    1.2009634636e-02   -3.3543658257e+00
    1.2019859627e-02   -3.3416662216e+00
    1.2029403821e-02   -3.3298196793e+00
    1.2039628811e-02   -3.3171343803e+00
    1.2049854733e-02   -3.3044633865e+00
    1.2059397995e-02   -3.2926521301e+00
    1.2069623917e-02   -3.2800083160e+00
    1.2079848908e-02   -3.2673695087e+00
    1.2089829892e-02   -3.2550384998e+00
    1.2099985965e-02   -3.2425000668e+00
    1.2109530158e-02   -3.2307281494e+00
    1.2119755149e-02   -3.2181394100e+00
    1.2129981071e-02   -3.2055809498e+00
    1.2139524333e-02   -3.1938803196e+00
    1.2149750255e-02   -3.1813635826e+00
    1.2159504928e-02   -3.1694514751e+00
    1.2169730850e-02   -3.1570003033e+00
    1.2179955840e-02   -3.1445872784e+00
    1.2189500034e-02   -3.1330327988e+00
    1.2199725024e-02   -3.1206853390e+00
    1.2209950946e-02   -3.1083800793e+00
    1.2219494209e-02   -3.0969455242e+00
    1.2229720131e-02   -3.0847585201e+00
    1.2239945121e-02   -3.0726416111e+00
    1.2249489315e-02   -3.0613961220e+00
    1.2259714305e-02   -3.0494096279e+00
    1.2269940227e-02   -3.0374834538e+00
    1.2279483490e-02   -3.0264120102e+00
    1.2289709412e-02   -3.0146160126e+00
    1.2299934402e-02   -3.0028889179e+00
    1.2309478596e-02   -2.9920060635e+00
    1.2319703586e-02   -2.9804105759e+00
    1.2329929508e-02   -2.9688816071e+00
    1.2339111418e-02   -2.9585888386e+00
    1.2349715456e-02   -2.9467680454e+00
    1.2359355576e-02   -2.9360783100e+00
    1.2369959615e-02   -2.9243853092e+00
    1.2379599735e-02   -2.9138159752e+00
    1.2389824726e-02   -2.9026648998e+00
    1.2399368919e-02   -2.8923077583e+00
    1.2409397401e-02   -2.8814718723e+00
    1.2419037521e-02   -2.8710975647e+00
    1.2429641560e-02   -2.8597309589e+00
    1.2439399026e-02   -2.8493213654e+00
    1.2449624017e-02   -2.8384578228e+00
    1.2459849939e-02   -2.8276319504e+00
    1.2469393201e-02   -2.8175520897e+00
    1.2479619123e-02   -2.8067741394e+00
    1.2489844114e-02   -2.7960228920e+00
    1.2499388307e-02   -2.7860136032e+00
    1.2509613298e-02   -2.7753074169e+00
    1.2519368902e-02   -2.7651007175e+00
    1.2529916130e-02   -2.7540671825e+00
    1.2539556250e-02   -2.7439815998e+00
    1.2549947016e-02   -2.7331190109e+00
    1.2559490278e-02   -2.7231717110e+00
    1.2569353916e-02   -2.7129385471e+00
    1.2579958886e-02   -2.7019867897e+00
    1.2589598075e-02   -2.6920607090e+00
    1.2599238195e-02   -2.6821746826e+00
    1.2609842233e-02   -2.6713650227e+00
    1.2619482353e-02   -2.6615986824e+00
    1.2629122473e-02   -2.6518812180e+00
    1.2639726512e-02   -2.6412436962e+00
    1.2649366632e-02   -2.6316299438e+00
    1.2659971602e-02   -2.6211357117e+00
    1.2669610791e-02   -2.6116816998e+00
    1.2679250911e-02   -2.6023144722e+00
    1.2689855881e-02   -2.5921106339e+00
    1.2699495070e-02   -2.5829253197e+00
    1.2709135190e-02   -2.5738234520e+00
    1.2719739228e-02   -2.5639023781e+00
    1.2729565613e-02   -2.5547928810e+00
    1.2739791535e-02   -2.5454001427e+00
    1.2749334797e-02   -2.5367033482e+00
    1.2759560719e-02   -2.5274446011e+00
    1.2769785710e-02   -2.5182425976e+00
    1.2779329903e-02   -2.5097110271e+00
    1.2789554894e-02   -2.5006363392e+00
    1.2799780816e-02   -2.4916312695e+00
    1.2809244916e-02   -2.4833590984e+00
    1.2819848955e-02   -2.4741585255e+00
    1.2829489075e-02   -2.4658529758e+00
    1.2839480303e-02   -2.4573118687e+00
    1.2849705294e-02   -2.4486494064e+00
    1.2859931216e-02   -2.4400622845e+00
    1.2869474478e-02   -2.4321017265e+00
    1.2879700400e-02   -2.4236261845e+00
    1.2889925390e-02   -2.4152085781e+00
    1.2899469584e-02   -2.4074070454e+00
    1.2909694575e-02   -2.3991050720e+00
    1.2919920497e-02   -2.3908555508e+00
    1.2929463759e-02   -2.3831992149e+00
    1.2939689681e-02   -2.3750379086e+00
    1.2949914671e-02   -2.3669183254e+00
    1.2959458865e-02   -2.3593761921e+00
    1.2969322503e-02   -2.3516120911e+00
    1.2979547493e-02   -2.3435871601e+00
    1.2989773415e-02   -2.3355867863e+00
    1.2999998406e-02   -2.3276095390e+00
    1.3009542599e-02   -2.3201808929e+00
    1.3019767590e-02   -2.3122344017e+00
    1.3029993512e-02   -2.3043043613e+00
    1.3039536774e-02   -2.2969243526e+00
    1.3049762696e-02   -2.2890448570e+00
    1.3059987687e-02   -2.2811985016e+00
    1.3069531880e-02   -2.2739105225e+00
    1.3079756871e-02   -2.2661426067e+00
    1.3089982793e-02   -2.2584226131e+00
    1.3099526055e-02   -2.2512617111e+00
    1.3109751977e-02   -2.2436285019e+00
    1.3119976968e-02   -2.2360298634e+00
    1.3129521161e-02   -2.2289643288e+00
    1.3139102608e-02   -2.2219021320e+00
    1.3149706647e-02   -2.2141237259e+00
    1.3159346767e-02   -2.2070698738e+00
    1.3169950806e-02   -2.1993284225e+00
    1.3179590926e-02   -2.1923189163e+00
    1.3189912774e-02   -2.1848411560e+00
    1.3199456036e-02   -2.1779429913e+00
    1.3209681958e-02   -2.1705698967e+00
    1.3219992630e-02   -2.1631557941e+00
    1.3229632750e-02   -2.1562409401e+00
    1.3239272870e-02   -2.1493413448e+00
    1.3249876909e-02   -2.1417734623e+00
    1.3259517029e-02   -2.1349155903e+00
    1.3269625604e-02   -2.1277472973e+00
    1.3279237784e-02   -2.1209568977e+00
    1.3289645314e-02   -2.1136326790e+00
    1.3299285434e-02   -2.1068673134e+00
    1.3309889473e-02   -2.0994386673e+00
    1.3319529593e-02   -2.0926985741e+00
    1.3329169713e-02   -2.0859708786e+00
    1.3339773752e-02   -2.0785846710e+00
    1.3349413872e-02   -2.0718863010e+00
    1.3359639794e-02   -2.0647995472e+00
    1.3369864784e-02   -2.0577375889e+00
    1.3379446231e-02   -2.0511503220e+00
    1.3389086351e-02   -2.0445523262e+00
    1.3399525546e-02   -2.0374381542e+00
    1.3409750536e-02   -2.0305037498e+00
    1.3419976458e-02   -2.0236086845e+00
    1.3429519720e-02   -2.0171999931e+00
    1.3439745642e-02   -2.0103554726e+00
    1.3449970633e-02   -2.0035440922e+00
    1.3459514827e-02   -1.9972254038e+00
    1.3469739817e-02   -1.9905024767e+00
    1.3479965739e-02   -1.9838352203e+00
    1.3489509001e-02   -1.9776647091e+00
    1.3499734923e-02   -1.9711120129e+00
    1.3509959914e-02   -1.9646347761e+00
    1.3519504108e-02   -1.9587175846e+00
    1.3529729098e-02   -1.9525038004e+00
    1.3539955020e-02   -1.9463752508e+00
    1.3549498282e-02   -1.9407035112e+00
    1.3559724204e-02   -1.9345564842e+00
    1.3569949195e-02   -1.9284017086e+00
    1.3579493389e-02   -1.9227161407e+00
    1.3589718379e-02   -1.9166711569e+00
    1.3599944301e-02   -1.9106762409e+00
    1.3609487563e-02   -1.9051309824e+00
    1.3619713485e-02   -1.8992331028e+00
    1.3629938476e-02   -1.8933793306e+00
    1.3639482670e-02   -1.8879605532e+00
    1.3649707660e-02   -1.8822035789e+00
    1.3659933582e-02   -1.8764922619e+00
    1.3669476844e-02   -1.8712010384e+00
    1.3679702766e-02   -1.8655723333e+00
    1.3689927757e-02   -1.8599797487e+00
    1.3699471951e-02   -1.8547896147e+00
    1.3709696941e-02   -1.8492690325e+00
    1.3719922863e-02   -1.8438090086e+00
    1.3729466125e-02   -1.8387712240e+00
    1.3739692047e-02   -1.8334361315e+00
    1.3749917038e-02   -1.8281687498e+00
    1.3759461232e-02   -1.8233163357e+00
    1.3769686222e-02   -1.8181893826e+00
    1.3779912144e-02   -1.8131353855e+00
    1.3789455406e-02   -1.8084843159e+00
    1.3799681328e-02   -1.8035732508e+00
    1.3809906319e-02   -1.7987309694e+00
    1.3819450513e-02   -1.7942713499e+00
    1.3829675503e-02   -1.7895572186e+00
    1.3839901425e-02   -1.7849087715e+00
    1.3849444687e-02   -1.7806265354e+00
    1.3859670609e-02   -1.7760955095e+00
    1.3869895600e-02   -1.7716240883e+00
    1.3879439794e-02   -1.7675073147e+00
    1.3889664784e-02   -1.7631615400e+00
    1.3899889775e-02   -1.7588807344e+00
    1.3909433968e-02   -1.7549427748e+00
    1.3919658959e-02   -1.7507860661e+00
    1.3929884881e-02   -1.7466953993e+00
    1.3939428143e-02   -1.7429419756e+00
    1.3949654065e-02   -1.7389872074e+00
    1.3959879056e-02   -1.7350990772e+00
    1.3969423249e-02   -1.7315295935e+00
    1.3979648240e-02   -1.7277666330e+00
    1.3989874162e-02   -1.7240710258e+00
    1.3999417424e-02   -1.7206828594e+00
    1.4009643346e-02   -1.7171094418e+00
    1.4019868337e-02   -1.7135918140e+00
    1.4029412530e-02   -1.7103706598e+00
    1.4039637521e-02   -1.7069904804e+00
    1.4049863443e-02   -1.7036786079e+00
    1.4059891924e-02   -1.7004836798e+00
    1.4069532044e-02   -1.6974411011e+00
    1.4079172164e-02   -1.6944117546e+00
    1.4089962468e-02   -1.6910080910e+00
    1.4099506661e-02   -1.6879706383e+00
    1.4109731652e-02   -1.6846797466e+00
    1.4119956642e-02   -1.6813471317e+00
    1.4129500836e-02   -1.6781936884e+00
    1.4139725827e-02   -1.6747633219e+00
    1.4149951749e-02   -1.6712806225e+00
    1.4159495011e-02   -1.6679885387e+00
    1.4169720933e-02   -1.6644200087e+00
    1.4179945923e-02   -1.6608103514e+00
    1.4189490117e-02   -1.6574114561e+00
    1.4199635945e-02   -1.6537805796e+00
    1.4209276065e-02   -1.6503274441e+00
    1.4219880104e-02   -1.6465344429e+00
    1.4229520224e-02   -1.6431126595e+00
    1.4239160344e-02   -1.6397352219e+00
    1.4249764383e-02   -1.6360816956e+00
    1.4259404503e-02   -1.6328182220e+00
    1.4269044623e-02   -1.6296073198e+00
    1.4279648662e-02   -1.6261372566e+00
    1.4289288782e-02   -1.6230411530e+00
    1.4299892820e-02   -1.6196974516e+00
    1.4309532940e-02   -1.6166994572e+00
    1.4319173060e-02   -1.6137335300e+00
    1.4329777099e-02   -1.6105146408e+00
    1.4339417219e-02   -1.6076532602e+00
    1.4349057339e-02   -1.6048625708e+00
    1.4359661378e-02   -1.6018787622e+00
    1.4369301498e-02   -1.5992461443e+00
    1.4379905537e-02   -1.5964379311e+00
    1.4389545657e-02   -1.5939631462e+00
    1.4399585314e-02   -1.5914621353e+00
    1.4409810305e-02   -1.5889939070e+00
    1.4419354498e-02   -1.5867716074e+00
    1.4429579489e-02   -1.5844899416e+00
    1.4439805411e-02   -1.5823160410e+00
    1.4449386857e-02   -1.5803709030e+00
    1.4459990896e-02   -1.5783067942e+00
    1.4469631016e-02   -1.5765131712e+00
    1.4479271136e-02   -1.5747841597e+00
    1.4489875175e-02   -1.5729464293e+00
    1.4499515295e-02   -1.5713326931e+00
    1.4509155415e-02   -1.5697765350e+00
    1.4519759454e-02   -1.5681401491e+00
    1.4529399574e-02   -1.5667161942e+00
    1.4539837837e-02   -1.5652363300e+00
    1.4549382031e-02   -1.5639356375e+00
    1.4559607022e-02   -1.5625867844e+00
    1.4569832943e-02   -1.5612760782e+00
    1.4579376206e-02   -1.5600838661e+00
    1.4589602128e-02   -1.5588387251e+00
    1.4599827118e-02   -1.5576237440e+00
    1.4609371312e-02   -1.5565121174e+00
    1.4619565569e-02   -1.5553480387e+00
    1.4629205689e-02   -1.5542730093e+00
    1.4639809728e-02   -1.5531225204e+00
    1.4649449848e-02   -1.5521084070e+00
    1.4659089968e-02   -1.5511212349e+00
    1.4669694006e-02   -1.5500699282e+00
    1.4679334126e-02   -1.5491564274e+00
    1.4689938165e-02   -1.5482031107e+00
    1.4699578285e-02   -1.5473841429e+00
    1.4709218405e-02   -1.5466111898e+00
    1.4719822444e-02   -1.5458141565e+00
    1.4729462564e-02   -1.5451399088e+00
    1.4739102684e-02   -1.5445128679e+00
    1.4749706723e-02   -1.5438776016e+00
    1.4759346843e-02   -1.5433509350e+00
    1.4769950882e-02   -1.5428248644e+00
    1.4779776335e-02   -1.5423870087e+00
    1.4789320529e-02   -1.5420058966e+00
    1.4799545519e-02   -1.5416501760e+00
    1.4809771441e-02   -1.5413508415e+00
    1.4819517732e-02   -1.5411281586e+00
    1.4829743654e-02   -1.5409823656e+00
    1.4839968644e-02   -1.5409212112e+00
    1.4849512838e-02   -1.5409257412e+00
    1.4859737828e-02   -1.5409582853e+00
    1.4869963750e-02   -1.5410233736e+00
    1.4879507013e-02   -1.5411204100e+00
    1.4889732935e-02   -1.5412694216e+00
    1.4899957925e-02   -1.5414690971e+00
    1.4909502119e-02   -1.5417037010e+00
    1.4919727109e-02   -1.5420089960e+00
    1.4929953031e-02   -1.5423717499e+00
    1.4939299785e-02   -1.5427697897e+00
    1.4949903823e-02   -1.5433574915e+00
    1.4959543943e-02   -1.5439933538e+00
    1.4969184063e-02   -1.5447087288e+00
    1.4979788102e-02   -1.5455793142e+00
    1.4989428222e-02   -1.5464376211e+00
    1.4999068342e-02   -1.5473601818e+00
    1.5009672381e-02   -1.5484493971e+00
    1.5019312501e-02   -1.5495022535e+00
    1.5029916540e-02   -1.5507259369e+00
    1.5039556660e-02   -1.5518941879e+00
    1.5049196780e-02   -1.5531102419e+00
    1.5059635974e-02   -1.5544763803e+00
    1.5069860965e-02   -1.5558592081e+00
    1.5079724602e-02   -1.5572276115e+00
    1.5089364722e-02   -1.5585975647e+00
    1.5099968761e-02   -1.5601513386e+00
    1.5109608881e-02   -1.5616073608e+00
    1.5119249001e-02   -1.5631004572e+00
    1.5129853040e-02   -1.5647894144e+00
    1.5139493160e-02   -1.5663747787e+00
    1.5149133280e-02   -1.5680124760e+00
    1.5159737319e-02   -1.5698741674e+00
    1.5169377439e-02   -1.5716179609e+00
    1.5179981478e-02   -1.5735906363e+00
    1.5189621598e-02   -1.5754334927e+00
    1.5199261717e-02   -1.5773231983e+00
    1.5209652483e-02   -1.5794069767e+00
    1.5219946392e-02   -1.5815116167e+00
    1.5229390934e-02   -1.5834711790e+00
    1.5239715576e-02   -1.5856450796e+00
    1.5249808319e-02   -1.5878019333e+00
    1.5259901062e-02   -1.5899918079e+00
    1.5269215219e-02   -1.5920445919e+00
    1.5279819258e-02   -1.5944211483e+00
    1.5289927833e-02   -1.5967267752e+00
    1.5299472027e-02   -1.5989396572e+00
    1.5309598297e-02   -1.6013215780e+00
    1.5319395810e-02   -1.6036567688e+00
    1.5329534188e-02   -1.6061114073e+00
    1.5339720063e-02   -1.6086205244e+00
    1.5349859372e-02   -1.6111657619e+00
    1.5359499492e-02   -1.6136325598e+00
    1.5369731002e-02   -1.6163005829e+00
    1.5379823744e-02   -1.6189818382e+00
    1.5389916487e-02   -1.6217055321e+00
    1.5399416909e-02   -1.6243011951e+00
    1.5409057029e-02   -1.6269640923e+00
    1.5419661067e-02   -1.6299254894e+00
    1.5429846942e-02   -1.6328033209e+00
    1.5439939685e-02   -1.6356915236e+00
    1.5449115075e-02   -1.6383514404e+00
    1.5459207818e-02   -1.6413149834e+00
    1.5469300561e-02   -1.6443153620e+00
    1.5479718335e-02   -1.6474490166e+00
    1.5489358455e-02   -1.6503806114e+00
    1.5499962494e-02   -1.6536412239e+00
    1.5509602614e-02   -1.6566387415e+00
    1.5519242734e-02   -1.6596676111e+00
    1.5529846773e-02   -1.6630345583e+00
    1.5539486893e-02   -1.6661247015e+00
    1.5549127012e-02   -1.6692411900e+00
    1.5559731051e-02   -1.6726983786e+00
    1.5569371171e-02   -1.6758675575e+00
    1.5579975210e-02   -1.6793833971e+00
    1.5589150600e-02   -1.6824519634e+00
    1.5599243343e-02   -1.6858583689e+00
    1.5609336086e-02   -1.6892999411e+00
    1.5619427897e-02   -1.6927794218e+00
    1.5629520640e-02   -1.6962970495e+00
    1.5639891848e-02   -1.6999503374e+00
    1.5649532899e-02   -1.7033785582e+00
    1.5659172088e-02   -1.7068358660e+00
    1.5669776127e-02   -1.7106689215e+00
    1.5679417178e-02   -1.7141774893e+00
    1.5689056367e-02   -1.7177075148e+00
    1.5699660406e-02   -1.7216134071e+00
    1.5709301457e-02   -1.7251845598e+00
    1.5719905496e-02   -1.7291344404e+00
    1.5729544684e-02   -1.7327444553e+00
    1.5739185736e-02   -1.7363725901e+00
    1.5749789774e-02   -1.7403852940e+00
    1.5759428963e-02   -1.7440539598e+00
    1.5769070014e-02   -1.7477426529e+00
    1.5779674053e-02   -1.7518233061e+00
    1.5789153054e-02   -1.7554919720e+00
    1.5799297020e-02   -1.7594408989e+00
    1.5809901059e-02   -1.7635973692e+00
    1.5819542110e-02   -1.7674031258e+00
    1.5829181299e-02   -1.7712371349e+00
    1.5839785337e-02   -1.7754911184e+00
    1.5849426389e-02   -1.7793885469e+00
    1.5859065577e-02   -1.7833000422e+00
    1.5869669616e-02   -1.7876065969e+00
    1.5879310668e-02   -1.7915422916e+00
    1.5889914706e-02   -1.7959028482e+00
    1.5899647027e-02   -1.7999289036e+00
    1.5909377486e-02   -1.8039764166e+00
    1.5919107944e-02   -1.8080483675e+00
    1.5928838402e-02   -1.8121467829e+00
    1.5939209610e-02   -1.8165434599e+00
    1.5949301422e-02   -1.8208520412e+00
    1.5959395096e-02   -1.8251911402e+00
    1.5969647095e-02   -1.8296295404e+00
    1.5979871154e-02   -1.8340793848e+00
    1.5989415348e-02   -1.8382496834e+00
    1.5999641269e-02   -1.8427383900e+00
    1.6009865329e-02   -1.8472560644e+00
    1.6019409522e-02   -1.8515012264e+00
    1.6029635444e-02   -1.8560783863e+00
    1.6039382666e-02   -1.8604621887e+00
    1.6049986705e-02   -1.8652511835e+00
    1.6059625894e-02   -1.8696160316e+00
    1.6069266945e-02   -1.8739904165e+00
    1.6079870984e-02   -1.8788180351e+00
    1.6089510173e-02   -1.8832217455e+00
    1.6099151224e-02   -1.8876396418e+00
    1.6109755263e-02   -1.8925184011e+00
    1.6119394451e-02   -1.8969714642e+00
    1.6129998490e-02   -1.9018907547e+00
    1.6139546409e-02   -1.9063417912e+00
    1.6149638221e-02   -1.9110727310e+00
    1.6159731895e-02   -1.9158325195e+00
    1.6169045120e-02   -1.9202506542e+00
    1.6179649159e-02   -1.9253088236e+00
    1.6189290211e-02   -1.9299325943e+00
    1.6199894249e-02   -1.9350465536e+00
    1.6209121794e-02   -1.9395208359e+00
    1.6218852252e-02   -1.9442658424e+00
    1.6229754314e-02   -1.9496185780e+00
    1.6239395365e-02   -1.9543864727e+00
    1.6249999404e-02   -1.9596698284e+00
    1.6259638593e-02   -1.9645069838e+00
    1.6269279644e-02   -1.9693769217e+00
    1.6279883683e-02   -1.9747711420e+00
    1.6289336607e-02   -1.9796135426e+00
    1.6299430281e-02   -1.9848148823e+00
    1.6309615225e-02   -1.9901000261e+00
    1.6319256276e-02   -1.9951394796e+00
    1.6329860315e-02   -2.0007247925e+00
    1.6339499503e-02   -2.0058388710e+00
    1.6349140555e-02   -2.0109844208e+00
    1.6359744594e-02   -2.0166766644e+00
    1.6369383782e-02   -2.0218811035e+00
    1.6379987821e-02   -2.0276389122e+00
    1.6389628872e-02   -2.0329036713e+00
    1.6399268061e-02   -2.0381963253e+00
    1.6409872100e-02   -2.0440514088e+00
    1.6419513151e-02   -2.0494012833e+00
    1.6429651529e-02   -2.0550510883e+00
    1.6439745203e-02   -2.0606977940e+00
    1.6449183226e-02   -2.0660023689e+00
    1.6458913684e-02   -2.0715019703e+00
    1.6469608992e-02   -2.0775828362e+00
    1.6479250044e-02   -2.0830905437e+00
    1.6489854082e-02   -2.0891687870e+00
    1.6499493271e-02   -2.0947132111e+00
    1.6509134322e-02   -2.1002807617e+00
    1.6519738361e-02   -2.1064295769e+00
    1.6529377550e-02   -2.1120357513e+00
    1.6539983451e-02   -2.1182155609e+00
    1.6549436375e-02   -2.1237368584e+00
    1.6559530050e-02   -2.1296446323e+00
    1.6569906846e-02   -2.1357345581e+00
    1.6579844058e-02   -2.1415808201e+00
    1.6589485109e-02   -2.1472659111e+00
    1.6599124297e-02   -2.1529626846e+00
    1.6609728336e-02   -2.1592404842e+00
    1.6619369388e-02   -2.1649608612e+00
    1.6629973426e-02   -2.1712715626e+00
    1.6639452428e-02   -2.1769292355e+00
    1.6649598256e-02   -2.1829993725e+00
    1.6659237444e-02   -2.1887805462e+00
    1.6669841483e-02   -2.1951549053e+00
    1.6679434106e-02   -2.2009379864e+00
    1.6689660028e-02   -2.2071230412e+00
    1.6699884087e-02   -2.2133264542e+00
    1.6709428281e-02   -2.2191312313e+00
    1.6719654202e-02   -2.2253718376e+00
    1.6729880124e-02   -2.2316339016e+00
    1.6739422455e-02   -2.2374975681e+00
    1.6749648377e-02   -2.2438035011e+00
    1.6759680584e-02   -2.2500176430e+00
    1.6769774258e-02   -2.2563002110e+00
    1.6779510304e-02   -2.2623915672e+00
    1.6789151356e-02   -2.2684473991e+00
    1.6799852252e-02   -2.2751946449e+00
    1.6809491441e-02   -2.2812998295e+00
    1.6819132492e-02   -2.2874333858e+00
    1.6829736531e-02   -2.2942121029e+00
    1.6839375719e-02   -2.3004021645e+00
    1.6849609092e-02   -2.3069994450e+00
    1.6859887168e-02   -2.3136541843e+00
    1.6868907958e-02   -2.3195157051e+00
    1.6879763454e-02   -2.3265988827e+00
    1.6889747232e-02   -2.3331375122e+00
    1.6899479553e-02   -2.3395299911e+00
    1.6909942031e-02   -2.3464183807e+00
    1.6919117421e-02   -2.3524782658e+00
    1.6929209232e-02   -2.3591709137e+00
    1.6939301044e-02   -2.3658833504e+00
    1.6949636862e-02   -2.3727698326e+00
    1.6959369183e-02   -2.3792705536e+00
    1.6969261691e-02   -2.3858993053e+00
    1.6979865730e-02   -2.3930206299e+00
    1.6989506781e-02   -2.3995022774e+00
    1.6999145970e-02   -2.4059920311e+00
    1.7009908333e-02   -2.4132487774e+00
    1.7019083723e-02   -2.4194464684e+00
    1.7029177397e-02   -2.4262716770e+00
    1.7039641738e-02   -2.4333534241e+00
    1.7049280927e-02   -2.4398875237e+00
    1.7059884965e-02   -2.4470903873e+00
    1.7069526017e-02   -2.4536457062e+00
    1.7079165205e-02   -2.4602000713e+00
    1.7089258879e-02   -2.4670593739e+00
    1.7099350691e-02   -2.4739162922e+00
    1.7109088600e-02   -2.4805305004e+00
    1.7119532451e-02   -2.4876248837e+00
    1.7129171640e-02   -2.4941787720e+00
    1.7139775679e-02   -2.5013883114e+00
    1.7149962485e-02   -2.5083110332e+00
    1.7159137875e-02   -2.5145502090e+00
    1.7169462517e-02   -2.5215766430e+00
    1.7179101706e-02   -2.5281393528e+00
    1.7189705744e-02   -2.5353598595e+00
    1.7199346796e-02   -2.5419235229e+00
    1.7209531739e-02   -2.5488607883e+00
    1.7219625413e-02   -2.5557384491e+00
    1.7229640856e-02   -2.5625669956e+00
    1.7239864916e-02   -2.5695388317e+00
    1.7249409109e-02   -2.5760445595e+00
    1.7259635031e-02   -2.5830180645e+00
    1.7269860953e-02   -2.5899972916e+00
    1.7279403284e-02   -2.5965142250e+00
    1.7289841548e-02   -2.6036419868e+00
    1.7299924046e-02   -2.6105289459e+00
    1.7309362069e-02   -2.6169788837e+00
    1.7319094390e-02   -2.6236319542e+00
    1.7328826711e-02   -2.6302902699e+00
    1.7339773476e-02   -2.6377835274e+00
    1.7349505797e-02   -2.6444454193e+00
    1.7359238118e-02   -2.6511130333e+00
    1.7368970439e-02   -2.6577887535e+00
    1.7379971221e-02   -2.6653435230e+00
    1.7389515415e-02   -2.6719028950e+00
    1.7399739474e-02   -2.6789355278e+00
    1.7409039661e-02   -2.6853389740e+00
    1.7419641837e-02   -2.6926536560e+00
    1.7429374158e-02   -2.6993794441e+00
    1.7439106479e-02   -2.7061083317e+00
    1.7448836938e-02   -2.7128338814e+00
    1.7459398136e-02   -2.7201309204e+00
    1.7469624057e-02   -2.7272052765e+00
    1.7479848117e-02   -2.7342824936e+00
    1.7489392310e-02   -2.7408866882e+00
    1.7499618232e-02   -2.7479641438e+00
    1.7509844154e-02   -2.7550458908e+00
    1.7519142479e-02   -2.7614910603e+00
    1.7529744655e-02   -2.7688498497e+00
    1.7539476976e-02   -2.7756226063e+00
    1.7549209297e-02   -2.7824122906e+00
    1.7558941618e-02   -2.7892086506e+00
    1.7569890246e-02   -2.7968544960e+00
    1.7579622567e-02   -2.8036510944e+00
    1.7589353025e-02   -2.8104486465e+00
    1.7599085346e-02   -2.8172481060e+00
    1.7608817667e-02   -2.8240494728e+00
    1.7619766295e-02   -2.8317017555e+00
    1.7629498616e-02   -2.8385083675e+00
    1.7639230937e-02   -2.8453190327e+00
    1.7648963258e-02   -2.8521296978e+00
    1.7659911886e-02   -2.8597850800e+00
    1.7669644207e-02   -2.8665809631e+00
    1.7679376528e-02   -2.8733694553e+00
    1.7689108849e-02   -2.8801510334e+00
    1.7698839307e-02   -2.8869292736e+00
    1.7709789798e-02   -2.8945550919e+00
    1.7719520256e-02   -2.9013340473e+00
    1.7729252577e-02   -2.9081122875e+00
    1.7738984898e-02   -2.9148888588e+00
    1.7749335617e-02   -2.9220919609e+00
    1.7759429291e-02   -2.9291086197e+00
    1.7769521102e-02   -2.9361140728e+00
    1.7779614776e-02   -2.9431073666e+00
    1.7789950594e-02   -2.9502596855e+00
    1.7799682915e-02   -2.9569854736e+00
    1.7809415236e-02   -2.9636995792e+00
    1.7819147557e-02   -2.9703977108e+00
    1.7829498276e-02   -2.9775044918e+00
    1.7839590088e-02   -2.9844229221e+00
    1.7849683762e-02   -2.9913320541e+00
    1.7859740183e-02   -2.9982082844e+00
    1.7869472504e-02   -3.0048544407e+00
    1.7879204825e-02   -3.0114946365e+00
    1.7889257520e-02   -3.0183424950e+00
    1.7899349332e-02   -3.0252032280e+00
    1.7909443006e-02   -3.0320477486e+00
    1.7919478938e-02   -3.0388424397e+00
    1.7929211259e-02   -3.0454237461e+00
    1.7939902842e-02   -3.0526463985e+00
    1.7949994653e-02   -3.0594546795e+00
    1.7959170043e-02   -3.0656368732e+00
    1.7969263718e-02   -3.0724380016e+00
    1.7979320139e-02   -3.0792210102e+00
    1.7989052460e-02   -3.0857858658e+00
    1.7999703065e-02   -3.0929679871e+00
    1.8009794876e-02   -3.0997688770e+00
    1.8019888550e-02   -3.1065614223e+00
    1.8029980361e-02   -3.1133499146e+00
    1.8039155751e-02   -3.1195225716e+00
    1.8049214035e-02   -3.1262912750e+00
    1.8059264868e-02   -3.1330573559e+00
    1.8069358543e-02   -3.1398541927e+00
    1.8079450354e-02   -3.1466538906e+00
    1.8089544028e-02   -3.1534578800e+00
    1.8099635839e-02   -3.1602702141e+00
    1.8109729514e-02   -3.1670894623e+00
    1.8119821325e-02   -3.1739118099e+00
    1.8129913136e-02   -3.1807348728e+00
    1.8139088526e-02   -3.1869390011e+00
    1.8149182200e-02   -3.1937639713e+00
    1.8159836531e-02   -3.2009696960e+00
    1.8169568852e-02   -3.2075519562e+00
    1.8179301172e-02   -3.2141363621e+00
    1.8189033493e-02   -3.2207202911e+00
    1.8199982122e-02   -3.2281243801e+00
    1.8209714442e-02   -3.2347059250e+00
    1.8219446763e-02   -3.2412889004e+00
    1.8229179084e-02   -3.2478728294e+00
    1.8238911405e-02   -3.2544553280e+00
    1.8249860033e-02   -3.2618558407e+00
    1.8259590492e-02   -3.2684290409e+00
    1.8269322813e-02   -3.2749974728e+00
    1.8279055133e-02   -3.2815616131e+00
    1.8289841712e-02   -3.2888319492e+00
    1.8299574032e-02   -3.2953827381e+00
    1.8309954554e-02   -3.3023591042e+00
    1.8319686875e-02   -3.3088982105e+00
    1.8329419196e-02   -3.3154447079e+00
    1.8339799717e-02   -3.3224344254e+00
    1.8349532038e-02   -3.3289899826e+00
    1.8359912559e-02   -3.3359825611e+00
    1.8369799480e-02   -3.3426401615e+00
    1.8379529938e-02   -3.3491976261e+00
    1.8389262259e-02   -3.3557641506e+00
    1.8398992717e-02   -3.3623297215e+00
    1.8409941345e-02   -3.3697049618e+00
    1.8419673666e-02   -3.3762605190e+00
    1.8429404125e-02   -3.3828299046e+00
    1.8439136446e-02   -3.3894176483e+00
    1.8448866904e-02   -3.3960247040e+00
    1.8459815532e-02   -3.4034805298e+00
    1.8469545990e-02   -3.4101297855e+00
    1.8479278311e-02   -3.4168031216e+00
    1.8489008769e-02   -3.4235026836e+00
    1.8499957398e-02   -3.4310674667e+00
    1.8509687856e-02   -3.4378120899e+00
    1.8519418314e-02   -3.4445741177e+00
    1.8529150635e-02   -3.4513499737e+00
    1.8538881093e-02   -3.4581375122e+00
    1.8549827859e-02   -3.4657878876e+00
    1.8559560180e-02   -3.4726011753e+00
    1.8569290638e-02   -3.4794249535e+00
    1.8579021096e-02   -3.4862573147e+00
    1.8589969724e-02   -3.4939520359e+00
    1.8599700183e-02   -3.5007956028e+00
    1.8609430641e-02   -3.5076398849e+00
    1.8619161099e-02   -3.5144798756e+00
    1.8628891557e-02   -3.5213122368e+00
    1.8639838323e-02   -3.5289857388e+00
    1.8649570644e-02   -3.5357911587e+00
    1.8659301102e-02   -3.5425777435e+00
    1.8669031560e-02   -3.5493412018e+00
    1.8679978326e-02   -3.5569167137e+00
    1.8689708784e-02   -3.5636155605e+00
    1.8699439242e-02   -3.5702784061e+00
    1.8709169701e-02   -3.5769016743e+00
    1.8718900159e-02   -3.5834825039e+00
    1.8729846925e-02   -3.5908298492e+00
    1.8739577383e-02   -3.5973057747e+00
    1.8749307841e-02   -3.6037259102e+00
    1.8759038299e-02   -3.6100842953e+00
    1.8769985065e-02   -3.6171555519e+00
    1.8779715523e-02   -3.6233656406e+00
    1.8789445981e-02   -3.6295011044e+00
    1.8799176440e-02   -3.6355593204e+00
    1.8808906898e-02   -3.6415393353e+00
    1.8819853663e-02   -3.6481750011e+00
    1.8829584122e-02   -3.6539902687e+00
    1.8839314580e-02   -3.6597285271e+00
    1.8849043176e-02   -3.6653876305e+00
    1.8859989941e-02   -3.6716573238e+00
    1.8869720399e-02   -3.6771466732e+00
    1.8879450858e-02   -3.6825571060e+00
    1.8889181316e-02   -3.6878855228e+00
    1.8898911774e-02   -3.6931309700e+00
    1.8909856677e-02   -3.6989326477e+00
    1.8919587135e-02   -3.7040035725e+00
    1.8929317594e-02   -3.7090017796e+00
    1.8939048052e-02   -3.7139372826e+00
    1.8949994817e-02   -3.7194283009e+00
    1.8959723413e-02   -3.7242677212e+00
    1.8969453871e-02   -3.7290785313e+00
    1.8979184330e-02   -3.7338688374e+00
    1.8988914788e-02   -3.7386436462e+00
    1.8999859691e-02   -3.7439966202e+00
    1.9009590149e-02   -3.7487335205e+00
    1.9019320607e-02   -3.7534439564e+00
    1.9029049203e-02   -3.7581222057e+00
    1.9039995968e-02   -3.7633411884e+00
    1.9049724564e-02   -3.7679395676e+00
    1.9059455022e-02   -3.7724976540e+00
    1.9069185480e-02   -3.7770128250e+00
    1.9078914076e-02   -3.7814831734e+00
    1.9089860842e-02   -3.7864570618e+00
    1.9099589437e-02   -3.7908272743e+00
    1.9109319896e-02   -3.7951467037e+00
    1.9119050354e-02   -3.7994136810e+00
    1.9129995257e-02   -3.8041460514e+00
    1.9139725715e-02   -3.8082873821e+00
    1.9149454311e-02   -3.8123631477e+00
    1.9159184769e-02   -3.8163688183e+00
    1.9168913364e-02   -3.8203005791e+00
    1.9179860130e-02   -3.8246304989e+00
    1.9189588726e-02   -3.8283948898e+00
    1.9199319184e-02   -3.8320789337e+00
    1.9209047779e-02   -3.8356819153e+00
    1.9219994545e-02   -3.8396408558e+00
    1.9229723141e-02   -3.8430778980e+00
    1.9239453599e-02   -3.8464376926e+00
    1.9249182194e-02   -3.8497169018e+00
    1.9258910790e-02   -3.8529102802e+00
    1.9269857556e-02   -3.8563947678e+00
    1.9279586151e-02   -3.8593900204e+00
    1.9289316610e-02   -3.8622820377e+00
    1.9299045205e-02   -3.8650667667e+00
    1.9309990108e-02   -3.8680694103e+00
    1.9319720566e-02   -3.8706231117e+00
    1.9329449162e-02   -3.8730733395e+00
    1.9339179620e-02   -3.8754253387e+00
    1.9348908216e-02   -3.8776857853e+00
    1.9359854981e-02   -3.8801262379e+00
    1.9369583577e-02   -3.8822093010e+00
    1.9379312173e-02   -3.8842179775e+00
    1.9389042631e-02   -3.8861570358e+00
    1.9399987534e-02   -3.8882606030e+00
    1.9409717992e-02   -3.8900630474e+00
    1.9419446588e-02   -3.8918011189e+00
    1.9429177046e-02   -3.8934769630e+00
    1.9438905641e-02   -3.8950924873e+00
    1.9449852407e-02   -3.8968431950e+00
    1.9459581003e-02   -3.8983471394e+00
    1.9469311461e-02   -3.8998084068e+00
    1.9479040056e-02   -3.9012336731e+00
    1.9489984959e-02   -3.9027957916e+00
    1.9499715418e-02   -3.9041440487e+00
    1.9509444013e-02   -3.9054498672e+00
    1.9519174471e-02   -3.9067053795e+00
    1.9528903067e-02   -3.9078993797e+00
    1.9539847970e-02   -3.9091579914e+00
    1.9549578428e-02   -3.9101939201e+00
    1.9559307024e-02   -3.9111542702e+00
    1.9569035619e-02   -3.9120495319e+00
    1.9579980522e-02   -3.9129953384e+00
    1.9589710981e-02   -3.9138011932e+00
    1.9599439576e-02   -3.9145901203e+00
    1.9609168172e-02   -3.9153695107e+00
    1.9618896767e-02   -3.9161427021e+00
    1.9629843533e-02   -3.9170019627e+00
    1.9639572129e-02   -3.9177465439e+00
    1.9649300724e-02   -3.9184639454e+00
    1.9659029320e-02   -3.9191470146e+00
    1.9669974223e-02   -3.9198694229e+00
    1.9679704681e-02   -3.9204735756e+00
    1.9689433277e-02   -3.9210476875e+00
    1.9699161872e-02   -3.9216008186e+00
    1.9708890468e-02   -3.9221436977e+00
    1.9719837233e-02   -3.9227495193e+00
    1.9729565829e-02   -3.9232857227e+00
    1.9739294425e-02   -3.9238140583e+00
    1.9749023020e-02   -3.9243228436e+00
    1.9759969786e-02   -3.9248590469e+00
    1.9769698381e-02   -3.9252951145e+00
    1.9779426977e-02   -3.9256904125e+00
    1.9789155573e-02   -3.9260468483e+00
    1.9798886031e-02   -3.9263684750e+00
    1.9809830934e-02   -3.9266953468e+00
    1.9819559529e-02   -3.9269583225e+00
    1.9829289988e-02   -3.9271967411e+00
    1.9839018583e-02   -3.9274082184e+00
    1.9849963486e-02   -3.9276072979e+00
    1.9859692082e-02   -3.9277405739e+00
    1.9869422540e-02   -3.9278199673e+00
    1.9879151136e-02   -3.9278378487e+00
    1.9888881594e-02   -3.9277896881e+00
    1.9899826497e-02   -3.9276530743e+00
    1.9909555092e-02   -3.9274599552e+00
    1.9919283688e-02   -3.9272041321e+00
    1.9929014146e-02   -3.9268929958e+00
    1.9939959049e-02   -3.9264881611e+00
    1.9949687645e-02   -3.9260826111e+00
    1.9959418103e-02   -3.9256334305e+00
    1.9969146699e-02   -3.9251370430e+00
    1.9978877157e-02   -3.9245836735e+00
    1.9989822060e-02   -3.9238803387e+00
    1.9999550655e-02   -3.9231748581e+00
    2.0009281114e-02   -3.9223854542e+00
    2.0019009709e-02   -3.9215073586e+00
    2.0029954612e-02   -3.9204132557e+00
    2.0039685071e-02   -3.9193508625e+00
    2.0049413666e-02   -3.9182143211e+00
    2.0059144124e-02   -3.9170126915e+00
    2.0068872720e-02   -3.9157524109e+00
    2.0079819486e-02   -3.9142696857e+00
    2.0089548081e-02   -3.9128921032e+00
    2.0099278539e-02   -3.9114534855e+00
    2.0109007135e-02   -3.9099495411e+00
    2.0119953901e-02   -3.9081714153e+00
    2.0129682496e-02   -3.9065105915e+00
    2.0139412954e-02   -3.9047756195e+00
    2.0149141550e-02   -3.9029695988e+00
    2.0158872008e-02   -3.9011003971e+00
    2.0169816911e-02   -3.8989329338e+00
    2.0179547369e-02   -3.8969573975e+00
    2.0189275965e-02   -3.8949418068e+00
    2.0199006423e-02   -3.8928859234e+00
    2.0209951326e-02   -3.8905158043e+00
    2.0219681785e-02   -3.8883509636e+00
    2.0229410380e-02   -3.8861212730e+00
    2.0239140838e-02   -3.8838181496e+00
    2.0248869434e-02   -3.8814361095e+00
    2.0259816200e-02   -3.8786611557e+00
    2.0269544795e-02   -3.8761155605e+00
    2.0279275253e-02   -3.8735048771e+00
    2.0289003849e-02   -3.8708426952e+00
    2.0299950615e-02   -3.8678021431e+00
    2.0309681073e-02   -3.8650681973e+00
    2.0319409668e-02   -3.8623063564e+00
    2.0329140127e-02   -3.8595125675e+00
    2.0338868722e-02   -3.8566811085e+00
    2.0349815488e-02   -3.8534412384e+00
    2.0359545946e-02   -3.8505055904e+00
    2.0369274542e-02   -3.8475139141e+00
    2.0379005000e-02   -3.8444647789e+00
    2.0389951766e-02   -3.8409645557e+00
    2.0399680361e-02   -3.8377945423e+00
    2.0409410819e-02   -3.8345749378e+00
    2.0419141278e-02   -3.8313117027e+00
    2.0428869873e-02   -3.8280098438e+00
    2.0439816639e-02   -3.8242499828e+00
    2.0449547097e-02   -3.8208630085e+00
    2.0459277555e-02   -3.8174247742e+00
    2.0469006151e-02   -3.8139243126e+00
    2.0479952917e-02   -3.8098976612e+00
    2.0489683375e-02   -3.8062272072e+00
    2.0499413833e-02   -3.8024616241e+00
    2.0509144291e-02   -3.7985963821e+00
    2.0518872887e-02   -3.7946329117e+00
    2.0529819652e-02   -3.7900662422e+00
    2.0539550111e-02   -3.7859222889e+00
    2.0549280569e-02   -3.7817101479e+00
    2.0559011027e-02   -3.7774369717e+00
    2.0569957793e-02   -3.7725632191e+00
    2.0579688251e-02   -3.7681713104e+00
    2.0589418709e-02   -3.7637214661e+00
    2.0599149168e-02   -3.7592101097e+00
    2.0608879626e-02   -3.7546324730e+00
    2.0619826391e-02   -3.7493977547e+00
    2.0629556850e-02   -3.7446634769e+00
    2.0639287308e-02   -3.7398483753e+00
    2.0649017766e-02   -3.7349488735e+00
    2.0659966394e-02   -3.7293367386e+00
    2.0669696853e-02   -3.7242629528e+00
    2.0679427311e-02   -3.7191164494e+00
    2.0689157769e-02   -3.7139079571e+00
    2.0698888227e-02   -3.7086491585e+00
    2.0709834993e-02   -3.7026879787e+00
    2.0719567314e-02   -3.6973593235e+00
    2.0729297772e-02   -3.6920089722e+00
    2.0739028230e-02   -3.6866378784e+00
    2.0749974996e-02   -3.6805682182e+00
    2.0759707317e-02   -3.6751437187e+00
    2.0769437775e-02   -3.6696860790e+00
    2.0779168233e-02   -3.6641912460e+00
    2.0788900554e-02   -3.6586585045e+00
    2.0799847320e-02   -3.6523926258e+00
    2.0809577778e-02   -3.6467924118e+00
    2.0819310099e-02   -3.6411733627e+00
    2.0829040557e-02   -3.6355471611e+00
    2.0839987323e-02   -3.6292221546e+00
    2.0849719644e-02   -3.6236133575e+00
    2.0859450102e-02   -3.6180231571e+00
    2.0869182423e-02   -3.6124536991e+00
    2.0878912881e-02   -3.6069023609e+00
    2.0889859647e-02   -3.6006734371e+00
    2.0899591967e-02   -3.5951435566e+00
    2.0909322426e-02   -3.5896127224e+00
    2.0919054747e-02   -3.5840754509e+00
    2.0928785205e-02   -3.5785281658e+00
    2.0939733833e-02   -3.5722737312e+00
    2.0949466154e-02   -3.5667059422e+00
    2.0959196612e-02   -3.5611341000e+00
    2.0968928933e-02   -3.5555651188e+00
    2.0979875699e-02   -3.5493128300e+00
    2.0989608020e-02   -3.5437734127e+00
    2.0999340340e-02   -3.5382542610e+00
    2.1009070799e-02   -3.5327556133e+00
    2.1018803120e-02   -3.5272750854e+00
    2.1029751748e-02   -3.5211262703e+00
    2.1039482206e-02   -3.5156719685e+00
    2.1049214527e-02   -3.5102241039e+00
    2.1058946848e-02   -3.5047798157e+00
    2.1069895476e-02   -3.4986546040e+00
    2.1079625934e-02   -3.4932065010e+00
    2.1089358255e-02   -3.4877517223e+00
    2.1099090576e-02   -3.4822871685e+00
    2.1108822897e-02   -3.4768099785e+00
    2.1119771525e-02   -3.4706292152e+00
    2.1129503846e-02   -3.4651153088e+00
    2.1139236167e-02   -3.4595816135e+00
    2.1148966625e-02   -3.4540293217e+00
    2.1159915254e-02   -3.4477648735e+00
    2.1169647574e-02   -3.4421856403e+00
    2.1179379895e-02   -3.4366011620e+00
    2.1189112216e-02   -3.4310135841e+00
    2.1198844537e-02   -3.4254236221e+00
    2.1209793165e-02   -3.4191296101e+00
    2.1219525486e-02   -3.4135262966e+00
    2.1229257807e-02   -3.4079096317e+00
    2.1238990128e-02   -3.4022736549e+00
    2.1249938756e-02   -3.3959028721e+00
    2.1259671077e-02   -3.3902089596e+00
    2.1269403398e-02   -3.3844876289e+00
    2.1279135719e-02   -3.3787441254e+00
    2.1288868040e-02   -3.3729851246e+00
    2.1299816668e-02   -3.3665015697e+00
    2.1309548989e-02   -3.3607447147e+00
    2.1319281310e-02   -3.3550019264e+00
    2.1329013631e-02   -3.3492765427e+00
    2.1339964122e-02   -3.3428542614e+00
    2.1349696442e-02   -3.3371589184e+00
    2.1359428763e-02   -3.3314743042e+00
    2.1369159222e-02   -3.3257951736e+00
    2.1378891543e-02   -3.3201198578e+00
    2.1389842033e-02   -3.3137397766e+00
    2.1399572492e-02   -3.3080735207e+00
    2.1409304813e-02   -3.3024144173e+00
    2.1419037133e-02   -3.2967662811e+00
    2.1429987624e-02   -3.2904298306e+00
    2.1439718083e-02   -3.2848176956e+00
    2.1449450403e-02   -3.2792270184e+00
    2.1459182724e-02   -3.2736611366e+00
    2.1468915045e-02   -3.2681231499e+00
    2.1479863673e-02   -3.2619295120e+00
    2.1489595994e-02   -3.2564575672e+00
    2.1499328315e-02   -3.2510168552e+00
    2.1509060636e-02   -3.2456047535e+00
    2.1518792957e-02   -3.2402162552e+00
    2.1529741585e-02   -3.2341744900e+00
    2.1539473906e-02   -3.2288136482e+00
    2.1549206227e-02   -3.2234530449e+00
    2.1558938548e-02   -3.2180850506e+00
    2.1569889039e-02   -3.2120301723e+00
    2.1579621360e-02   -3.2066326141e+00
    2.1589353681e-02   -3.2012245655e+00
    2.1599086002e-02   -3.1958155632e+00
    2.1608816460e-02   -3.1904146671e+00
    2.1619766951e-02   -3.1843564510e+00
    2.1629499272e-02   -3.1789891720e+00
    2.1639231592e-02   -3.1736361980e+00
    2.1648963913e-02   -3.1682910919e+00
    2.1659912542e-02   -3.1622757912e+00
    2.1669644862e-02   -3.1569147110e+00
    2.1679377183e-02   -3.1515290737e+00
    2.1689109504e-02   -3.1461083889e+00
    2.1698841825e-02   -3.1406445503e+00
    2.1709790453e-02   -3.1344423294e+00
    2.1719522774e-02   -3.1288802624e+00
    2.1729255095e-02   -3.1232757568e+00
    2.1738987416e-02   -3.1176340580e+00
    2.1749936044e-02   -3.1112482548e+00
    2.1759668365e-02   -3.1055433750e+00
    2.1769400686e-02   -3.0998158455e+00
    2.1779133007e-02   -3.0940680504e+00
    2.1788865328e-02   -3.0883011818e+00
    2.1799813956e-02   -3.0817909241e+00
    2.1809546277e-02   -3.0759828091e+00
    2.1819278598e-02   -3.0701520443e+00
    2.1829010919e-02   -3.0642957687e+00
    2.1839959547e-02   -3.0576739311e+00
    2.1849691868e-02   -3.0517566204e+00
    2.1859424189e-02   -3.0458104610e+00
    2.1869156510e-02   -3.0398380756e+00
    2.1878888831e-02   -3.0338451862e+00
    2.1889837459e-02   -3.0270855427e+00
    2.1899569780e-02   -3.0210673809e+00
    2.1909303963e-02   -3.0150454044e+00
    2.1919036284e-02   -3.0090234280e+00
    2.1929984912e-02   -3.0022525787e+00
    2.1939717233e-02   -2.9962384701e+00
    2.1949449554e-02   -2.9902298450e+00
    2.1959181875e-02   -2.9842264652e+00
    2.1968914196e-02   -2.9782295227e+00
    2.1979862824e-02   -2.9714925289e+00
    2.1989595145e-02   -2.9655144215e+00
    2.1999327466e-02   -2.9595489502e+00
    2.2009059787e-02   -2.9535987377e+00
    2.2018792108e-02   -2.9476661682e+00
    2.2029740736e-02   -2.9410140514e+00
    2.2039473057e-02   -2.9351229668e+00
    2.2049205378e-02   -2.9292533398e+00
    2.2058937699e-02   -2.9234077930e+00
    2.2069886327e-02   -2.9168622494e+00
    2.2079618648e-02   -2.9110741615e+00
    2.2089350969e-02   -2.9053161144e+00
    2.2099083290e-02   -2.8995888233e+00
    2.2108815610e-02   -2.8938918114e+00
    2.2119764239e-02   -2.8875160217e+00
    2.2129496560e-02   -2.8818762302e+00
    2.2139228880e-02   -2.8762605190e+00
    2.2148961201e-02   -2.8706667423e+00
    2.2159909829e-02   -2.8643977642e+00
    2.2169642150e-02   -2.8588447571e+00
    2.2179374471e-02   -2.8533086777e+00
    2.2189106792e-02   -2.8477888107e+00
    2.2198839113e-02   -2.8422851562e+00
    2.2209789604e-02   -2.8361139297e+00
    2.2219521925e-02   -2.8306469917e+00
    2.2229254246e-02   -2.8251988888e+00
    2.2238986567e-02   -2.8197708130e+00
    2.2249935195e-02   -2.8136878014e+00
    2.2259667516e-02   -2.8083007336e+00
    2.2269399837e-02   -2.8029317856e+00
    2.2279132158e-02   -2.7975795269e+00
    2.2288864478e-02   -2.7922430038e+00
    2.2299813107e-02   -2.7862575054e+00
    2.2309545428e-02   -2.7809522152e+00
    2.2319277748e-02   -2.7756609917e+00
    2.2329010069e-02   -2.7703833580e+00
    2.2339958698e-02   -2.7644622326e+00
    2.2349691018e-02   -2.7592122555e+00
    2.2359423339e-02   -2.7539749146e+00
    2.2369155660e-02   -2.7487502098e+00
    2.2378887981e-02   -2.7435386181e+00
    2.2389836609e-02   -2.7376923561e+00
    2.2399568930e-02   -2.7325108051e+00
    2.2409301251e-02   -2.7273440361e+00
    2.2419033572e-02   -2.7221915722e+00
    2.2429982200e-02   -2.7164123058e+00
    2.2439714521e-02   -2.7112896442e+00
    2.2449446842e-02   -2.7061798573e+00
    2.2459179163e-02   -2.7010817528e+00
    2.2468911484e-02   -2.6959941387e+00
    2.2479860112e-02   -2.6902818680e+00
    2.2489592433e-02   -2.6852147579e+00
    2.2499324754e-02   -2.6801576614e+00
    2.2509057075e-02   -2.6751124859e+00
    2.2518789396e-02   -2.6700804234e+00
    2.2529738024e-02   -2.6644368172e+00
    2.2539470345e-02   -2.6594371796e+00
    2.2549202666e-02   -2.6544539928e+00
    2.2558934987e-02   -2.6494874954e+00
    2.2569883615e-02   -2.6439204216e+00
    2.2579615936e-02   -2.6389892101e+00
    2.2589348257e-02   -2.6340737343e+00
    2.2599080577e-02   -2.6291744709e+00
    2.2608812898e-02   -2.6242911816e+00
    2.2619761527e-02   -2.6188178062e+00
    2.2629493847e-02   -2.6139719486e+00
    2.2639224306e-02   -2.6091454029e+00
    2.2648956627e-02   -2.6043398380e+00
    2.2659905255e-02   -2.5989592075e+00
    2.2669637576e-02   -2.5941994190e+00
    2.2679369897e-02   -2.5894606113e+00
    2.2689102218e-02   -2.5847420692e+00
    2.2698834538e-02   -2.5800426006e+00
    2.2709781304e-02   -2.5747783184e+00
    2.2719513625e-02   -2.5701179504e+00
    2.2729245946e-02   -2.5654754639e+00
    2.2738978267e-02   -2.5608501434e+00
    2.2749926895e-02   -2.5556671619e+00
    2.2759659216e-02   -2.5510773659e+00
    2.2769389674e-02   -2.5465042591e+00
    2.2779121995e-02   -2.5419468880e+00
    2.2788854316e-02   -2.5374062061e+00
    2.2799802944e-02   -2.5323169231e+00
    2.2809535265e-02   -2.5278103352e+00
    2.2819265723e-02   -2.5233192444e+00
    2.2828998044e-02   -2.5188422203e+00
    2.2839946672e-02   -2.5138204098e+00
    2.2849678993e-02   -2.5093679428e+00
    2.2859409451e-02   -2.5049242973e+00
    2.2869141772e-02   -2.5004882812e+00
    2.2878874093e-02   -2.4960591793e+00
    2.2889822721e-02   -2.4910848141e+00
    2.2899553180e-02   -2.4866716862e+00
    2.2909285501e-02   -2.4822680950e+00
    2.2919017822e-02   -2.4778754711e+00
    2.2929966450e-02   -2.4729492664e+00
    2.2939696908e-02   -2.4685847759e+00
    2.2949429229e-02   -2.4642345905e+00
    2.2959161550e-02   -2.4598982334e+00
    2.2968892008e-02   -2.4555747509e+00
    2.2979840636e-02   -2.4507248402e+00
    2.2989572957e-02   -2.4464254379e+00
    2.2999305278e-02   -2.4421353340e+00
    2.3009035736e-02   -2.4378542900e+00
    2.3019984365e-02   -2.4330482483e+00
    2.3029716685e-02   -2.4287858009e+00
    2.3039449006e-02   -2.4245324135e+00
    2.3049179465e-02   -2.4202897549e+00
    2.3058911785e-02   -2.4160590172e+00
    2.3069860414e-02   -2.4113156796e+00
    2.3079592735e-02   -2.4071159363e+00
    2.3089323193e-02   -2.4029328823e+00
    2.3099055514e-02   -2.3987674713e+00
    2.3108787835e-02   -2.3946199417e+00
    2.3119736463e-02   -2.3899753094e+00
    2.3129468784e-02   -2.3858656883e+00
    2.3139199242e-02   -2.3817737103e+00
    2.3148931563e-02   -2.3776988983e+00
    2.3159692064e-02   -2.3732140064e+00
    2.3169917986e-02   -2.3689763546e+00
    2.3179460317e-02   -2.3650429249e+00
    2.3189686239e-02   -2.3608469963e+00
    2.3199912161e-02   -2.3566682339e+00
    2.3209456354e-02   -2.3527879715e+00
    2.3219680414e-02   -2.3486552238e+00
    2.3229906335e-02   -2.3445487022e+00
    2.3239450529e-02   -2.3407382965e+00
    2.3249676451e-02   -2.3366785049e+00
    2.3259900510e-02   -2.3326423168e+00
    2.3269444704e-02   -2.3288979530e+00
    2.3279670626e-02   -2.3249092102e+00
    2.3289896548e-02   -2.3209424019e+00
    2.3299438879e-02   -2.3172588348e+00
    2.3309420794e-02   -2.3134255409e+00
    2.3319644853e-02   -2.3095180988e+00
    2.3329870775e-02   -2.3056321144e+00
    2.3339414969e-02   -2.3020260334e+00
    2.3349640891e-02   -2.2981851101e+00
    2.3359864950e-02   -2.2943682671e+00
    2.3369494826e-02   -2.2907969952e+00
    2.3379135877e-02   -2.2872438431e+00
    2.3389926180e-02   -2.2832937241e+00
    2.3399468511e-02   -2.2798278332e+00
    2.3409694433e-02   -2.2761454582e+00
    2.3419920355e-02   -2.2724936008e+00
    2.3429464549e-02   -2.2691111565e+00
    2.3439688608e-02   -2.2655174732e+00
    2.3449914530e-02   -2.2619552612e+00
    2.3459261283e-02   -2.2587256432e+00
    2.3469865322e-02   -2.2550904751e+00
    2.3479506373e-02   -2.2518095970e+00
    2.3489145562e-02   -2.2485506535e+00
    2.3499749601e-02   -2.2449903488e+00
    2.3509390652e-02   -2.2417743206e+00
    2.3519994691e-02   -2.2382588387e+00
    2.3529633880e-02   -2.2350835800e+00
    2.3539274931e-02   -2.2319288254e+00
    2.3549878970e-02   -2.2284815311e+00
    2.3558853194e-02   -2.2255823612e+00
    2.3569801822e-02   -2.2220685482e+00
    2.3579439148e-02   -2.2189953327e+00
    2.3589665070e-02   -2.2157530785e+00
    2.3599889129e-02   -2.2125253677e+00
    2.3609433323e-02   -2.2095222473e+00
    2.3619659245e-02   -2.2063119411e+00
    2.3629885167e-02   -2.2031073570e+00
    2.3639427498e-02   -2.2001175880e+00
    2.3649653420e-02   -2.1969125271e+00
    2.3659879342e-02   -2.1937043667e+00
    2.3669423535e-02   -2.1907069683e+00
    2.3679617792e-02   -2.1875026226e+00
    2.3689256981e-02   -2.1844694614e+00
    2.3699861020e-02   -2.1811296940e+00
    2.3708835244e-02   -2.1783010960e+00
    2.3719595745e-02   -2.1749079227e+00
    2.3729821667e-02   -2.1716804504e+00
    2.3739365861e-02   -2.1686649323e+00
    2.3749591783e-02   -2.1654272079e+00
    2.3759884760e-02   -2.1621599197e+00
    2.3769328371e-02   -2.1591577530e+00
    2.3779932410e-02   -2.1557803154e+00
    2.3789573461e-02   -2.1527042389e+00
    2.3799212649e-02   -2.1496276855e+00
    2.3809816688e-02   -2.1462471485e+00
    2.3819457740e-02   -2.1431784630e+00
    2.3829096928e-02   -2.1401157379e+00
    2.3839700967e-02   -2.1367568970e+00
    2.3849342018e-02   -2.1337153912e+00
    2.3859946057e-02   -2.1303837299e+00
    2.3869585246e-02   -2.1273677349e+00
    2.3879226297e-02   -2.1243627071e+00
    2.3889830336e-02   -2.1210699081e+00
    2.3899469525e-02   -2.1180908680e+00
    2.3909110576e-02   -2.1151282787e+00
    2.3919714615e-02   -2.1118915081e+00
    2.3929450661e-02   -2.1089439392e+00
    2.3939132690e-02   -2.1060388088e+00
    2.3949988186e-02   -2.1028120518e+00
    2.3959629238e-02   -2.0999794006e+00
    2.3969337344e-02   -2.0971624851e+00
    2.3979563266e-02   -2.0942373276e+00
    2.3989789188e-02   -2.0913543701e+00
    2.3999253288e-02   -2.0887229443e+00
    2.4009857327e-02   -2.0858168602e+00
    2.4019593373e-02   -2.0831899643e+00
    2.4029275402e-02   -2.0806219578e+00
    2.4039005861e-02   -2.0780856609e+00
    2.4049954489e-02   -2.0752835274e+00
    2.4059846997e-02   -2.0727958679e+00
    2.4069486186e-02   -2.0704143047e+00
    2.4079525843e-02   -2.0679788589e+00
    2.4089751765e-02   -2.0655446053e+00
    2.4099977687e-02   -2.0631585121e+00
    2.4109853432e-02   -2.0608985424e+00
    2.4119583890e-02   -2.0587110519e+00
    2.4129316211e-02   -2.0565598011e+00
    2.4139253423e-02   -2.0544011593e+00
    2.4149857461e-02   -2.0521397591e+00
    2.4158878252e-02   -2.0502462387e+00
    2.4169826880e-02   -2.0479800701e+00
    2.4179905653e-02   -2.0459237099e+00
    2.4189447984e-02   -2.0440061092e+00
    2.4199886248e-02   -2.0419428349e+00
    2.4209421128e-02   -2.0400860310e+00
    2.4219647050e-02   -2.0381209850e+00
    2.4229871109e-02   -2.0361835957e+00
    2.4239415303e-02   -2.0344004631e+00
    2.4249641225e-02   -2.0325169563e+00
    2.4259867147e-02   -2.0306603909e+00
    2.4269409478e-02   -2.0289492607e+00
    2.4279635400e-02   -2.0271372795e+00
    2.4289216846e-02   -2.0254597664e+00
    2.4299390614e-02   -2.0236988068e+00
    2.4309614673e-02   -2.0219492912e+00
    2.4319840595e-02   -2.0202248096e+00
    2.4329384789e-02   -2.0186381340e+00
    2.4339610711e-02   -2.0169591904e+00
    2.4349834770e-02   -2.0153024197e+00
    2.4359710515e-02   -2.0137252808e+00
    2.4369442835e-02   -2.0121922493e+00
    2.4379175156e-02   -2.0106782913e+00
    2.4388905615e-02   -2.0091841221e+00
    2.4399854243e-02   -2.0075278282e+00
    2.4409586564e-02   -2.0060768127e+00
    2.4419317022e-02   -2.0046446323e+00
    2.4429049343e-02   -2.0032339096e+00
    2.4439996108e-02   -2.0016756058e+00
    2.4449728429e-02   -2.0003192425e+00
    2.4459460750e-02   -1.9989910126e+00
    2.4469191208e-02   -1.9976915121e+00
    2.4478923529e-02   -1.9964216948e+00
    2.4489872158e-02   -1.9950309992e+00
    2.4499602616e-02   -1.9938296080e+00
    2.4509334937e-02   -1.9926614761e+00
    2.4519065395e-02   -1.9915269613e+00
    2.4528797716e-02   -1.9904261827e+00
    2.4539744481e-02   -1.9892284870e+00
    2.4549476802e-02   -1.9882005453e+00
    2.4559209123e-02   -1.9872082472e+00
    2.4568939582e-02   -1.9862521887e+00
    2.4579888210e-02   -1.9852205515e+00
    2.4589618668e-02   -1.9843430519e+00
    2.4599350989e-02   -1.9835032225e+00
    2.4609081447e-02   -1.9827009439e+00
    2.4618813768e-02   -1.9819355011e+00
    2.4629760534e-02   -1.9811172485e+00
    2.4639492854e-02   -1.9804266691e+00
    2.4649223313e-02   -1.9797695875e+00
    2.4658955634e-02   -1.9791454077e+00
    2.4669902399e-02   -1.9784817696e+00
    2.4679634720e-02   -1.9779250622e+00
    2.4689365178e-02   -1.9773983955e+00
    2.4699095637e-02   -1.9769005775e+00
    2.4708827958e-02   -1.9764302969e+00
    2.4719774723e-02   -1.9759325981e+00
    2.4729507044e-02   -1.9755169153e+00
    2.4739237502e-02   -1.9751253128e+00
    2.4748969823e-02   -1.9747570753e+00
    2.4759916589e-02   -1.9743690491e+00
    2.4769648910e-02   -1.9740457535e+00
    2.4779379368e-02   -1.9737411737e+00
    2.4789111689e-02   -1.9734538794e+00
    2.4798842147e-02   -1.9731826782e+00
    2.4809790775e-02   -1.9728962183e+00
    2.4819521233e-02   -1.9726580381e+00
    2.4829251692e-02   -1.9724357128e+00
    2.4838984013e-02   -1.9722293615e+00
    2.4849930778e-02   -1.9720153809e+00
    2.4859663099e-02   -1.9718407393e+00
    2.4869393557e-02   -1.9716796875e+00
    2.4879125878e-02   -1.9715309143e+00
    2.4888856336e-02   -1.9713939428e+00
    2.4899804965e-02   -1.9712535143e+00
    2.4909535423e-02   -1.9711415768e+00
    2.4919265881e-02   -1.9710426331e+00
    2.4928998202e-02   -1.9709573984e+00
    2.4939944968e-02   -1.9708796740e+00
    2.4949677289e-02   -1.9708284140e+00
    2.4959407747e-02   -1.9707934856e+00
    2.4969140068e-02   -1.9707757235e+00
    2.4978870526e-02   -1.9707769156e+00
    2.4989817291e-02   -1.9708018303e+00
    2.4999549612e-02   -1.9708452225e+00
    2.5009280071e-02   -1.9709084034e+00
    2.5019012392e-02   -1.9709911346e+00
    2.5029959157e-02   -1.9711079597e+00
    2.5039689615e-02   -1.9712332487e+00
    2.5049421936e-02   -1.9713784456e+00
    2.5059152395e-02   -1.9715430737e+00
    2.5068884715e-02   -1.9717271328e+00
    2.5079831481e-02   -1.9719576836e+00
    2.5089563802e-02   -1.9721835852e+00
    2.5099294260e-02   -1.9724297523e+00
    2.5109024718e-02   -1.9726964235e+00
    2.5119973347e-02   -1.9730213881e+00
    2.5129703805e-02   -1.9733319283e+00
    2.5139436126e-02   -1.9736624956e+00
    2.5149166584e-02   -1.9740124941e+00
    2.5158898905e-02   -1.9743810892e+00
    2.5169845670e-02   -1.9748167992e+00
    2.5179576129e-02   -1.9752212763e+00
    2.5189308450e-02   -1.9756406546e+00
    2.5199038908e-02   -1.9760744572e+00
    2.5209987536e-02   -1.9765787125e+00
    2.5219717994e-02   -1.9770400524e+00
    2.5229450315e-02   -1.9775125980e+00
    2.5239180773e-02   -1.9779955149e+00
    2.5248913094e-02   -1.9784884453e+00
    2.5259859860e-02   -1.9790554047e+00
    2.5269592181e-02   -1.9795703888e+00
    2.5279322639e-02   -1.9800971746e+00
    2.5289053097e-02   -1.9806377888e+00
    2.5298785418e-02   -1.9811942577e+00
    2.5309732184e-02   -1.9818427563e+00
    2.5319464505e-02   -1.9824421406e+00
    2.5329194963e-02   -1.9830645323e+00
    2.5338927284e-02   -1.9837108850e+00
    2.5349874049e-02   -1.9844660759e+00
    2.5359606370e-02   -1.9851613045e+00
    2.5369336829e-02   -1.9858777523e+00
    2.5379067287e-02   -1.9866139889e+00
    2.5388799608e-02   -1.9873698950e+00
    2.5399746373e-02   -1.9882447720e+00
    2.5409478694e-02   -1.9890458584e+00
    2.5419209152e-02   -1.9898707867e+00
    2.5428941473e-02   -1.9907215834e+00
    2.5439888239e-02   -1.9917103052e+00
    2.5449618697e-02   -1.9926176071e+00
    2.5459351018e-02   -1.9935497046e+00
    2.5469081476e-02   -1.9945045710e+00
    2.5478813797e-02   -1.9954795837e+00
    2.5489760563e-02   -1.9965981245e+00
    2.5499492884e-02   -1.9976105690e+00
    2.5509223342e-02   -1.9986398220e+00
    2.5518953800e-02   -1.9996864796e+00
    2.5529902428e-02   -2.0008862019e+00
    2.5539632887e-02   -2.0019743443e+00
    2.5549365208e-02   -2.0030851364e+00
    2.5559095666e-02   -2.0042195320e+00
    2.5568827987e-02   -2.0053768158e+00
    2.5579774752e-02   -2.0067043304e+00
    2.5589507073e-02   -2.0079045296e+00
    2.5599237531e-02   -2.0091223717e+00
    2.5608969852e-02   -2.0103566647e+00
    2.5619916618e-02   -2.0117654800e+00
    2.5629648939e-02   -2.0130357742e+00
    2.5639379397e-02   -2.0143246651e+00
    2.5649111718e-02   -2.0156326294e+00
    2.5658842176e-02   -2.0169601440e+00
    2.5669790804e-02   -2.0184764862e+00
    2.5679521263e-02   -2.0198431015e+00
    2.5689253584e-02   -2.0212266445e+00
    2.5698984042e-02   -2.0226268768e+00
    2.5709932670e-02   -2.0242218971e+00
    2.5719663128e-02   -2.0256581306e+00
    2.5729395449e-02   -2.0271117687e+00
    2.5739125907e-02   -2.0285840034e+00
    2.5748858228e-02   -2.0300769806e+00
    2.5759804994e-02   -2.0317823887e+00
    2.5769537315e-02   -2.0333235264e+00
    2.5779267773e-02   -2.0348894596e+00
    2.5789000094e-02   -2.0364816189e+00
    2.5799946859e-02   -2.0383067131e+00
    2.5809679180e-02   -2.0399601460e+00
    2.5819409639e-02   -2.0416440964e+00
    2.5829141960e-02   -2.0433592796e+00
    2.5838872418e-02   -2.0451045036e+00
    2.5849821046e-02   -2.0471026897e+00
    2.5859551504e-02   -2.0489091873e+00
    2.5869283825e-02   -2.0507431030e+00
    2.5879014283e-02   -2.0526037216e+00
    2.5889962912e-02   -2.0547299385e+00
    2.5899695233e-02   -2.0566506386e+00
    2.5909425691e-02   -2.0586020947e+00
    2.5919158012e-02   -2.0605852604e+00
    2.5928888470e-02   -2.0626015663e+00
    2.5939837098e-02   -2.0649094582e+00
    2.5949567556e-02   -2.0669953823e+00
    2.5959299877e-02   -2.0691132545e+00
    2.5969032198e-02   -2.0712623596e+00
    2.5979978964e-02   -2.0737166405e+00
    2.5989711285e-02   -2.0759298801e+00
    2.5999441743e-02   -2.0781714916e+00
    2.6009174064e-02   -2.0804400444e+00
    2.6018904522e-02   -2.0827333927e+00
    2.6029853150e-02   -2.0853400230e+00
    2.6039585471e-02   -2.0876779556e+00
    2.6049315929e-02   -2.0900340080e+00
    2.6059048250e-02   -2.0924069881e+00
    2.6069995016e-02   -2.0950965881e+00
    2.6079727337e-02   -2.0975055695e+00
    2.6089457795e-02   -2.0999319553e+00
    2.6099190116e-02   -2.1023764610e+00
    2.6108922437e-02   -2.1048390865e+00
    2.6119869202e-02   -2.1076307297e+00
    2.6129601523e-02   -2.1101305485e+00
    2.6139331982e-02   -2.1126465797e+00
    2.6149064302e-02   -2.1151781082e+00
    2.6158794761e-02   -2.1177244186e+00
    2.6169743389e-02   -2.1206064224e+00
    2.6179475710e-02   -2.1231834888e+00
    2.6189206168e-02   -2.1257746220e+00
    2.6198938489e-02   -2.1283810139e+00
    2.6209885255e-02   -2.1313314438e+00
    2.6219617575e-02   -2.1339719296e+00
    2.6229348034e-02   -2.1366302967e+00
    2.6239080355e-02   -2.1393070221e+00
    2.6248810813e-02   -2.1420028210e+00
    2.6259759441e-02   -2.1450586319e+00
    2.6269491762e-02   -2.1477952003e+00
    2.6279222220e-02   -2.1505510807e+00
    2.6288954541e-02   -2.1533265114e+00
    2.6299901307e-02   -2.1564729214e+00
    2.6309633628e-02   -2.1592919827e+00
    2.6319364086e-02   -2.1621327400e+00
    2.6329096407e-02   -2.1649956703e+00
    2.6338828728e-02   -2.1678807735e+00
    2.6349775493e-02   -2.1711525917e+00
    2.6359507814e-02   -2.1740837097e+00
    2.6369238272e-02   -2.1770353317e+00
    2.6378970593e-02   -2.1800072193e+00
    2.6389917359e-02   -2.1833746433e+00
    2.6399649680e-02   -2.1863887310e+00
    2.6409380138e-02   -2.1894228458e+00
    2.6419112459e-02   -2.1924765110e+00
    2.6428844780e-02   -2.1955499649e+00
    2.6439791545e-02   -2.1990313530e+00
    2.6449523866e-02   -2.2021470070e+00
    2.6459254324e-02   -2.2052826881e+00
    2.6468986645e-02   -2.2084383965e+00
    2.6479933411e-02   -2.2120110989e+00
    2.6489665732e-02   -2.2152059078e+00
    2.6499396190e-02   -2.2184169292e+00
    2.6509128511e-02   -2.2216429710e+00
    2.6518860832e-02   -2.2248826027e+00
    2.6529807597e-02   -2.2285418510e+00
    2.6539539918e-02   -2.2318074703e+00
    2.6549270377e-02   -2.2350852489e+00
    2.6559002697e-02   -2.2383744717e+00
    2.6569949463e-02   -2.2420892715e+00
    2.6579681784e-02   -2.2454035282e+00
    2.6589412242e-02   -2.2487292290e+00
    2.6599144563e-02   -2.2520666122e+00
    2.6608875021e-02   -2.2554161549e+00
    2.6619823650e-02   -2.2591986656e+00
    2.6629554108e-02   -2.2625732422e+00
    2.6639286429e-02   -2.2659590244e+00
    2.6649018750e-02   -2.2693552971e+00
    2.6659965515e-02   -2.2731871605e+00
    2.6669697836e-02   -2.2766017914e+00
    2.6679428294e-02   -2.2800238132e+00
    2.6689160615e-02   -2.2834522724e+00
    2.6698891073e-02   -2.2868869305e+00
    2.6709839702e-02   -2.2907586098e+00
    2.6719570160e-02   -2.2942066193e+00
    2.6729302481e-02   -2.2976610661e+00
    2.6739034802e-02   -2.3011219501e+00
    2.6749981567e-02   -2.3050222397e+00
    2.6759713888e-02   -2.3084952831e+00
    2.6769444346e-02   -2.3119730949e+00
    2.6779176667e-02   -2.3154544830e+00
    2.6788907126e-02   -2.3189387321e+00
    2.6799855754e-02   -2.3228609562e+00
    2.6809588075e-02   -2.3263487816e+00
    2.6819318533e-02   -2.3298375607e+00
    2.6829050854e-02   -2.3333270550e+00
    2.6839997619e-02   -2.3372538090e+00
    2.6849729940e-02   -2.3407461643e+00
    2.6859462261e-02   -2.3442413807e+00
    2.6869192719e-02   -2.3477408886e+00
    2.6878925040e-02   -2.3512451649e+00
    2.6889871806e-02   -2.3551948071e+00
    2.6899604127e-02   -2.3587129116e+00
    2.6909336448e-02   -2.3622384071e+00
    2.6919066906e-02   -2.3657715321e+00
    2.6928799227e-02   -2.3693118095e+00
    2.6939745992e-02   -2.3733034134e+00
    2.6949478313e-02   -2.3768589497e+00
    2.6959210634e-02   -2.3804214001e+00
    2.6968941092e-02   -2.3839914799e+00
    2.6979889721e-02   -2.3880176544e+00
    2.6989620179e-02   -2.3916058540e+00
    2.6999352500e-02   -2.3952035904e+00
    2.7009084821e-02   -2.3988120556e+00
    2.7018815279e-02   -2.4024317265e+00
    2.7029763907e-02   -2.4065184593e+00
    2.7039494365e-02   -2.4101638794e+00
    2.7049226686e-02   -2.4138224125e+00
    2.7058959007e-02   -2.4174947739e+00
    2.7069905773e-02   -2.4216437340e+00
    2.7079638094e-02   -2.4253482819e+00
    2.7089370415e-02   -2.4290680885e+00
    2.7099100873e-02   -2.4328026772e+00
    2.7108833194e-02   -2.4365518093e+00
    2.7119781822e-02   -2.4407863617e+00
    2.7129512280e-02   -2.4445650578e+00
    2.7139244601e-02   -2.4483578205e+00
    2.7148976922e-02   -2.4521648884e+00
    2.7159923688e-02   -2.4564661980e+00
    2.7169656008e-02   -2.4603052139e+00
    2.7179388329e-02   -2.4641590118e+00
    2.7189120650e-02   -2.4680268764e+00
    2.7198851109e-02   -2.4719083309e+00
    2.7209799737e-02   -2.4762904644e+00
    2.7219532058e-02   -2.4801981449e+00
    2.7229262516e-02   -2.4841163158e+00
    2.7238994837e-02   -2.4880437851e+00
    2.7249943465e-02   -2.4924719334e+00
    2.7259675786e-02   -2.4964158535e+00
    2.7269406244e-02   -2.5003671646e+00
    2.7279138565e-02   -2.5043249130e+00
    2.7288870886e-02   -2.5082890987e+00
    2.7299819514e-02   -2.5127568245e+00
    2.7309549972e-02   -2.5167360306e+00
    2.7319282293e-02   -2.5207228661e+00
    2.7329014614e-02   -2.5247170925e+00
    2.7339963242e-02   -2.5292191505e+00
    2.7349695563e-02   -2.5332276821e+00
    2.7359426022e-02   -2.5372421741e+00
    2.7369158342e-02   -2.5412619114e+00
    2.7378890663e-02   -2.5452861786e+00
    2.7389839292e-02   -2.5498185158e+00
    2.7399571612e-02   -2.5538516045e+00
    2.7409302071e-02   -2.5578906536e+00
    2.7419034392e-02   -2.5619361401e+00
    2.7429983020e-02   -2.5664966106e+00
    2.7439715341e-02   -2.5705595016e+00
    2.7449447662e-02   -2.5746314526e+00
    2.7459178120e-02   -2.5787134171e+00
    2.7468910441e-02   -2.5828051567e+00
    2.7479859069e-02   -2.5874207020e+00
    2.7489591390e-02   -2.5915336609e+00
    2.7499323711e-02   -2.5956568718e+00
    2.7509056032e-02   -2.5997908115e+00
    2.7518788353e-02   -2.6039361954e+00
    2.7529735118e-02   -2.6086142063e+00
    2.7539467439e-02   -2.6127851009e+00
    2.7549199760e-02   -2.6169686317e+00
    2.7558932081e-02   -2.6211640835e+00
    2.7569880709e-02   -2.6258981228e+00
    2.7579613030e-02   -2.6301181316e+00
    2.7589345351e-02   -2.6343491077e+00
    2.7599075809e-02   -2.6385903358e+00
    2.7608808130e-02   -2.6428420544e+00
    2.7619756758e-02   -2.6476371288e+00
    2.7629489079e-02   -2.6519103050e+00
    2.7639221400e-02   -2.6561937332e+00
    2.7648953721e-02   -2.6604871750e+00
    2.7659902349e-02   -2.6653292179e+00
    2.7669634670e-02   -2.6696438789e+00
    2.7679366991e-02   -2.6739680767e+00
    2.7689097449e-02   -2.6783020496e+00
    2.7698829770e-02   -2.6826453209e+00
    2.7709778398e-02   -2.6875429153e+00
    2.7719510719e-02   -2.6919062138e+00
    2.7729243040e-02   -2.6962788105e+00
    2.7738975361e-02   -2.7006611824e+00
    2.7749923989e-02   -2.7056028843e+00
    2.7759656310e-02   -2.7100059986e+00
    2.7769388631e-02   -2.7144184113e+00
    2.7779119089e-02   -2.7188403606e+00
    2.7788851410e-02   -2.7232720852e+00
    2.7799800038e-02   -2.7282688618e+00
    2.7809532359e-02   -2.7327206135e+00
    2.7819264680e-02   -2.7371816635e+00
    2.7828997001e-02   -2.7416517735e+00
    2.7839945629e-02   -2.7466902733e+00
    2.7849677950e-02   -2.7511773109e+00
    2.7859410271e-02   -2.7556715012e+00
    2.7869142592e-02   -2.7601723671e+00
    2.7878873050e-02   -2.7646799088e+00
    2.7889821678e-02   -2.7697587013e+00
    2.7899553999e-02   -2.7742800713e+00
    2.7909286320e-02   -2.7788074017e+00
    2.7919018641e-02   -2.7833409309e+00
    2.7929967269e-02   -2.7884480953e+00
    2.7939699590e-02   -2.7929933071e+00
    2.7949431911e-02   -2.7975437641e+00
    2.7959164232e-02   -2.8020992279e+00
    2.7968896553e-02   -2.8066601753e+00
    2.7979845181e-02   -2.8117969036e+00
    2.7989577502e-02   -2.8163683414e+00
    2.7999309823e-02   -2.8209450245e+00
    2.8009042144e-02   -2.8255267143e+00
    2.8019990772e-02   -2.8306870461e+00
    2.8029723093e-02   -2.8352785110e+00
    2.8039455414e-02   -2.8398733139e+00
    2.8049185872e-02   -2.8444695473e+00
    2.8058918193e-02   -2.8490657806e+00
    2.8069866821e-02   -2.8542349339e+00
    2.8079599142e-02   -2.8588285446e+00
    2.8089331463e-02   -2.8634209633e+00
    2.8099063784e-02   -2.8680133820e+00
    2.8108796105e-02   -2.8726058006e+00
    2.8119744733e-02   -2.8777720928e+00
    2.8129477054e-02   -2.8823633194e+00
    2.8139209375e-02   -2.8869514465e+00
    2.8148941696e-02   -2.8915343285e+00
    2.8159890324e-02   -2.8966827393e+00
    2.8169622645e-02   -2.9012517929e+00
    2.8179354966e-02   -2.9058158398e+00
    2.8189087287e-02   -2.9103770256e+00
    2.8198819607e-02   -2.9149382114e+00
    2.8209768236e-02   -2.9200727940e+00
    2.8219500557e-02   -2.9246404171e+00
    2.8229232877e-02   -2.9292111397e+00
    2.8238965198e-02   -2.9337842464e+00
    2.8249913827e-02   -2.9389302731e+00
    2.8259646147e-02   -2.9435036182e+00
    2.8269378468e-02   -2.9480743408e+00
    2.8279110789e-02   -2.9526419640e+00
    2.8288843110e-02   -2.9572057724e+00
    2.8299791738e-02   -2.9623363018e+00
    2.8309524059e-02   -2.9668948650e+00
    2.8319256380e-02   -2.9714531898e+00
    2.8328988701e-02   -2.9760127068e+00
    2.8339937329e-02   -2.9811441898e+00
    2.8349669650e-02   -2.9857079983e+00
    2.8359401971e-02   -2.9902734756e+00
    2.8369134292e-02   -2.9948384762e+00
    2.8378866613e-02   -2.9994003773e+00
    2.8389815241e-02   -3.0045266151e+00
    2.8399547562e-02   -3.0090775490e+00
    2.8409279883e-02   -3.0136241913e+00
    2.8419012204e-02   -3.0181691647e+00
    2.8429960832e-02   -3.0232820511e+00
    2.8439693153e-02   -3.0278286934e+00
    2.8449425474e-02   -3.0323774815e+00
    2.8459157795e-02   -3.0369267464e+00
    2.8468890116e-02   -3.0414745808e+00
    2.8479838744e-02   -3.0465855598e+00
    2.8489571065e-02   -3.0511212349e+00
    2.8499303386e-02   -3.0556485653e+00
    2.8509035707e-02   -3.0601677895e+00
    2.8519984335e-02   -3.0652437210e+00
    2.8529716656e-02   -3.0697491169e+00
    2.8539448977e-02   -3.0742485523e+00
    2.8549181297e-02   -3.0787410736e+00
    2.8558913618e-02   -3.0832247734e+00
    2.8569862247e-02   -3.0882556438e+00
    2.8579594567e-02   -3.0927155018e+00
    2.8589326888e-02   -3.0971639156e+00
    2.8599059209e-02   -3.1016025543e+00
    2.8608791530e-02   -3.1060338020e+00
    2.8619740158e-02   -3.1110138893e+00
    2.8629472479e-02   -3.1154396534e+00
    2.8639204800e-02   -3.1198666096e+00
    2.8648937121e-02   -3.1242954731e+00
    2.8659885749e-02   -3.1292779446e+00
    2.8669618070e-02   -3.1337051392e+00
    2.8679350391e-02   -3.1381282806e+00
    2.8689082712e-02   -3.1425440311e+00
    2.8698815033e-02   -3.1469492912e+00
    2.8709765524e-02   -3.1518893242e+00
    2.8719497845e-02   -3.1562650204e+00
    2.8729230165e-02   -3.1606271267e+00
    2.8738960624e-02   -3.1649785042e+00
    2.8749911115e-02   -3.1698658466e+00
    2.8759643435e-02   -3.1742057800e+00
    2.8769375756e-02   -3.1785435677e+00
    2.8779108077e-02   -3.1828801632e+00
    2.8788840398e-02   -3.1872148514e+00
    2.8799789026e-02   -3.1920886040e+00
    2.8809521347e-02   -3.1964178085e+00
    2.8819253668e-02   -3.2007439137e+00
    2.8828985989e-02   -3.2050685883e+00
    2.8839934617e-02   -3.2099328041e+00
    2.8849666938e-02   -3.2142546177e+00
    2.8859399259e-02   -3.2185733318e+00
    2.8869129717e-02   -3.2228870392e+00
    2.8878862038e-02   -3.2271952629e+00
    2.8889810666e-02   -3.2320373058e+00
    2.8899542987e-02   -3.2363386154e+00
    2.8909275308e-02   -3.2406375408e+00
    2.8919007629e-02   -3.2449338436e+00
    2.8929956257e-02   -3.2497634888e+00
    2.8939688578e-02   -3.2540528774e+00
    2.8949420899e-02   -3.2583386898e+00
    2.8959153220e-02   -3.2626194954e+00
    2.8968883678e-02   -3.2668936253e+00
    2.8979832307e-02   -3.2716941833e+00
    2.8989564627e-02   -3.2759542465e+00
    2.8999296948e-02   -3.2802090645e+00
    2.9009029269e-02   -3.2844605446e+00
    2.9019976035e-02   -3.2892417908e+00
    2.9029708356e-02   -3.2934939861e+00
    2.9039440677e-02   -3.2977514267e+00
    2.9049172997e-02   -3.3020160198e+00
    2.9058903456e-02   -3.3062896729e+00
    2.9069852084e-02   -3.3111109734e+00
    2.9079584405e-02   -3.3154084682e+00
    2.9089316726e-02   -3.3197169304e+00
    2.9099047184e-02   -3.3240337372e+00
    2.9109995812e-02   -3.3288958073e+00
    2.9119728133e-02   -3.3332204819e+00
    2.9129458591e-02   -3.3375484943e+00
    2.9139190912e-02   -3.3418815136e+00
    2.9148923233e-02   -3.3462209702e+00
    2.9159869999e-02   -3.3511123657e+00
    2.9169602320e-02   -3.3554680347e+00
    2.9179334641e-02   -3.3598294258e+00
    2.9189065099e-02   -3.3641948700e+00
    2.9198797420e-02   -3.3685619831e+00
    2.9209744185e-02   -3.3734745979e+00
    2.9219476506e-02   -3.3778400421e+00
    2.9229206964e-02   -3.3822040558e+00
    2.9238939285e-02   -3.3865675926e+00
    2.9249887913e-02   -3.3914773464e+00
    2.9259618372e-02   -3.3958425522e+00
    2.9269350693e-02   -3.4002082348e+00
    2.9279081151e-02   -3.4045732021e+00
    2.9288813472e-02   -3.4089343548e+00
    2.9299760237e-02   -3.4138314724e+00
    2.9309492558e-02   -3.4181721210e+00
    2.9319223017e-02   -3.4224972725e+00
    2.9328955337e-02   -3.4268043041e+00
    2.9339902103e-02   -3.4316248894e+00
    2.9349634424e-02   -3.4358856678e+00
    2.9359364882e-02   -3.4401223660e+00
    2.9369095340e-02   -3.4443347454e+00
    2.9378827661e-02   -3.4485232830e+00
    2.9389774427e-02   -3.4532065392e+00
    2.9399506748e-02   -3.4573421478e+00
    2.9409237206e-02   -3.4614500999e+00
    2.9418969527e-02   -3.4655289650e+00
    2.9429916292e-02   -3.4700789452e+00
    2.9439646751e-02   -3.4740858078e+00
    2.9449379072e-02   -3.4780535698e+00
    2.9459109530e-02   -3.4819788933e+00
    2.9468839988e-02   -3.4858610630e+00
    2.9479788616e-02   -3.4901754856e+00
    2.9489519075e-02   -3.4939610958e+00
    2.9499249533e-02   -3.4976990223e+00
    2.9508981854e-02   -3.5013885498e+00
    2.9519928619e-02   -3.5054781437e+00
    2.9529659078e-02   -3.5090596676e+00
    2.9539391398e-02   -3.5125904083e+00
    2.9549121857e-02   -3.5160682201e+00
    2.9558852315e-02   -3.5194962025e+00
    2.9569799080e-02   -3.5232968330e+00
    2.9579529539e-02   -3.5266301632e+00
    2.9589261860e-02   -3.5299270153e+00
    2.9598992318e-02   -3.5331885815e+00
    2.9609939083e-02   -3.5368142128e+00
    2.9619669542e-02   -3.5399985313e+00
    2.9629401863e-02   -3.5431447029e+00
    2.9639132321e-02   -3.5462527275e+00
    2.9648862779e-02   -3.5493228436e+00
    2.9659809545e-02   -3.5527310371e+00
    2.9669540003e-02   -3.5557212830e+00
    2.9679272324e-02   -3.5586781502e+00
    2.9689002782e-02   -3.5616066456e+00
    2.9699949548e-02   -3.5648756027e+00
    2.9709680006e-02   -3.5677649975e+00
    2.9719410464e-02   -3.5706415176e+00
    2.9729140922e-02   -3.5735039711e+00
    2.9738871381e-02   -3.5763490200e+00
    2.9749820009e-02   -3.5795216560e+00
    2.9759550467e-02   -3.5823085308e+00
    2.9769480228e-02   -3.5851142406e+00
    2.9779706150e-02   -3.5879507065e+00
    2.9789932072e-02   -3.5907242298e+00
    2.9799476266e-02   -3.5932614803e+00
    2.9809700325e-02   -3.5959358215e+00
    2.9819926247e-02   -3.5985701084e+00
    2.9829470441e-02   -3.6009967327e+00
    2.9839696363e-02   -3.6035637856e+00
    2.9849920422e-02   -3.6060976982e+00
    2.9859464616e-02   -3.6084313393e+00
    2.9869690537e-02   -3.6108903885e+00
    2.9879916459e-02   -3.6132988930e+00
    2.9889827594e-02   -3.6155769825e+00
    2.9899468645e-02   -3.6177363396e+00
    2.9909575358e-02   -3.6199407578e+00
    2.9919801280e-02   -3.6221010685e+00
    2.9929345474e-02   -3.6240539551e+00
    2.9939571396e-02   -3.6260907650e+00
    2.9949795455e-02   -3.6280810833e+00
    2.9959339648e-02   -3.6298971176e+00
    2.9969565570e-02   -3.6317934990e+00
    2.9979791492e-02   -3.6336328983e+00
    2.9989333823e-02   -3.6352949142e+00
    2.9999559745e-02   -3.6370148659e+00
    3.0000241473e-02   -3.6371271610e+00
