      3002
    0.0000000000e+00    0.0000000000e+00
    9.7362280940e-06   -5.2290732810e-07
    1.9472456188e-05   -1.9754277218e-06
    2.9208684282e-05   -4.3575610107e-06
    3.8944912376e-05   -7.6693077062e-06
    4.9898168072e-05   -1.2506199710e-05
    5.9634396166e-05   -1.7793374354e-05
    6.9370624260e-05   -2.4010161724e-05
    7.9106852354e-05   -3.1156559999e-05
    8.8843080448e-05   -3.9232574636e-05
    9.9796336144e-05   -4.9429265346e-05
    1.0953256424e-04   -5.9480702475e-05
    1.1923941929e-04   -7.0427231549e-05
    1.2928200886e-04   -8.2724880485e-05
    1.3919382764e-04   -9.5832183433e-05
    1.4983341680e-04   -1.1097404786e-04
    1.5979130694e-04   -1.2614807929e-04
    1.6966363182e-04   -1.4147876936e-04
    1.7999549164e-04   -1.4628465578e-04
    1.8954776169e-04   -5.6699279230e-04
    1.9904421060e-04   -1.1388437124e-03
    2.0999737899e-04   -1.6005785437e-03
    2.1973351249e-04   -1.9860474858e-03
    2.2946963145e-04   -2.3099358659e-03
    2.3920576496e-04   -2.6550067123e-03
    2.4894194212e-04   -3.0951471999e-03
    2.5989516871e-04   -3.6174347624e-03
    2.6963136042e-04   -4.1027269326e-03
    2.7936755214e-04   -4.6556158923e-03
    2.8910374385e-04   -5.2892882377e-03
    2.9883993557e-04   -5.9911659919e-03
    3.0979316216e-04   -6.8420227617e-03
    3.1952935387e-04   -7.6367608272e-03
    3.2926554559e-04   -8.4544196725e-03
    3.3900170820e-04   -9.2972023413e-03
    3.4995490569e-04   -1.0302843526e-02
    3.5969106830e-04   -1.1281113140e-02
    3.6942723091e-04   -1.2340845540e-02
    3.7916333531e-04   -1.3457526453e-02
    3.8889943971e-04   -1.4603142627e-02
    3.9985252079e-04   -1.5893146396e-02
    4.0958859609e-04   -1.7036948353e-02
    4.1932461318e-04   -1.8190419301e-02
    4.2906065937e-04   -1.9355984405e-02
    4.3879664736e-04   -2.0540194586e-02
    4.4974964112e-04   -2.1912617609e-02
    4.5948562911e-04   -2.3187790066e-02
    4.6922161710e-04   -2.4521304294e-02
    4.7895760508e-04   -2.5895532221e-02
    4.8991054064e-04   -2.7466068044e-02
    4.9964652862e-04   -2.8880108148e-02
    5.0938245840e-04   -3.0321827158e-02
    5.1911838818e-04   -3.1801611185e-02
    5.2885431796e-04   -3.3317912370e-02
    5.3980719531e-04   -3.5060100257e-02
    5.4954312509e-04   -3.6642458290e-02
    5.5927899666e-04   -3.8262303919e-02
    5.6901486823e-04   -3.9922580123e-02
    5.7996774558e-04   -4.1834559292e-02
    5.8970367536e-04   -4.3565846980e-02
    5.9943954693e-04   -4.5325547457e-02
    6.0917536030e-04   -4.7119185328e-02
    6.1891123187e-04   -4.8952091485e-02
    6.2986405101e-04   -5.1058236510e-02
    6.3959986437e-04   -5.2956055850e-02
    6.4933567774e-04   -5.4864361882e-02
    6.5907149110e-04   -5.6781750172e-02
    6.6880724626e-04   -5.8716200292e-02
    6.7976000719e-04   -6.0924090445e-02
    6.8949576234e-04   -6.2918923795e-02
    6.9923145929e-04   -6.4942993224e-02
    7.0896715624e-04   -6.7000865936e-02
    7.1991980076e-04   -6.9369763136e-02
    7.2965549771e-04   -7.1533240378e-02
    7.3939119466e-04   -7.3752693832e-02
    7.4912689161e-04   -7.6020218432e-02
    7.5886253035e-04   -7.8328624368e-02
    7.6981511666e-04   -8.0974765122e-02
    7.7955081360e-04   -8.3373114467e-02
    7.8928645235e-04   -8.5814237595e-02
    7.9902209109e-04   -8.8292501867e-02
    8.0997467740e-04   -9.1120205820e-02
    8.1971025793e-04   -9.3674793839e-02
    8.2944583846e-04   -9.6277199686e-02
    8.3918141900e-04   -9.8932780325e-02
    8.4891694132e-04   -1.0164044052e-01
    8.5986941122e-04   -1.0474275053e-01
    8.6960493354e-04   -1.0754883289e-01
    8.7934039766e-04   -1.1040271074e-01
    8.8907591999e-04   -1.1330565810e-01
    8.9881138410e-04   -1.1625614017e-01
    9.0976385400e-04   -1.1962748319e-01
    9.1949937632e-04   -1.2266929448e-01
    9.2923484044e-04   -1.2575784326e-01
    9.3897036277e-04   -1.2889099121e-01
    9.4992277445e-04   -1.3240861893e-01
    9.5965829678e-04   -1.3546288013e-01
    9.6939376090e-04   -1.3839896023e-01
    9.7912922502e-04   -1.4117133617e-01
    9.8886457272e-04   -1.4378851652e-01
    9.9981692620e-04   -1.4653813839e-01
    1.0095523903e-03   -1.4877469838e-01
    1.0192877380e-03   -1.5082909167e-01
    1.0290229693e-03   -1.5269935131e-01
    1.0399750900e-03   -1.5456572175e-01
    1.0497102048e-03   -1.5603305399e-01
    1.0594453197e-03   -1.5730072558e-01
    1.0691803182e-03   -1.5831735730e-01
    1.0789153166e-03   -1.5907390416e-01
    1.0898672044e-03   -1.5964515507e-01
    1.0996020865e-03   -1.5995684266e-01
    1.1093369685e-03   -1.6013245285e-01
    1.1190717341e-03   -1.6018965840e-01
    1.1288063833e-03   -1.6013300419e-01
    1.1397578055e-03   -1.5995921195e-01
    1.1494923383e-03   -1.5975332260e-01
    1.1592267547e-03   -1.5954102576e-01
    1.1689610546e-03   -1.5934197605e-01
    1.1799120111e-03   -1.5913544595e-01
    1.1896460783e-03   -1.5897686779e-01
    1.1993800290e-03   -1.5884956717e-01
    1.2091139797e-03   -1.5874104202e-01
    1.2188478140e-03   -1.5865196288e-01
    1.2297983048e-03   -1.5859201550e-01
    1.2395319063e-03   -1.5856568515e-01
    1.2492653914e-03   -1.5855595469e-01
    1.2589987600e-03   -1.5858910978e-01
    1.2699486688e-03   -1.5870571136e-01
    1.2796819210e-03   -1.5887890756e-01
    1.2894149404e-03   -1.5912498534e-01
    1.2991479598e-03   -1.5945068002e-01
    1.3088809792e-03   -1.5985396504e-01
    1.3198305387e-03   -1.6039666533e-01
    1.3295634417e-03   -1.6092737019e-01
    1.3392963447e-03   -1.6147956252e-01
    1.3490293641e-03   -1.6206552088e-01
    1.3599788072e-03   -1.6277013719e-01
    1.3697117101e-03   -1.6343621910e-01
    1.3794444967e-03   -1.6414868832e-01
    1.3891771669e-03   -1.6490279138e-01
    1.3989098370e-03   -1.6569417715e-01
    1.4098590473e-03   -1.6662503779e-01
    1.4195917174e-03   -1.6746996343e-01
    1.4293243876e-03   -1.6831235588e-01
    1.4390570577e-03   -1.6913527250e-01
    1.4487897279e-03   -1.6993281245e-01
    1.4597390546e-03   -1.7081215978e-01
    1.4694718411e-03   -1.7159053683e-01
    1.4792046277e-03   -1.7237550020e-01
    1.4889371814e-03   -1.7317697406e-01
    1.4998862753e-03   -1.7410960793e-01
    1.5096187126e-03   -1.7497873306e-01
    1.5193511499e-03   -1.7589382827e-01
    1.5290833544e-03   -1.7685267329e-01
    1.5388155589e-03   -1.7784978449e-01
    1.5497640707e-03   -1.7901179194e-01
    1.5594960423e-03   -1.8008089066e-01
    1.5692280140e-03   -1.8118932843e-01
    1.5789598692e-03   -1.8233597279e-01
    1.5899082646e-03   -1.8365588784e-01
    1.5996401198e-03   -1.8484339118e-01
    1.6093719751e-03   -1.8603341281e-01
    1.6191038303e-03   -1.8721826375e-01
    1.6288358020e-03   -1.8840911984e-01
    1.6397841973e-03   -1.8978975713e-01
    1.6495162854e-03   -1.9107677042e-01
    1.6592483735e-03   -1.9242264330e-01
    1.6689804615e-03   -1.9382180274e-01
    1.6799290897e-03   -1.9545009732e-01
    1.6896612942e-03   -1.9693233073e-01
    1.6993934987e-03   -1.9843760133e-01
    1.7091257032e-03   -1.9995711744e-01
    1.7188580241e-03   -2.0148493350e-01
    1.7298067687e-03   -2.0321449637e-01
    1.7395390896e-03   -2.0475892723e-01
    1.7492715269e-03   -2.0630349219e-01
    1.7590038478e-03   -2.0784454048e-01
    1.7699527089e-03   -2.0957435668e-01
    1.7796851462e-03   -2.1111179888e-01
    1.7894174671e-03   -2.1264900267e-01
    1.7991499044e-03   -2.1418696642e-01
    1.8088822253e-03   -2.1573266387e-01
    1.8198310863e-03   -2.1749849617e-01
    1.8295634072e-03   -2.1910686791e-01
    1.8392956117e-03   -2.2075927258e-01
    1.8490276998e-03   -2.2245863080e-01
    1.8599763280e-03   -2.2439645231e-01
    1.8697082996e-03   -2.2613081336e-01
    1.8794402713e-03   -2.2788125277e-01
    1.8891721265e-03   -2.2963111103e-01
    1.8989038654e-03   -2.3138140142e-01
    1.9098520279e-03   -2.3334422708e-01
    1.9195835339e-03   -2.3506715894e-01
    1.9293149235e-03   -2.3678569496e-01
    1.9390461966e-03   -2.3852024972e-01
    1.9499937771e-03   -2.4049352109e-01
    1.9597248174e-03   -2.4225690961e-01
    1.9694557413e-03   -2.4401067197e-01
    1.9791866653e-03   -2.4574647844e-01
    1.9889173564e-03   -2.4746727943e-01
    1.9998645876e-03   -2.4939543009e-01
    2.0095950458e-03   -2.5111395121e-01
    2.0193257369e-03   -2.5283950567e-01
    2.0290561952e-03   -2.5457119942e-01
    2.0387866534e-03   -2.5631207228e-01
    2.0497331861e-03   -2.5827690959e-01
    2.0594631787e-03   -2.6000085473e-01
    2.0691934042e-03   -2.6166513562e-01
    2.0789231639e-03   -2.6323983073e-01
    2.0898692310e-03   -2.6487395167e-01
    2.0995989908e-03   -2.6617944241e-01
    2.1093285177e-03   -2.6734289527e-01
    2.1190578118e-03   -2.6840320230e-01
    2.1287871059e-03   -2.6942703128e-01
    2.1397322416e-03   -2.7057731152e-01
    2.1494613029e-03   -2.7157798409e-01
    2.1591901314e-03   -2.7252390981e-01
    2.1689187270e-03   -2.7338588238e-01
    2.1798636299e-03   -2.7422568202e-01
    2.1895922255e-03   -2.7486032248e-01
    2.1993205883e-03   -2.7543264627e-01
    2.2090489510e-03   -2.7600541711e-01
    2.2199931554e-03   -2.7673628926e-01
    2.2297215182e-03   -2.7750277519e-01
    2.2394494154e-03   -2.7838250995e-01
    2.2491775453e-03   -2.7937510610e-01
    2.2589054424e-03   -2.8047394753e-01
    2.2698494140e-03   -2.8182077408e-01
    2.2795773111e-03   -2.8309640288e-01
    2.2893052083e-03   -2.8442665935e-01
    2.2990328725e-03   -2.8580632806e-01
    2.3099766113e-03   -2.8742820024e-01
    2.3197045084e-03   -2.8894051909e-01
    2.3294319399e-03   -2.9051533341e-01
    2.3391596042e-03   -2.9214122891e-01
    2.3488872685e-03   -2.9380464554e-01
    2.3598305415e-03   -2.9570087790e-01
    2.3695582058e-03   -2.9738885164e-01
    2.3792856373e-03   -2.9905566573e-01
    2.3890130688e-03   -3.0067351460e-01
    2.3999563418e-03   -3.0240407586e-01
    2.4096837733e-03   -3.0384406447e-01
    2.4194112048e-03   -3.0518448353e-01
    2.4291386362e-03   -3.0642524362e-01
    2.4388658348e-03   -3.0756640434e-01
    2.4498091079e-03   -3.0873101950e-01
    2.4595363066e-03   -3.0966413021e-01
    2.4692635052e-03   -3.1051236391e-01
    2.4789904710e-03   -3.1129395962e-01
    2.4899335112e-03   -3.1212985516e-01
    2.4996602442e-03   -3.1286486983e-01
    2.5093872100e-03   -3.1360095739e-01
    2.5191139430e-03   -3.1432953477e-01
    2.5288406760e-03   -3.1503772736e-01
    2.5397830177e-03   -3.1580150127e-01
    2.5495095178e-03   -3.1645131111e-01
    2.5592360180e-03   -3.1707873940e-01
    2.5689622853e-03   -3.1769546866e-01
    2.5799039286e-03   -3.1839901209e-01
    2.5896299630e-03   -3.1905353069e-01
    2.5993557647e-03   -3.1975412369e-01
    2.6090813335e-03   -3.2051795721e-01
    2.6188069023e-03   -3.2135495543e-01
    2.6297480799e-03   -3.2238167524e-01
    2.6394736487e-03   -3.2335886359e-01
    2.6491992176e-03   -3.2438296080e-01
    2.6589247864e-03   -3.2543858886e-01
    2.6698659640e-03   -3.2664561272e-01
    2.6795913000e-03   -3.2772821188e-01
    2.6893168688e-03   -3.2881894708e-01
    2.6990422048e-03   -3.2991635799e-01
    2.7099833824e-03   -3.3115309477e-01
    2.7197087184e-03   -3.3224311471e-01
    2.7294342872e-03   -3.3330938220e-01
    2.7391596232e-03   -3.3433625102e-01
    2.7488851920e-03   -3.3531153202e-01
    2.7598263696e-03   -3.3633929491e-01
    2.7695517056e-03   -3.3718425035e-01
    2.7792772744e-03   -3.3795517683e-01
    2.7890026104e-03   -3.3864319324e-01
    2.7999435551e-03   -3.3930838108e-01
    2.8096688911e-03   -3.3979645371e-01
    2.8193939943e-03   -3.4018683434e-01
    2.8291193303e-03   -3.4048444033e-01
    2.8388442006e-03   -3.4069827199e-01
    2.8497849125e-03   -3.4084936976e-01
    2.8595097829e-03   -3.4090963006e-01
    2.8692344204e-03   -3.4090435505e-01
    2.8789590579e-03   -3.4083917737e-01
    2.8898990713e-03   -3.4070867300e-01
    2.8996234760e-03   -3.4056037664e-01
    2.9093476478e-03   -3.4039941430e-01
    2.9190715868e-03   -3.4024316072e-01
    2.9287952930e-03   -3.4011021256e-01
    2.9397343751e-03   -3.4001472592e-01
    2.9494578484e-03   -3.4000420570e-01
    2.9591810890e-03   -3.4008759260e-01
    2.9689040966e-03   -3.4028339386e-01
    2.9798424803e-03   -3.4065315127e-01
    2.9895652551e-03   -3.4112092853e-01
    2.9995348305e-03   -3.4173896909e-01
    3.0099158175e-03   -3.4253650904e-01
    3.0192330014e-03   -3.4339836240e-01
    3.0289555434e-03   -3.4443575144e-01
    3.0398932286e-03   -3.4573447704e-01
    3.0493421946e-03   -3.4697034955e-01
    3.0599927995e-03   -3.4851345420e-01
    3.0697151087e-03   -3.5005462170e-01
    3.0794376507e-03   -3.5169720650e-01
    3.0891599599e-03   -3.5341507196e-01
    3.0992042739e-03   -3.5525003076e-01
    3.1098790932e-03   -3.5724505782e-01
    3.1196014024e-03   -3.5906043649e-01
    3.1293237116e-03   -3.6083236337e-01
    3.1390462536e-03   -3.6252361536e-01
    3.1499839388e-03   -3.6429753900e-01
    3.1591588631e-03   -3.6567673087e-01
    3.1691899057e-03   -3.6707493663e-01
    3.1789124478e-03   -3.6834037304e-01
    3.1898501329e-03   -3.6968421936e-01
    3.1995726749e-03   -3.7081366777e-01
    3.2095913775e-03   -3.7190574408e-01
    3.2198168337e-03   -3.7292897701e-01
    3.2293605618e-03   -3.7379056215e-01
    3.2393413130e-03   -3.7459272146e-01
    3.2499367371e-03   -3.7534427643e-01
    3.2596590463e-03   -3.7596386671e-01
    3.2693813555e-03   -3.7653914094e-01
    3.2795204315e-03   -3.7710225582e-01
    3.2892569434e-03   -3.7760612369e-01
    3.2989303581e-03   -3.7805628777e-01
    3.3098678105e-03   -3.7850394845e-01
    3.3195901196e-03   -3.7888431549e-01
    3.3299319912e-03   -3.7931662798e-01
    3.3392466139e-03   -3.7975049019e-01
    3.3496879041e-03   -3.8028177619e-01
    3.3594099805e-03   -3.8080689311e-01
    3.3691322897e-03   -3.8136315346e-01
    3.3788543660e-03   -3.8197317719e-01
    3.3895403612e-03   -3.8271996379e-01
    3.3990000375e-03   -3.8344976306e-01
    3.4099372569e-03   -3.8437125087e-01
    3.4196593333e-03   -3.8524851203e-01
    3.4293816425e-03   -3.8616988063e-01
    3.4391037188e-03   -3.8712480664e-01
    3.4488260280e-03   -3.8810881972e-01
    3.4597876947e-03   -3.8924771547e-01
    3.4690557513e-03   -3.9023068547e-01
    3.4797897097e-03   -3.9139145613e-01
    3.4895120189e-03   -3.9246290922e-01
    3.4992343280e-03   -3.9354509115e-01
    3.5089568701e-03   -3.9462670684e-01
    3.5198945552e-03   -3.9582782984e-01
    3.5296173301e-03   -3.9687204361e-01
    3.5393398721e-03   -3.9789462090e-01
    3.5490624141e-03   -3.9889290929e-01
    3.5592052154e-03   -3.9990341663e-01
    3.5698094871e-03   -4.0092185140e-01
    3.5788256209e-03   -4.0175521374e-01
    3.5897637717e-03   -4.0272599459e-01
    3.5994867794e-03   -4.0354666114e-01
    3.6092095543e-03   -4.0432509780e-01
    3.6189323291e-03   -4.0505504608e-01
    3.6298704799e-03   -4.0580174327e-01
    3.6395932548e-03   -4.0639483929e-01
    3.6493162625e-03   -4.0692228079e-01
    3.6590388045e-03   -4.0738147497e-01
    3.6699769553e-03   -4.0781792998e-01
    3.6796997301e-03   -4.0814059973e-01
    3.6894222721e-03   -4.0840506554e-01
    3.6991448142e-03   -4.0861305594e-01
    3.7088673562e-03   -4.0876883268e-01
    3.7198050413e-03   -4.0888771415e-01
    3.7295273505e-03   -4.0894630551e-01
    3.7392496597e-03   -4.0896305442e-01
    3.7489717361e-03   -4.0894460678e-01
    3.7599091884e-03   -4.0889242291e-01
    3.7696312647e-03   -4.0882459283e-01
    3.7793533411e-03   -4.0874212980e-01
    3.7890751846e-03   -4.0865004063e-01
    3.7987970281e-03   -4.0855255723e-01
    3.8097342476e-03   -4.0844243765e-01
    3.8194560912e-03   -4.0835052729e-01
    3.8291779347e-03   -4.0827128291e-01
    3.8397295866e-03   -4.0820688009e-01
    3.8499550428e-03   -4.0816584229e-01
    3.8594987709e-03   -4.0814456344e-01
    3.8697242271e-03   -4.0814015269e-01
    3.8795999717e-03   -4.0815493464e-01
    3.8893215824e-03   -4.0819853544e-01
    3.8990431931e-03   -4.0827372670e-01
    3.9099799469e-03   -4.0838620067e-01
    3.9194505662e-03   -4.0849459171e-01
    3.9290906861e-03   -4.0860256553e-01
    3.9396947250e-03   -4.0871059895e-01
    3.9493348449e-03   -4.0879252553e-01
    3.9588529617e-03   -4.0885156393e-01
    3.9697894827e-03   -4.0889522433e-01
    3.9795110933e-03   -4.0892463923e-01
    3.9892327040e-03   -4.0893769264e-01
    3.9989543147e-03   -4.0892541409e-01
    4.0098908357e-03   -4.0887513757e-01
    4.0196124464e-03   -4.0879598260e-01
    4.0293340571e-03   -4.0868422389e-01
    4.0390556678e-03   -4.0853884816e-01
    4.0493970737e-03   -4.0834707022e-01
    4.0594898164e-03   -4.0812221169e-01
    4.0695825592e-03   -4.0785393119e-01
    4.0796753019e-03   -4.0753871202e-01
    4.0897675790e-03   -4.0717694163e-01
    4.0998603217e-03   -4.0676790476e-01
    4.1099530645e-03   -4.0631109476e-01
    4.1191279888e-03   -4.0585762262e-01
    4.1292207316e-03   -4.0532374382e-01
    4.1393134743e-03   -4.0476140380e-01
    4.1494062170e-03   -4.0417864919e-01
    4.1594989598e-03   -4.0358215570e-01
    4.1695912369e-03   -4.0297818184e-01
    4.1796839796e-03   -4.0237280726e-01
    4.1897767223e-03   -4.0177136660e-01
    4.1998694651e-03   -4.0117827058e-01
    4.2090066709e-03   -4.0065160394e-01
    4.2199436575e-03   -4.0003666282e-01
    4.2296657339e-03   -3.9950537682e-01
    4.2393873446e-03   -3.9899197221e-01
    4.2491094209e-03   -3.9850315452e-01
    4.2588310316e-03   -3.9804643393e-01
    4.2699784972e-03   -3.9756983519e-01
    4.2796186171e-03   -3.9720222354e-01
    4.2892587371e-03   -3.9688673615e-01
    4.2999512516e-03   -3.9660376310e-01
    4.3096733280e-03   -3.9641037583e-01
    4.3193949386e-03   -3.9625725150e-01
    4.3299989775e-03   -3.9612454176e-01
    4.3392674997e-03   -3.9603957534e-01
    4.3495460413e-03   -3.9597570896e-01
    4.3594199233e-03   -3.9593896270e-01
    4.3696453795e-03   -3.9592537284e-01
    4.3796771206e-03   -3.9592605829e-01
    4.3890937231e-03   -3.9592063427e-01
    4.3994709849e-03   -3.9589297771e-01
    4.4098370709e-03   -3.9583370090e-01
    4.4192965142e-03   -3.9576023817e-01
    4.4290190563e-03   -3.9568567276e-01
    4.4399565086e-03   -3.9559853077e-01
    4.4496785849e-03   -3.9550811052e-01
    4.4594011270e-03   -3.9540466666e-01
    4.4691232033e-03   -3.9528253675e-01
    4.4795172289e-03   -3.9512866735e-01
    4.4892537408e-03   -3.9496278763e-01
    4.4998577796e-03   -3.9475670457e-01
    4.5094978996e-03   -3.9454624057e-01
    4.5192344114e-03   -3.9431023598e-01
    4.5289709233e-03   -3.9405071735e-01
    4.5398599468e-03   -3.9373204112e-01
    4.5497510582e-03   -3.9342051744e-01
    4.5592286624e-03   -3.9310279489e-01
    4.5697116293e-03   -3.9272898436e-01
    4.5789377764e-03   -3.9238995314e-01
    4.5898756944e-03   -3.9198291302e-01
    4.5997835696e-03   -3.9161172509e-01
    4.6090823598e-03   -3.9126539230e-01
    4.6197208576e-03   -3.9087834954e-01
    4.6291984618e-03   -3.9054349065e-01
    4.6391859651e-03   -3.9021205902e-01
    4.6496279538e-03   -3.8987487555e-01
    4.6597705223e-03   -3.8955575228e-01
    4.6692481264e-03   -3.8927081227e-01
    4.6794386581e-03   -3.8896971941e-01
    4.6891616657e-03   -3.8868185878e-01
    4.6998076141e-03   -3.8837468624e-01
    4.7092852183e-03   -3.8810467720e-01
    4.7198892571e-03   -3.8779765368e-01
    4.7295293771e-03   -3.8751944900e-01
    4.7390488908e-03   -3.8725051284e-01
    4.7498322092e-03   -3.8695248961e-01
    4.7598928213e-03   -3.8667672873e-01
    4.7695329413e-03   -3.8641071320e-01
    4.7790524550e-03   -3.8614782691e-01
    4.7890846618e-03   -3.8586935401e-01
    4.7999825329e-03   -3.8556221128e-01
    4.8096221872e-03   -3.8527536392e-01
    4.8198550940e-03   -3.8494259119e-01
    4.8290761188e-03   -3.8462767005e-01
    4.8396806233e-03   -3.8425323367e-01
    4.8492006026e-03   -3.8389250636e-01
    4.8598661087e-03   -3.8346055150e-01
    4.8699490726e-03   -3.8302853703e-01
    4.8795891926e-03   -3.8259527087e-01
    4.8891096376e-03   -3.8215407729e-01
    4.8988345079e-03   -3.8169825077e-01
    4.9097752199e-03   -3.8118243217e-01
    4.9195000902e-03   -3.8071149588e-01
    4.9296859652e-03   -3.8020369411e-01
    4.9393260852e-03   -3.7971293926e-01
    4.9499301240e-03   -3.7915873528e-01
    4.9595702440e-03   -3.7864294648e-01
    4.9698036164e-03   -3.7808549404e-01
    4.9798502587e-03   -3.7752896547e-01
    4.9889883958e-03   -3.7701201439e-01
    4.9999300390e-03   -3.7637016177e-01
    5.0094039179e-03   -3.7580254674e-01
    5.0193425268e-03   -3.7520563602e-01
    5.0290683284e-03   -3.7461781502e-01
    5.0399242900e-03   -3.7395882607e-01
    5.0495644100e-03   -3.7336644530e-01
    5.0588338636e-03   -3.7278485298e-01
    5.0699841231e-03   -3.7207761407e-01
    5.0789592788e-03   -3.7150746584e-01
    5.0899009220e-03   -3.7079682946e-01
    5.0996271893e-03   -3.7014582753e-01
    5.1093529910e-03   -3.6948031187e-01
    5.1197912544e-03   -3.6874455214e-01
    5.1294313744e-03   -3.6803638935e-01
    5.1390714943e-03   -3.6730223894e-01
    5.1490534097e-03   -3.6652129889e-01
    5.1599955186e-03   -3.6564642191e-01
    5.1697217859e-03   -3.6485356092e-01
    5.1794480532e-03   -3.6404001713e-01
    5.1891747862e-03   -3.6320176721e-01
    5.1989010535e-03   -3.6234849691e-01
    5.2098431624e-03   -3.6138293147e-01
    5.2199130878e-03   -3.6048552394e-01
    5.2294139750e-03   -3.5962712765e-01
    5.2388925105e-03   -3.5876002908e-01
    5.2498350851e-03   -3.5775223374e-01
    5.2595618181e-03   -3.5686039925e-01
    5.2692885511e-03   -3.5597491264e-01
    5.2798925899e-03   -3.5501486063e-01
    5.2893711254e-03   -3.5416436195e-01
    5.2990983240e-03   -3.5330620408e-01
    5.3088250570e-03   -3.5246717930e-01
    5.3196810186e-03   -3.5154879093e-01
    5.3293211386e-03   -3.5073944926e-01
    5.3397640586e-03   -3.4987154603e-01
    5.3494912572e-03   -3.4908175468e-01
    5.3592184559e-03   -3.4831506014e-01
    5.3696143441e-03   -3.4750849009e-01
    5.3792544641e-03   -3.4675794840e-01
    5.3899493068e-03   -3.4592357278e-01
    5.3996765055e-03   -3.4517562389e-01
    5.4094041698e-03   -3.4444463253e-01
    5.4195481353e-03   -3.4368732572e-01
    5.4291882552e-03   -3.4295457602e-01
    5.4397922941e-03   -3.4214004874e-01
    5.4494324140e-03   -3.4141090512e-01
    5.4590725340e-03   -3.4069722891e-01
    5.4690553807e-03   -3.3996546268e-01
    5.4799998179e-03   -3.3916267753e-01
    5.4897279479e-03   -3.3844846487e-01
    5.4994560778e-03   -3.3773589134e-01
    5.5091842078e-03   -3.3702653646e-01
    5.5198767222e-03   -3.3625453711e-01
    5.5295168422e-03   -3.3556583524e-01
    5.5391569622e-03   -3.3487641811e-01
    5.5497610010e-03   -3.3411014080e-01
    5.5594011210e-03   -3.3340564370e-01
    5.5695404299e-03   -3.3265513182e-01
    5.5798958056e-03   -3.3187493682e-01
    5.5890758522e-03   -3.3117228746e-01
    5.5996798910e-03   -3.3034688234e-01
    5.6089516729e-03   -3.2960921526e-01
    5.6198975071e-03   -3.2872086763e-01
    5.6296265684e-03   -3.2792282104e-01
    5.6393560953e-03   -3.2711529732e-01
    5.6490860879e-03   -3.2629817724e-01
    5.6588156149e-03   -3.2547935843e-01
    5.6697619148e-03   -3.2455697656e-01
    5.6794914417e-03   -3.2373631001e-01
    5.6892214343e-03   -3.2291883230e-01
    5.6989518926e-03   -3.2210475206e-01
    5.7098981924e-03   -3.2119038701e-01
    5.7196281850e-03   -3.2037949562e-01
    5.7293586433e-03   -3.1957292557e-01
    5.7390891016e-03   -3.1876918674e-01
    5.7488195598e-03   -3.1796702743e-01
    5.7597663254e-03   -3.1707033515e-01
    5.7691996917e-03   -3.1630420685e-01
    5.7798037305e-03   -3.1544986367e-01
    5.7894438505e-03   -3.1468221545e-01
    5.7990839705e-03   -3.1392922997e-01
    5.8093206026e-03   -3.1315141916e-01
    5.8190519921e-03   -3.1243422627e-01
    5.8299992234e-03   -3.1165185571e-01
    5.8397306129e-03   -3.1097725034e-01
    5.8494620025e-03   -3.1032225490e-01
    5.8591933921e-03   -3.0968785286e-01
    5.8689247817e-03   -3.0907276273e-01
    5.8798729442e-03   -3.0840206146e-01
    5.8896252885e-03   -3.0782434344e-01
    5.8993836865e-03   -3.0726623535e-01
    5.9093218297e-03   -3.0671769381e-01
    5.9197656810e-03   -3.0616527796e-01
    5.9294975363e-03   -3.0567213893e-01
    5.9392293915e-03   -3.0519470572e-01
    5.9489612468e-03   -3.0472254753e-01
    5.9599098749e-03   -3.0419132113e-01
    5.9696417302e-03   -3.0371257663e-01
    5.9793735854e-03   -3.0322220922e-01
    5.9891059063e-03   -3.0271986127e-01
    5.9988377616e-03   -3.0220276117e-01
    6.0097863898e-03   -3.0159807205e-01
    6.0195187107e-03   -3.0104061961e-01
    6.0299625620e-03   -3.0042150617e-01
    6.0396948829e-03   -2.9982241988e-01
    6.0494272038e-03   -2.9920312762e-01
    6.0591595247e-03   -2.9856202006e-01
    6.0688918456e-03   -2.9789447784e-01
    6.0798409395e-03   -2.9710313678e-01
    6.0895737261e-03   -2.9636251926e-01
    6.0993060470e-03   -2.9559069872e-01
    6.1090388335e-03   -2.9479005933e-01
    6.1196428724e-03   -2.9388794303e-01
    6.1291693710e-03   -2.9305130243e-01
    6.1395405792e-03   -2.9211211205e-01
    6.1489595100e-03   -2.9123362899e-01
    6.1592012644e-03   -2.9025277495e-01
    6.1688837595e-03   -2.8929939866e-01
    6.1798333190e-03   -2.8819447756e-01
    6.1895661056e-03   -2.8718960285e-01
    6.1997575685e-03   -2.8612110019e-01
    6.2093976885e-03   -2.8509935737e-01
    6.2190378085e-03   -2.8407135606e-01
    6.2296418473e-03   -2.8293973207e-01
    6.2392819673e-03   -2.8191116452e-01
    6.2499823980e-03   -2.8077003360e-01
    6.2590995803e-03   -2.7979755402e-01
    6.2696863897e-03   -2.7867421508e-01
    6.2792589888e-03   -2.7766585350e-01
    6.2897489406e-03   -2.7657088637e-01
    6.2993247993e-03   -2.7558803558e-01
    6.3097849488e-03   -2.7453759313e-01
    6.3197277486e-03   -2.7356106043e-01
    6.3295355067e-03   -2.7261808515e-01
    6.3391756266e-03   -2.7170395851e-01
    6.3494206406e-03   -2.7074316144e-01
    6.3594491221e-03   -2.6981306076e-01
    6.3693942502e-03   -2.6890325546e-01
    6.3795489259e-03   -2.6798647642e-01
    6.3896807842e-03   -2.6706996560e-01
    6.3995048404e-03   -2.6618832350e-01
    6.4094830304e-03   -2.6530587673e-01
    6.4192656428e-03   -2.6445466280e-01
    6.4291022718e-03   -2.6363593340e-01
    6.4390413463e-03   -2.6288214326e-01
    6.4490670338e-03   -2.6222065091e-01
    6.4597674645e-03   -2.6163491607e-01
    6.4692813903e-03   -2.6119416952e-01
    6.4797597006e-03   -2.6072287560e-01
    6.4894757234e-03   -2.6023685932e-01
    6.4997998998e-03   -2.5962379575e-01
    6.5092272125e-03   -2.5898727775e-01
    6.5196673386e-03   -2.5821053982e-01
    6.5291328356e-03   -2.5742965937e-01
    6.5392060205e-03   -2.5646662712e-01
    6.5499339253e-03   -2.5512257218e-01
    6.5589160658e-03   -2.5360497832e-01
    6.5691838972e-03   -2.5129118562e-01
    6.5796221606e-03   -2.4815271795e-01
    6.5890662372e-03   -2.4453173578e-01
    6.5998048522e-03   -2.3943078518e-01
    6.6095995717e-03   -2.3389370739e-01
    6.6199903376e-03   -2.2726054490e-01
    6.6296304576e-03   -2.2048254311e-01
    6.6398563795e-03   -2.1270790696e-01
    6.6489642486e-03   -2.0539051294e-01
    6.6593927331e-03   -1.9666650891e-01
    6.6696633585e-03   -1.8782398105e-01
    6.6792499274e-03   -1.7948353291e-01
    6.6895354539e-03   -1.7048187554e-01
    6.6993096843e-03   -1.6174590588e-01
    6.7095351405e-03   -1.5256218612e-01
    6.7194621079e-03   -1.4388914406e-01
    6.7299571820e-03   -1.3505193591e-01
    6.7397607490e-03   -1.2723410130e-01
    6.7494008690e-03   -1.2064930052e-01
    6.7590409890e-03   -1.1481278390e-01
    6.7699807696e-03   -1.0893840343e-01
    6.7797955126e-03   -1.0435071588e-01
    6.7899795249e-03   -1.0023576021e-01
    6.7994440906e-03   -9.7160413861e-02
    6.8093710579e-03   -9.4876192510e-02
    6.8191075698e-03   -9.3526840210e-02
    6.8292967044e-03   -9.2968814075e-02
    6.8395347334e-03   -9.3265831470e-02
    6.8496479653e-03   -9.4283342361e-02
    6.8596834317e-03   -9.5769412816e-02
    6.8698246032e-03   -9.7597889602e-02
    6.8794647232e-03   -9.9549651146e-02
    6.8895001896e-03   -1.0164413601e-01
    6.8993330933e-03   -1.0364863276e-01
    6.9093578495e-03   -1.0558459908e-01
    6.9190724753e-03   -1.0729251802e-01
    6.9299265742e-03   -1.0900653899e-01
    6.9395666942e-03   -1.1049389094e-01
    6.9490424357e-03   -1.1210662127e-01
    6.9596464746e-03   -1.1440420896e-01
    6.9692865945e-03   -1.1733228713e-01
    6.9790612906e-03   -1.2145670503e-01
    6.9890860468e-03   -1.2702661753e-01
    6.9996668026e-03   -1.3434974849e-01
    7.0097018033e-03   -1.4262485504e-01
    7.0194383152e-03   -1.5176706016e-01
    7.0290681906e-03   -1.6172550619e-01
    7.0399711840e-03   -1.7398679256e-01
    7.0491852239e-03   -1.8509188294e-01
    7.0597892627e-03   -1.9867001474e-01
    7.0699788630e-03   -2.1252270043e-01
    7.0796934888e-03   -2.2644551098e-01
    7.0892171934e-03   -2.4074412882e-01
    7.0990598761e-03   -2.5614073873e-01
    7.1089989506e-03   -2.7229186893e-01
    7.1199494414e-03   -2.9078143835e-01
    7.1289245971e-03   -3.0640688539e-01
    7.1399719454e-03   -3.2601171732e-01
    7.1499487385e-03   -3.4381794930e-01
    7.1596754715e-03   -3.6083737016e-01
    7.1693444625e-03   -3.7722125649e-01
    7.1793217212e-03   -3.9328163862e-01
    7.1898670867e-03   -4.0898489952e-01
    7.1994108148e-03   -4.2200139165e-01
    7.2096362710e-03   -4.3465101719e-01
    7.2198617272e-03   -4.4602867961e-01
    7.2292089462e-03   -4.5540374517e-01
    7.2398129851e-03   -4.6481642127e-01
    7.2495699860e-03   -4.7212752700e-01
    7.2596669197e-03   -4.7800076008e-01
    7.2693070397e-03   -4.8192471266e-01
    7.2799115442e-03   -4.8465952277e-01
    7.2896201164e-03   -4.8603838682e-01
    7.2998455726e-03   -4.8667818308e-01
    7.3093893006e-03   -4.8679038882e-01
    7.3196147569e-03   -4.8655799031e-01
    7.3298402131e-03   -4.8605811596e-01
    7.3397522792e-03   -4.8535242677e-01
    7.3490669020e-03   -4.8442927003e-01
    7.3596709408e-03   -4.8301193118e-01
    7.3692644946e-03   -4.8139604926e-01
    7.3798685335e-03   -4.7923156619e-01
    7.3896548711e-03   -4.7691914439e-01
    7.3997476138e-03   -4.7431311011e-01
    7.4098403566e-03   -4.7151032090e-01
    7.4194353074e-03   -4.6868494153e-01
    7.4292318895e-03   -4.6575123072e-01
    7.4393246323e-03   -4.6282315254e-01
    7.4498355389e-03   -4.6002134681e-01
    7.4596586637e-03   -4.5791205764e-01
    7.4693369679e-03   -4.5653066039e-01
    7.4798413552e-03   -4.5583224297e-01
    7.4891909026e-03   -4.5593672991e-01
    7.4998266064e-03   -4.5702835917e-01
    7.5095631182e-03   -4.5892176032e-01
    7.5192032382e-03   -4.6171495318e-01
    7.5298449956e-03   -4.6603178978e-01
    7.5395815074e-03   -4.7105371952e-01
    7.5492216274e-03   -4.7676485777e-01
    7.5595467351e-03   -4.8338520527e-01
    7.5699854642e-03   -4.9038225412e-01
    7.5790504925e-03   -4.9662432075e-01
    7.5893155299e-03   -5.0378233194e-01
    7.5995367952e-03   -5.1084911823e-01
    7.6091769151e-03   -5.1725846529e-01
    7.6198773459e-03   -5.2377009392e-01
    7.6299705543e-03   -5.2909857035e-01
    7.6395180076e-03   -5.3333526850e-01
    7.6491581276e-03   -5.3680300713e-01
    7.6590967365e-03   -5.3952461481e-01
    7.6697007753e-03   -5.4142665863e-01
    7.6798903756e-03   -5.4227983952e-01
    7.6898820698e-03   -5.4225045443e-01
    7.6990430243e-03   -5.4151034355e-01
    7.7095315792e-03   -5.3989678621e-01
    7.7195204794e-03   -5.3772562742e-01
    7.7290567569e-03   -5.3523290157e-01
    7.7397068962e-03   -5.3226113319e-01
    7.7492906712e-03   -5.2965116501e-01
    7.7598947100e-03   -5.2706664801e-01
    7.7692274936e-03   -5.2529180050e-01
    7.7799120918e-03   -5.2406436205e-01
    7.7893561684e-03   -5.2381002903e-01
    7.7999602072e-03   -5.2444267273e-01
    7.8091854230e-03   -5.2569174767e-01
    7.8195752576e-03   -5.2780818939e-01
    7.8297322616e-03   -5.3057563305e-01
    7.8394785523e-03   -5.3378772736e-01
    7.8491186723e-03   -5.3733223677e-01
    7.8597227111e-03   -5.4149252176e-01
    7.8693628311e-03   -5.4535776377e-01
    7.8799668700e-03   -5.4947805405e-01
    7.8894421458e-03   -5.5284804106e-01
    7.8996671364e-03   -5.5597949028e-01
    7.9099610448e-03   -5.5843085051e-01
    7.9194046557e-03   -5.5995094776e-01
    7.9290447757e-03   -5.6075251102e-01
    7.9396488145e-03   -5.6073302031e-01
    7.9492889345e-03   -5.5988597870e-01
    7.9598929733e-03   -5.5811524391e-01
    7.9695330933e-03   -5.5586546659e-01
    7.9794079065e-03   -5.5305838585e-01
    7.9890368506e-03   -5.4994791746e-01
    7.9996408895e-03   -5.4622918367e-01
    8.0099627376e-03   -5.4237914085e-01
    8.0192619935e-03   -5.3878360987e-01
    8.0298660323e-03   -5.3466153145e-01
    8.0397408456e-03   -5.3083664179e-01
    8.0498373136e-03   -5.2691429853e-01
    8.0594774336e-03   -5.2321201563e-01
    8.0691175535e-03   -5.1962918043e-01
    8.0797569826e-03   -5.1586169004e-01
    8.0893971026e-03   -5.1265352964e-01
    8.0990372226e-03   -5.0964766741e-01
    8.1096412614e-03   -5.0656902790e-01
    8.1192813814e-03   -5.0398051739e-01
    8.1295548007e-03   -5.0140428543e-01
    8.1395842135e-03   -4.9902349710e-01
    8.1492243335e-03   -4.9685120583e-01
    8.1598283723e-03   -4.9459654093e-01
    8.1696920097e-03   -4.9267479777e-01
    8.1793321297e-03   -4.9105957150e-01
    8.1899361685e-03   -4.8964989185e-01
    8.1995762885e-03   -4.8875311017e-01
    8.2092164084e-03   -4.8830470443e-01
    8.2198204473e-03   -4.8841685057e-01
    8.2294605672e-03   -4.8913839459e-01
    8.2391006872e-03   -4.9049395323e-01
    8.2496115938e-03   -4.9271985888e-01
    8.2591585815e-03   -4.9543988705e-01
    8.2694841549e-03   -4.9911093712e-01
    8.2798087969e-03   -5.0347244740e-01
    8.2897795364e-03   -5.0825518370e-01
    8.2995984703e-03   -5.1341402531e-01
    8.3098756149e-03   -5.1917099953e-01
    8.3192223683e-03   -5.2461910248e-01
    8.3297304809e-03   -5.3083413839e-01
    8.3399554715e-03   -5.3682053089e-01
    8.3494996652e-03   -5.4222428799e-01
    8.3593633026e-03   -5.4753655195e-01
    8.3691775799e-03   -5.5250507593e-01
    8.3797816187e-03   -5.5747073889e-01
    8.3892466500e-03   -5.6149202585e-01
    8.3998506889e-03   -5.6542193890e-01
    8.4094908088e-03   -5.6838941574e-01
    8.4198806435e-03   -5.7090651989e-01
    8.4294248372e-03   -5.7256382704e-01
    8.4396498278e-03   -5.7361119986e-01
    8.4497965872e-03   -5.7394444942e-01
    8.4594367072e-03   -5.7366418839e-01
    8.4690768272e-03   -5.7285761833e-01
    8.4796808660e-03   -5.7144171000e-01
    8.4893209860e-03   -5.6976896524e-01
    8.4999250248e-03   -5.6768041849e-01
    8.5094682872e-03   -5.6575292349e-01
    8.5196942091e-03   -5.6384372711e-01
    8.5299191996e-03   -5.6229609251e-01
    8.5395686328e-03   -5.6124162674e-01
    8.5492087528e-03   -5.6058645248e-01
    8.5598127916e-03   -5.6033045053e-01
    8.5694529116e-03   -5.6055974960e-01
    8.5797747597e-03   -5.6134063005e-01
    8.5893189535e-03   -5.6253653765e-01
    8.5993474349e-03   -5.6421500444e-01
    8.6099514738e-03   -5.6636863947e-01
    8.6191734299e-03   -5.6852102280e-01
    8.6293127388e-03   -5.7116681337e-01
    8.6398255080e-03   -5.7416301966e-01
    8.6493687704e-03   -5.7704627514e-01
    8.6595946923e-03   -5.8024698496e-01
    8.6698569357e-03   -5.8353394270e-01
    8.6794011295e-03   -5.8664387465e-01
    8.6896261200e-03   -5.8998811245e-01
    8.6998520419e-03   -5.9326851368e-01
    8.7093953043e-03   -5.9621965885e-01
    8.7196212262e-03   -5.9921890497e-01
    8.7298462167e-03   -6.0201549530e-01
    8.7393904105e-03   -6.0444575548e-01
    8.7496154010e-03   -6.0685837269e-01
    8.7598413229e-03   -6.0905802250e-01
    8.7693845853e-03   -6.1093747616e-01
    8.7794139981e-03   -6.1274111271e-01
    8.7890541181e-03   -6.1429786682e-01
    8.7996581569e-03   -6.1581933498e-01
    8.8092982769e-03   -6.1704260111e-01
    8.8199023157e-03   -6.1822718382e-01
    8.8295424357e-03   -6.1917436123e-01
    8.8391825557e-03   -6.2002247572e-01
    8.8496208191e-03   -6.2086582184e-01
    8.8598467410e-03   -6.2166059017e-01
    8.8693900034e-03   -6.2240397930e-01
    8.8796159253e-03   -6.2322580814e-01
    8.8898409158e-03   -6.2409895658e-01
    8.8993851095e-03   -6.2497925758e-01
    8.9096101001e-03   -6.2601965666e-01
    8.9198360220e-03   -6.2718653679e-01
    8.9293792844e-03   -6.2841415405e-01
    8.9396052063e-03   -6.2991136312e-01
    8.9498301968e-03   -6.3161879778e-01
    8.9598596096e-03   -6.3349866867e-01
    8.9699681848e-03   -6.3559633493e-01
    8.9795114473e-03   -6.3776028156e-01
    8.9897373691e-03   -6.4022117853e-01
    8.9999623597e-03   -6.4279055595e-01
    9.0095065534e-03   -6.4527362585e-01
    9.0197315440e-03   -6.4800798893e-01
    9.0299574658e-03   -6.5078896284e-01
    9.0395687148e-03   -6.5341758728e-01
    9.0499771759e-03   -6.5623217821e-01
    9.0596172959e-03   -6.5876990557e-01
    9.0692574158e-03   -6.6121280193e-01
    9.0798614547e-03   -6.6372495890e-01
    9.0895015746e-03   -6.6578984261e-01
    9.0991416946e-03   -6.6760313511e-01
    9.1097457334e-03   -6.6923856735e-01
    9.1196196154e-03   -6.7037016153e-01
    9.1299135238e-03   -6.7110794783e-01
    9.1394577175e-03   -6.7134165764e-01
    9.1496827081e-03   -6.7110544443e-01
    9.1592948884e-03   -6.7045736313e-01
    9.1694891453e-03   -6.6933774948e-01
    9.1797150671e-03   -6.6778838634e-01
    9.1895787045e-03   -6.6592925787e-01
    9.1992188245e-03   -6.6379529238e-01
    9.2098228633e-03   -6.6111469269e-01
    9.2194629833e-03   -6.5843266249e-01
    9.2294542119e-03   -6.5550798178e-01
    9.2396792024e-03   -6.5246617794e-01
    9.2499051243e-03   -6.4945721626e-01
    9.2594483867e-03   -6.4673388004e-01
    9.2696743086e-03   -6.4395475388e-01
    9.2798992991e-03   -6.4137464762e-01
    9.2894434929e-03   -6.3922148943e-01
    9.2996684834e-03   -6.3722032309e-01
    9.3098944053e-03   -6.3553893566e-01
    9.3194376677e-03   -6.3426131010e-01
    9.3296635896e-03   -6.3320606947e-01
    9.3398885801e-03   -6.3247299194e-01
    9.3494327739e-03   -6.3207107782e-01
    9.3596577644e-03   -6.3193333149e-01
    9.3699209392e-03   -6.3208144903e-01
    9.3795610592e-03   -6.3245970011e-01
    9.3897180632e-03   -6.3312113285e-01
    9.3999430537e-03   -6.3406187296e-01
    9.4094872475e-03   -6.3513898849e-01
    9.4197122380e-03   -6.3647425175e-01
    9.4299381599e-03   -6.3799506426e-01
    9.4394814223e-03   -6.3955932856e-01
    9.4497073442e-03   -6.4134931564e-01
    9.4599323347e-03   -6.4320629835e-01
    9.4694765285e-03   -6.4496594667e-01
    9.4796223566e-03   -6.4684295654e-01
    9.4897309318e-03   -6.4869171381e-01
    9.4997594133e-03   -6.5045726299e-01
    9.5097506419e-03   -6.5208810568e-01
    9.5194969326e-03   -6.5351563692e-01
    9.5291370526e-03   -6.5473514795e-01
    9.5399757847e-03   -6.5585571527e-01
    9.5495190471e-03   -6.5659379959e-01
    9.5597449690e-03   -6.5708392859e-01
    9.5699699596e-03   -6.5726053715e-01
    9.5795141533e-03   -6.5716660023e-01
    9.5897391438e-03   -6.5680134296e-01
    9.5999650657e-03   -6.5617102385e-01
    9.6095083281e-03   -6.5534174442e-01
    9.6197342500e-03   -6.5420436859e-01
    9.6299592406e-03   -6.5285128355e-01
    9.6395034343e-03   -6.5143251419e-01
    9.6496492624e-03   -6.4979308844e-01
    9.6598742530e-03   -6.4803946018e-01
    9.6691735089e-03   -6.4638936520e-01
    9.6797775477e-03   -6.4448583126e-01
    9.6899345517e-03   -6.4266258478e-01
    9.6994778141e-03   -6.4097350836e-01
    9.7097037360e-03   -6.3925784826e-01
    9.7198495641e-03   -6.3768947124e-01
    9.7293928266e-03   -6.3634985685e-01
    9.7396187484e-03   -6.3509720564e-01
    9.7494823858e-03   -6.3410520554e-01
    9.7591225058e-03   -6.3335132599e-01
    9.7697265446e-03   -6.3275724649e-01
    9.7795529291e-03   -6.3240796328e-01
    9.7897779197e-03   -6.3222873211e-01
    9.7993221134e-03   -6.3221579790e-01
    9.8095843568e-03   -6.3234519958e-01
    9.8192244768e-03   -6.3256531954e-01
    9.8298285156e-03   -6.3287585974e-01
    9.8395375535e-03   -6.3318735361e-01
    9.8497634754e-03   -6.3349848986e-01
    9.8599884659e-03   -6.3376259804e-01
    9.8695326596e-03   -6.3396829367e-01
    9.8797576502e-03   -6.3414341211e-01
    9.8899835721e-03   -6.3424158096e-01
    9.8995268345e-03   -6.3423681259e-01
    9.9097527564e-03   -6.3412046432e-01
    9.9199777469e-03   -6.3389211893e-01
    9.9294418469e-03   -6.3358873129e-01
    9.9397161976e-03   -6.3317269087e-01
    9.9499411881e-03   -6.3268381357e-01
    9.9591715261e-03   -6.3219547272e-01
    9.9697755650e-03   -6.3159829378e-01
    9.9794156849e-03   -6.3103491068e-01
    9.9897375330e-03   -6.3042443991e-01
    9.9999625236e-03   -6.2983322144e-01
    1.0009506717e-02   -6.2931436300e-01
    1.0019731708e-02   -6.2880659103e-01
    1.0029957630e-02   -6.2835848331e-01
    1.0039500892e-02   -6.2800461054e-01
    1.0049726814e-02   -6.2771254778e-01
    1.0059951805e-02   -6.2753039598e-01
    1.0069495998e-02   -6.2747162580e-01
    1.0079720989e-02   -6.2753605843e-01
    1.0089946911e-02   -6.2773156166e-01
    1.0099490173e-02   -6.2802213430e-01
    1.0109716095e-02   -6.2843823433e-01
    1.0119941086e-02   -6.2895065546e-01
    1.0129485279e-02   -6.2950509787e-01
    1.0139710270e-02   -6.3017672300e-01
    1.0149322450e-02   -6.3087433577e-01
    1.0159517638e-02   -6.3166719675e-01
    1.0169742629e-02   -6.3249212503e-01
    1.0179936886e-02   -6.3330721855e-01
    1.0189577006e-02   -6.3405585289e-01
    1.0199217126e-02   -6.3477224112e-01
    1.0209821165e-02   -6.3548415899e-01
    1.0219461285e-02   -6.3603305817e-01
    1.0229101405e-02   -6.3648182154e-01
    1.0239705443e-02   -6.3683813810e-01
    1.0249345563e-02   -6.3701248169e-01
    1.0259890929e-02   -6.3702291250e-01
    1.0269531049e-02   -6.3685029745e-01
    1.0279171169e-02   -6.3650137186e-01
    1.0289775208e-02   -6.3592064381e-01
    1.0299318470e-02   -6.3521307707e-01
    1.0309544392e-02   -6.3424015045e-01
    1.0319769382e-02   -6.3305169344e-01
    1.0329995304e-02   -6.3166767359e-01
    1.0339538567e-02   -6.3022094965e-01
    1.0349764489e-02   -6.2851893902e-01
    1.0359989479e-02   -6.2669408321e-01
    1.0369533673e-02   -6.2490820885e-01
    1.0379758663e-02   -6.2293511629e-01
    1.0389984585e-02   -6.2093752623e-01
    1.0399527848e-02   -6.1905950308e-01
    1.0409753770e-02   -6.1704933643e-01
    1.0419100523e-02   -6.1524486542e-01
    1.0429657996e-02   -6.1326694489e-01
    1.0439675301e-02   -6.1146473885e-01
    1.0449901223e-02   -6.0972398520e-01
    1.0459444486e-02   -6.0821855068e-01
    1.0469670407e-02   -6.0674697161e-01
    1.0479895398e-02   -6.0542136431e-01
    1.0489439592e-02   -6.0428833961e-01
    1.0499194264e-02   -6.0324978828e-01
    1.0509693995e-02   -6.0228866339e-01
    1.0519918986e-02   -6.0150134563e-01
    1.0529463179e-02   -6.0089510679e-01
    1.0539688170e-02   -6.0038352013e-01
    1.0549913161e-02   -6.0001838207e-01
    1.0559457354e-02   -5.9979993105e-01
    1.0569682345e-02   -5.9967070818e-01
    1.0579908267e-02   -5.9962612391e-01
    1.0589451529e-02   -5.9964126348e-01
    1.0599677451e-02   -5.9969961643e-01
    1.0609902442e-02   -5.9978705645e-01
    1.0619446635e-02   -5.9987711906e-01
    1.0629671626e-02   -5.9995585680e-01
    1.0639897548e-02   -5.9999197721e-01
    1.0649440810e-02   -5.9997767210e-01
    1.0659666732e-02   -5.9989881516e-01
    1.0669891723e-02   -5.9974688292e-01
    1.0679435916e-02   -5.9953105450e-01
    1.0689581744e-02   -5.9920841455e-01
    1.0699339211e-02   -5.9880197048e-01
    1.0709564202e-02   -5.9827065468e-01
    1.0719790123e-02   -5.9760552645e-01
    1.0729333386e-02   -5.9685587883e-01
    1.0739559308e-02   -5.9593456984e-01
    1.0749784298e-02   -5.9490811825e-01
    1.0759328492e-02   -5.9385591745e-01
    1.0769553483e-02   -5.9262645245e-01
    1.0779779404e-02   -5.9129565954e-01
    1.0789322667e-02   -5.8997666836e-01
    1.0799548589e-02   -5.8849936724e-01
    1.0809773579e-02   -5.8697533607e-01
    1.0819529183e-02   -5.8549785614e-01
    1.0829512030e-02   -5.8395200968e-01
    1.0839737020e-02   -5.8235555887e-01
    1.0849962011e-02   -5.8075183630e-01
    1.0859506205e-02   -5.7922679186e-01
    1.0869731195e-02   -5.7761859894e-01
    1.0879760608e-02   -5.7609033585e-01
    1.0889400728e-02   -5.7465249300e-01
    1.0899625719e-02   -5.7316905260e-01
    1.0909851640e-02   -5.7173573971e-01
    1.0919394903e-02   -5.7046198845e-01
    1.0929620825e-02   -5.6918609142e-01
    1.0939815082e-02   -5.6800627708e-01
    1.0949455202e-02   -5.6698191166e-01
    1.0959893465e-02   -5.6598025560e-01
    1.0969437659e-02   -5.6540524960e-01
    1.0979631916e-02   -5.6501233578e-01
    1.0989272036e-02   -5.6452280283e-01
    1.0999876074e-02   -5.6398648024e-01
    1.1009516194e-02   -5.6349551678e-01
    1.1019390076e-02   -5.6298291683e-01
    1.1029615998e-02   -5.6249612570e-01
    1.1039840989e-02   -5.6192827225e-01
    1.1049319059e-02   -5.6134921312e-01
    1.1059544049e-02   -5.6069695950e-01
    1.1069769971e-02   -5.5998474360e-01
    1.1079994962e-02   -5.5924409628e-01
    1.1089539155e-02   -5.5851739645e-01
    1.1099764146e-02   -5.5772072077e-01
    1.1109990068e-02   -5.5694735050e-01
    1.1119533330e-02   -5.5619639158e-01
    1.1129759252e-02   -5.5535423756e-01
    1.1139984243e-02   -5.5449801683e-01
    1.1149528436e-02   -5.5368024111e-01
    1.1159753427e-02   -5.5280512571e-01
    1.1169979349e-02   -5.5196017027e-01
    1.1179522611e-02   -5.5119138956e-01
    1.1189748533e-02   -5.5038565397e-01
    1.1199973524e-02   -5.4959446192e-01
    1.1209517717e-02   -5.4885143042e-01
    1.1219272390e-02   -5.4808413982e-01
    1.1229819618e-02   -5.4726749659e-01
    1.1239459738e-02   -5.4654622078e-01
    1.1249734089e-02   -5.4579067230e-01
    1.1259314604e-02   -5.4509454966e-01
    1.1269423179e-02   -5.4436779022e-01
    1.1279649101e-02   -5.4364341497e-01
    1.1289874092e-02   -5.4293793440e-01
    1.1299418285e-02   -5.4227638245e-01
    1.1309643276e-02   -5.4154378176e-01
    1.1319869198e-02   -5.4080039263e-01
    1.1329412460e-02   -5.4009455442e-01
    1.1339441873e-02   -5.3933352232e-01
    1.1349549517e-02   -5.3854715824e-01
    1.1359775439e-02   -5.3771090508e-01
    1.1369318701e-02   -5.3688758612e-01
    1.1379544623e-02   -5.3596788645e-01
    1.1389769614e-02   -5.3501719236e-01
    1.1399750598e-02   -5.3405499458e-01
    1.1409390718e-02   -5.3308701515e-01
    1.1419994757e-02   -5.3197431564e-01
    1.1429402046e-02   -5.3095197678e-01
    1.1439654045e-02   -5.2979445457e-01
    1.1449879035e-02   -5.2859258652e-01
    1.1459423229e-02   -5.2743613720e-01
    1.1469648220e-02   -5.2615308762e-01
    1.1479874142e-02   -5.2482557297e-01
    1.1489417404e-02   -5.2355319262e-01
    1.1499643326e-02   -5.2214318514e-01
    1.1509868316e-02   -5.2068287134e-01
    1.1519098654e-02   -5.1935273409e-01
    1.1529702693e-02   -5.1783305407e-01
    1.1539296247e-02   -5.1644736528e-01
    1.1549388990e-02   -5.1496952772e-01
    1.1559760198e-02   -5.1344037056e-01
    1.1569400318e-02   -5.1202297211e-01
    1.1579040438e-02   -5.1061910391e-01
    1.1589644477e-02   -5.0909125805e-01
    1.1599284597e-02   -5.0771021843e-01
    1.1609558016e-02   -5.0624275208e-01
    1.1619783938e-02   -5.0477796793e-01
    1.1629327200e-02   -5.0341135263e-01
    1.1639553122e-02   -5.0195974112e-01
    1.1649778113e-02   -5.0051921606e-01
    1.1659322307e-02   -4.9917402864e-01
    1.1669547297e-02   -4.9772456288e-01
    1.1679773219e-02   -4.9626654387e-01
    1.1689998209e-02   -4.9480524659e-01
    1.1699542403e-02   -4.9344459176e-01
    1.1709767394e-02   -4.9199688435e-01
    1.1719993316e-02   -4.9055886269e-01
    1.1729536578e-02   -4.8922085762e-01
    1.1739762500e-02   -4.8779121041e-01
    1.1749987490e-02   -4.8636302352e-01
    1.1759531684e-02   -4.8502504826e-01
    1.1769756675e-02   -4.8358547688e-01
    1.1779982597e-02   -4.8213917017e-01
    1.1789525859e-02   -4.8077896237e-01
    1.1799751781e-02   -4.7931146622e-01
    1.1809976771e-02   -4.7783213854e-01
    1.1819520965e-02   -4.7643718123e-01
    1.1829745956e-02   -4.7492542863e-01
    1.1839971878e-02   -4.7339749336e-01
    1.1849435978e-02   -4.7197169065e-01
    1.1859660968e-02   -4.7042414546e-01
    1.1869886890e-02   -4.6889704466e-01
    1.1879430152e-02   -4.6748459339e-01
    1.1889656074e-02   -4.6596807241e-01
    1.1899881065e-02   -4.6444308758e-01
    1.1909425259e-02   -4.6297320724e-01
    1.1919650249e-02   -4.6133980155e-01
    1.1929876171e-02   -4.5966368914e-01
    1.1939419433e-02   -4.5806121826e-01
    1.1949645355e-02   -4.5630526543e-01
    1.1959870346e-02   -4.5451954007e-01
    1.1969414540e-02   -4.5282930136e-01
    1.1979639530e-02   -4.5099130273e-01
    1.1989865452e-02   -4.4911998510e-01
    1.1999408714e-02   -4.4733476639e-01
    1.2009634636e-02   -4.4538313150e-01
    1.2019859627e-02   -4.4340503216e-01
    1.2029403821e-02   -4.4154778123e-01
    1.2039628811e-02   -4.3955838680e-01
    1.2049854733e-02   -4.3756633997e-01
    1.2059397995e-02   -4.3570402265e-01
    1.2069623917e-02   -4.3371030688e-01
    1.2079848908e-02   -4.3173056841e-01
    1.2089829892e-02   -4.2988154292e-01
    1.2099985965e-02   -4.2809510231e-01
    1.2109530158e-02   -4.2641052604e-01
    1.2119755149e-02   -4.2452418804e-01
    1.2129981071e-02   -4.2253321409e-01
    1.2139524333e-02   -4.2063400149e-01
    1.2149750255e-02   -4.1860058904e-01
    1.2159504928e-02   -4.1666331887e-01
    1.2169730850e-02   -4.1467264295e-01
    1.2179955840e-02   -4.1274541616e-01
    1.2189500034e-02   -4.1099029779e-01
    1.2199725024e-02   -4.0910920501e-01
    1.2209950946e-02   -4.0716952085e-01
    1.2219494209e-02   -4.0531796217e-01
    1.2229720131e-02   -4.0332326293e-01
    1.2239945121e-02   -4.0132677555e-01
    1.2249489315e-02   -3.9952057600e-01
    1.2259714305e-02   -3.9766827226e-01
    1.2269940227e-02   -3.9582520723e-01
    1.2279483490e-02   -3.9410033822e-01
    1.2289709412e-02   -3.9226499200e-01
    1.2299934402e-02   -3.9042934775e-01
    1.2309478596e-02   -3.8873803616e-01
    1.2319703586e-02   -3.8698101044e-01
    1.2329929508e-02   -3.8525998592e-01
    1.2339111418e-02   -3.8373252749e-01
    1.2349715456e-02   -3.8197296858e-01
    1.2359355576e-02   -3.8033914566e-01
    1.2369959615e-02   -3.7848028541e-01
    1.2379599735e-02   -3.7673950195e-01
    1.2389824726e-02   -3.7483686209e-01
    1.2399368919e-02   -3.7300720811e-01
    1.2409397401e-02   -3.7103253603e-01
    1.2419037521e-02   -3.6907553673e-01
    1.2429641560e-02   -3.6684525013e-01
    1.2439399026e-02   -3.6471340060e-01
    1.2449624017e-02   -3.6239045858e-01
    1.2459849939e-02   -3.5998284817e-01
    1.2469393201e-02   -3.5767206550e-01
    1.2479619123e-02   -3.5513183475e-01
    1.2489844114e-02   -3.5252583027e-01
    1.2499388307e-02   -3.5003736615e-01
    1.2509613298e-02   -3.4731581807e-01
    1.2519368902e-02   -3.4467664361e-01
    1.2529916130e-02   -3.4178677201e-01
    1.2539556250e-02   -3.3910286427e-01
    1.2549947016e-02   -3.3615812659e-01
    1.2559490278e-02   -3.3341777325e-01
    1.2569353916e-02   -3.3056905866e-01
    1.2579958886e-02   -3.2750445604e-01
    1.2589598075e-02   -3.2470795512e-01
    1.2599238195e-02   -3.2189977169e-01
    1.2609842233e-02   -3.1882107258e-01
    1.2619482353e-02   -3.1604808569e-01
    1.2629122473e-02   -3.1329822540e-01
    1.2639726512e-02   -3.1029182673e-01
    1.2649366632e-02   -3.0757454038e-01
    1.2659971602e-02   -3.0460134149e-01
    1.2669610791e-02   -3.0190289021e-01
    1.2679250911e-02   -2.9921281338e-01
    1.2689855881e-02   -2.9628762603e-01
    1.2699495070e-02   -2.9365736246e-01
    1.2709135190e-02   -2.9103857279e-01
    1.2719739228e-02   -2.8817543387e-01
    1.2729565613e-02   -2.8555533290e-01
    1.2739791535e-02   -2.8286197782e-01
    1.2749334797e-02   -2.8038254380e-01
    1.2759560719e-02   -2.7776685357e-01
    1.2769785710e-02   -2.7516925335e-01
    1.2779329903e-02   -2.7274137735e-01
    1.2789554894e-02   -2.7013990283e-01
    1.2799780816e-02   -2.6753675938e-01
    1.2809244916e-02   -2.6513049006e-01
    1.2819848955e-02   -2.6244530082e-01
    1.2829489075e-02   -2.6000788808e-01
    1.2839480303e-02   -2.5748771429e-01
    1.2849705294e-02   -2.5491750240e-01
    1.2859931216e-02   -2.5235861540e-01
    1.2869474478e-02   -2.4997629225e-01
    1.2879700400e-02   -2.4741692841e-01
    1.2889925390e-02   -2.4485552311e-01
    1.2899469584e-02   -2.4248655140e-01
    1.2909694575e-02   -2.3998038471e-01
    1.2919920497e-02   -2.3750722408e-01
    1.2929463759e-02   -2.3523262143e-01
    1.2939689681e-02   -2.3282378912e-01
    1.2949914671e-02   -2.3042780161e-01
    1.2959458865e-02   -2.2819754481e-01
    1.2969322503e-02   -2.2589917481e-01
    1.2979547493e-02   -2.2351561487e-01
    1.2989773415e-02   -2.2113774717e-01
    1.2999998406e-02   -2.1877714992e-01
    1.3009542599e-02   -2.1658805013e-01
    1.3019767590e-02   -2.1425285935e-01
    1.3029993512e-02   -2.1192070842e-01
    1.3039536774e-02   -2.0973998308e-01
    1.3049762696e-02   -2.0739908516e-01
    1.3059987687e-02   -2.0505681634e-01
    1.3069531880e-02   -2.0286813378e-01
    1.3079756871e-02   -2.0051743090e-01
    1.3089982793e-02   -1.9815418124e-01
    1.3099526055e-02   -1.9592800736e-01
    1.3109751977e-02   -1.9351349771e-01
    1.3119976968e-02   -1.9105657935e-01
    1.3129521161e-02   -1.8871203065e-01
    1.3139102608e-02   -1.8630623817e-01
    1.3149706647e-02   -1.8358942866e-01
    1.3159346767e-02   -1.8106913567e-01
    1.3169950806e-02   -1.7823790014e-01
    1.3179590926e-02   -1.7561419308e-01
    1.3189912774e-02   -1.7276477814e-01
    1.3199456036e-02   -1.7010059953e-01
    1.3209681958e-02   -1.6721929610e-01
    1.3219992630e-02   -1.6428853571e-01
    1.3229632750e-02   -1.6151681542e-01
    1.3239272870e-02   -1.5870025754e-01
    1.3249876909e-02   -1.5554645658e-01
    1.3259517029e-02   -1.5264381468e-01
    1.3269625604e-02   -1.4958581328e-01
    1.3279237784e-02   -1.4668701589e-01
    1.3289645314e-02   -1.4356535673e-01
    1.3299285434e-02   -1.4066028595e-01
    1.3309889473e-02   -1.3742680848e-01
    1.3319529593e-02   -1.3445636630e-01
    1.3329169713e-02   -1.3146471977e-01
    1.3339773752e-02   -1.2818072736e-01
    1.3349413872e-02   -1.2521381676e-01
    1.3359639794e-02   -1.2208168209e-01
    1.3369864784e-02   -1.1899256706e-01
    1.3379446231e-02   -1.1614572257e-01
    1.3389086351e-02   -1.1330824345e-01
    1.3399525546e-02   -1.1026235670e-01
    1.3409750536e-02   -1.0732900351e-01
    1.3419976458e-02   -1.0446441919e-01
    1.3429519720e-02   -1.0184612870e-01
    1.3439745642e-02   -9.9091924727e-02
    1.3449970633e-02   -9.6375994384e-02
    1.3459514827e-02   -9.3865640461e-02
    1.3469739817e-02   -9.1208204627e-02
    1.3479965739e-02   -8.8580675423e-02
    1.3489509001e-02   -8.6153127253e-02
    1.3499734923e-02   -8.3589680493e-02
    1.3509959914e-02   -8.1063203514e-02
    1.3519504108e-02   -7.8723892570e-02
    1.3529729098e-02   -7.6230131090e-02
    1.3539955020e-02   -7.3747806251e-02
    1.3549498282e-02   -7.1415826678e-02
    1.3559724204e-02   -6.8903617561e-02
    1.3569949195e-02   -6.6426359117e-02
    1.3579493389e-02   -6.4162559807e-02
    1.3589718379e-02   -6.1782222241e-02
    1.3599944301e-02   -5.9419449419e-02
    1.3609487563e-02   -5.7196054608e-02
    1.3619713485e-02   -5.4793972522e-02
    1.3629938476e-02   -5.2392743528e-02
    1.3639482670e-02   -5.0147507340e-02
    1.3649707660e-02   -4.7733437270e-02
    1.3659933582e-02   -4.5317411423e-02
    1.3669476844e-02   -4.3056093156e-02
    1.3679702766e-02   -4.0623303503e-02
    1.3689927757e-02   -3.8192313164e-02
    1.3699471951e-02   -3.5935781896e-02
    1.3709696941e-02   -3.3532097936e-02
    1.3719922863e-02   -3.1139979139e-02
    1.3729466125e-02   -2.8927184641e-02
    1.3739692047e-02   -2.6599667966e-02
    1.3749917038e-02   -2.4330761284e-02
    1.3759461232e-02   -2.2262407467e-02
    1.3769686222e-02   -2.0092139021e-02
    1.3779912144e-02   -1.7973309383e-02
    1.3789455406e-02   -1.6056980938e-02
    1.3799681328e-02   -1.4081262983e-02
    1.3809906319e-02   -1.2200012803e-02
    1.3819450513e-02   -1.0546767153e-02
    1.3829675503e-02   -8.8949929923e-03
    1.3839901425e-02   -7.3646656238e-03
    1.3849444687e-02   -6.0464045964e-03
    1.3859670609e-02   -4.7667566687e-03
    1.3869895600e-02   -3.6254974548e-03
    1.3879439794e-02   -2.6708389632e-03
    1.3889664784e-02   -1.7490043538e-03
    1.3899889775e-02   -9.1318297200e-04
    1.3909433968e-02   -2.0063061675e-04
    1.3919658959e-02    5.0042761723e-04
    1.3929884881e-02    1.1506282026e-03
    1.3939428143e-02    1.7225974007e-03
    1.3949654065e-02    2.3074755445e-03
    1.3959879056e-02    2.8750591446e-03
    1.3969423249e-02    3.4026033245e-03
    1.3979648240e-02    3.9728372358e-03
    1.3989874162e-02    4.5469142497e-03
    1.3999417424e-02    5.0844443031e-03
    1.4009643346e-02    5.6600198150e-03
    1.4019868337e-02    6.2298639677e-03
    1.4029412530e-02    6.7526507191e-03
    1.4039637521e-02    7.2995275259e-03
    1.4049863443e-02    7.8322198242e-03
    1.4059891924e-02    8.3502950147e-03
    1.4069532044e-02    8.8547738269e-03
    1.4079172164e-02    9.3652848154e-03
    1.4089962468e-02    9.9290851504e-03
    1.4099506661e-02    1.0409924202e-02
    1.4109731652e-02    1.0900923051e-02
    1.4119956642e-02    1.1370968074e-02
    1.4129500836e-02    1.1799576692e-02
    1.4139725827e-02    1.2252496555e-02
    1.4149951749e-02    1.2695096433e-02
    1.4159495011e-02    1.3093230315e-02
    1.4169720933e-02    1.3500495814e-02
    1.4179945923e-02    1.3888951391e-02
    1.4189490117e-02    1.4242695644e-02
    1.4199635945e-02    1.4622237533e-02
    1.4209276065e-02    1.4992835000e-02
    1.4219880104e-02    1.5410331078e-02
    1.4229520224e-02    1.5799041837e-02
    1.4239160344e-02    1.6198443249e-02
    1.4249764383e-02    1.6646308824e-02
    1.4259404503e-02    1.7053982243e-02
    1.4269044623e-02    1.7463672906e-02
    1.4279648662e-02    1.7908951268e-02
    1.4289288782e-02    1.8304197118e-02
    1.4299892820e-02    1.8731495366e-02
    1.4309532940e-02    1.9109934568e-02
    1.4319173060e-02    1.9474880770e-02
    1.4329777099e-02    1.9862657413e-02
    1.4339417219e-02    2.0208520815e-02
    1.4349057339e-02    2.0553963259e-02
    1.4359661378e-02    2.0939255133e-02
    1.4369301498e-02    2.1298030391e-02
    1.4379905537e-02    2.1705150604e-02
    1.4389545657e-02    2.2087849677e-02
    1.4399585314e-02    2.2491764277e-02
    1.4409810305e-02    2.2894283757e-02
    1.4419354498e-02    2.3276124150e-02
    1.4429579489e-02    2.3769816384e-02
    1.4439805411e-02    2.4349965155e-02
    1.4449386857e-02    2.4955570698e-02
    1.4459990896e-02    2.5545002893e-02
    1.4469631016e-02    2.5995071977e-02
    1.4479271136e-02    2.6423279196e-02
    1.4489875175e-02    2.6871442795e-02
    1.4499515295e-02    2.7261424810e-02
    1.4509155415e-02    2.7625752613e-02
    1.4519759454e-02    2.7983888984e-02
    1.4529399574e-02    2.8269737959e-02
    1.4539837837e-02    2.8528796509e-02
    1.4549382031e-02    2.8708612546e-02
    1.4559607022e-02    2.8831589967e-02
    1.4569832943e-02    2.8883287683e-02
    1.4579376206e-02    2.8870282695e-02
    1.4589602128e-02    2.8789915144e-02
    1.4599827118e-02    2.8640970588e-02
    1.4609371312e-02    2.8441876173e-02
    1.4619565569e-02    2.8167717159e-02
    1.4629205689e-02    2.7853785083e-02
    1.4639809728e-02    2.7452129871e-02
    1.4649449848e-02    2.7046205476e-02
    1.4659089968e-02    2.6615245268e-02
    1.4669694006e-02    2.6130240411e-02
    1.4679334126e-02    2.5693107396e-02
    1.4689938165e-02    2.5228045881e-02
    1.4699578285e-02    2.4831566960e-02
    1.4709218405e-02    2.4469064549e-02
    1.4719822444e-02    2.4110021070e-02
    1.4729462564e-02    2.3816131055e-02
    1.4739102684e-02    2.3550599813e-02
    1.4749706723e-02    2.3287916556e-02
    1.4759346843e-02    2.3072039708e-02
    1.4769950882e-02    2.2856455296e-02
    1.4779776335e-02    2.2676717490e-02
    1.4789320529e-02    2.2516831756e-02
    1.4799545519e-02    2.2358501330e-02
    1.4809771441e-02    2.2215675563e-02
    1.4819517732e-02    2.2088553756e-02
    1.4829743654e-02    2.1962987259e-02
    1.4839968644e-02    2.1853502840e-02
    1.4849512838e-02    2.1770069376e-02
    1.4859737828e-02    2.1702054888e-02
    1.4869963750e-02    2.1659115329e-02
    1.4879507013e-02    2.1643437445e-02
    1.4889732935e-02    2.1655926481e-02
    1.4899957925e-02    2.1703194827e-02
    1.4909502119e-02    2.1779112518e-02
    1.4919727109e-02    2.1892717108e-02
    1.4929953031e-02    2.2032113746e-02
    1.4939299785e-02    2.2185683250e-02
    1.4949903823e-02    2.2390311584e-02
    1.4959543943e-02    2.2599859163e-02
    1.4969184063e-02    2.2830761969e-02
    1.4979788102e-02    2.3107871413e-02
    1.4989428222e-02    2.3378392681e-02
    1.4999068342e-02    2.3664621636e-02
    1.5009672381e-02    2.3993404582e-02
    1.5019312501e-02    2.4299576879e-02
    1.5029916540e-02    2.4636551738e-02
    1.5039556660e-02    2.4960387498e-02
    1.5049196780e-02    2.5295538828e-02
    1.5059635974e-02    2.5635205209e-02
    1.5069860965e-02    2.5940524414e-02
    1.5079724602e-02    2.6204966009e-02
    1.5089364722e-02    2.6416584849e-02
    1.5099968761e-02    2.6586983353e-02
    1.5109608881e-02    2.6681723073e-02
    1.5119249001e-02    2.6725238189e-02
    1.5129853040e-02    2.6743093506e-02
    1.5139493160e-02    2.6731438935e-02
    1.5149133280e-02    2.6686947793e-02
    1.5159737319e-02    2.6605742052e-02
    1.5169377439e-02    2.6501692832e-02
    1.5179981478e-02    2.6350883767e-02
    1.5189621598e-02    2.6180051267e-02
    1.5199261717e-02    2.5975134224e-02
    1.5209652483e-02    2.5718096644e-02
    1.5219946392e-02    2.5442792103e-02
    1.5229390934e-02    2.5183711201e-02
    1.5239715576e-02    2.4874119088e-02
    1.5249808319e-02    2.4535069242e-02
    1.5259901062e-02    2.4157939479e-02
    1.5269215219e-02    2.3790270090e-02
    1.5279819258e-02    2.3362997919e-02
    1.5289927833e-02    2.2946067154e-02
    1.5299472027e-02    2.2549331188e-02
    1.5309598297e-02    2.2130733356e-02
    1.5319395810e-02    2.1730065346e-02
    1.5329534188e-02    2.1321501583e-02
    1.5339720063e-02    2.0915130153e-02
    1.5349859372e-02    2.0512225106e-02
    1.5359499492e-02    2.0139258355e-02
    1.5369731002e-02    1.9764419645e-02
    1.5379823744e-02    1.9410826266e-02
    1.5389916487e-02    1.9075589254e-02
    1.5399416909e-02    1.8782025203e-02
    1.5409057029e-02    1.8506303430e-02
    1.5419661067e-02    1.8225429580e-02
    1.5429846942e-02    1.7975511029e-02
    1.5439939685e-02    1.7751542851e-02
    1.5449115075e-02    1.7570689321e-02
    1.5459207818e-02    1.7394015566e-02
    1.5469300561e-02    1.7236376181e-02
    1.5479718335e-02    1.7089810222e-02
    1.5489358455e-02    1.6965685412e-02
    1.5499962494e-02    1.6841670498e-02
    1.5509602614e-02    1.6739172861e-02
    1.5519242734e-02    1.6639625654e-02
    1.5529846773e-02    1.6523269936e-02
    1.5539486893e-02    1.6401356086e-02
    1.5549127012e-02    1.6257843003e-02
    1.5559731051e-02    1.6073426232e-02
    1.5569371171e-02    1.5882439911e-02
    1.5579975210e-02    1.5648413450e-02
    1.5589150600e-02    1.5425091609e-02
    1.5599243343e-02    1.5153775923e-02
    1.5609336086e-02    1.4851075597e-02
    1.5619427897e-02    1.4514174312e-02
    1.5629520640e-02    1.4142940752e-02
    1.5639891848e-02    1.3725658879e-02
    1.5649532899e-02    1.3305301778e-02
    1.5659172088e-02    1.2853891589e-02
    1.5669776127e-02    1.2321895920e-02
    1.5679417178e-02    1.1806400493e-02
    1.5689056367e-02    1.1262132786e-02
    1.5699660406e-02    1.0632409714e-02
    1.5709301457e-02    1.0032706894e-02
    1.5719905496e-02    9.3429544941e-03
    1.5729544684e-02    8.6886500940e-03
    1.5739185736e-02    8.0103073269e-03
    1.5749789774e-02    7.2394586168e-03
    1.5759428963e-02    6.5190545283e-03
    1.5769070014e-02    5.7819285430e-03
    1.5779674053e-02    4.9530146644e-03
    1.5789153054e-02    4.1963341646e-03
    1.5799297020e-02    3.3696442842e-03
    1.5809901059e-02    2.4854918011e-03
    1.5819542110e-02    1.6662894050e-03
    1.5829181299e-02    8.3548942348e-04
    1.5839785337e-02   -9.0602807177e-05
    1.5849426389e-02   -9.4556144904e-04
    1.5859065577e-02   -1.8155677244e-03
    1.5869669616e-02   -2.7921446599e-03
    1.5879310668e-02   -3.6987888161e-03
    1.5889914706e-02   -4.7176945955e-03
    1.5899647027e-02   -5.6734699756e-03
    1.5909377486e-02   -6.6487900913e-03
    1.5919107944e-02   -7.6444828883e-03
    1.5928838402e-02   -8.6622061208e-03
    1.5939209610e-02   -9.7717260942e-03
    1.5949301422e-02   -1.0875849985e-02
    1.5959395096e-02   -1.2004203163e-02
    1.5969647095e-02   -1.3177473098e-02
    1.5979871154e-02   -1.4378990047e-02
    1.5989415348e-02   -1.5529358760e-02
    1.5999641269e-02   -1.6790710390e-02
    1.6009865329e-02   -1.8078375608e-02
    1.6019409522e-02   -1.9302498549e-02
    1.6029635444e-02   -2.0634427667e-02
    1.6039382666e-02   -2.1917974576e-02
    1.6049986705e-02   -2.3326106369e-02
    1.6059625894e-02   -2.4618070573e-02
    1.6069266945e-02   -2.5923626497e-02
    1.6079870984e-02   -2.7371574193e-02
    1.6089510173e-02   -2.8691781685e-02
    1.6099151224e-02   -3.0013887212e-02
    1.6109755263e-02   -3.1473670155e-02
    1.6119394451e-02   -3.2808698714e-02
    1.6129998490e-02   -3.4287858754e-02
    1.6139546409e-02   -3.5628356040e-02
    1.6149638221e-02   -3.7053231150e-02
    1.6159731895e-02   -3.8484722376e-02
    1.6169045120e-02   -3.9811916649e-02
    1.6179649159e-02   -4.1330151260e-02
    1.6189290211e-02   -4.2715806514e-02
    1.6199894249e-02   -4.4246084988e-02
    1.6209121794e-02   -4.5583389699e-02
    1.6218852252e-02   -4.6998653561e-02
    1.6229754314e-02   -4.8589054495e-02
    1.6239395365e-02   -5.0000872463e-02
    1.6249999404e-02   -5.1559302956e-02
    1.6259638593e-02   -5.2979841828e-02
    1.6269279644e-02   -5.4404161870e-02
    1.6279883683e-02   -5.5979710072e-02
    1.6289336607e-02   -5.7395797223e-02
    1.6299430281e-02   -5.8918967843e-02
    1.6309615225e-02   -6.0466736555e-02
    1.6319256276e-02   -6.1940491199e-02
    1.6329860315e-02   -6.3572034240e-02
    1.6339499503e-02   -6.5066382289e-02
    1.6349140555e-02   -6.6572450101e-02
    1.6359744594e-02   -6.8241104484e-02
    1.6369383782e-02   -6.9766342640e-02
    1.6379987821e-02   -7.1452312171e-02
    1.6389628872e-02   -7.2990700603e-02
    1.6399268061e-02   -7.4532374740e-02
    1.6409872100e-02   -7.6232865453e-02
    1.6419513151e-02   -7.7784210443e-02
    1.6429651529e-02   -7.9420708120e-02
    1.6439745203e-02   -8.1052646041e-02
    1.6449183226e-02   -8.2579337060e-02
    1.6458913684e-02   -8.4151886404e-02
    1.6469608992e-02   -8.5879869759e-02
    1.6479250044e-02   -8.7437346578e-02
    1.6489854082e-02   -8.9145511389e-02
    1.6499493271e-02   -9.0689271688e-02
    1.6509134322e-02   -9.2225395143e-02
    1.6519738361e-02   -9.3912489712e-02
    1.6529377550e-02   -9.5447495580e-02
    1.6539983451e-02   -9.7135983407e-02
    1.6549436375e-02   -9.8639667034e-02
    1.6559530050e-02   -1.0024290532e-01
    1.6569906846e-02   -1.0188943148e-01
    1.6579844058e-02   -1.0346601903e-01
    1.6589485109e-02   -1.0499862581e-01
    1.6599124297e-02   -1.0653708130e-01
    1.6609728336e-02   -1.0823628306e-01
    1.6619369388e-02   -1.0978639871e-01
    1.6629973426e-02   -1.1149641126e-01
    1.6639452428e-02   -1.1303136498e-01
    1.6649598256e-02   -1.1468160897e-01
    1.6659237444e-02   -1.1625830829e-01
    1.6669841483e-02   -1.1800403148e-01
    1.6679434106e-02   -1.1959403008e-01
    1.6689660028e-02   -1.2130004168e-01
    1.6699884087e-02   -1.2301860005e-01
    1.6709428281e-02   -1.2463620305e-01
    1.6719654202e-02   -1.2638393044e-01
    1.6729880124e-02   -1.2814964354e-01
    1.6739422455e-02   -1.2981635332e-01
    1.6749648377e-02   -1.3161878288e-01
    1.6759680584e-02   -1.3340078294e-01
    1.6769774258e-02   -1.3520848751e-01
    1.6779510304e-02   -1.3697026670e-01
    1.6789151356e-02   -1.3873197138e-01
    1.6799852252e-02   -1.4070819318e-01
    1.6809491441e-02   -1.4250214398e-01
    1.6819132492e-02   -1.4430516958e-01
    1.6829736531e-02   -1.4629898965e-01
    1.6839375719e-02   -1.4812327921e-01
    1.6849609092e-02   -1.5007159114e-01
    1.6859887168e-02   -1.5203805268e-01
    1.6868907958e-02   -1.5376779437e-01
    1.6879763454e-02   -1.5585149825e-01
    1.6889747232e-02   -1.5776613355e-01
    1.6899479553e-02   -1.5962293744e-01
    1.6909942031e-02   -1.6160321236e-01
    1.6919117421e-02   -1.6332937777e-01
    1.6929209232e-02   -1.6522321105e-01
    1.6939301044e-02   -1.6711430252e-01
    1.6949636862e-02   -1.6904245317e-01
    1.6959369183e-02   -1.7083670199e-01
    1.6969261691e-02   -1.7263369262e-01
    1.6979865730e-02   -1.7453490198e-01
    1.6989506781e-02   -1.7624172568e-01
    1.6999145970e-02   -1.7793449759e-01
    1.7009908333e-02   -1.7982275784e-01
    1.7019083723e-02   -1.8143649399e-01
    1.7029177397e-02   -1.8321308494e-01
    1.7039641738e-02   -1.8505021930e-01
    1.7049280927e-02   -1.8673181534e-01
    1.7059884965e-02   -1.8856956065e-01
    1.7069526017e-02   -1.9023509324e-01
    1.7079165205e-02   -1.9189937413e-01
    1.7089258879e-02   -1.9364082813e-01
    1.7099350691e-02   -1.9537831843e-01
    1.7109088600e-02   -1.9705276191e-01
    1.7119532451e-02   -1.9885048270e-01
    1.7129171640e-02   -2.0051208138e-01
    1.7139775679e-02   -2.0234334469e-01
    1.7149962485e-02   -2.0410725474e-01
    1.7159137875e-02   -2.0569959283e-01
    1.7169462517e-02   -2.0749534667e-01
    1.7179101706e-02   -2.0917831361e-01
    1.7189705744e-02   -2.1104085445e-01
    1.7199346796e-02   -2.1274580061e-01
    1.7209531739e-02   -2.1455539763e-01
    1.7219625413e-02   -2.1635234356e-01
    1.7229640856e-02   -2.1814092994e-01
    1.7239864916e-02   -2.1997499466e-01
    1.7249409109e-02   -2.2168965638e-01
    1.7259635031e-02   -2.2353042662e-01
    1.7269860953e-02   -2.2537957132e-01
    1.7279403284e-02   -2.2711737454e-01
    1.7289841548e-02   -2.2902768850e-01
    1.7299924046e-02   -2.3087498546e-01
    1.7309362069e-02   -2.3260758817e-01
    1.7319094390e-02   -2.3440404236e-01
    1.7328826711e-02   -2.3621523380e-01
    1.7339773476e-02   -2.3827387393e-01
    1.7349505797e-02   -2.4012190104e-01
    1.7359238118e-02   -2.4198400974e-01
    1.7368970439e-02   -2.4386049807e-01
    1.7379971221e-02   -2.4600474536e-01
    1.7389515415e-02   -2.4788349867e-01
    1.7399739474e-02   -2.4990670383e-01
    1.7409039661e-02   -2.5175079703e-01
    1.7419641837e-02   -2.5385621190e-01
    1.7429374158e-02   -2.5579899549e-01
    1.7439106479e-02   -2.5775557756e-01
    1.7448836938e-02   -2.5971966982e-01
    1.7459398136e-02   -2.6185104251e-01
    1.7469624057e-02   -2.6390904188e-01
    1.7479848117e-02   -2.6596426964e-01
    1.7489392310e-02   -2.6788544655e-01
    1.7499618232e-02   -2.6995387673e-01
    1.7509844154e-02   -2.7203720808e-01
    1.7519142479e-02   -2.7394604683e-01
    1.7529744655e-02   -2.7613177896e-01
    1.7539476976e-02   -2.7814128995e-01
    1.7549209297e-02   -2.8015625477e-01
    1.7558941618e-02   -2.8217986226e-01
    1.7569890246e-02   -2.8446549177e-01
    1.7579622567e-02   -2.8650709987e-01
    1.7589353025e-02   -2.8856664896e-01
    1.7599085346e-02   -2.9064738750e-01
    1.7608817667e-02   -2.9274889827e-01
    1.7619766295e-02   -2.9513177276e-01
    1.7629498616e-02   -2.9725560546e-01
    1.7639230937e-02   -2.9937791824e-01
    1.7648963258e-02   -3.0149731040e-01
    1.7659911886e-02   -3.0388766527e-01
    1.7669644207e-02   -3.0602073669e-01
    1.7679376528e-02   -3.0815449357e-01
    1.7689108849e-02   -3.1028881669e-01
    1.7698839307e-02   -3.1242680550e-01
    1.7709789798e-02   -3.1482776999e-01
    1.7719520256e-02   -3.1695711613e-01
    1.7729252577e-02   -3.1909102201e-01
    1.7738984898e-02   -3.2122990489e-01
    1.7749335617e-02   -3.2350277901e-01
    1.7759429291e-02   -3.2571589947e-01
    1.7769521102e-02   -3.2791581750e-01
    1.7779614776e-02   -3.3009797335e-01
    1.7789950594e-02   -3.3232444525e-01
    1.7799682915e-02   -3.3442121744e-01
    1.7809415236e-02   -3.3652791381e-01
    1.7819147557e-02   -3.3864665031e-01
    1.7829498276e-02   -3.4090042114e-01
    1.7839590088e-02   -3.4308868647e-01
    1.7849683762e-02   -3.4526744485e-01
    1.7859740183e-02   -3.4743133187e-01
    1.7869472504e-02   -3.4952571988e-01
    1.7879204825e-02   -3.5162705183e-01
    1.7889257520e-02   -3.5380402207e-01
    1.7899349332e-02   -3.5599014163e-01
    1.7909443006e-02   -3.5816481709e-01
    1.7919478938e-02   -3.6031052470e-01
    1.7929211259e-02   -3.6238363385e-01
    1.7939902842e-02   -3.6466515064e-01
    1.7949994653e-02   -3.6683195829e-01
    1.7959170043e-02   -3.6881101131e-01
    1.7969263718e-02   -3.7098345160e-01
    1.7979320139e-02   -3.7313440442e-01
    1.7989052460e-02   -3.7520772219e-01
    1.7999703065e-02   -3.7746781111e-01
    1.8009794876e-02   -3.7959310412e-01
    1.8019888550e-02   -3.8168886304e-01
    1.8029980361e-02   -3.8373884559e-01
    1.8039155751e-02   -3.8556030393e-01
    1.8049214035e-02   -3.8752573729e-01
    1.8059264868e-02   -3.8946622610e-01
    1.8069358543e-02   -3.9137926698e-01
    1.8079450354e-02   -3.9325463772e-01
    1.8089544028e-02   -3.9509987831e-01
    1.8099635839e-02   -3.9691796899e-01
    1.8109729514e-02   -3.9870327711e-01
    1.8119821325e-02   -4.0044781566e-01
    1.8129913136e-02   -4.0214133263e-01
    1.8139088526e-02   -4.0363308787e-01
    1.8149182200e-02   -4.0522161126e-01
    1.8159836531e-02   -4.0683728456e-01
    1.8169568852e-02   -4.0825673938e-01
    1.8179301172e-02   -4.0963256359e-01
    1.8189033493e-02   -4.1097080708e-01
    1.8199982122e-02   -4.1243401170e-01
    1.8209714442e-02   -4.1369321942e-01
    1.8219446763e-02   -4.1489681602e-01
    1.8229179084e-02   -4.1603496671e-01
    1.8238911405e-02   -4.1710665822e-01
    1.8249860033e-02   -4.1824081540e-01
    1.8259590492e-02   -4.1919684410e-01
    1.8269322813e-02   -4.2010718584e-01
    1.8279055133e-02   -4.2096444964e-01
    1.8289841712e-02   -4.2184647918e-01
    1.8299574032e-02   -4.2259079218e-01
    1.8309954554e-02   -4.2334517837e-01
    1.8319686875e-02   -4.2402383685e-01
    1.8329419196e-02   -4.2467743158e-01
    1.8339799717e-02   -4.2534995079e-01
    1.8349532038e-02   -4.2595276237e-01
    1.8359912559e-02   -4.2655760050e-01
    1.8369799480e-02   -4.2709082365e-01
    1.8379529938e-02   -4.2757961154e-01
    1.8389262259e-02   -4.2805224657e-01
    1.8398992717e-02   -4.2851763964e-01
    1.8409941345e-02   -4.2902937531e-01
    1.8419673666e-02   -4.2946526408e-01
    1.8429404125e-02   -4.2988505960e-01
    1.8439136446e-02   -4.3030002713e-01
    1.8448866904e-02   -4.3071165681e-01
    1.8459815532e-02   -4.3116432428e-01
    1.8469545990e-02   -4.3155586720e-01
    1.8479278311e-02   -4.3193748593e-01
    1.8489008769e-02   -4.3230569363e-01
    1.8499957398e-02   -4.3270367384e-01
    1.8509687856e-02   -4.3304997683e-01
    1.8519418314e-02   -4.3339380622e-01
    1.8529150635e-02   -4.3373736739e-01
    1.8538881093e-02   -4.3408298492e-01
    1.8549827859e-02   -4.3447867036e-01
    1.8559560180e-02   -4.3484663963e-01
    1.8569290638e-02   -4.3523848057e-01
    1.8579021096e-02   -4.3565440178e-01
    1.8589969724e-02   -4.3615132570e-01
    1.8599700183e-02   -4.3662050366e-01
    1.8609430641e-02   -4.3711560965e-01
    1.8619161099e-02   -4.3765640259e-01
    1.8628891557e-02   -4.3833619356e-01
    1.8639838323e-02   -4.3928065896e-01
    1.8649570644e-02   -4.4017845392e-01
    1.8659301102e-02   -4.4106069207e-01
    1.8669031560e-02   -4.4188612700e-01
    1.8679978326e-02   -4.4276860356e-01
    1.8689708784e-02   -4.4357097149e-01
    1.8699439242e-02   -4.4433730841e-01
    1.8709169701e-02   -4.4500771165e-01
    1.8718900159e-02   -4.4563010335e-01
    1.8729846925e-02   -4.4632878900e-01
    1.8739577383e-02   -4.4691002369e-01
    1.8749307841e-02   -4.4744288921e-01
    1.8759038299e-02   -4.4794616103e-01
    1.8769985065e-02   -4.4844821095e-01
    1.8779715523e-02   -4.4880449772e-01
    1.8789445981e-02   -4.4908758998e-01
    1.8799176440e-02   -4.4933849573e-01
    1.8808906898e-02   -4.4959336519e-01
    1.8819853663e-02   -4.4987389445e-01
    1.8829584122e-02   -4.5009419322e-01
    1.8839314580e-02   -4.5028799772e-01
    1.8849043176e-02   -4.5046529174e-01
    1.8859989941e-02   -4.5064368844e-01
    1.8869720399e-02   -4.5078119636e-01
    1.8879450858e-02   -4.5090821385e-01
    1.8889181316e-02   -4.5103788376e-01
    1.8898911774e-02   -4.5117571950e-01
    1.8909856677e-02   -4.5133846998e-01
    1.8919587135e-02   -4.5150035620e-01
    1.8929317594e-02   -4.5168414712e-01
    1.8939048052e-02   -4.5187163353e-01
    1.8949994817e-02   -4.5207101107e-01
    1.8959723413e-02   -4.5225200057e-01
    1.8969453871e-02   -4.5244759321e-01
    1.8979184330e-02   -4.5264983177e-01
    1.8988914788e-02   -4.5285081863e-01
    1.8999859691e-02   -4.5307436585e-01
    1.9009590149e-02   -4.5327025652e-01
    1.9019320607e-02   -4.5347115397e-01
    1.9029049203e-02   -4.5371565223e-01
    1.9039995968e-02   -4.5403862000e-01
    1.9049724564e-02   -4.5433005691e-01
    1.9059455022e-02   -4.5462581515e-01
    1.9069185480e-02   -4.5494568348e-01
    1.9078914076e-02   -4.5527890325e-01
    1.9089860842e-02   -4.5565724373e-01
    1.9099589437e-02   -4.5600593090e-01
    1.9109319896e-02   -4.5634397864e-01
    1.9119050354e-02   -4.5666584373e-01
    1.9129995257e-02   -4.5703715086e-01
    1.9139725715e-02   -4.5737287402e-01
    1.9149454311e-02   -4.5770797133e-01
    1.9159184769e-02   -4.5805832744e-01
    1.9168913364e-02   -4.5842579007e-01
    1.9179860130e-02   -4.5882821083e-01
    1.9189588726e-02   -4.5916637778e-01
    1.9199319184e-02   -4.5950692892e-01
    1.9209047779e-02   -4.5987904072e-01
    1.9219994545e-02   -4.6033895016e-01
    1.9229723141e-02   -4.6078017354e-01
    1.9239453599e-02   -4.6125718951e-01
    1.9249182194e-02   -4.6177861094e-01
    1.9258910790e-02   -4.6235004067e-01
    1.9269857556e-02   -4.6306204796e-01
    1.9279586151e-02   -4.6378716826e-01
    1.9289316610e-02   -4.6459451318e-01
    1.9299045205e-02   -4.6546083689e-01
    1.9309990108e-02   -4.6648347378e-01
    1.9319720566e-02   -4.6740111709e-01
    1.9329449162e-02   -4.6831727028e-01
    1.9339179620e-02   -4.6924075484e-01
    1.9348908216e-02   -4.7016847134e-01
    1.9359854981e-02   -4.7125431895e-01
    1.9369583577e-02   -4.7227931023e-01
    1.9379312173e-02   -4.7335785627e-01
    1.9389042631e-02   -4.7446751595e-01
    1.9399987534e-02   -4.7569805384e-01
    1.9409717992e-02   -4.7677373886e-01
    1.9419446588e-02   -4.7782564163e-01
    1.9429177046e-02   -4.7880005836e-01
    1.9438905641e-02   -4.7968983650e-01
    1.9449852407e-02   -4.8060539365e-01
    1.9459581003e-02   -4.8133000731e-01
    1.9469311461e-02   -4.8198413849e-01
    1.9479040056e-02   -4.8258394003e-01
    1.9489984959e-02   -4.8318457603e-01
    1.9499715418e-02   -4.8365959525e-01
    1.9509444013e-02   -4.8406657577e-01
    1.9519174471e-02   -4.8438113928e-01
    1.9528903067e-02   -4.8460662365e-01
    1.9539847970e-02   -4.8475778103e-01
    1.9549578428e-02   -4.8480236530e-01
    1.9559307024e-02   -4.8478460312e-01
    1.9569035619e-02   -4.8473137617e-01
    1.9579980522e-02   -4.8466080427e-01
    1.9589710981e-02   -4.8458832502e-01
    1.9599439576e-02   -4.8449987173e-01
    1.9609168172e-02   -4.8440766335e-01
    1.9618896767e-02   -4.8431000113e-01
    1.9629843533e-02   -4.8419177532e-01
    1.9639572129e-02   -4.8408454657e-01
    1.9649300724e-02   -4.8398396373e-01
    1.9659029320e-02   -4.8389464617e-01
    1.9669974223e-02   -4.8380267620e-01
    1.9679704681e-02   -4.8374196887e-01
    1.9689433277e-02   -4.8371136189e-01
    1.9699161872e-02   -4.8370531201e-01
    1.9708890468e-02   -4.8372429609e-01
    1.9719837233e-02   -4.8378479481e-01
    1.9729565829e-02   -4.8390361667e-01
    1.9739294425e-02   -4.8408657312e-01
    1.9749023020e-02   -4.8432111740e-01
    1.9759969786e-02   -4.8465916514e-01
    1.9769698381e-02   -4.8499134183e-01
    1.9779426977e-02   -4.8532441258e-01
    1.9789155573e-02   -4.8567456007e-01
    1.9798886031e-02   -4.8602750897e-01
    1.9809830934e-02   -4.8640814424e-01
    1.9819559529e-02   -4.8676013947e-01
    1.9829289988e-02   -4.8712602258e-01
    1.9839018583e-02   -4.8748305440e-01
    1.9849963486e-02   -4.8787009716e-01
    1.9859692082e-02   -4.8819142580e-01
    1.9869422540e-02   -4.8847794533e-01
    1.9879151136e-02   -4.8870456219e-01
    1.9888881594e-02   -4.8883679509e-01
    1.9899826497e-02   -4.8886802793e-01
    1.9909555092e-02   -4.8881438375e-01
    1.9919283688e-02   -4.8869419098e-01
    1.9929014146e-02   -4.8851612210e-01
    1.9939959049e-02   -4.8825466633e-01
    1.9949687645e-02   -4.8797315359e-01
    1.9959418103e-02   -4.8764881492e-01
    1.9969146699e-02   -4.8727586865e-01
    1.9978877157e-02   -4.8687767982e-01
    1.9989822060e-02   -4.8643365502e-01
    1.9999550655e-02   -4.8602205515e-01
    2.0009281114e-02   -4.8560151458e-01
    2.0019009709e-02   -4.8517456651e-01
    2.0029954612e-02   -4.8466238379e-01
    2.0039685071e-02   -4.8417344689e-01
    2.0049413666e-02   -4.8365822434e-01
    2.0059144124e-02   -4.8311662674e-01
    2.0068872720e-02   -4.8257321119e-01
    2.0079819486e-02   -4.8197731376e-01
    2.0089548081e-02   -4.8145022988e-01
    2.0099278539e-02   -4.8092865944e-01
    2.0109007135e-02   -4.8041671515e-01
    2.0119953901e-02   -4.7985276580e-01
    2.0129682496e-02   -4.7936451435e-01
    2.0139412954e-02   -4.7886928916e-01
    2.0149141550e-02   -4.7835439444e-01
    2.0158872008e-02   -4.7783422470e-01
    2.0169816911e-02   -4.7725954652e-01
    2.0179547369e-02   -4.7675904632e-01
    2.0189275965e-02   -4.7627058625e-01
    2.0199006423e-02   -4.7579750419e-01
    2.0209951326e-02   -4.7528478503e-01
    2.0219681785e-02   -4.7483626008e-01
    2.0229410380e-02   -4.7439235449e-01
    2.0239140838e-02   -4.7395616770e-01
    2.0248869434e-02   -4.7352054715e-01
    2.0259816200e-02   -4.7302699089e-01
    2.0269544795e-02   -4.7258690000e-01
    2.0279275253e-02   -4.7215664387e-01
    2.0289003849e-02   -4.7173720598e-01
    2.0299950615e-02   -4.7126573324e-01
    2.0309681073e-02   -4.7084733844e-01
    2.0319409668e-02   -4.7042980790e-01
    2.0329140127e-02   -4.7001168132e-01
    2.0338868722e-02   -4.6959653497e-01
    2.0349815488e-02   -4.6914201975e-01
    2.0359545946e-02   -4.6875828505e-01
    2.0369274542e-02   -4.6839785576e-01
    2.0379005000e-02   -4.6805825830e-01
    2.0389951766e-02   -4.6769931912e-01
    2.0399680361e-02   -4.6740198135e-01
    2.0409410819e-02   -4.6712148190e-01
    2.0419141278e-02   -4.6685588360e-01
    2.0428869873e-02   -4.6660637856e-01
    2.0439816639e-02   -4.6634674072e-01
    2.0449547097e-02   -4.6613672376e-01
    2.0459277555e-02   -4.6594864130e-01
    2.0469006151e-02   -4.6579080820e-01
    2.0479952917e-02   -4.6566373110e-01
    2.0489683375e-02   -4.6560117602e-01
    2.0499413833e-02   -4.6558180451e-01
    2.0509144291e-02   -4.6559762955e-01
    2.0518872887e-02   -4.6563932300e-01
    2.0529819652e-02   -4.6570679545e-01
    2.0539550111e-02   -4.6578001976e-01
    2.0549280569e-02   -4.6586090326e-01
    2.0559011027e-02   -4.6594306827e-01
    2.0569957793e-02   -4.6602520347e-01
    2.0579688251e-02   -4.6608000994e-01
    2.0589418709e-02   -4.6611541510e-01
    2.0599149168e-02   -4.6613261104e-01
    2.0608879626e-02   -4.6613463759e-01
    2.0619826391e-02   -4.6611982584e-01
    2.0629556850e-02   -4.6608951688e-01
    2.0639287308e-02   -4.6604159474e-01
    2.0649017766e-02   -4.6597614884e-01
    2.0659966394e-02   -4.6588134766e-01
    2.0669696853e-02   -4.6577888727e-01
    2.0679427311e-02   -4.6566125751e-01
    2.0689157769e-02   -4.6552595496e-01
    2.0698888227e-02   -4.6536540985e-01
    2.0709834993e-02   -4.6514987946e-01
    2.0719567314e-02   -4.6491986513e-01
    2.0729297772e-02   -4.6465599537e-01
    2.0739028230e-02   -4.6436768770e-01
    2.0749974996e-02   -4.6401119232e-01
    2.0759707317e-02   -4.6366247535e-01
    2.0769437775e-02   -4.6329966187e-01
    2.0779168233e-02   -4.6293133497e-01
    2.0788900554e-02   -4.6255618334e-01
    2.0799847320e-02   -4.6213448048e-01
    2.0809577778e-02   -4.6176567674e-01
    2.0819310099e-02   -4.6140274405e-01
    2.0829040557e-02   -4.6104604006e-01
    2.0839987323e-02   -4.6065327525e-01
    2.0849719644e-02   -4.6031486988e-01
    2.0859450102e-02   -4.5998761058e-01
    2.0869182423e-02   -4.5966798067e-01
    2.0878912881e-02   -4.5935299993e-01
    2.0889859647e-02   -4.5900616050e-01
    2.0899591967e-02   -4.5870724320e-01
    2.0909322426e-02   -4.5842200518e-01
    2.0919054747e-02   -4.5815509558e-01
    2.0928785205e-02   -4.5791199803e-01
    2.0939733833e-02   -4.5767304301e-01
    2.0949466154e-02   -4.5749139786e-01
    2.0959196612e-02   -4.5733782649e-01
    2.0968928933e-02   -4.5720934868e-01
    2.0979875699e-02   -4.5708760619e-01
    2.0989608020e-02   -4.5698645711e-01
    2.0999340340e-02   -4.5687717199e-01
    2.1009070799e-02   -4.5674860477e-01
    2.1018803120e-02   -4.5658972859e-01
    2.1029751748e-02   -4.5636591315e-01
    2.1039482206e-02   -4.5612695813e-01
    2.1049214527e-02   -4.5585536957e-01
    2.1058946848e-02   -4.5555594563e-01
    2.1069895476e-02   -4.5519125462e-01
    2.1079625934e-02   -4.5484626293e-01
    2.1089358255e-02   -4.5448300242e-01
    2.1099090576e-02   -4.5410093665e-01
    2.1108822897e-02   -4.5369884372e-01
    2.1119771525e-02   -4.5322090387e-01
    2.1129503846e-02   -4.5275288820e-01
    2.1139236167e-02   -4.5222401619e-01
    2.1148966625e-02   -4.5164775848e-01
    2.1159915254e-02   -4.5093262196e-01
    2.1169647574e-02   -4.5024186373e-01
    2.1179379895e-02   -4.4952964783e-01
    2.1189112216e-02   -4.4878634810e-01
    2.1198844537e-02   -4.4799757004e-01
    2.1209793165e-02   -4.4709214568e-01
    2.1219525486e-02   -4.4626736641e-01
    2.1229257807e-02   -4.4540759921e-01
    2.1238990128e-02   -4.4453865290e-01
    2.1249938756e-02   -4.4356191158e-01
    2.1259671077e-02   -4.4267931581e-01
    2.1269403398e-02   -4.4177475572e-01
    2.1279135719e-02   -4.4084748626e-01
    2.1288868040e-02   -4.3990394473e-01
    2.1299816668e-02   -4.3882340193e-01
    2.1309548989e-02   -4.3783313036e-01
    2.1319281310e-02   -4.3680647016e-01
    2.1329013631e-02   -4.3574115634e-01
    2.1339964122e-02   -4.3449300528e-01
    2.1349696442e-02   -4.3334701657e-01
    2.1359428763e-02   -4.3217733502e-01
    2.1369159222e-02   -4.3099516630e-01
    2.1378891543e-02   -4.2980882525e-01
    2.1389842033e-02   -4.2846924067e-01
    2.1399572492e-02   -4.2727610469e-01
    2.1409304813e-02   -4.2608612776e-01
    2.1419037133e-02   -4.2490023375e-01
    2.1429987624e-02   -4.2355456948e-01
    2.1439718083e-02   -4.2233943939e-01
    2.1449450403e-02   -4.2110931873e-01
    2.1459182724e-02   -4.1986122727e-01
    2.1468915045e-02   -4.1859331727e-01
    2.1479863673e-02   -4.1715407372e-01
    2.1489595994e-02   -4.1587343812e-01
    2.1499328315e-02   -4.1459533572e-01
    2.1509060636e-02   -4.1332113743e-01
    2.1518792957e-02   -4.1205143929e-01
    2.1529741585e-02   -4.1063088179e-01
    2.1539473906e-02   -4.0937200189e-01
    2.1549206227e-02   -4.0811762214e-01
    2.1558938548e-02   -4.0688124299e-01
    2.1569889039e-02   -4.0550866723e-01
    2.1579621360e-02   -4.0429675579e-01
    2.1589353681e-02   -4.0309885144e-01
    2.1599086002e-02   -4.0191033483e-01
    2.1608816460e-02   -4.0072348714e-01
    2.1619766951e-02   -3.9939796925e-01
    2.1629499272e-02   -3.9822942019e-01
    2.1639231592e-02   -3.9706420898e-01
    2.1648963913e-02   -3.9591136575e-01
    2.1659912542e-02   -3.9463669062e-01
    2.1669644862e-02   -3.9351630211e-01
    2.1679377183e-02   -3.9240825176e-01
    2.1689109504e-02   -3.9131745696e-01
    2.1698841825e-02   -3.9024344087e-01
    2.1709790453e-02   -3.8904777169e-01
    2.1719522774e-02   -3.8799223304e-01
    2.1729255095e-02   -3.8694366813e-01
    2.1738987416e-02   -3.8589933515e-01
    2.1749936044e-02   -3.8472867012e-01
    2.1759668365e-02   -3.8369187713e-01
    2.1769400686e-02   -3.8265186548e-01
    2.1779133007e-02   -3.8160330057e-01
    2.1788865328e-02   -3.8054469228e-01
    2.1799813956e-02   -3.7933659554e-01
    2.1809546277e-02   -3.7824401259e-01
    2.1819278598e-02   -3.7713405490e-01
    2.1829010919e-02   -3.7600517273e-01
    2.1839959547e-02   -3.7470993400e-01
    2.1849691868e-02   -3.7353557348e-01
    2.1859424189e-02   -3.7234038115e-01
    2.1869156510e-02   -3.7112307549e-01
    2.1878888831e-02   -3.6988189816e-01
    2.1889837459e-02   -3.6845758557e-01
    2.1899569780e-02   -3.6716589332e-01
    2.1909303963e-02   -3.6584869027e-01
    2.1919036284e-02   -3.6450493336e-01
    2.1929984912e-02   -3.6296021938e-01
    2.1939717233e-02   -3.6155945063e-01
    2.1949449554e-02   -3.6013734341e-01
    2.1959181875e-02   -3.5869941115e-01
    2.1968914196e-02   -3.5725098848e-01
    2.1979862824e-02   -3.5561382771e-01
    2.1989595145e-02   -3.5415425897e-01
    2.1999327466e-02   -3.5269364715e-01
    2.2009059787e-02   -3.5123315454e-01
    2.2018792108e-02   -3.4977257252e-01
    2.2029740736e-02   -3.4813138843e-01
    2.2039473057e-02   -3.4667557478e-01
    2.2049205378e-02   -3.4522351623e-01
    2.2058937699e-02   -3.4377533197e-01
    2.2069886327e-02   -3.4215003252e-01
    2.2079618648e-02   -3.4070709348e-01
    2.2089350969e-02   -3.3926451206e-01
    2.2099083290e-02   -3.3782422543e-01
    2.2108815610e-02   -3.3638921380e-01
    2.2119764239e-02   -3.3478555083e-01
    2.2129496560e-02   -3.3337366581e-01
    2.2139228880e-02   -3.3197721839e-01
    2.2148961201e-02   -3.3059757948e-01
    2.2159909829e-02   -3.2906714082e-01
    2.2169642150e-02   -3.2772725821e-01
    2.2179374471e-02   -3.2640594244e-01
    2.2189106792e-02   -3.2510223985e-01
    2.2198839113e-02   -3.2381543517e-01
    2.2209789604e-02   -3.2238596678e-01
    2.2219521925e-02   -3.2112979889e-01
    2.2229254246e-02   -3.1988593936e-01
    2.2238986567e-02   -3.1865456700e-01
    2.2249935195e-02   -3.1728383899e-01
    2.2259667516e-02   -3.1607735157e-01
    2.2269399837e-02   -3.1488242745e-01
    2.2279132158e-02   -3.1370025873e-01
    2.2288864478e-02   -3.1253069639e-01
    2.2299813107e-02   -3.1122910976e-01
    2.2309545428e-02   -3.1008458138e-01
    2.2319277748e-02   -3.0895039439e-01
    2.2329010069e-02   -3.0782485008e-01
    2.2339958698e-02   -3.0656629801e-01
    2.2349691018e-02   -3.0545103550e-01
    2.2359423339e-02   -3.0433586240e-01
    2.2369155660e-02   -3.0321797729e-01
    2.2378887981e-02   -3.0209538341e-01
    2.2389836609e-02   -3.0082401633e-01
    2.2399568930e-02   -2.9968476295e-01
    2.2409301251e-02   -2.9853650928e-01
    2.2419033572e-02   -2.9737874866e-01
    2.2429982200e-02   -2.9606291652e-01
    2.2439714521e-02   -2.9487919807e-01
    2.2449446842e-02   -2.9368007183e-01
    2.2459179163e-02   -2.9246240854e-01
    2.2468911484e-02   -2.9122304916e-01
    2.2479860112e-02   -2.8979930282e-01
    2.2489592433e-02   -2.8850531578e-01
    2.2499324754e-02   -2.8718414903e-01
    2.2509057075e-02   -2.8583627939e-01
    2.2518789396e-02   -2.8446274996e-01
    2.2529738024e-02   -2.8288826346e-01
    2.2539470345e-02   -2.8146472573e-01
    2.2549202666e-02   -2.8002017736e-01
    2.2558934987e-02   -2.7855515480e-01
    2.2569883615e-02   -2.7688315511e-01
    2.2579615936e-02   -2.7537670732e-01
    2.2589348257e-02   -2.7385208011e-01
    2.2599080577e-02   -2.7230933309e-01
    2.2608812898e-02   -2.7074879408e-01
    2.2619761527e-02   -2.6897263527e-01
    2.2629493847e-02   -2.6737618446e-01
    2.2639224306e-02   -2.6576405764e-01
    2.2648956627e-02   -2.6413759589e-01
    2.2659905255e-02   -2.6229384542e-01
    2.2669637576e-02   -2.6064538956e-01
    2.2679369897e-02   -2.5899142027e-01
    2.2689102218e-02   -2.5733491778e-01
    2.2698834538e-02   -2.5567787886e-01
    2.2709781304e-02   -2.5381496549e-01
    2.2719513625e-02   -2.5216129422e-01
    2.2729245946e-02   -2.5051078200e-01
    2.2738978267e-02   -2.4886424839e-01
    2.2749926895e-02   -2.4701836705e-01
    2.2759659216e-02   -2.4538490176e-01
    2.2769389674e-02   -2.4375930429e-01
    2.2779121995e-02   -2.4214231968e-01
    2.2788854316e-02   -2.4053451419e-01
    2.2799802944e-02   -2.3873786628e-01
    2.2809535265e-02   -2.3715260625e-01
    2.2819265723e-02   -2.3558004200e-01
    2.2828998044e-02   -2.3402151465e-01
    2.2839946672e-02   -2.3228581250e-01
    2.2849678993e-02   -2.3075897992e-01
    2.2859409451e-02   -2.2924679518e-01
    2.2869141772e-02   -2.2774866223e-01
    2.2878874093e-02   -2.2626341879e-01
    2.2889822721e-02   -2.2460667789e-01
    2.2899553180e-02   -2.2314533591e-01
    2.2909285501e-02   -2.2169300914e-01
    2.2919017822e-02   -2.2024822235e-01
    2.2929966450e-02   -2.1862949431e-01
    2.2939696908e-02   -2.1719422936e-01
    2.2949429229e-02   -2.1575999260e-01
    2.2959161550e-02   -2.1432527900e-01
    2.2968892008e-02   -2.1288892627e-01
    2.2979840636e-02   -2.1127034724e-01
    2.2989572957e-02   -2.0982934535e-01
    2.2999305278e-02   -2.0838643610e-01
    2.3009035736e-02   -2.0694226027e-01
    2.3019984365e-02   -2.0531605184e-01
    2.3029716685e-02   -2.0386911929e-01
    2.3039449006e-02   -2.0242023468e-01
    2.3049179465e-02   -2.0096813142e-01
    2.3058911785e-02   -1.9951124489e-01
    2.3069860414e-02   -1.9786362350e-01
    2.3079592735e-02   -1.9638890028e-01
    2.3089323193e-02   -1.9490222633e-01
    2.3099055514e-02   -1.9340200722e-01
    2.3108787835e-02   -1.9188740849e-01
    2.3119736463e-02   -1.9016580284e-01
    2.3129468784e-02   -1.8861910701e-01
    2.3139199242e-02   -1.8705631793e-01
    2.3148931563e-02   -1.8547783792e-01
    2.3159692064e-02   -1.8371392787e-01
    2.3169917986e-02   -1.8201947212e-01
    2.3179460317e-02   -1.8042276800e-01
    2.3189686239e-02   -1.7869582772e-01
    2.3199912161e-02   -1.7695060372e-01
    2.3209456354e-02   -1.7530168593e-01
    2.3219680414e-02   -1.7351613939e-01
    2.3229906335e-02   -1.7171755433e-01
    2.3239450529e-02   -1.7003017664e-01
    2.3249676451e-02   -1.6821292043e-01
    2.3259900510e-02   -1.6638663411e-01
    2.3269444704e-02   -1.6467653215e-01
    2.3279670626e-02   -1.6283874214e-01
    2.3289896548e-02   -1.6099956632e-01
    2.3299438879e-02   -1.5929232538e-01
    2.3309420794e-02   -1.5752479434e-01
    2.3319644853e-02   -1.5573637187e-01
    2.3329870775e-02   -1.5397943556e-01
    2.3339414969e-02   -1.5237657726e-01
    2.3349640891e-02   -1.5070156753e-01
    2.3359864950e-02   -1.4907349646e-01
    2.3369494826e-02   -1.4759001136e-01
    2.3379135877e-02   -1.4615361392e-01
    2.3389926180e-02   -1.4459928870e-01
    2.3399468511e-02   -1.4327980578e-01
    2.3409694433e-02   -1.4193242788e-01
    2.3419920355e-02   -1.4065116644e-01
    2.3429464549e-02   -1.3950841129e-01
    2.3439688608e-02   -1.3833430409e-01
    2.3449914530e-02   -1.3721290231e-01
    2.3459261283e-02   -1.3623577356e-01
    2.3469865322e-02   -1.3517947495e-01
    2.3479506373e-02   -1.3426339626e-01
    2.3489145562e-02   -1.3338696957e-01
    2.3499749601e-02   -1.3246288896e-01
    2.3509390652e-02   -1.3165432215e-01
    2.3519994691e-02   -1.3079366088e-01
    2.3529633880e-02   -1.3002815843e-01
    2.3539274931e-02   -1.2927137315e-01
    2.3549878970e-02   -1.2844508886e-01
    2.3558853194e-02   -1.2774883211e-01
    2.3569801822e-02   -1.2690079212e-01
    2.3579439148e-02   -1.2615397573e-01
    2.3589665070e-02   -1.2535789609e-01
    2.3599889129e-02   -1.2455482781e-01
    2.3609433323e-02   -1.2380152941e-01
    2.3619659245e-02   -1.2299628556e-01
    2.3629885167e-02   -1.2219087780e-01
    2.3639427498e-02   -1.2143455446e-01
    2.3649653420e-02   -1.2061894685e-01
    2.3659879342e-02   -1.1979977787e-01
    2.3669423535e-02   -1.1903396249e-01
    2.3679617792e-02   -1.1821486056e-01
    2.3689256981e-02   -1.1743788421e-01
    2.3699861020e-02   -1.1657776684e-01
    2.3708835244e-02   -1.1584589630e-01
    2.3719595745e-02   -1.1496679485e-01
    2.3729821667e-02   -1.1413278431e-01
    2.3739365861e-02   -1.1335306615e-01
    2.3749591783e-02   -1.1251445860e-01
    2.3759884760e-02   -1.1167104542e-01
    2.3769328371e-02   -1.1089595407e-01
    2.3779932410e-02   -1.1002249271e-01
    2.3789573461e-02   -1.0923145711e-01
    2.3799212649e-02   -1.0845058411e-01
    2.3809816688e-02   -1.0760415345e-01
    2.3819457740e-02   -1.0684992373e-01
    2.3829096928e-02   -1.0611325502e-01
    2.3839700967e-02   -1.0532047600e-01
    2.3849342018e-02   -1.0461610556e-01
    2.3859946057e-02   -1.0386525095e-01
    2.3869585246e-02   -1.0320215672e-01
    2.3879226297e-02   -1.0255581141e-01
    2.3889830336e-02   -1.0186868906e-01
    2.3899469525e-02   -1.0126413405e-01
    2.3909110576e-02   -1.0067588836e-01
    2.3919714615e-02   -1.0004945099e-01
    2.3929450661e-02   -9.9493630230e-02
    2.3939132690e-02   -9.8960086703e-02
    2.3949988186e-02   -9.8385274410e-02
    2.3959629238e-02   -9.7892016172e-02
    2.3969337344e-02   -9.7407847643e-02
    2.3979563266e-02   -9.6908181906e-02
    2.3989789188e-02   -9.6416622400e-02
    2.3999253288e-02   -9.5967844129e-02
    2.4009857327e-02   -9.5474004745e-02
    2.4019593373e-02   -9.5028832555e-02
    2.4029275402e-02   -9.4590850174e-02
    2.4039005861e-02   -9.4153746963e-02
    2.4049954489e-02   -9.3667358160e-02
    2.4059846997e-02   -9.3233071268e-02
    2.4069486186e-02   -9.2811845243e-02
    2.4079525843e-02   -9.2375524342e-02
    2.4089751765e-02   -9.1936968267e-02
    2.4099977687e-02   -9.1508753598e-02
    2.4109853432e-02   -9.1107368469e-02
    2.4119583890e-02   -9.0725906193e-02
    2.4129316211e-02   -9.0360596776e-02
    2.4139253423e-02   -9.0004369617e-02
    2.4149857461e-02   -8.9643359184e-02
    2.4158878252e-02   -8.9353196323e-02
    2.4169826880e-02   -8.9021980762e-02
    2.4179905653e-02   -8.8735416532e-02
    2.4189447984e-02   -8.8477671146e-02
    2.4199886248e-02   -8.8207922876e-02
    2.4209421128e-02   -8.7972037494e-02
    2.4219647050e-02   -8.7730817497e-02
    2.4229871109e-02   -8.7499886751e-02
    2.4239415303e-02   -8.7292097509e-02
    2.4249641225e-02   -8.7077006698e-02
    2.4259867147e-02   -8.6869455874e-02
    2.4269409478e-02   -8.6681164801e-02
    2.4279635400e-02   -8.6481221020e-02
    2.4289216846e-02   -8.6290769279e-02
    2.4299390614e-02   -8.6082518101e-02
    2.4309614673e-02   -8.5864551365e-02
    2.4319840595e-02   -8.5630990565e-02
    2.4329384789e-02   -8.5393205285e-02
    2.4339610711e-02   -8.5119813681e-02
    2.4349834770e-02   -8.4828518331e-02
    2.4359710515e-02   -8.4526300430e-02
    2.4369442835e-02   -8.4207437932e-02
    2.4379175156e-02   -8.3868011832e-02
    2.4388905615e-02   -8.3507925272e-02
    2.4399854243e-02   -8.3076804876e-02
    2.4409586564e-02   -8.2671701908e-02
    2.4419317022e-02   -8.2245863974e-02
    2.4429049343e-02   -8.1796921790e-02
    2.4439996108e-02   -8.1265434623e-02
    2.4449728429e-02   -8.0770701170e-02
    2.4459460750e-02   -8.0257959664e-02
    2.4469191208e-02   -7.9732298851e-02
    2.4478923529e-02   -7.9196363688e-02
    2.4489872158e-02   -7.8580260277e-02
    2.4499602616e-02   -7.8018955886e-02
    2.4509334937e-02   -7.7442631125e-02
    2.4519065395e-02   -7.6849065721e-02
    2.4528797716e-02   -7.6237834990e-02
    2.4539744481e-02   -7.5532786548e-02
    2.4549476802e-02   -7.4896544218e-02
    2.4559209123e-02   -7.4255838990e-02
    2.4568939582e-02   -7.3613949120e-02
    2.4579888210e-02   -7.2894856334e-02
    2.4589618668e-02   -7.2261229157e-02
    2.4599350989e-02   -7.1634285152e-02
    2.4609081447e-02   -7.1015141904e-02
    2.4618813768e-02   -7.0405252278e-02
    2.4629760534e-02   -6.9731384516e-02
    2.4639492854e-02   -6.9144360721e-02
    2.4649223313e-02   -6.8569891155e-02
    2.4658955634e-02   -6.8008892238e-02
    2.4669902399e-02   -6.7394733429e-02
    2.4679634720e-02   -6.6864743829e-02
    2.4689365178e-02   -6.6350966692e-02
    2.4699095637e-02   -6.5853834152e-02
    2.4708827958e-02   -6.5373755991e-02
    2.4719774723e-02   -6.4855583012e-02
    2.4729507044e-02   -6.4416050911e-02
    2.4739237502e-02   -6.3997246325e-02
    2.4748969823e-02   -6.3598468900e-02
    2.4759916589e-02   -6.3173547387e-02
    2.4769648910e-02   -6.2818273902e-02
    2.4779379368e-02   -6.2485791743e-02
    2.4789111689e-02   -6.2176387757e-02
    2.4798842147e-02   -6.1888657510e-02
    2.4809790775e-02   -6.1589296907e-02
    2.4819521233e-02   -6.1342820525e-02
    2.4829251692e-02   -6.1112150550e-02
    2.4838984013e-02   -6.0894358903e-02
    2.4849930778e-02   -6.0661595315e-02
    2.4859663099e-02   -6.0463272035e-02
    2.4869393557e-02   -6.0271106660e-02
    2.4879125878e-02   -6.0084581375e-02
    2.4888856336e-02   -5.9903867543e-02
    2.4899804965e-02   -5.9708248824e-02
    2.4909535423e-02   -5.9541847557e-02
    2.4919265881e-02   -5.9382770211e-02
    2.4928998202e-02   -5.9230104089e-02
    2.4939944968e-02   -5.9063151479e-02
    2.4949677289e-02   -5.8917477727e-02
    2.4959407747e-02   -5.8774311095e-02
    2.4969140068e-02   -5.8633770794e-02
    2.4978870526e-02   -5.8495655656e-02
    2.4989817291e-02   -5.8344442397e-02
    2.4999549612e-02   -5.8215860277e-02
    2.5009280071e-02   -5.8093987405e-02
    2.5019012392e-02   -5.7980936021e-02
    2.5029959157e-02   -5.7872191072e-02
    2.5039689615e-02   -5.7781938463e-02
    2.5049421936e-02   -5.7683497667e-02
    2.5059152395e-02   -5.7595040649e-02
    2.5068884715e-02   -5.7526987046e-02
    2.5079831481e-02   -5.7457718998e-02
    2.5089563802e-02   -5.7404424995e-02
    2.5099294260e-02   -5.7371545583e-02
    2.5109024718e-02   -5.7354647666e-02
    2.5119973347e-02   -5.7347591966e-02
    2.5129703805e-02   -5.7354576886e-02
    2.5139436126e-02   -5.7375822216e-02
    2.5149166584e-02   -5.7409707457e-02
    2.5158898905e-02   -5.7459920645e-02
    2.5169845670e-02   -5.7535707951e-02
    2.5179576129e-02   -5.7612895966e-02
    2.5189308450e-02   -5.7699006051e-02
    2.5199038908e-02   -5.7796962559e-02
    2.5209987536e-02   -5.7922251523e-02
    2.5219717994e-02   -5.8049883693e-02
    2.5229450315e-02   -5.8194313198e-02
    2.5239180773e-02   -5.8354355395e-02
    2.5248913094e-02   -5.8530785143e-02
    2.5259859860e-02   -5.8747030795e-02
    2.5269592181e-02   -5.8950819075e-02
    2.5279322639e-02   -5.9162307531e-02
    2.5289053097e-02   -5.9379037470e-02
    2.5298785418e-02   -5.9600111097e-02
    2.5309732184e-02   -5.9856314212e-02
    2.5319464505e-02   -6.0094386339e-02
    2.5329194963e-02   -6.0342591256e-02
    2.5338927284e-02   -6.0598757118e-02
    2.5349874049e-02   -6.0893680900e-02
    2.5359606370e-02   -6.1159342527e-02
    2.5369336829e-02   -6.1427291483e-02
    2.5379067287e-02   -6.1698090285e-02
    2.5388799608e-02   -6.1973694712e-02
    2.5399746373e-02   -6.2291596085e-02
    2.5409478694e-02   -6.2580429018e-02
    2.5419209152e-02   -6.2873862684e-02
    2.5428941473e-02   -6.3172861934e-02
    2.5439888239e-02   -6.3518114388e-02
    2.5449618697e-02   -6.3833281398e-02
    2.5459351018e-02   -6.4155392349e-02
    2.5469081476e-02   -6.4482890069e-02
    2.5478813797e-02   -6.4815640450e-02
    2.5489760563e-02   -6.5197654068e-02
    2.5499492884e-02   -6.5545037389e-02
    2.5509223342e-02   -6.5901570022e-02
    2.5518953800e-02   -6.6268146038e-02
    2.5529902428e-02   -6.6692888737e-02
    2.5539632887e-02   -6.7081600428e-02
    2.5549365208e-02   -6.7481510341e-02
    2.5559095666e-02   -6.7894741893e-02
    2.5568827987e-02   -6.8322911859e-02
    2.5579774752e-02   -6.8822257221e-02
    2.5589507073e-02   -6.9280080497e-02
    2.5599237531e-02   -6.9749154150e-02
    2.5608969852e-02   -7.0228010416e-02
    2.5619916618e-02   -7.0776656270e-02
    2.5629648939e-02   -7.1271225810e-02
    2.5639379397e-02   -7.1771368384e-02
    2.5649111718e-02   -7.2277463973e-02
    2.5658842176e-02   -7.2789885104e-02
    2.5669790804e-02   -7.3374859989e-02
    2.5679521263e-02   -7.3903053999e-02
    2.5689253584e-02   -7.4439428747e-02
    2.5698984042e-02   -7.4983835220e-02
    2.5709932670e-02   -7.5604148209e-02
    2.5719663128e-02   -7.6161444187e-02
    2.5729395449e-02   -7.6723538339e-02
    2.5739125907e-02   -7.7290281653e-02
    2.5748858228e-02   -7.7862195671e-02
    2.5759804994e-02   -7.8512348235e-02
    2.5769537315e-02   -7.9095780849e-02
    2.5779267773e-02   -7.9683713615e-02
    2.5789000094e-02   -8.0276153982e-02
    2.5799946859e-02   -8.0946885049e-02
    2.5809679180e-02   -8.1545270979e-02
    2.5819409639e-02   -8.2145042717e-02
    2.5829141960e-02   -8.2746908069e-02
    2.5838872418e-02   -8.3351373672e-02
    2.5849821046e-02   -8.4034234285e-02
    2.5859551504e-02   -8.4643937647e-02
    2.5869283825e-02   -8.5255794227e-02
    2.5879014283e-02   -8.5869342089e-02
    2.5889962912e-02   -8.6561270058e-02
    2.5899695233e-02   -8.7177418172e-02
    2.5909425691e-02   -8.7794288993e-02
    2.5919158012e-02   -8.8411636651e-02
    2.5928888470e-02   -8.9029408991e-02
    2.5939837098e-02   -8.9724004269e-02
    2.5949567556e-02   -9.0339854360e-02
    2.5959299877e-02   -9.0952940285e-02
    2.5969032198e-02   -9.1562539339e-02
    2.5979978964e-02   -9.2243783176e-02
    2.5989711285e-02   -9.2845022678e-02
    2.5999441743e-02   -9.3442246318e-02
    2.6009174064e-02   -9.4035059214e-02
    2.6018904522e-02   -9.4623096287e-02
    2.6029853150e-02   -9.5277912915e-02
    2.6039585471e-02   -9.5852553844e-02
    2.6049315929e-02   -9.6419051290e-02
    2.6059048250e-02   -9.6976503730e-02
    2.6069995016e-02   -9.7592666745e-02
    2.6079727337e-02   -9.8130911589e-02
    2.6089457795e-02   -9.8661132157e-02
    2.6099190116e-02   -9.9184356630e-02
    2.6108922437e-02   -9.9701724946e-02
    2.6119869202e-02   -1.0027791560e-01
    2.6129601523e-02   -1.0078545660e-01
    2.6139331982e-02   -1.0128928721e-01
    2.6149064302e-02   -1.0178985447e-01
    2.6158794761e-02   -1.0228785872e-01
    2.6169743389e-02   -1.0284564644e-01
    2.6179475710e-02   -1.0333981365e-01
    2.6189206168e-02   -1.0383334011e-01
    2.6198938489e-02   -1.0432723165e-01
    2.6209885255e-02   -1.0488496721e-01
    2.6219617575e-02   -1.0538385063e-01
    2.6229348034e-02   -1.0588730127e-01
    2.6239080355e-02   -1.0639681667e-01
    2.6248810813e-02   -1.0691376776e-01
    2.6259759441e-02   -1.0750563443e-01
    2.6269491762e-02   -1.0804133862e-01
    2.6279222220e-02   -1.0858614743e-01
    2.6288954541e-02   -1.0913962871e-01
    2.6299901307e-02   -1.0977257043e-01
    2.6309633628e-02   -1.1034431309e-01
    2.6319364086e-02   -1.1092487723e-01
    2.6329096407e-02   -1.1151494831e-01
    2.6338828728e-02   -1.1211536825e-01
    2.6349775493e-02   -1.1280437559e-01
    2.6359507814e-02   -1.1342892796e-01
    2.6369238272e-02   -1.1406455934e-01
    2.6378970593e-02   -1.1471047997e-01
    2.6389917359e-02   -1.1544790864e-01
    2.6399649680e-02   -1.1611139029e-01
    2.6409380138e-02   -1.1678086221e-01
    2.6419112459e-02   -1.1745554209e-01
    2.6428844780e-02   -1.1813490838e-01
    2.6439791545e-02   -1.1890473217e-01
    2.6449523866e-02   -1.1959391832e-01
    2.6459254324e-02   -1.2028788030e-01
    2.6468986645e-02   -1.2098708004e-01
    2.6479933411e-02   -1.2178020179e-01
    2.6489665732e-02   -1.2249129266e-01
    2.6499396190e-02   -1.2320816517e-01
    2.6509128511e-02   -1.2393103540e-01
    2.6518860832e-02   -1.2465982139e-01
    2.6529807597e-02   -1.2548640370e-01
    2.6539539918e-02   -1.2622664869e-01
    2.6549270377e-02   -1.2697160244e-01
    2.6559002697e-02   -1.2772133946e-01
    2.6569949463e-02   -1.2857094407e-01
    2.6579681784e-02   -1.2933254242e-01
    2.6589412242e-02   -1.3010106981e-01
    2.6599144563e-02   -1.3087724149e-01
    2.6608875021e-02   -1.3166160882e-01
    2.6619823650e-02   -1.3255390525e-01
    2.6629554108e-02   -1.3335590065e-01
    2.6639286429e-02   -1.3416594267e-01
    2.6649018750e-02   -1.3498403132e-01
    2.6659965515e-02   -1.3591414690e-01
    2.6669697836e-02   -1.3674989343e-01
    2.6679428294e-02   -1.3759438694e-01
    2.6689160615e-02   -1.3844673336e-01
    2.6698891073e-02   -1.3930615783e-01
    2.6709839702e-02   -1.4028646052e-01
    2.6719570160e-02   -1.4117352664e-01
    2.6729302481e-02   -1.4207234979e-01
    2.6739034802e-02   -1.4298039675e-01
    2.6749981567e-02   -1.4401073754e-01
    2.6759713888e-02   -1.4492927492e-01
    2.6769444346e-02   -1.4584854245e-01
    2.6779176667e-02   -1.4677461982e-01
    2.6788907126e-02   -1.4770971239e-01
    2.6799855754e-02   -1.4877256751e-01
    2.6809588075e-02   -1.4973439276e-01
    2.6819318533e-02   -1.5071421862e-01
    2.6829050854e-02   -1.5170225501e-01
    2.6839997619e-02   -1.5281736851e-01
    2.6849729940e-02   -1.5381136537e-01
    2.6859462261e-02   -1.5480600297e-01
    2.6869192719e-02   -1.5580157936e-01
    2.6878925040e-02   -1.5680256486e-01
    2.6889871806e-02   -1.5793727338e-01
    2.6899604127e-02   -1.5895456076e-01
    2.6909336448e-02   -1.5998341143e-01
    2.6919066906e-02   -1.6102485359e-01
    2.6928799227e-02   -1.6207776964e-01
    2.6939745992e-02   -1.6327413917e-01
    2.6949478313e-02   -1.6434621811e-01
    2.6959210634e-02   -1.6542653739e-01
    2.6968941092e-02   -1.6651707888e-01
    2.6979889721e-02   -1.6775657237e-01
    2.6989620179e-02   -1.6886870563e-01
    2.6999352500e-02   -1.6999164224e-01
    2.7009084821e-02   -1.7112579942e-01
    2.7018815279e-02   -1.7227090895e-01
    2.7029763907e-02   -1.7357324064e-01
    2.7039494365e-02   -1.7474353313e-01
    2.7049226686e-02   -1.7592507601e-01
    2.7058959007e-02   -1.7711783946e-01
    2.7069905773e-02   -1.7847333848e-01
    2.7079638094e-02   -1.7968957126e-01
    2.7089370415e-02   -1.8091616035e-01
    2.7099100873e-02   -1.8215291202e-01
    2.7108833194e-02   -1.8339909613e-01
    2.7119781822e-02   -1.8481291831e-01
    2.7129512280e-02   -1.8608023226e-01
    2.7139244601e-02   -1.8735609949e-01
    2.7148976922e-02   -1.8863990903e-01
    2.7159923688e-02   -1.9009351730e-01
    2.7169656008e-02   -1.9139142334e-01
    2.7179388329e-02   -1.9269208610e-01
    2.7189120650e-02   -1.9399587810e-01
    2.7198851109e-02   -1.9530385733e-01
    2.7209799737e-02   -1.9678039849e-01
    2.7219532058e-02   -1.9809694588e-01
    2.7229262516e-02   -1.9941732287e-01
    2.7238994837e-02   -2.0074102283e-01
    2.7249943465e-02   -2.0223268867e-01
    2.7259675786e-02   -2.0356032252e-01
    2.7269406244e-02   -2.0488910377e-01
    2.7279138565e-02   -2.0621830225e-01
    2.7288870886e-02   -2.0754697919e-01
    2.7299819514e-02   -2.0904068649e-01
    2.7309549972e-02   -2.1036754549e-01
    2.7319282293e-02   -2.1169301867e-01
    2.7329014614e-02   -2.1301697195e-01
    2.7339963242e-02   -2.1450458467e-01
    2.7349695563e-02   -2.1582524478e-01
    2.7359426022e-02   -2.1714414656e-01
    2.7369158342e-02   -2.1846148372e-01
    2.7378890663e-02   -2.1977744997e-01
    2.7389839292e-02   -2.2125549614e-01
    2.7399571612e-02   -2.2256679833e-01
    2.7409302071e-02   -2.2387567163e-01
    2.7419034392e-02   -2.2518140078e-01
    2.7429983020e-02   -2.2664448619e-01
    2.7439715341e-02   -2.2793845832e-01
    2.7449447662e-02   -2.2922594845e-01
    2.7459178120e-02   -2.3050677776e-01
    2.7468910441e-02   -2.3178116977e-01
    2.7479859069e-02   -2.3320767283e-01
    2.7489591390e-02   -2.3446999490e-01
    2.7499323711e-02   -2.3572695255e-01
    2.7509056032e-02   -2.3697814345e-01
    2.7518788353e-02   -2.3822349310e-01
    2.7529735118e-02   -2.3961776495e-01
    2.7539467439e-02   -2.4085147679e-01
    2.7549199760e-02   -2.4208019674e-01
    2.7558932081e-02   -2.4330495298e-01
    2.7569880709e-02   -2.4467858672e-01
    2.7579613030e-02   -2.4589568377e-01
    2.7589345351e-02   -2.4710890651e-01
    2.7599075809e-02   -2.4831788242e-01
    2.7608808130e-02   -2.4952259660e-01
    2.7619756758e-02   -2.5087326765e-01
    2.7629489079e-02   -2.5207051635e-01
    2.7639221400e-02   -2.5326496363e-01
    2.7648953721e-02   -2.5445702672e-01
    2.7659902349e-02   -2.5579574704e-01
    2.7669634670e-02   -2.5698357821e-01
    2.7679366991e-02   -2.5816974044e-01
    2.7689097449e-02   -2.5935482979e-01
    2.7698829770e-02   -2.6053982973e-01
    2.7709778398e-02   -2.6187336445e-01
    2.7719510719e-02   -2.6305907965e-01
    2.7729243040e-02   -2.6424488425e-01
    2.7738975361e-02   -2.6543012261e-01
    2.7749923989e-02   -2.6676222682e-01
    2.7759656310e-02   -2.6794397831e-01
    2.7769388631e-02   -2.6912146807e-01
    2.7779119089e-02   -2.7029737830e-01
    2.7788851410e-02   -2.7147853374e-01
    2.7799800038e-02   -2.7281409502e-01
    2.7809532359e-02   -2.7400177717e-01
    2.7819264680e-02   -2.7519139647e-01
    2.7828997001e-02   -2.7638864517e-01
    2.7839945629e-02   -2.7774512768e-01
    2.7849677950e-02   -2.7895998955e-01
    2.7859410271e-02   -2.8018733859e-01
    2.7869142592e-02   -2.8142532706e-01
    2.7878873050e-02   -2.8266808391e-01
    2.7889821678e-02   -2.8406742215e-01
    2.7899553999e-02   -2.8530985117e-01
    2.7909286320e-02   -2.8655499220e-01
    2.7919018641e-02   -2.8780558705e-01
    2.7929967269e-02   -2.8921782970e-01
    2.7939699590e-02   -2.9048061371e-01
    2.7949431911e-02   -2.9175016284e-01
    2.7959164232e-02   -2.9302170873e-01
    2.7968896553e-02   -2.9429316521e-01
    2.7979845181e-02   -2.9572120309e-01
    2.7989577502e-02   -2.9698687792e-01
    2.7999309823e-02   -2.9825076461e-01
    2.8009042144e-02   -2.9951357841e-01
    2.8019990772e-02   -3.0093488097e-01
    2.8029723093e-02   -3.0220100284e-01
    2.8039455414e-02   -3.0346795917e-01
    2.8049185872e-02   -3.0473101139e-01
    2.8058918193e-02   -3.0598732829e-01
    2.8069866821e-02   -3.0739492178e-01
    2.8079599142e-02   -3.0864423513e-01
    2.8089331463e-02   -3.0989220738e-01
    2.8099063784e-02   -3.1114092469e-01
    2.8108796105e-02   -3.1239527464e-01
    2.8119744733e-02   -3.1381210685e-01
    2.8129477054e-02   -3.1506943703e-01
    2.8139209375e-02   -3.1632268429e-01
    2.8148941696e-02   -3.1757584214e-01
    2.8159890324e-02   -3.1898546219e-01
    2.8169622645e-02   -3.2023718953e-01
    2.8179354966e-02   -3.2148957253e-01
    2.8189087287e-02   -3.2274129987e-01
    2.8198819607e-02   -3.2398569584e-01
    2.8209768236e-02   -3.2537692785e-01
    2.8219500557e-02   -3.2661020756e-01
    2.8229232877e-02   -3.2784345746e-01
    2.8238965198e-02   -3.2907634974e-01
    2.8249913827e-02   -3.3046573400e-01
    2.8259646147e-02   -3.3171218634e-01
    2.8269378468e-02   -3.3296933770e-01
    2.8279110789e-02   -3.3423298597e-01
    2.8288843110e-02   -3.3550462127e-01
    2.8299791738e-02   -3.3693829179e-01
    2.8309524059e-02   -3.3820441365e-01
    2.8319256380e-02   -3.3945950866e-01
    2.8328988701e-02   -3.4070336819e-01
    2.8339937329e-02   -3.4209588170e-01
    2.8349669650e-02   -3.4333464503e-01
    2.8359401971e-02   -3.4457671642e-01
    2.8369134292e-02   -3.4582450986e-01
    2.8378866613e-02   -3.4707766771e-01
    2.8389815241e-02   -3.4848791361e-01
    2.8399547562e-02   -3.4973967075e-01
    2.8409279883e-02   -3.5099312663e-01
    2.8419012204e-02   -3.5225287080e-01
    2.8429960832e-02   -3.5367801785e-01
    2.8439693153e-02   -3.5494884849e-01
    2.8449425474e-02   -3.5622408986e-01
    2.8459157795e-02   -3.5750326514e-01
    2.8468890116e-02   -3.5878396034e-01
    2.8479838744e-02   -3.6022406816e-01
    2.8489571065e-02   -3.6150285602e-01
    2.8499303386e-02   -3.6277905107e-01
    2.8509035707e-02   -3.6405271292e-01
    2.8519984335e-02   -3.6548152566e-01
    2.8529716656e-02   -3.6674541235e-01
    2.8539448977e-02   -3.6800903082e-01
    2.8549181297e-02   -3.6927628517e-01
    2.8558913618e-02   -3.7054824829e-01
    2.8569862247e-02   -3.7198865414e-01
    2.8579594567e-02   -3.7327593565e-01
    2.8589326888e-02   -3.7456521392e-01
    2.8599059209e-02   -3.7584823370e-01
    2.8608791530e-02   -3.7711301446e-01
    2.8619740158e-02   -3.7850672007e-01
    2.8629472479e-02   -3.7972259521e-01
    2.8639204800e-02   -3.8093319535e-01
    2.8648937121e-02   -3.8217335939e-01
    2.8659885749e-02   -3.8361144066e-01
    2.8669618070e-02   -3.8490569592e-01
    2.8679350391e-02   -3.8618579507e-01
    2.8689082712e-02   -3.8744172454e-01
    2.8698815033e-02   -3.8869884610e-01
    2.8709765524e-02   -3.9012277126e-01
    2.8719497845e-02   -3.9137506485e-01
    2.8729230165e-02   -3.9260232449e-01
    2.8738960624e-02   -3.9381226897e-01
    2.8749911115e-02   -3.9516735077e-01
    2.8759643435e-02   -3.9636197686e-01
    2.8769375756e-02   -3.9754411578e-01
    2.8779108077e-02   -3.9870977402e-01
    2.8788840398e-02   -3.9984661341e-01
    2.8799789026e-02   -4.0108242631e-01
    2.8809521347e-02   -4.0214303136e-01
    2.8819253668e-02   -4.0318083763e-01
    2.8828985989e-02   -4.0421760082e-01
    2.8839934617e-02   -4.0538626909e-01
    2.8849666938e-02   -4.0641310811e-01
    2.8859399259e-02   -4.0741655231e-01
    2.8869129717e-02   -4.0838235617e-01
    2.8878862038e-02   -4.0930339694e-01
    2.8889810666e-02   -4.1028973460e-01
    2.8899542987e-02   -4.1112568974e-01
    2.8909275308e-02   -4.1192725301e-01
    2.8919007629e-02   -4.1270378232e-01
    2.8929956257e-02   -4.1354596615e-01
    2.8939688578e-02   -4.1425180435e-01
    2.8949420899e-02   -4.1491472721e-01
    2.8959153220e-02   -4.1553691030e-01
    2.8968883678e-02   -4.1611889005e-01
    2.8979832307e-02   -4.1672974825e-01
    2.8989564627e-02   -4.1724041104e-01
    2.8999296948e-02   -4.1772818565e-01
    2.9009029269e-02   -4.1819810867e-01
    2.9019976035e-02   -4.1870597005e-01
    2.9029708356e-02   -4.1913807392e-01
    2.9039440677e-02   -4.1955035925e-01
    2.9049172997e-02   -4.1994202137e-01
    2.9058903456e-02   -4.2031577229e-01
    2.9069852084e-02   -4.2071494460e-01
    2.9079584405e-02   -4.2105093598e-01
    2.9089316726e-02   -4.2137205601e-01
    2.9099047184e-02   -4.2167758942e-01
    2.9109995812e-02   -4.2199859023e-01
    2.9119728133e-02   -4.2226547003e-01
    2.9129458591e-02   -4.2252108455e-01
    2.9139190912e-02   -4.2276874185e-01
    2.9148923233e-02   -4.2301270366e-01
    2.9159869999e-02   -4.2329248786e-01
    2.9169602320e-02   -4.2355155945e-01
    2.9179334641e-02   -4.2381927371e-01
    2.9189065099e-02   -4.2409324646e-01
    2.9198797420e-02   -4.2437326908e-01
    2.9209744185e-02   -4.2469796538e-01
    2.9219476506e-02   -4.2499828339e-01
    2.9229206964e-02   -4.2531061172e-01
    2.9238939285e-02   -4.2563214898e-01
    2.9249887913e-02   -4.2600136995e-01
    2.9259618372e-02   -4.2634633183e-01
    2.9269350693e-02   -4.2672407627e-01
    2.9279081151e-02   -4.2712539434e-01
    2.9288813472e-02   -4.2754426599e-01
    2.9299760237e-02   -4.2802634835e-01
    2.9309492558e-02   -4.2844030261e-01
    2.9319223017e-02   -4.2884996533e-01
    2.9328955337e-02   -4.2927360535e-01
    2.9339902103e-02   -4.2975109816e-01
    2.9349634424e-02   -4.3017444015e-01
    2.9359364882e-02   -4.3059444427e-01
    2.9369095340e-02   -4.3099203706e-01
    2.9378827661e-02   -4.3138107657e-01
    2.9389774427e-02   -4.3182381988e-01
    2.9399506748e-02   -4.3220853806e-01
    2.9409237206e-02   -4.3259036541e-01
    2.9418969527e-02   -4.3295124173e-01
    2.9429916292e-02   -4.3329712749e-01
    2.9439646751e-02   -4.3356978893e-01
    2.9449379072e-02   -4.3382880092e-01
    2.9459109530e-02   -4.3407419324e-01
    2.9468839988e-02   -4.3431675434e-01
    2.9479788616e-02   -4.3457648158e-01
    2.9489519075e-02   -4.3477389216e-01
    2.9499249533e-02   -4.3494811654e-01
    2.9508981854e-02   -4.3511030078e-01
    2.9519928619e-02   -4.3528690934e-01
    2.9529659078e-02   -4.3544152379e-01
    2.9539391398e-02   -4.3558362126e-01
    2.9549121857e-02   -4.3570688367e-01
    2.9558852315e-02   -4.3581813574e-01
    2.9569799080e-02   -4.3593659997e-01
    2.9579529539e-02   -4.3603861332e-01
    2.9589261860e-02   -4.3614381552e-01
    2.9598992318e-02   -4.3625769019e-01
    2.9609939083e-02   -4.3639898300e-01
    2.9619669542e-02   -4.3655526638e-01
    2.9629401863e-02   -4.3673604727e-01
    2.9639132321e-02   -4.3691375852e-01
    2.9648862779e-02   -4.3708646297e-01
    2.9659809545e-02   -4.3726381660e-01
    2.9669540003e-02   -4.3739092350e-01
    2.9679272324e-02   -4.3750402331e-01
    2.9689002782e-02   -4.3761268258e-01
    2.9699949548e-02   -4.3772134185e-01
    2.9709680006e-02   -4.3782171607e-01
    2.9719410464e-02   -4.3793576956e-01
    2.9729140922e-02   -4.3804821372e-01
    2.9738871381e-02   -4.3815502524e-01
    2.9749820009e-02   -4.3827676773e-01
    2.9759550467e-02   -4.3838897347e-01
    2.9769480228e-02   -4.3850538135e-01
    2.9779706150e-02   -4.3862268329e-01
    2.9789932072e-02   -4.3873742223e-01
    2.9799476266e-02   -4.3885129690e-01
    2.9809700325e-02   -4.3898484111e-01
    2.9819926247e-02   -4.3914124370e-01
    2.9829470441e-02   -4.3932190537e-01
    2.9839696363e-02   -4.3955090642e-01
    2.9849920422e-02   -4.3980592489e-01
    2.9859464616e-02   -4.4005820155e-01
    2.9869690537e-02   -4.4033831358e-01
    2.9879916459e-02   -4.4063103199e-01
    2.9889827594e-02   -4.4093355536e-01
    2.9899468645e-02   -4.4124484062e-01
    2.9909575358e-02   -4.4158855081e-01
    2.9919801280e-02   -4.4196262956e-01
    2.9929345474e-02   -4.4233179092e-01
    2.9939571396e-02   -4.4273826480e-01
    2.9949795455e-02   -4.4315880537e-01
    2.9959339648e-02   -4.4356930256e-01
    2.9969565570e-02   -4.4402676821e-01
    2.9979791492e-02   -4.4449830055e-01
    2.9989333823e-02   -4.4494718313e-01
    2.9999559745e-02   -4.4543492794e-01
    3.0000241473e-02   -4.4546774030e-01
