      3002
    0.0000000000e+00    0.0000000000e+00
    9.7362280940e-06   -5.2290732810e-07
    1.9472456188e-05   -1.9754277218e-06
    2.9208684282e-05   -4.3575610107e-06
    3.8944912376e-05   -7.6693077062e-06
    4.9898168072e-05   -1.2506199710e-05
    5.9634396166e-05   -1.7793374354e-05
    6.9370624260e-05   -2.4010161724e-05
    7.9106852354e-05   -3.1156559999e-05
    8.8843080448e-05   -3.9232574636e-05
    9.9796336144e-05   -4.9429265346e-05
    1.0953256424e-04   -5.9480702475e-05
    1.1936988449e-04   -7.0580652391e-05
    1.2953022087e-04   -8.3041348262e-05
    1.3996323105e-04   -9.6889933047e-05
    1.4953492791e-04   -1.1053410708e-04
    1.5932475799e-04   -1.2541718024e-04
    1.6991917801e-04   -1.4209876826e-04
    1.7999132979e-04   -1.5414273366e-04
    1.8913866370e-04   -4.1105117998e-04
    1.9923162472e-04   -7.7404157491e-04
    2.0896780188e-04   -1.0252961656e-03
    2.1992098482e-04   -1.2920890003e-03
    2.2965716198e-04   -1.4924617717e-03
    2.3939332459e-04   -1.7122761346e-03
    2.4912951631e-04   -1.9882882480e-03
    2.5886573712e-04   -2.2769006900e-03
    2.6981896372e-04   -2.6154399384e-03
    2.7955518453e-04   -2.9581524432e-03
    2.8929137625e-04   -3.3496383112e-03
    2.9902759707e-04   -3.7830597721e-03
    3.0998082366e-04   -4.3081245385e-03
    3.1971701537e-04   -4.7981073149e-03
    3.2945323619e-04   -5.3021130152e-03
    3.3918942790e-04   -5.8214971796e-03
    3.4892561962e-04   -6.3692894764e-03
    3.5987884621e-04   -7.0424512960e-03
    3.6961500882e-04   -7.6932748780e-03
    3.7935117143e-04   -8.3783986047e-03
    3.8908733404e-04   -9.0810768306e-03
    3.9882346755e-04   -9.7849881276e-03
    4.0977660683e-04   -1.0575343855e-02
    4.1951274034e-04   -1.1284261942e-02
    4.2924884474e-04   -1.2000780553e-02
    4.3898492004e-04   -1.2728905305e-02
    4.4993803021e-04   -1.3572699390e-02
    4.5967410551e-04   -1.4356411994e-02
    4.6941020992e-04   -1.5175473876e-02
    4.7914628522e-04   -1.6019234434e-02
    4.8888236051e-04   -1.6875831410e-02
    4.9983541248e-04   -1.7851984128e-02
    5.0957145868e-04   -1.8737504259e-02
    5.1930750487e-04   -1.9646238536e-02
    5.2904355107e-04   -2.0577127114e-02
    5.3999660304e-04   -2.1646602079e-02
    5.4973264923e-04   -2.2618025541e-02
    5.5946863722e-04   -2.3612452671e-02
    5.6920468342e-04   -2.4631574750e-02
    5.7894072961e-04   -2.5673443452e-02
    5.8989372337e-04   -2.6867629960e-02
    5.9962976957e-04   -2.7947695926e-02
    6.0936575755e-04   -2.9048537835e-02
    6.1910174554e-04   -3.0173253268e-02
    6.2883773353e-04   -3.1320583075e-02
    6.3979072729e-04   -3.2629352063e-02
    6.4952671528e-04   -3.3800017089e-02
    6.5926270327e-04   -3.4976601601e-02
    6.6899863305e-04   -3.6163985729e-02
    6.7995156860e-04   -3.7519387901e-02
    6.8968749838e-04   -3.8743976504e-02
    6.9942342816e-04   -3.9986491203e-02
    7.0915935794e-04   -4.1249725968e-02
    7.1889528772e-04   -4.2540181428e-02
    7.2984816507e-04   -4.4031247497e-02
    7.3958403664e-04   -4.5392706990e-02
    7.4931996642e-04   -4.6783361584e-02
    7.5905583799e-04   -4.8198975623e-02
    7.6879170956e-04   -4.9639705569e-02
    7.7974458691e-04   -5.1292221993e-02
    7.8948045848e-04   -5.2788827568e-02
    7.9921633005e-04   -5.4308015853e-02
    8.0895220162e-04   -5.5847387761e-02
    8.1990502076e-04   -5.7607170194e-02
    8.2964089233e-04   -5.9202168137e-02
    8.3937670570e-04   -6.0829479247e-02
    8.4911251906e-04   -6.2488391995e-02
    8.5884833243e-04   -6.4175970852e-02
    8.6980109336e-04   -6.6107682884e-02
    8.7953690672e-04   -6.7855611444e-02
    8.8927266188e-04   -6.9633349776e-02
    8.9900847524e-04   -7.1439921856e-02
    9.0996123618e-04   -7.3503956199e-02
    9.1969704954e-04   -7.5366117060e-02
    9.2943280470e-04   -7.7256835997e-02
    9.3916861806e-04   -7.9179480672e-02
    9.4890443143e-04   -8.1135638058e-02
    9.5985713415e-04   -8.3374299109e-02
    9.6959294751e-04   -8.5394278169e-02
    9.7932864446e-04   -8.7440505624e-02
    9.8906445783e-04   -8.9512489736e-02
    9.9880015478e-04   -9.1609843075e-02
    1.0097529739e-03   -9.3998752534e-02
    1.0194886709e-03   -9.6147164702e-02
    1.0292244842e-03   -9.8319351673e-02
    1.0389602976e-03   -1.0051763803e-01
    1.0499130003e-03   -1.0302437842e-01
    1.0596488137e-03   -1.0528274626e-01
    1.0693845106e-03   -1.0756733268e-01
    1.0791202076e-03   -1.0987478495e-01
    1.0888560209e-03   -1.1220274121e-01
    1.0998087237e-03   -1.1484397948e-01
    1.1095444206e-03   -1.1720947176e-01
    1.1192800011e-03   -1.1958973855e-01
    1.1290156981e-03   -1.2197653949e-01
    1.1399682844e-03   -1.2462095916e-01
    1.1497038649e-03   -1.2689104676e-01
    1.1594395619e-03   -1.2905159593e-01
    1.1691751424e-03   -1.3107629120e-01
    1.1789107230e-03   -1.3297250867e-01
    1.1898631928e-03   -1.3493916392e-01
    1.1995987734e-03   -1.3652078807e-01
    1.2093343539e-03   -1.3795524836e-01
    1.2190698180e-03   -1.3923551142e-01
    1.2288053986e-03   -1.4035613835e-01
    1.2397578685e-03   -1.4143347740e-01
    1.2494933326e-03   -1.4220787585e-01
    1.2592287967e-03   -1.4278505743e-01
    1.2689642608e-03   -1.4317049086e-01
    1.2799164979e-03   -1.4339947701e-01
    1.2896518456e-03   -1.4346489310e-01
    1.2993871933e-03   -1.4343777299e-01
    1.3091224246e-03   -1.4333337545e-01
    1.3188576559e-03   -1.4316259325e-01
    1.3298095437e-03   -1.4291623235e-01
    1.3395446585e-03   -1.4268861711e-01
    1.3492795406e-03   -1.4248447120e-01
    1.3590144226e-03   -1.4232471585e-01
    1.3699659612e-03   -1.4220398664e-01
    1.3797007268e-03   -1.4214900136e-01
    1.3894352596e-03   -1.4213907719e-01
    1.3991699088e-03   -1.4215989411e-01
    1.4089043252e-03   -1.4220981300e-01
    1.4198555145e-03   -1.4229217172e-01
    1.4295898145e-03   -1.4237551391e-01
    1.4393239981e-03   -1.4248055220e-01
    1.4490581816e-03   -1.4262449741e-01
    1.4587921323e-03   -1.4281785488e-01
    1.4697428560e-03   -1.4310804009e-01
    1.4794766903e-03   -1.4343298972e-01
    1.4892105246e-03   -1.4381378889e-01
    1.4989443589e-03   -1.4423425496e-01
    1.5098948497e-03   -1.4472021163e-01
    1.5196285676e-03   -1.4514882863e-01
    1.5293622855e-03   -1.4558029175e-01
    1.5390960034e-03   -1.4602252841e-01
    1.5488298377e-03   -1.4648085833e-01
    1.5597802121e-03   -1.4702150226e-01
    1.5695139300e-03   -1.4752800763e-01
    1.5792476479e-03   -1.4806129038e-01
    1.5889812494e-03   -1.4862070978e-01
    1.5999315074e-03   -1.4926512539e-01
    1.6096651088e-03   -1.4982973039e-01
    1.6193987103e-03   -1.5037479997e-01
    1.6291323118e-03   -1.5088675916e-01
    1.6388660297e-03   -1.5136069059e-01
    1.6498164041e-03   -1.5185728669e-01
    1.6595501220e-03   -1.5227387846e-01
    1.6692837235e-03   -1.5268281102e-01
    1.6790173249e-03   -1.5309996903e-01
    1.6899674665e-03   -1.5358981490e-01
    1.6997008352e-03   -1.5404868126e-01
    1.7094340874e-03   -1.5452666581e-01
    1.7191673396e-03   -1.5502214432e-01
    1.7289005918e-03   -1.5553548932e-01
    1.7398502678e-03   -1.5613339841e-01
    1.7495832872e-03   -1.5669013560e-01
    1.7593164230e-03   -1.5727610886e-01
    1.7690493260e-03   -1.5789571404e-01
    1.7799990019e-03   -1.5864236653e-01
    1.7897320213e-03   -1.5935029089e-01
    1.7994650407e-03   -1.6009570658e-01
    1.8091980601e-03   -1.6087198257e-01
    1.8189310795e-03   -1.6166695952e-01
    1.8298808718e-03   -1.6257205606e-01
    1.8396140076e-03   -1.6338017583e-01
    1.8493472598e-03   -1.6418886185e-01
    1.8590805121e-03   -1.6499994695e-01
    1.8688137643e-03   -1.6581283510e-01
    1.8797636731e-03   -1.6672819853e-01
    1.8894969253e-03   -1.6754288971e-01
    1.8992302939e-03   -1.6835249960e-01
    1.9089635462e-03   -1.6915041208e-01
    1.9199134549e-03   -1.7002499104e-01
    1.9296468236e-03   -1.7076872289e-01
    1.9393800758e-03   -1.7147535086e-01
    1.9491133280e-03   -1.7214711010e-01
    1.9588465802e-03   -1.7279182374e-01
    1.9697966054e-03   -1.7350041866e-01
    1.9795298576e-03   -1.7412763834e-01
    1.9892631099e-03   -1.7476649582e-01
    1.9989963621e-03   -1.7543298006e-01
    2.0099463873e-03   -1.7623406649e-01
    2.0196796395e-03   -1.7700591683e-01
    2.0294128917e-03   -1.7784368992e-01
    2.0391461439e-03   -1.7875495553e-01
    2.0488793962e-03   -1.7974711955e-01
    2.0598291885e-03   -1.8096710742e-01
    2.0695622079e-03   -1.8214599788e-01
    2.0792954601e-03   -1.8341103196e-01
    2.0890282467e-03   -1.8475750089e-01
    2.0999778062e-03   -1.8636818230e-01
    2.1097105928e-03   -1.8788628280e-01
    2.1194433793e-03   -1.8948616087e-01
    2.1291761659e-03   -1.9116920233e-01
    2.1389087196e-03   -1.9293332100e-01
    2.1498578135e-03   -1.9501192868e-01
    2.1595901344e-03   -1.9694280624e-01
    2.1693224553e-03   -1.9894875586e-01
    2.1790550090e-03   -2.0102226734e-01
    2.1887873299e-03   -2.0314893126e-01
    2.1997361910e-03   -2.0558075607e-01
    2.2094685119e-03   -2.0774438977e-01
    2.2192008328e-03   -2.0986688137e-01
    2.2289329208e-03   -2.1192742884e-01
    2.2398817819e-03   -2.1414101124e-01
    2.2496138699e-03   -2.1600522101e-01
    2.2593459580e-03   -2.1777516603e-01
    2.2690780461e-03   -2.1943791211e-01
    2.2788099013e-03   -2.2098590434e-01
    2.2897582967e-03   -2.2258922458e-01
    2.2994901519e-03   -2.2388520837e-01
    2.3092217743e-03   -2.2505535185e-01
    2.3189533968e-03   -2.2609585524e-01
    2.3299010936e-03   -2.2711582482e-01
    2.3396324832e-03   -2.2791022062e-01
    2.3493638728e-03   -2.2862483561e-01
    2.3590950295e-03   -2.2928430140e-01
    2.3688259535e-03   -2.2990094125e-01
    2.3797734175e-03   -2.3053820431e-01
    2.3895043414e-03   -2.3104792833e-01
    2.3992352653e-03   -2.3150300980e-01
    2.4089659564e-03   -2.3190741241e-01
    2.4199129548e-03   -2.3231716454e-01
    2.4296436459e-03   -2.3265449703e-01
    2.4393741041e-03   -2.3298133910e-01
    2.4491045624e-03   -2.3331530392e-01
    2.4588350207e-03   -2.3365244269e-01
    2.4697817862e-03   -2.3401257396e-01
    2.4795120116e-03   -2.3430602252e-01
    2.4892422371e-03   -2.3456282914e-01
    2.4989724625e-03   -2.3476311564e-01
    2.5099187624e-03   -2.3493212461e-01
    2.5196489878e-03   -2.3507885635e-01
    2.5293789804e-03   -2.3526406288e-01
    2.5391087402e-03   -2.3551769555e-01
    2.5488387328e-03   -2.3586313426e-01
    2.5597847998e-03   -2.3636117578e-01
    2.5695147924e-03   -2.3687936366e-01
    2.5792445522e-03   -2.3744295537e-01
    2.5889743119e-03   -2.3804390430e-01
    2.5999201462e-03   -2.3877786100e-01
    2.6096499059e-03   -2.3950600624e-01
    2.6193796657e-03   -2.4033178389e-01
    2.6291091926e-03   -2.4126991630e-01
    2.6388389524e-03   -2.4233286083e-01
    2.6497847866e-03   -2.4368758500e-01
    2.6595143136e-03   -2.4501879513e-01
    2.6692438405e-03   -2.4645705521e-01
    2.6789733674e-03   -2.4799628556e-01
    2.6899192017e-03   -2.4981094897e-01
    2.6996489614e-03   -2.5146108866e-01
    2.7093784884e-03   -2.5312232971e-01
    2.7191082481e-03   -2.5477737188e-01
    2.7288377751e-03   -2.5641897321e-01
    2.7397836093e-03   -2.5823906064e-01
    2.7495131362e-03   -2.5980934501e-01
    2.7592428960e-03   -2.6130658388e-01
    2.7689724229e-03   -2.6270264387e-01
    2.7799180243e-03   -2.6412332058e-01
    2.7896477841e-03   -2.6524135470e-01
    2.7993773110e-03   -2.6622352004e-01
    2.8091070708e-03   -2.6707589626e-01
    2.8188365977e-03   -2.6780647039e-01
    2.8297826648e-03   -2.6850458980e-01
    2.8395121917e-03   -2.6904624701e-01
    2.8492417186e-03   -2.6953783631e-01
    2.8589712456e-03   -2.6998752356e-01
    2.8699170798e-03   -2.7044570446e-01
    2.8796463739e-03   -2.7081120014e-01
    2.8893756680e-03   -2.7114477754e-01
    2.8991049621e-03   -2.7146300673e-01
    2.9088342562e-03   -2.7177879214e-01
    2.9197793920e-03   -2.7213931084e-01
    2.9295082204e-03   -2.7246239781e-01
    2.9392370488e-03   -2.7277022600e-01
    2.9489658773e-03   -2.7303582430e-01
    2.9599107802e-03   -2.7325582504e-01
    2.9696393758e-03   -2.7337226272e-01
    2.9793679714e-03   -2.7342063189e-01
    2.9890965670e-03   -2.7341866493e-01
    2.9988251626e-03   -2.7338725328e-01
    3.0097695999e-03   -2.7333682775e-01
    3.0194981955e-03   -2.7329313755e-01
    3.0292265583e-03   -2.7326458693e-01
    3.0389551539e-03   -2.7326592803e-01
    3.0498995911e-03   -2.7332276106e-01
    3.0596279539e-03   -2.7343761921e-01
    3.0693565495e-03   -2.7362120152e-01
    3.0790849123e-03   -2.7387762070e-01
    3.0888132751e-03   -2.7420970798e-01
    3.0997577123e-03   -2.7467492223e-01
    3.1094863079e-03   -2.7516910434e-01
    3.1192146707e-03   -2.7573081851e-01
    3.1289428007e-03   -2.7634227276e-01
    3.1398872379e-03   -2.7706265450e-01
    3.1496153679e-03   -2.7771079540e-01
    3.1593434978e-03   -2.7835059166e-01
    3.1690718606e-03   -2.7897071838e-01
    3.1787997577e-03   -2.7956566215e-01
    3.1897439621e-03   -2.8020381927e-01
    3.1994718593e-03   -2.8074446321e-01
    3.2091997564e-03   -2.8126183152e-01
    3.2189276535e-03   -2.8175827861e-01
    3.2298716251e-03   -2.8229436278e-01
    3.2395992894e-03   -2.8274971247e-01
    3.2493269537e-03   -2.8317764401e-01
    3.2590543851e-03   -2.8356674314e-01
    3.2699976582e-03   -2.8394442797e-01
    3.2797250897e-03   -2.8421974182e-01
    3.2894522883e-03   -2.8443896770e-01
    3.2991794869e-03   -2.8460869193e-01
    3.3089064527e-03   -2.8473871946e-01
    3.3198492602e-03   -2.8485447168e-01
    3.3295759931e-03   -2.8495088220e-01
    3.3393027261e-03   -2.8506505489e-01
    3.3490292262e-03   -2.8522092104e-01
    3.3599715680e-03   -2.8547203541e-01
    3.3696980681e-03   -2.8578048944e-01
    3.3794243354e-03   -2.8618040681e-01
    3.3891506027e-03   -2.8667744994e-01
    3.3988766372e-03   -2.8727388382e-01
    3.4098185133e-03   -2.8806298971e-01
    3.4195445478e-03   -2.8886544704e-01
    3.4292705823e-03   -2.8975680470e-01
    3.4389966168e-03   -2.9072847962e-01
    3.4499382600e-03   -2.9190522432e-01
    3.4596642945e-03   -2.9301279783e-01
    3.4693900961e-03   -2.9416158795e-01
    3.4791161306e-03   -2.9533135891e-01
    3.4899821039e-03   -2.9663649201e-01
    3.4988811240e-03   -2.9768159986e-01
    3.5097564105e-03   -2.9890516400e-01
    3.5194826778e-03   -2.9993826151e-01
    3.5292087123e-03   -3.0090618134e-01
    3.5389349796e-03   -3.0179980397e-01
    3.5498770885e-03   -3.0270969868e-01
    3.5596033558e-03   -3.0343428254e-01
    3.5693296231e-03   -3.0407947302e-01
    3.5790561233e-03   -3.0464440584e-01
    3.5899984650e-03   -3.0518680811e-01
    3.5997249652e-03   -3.0559033155e-01
    3.6094514653e-03   -3.0592149496e-01
    3.6191779654e-03   -3.0617704988e-01
    3.6289046984e-03   -3.0635398626e-01
    3.6398470402e-03   -3.0646279454e-01
    3.6495737731e-03   -3.0648705363e-01
    3.6593002733e-03   -3.0645191669e-01
    3.6690270063e-03   -3.0636942387e-01
    3.6799693480e-03   -3.0623510480e-01
    3.6896958482e-03   -3.0608895421e-01
    3.6994223483e-03   -3.0592721701e-01
    3.7091486156e-03   -3.0575940013e-01
    3.7188748829e-03   -3.0559515953e-01
    3.7298169918e-03   -3.0543041229e-01
    3.7395432591e-03   -3.0531924963e-01
    3.7492692936e-03   -3.0525761843e-01
    3.7589955609e-03   -3.0525782704e-01
    3.7699374370e-03   -3.0533966422e-01
    3.7796634715e-03   -3.0548787117e-01
    3.7893897388e-03   -3.0571010709e-01
    3.7991157733e-03   -3.0601009727e-01
    3.8088418078e-03   -3.0639225245e-01
    3.8197836839e-03   -3.0692344904e-01
    3.8295097183e-03   -3.0748337507e-01
    3.8392359857e-03   -3.0811905861e-01
    3.8489620201e-03   -3.0881959200e-01
    3.8599041291e-03   -3.0967009068e-01
    3.8696301635e-03   -3.1046974659e-01
    3.8793564308e-03   -3.1129923463e-01
    3.8890826982e-03   -3.1214836240e-01
    3.8988089655e-03   -3.1300887465e-01
    3.9097508416e-03   -3.1398063898e-01
    3.9194775745e-03   -3.1483799219e-01
    3.9292038418e-03   -3.1568023562e-01
    3.9389301091e-03   -3.1649777293e-01
    3.9498726837e-03   -3.1737428904e-01
    3.9595989510e-03   -3.1810247898e-01
    3.9693252183e-03   -3.1877109408e-01
    3.9790519513e-03   -3.1936848164e-01
    3.9899940602e-03   -3.1994074583e-01
    3.9997203276e-03   -3.2034936547e-01
    4.0094465949e-03   -3.2065600157e-01
    4.0191733278e-03   -3.2085680962e-01
    4.0288991295e-03   -3.2095122337e-01
    4.0398412384e-03   -3.2093325257e-01
    4.0495675057e-03   -3.2081225514e-01
    4.0592937730e-03   -3.2059964538e-01
    4.0690195747e-03   -3.2030406594e-01
    4.0799612179e-03   -3.1988519430e-01
    4.0896874852e-03   -3.1944915652e-01
    4.0994132869e-03   -3.1896579266e-01
    4.1091390885e-03   -3.1844687462e-01
    4.1198283434e-03   -3.1784757972e-01
    4.1299210861e-03   -3.1726488471e-01
    4.1390596889e-03   -3.1673064828e-01
    4.1487854905e-03   -3.1615903974e-01
    4.1597266681e-03   -3.1551611423e-01
    4.1694529355e-03   -3.1495553255e-01
    4.1791787371e-03   -3.1441685557e-01
    4.1889045388e-03   -3.1390526891e-01
    4.1998457164e-03   -3.1336539984e-01
    4.2095715180e-03   -3.1292173266e-01
    4.2192973197e-03   -3.1251686811e-01
    4.2290231213e-03   -3.1215548515e-01
    4.2399647646e-03   -3.1180474162e-01
    4.2496905662e-03   -3.1154304743e-01
    4.2594163679e-03   -3.1132754683e-01
    4.2691421695e-03   -3.1115552783e-01
    4.2788679712e-03   -3.1102162600e-01
    4.2898091488e-03   -3.1090888381e-01
    4.2995349504e-03   -3.1083756685e-01
    4.3092607521e-03   -3.1078997254e-01
    4.3189865537e-03   -3.1076323986e-01
    4.3299281970e-03   -3.1075534225e-01
    4.3396539986e-03   -3.1076562405e-01
    4.3493798003e-03   -3.1078985333e-01
    4.3591060676e-03   -3.1082597375e-01
    4.3688318692e-03   -3.1087237597e-01
    4.3797735125e-03   -3.1093508005e-01
    4.3894993141e-03   -3.1099781394e-01
    4.3992255814e-03   -3.1106299162e-01
    4.4089513831e-03   -3.1112545729e-01
    4.4195950031e-03   -3.1118392944e-01
    4.4299489819e-03   -3.1122338772e-01
    4.4396752492e-03   -3.1123694777e-01
    4.4494010508e-03   -3.1122750044e-01
    4.4595366344e-03   -3.1119129062e-01
    4.4693392701e-03   -3.1112167239e-01
    4.4790655375e-03   -3.1101182103e-01
    4.4887913391e-03   -3.1087186933e-01
    4.4997334480e-03   -3.1067779660e-01
    4.5094592497e-03   -3.1046861410e-01
    4.5191855170e-03   -3.1022495031e-01
    4.5289113186e-03   -3.0994504690e-01
    4.5398534276e-03   -3.0959340930e-01
    4.5495792292e-03   -3.0925399065e-01
    4.5593054965e-03   -3.0888885260e-01
    4.5690312982e-03   -3.0850231647e-01
    4.5799734071e-03   -3.0805361271e-01
    4.5896992087e-03   -3.0765154958e-01
    4.5994254760e-03   -3.0725327134e-01
    4.6091517434e-03   -3.0686461926e-01
    4.6188775450e-03   -3.0649167299e-01
    4.6298196539e-03   -3.0609565973e-01
    4.6395459212e-03   -3.0576619506e-01
    4.6492721885e-03   -3.0545979738e-01
    4.6589984559e-03   -3.0517682433e-01
    4.6699400991e-03   -3.0488485098e-01
    4.6796668321e-03   -3.0464711785e-01
    4.6893930994e-03   -3.0442795157e-01
    4.6991193667e-03   -3.0422514677e-01
    4.7088456340e-03   -3.0403700471e-01
    4.7197882086e-03   -3.0384185910e-01
    4.7295149416e-03   -3.0368342996e-01
    4.7392416745e-03   -3.0353981256e-01
    4.7489684075e-03   -3.0341023207e-01
    4.7596124932e-03   -3.0328217149e-01
    4.7690356150e-03   -3.0317738652e-01
    4.7790557146e-03   -3.0306848884e-01
    4.7894935124e-03   -3.0295205116e-01
    4.7991145402e-03   -3.0283677578e-01
    4.8094466329e-03   -3.0269673467e-01
    4.8191738315e-03   -3.0254238844e-01
    4.8289010301e-03   -3.0236208439e-01
    4.8389350995e-03   -3.0214691162e-01
    4.8498781398e-03   -3.0187898874e-01
    4.8596053384e-03   -3.0161657929e-01
    4.8690806143e-03   -3.0134281516e-01
    4.8790038563e-03   -3.0103957653e-01
    4.8894900829e-03   -3.0070388317e-01
    4.8991683871e-03   -3.0038383603e-01
    4.9096546136e-03   -3.0002894998e-01
    4.9190837890e-03   -2.9970434308e-01
    4.9288417213e-03   -2.9936558008e-01
    4.9390760250e-03   -2.9900819063e-01
    4.9488036893e-03   -2.9867121577e-01
    4.9597471952e-03   -2.9830464721e-01
    4.9694743939e-03   -2.9799157381e-01
    4.9792020582e-03   -2.9768770933e-01
    4.9898936413e-03   -2.9736632109e-01
    4.9989125691e-03   -2.9710963368e-01
    5.0098560750e-03   -2.9681834579e-01
    5.0199353136e-03   -2.9657283425e-01
    5.0292061642e-03   -2.9636868834e-01
    5.0389338285e-03   -2.9617869854e-01
    5.0491685979e-03   -2.9600861669e-01
    5.0588962622e-03   -2.9587668180e-01
    5.0698402338e-03   -2.9575908184e-01
    5.0789085217e-03   -2.9568135738e-01
    5.0898031332e-03   -2.9560270905e-01
    5.0995312631e-03   -2.9553627968e-01
    5.1092593931e-03   -2.9546743631e-01
    5.1189875230e-03   -2.9538893700e-01
    5.1298877224e-03   -2.9527673125e-01
    5.1391148008e-03   -2.9515346885e-01
    5.1488429308e-03   -2.9498872161e-01
    5.1590339281e-03   -2.9477638006e-01
    5.1699788310e-03   -2.9449817538e-01
    5.1799616776e-03   -2.9419401288e-01
    5.1894853823e-03   -2.9385858774e-01
    5.1992139779e-03   -2.9346916080e-01
    5.2097016014e-03   -2.9299390316e-01
    5.2194301970e-03   -2.9250162840e-01
    5.2291592583e-03   -2.9195874929e-01
    5.2388883196e-03   -2.9136613011e-01
    5.2498336881e-03   -2.9064106941e-01
    5.2593103610e-03   -2.8996437788e-01
    5.2690417506e-03   -2.8922569752e-01
    5.2799871191e-03   -2.8834408522e-01
    5.2897166461e-03   -2.8752291203e-01
    5.2994457074e-03   -2.8667384386e-01
    5.3091752343e-03   -2.8579968214e-01
    5.3189042956e-03   -2.8490549326e-01
    5.3298501298e-03   -2.8388562799e-01
    5.3395796567e-03   -2.8297531605e-01
    5.3493087180e-03   -2.8207075596e-01
    5.3590382449e-03   -2.8117945790e-01
    5.3699840792e-03   -2.8020173311e-01
    5.3797136061e-03   -2.7936193347e-01
    5.3899027407e-03   -2.7851706743e-01
    5.3996345960e-03   -2.7774706483e-01
    5.4093641229e-03   -2.7701440454e-01
    5.4190936498e-03   -2.7632194757e-01
    5.4291649722e-03   -2.7564811707e-01
    5.4393038154e-03   -2.7500692010e-01
    5.4490356706e-03   -2.7442213893e-01
    5.4599815048e-03   -2.7380844951e-01
    5.4690064862e-03   -2.7334246039e-01
    5.4799029604e-03   -2.7281409502e-01
    5.4896329530e-03   -2.7236410975e-01
    5.4993629456e-03   -2.7193865180e-01
    5.5090929382e-03   -2.7153712511e-01
    5.5188229308e-03   -2.7115327120e-01
    5.5297696963e-03   -2.7073797584e-01
    5.5394996889e-03   -2.7037531137e-01
    5.5492301472e-03   -2.7001273632e-01
    5.5589601398e-03   -2.6964849234e-01
    5.5699069053e-03   -2.6922979951e-01
    5.5796373636e-03   -2.6884266734e-01
    5.5893678218e-03   -2.6843833923e-01
    5.5995574221e-03   -2.6799327135e-01
    5.6091975421e-03   -2.6754429936e-01
    5.6198015809e-03   -2.6701110601e-01
    5.6299092248e-03   -2.6646590233e-01
    5.6393533014e-03   -2.6592519879e-01
    5.6492653675e-03   -2.6532310247e-01
    5.6598694064e-03   -2.6464146376e-01
    5.6697810069e-03   -2.6397442818e-01
    5.6794211268e-03   -2.6330053806e-01
    5.6890612468e-03   -2.6260408759e-01
    5.6999372318e-03   -2.6179286838e-01
    5.7095773518e-03   -2.6104965806e-01
    5.7193138637e-03   -2.6027396321e-01
    5.7288380340e-03   -2.5949111581e-01
    5.7397643104e-03   -2.5856229663e-01
    5.7499376126e-03   -2.5765958428e-01
    5.7597593404e-03   -2.5674211979e-01
    5.7696965523e-03   -2.5575581193e-01
    5.7792873122e-03   -2.5473821163e-01
    5.7889414020e-03   -2.5365626812e-01
    5.7998546399e-03   -2.5240400434e-01
    5.8088758960e-03   -2.5133246183e-01
    5.8196107857e-03   -2.4996358156e-01
    5.8296304196e-03   -2.4863019586e-01
    5.8393510990e-03   -2.4735727906e-01
    5.8499551378e-03   -2.4606448412e-01
    5.8597880416e-03   -2.4503092468e-01
    5.8694439940e-03   -2.4420960248e-01
    5.8792545460e-03   -2.4354726076e-01
    5.8894166723e-03   -2.4299575388e-01
    5.8988328092e-03   -2.4250599742e-01
    5.9097488411e-03   -2.4178665876e-01
    5.9197689407e-03   -2.4080553651e-01
    5.9290244244e-03   -2.3950304091e-01
    5.9399413876e-03   -2.3734880984e-01
    5.9495107271e-03   -2.3477853835e-01
    5.9592826292e-03   -2.3135539889e-01
    5.9691397473e-03   -2.2696362436e-01
    5.9797232971e-03   -2.2114004195e-01
    5.9893815778e-03   -2.1489618719e-01
    5.9998515062e-03   -2.0725871623e-01
    6.0088592581e-03   -2.0007765293e-01
    6.0197780840e-03   -1.9081635773e-01
    6.0299993493e-03   -1.8181401491e-01
    6.0392632149e-03   -1.7351701856e-01
    6.0492851771e-03   -1.6442796588e-01
    6.0598673299e-03   -1.5448740125e-01
    6.0693742707e-03   -1.4495846629e-01
    6.0798455961e-03   -1.3359184563e-01
    6.0898703523e-03   -1.2188137323e-01
    6.0998322442e-03   -1.0923017561e-01
    6.1090993695e-03   -9.6300609410e-02
    6.1199185438e-03   -7.9659812152e-02
    6.1293928884e-03   -6.3805304468e-02
    6.1392136849e-03   -4.6591687948e-02
    6.1499029398e-03   -2.7845682576e-02
    6.1589586549e-03   -1.2687398121e-02
    6.1698844656e-03    3.7912752014e-03
    6.1791455373e-03    1.5768392012e-02
    6.1894669197e-03    2.6646019891e-02
    6.1999550089e-03    3.5019643605e-02
    6.2097767368e-03    4.0650501847e-02
    6.2195989303e-03    4.4315047562e-02
    6.2295272946e-03    4.6176351607e-02
    6.2392191030e-03    4.6337772161e-02
    6.2495032325e-03    4.4896047562e-02
    6.2592201866e-03    4.2441338301e-02
    6.2690437771e-03    3.9031684399e-02
    6.2796012498e-03    3.4067906439e-02
    6.2892413698e-03    2.8453078121e-02
    6.2991804443e-03    2.1576274186e-02
    6.3096624799e-03    1.2630214915e-02
    6.3198450953e-03    2.0397375338e-03
    6.3292114064e-03   -9.0006943792e-03
    6.3396948390e-03   -2.2322157398e-02
    6.3494187780e-03   -3.5377241671e-02
    6.3597490080e-03   -4.9862969667e-02
    6.3690179959e-03   -6.3262417912e-02
    6.3798078336e-03   -7.9145029187e-02
    6.3899531960e-03   -9.4402395189e-02
    6.3993805088e-03   -1.0911604017e-01
    6.4098695293e-03   -1.2631760538e-01
    6.4193471335e-03   -1.4268891513e-01
    6.4299516380e-03   -1.6174510121e-01
    6.4395912923e-03   -1.7937079072e-01
    6.4492314123e-03   -1.9706325233e-01
    6.4592119306e-03   -2.1542812884e-01
    6.4698164351e-03   -2.3492945731e-01
    6.4790900797e-03   -2.5184100866e-01
    6.4899465069e-03   -2.7137428522e-01
    6.4995214343e-03   -2.8836447001e-01
    6.5098023042e-03   -3.0626314878e-01
    6.5190722235e-03   -3.2202872634e-01
    6.5292054787e-03   -3.3869022131e-01
    6.5390649252e-03   -3.5419455171e-01
    6.5490473062e-03   -3.6918550730e-01
    6.5598478541e-03   -3.8446575403e-01
    6.5698828548e-03   -3.9766216278e-01
    6.5792063251e-03   -4.0898299217e-01
    6.5893004648e-03   -4.2016351223e-01
    6.5998579375e-03   -4.3069300056e-01
    6.6095478833e-03   -4.3946027756e-01
    6.6193407401e-03   -4.4754514098e-01
    6.6293762065e-03   -4.5505291224e-01
    6.6391024739e-03   -4.6165931225e-01
    6.6488287412e-03   -4.6772348881e-01
    6.6599366255e-03   -4.7429436445e-01
    6.6695767455e-03   -4.7995841503e-01
    6.6792168655e-03   -4.8563086987e-01
    6.6898209043e-03   -4.9175888300e-01
    6.6990945488e-03   -4.9695408344e-01
    6.7092850804e-03   -5.0248533487e-01
    6.7193205468e-03   -5.0771379471e-01
    6.7297555506e-03   -5.1286327839e-01
    6.7398431711e-03   -5.1745921373e-01
    6.7494823597e-03   -5.2144348621e-01
    6.7599262111e-03   -5.2536213398e-01
    6.7696627229e-03   -5.2877581120e-01
    6.7797410302e-03   -5.3221845627e-01
    6.7893699743e-03   -5.3552377224e-01
    6.7999493331e-03   -5.3912442923e-01
    6.8094315939e-03   -5.4196399450e-01
    6.8193562329e-03   -5.4489737749e-01
    6.8297469988e-03   -5.4800927639e-01
    6.8396590650e-03   -5.5085575581e-01
    6.8496689200e-03   -5.5361747742e-01
    6.8593430333e-03   -5.5626744032e-01
    6.8697510287e-03   -5.5914050341e-01
    6.8795625120e-03   -5.6198292971e-01
    6.8899705075e-03   -5.6522679329e-01
    6.8994010799e-03   -5.6835472584e-01
    6.9095329382e-03   -5.7195109129e-01
    6.9191060029e-03   -5.7564479113e-01
    6.9293347187e-03   -5.7991290092e-01
    6.9390842691e-03   -5.8415311575e-01
    6.9499807432e-03   -5.8894187212e-01
    6.9596241228e-03   -5.9321254492e-01
    6.9693145342e-03   -5.9759402275e-01
    6.9798720069e-03   -6.0249704123e-01
    6.9893025793e-03   -6.0699617863e-01
    6.9994460791e-03   -6.1192399263e-01
    7.0092906244e-03   -6.1675125360e-01
    7.0197349414e-03   -6.2179976702e-01
    7.0295217447e-03   -6.2640130520e-01
    7.0394529030e-03   -6.3092434406e-01
    7.0494301617e-03   -6.3536047935e-01
    7.0594656281e-03   -6.3975036144e-01
    7.0694042370e-03   -6.4402902126e-01
    7.0792753249e-03   -6.4827841520e-01
    7.0889908820e-03   -6.5251618624e-01
    7.0999027230e-03   -6.5739458799e-01
    7.1097961627e-03   -6.6229778528e-01
    7.1193682961e-03   -6.6714811325e-01
    7.1291048080e-03   -6.7218935490e-01
    7.1393903345e-03   -6.7768979073e-01
    7.1491268463e-03   -6.8305248022e-01
    7.1587939747e-03   -6.8852168322e-01
    7.1697230451e-03   -6.9486933947e-01
    7.1794372052e-03   -7.0061391592e-01
    7.1891513653e-03   -7.0634877682e-01
    7.1988650598e-03   -7.1192562580e-01
    7.2097922675e-03   -7.1786475182e-01
    7.2190035135e-03   -7.2254854441e-01
    7.2293258272e-03   -7.2740226984e-01
    7.2398832999e-03   -7.3188662529e-01
    7.2496198118e-03   -7.3556256294e-01
    7.2594159283e-03   -7.3878073692e-01
    7.2691543028e-03   -7.4146944284e-01
    7.2792805731e-03   -7.4370169640e-01
    7.2890440933e-03   -7.4529379606e-01
    7.2998302057e-03   -7.4637526274e-01
    7.3090409860e-03   -7.4670469761e-01
    7.3192631826e-03   -7.4641114473e-01
    7.3293559253e-03   -7.4547451735e-01
    7.3394635692e-03   -7.4397271872e-01
    7.3491367511e-03   -7.4214148521e-01
    7.3590758257e-03   -7.3999744654e-01
    7.3698125780e-03   -7.3757368326e-01
    7.3790368624e-03   -7.3552787304e-01
    7.3895375244e-03   -7.3313379288e-01
    7.3992740363e-03   -7.3095536232e-01
    7.4097611941e-03   -7.2891885042e-01
    7.4194855988e-03   -7.2711479664e-01
    7.4291611090e-03   -7.2538363934e-01
    7.4398615398e-03   -7.2361576557e-01
    7.4495249428e-03   -7.2208929062e-01
    7.4590765871e-03   -7.2062599659e-01
    7.4695050716e-03   -7.1915709972e-01
    7.4790283106e-03   -7.1793442965e-01
    7.4899313040e-03   -7.1670156717e-01
    7.4999891222e-03   -7.1568000317e-01
    7.5088478625e-03   -7.1481209993e-01
    7.5198579580e-03   -7.1372216940e-01
    7.5296992436e-03   -7.1273791790e-01
    7.5399847701e-03   -7.1174842119e-01
    7.5490563177e-03   -7.1090799570e-01
    7.5599970296e-03   -7.0998036861e-01
    7.5699714944e-03   -7.0931005478e-01
    7.5798830949e-03   -7.0892339945e-01
    7.5897159986e-03   -7.0893490314e-01
    7.5999377295e-03   -7.0942449570e-01
    7.6094139367e-03   -7.1033704281e-01
    7.6190540567e-03   -7.1175807714e-01
    7.6296580955e-03   -7.1396201849e-01
    7.6398863457e-03   -7.1681863070e-01
    7.6498636045e-03   -7.2039186954e-01
    7.6594096608e-03   -7.2428935766e-01
    7.6691461727e-03   -7.2867512703e-01
    7.6791811734e-03   -7.3378276825e-01
    7.6897949912e-03   -7.3978191614e-01
    7.6996097341e-03   -7.4592399597e-01
    7.7093462460e-03   -7.5243455172e-01
    7.7190827578e-03   -7.5897860527e-01
    7.7298795804e-03   -7.6647406816e-01
    7.7390568331e-03   -7.7342897654e-01
    7.7496147715e-03   -7.8195470572e-01
    7.7592250891e-03   -7.8982895613e-01
    7.7699651010e-03   -7.9841643572e-01
    7.7797980048e-03   -8.0609607697e-01
    7.7890241519e-03   -8.1323391199e-01
    7.7994028106e-03   -8.2086426020e-01
    7.8095626086e-03   -8.2771384716e-01
    7.8197875991e-03   -8.3400982618e-01
    7.8290868551e-03   -8.3933699131e-01
    7.8397989273e-03   -8.4544253349e-01
    7.8494390473e-03   -8.5082322359e-01
    7.8590791672e-03   -8.5572099686e-01
    7.8696832061e-03   -8.6027663946e-01
    7.8792311251e-03   -8.6362642050e-01
    7.8891692683e-03   -8.6617845297e-01
    7.8994072974e-03   -8.6778998375e-01
    7.9096965492e-03   -8.6857694387e-01
    7.9198554158e-03   -8.6865907907e-01
    7.9296110198e-03   -8.6841970682e-01
    7.9393619671e-03   -8.6858022213e-01
    7.9495059326e-03   -8.6924088001e-01
    7.9592308030e-03   -8.6997556686e-01
    7.9693747684e-03   -8.7082558870e-01
    7.9790139571e-03   -8.7150710821e-01
    7.9896682873e-03   -8.7171238661e-01
    7.9989377409e-03   -8.7168842554e-01
    8.0089196563e-03   -8.7139904499e-01
    8.0198720098e-03   -8.7083810568e-01
    8.0296052620e-03   -8.7046158314e-01
    8.0398302525e-03   -8.7032133341e-01
    8.0493744463e-03   -8.7043005228e-01
    8.0596394837e-03   -8.7076801062e-01
    8.0692786723e-03   -8.7120264769e-01
    8.0793648958e-03   -8.7185013294e-01
    8.0892760307e-03   -8.7296980619e-01
    8.0998810008e-03   -8.7462103367e-01
    8.1093590707e-03   -8.7607121468e-01
    8.1199109554e-03   -8.7760519981e-01
    8.1294542179e-03   -8.7908160686e-01
    8.1395423040e-03   -8.8063091040e-01
    8.1495335326e-03   -8.8224112988e-01
    8.1595648080e-03   -8.8398611546e-01
    8.1698587164e-03   -8.8562417030e-01
    8.1796664745e-03   -8.8712209463e-01
    8.1898914650e-03   -8.8895058632e-01
    8.1994356588e-03   -8.9097964764e-01
    8.2098636776e-03   -8.9337700605e-01
    8.2195037976e-03   -8.9574432373e-01
    8.2291439176e-03   -8.9833152294e-01
    8.2397479564e-03   -9.0126633644e-01
    8.2499384880e-03   -9.0383565426e-01
    8.2598989829e-03   -9.0602487326e-01
    8.2690138370e-03   -9.0767168999e-01
    8.2790963352e-03   -9.0901708603e-01
    8.2896044478e-03   -9.1021949053e-01
    8.2994280383e-03   -9.1131317616e-01
    8.3096250892e-03   -9.1236513853e-01
    8.3191255108e-03   -9.1338133812e-01
    8.3297295496e-03   -9.1460001469e-01
    8.3393696696e-03   -9.1574335098e-01
    8.3496812731e-03   -9.1699397564e-01
    8.3593213931e-03   -9.1832244396e-01
    8.3690574393e-03   -9.1992545128e-01
    8.3796614781e-03   -9.2179095745e-01
    8.3893015981e-03   -9.2356806993e-01
    8.3999056369e-03   -9.2548692226e-01
    8.4095457569e-03   -9.2702919245e-01
    8.4191858768e-03   -9.2850649357e-01
    8.4297899157e-03   -9.3009299040e-01
    8.4394300357e-03   -9.3142753839e-01
    8.4493691102e-03   -9.3291670084e-01
    8.4599731490e-03   -9.3486350775e-01
    8.4696132690e-03   -9.3692147732e-01
    8.4792533889e-03   -9.3924069405e-01
    8.4898388013e-03   -9.4211125374e-01
    8.4997992963e-03   -9.4504231215e-01
    8.5093425587e-03   -9.4793504477e-01
    8.5195684806e-03   -9.5105534792e-01
    8.5293147713e-03   -9.5402830839e-01
    8.5399188101e-03   -9.5717376471e-01
    8.5495589301e-03   -9.6007573605e-01
    8.5591990501e-03   -9.6316677332e-01
    8.5698720068e-03   -9.6677249670e-01
    8.5794152692e-03   -9.7016030550e-01
    8.5892789066e-03   -9.7360831499e-01
    8.5998838767e-03   -9.7713959217e-01
    8.6095230654e-03   -9.8026800156e-01
    8.6191631854e-03   -9.8325186968e-01
    8.6298640817e-03   -9.8631501198e-01
    8.6390897632e-03   -9.8878198862e-01
    8.6498782039e-03   -9.9143838882e-01
    8.6593069136e-03   -9.9358034134e-01
    8.6690429598e-03   -9.9569082260e-01
    8.6794840172e-03   -9.9782705307e-01
    8.6891241372e-03   -9.9966722727e-01
    8.6998250335e-03   -1.0015481710e+00
    8.7094651535e-03   -1.0032441616e+00
    8.7191043422e-03   -1.0049778223e+00
    8.7297968566e-03   -1.0066802502e+00
    8.7394760922e-03   -1.0080745220e+00
    8.7492130697e-03   -1.0093581676e+00
    8.7593290955e-03   -1.0104597807e+00
    8.7689440697e-03   -1.0114409924e+00
    8.7796822190e-03   -1.0127888918e+00
    8.7891984731e-03   -1.0142024755e+00
    8.7989186868e-03   -1.0156946182e+00
    8.8098701090e-03   -1.0176146030e+00
    8.8188452646e-03   -1.0191861391e+00
    8.8296914473e-03   -1.0207753181e+00
    8.8393315673e-03   -1.0222009420e+00
    8.8498666883e-03   -1.0238330364e+00
    8.8594108820e-03   -1.0250766277e+00
    8.8689085096e-03   -1.0263152122e+00
    8.8790506124e-03   -1.0278484821e+00
    8.8896546513e-03   -1.0295256376e+00
    8.8992947713e-03   -1.0314925909e+00
    8.9092152193e-03   -1.0341562033e+00
    8.9197959751e-03   -1.0371060371e+00
    8.9293140918e-03   -1.0395624638e+00
    8.9390352368e-03   -1.0421119928e+00
    8.9495657012e-03   -1.0449130535e+00
    8.9592058212e-03   -1.0476839542e+00
    8.9698983356e-03   -1.0509470701e+00
    8.9788734913e-03   -1.0536154509e+00
    8.9899795130e-03   -1.0568654537e+00
    8.9999595657e-03   -1.0601024628e+00
    9.0094367042e-03   -1.0635428429e+00
    9.0198786929e-03   -1.0674166679e+00
    9.0296147391e-03   -1.0708967447e+00
    9.0390918776e-03   -1.0741502047e+00
    9.0497927740e-03   -1.0776709318e+00
    9.0595213696e-03   -1.0806592703e+00
    9.0690953657e-03   -1.0834304094e+00
    9.0795783326e-03   -1.0862666368e+00
    9.0893004090e-03   -1.0888022184e+00
    9.0990234166e-03   -1.0915663242e+00
    9.1093834490e-03   -1.0945764780e+00
    9.1196522117e-03   -1.0975304842e+00
    9.1292923316e-03   -1.1002862453e+00
    9.1398963705e-03   -1.1030482054e+00
    9.1495364904e-03   -1.1053584814e+00
    9.1592734680e-03   -1.1074918509e+00
    9.1698775068e-03   -1.1097453833e+00
    9.1799739748e-03   -1.1123201847e+00
    9.1896140948e-03   -1.1150877476e+00
    9.1994889081e-03   -1.1178956032e+00
    9.2097138986e-03   -1.1208392382e+00
    9.2199398205e-03   -1.1237380505e+00
    9.2295520008e-03   -1.1263283491e+00
    9.2399595305e-03   -1.1292488575e+00
    9.2493863776e-03   -1.1317813396e+00
    9.2593180016e-03   -1.1340354681e+00
    9.2691509053e-03   -1.1361185312e+00
    9.2791896313e-03   -1.1386531591e+00
    9.2895496637e-03   -1.1419279575e+00
    9.2997755855e-03   -1.1455157995e+00
    9.3097565696e-03   -1.1491297483e+00
    9.3199815601e-03   -1.1524883509e+00
    9.3295257539e-03   -1.1551527977e+00
    9.3395579606e-03   -1.1579152346e+00
    9.3491980806e-03   -1.1606625319e+00
    9.3598980457e-03   -1.1635409594e+00
    9.3689151108e-03   -1.1658303738e+00
    9.3797715381e-03   -1.1684783697e+00
    9.3892496079e-03   -1.1708406210e+00
    9.3998536468e-03   -1.1738890409e+00
    9.4094937667e-03   -1.1769394875e+00
    9.4197671860e-03   -1.1800754070e+00
    9.4299921766e-03   -1.1826778650e+00
    9.4395363703e-03   -1.1845021248e+00
    9.4495648518e-03   -1.1859096289e+00
    9.4597907737e-03   -1.1869785786e+00
    9.4698192552e-03   -1.1876801252e+00
    9.4794593751e-03   -1.1880997419e+00
    9.4890994951e-03   -1.1883434057e+00
    9.4996551052e-03   -1.1884768009e+00
    9.5091201365e-03   -1.1885334253e+00
    9.5197241753e-03   -1.1884448528e+00
    9.5297154039e-03   -1.1881277561e+00
    9.5399403945e-03   -1.1876889467e+00
    9.5494845882e-03   -1.1870976686e+00
    9.5599209890e-03   -1.1860678196e+00
    9.5694651827e-03   -1.1849950552e+00
    9.5796901733e-03   -1.1838155985e+00
    9.5899160951e-03   -1.1825519800e+00
    9.5994593576e-03   -1.1813893318e+00
    9.6096852794e-03   -1.1803169250e+00
    9.6199102700e-03   -1.1793338060e+00
    9.6294544637e-03   -1.1783887148e+00
    9.6396794543e-03   -1.1774033308e+00
    9.6499053761e-03   -1.1763705015e+00
    9.6594486386e-03   -1.1752588749e+00
    9.6696745604e-03   -1.1740399599e+00
    9.6798995510e-03   -1.1728829145e+00
    9.6894437447e-03   -1.1718225479e+00
    9.6996687353e-03   -1.1707530022e+00
    9.7098946571e-03   -1.1698398590e+00
    9.7194379196e-03   -1.1691256762e+00
    9.7296638414e-03   -1.1685492992e+00
    9.7398888320e-03   -1.1682028770e+00
    9.7494330257e-03   -1.1679971218e+00
    9.7596580163e-03   -1.1678289175e+00
    9.7698839381e-03   -1.1676992178e+00
    9.7796302289e-03   -1.1676160097e+00
    9.7892237827e-03   -1.1676220894e+00
    9.7995484248e-03   -1.1677677631e+00
    9.8091885448e-03   -1.1680306196e+00
    9.8197925836e-03   -1.1683903933e+00
    9.8294327036e-03   -1.1687480211e+00
    9.8390728235e-03   -1.1691324711e+00
    9.8496768624e-03   -1.1695647240e+00
    9.8593169823e-03   -1.1699757576e+00
    9.8699210212e-03   -1.1705144644e+00
    9.8795611411e-03   -1.1710671186e+00
    9.8892012611e-03   -1.1715681553e+00
    9.8998742178e-03   -1.1721056700e+00
    9.9094184116e-03   -1.1726791859e+00
    9.9196434021e-03   -1.1733142138e+00
    9.9299065769e-03   -1.1739310026e+00
    9.9394535646e-03   -1.1745421886e+00
    9.9490936846e-03   -1.1752014160e+00
    9.9596977234e-03   -1.1759276390e+00
    9.9694067612e-03   -1.1765536070e+00
    9.9796326831e-03   -1.1771221161e+00
    9.9898576736e-03   -1.1775959730e+00
    9.9994018674e-03   -1.1779832840e+00
    1.0009626858e-02   -1.1783976555e+00
    1.0019852780e-02   -1.1788402796e+00
    1.0029396042e-02   -1.1792804003e+00
    1.0039621964e-02   -1.1798014641e+00
    1.0049816221e-02   -1.1803517342e+00
    1.0059690103e-02   -1.1808286905e+00
    1.0069915093e-02   -1.1812846661e+00
    1.0079459287e-02   -1.1816874743e+00
    1.0089684278e-02   -1.1821160316e+00
    1.0099596344e-02   -1.1825557947e+00
    1.0109050199e-02   -1.1829729080e+00
    1.0119606741e-02   -1.1834204197e+00
    1.0129831731e-02   -1.1838458776e+00
    1.0139375925e-02   -1.1842424870e+00
    1.0149600916e-02   -1.1846512556e+00
    1.0159826837e-02   -1.1850541830e+00
    1.0169408284e-02   -1.1854439974e+00
    1.0179965757e-02   -1.1858735085e+00
    1.0189512745e-02   -1.1862487793e+00
    1.0199152865e-02   -1.1866291761e+00
    1.0209756903e-02   -1.1871603727e+00
    1.0219397023e-02   -1.1878229380e+00
    1.0229436681e-02   -1.1886125803e+00
    1.0239347816e-02   -1.1893800497e+00
    1.0249813087e-02   -1.1900764704e+00
    1.0259453207e-02   -1.1905761957e+00
    1.0269278660e-02   -1.1909697056e+00
    1.0279547423e-02   -1.1912890673e+00
    1.0289187543e-02   -1.1915287971e+00
    1.0299265385e-02   -1.1917173862e+00
    1.0309373960e-02   -1.1919096708e+00
    1.0319599882e-02   -1.1922899485e+00
    1.0329910554e-02   -1.1929401159e+00
    1.0339550674e-02   -1.1936411858e+00
    1.0349190794e-02   -1.1943793297e+00
    1.0359562933e-02   -1.1951794624e+00
    1.0369203053e-02   -1.1958436966e+00
    1.0379831307e-02   -1.1964932680e+00
    1.0389374569e-02   -1.1970292330e+00
    1.0399637744e-02   -1.1975177526e+00
    1.0409677401e-02   -1.1979734898e+00
    1.0419902392e-02   -1.1985343695e+00
    1.0429446585e-02   -1.1991353035e+00
    1.0439671576e-02   -1.1998459101e+00
    1.0449897498e-02   -1.2006059885e+00
    1.0459440760e-02   -1.2013171911e+00
    1.0469666682e-02   -1.2020617723e+00
    1.0479891673e-02   -1.2028557062e+00
    1.0489435866e-02   -1.2037669420e+00
    1.0499660857e-02   -1.2048285007e+00
    1.0509886779e-02   -1.2058417797e+00
    1.0519430041e-02   -1.2067462206e+00
    1.0529655963e-02   -1.2075873613e+00
    1.0539880954e-02   -1.2082614899e+00
    1.0549425147e-02   -1.2088224888e+00
    1.0559650138e-02   -1.2093430758e+00
    1.0569876060e-02   -1.2097750902e+00
    1.0579419322e-02   -1.2102140188e+00
    1.0589165613e-02   -1.2107473612e+00
    1.0599769652e-02   -1.2114098072e+00
    1.0609409772e-02   -1.2121031284e+00
    1.0619049892e-02   -1.2128756046e+00
    1.0629653931e-02   -1.2137640715e+00
    1.0639294051e-02   -1.2145984173e+00
    1.0649899021e-02   -1.2154976130e+00
    1.0659373365e-02   -1.2162153721e+00
    1.0669599287e-02   -1.2168861628e+00
    1.0679824278e-02   -1.2175070047e+00
    1.0689852759e-02   -1.2181557417e+00
    1.0699961334e-02   -1.2188924551e+00
    1.0709731840e-02   -1.2196767330e+00
    1.0719957761e-02   -1.2204740047e+00
    1.0729712434e-02   -1.2211854458e+00
    1.0739063844e-02   -1.2218644619e+00
    1.0749785230e-02   -1.2226217985e+00
    1.0759328492e-02   -1.2232648134e+00
    1.0769554414e-02   -1.2239449024e+00
    1.0779779404e-02   -1.2246128321e+00
    1.0789323598e-02   -1.2252259254e+00
    1.0799548589e-02   -1.2258665562e+00
    1.0809774511e-02   -1.2264510393e+00
    1.0819999501e-02   -1.2269368172e+00
    1.0829543695e-02   -1.2272746563e+00
    1.0839768685e-02   -1.2275080681e+00
    1.0849993676e-02   -1.2276976109e+00
    1.0859790258e-02   -1.2279379368e+00
    1.0869819671e-02   -1.2281775475e+00
    1.0879459791e-02   -1.2283596992e+00
    1.0889850557e-02   -1.2285133600e+00
    1.0899431072e-02   -1.2285842896e+00
    1.0909577832e-02   -1.2285902500e+00
    1.0919802822e-02   -1.2285636663e+00
    1.0929347016e-02   -1.2285165787e+00
    1.0939609259e-02   -1.2284784317e+00
    1.0949835181e-02   -1.2284610271e+00
    1.0959378444e-02   -1.2284030914e+00
    1.0969604366e-02   -1.2282609940e+00
    1.0979829356e-02   -1.2280192375e+00
    1.0989373550e-02   -1.2276935577e+00
    1.0999598540e-02   -1.2272707224e+00
    1.1009861715e-02   -1.2267942429e+00
    1.1019501835e-02   -1.2263126373e+00
    1.1029141955e-02   -1.2258305550e+00
    1.1039745994e-02   -1.2253202200e+00
    1.1049386114e-02   -1.2248793840e+00
    1.1059990153e-02   -1.2244367599e+00
    1.1069630273e-02   -1.2240906954e+00
    1.1079270393e-02   -1.2238012552e+00
    1.1089874431e-02   -1.2235264778e+00
    1.1099514551e-02   -1.2232871056e+00
    1.1109154671e-02   -1.2230352163e+00
    1.1119758710e-02   -1.2227271795e+00
    1.1129398830e-02   -1.2224208117e+00
    1.1139038950e-02   -1.2221022844e+00
    1.1149642989e-02   -1.2217537165e+00
    1.1159682646e-02   -1.2214379311e+00
    1.1169908568e-02   -1.2211323977e+00
    1.1179451831e-02   -1.2208706141e+00
    1.1189677753e-02   -1.2206363678e+00
    1.1199902743e-02   -1.2204478979e+00
    1.1209446937e-02   -1.2203035355e+00
    1.1219671927e-02   -1.2201670408e+00
    1.1229896918e-02   -1.2200349569e+00
    1.1239441112e-02   -1.2199062109e+00
    1.1249869131e-02   -1.2197409868e+00
    1.1259732768e-02   -1.2195527554e+00
    1.1269372888e-02   -1.2193337679e+00
    1.1279128492e-02   -1.2190685272e+00
    1.1289675720e-02   -1.2187190056e+00
    1.1299315840e-02   -1.2183589935e+00
    1.1309919879e-02   -1.2179467678e+00
    1.1319959536e-02   -1.2175533772e+00
    1.1329502799e-02   -1.2171858549e+00
    1.1339132674e-02   -1.2168323994e+00
    1.1349736713e-02   -1.2164726257e+00
    1.1359376833e-02   -1.2161620855e+00
    1.1369884014e-02   -1.2158231735e+00
    1.1379428208e-02   -1.2155078650e+00
    1.1389653198e-02   -1.2151609659e+00
    1.1399879120e-02   -1.2147927284e+00
    1.1409422383e-02   -1.2144137621e+00
    1.1419648305e-02   -1.2139569521e+00
    1.1429873295e-02   -1.2134333849e+00
    1.1439338326e-02   -1.2128862143e+00
    1.1449484155e-02   -1.2122474909e+00
    1.1459806003e-02   -1.2115663290e+00
    1.1469349265e-02   -1.2109231949e+00
    1.1479943059e-02   -1.2102012634e+00
    1.1489583179e-02   -1.2095512152e+00
    1.1499223299e-02   -1.2089114189e+00
    1.1509827338e-02   -1.2082149982e+00
    1.1519467458e-02   -1.2075784206e+00
    1.1529692449e-02   -1.2068884373e+00
    1.1539721861e-02   -1.2061823606e+00
    1.1549185961e-02   -1.2054805756e+00
    1.1559790000e-02   -1.2046508789e+00
    1.1569430120e-02   -1.2038595676e+00
    1.1579070240e-02   -1.2030448914e+00
    1.1589674279e-02   -1.2021379471e+00
    1.1599314399e-02   -1.2013179064e+00
    1.1609987356e-02   -1.2004283667e+00
    1.1619530618e-02   -1.1996467113e+00
    1.1629824527e-02   -1.1988234520e+00
    1.1639368720e-02   -1.1980762482e+00
    1.1649593711e-02   -1.1972832680e+00
    1.1659819633e-02   -1.1964951754e+00
    1.1669362895e-02   -1.1957620382e+00
    1.1679800227e-02   -1.1949638128e+00
    1.1689343490e-02   -1.1942341328e+00
    1.1699207127e-02   -1.1934731007e+00
    1.1709811166e-02   -1.1926410198e+00
    1.1719451286e-02   -1.1918675900e+00
    1.1729091406e-02   -1.1910710335e+00
    1.1739930138e-02   -1.1901434660e+00
    1.1749473400e-02   -1.1893029213e+00
    1.1759736575e-02   -1.1883800030e+00
    1.1769376695e-02   -1.1875089407e+00
    1.1779980734e-02   -1.1865583658e+00
    1.1789620854e-02   -1.1856924295e+00
    1.1799260974e-02   -1.1848214865e+00
    1.1809865013e-02   -1.1838439703e+00
    1.1819477193e-02   -1.1829563379e+00
    1.1829884723e-02   -1.1820245981e+00
    1.1839524843e-02   -1.1811696291e+00
    1.1849846691e-02   -1.1802810431e+00
    1.1859390885e-02   -1.1794992685e+00
    1.1869615875e-02   -1.1786574125e+00
    1.1879841797e-02   -1.1778160334e+00
    1.1889423244e-02   -1.1770440340e+00
    1.1899063364e-02   -1.1762833595e+00
    1.1909667403e-02   -1.1754685640e+00
    1.1919307522e-02   -1.1747407913e+00
    1.1929911561e-02   -1.1739735603e+00
    1.1939950287e-02   -1.1733056307e+00
    1.1949494481e-02   -1.1727223396e+00
    1.1959719472e-02   -1.1721529961e+00
    1.1969945394e-02   -1.1716291904e+00
    1.1979488656e-02   -1.1711521149e+00
    1.1989714578e-02   -1.1706423759e+00
    1.1999939568e-02   -1.1701178551e+00
    1.2009483762e-02   -1.1696091890e+00
    1.2019708753e-02   -1.1690587997e+00
    1.2029934675e-02   -1.1684767008e+00
    1.2039477937e-02   -1.1679244041e+00
    1.2049703859e-02   -1.1673761606e+00
    1.2059928849e-02   -1.1668436527e+00
    1.2069473043e-02   -1.1663299799e+00
    1.2079698034e-02   -1.1657680273e+00
    1.2089727446e-02   -1.1651912928e+00
    1.2099952437e-02   -1.1645969152e+00
    1.2109496631e-02   -1.1640666723e+00
    1.2119721621e-02   -1.1635044813e+00
    1.2129947543e-02   -1.1629436016e+00
    1.2139490806e-02   -1.1624464989e+00
    1.2149716727e-02   -1.1619309187e+00
    1.2159941718e-02   -1.1614110470e+00
    1.2169485912e-02   -1.1609125137e+00
    1.2179710902e-02   -1.1603269577e+00
    1.2189936824e-02   -1.1596920490e+00
    1.2199480087e-02   -1.1590844393e+00
    1.2209706008e-02   -1.1584475040e+00
    1.2219930999e-02   -1.1578558683e+00
    1.2229475193e-02   -1.1573057175e+00
    1.2239700183e-02   -1.1566756964e+00
    1.2249926105e-02   -1.1560499668e+00
    1.2259469368e-02   -1.1554821730e+00
    1.2269695289e-02   -1.1548897028e+00
    1.2279920280e-02   -1.1543300152e+00
    1.2289464474e-02   -1.1538196802e+00
    1.2299689464e-02   -1.1532825232e+00
    1.2309915386e-02   -1.1527849436e+00
    1.2319458649e-02   -1.1523482800e+00
    1.2329684570e-02   -1.1518851519e+00
    1.2339909561e-02   -1.1514269114e+00
    1.2349453755e-02   -1.1510062218e+00
    1.2359678745e-02   -1.1505635977e+00
    1.2369904667e-02   -1.1501350403e+00
    1.2379447930e-02   -1.1497484446e+00
    1.2389673851e-02   -1.1493383646e+00
    1.2399898842e-02   -1.1489236355e+00
    1.2409443036e-02   -1.1485375166e+00
    1.2419668026e-02   -1.1481291056e+00
    1.2429893948e-02   -1.1477122307e+00
    1.2439437211e-02   -1.1473013163e+00
    1.2449631467e-02   -1.1468336582e+00
    1.2459271587e-02   -1.1463638544e+00
    1.2469992973e-02   -1.1458096504e+00
    1.2479536235e-02   -1.1452878714e+00
    1.2489762157e-02   -1.1446965933e+00
    1.2499987148e-02   -1.1440482140e+00
    1.2509451248e-02   -1.1433539391e+00
    1.2519091368e-02   -1.1425845623e+00
    1.2529695407e-02   -1.1416859627e+00
    1.2539852411e-02   -1.1407785416e+00
    1.2549395673e-02   -1.1399271488e+00
    1.2559621595e-02   -1.1390043497e+00
    1.2569846585e-02   -1.1380543709e+00
    1.2579390779e-02   -1.1371382475e+00
    1.2589615770e-02   -1.1360776424e+00
    1.2599841692e-02   -1.1349205971e+00
    1.2609384954e-02   -1.1337337494e+00
    1.2619610876e-02   -1.1323456764e+00
    1.2629835866e-02   -1.1309057474e+00
    1.2639380060e-02   -1.1295353174e+00
    1.2649605051e-02   -1.1280804873e+00
    1.2659830973e-02   -1.1267139912e+00
    1.2669374235e-02   -1.1254732609e+00
    1.2679600157e-02   -1.1241409779e+00
    1.2689825147e-02   -1.1228532791e+00
    1.2699369341e-02   -1.1216638088e+00
    1.2709594332e-02   -1.1203434467e+00
    1.2719820254e-02   -1.1189979315e+00
    1.2729363516e-02   -1.1177258492e+00
    1.2739589438e-02   -1.1163398027e+00
    1.2749814428e-02   -1.1149332523e+00
    1.2759358622e-02   -1.1135864258e+00
    1.2769583613e-02   -1.1121557951e+00
    1.2779809535e-02   -1.1107668877e+00
    1.2789352797e-02   -1.1094948053e+00
    1.2799578719e-02   -1.1081665754e+00
    1.2809803709e-02   -1.1067757607e+00
    1.2819347903e-02   -1.1053729057e+00
    1.2829572894e-02   -1.1038701534e+00
    1.2839798816e-02   -1.1023806334e+00
    1.2849342078e-02   -1.1009900570e+00
    1.2859568000e-02   -1.0995421410e+00
    1.2869792990e-02   -1.0980900526e+00
    1.2879092246e-02   -1.0967537165e+00
    1.2889696285e-02   -1.0952748060e+00
    1.2899336405e-02   -1.0939406157e+00
    1.2909940444e-02   -1.0924223661e+00
    1.2919580564e-02   -1.0910164118e+00
    1.2929220684e-02   -1.0896098614e+00
    1.2939824723e-02   -1.0880761147e+00
    1.2949464843e-02   -1.0867019892e+00
    1.2959104963e-02   -1.0853434801e+00
    1.2969709001e-02   -1.0838550329e+00
    1.2979349121e-02   -1.0825006962e+00
    1.2989953160e-02   -1.0810241699e+00
    1.2999593280e-02   -1.0796959400e+00
    1.3009984046e-02   -1.0782554150e+00
    1.3019527309e-02   -1.0769010782e+00
    1.3029753231e-02   -1.0754195452e+00
    1.3039978221e-02   -1.0739144087e+00
    1.3049522415e-02   -1.0724586248e+00
    1.3058966026e-02   -1.0709695816e+00
    1.3069381937e-02   -1.0693366528e+00
    1.3079607859e-02   -1.0677288771e+00
    1.3089832850e-02   -1.0660938025e+00
    1.3099377044e-02   -1.0645977259e+00
    1.3109289110e-02   -1.0630543232e+00
    1.3119227253e-02   -1.0614738464e+00
    1.3129831292e-02   -1.0598155260e+00
    1.3139657676e-02   -1.0582609177e+00
    1.3149412349e-02   -1.0566906929e+00
    1.3159347698e-02   -1.0551675558e+00
    1.3169572689e-02   -1.0536794662e+00
    1.3179798611e-02   -1.0522271395e+00
    1.3189341873e-02   -1.0508869886e+00
    1.3199567795e-02   -1.0493764877e+00
    1.3209792785e-02   -1.0477950573e+00
    1.3219336979e-02   -1.0463299751e+00
    1.3229561970e-02   -1.0447770357e+00
    1.3239787892e-02   -1.0432746410e+00
    1.3249331154e-02   -1.0419281721e+00
    1.3259557076e-02   -1.0405050516e+00
    1.3269782066e-02   -1.0391250849e+00
    1.3279326260e-02   -1.0378756523e+00
    1.3289551251e-02   -1.0365238190e+00
    1.3299777173e-02   -1.0351580381e+00
    1.3309320435e-02   -1.0338706970e+00
    1.3319546357e-02   -1.0324205160e+00
    1.3329771347e-02   -1.0309265852e+00
    1.3339997269e-02   -1.0294544697e+00
    1.3349540532e-02   -1.0280799866e+00
    1.3359766454e-02   -1.0265772343e+00
    1.3369991444e-02   -1.0250539780e+00
    1.3379535638e-02   -1.0236624479e+00
    1.3389760628e-02   -1.0222262144e+00
    1.3399986550e-02   -1.0208441019e+00
    1.3409529813e-02   -1.0195337534e+00
    1.3419755735e-02   -1.0180257559e+00
    1.3429980725e-02   -1.0164740086e+00
    1.3439524919e-02   -1.0150593519e+00
    1.3449749909e-02   -1.0135762691e+00
    1.3459730893e-02   -1.0121505260e+00
    1.3469371013e-02   -1.0107692480e+00
    1.3479692861e-02   -1.0092873573e+00
    1.3489917852e-02   -1.0078537464e+00
    1.3499462046e-02   -1.0065628290e+00
    1.3509772718e-02   -1.0052167177e+00
    1.3519412838e-02   -1.0039737225e+00
    1.3529734686e-02   -1.0026187897e+00
    1.3539960608e-02   -1.0012737513e+00
    1.3549503870e-02   -1.0000531673e+00
    1.3559815474e-02   -9.9874788523e-01
    1.3569874689e-02   -9.9748808146e-01
    1.3579319231e-02   -9.9630844593e-01
    1.3589356095e-02   -9.9505072832e-01
    1.3599690050e-02   -9.9377626181e-01
    1.3609915972e-02   -9.9252814054e-01
    1.3619145378e-02   -9.9138480425e-01
    1.3629750349e-02   -9.9009501934e-01
    1.3639975339e-02   -9.8890459538e-01
    1.3649322093e-02   -9.8782747984e-01
    1.3659927063e-02   -9.8659217358e-01
    1.3669566251e-02   -9.8545205593e-01
    1.3679206371e-02   -9.8432582617e-01
    1.3689996675e-02   -9.8308694363e-01
    1.3699612580e-02   -9.8199826479e-01
    1.3709424064e-02   -9.8092240095e-01
    1.3719064184e-02   -9.7987371683e-01
    1.3729668222e-02   -9.7871601582e-01
    1.3739859685e-02   -9.7761398554e-01
    1.3749499805e-02   -9.7656577826e-01
    1.3759139925e-02   -9.7550982237e-01
    1.3769743964e-02   -9.7435712814e-01
    1.3779683039e-02   -9.7325408459e-01
    1.3789323159e-02   -9.7211718559e-01
    1.3799059205e-02   -9.7093945742e-01
    1.3809664175e-02   -9.6963799000e-01
    1.3819489628e-02   -9.6837800741e-01
    1.3829353265e-02   -9.6712321043e-01
    1.3839957304e-02   -9.6582347155e-01
    1.3849597424e-02   -9.6464115381e-01
    1.3859237544e-02   -9.6343708038e-01
    1.3869841583e-02   -9.6208494902e-01
    1.3879481703e-02   -9.6085572243e-01
    1.3889121823e-02   -9.5965045691e-01
    1.3899725862e-02   -9.5834887028e-01
    1.3909365982e-02   -9.5713037252e-01
    1.3919970021e-02   -9.5573520660e-01
    1.3929610141e-02   -9.5448189974e-01
    1.3939250261e-02   -9.5324134827e-01
    1.3949572109e-02   -9.5190119743e-01
    1.3959798031e-02   -9.5057368279e-01
    1.3969341293e-02   -9.4933062792e-01
    1.3979567215e-02   -9.4797909260e-01
    1.3989995234e-02   -9.4658595324e-01
    1.3999635354e-02   -9.4528830051e-01
    1.4009275474e-02   -9.4396245480e-01
    1.4019879512e-02   -9.4248205423e-01
    1.4029519632e-02   -9.4114398956e-01
    1.4039159752e-02   -9.3982315063e-01
    1.4049763791e-02   -9.3837940693e-01
    1.4059403911e-02   -9.3705946207e-01
    1.4069044031e-02   -9.3574857712e-01
    1.4079648070e-02   -9.3432074785e-01
    1.4089288190e-02   -9.3302279711e-01
    1.4099892229e-02   -9.3160367012e-01
    1.4109532349e-02   -9.3031346798e-01
    1.4119757339e-02   -9.2894035578e-01
    1.4129903167e-02   -9.2759042978e-01
    1.4139543287e-02   -9.2630827427e-01
    1.4149817638e-02   -9.2488974333e-01
    1.4159360901e-02   -9.2353397608e-01
    1.4169586822e-02   -9.2209035158e-01
    1.4179215766e-02   -9.2073571682e-01
    1.4189819805e-02   -9.1926115751e-01
    1.4199459925e-02   -9.1793388128e-01
    1.4209904708e-02   -9.1647934914e-01
    1.4219496399e-02   -9.1512912512e-01
    1.4229360037e-02   -9.1374313831e-01
    1.4239965007e-02   -9.1225051880e-01
    1.4249605127e-02   -9.1088432074e-01
    1.4259244315e-02   -9.0951216221e-01
    1.4269849285e-02   -9.0798091888e-01
    1.4279488474e-02   -9.0657263994e-01
    1.4289808460e-02   -9.0507346392e-01
    1.4299850911e-02   -9.0362256765e-01
    1.4309326187e-02   -9.0224832296e-01
    1.4319754206e-02   -9.0071976185e-01
    1.4329394326e-02   -8.9929169416e-01
    1.4339998364e-02   -8.9769351482e-01
    1.4349638484e-02   -8.9622986317e-01
    1.4359278604e-02   -8.9476358891e-01
    1.4369882643e-02   -8.9315009117e-01
    1.4379591681e-02   -8.9167708158e-01
    1.4389903285e-02   -8.9011859894e-01
    1.4399777167e-02   -8.8863551617e-01
    1.4409321360e-02   -8.8720351458e-01
    1.4419632033e-02   -8.8566195965e-01
    1.4429272152e-02   -8.8423472643e-01
    1.4439429156e-02   -8.8274407387e-01
    1.4449865557e-02   -8.8120961189e-01
    1.4459448867e-02   -8.7980121374e-01
    1.4469088987e-02   -8.7839108706e-01
    1.4479693025e-02   -8.7684816122e-01
    1.4489333145e-02   -8.7542831898e-01
    1.4499937184e-02   -8.7383383512e-01
    1.4509577304e-02   -8.7239754200e-01
    1.4519217424e-02   -8.7098103762e-01
    1.4529408887e-02   -8.6947840452e-01
    1.4539144002e-02   -8.6804014444e-01
    1.4549843036e-02   -8.6644637585e-01
    1.4559483156e-02   -8.6497837305e-01
    1.4569123276e-02   -8.6349952221e-01
    1.4579727314e-02   -8.6188685894e-01
    1.4589367434e-02   -8.6041510105e-01
    1.4599971473e-02   -8.5877329111e-01
    1.4609515667e-02   -8.5722857714e-01
    1.4619740658e-02   -8.5539072752e-01
    1.4629934914e-02   -8.5361099243e-01
    1.4639575034e-02   -8.5200899839e-01
    1.4649215154e-02   -8.5041189194e-01
    1.4659819193e-02   -8.4864586592e-01
    1.4669459313e-02   -8.4701675177e-01
    1.4679333195e-02   -8.4534490108e-01
    1.4689627104e-02   -8.4360551834e-01
    1.4699071646e-02   -8.4201109409e-01
    1.4709675685e-02   -8.4025090933e-01
    1.4719448984e-02   -8.3864384890e-01
    1.4729674906e-02   -8.3695328236e-01
    1.4739606529e-02   -8.3528834581e-01
    1.4749894850e-02   -8.3356499672e-01
    1.4759627171e-02   -8.3195865154e-01
    1.4769359492e-02   -8.3040207624e-01
    1.4779740945e-02   -8.2874703407e-01
    1.4789856039e-02   -8.2712191343e-01
    1.4799496159e-02   -8.2557648420e-01
    1.4809604734e-02   -8.2394248247e-01
    1.4819829725e-02   -8.2227391005e-01
    1.4829373918e-02   -8.2071465254e-01
    1.4839598909e-02   -8.1905192137e-01
    1.4849824831e-02   -8.1740617752e-01
    1.4859736897e-02   -8.1581676006e-01
    1.4869377017e-02   -8.1426733732e-01
    1.4879981056e-02   -8.1255745888e-01
    1.4889361337e-02   -8.1104588509e-01
    1.4899741858e-02   -8.0938553810e-01
    1.4909474179e-02   -8.0785268545e-01
    1.4919552952e-02   -8.0628842115e-01
    1.4929193072e-02   -8.0480098724e-01
    1.4939797111e-02   -8.0315196514e-01
    1.4949437231e-02   -8.0163717270e-01
    1.4959827997e-02   -7.9999130964e-01
    1.4969371259e-02   -7.9850316048e-01
    1.4979597181e-02   -7.9695075750e-01
    1.4989822172e-02   -7.9541045427e-01
    1.4999803156e-02   -7.9389667511e-01
    1.5009443276e-02   -7.9240709543e-01
    1.5019083396e-02   -7.9089671373e-01
    1.5029522590e-02   -7.8925269842e-01
    1.5039747581e-02   -7.8762865067e-01
    1.5049728565e-02   -7.8605037928e-01
    1.5059368685e-02   -7.8454446793e-01
    1.5069972724e-02   -7.8287261724e-01
    1.5079612844e-02   -7.8131830692e-01
    1.5089252964e-02   -7.7972060442e-01
    1.5099857002e-02   -7.7794981003e-01
    1.5109497122e-02   -7.7635061741e-01
    1.5119137242e-02   -7.7475756407e-01
    1.5129741281e-02   -7.7300554514e-01
    1.5139381401e-02   -7.7140170336e-01
    1.5149985440e-02   -7.6961356401e-01
    1.5159625560e-02   -7.6796859503e-01
    1.5169265680e-02   -7.6631325483e-01
    1.5179869719e-02   -7.6448273659e-01
    1.5189509839e-02   -7.6281523705e-01
    1.5199953690e-02   -7.6101565361e-01
    1.5209388919e-02   -7.5938647985e-01
    1.5219992958e-02   -7.5754177570e-01
    1.5229633078e-02   -7.5585621595e-01
    1.5239273198e-02   -7.5415921211e-01
    1.5249877237e-02   -7.5228375196e-01
    1.5259517357e-02   -7.5057572126e-01
    1.5269157477e-02   -7.4886065722e-01
    1.5279761516e-02   -7.4696773291e-01
    1.5289401636e-02   -7.4524319172e-01
    1.5299041755e-02   -7.4351251125e-01
    1.5309943818e-02   -7.4154424667e-01
    1.5319583938e-02   -7.3979663849e-01
    1.5329224057e-02   -7.3804563284e-01
    1.5339828096e-02   -7.3611456156e-01
    1.5349468216e-02   -7.3435765505e-01
    1.5359108336e-02   -7.3259055614e-01
    1.5369781293e-02   -7.3060274124e-01
    1.5379325487e-02   -7.2881668806e-01
    1.5389550477e-02   -7.2689747810e-01
    1.5399776399e-02   -7.2496867180e-01
    1.5409319662e-02   -7.2323024273e-01
    1.5419545583e-02   -7.2151494026e-01
    1.5429981984e-02   -7.1970832348e-01
    1.5439153649e-02   -7.1802717447e-01
    1.5449092723e-02   -7.1617472172e-01
    1.5459696762e-02   -7.1416556835e-01
    1.5469336882e-02   -7.1232008934e-01
    1.5479893424e-02   -7.1028691530e-01
    1.5489436686e-02   -7.0843803883e-01
    1.5499662608e-02   -7.0645177364e-01
    1.5509887598e-02   -7.0445436239e-01
    1.5519431792e-02   -7.0256662369e-01
    1.5529656783e-02   -7.0051336288e-01
    1.5539882705e-02   -6.9843471050e-01
    1.5549493954e-02   -6.9646418095e-01
    1.5559902415e-02   -6.9431620836e-01
    1.5569542535e-02   -6.9230872393e-01
    1.5579182655e-02   -6.9027334452e-01
    1.5589786693e-02   -6.8800204992e-01
    1.5599426813e-02   -6.8591332436e-01
    1.5609066933e-02   -6.8381190300e-01
    1.5619670972e-02   -6.8148368597e-01
    1.5629310161e-02   -6.7934757471e-01
    1.5639914200e-02   -6.7698162794e-01
    1.5649555251e-02   -6.7482888699e-01
    1.5659287572e-02   -6.7266678810e-01
    1.5669891611e-02   -6.7032688856e-01
    1.5679532662e-02   -6.6821062565e-01
    1.5689171851e-02   -6.6610050201e-01
    1.5699615702e-02   -6.6381329298e-01
    1.5709256753e-02   -6.6170531511e-01
    1.5719860792e-02   -6.5939909220e-01
    1.5729499981e-02   -6.5731793642e-01
    1.5739141032e-02   -6.5525549650e-01
    1.5749745071e-02   -6.5300607681e-01
    1.5759384260e-02   -6.5097641945e-01
    1.5769941732e-02   -6.4877712727e-01
    1.5779303387e-02   -6.4684969187e-01
    1.5789907426e-02   -6.4469450712e-01
    1.5799501911e-02   -6.4277404547e-01
    1.5809826553e-02   -6.4071494341e-01
    1.5819465742e-02   -6.3879215717e-01
    1.5829691663e-02   -6.3679373264e-01
    1.5839917585e-02   -6.3485628366e-01
    1.5849461779e-02   -6.3307762146e-01
    1.5859160572e-02   -6.3127207756e-01
    1.5869626775e-02   -6.2931054831e-01
    1.5879383311e-02   -6.2747156620e-01
    1.5889609233e-02   -6.2555676699e-01
    1.5899833292e-02   -6.2370872498e-01
    1.5909377486e-02   -6.2204581499e-01
    1.5919603407e-02   -6.2027823925e-01
    1.5929829329e-02   -6.1852312088e-01
    1.5939371660e-02   -6.1692017317e-01
    1.5949597582e-02   -6.1524087191e-01
    1.5959823504e-02   -6.1360931396e-01
    1.5969367698e-02   -6.1213666201e-01
    1.5979591757e-02   -6.1060571671e-01
    1.5989817679e-02   -6.0913378000e-01
    1.5999361873e-02   -6.0777831078e-01
    1.6009587795e-02   -6.0633701086e-01
    1.6019811854e-02   -6.0495811701e-01
    1.6029356048e-02   -6.0370957851e-01
    1.6039581969e-02   -6.0240161419e-01
    1.6049807891e-02   -6.0113114119e-01
    1.6059350222e-02   -5.9996986389e-01
    1.6069576144e-02   -5.9874969721e-01
    1.6079669818e-02   -5.9757441282e-01
    1.6089402139e-02   -5.9647077322e-01
    1.6099628061e-02   -5.9534037113e-01
    1.6109853983e-02   -5.9421837330e-01
    1.6119608656e-02   -5.9312683344e-01
    1.6129991040e-02   -5.9197330475e-01
    1.6139535233e-02   -5.9088790417e-01
    1.6149759293e-02   -5.8964705467e-01
    1.6159985214e-02   -5.8849704266e-01
    1.6169529408e-02   -5.8751946688e-01
    1.6179753467e-02   -5.8650702238e-01
    1.6189979389e-02   -5.8553683758e-01
    1.6199523583e-02   -5.8465874195e-01
    1.6209749505e-02   -5.8372920752e-01
    1.6219973564e-02   -5.8280360699e-01
    1.6229517758e-02   -5.8194422722e-01
    1.6239743680e-02   -5.8103799820e-01
    1.6249969602e-02   -5.8015525341e-01
    1.6259511933e-02   -5.7935035229e-01
    1.6269737855e-02   -5.7850694656e-01
    1.6279963776e-02   -5.7768756151e-01
    1.6289507970e-02   -5.7694107294e-01
    1.6299732029e-02   -5.7615536451e-01
    1.6309957951e-02   -5.7538747787e-01
    1.6319502145e-02   -5.7468897104e-01
    1.6329728067e-02   -5.7395654917e-01
    1.6339952126e-02   -5.7323551178e-01
    1.6349496320e-02   -5.7257187366e-01
    1.6359722242e-02   -5.7187378407e-01
    1.6369948164e-02   -5.7119226456e-01
    1.6379490495e-02   -5.7057082653e-01
    1.6389716417e-02   -5.6991654634e-01
    1.6399942338e-02   -5.6927371025e-01
    1.6409486532e-02   -5.6868696213e-01
    1.6419710591e-02   -5.6807398796e-01
    1.6429936513e-02   -5.6747877598e-01
    1.6439480707e-02   -5.6693881750e-01
    1.6449706629e-02   -5.6637382507e-01
    1.6459930688e-02   -5.6581872702e-01
    1.6469474882e-02   -5.6530827284e-01
    1.6479767859e-02   -5.6477129459e-01
    1.6489563510e-02   -5.6426584721e-01
    1.6499789432e-02   -5.6372052431e-01
    1.6509333625e-02   -5.6321310997e-01
    1.6519559547e-02   -5.6270378828e-01
    1.6529822722e-02   -5.6221735477e-01
    1.6539461911e-02   -5.6177580357e-01
    1.6549102962e-02   -5.6134903431e-01
    1.6559492797e-02   -5.6089979410e-01
    1.6569718719e-02   -5.6047016382e-01
    1.6579942778e-02   -5.6005674601e-01
    1.6589486971e-02   -5.5967748165e-01
    1.6599712893e-02   -5.5926847458e-01
    1.6609624028e-02   -5.5886852741e-01
    1.6619265079e-02   -5.5848270655e-01
    1.6629537567e-02   -5.5808365345e-01
    1.6639763489e-02   -5.5770272017e-01
    1.6649376601e-02   -5.5736076832e-01
    1.6659818590e-02   -5.5698251724e-01
    1.6669457778e-02   -5.5662065744e-01
    1.6679098830e-02   -5.5626791716e-01
    1.6689419746e-02   -5.5590027571e-01
    1.6699645668e-02   -5.5554193258e-01
    1.6709871590e-02   -5.5519729853e-01
    1.6719100997e-02   -5.5487078428e-01
    1.6729608178e-02   -5.5447083712e-01
    1.6739834100e-02   -5.5409449339e-01
    1.6749378294e-02   -5.5374997854e-01
    1.6759604216e-02   -5.5337023735e-01
    1.6769828275e-02   -5.5299311876e-01
    1.6779128462e-02   -5.5264604092e-01
    1.6789732501e-02   -5.5224424601e-01
    1.6799606383e-02   -5.5187791586e-01
    1.6809832305e-02   -5.5149811506e-01
    1.6819374636e-02   -5.5113601685e-01
    1.6829637811e-02   -5.5073744059e-01
    1.6839278862e-02   -5.5034637451e-01
    1.6849882901e-02   -5.4989266396e-01
    1.6859157011e-02   -5.4947954416e-01
    1.6868889332e-02   -5.4903298616e-01
    1.6879839823e-02   -5.4852831364e-01
    1.6889574006e-02   -5.4809165001e-01
    1.6899306327e-02   -5.4766291380e-01
    1.6909040511e-02   -5.4723834991e-01
    1.6919989139e-02   -5.4673171043e-01
    1.6929723322e-02   -5.4623144865e-01
    1.6939455643e-02   -5.4571205378e-01
    1.6949187964e-02   -5.4518795013e-01
    1.6958922148e-02   -5.4466533661e-01
    1.6969870776e-02   -5.4410147667e-01
    1.6979604959e-02   -5.4361331463e-01
    1.6989337280e-02   -5.4312342405e-01
    1.6999069601e-02   -5.4263126850e-01
    1.7008801922e-02   -5.4210716486e-01
    1.7019752413e-02   -5.4147183895e-01
    1.7029484734e-02   -5.4090029001e-01
    1.7039217055e-02   -5.4032677412e-01
    1.7048951238e-02   -5.3975605965e-01
    1.7059899867e-02   -5.3913295269e-01
    1.7069632187e-02   -5.3858941793e-01
    1.7079364508e-02   -5.3803604841e-01
    1.7089096829e-02   -5.3746992350e-01
    1.7098829150e-02   -5.3691822290e-01
    1.7109779641e-02   -5.3627926111e-01
    1.7119850963e-02   -5.3566366434e-01
    1.7129957676e-02   -5.3507220745e-01
    1.7139771953e-02   -5.3452026844e-01
    1.7149383202e-02   -5.3400182724e-01
    1.7159631476e-02   -5.3351211548e-01
    1.7169510946e-02   -5.3306841850e-01
    1.7179191113e-02   -5.3262811899e-01
    1.7189692706e-02   -5.3215736151e-01
    1.7199996859e-02   -5.3170889616e-01
    1.7209358513e-02   -5.3130280972e-01
    1.7219450325e-02   -5.3080761433e-01
    1.7229806632e-02   -5.3028410673e-01
    1.7239538953e-02   -5.2982723713e-01
    1.7249271274e-02   -5.2938771248e-01
    1.7259884626e-02   -5.2898108959e-01
    1.7269497737e-02   -5.2877813578e-01
    1.7279399559e-02   -5.2860093117e-01
    1.7289131880e-02   -5.2832067013e-01
    1.7299322411e-02   -5.2798974514e-01
    1.7309926450e-02   -5.2762258053e-01
    1.7319567502e-02   -5.2728569508e-01
    1.7329206690e-02   -5.2696168423e-01
    1.7339145765e-02   -5.2663391829e-01
    1.7348878086e-02   -5.2629601955e-01
    1.7359826714e-02   -5.2589339018e-01
    1.7369559035e-02   -5.2554130554e-01
    1.7379291356e-02   -5.2519053221e-01
    1.7389023677e-02   -5.2484118938e-01
    1.7399972305e-02   -5.2446091175e-01
    1.7409704626e-02   -5.2413743734e-01
    1.7419159412e-02   -5.2383381128e-01
    1.7429251224e-02   -5.2351516485e-01
    1.7439343035e-02   -5.2320021391e-01
    1.7449667677e-02   -5.2288115025e-01
    1.7459308729e-02   -5.2258622646e-01
    1.7469912767e-02   -5.2226662636e-01
    1.7479551956e-02   -5.2197921276e-01
    1.7489193007e-02   -5.2169507742e-01
    1.7499797046e-02   -5.2138954401e-01
    1.7509987578e-02   -5.2110427618e-01
    1.7519719899e-02   -5.2084165812e-01
    1.7529452220e-02   -5.2058845758e-01
    1.7539476976e-02   -5.2033978701e-01
    1.7549702898e-02   -5.2010250092e-01
    1.7559928820e-02   -5.1988250017e-01
    1.7569473013e-02   -5.1969128847e-01
    1.7578907311e-02   -5.1951336861e-01
    1.7589855939e-02   -5.1930528879e-01
    1.7599588260e-02   -5.1911884546e-01
    1.7609320581e-02   -5.1894116402e-01
    1.7619052902e-02   -5.1878190041e-01
    1.7628785223e-02   -5.1864337921e-01
    1.7639733851e-02   -5.1850754023e-01
    1.7649466172e-02   -5.1840168238e-01
    1.7659198493e-02   -5.1830863953e-01
    1.7668930814e-02   -5.1822572947e-01
    1.7679879442e-02   -5.1814484596e-01
    1.7689611763e-02   -5.1808631420e-01
    1.7699342221e-02   -5.1804077625e-01
    1.7709380016e-02   -5.1800984144e-01
    1.7719458789e-02   -5.1800036430e-01
    1.7729684711e-02   -5.1796901226e-01
    1.7739908770e-02   -5.1791512966e-01
    1.7749235034e-02   -5.1790112257e-01
    1.7759326845e-02   -5.1792782545e-01
    1.7769418657e-02   -5.1798546314e-01
    1.7779603601e-02   -5.1807832718e-01
    1.7789229751e-02   -5.1817154884e-01
    1.7798962072e-02   -5.1826244593e-01
    1.7809910700e-02   -5.1838070154e-01
    1.7819549888e-02   -5.1849567890e-01
    1.7828823999e-02   -5.1860541105e-01
    1.7839772627e-02   -5.1876825094e-01
    1.7849918455e-02   -5.1893073320e-01
    1.7859557644e-02   -5.1908379793e-01
    1.7869794741e-02   -5.1925945282e-01
    1.7879873514e-02   -5.1938569546e-01
    1.7889067531e-02   -5.1931107044e-01
    1.7898799852e-02   -5.1932770014e-01
    1.7909748480e-02   -5.1945888996e-01
    1.7919737846e-02   -5.1961523294e-01
    1.7928855494e-02   -5.1980429888e-01
    1.7939617857e-02   -5.2000409365e-01
    1.7949869856e-02   -5.2019250393e-01
    1.7959624529e-02   -5.2038943768e-01
    1.7969919369e-02   -5.2060097456e-01
    1.7979700118e-02   -5.2083694935e-01
    1.7989629880e-02   -5.2110302448e-01
    1.7999311909e-02   -5.2137994766e-01
    1.8009589985e-02   -5.2166920900e-01
    1.8019814044e-02   -5.2195650339e-01
    1.8029689789e-02   -5.2223467827e-01
    1.8039422110e-02   -5.2250409126e-01
    1.8049154431e-02   -5.2277886868e-01
    1.8059533089e-02   -5.2307146788e-01
    1.8069569021e-02   -5.2333855629e-01
    1.8079301342e-02   -5.2359259129e-01
    1.8089439720e-02   -5.2385741472e-01
    1.8099820241e-02   -5.2414691448e-01
    1.8109869212e-02   -5.2444928885e-01
    1.8119601533e-02   -5.2473622561e-01
    1.8129333854e-02   -5.2501070499e-01
    1.8139066175e-02   -5.2529364824e-01
    1.8148798496e-02   -5.2558737993e-01
    1.8159747124e-02   -5.2591073513e-01
    1.8169479445e-02   -5.2618747950e-01
    1.8179211766e-02   -5.2645933628e-01
    1.8188942224e-02   -5.2672731876e-01
    1.8199892715e-02   -5.2702367306e-01
    1.8209625036e-02   -5.2728658915e-01
    1.8219357356e-02   -5.2755439281e-01
    1.8229089677e-02   -5.2782565355e-01
    1.8238821998e-02   -5.2809864283e-01
    1.8249770626e-02   -5.2840697765e-01
    1.8259502947e-02   -5.2867943048e-01
    1.8269235268e-02   -5.2894955873e-01
    1.8278967589e-02   -5.2921843529e-01
    1.8289916217e-02   -5.2951884270e-01
    1.8299648538e-02   -5.2978444099e-01
    1.8309380859e-02   -5.3004938364e-01
    1.8319113180e-02   -5.3031075001e-01
    1.8328845501e-02   -5.3056657314e-01
    1.8339794129e-02   -5.3085148335e-01
    1.8349526450e-02   -5.3110492229e-01
    1.8359258771e-02   -5.3135973215e-01
    1.8368991092e-02   -5.3161489964e-01
    1.8379941583e-02   -5.3189748526e-01
    1.8389673904e-02   -5.3214389086e-01
    1.8399406224e-02   -5.3238666058e-01
    1.8409138545e-02   -5.3262537718e-01
    1.8418870866e-02   -5.3286206722e-01
    1.8429819494e-02   -5.3312903643e-01
    1.8439553678e-02   -5.3336709738e-01
    1.8449285999e-02   -5.3360408545e-01
    1.8459018320e-02   -5.3383880854e-01
    1.8469966948e-02   -5.3410112858e-01
    1.8479699269e-02   -5.3433305025e-01
    1.8489433452e-02   -5.3456282616e-01
    1.8499165773e-02   -5.3479075432e-01
    1.8508898094e-02   -5.3501677513e-01
    1.8519846722e-02   -5.3526920080e-01
    1.8529580906e-02   -5.3549408913e-01
    1.8539313227e-02   -5.3572106361e-01
    1.8549045548e-02   -5.3595227003e-01
    1.8559996039e-02   -5.3621846437e-01
    1.8569728360e-02   -5.3645884991e-01
    1.8579460680e-02   -5.3670305014e-01
    1.8589194864e-02   -5.3695100546e-01
    1.8598927185e-02   -5.3720206022e-01
    1.8609877676e-02   -5.3748828173e-01
    1.8619609997e-02   -5.3774547577e-01
    1.8629342318e-02   -5.3800505400e-01
    1.8639076501e-02   -5.3826701641e-01
    1.8648808822e-02   -5.3853034973e-01
    1.8659759313e-02   -5.3882867098e-01
    1.8669491634e-02   -5.3909671307e-01
    1.8679225817e-02   -5.3936797380e-01
    1.8688958138e-02   -5.3964287043e-01
    1.8699908629e-02   -5.3995549679e-01
    1.8709640950e-02   -5.4023468494e-01
    1.8719375134e-02   -5.4051613808e-01
    1.8729107454e-02   -5.4081159830e-01
    1.8738839775e-02   -5.4111069441e-01
    1.8749790266e-02   -5.4144161940e-01
    1.8759522587e-02   -5.4174536467e-01
    1.8769256771e-02   -5.4205107689e-01
    1.8779309466e-02   -5.4236042500e-01
    1.8789401278e-02   -5.4267537594e-01
    1.8799494952e-02   -5.4299587011e-01
    1.8809586763e-02   -5.4331451654e-01
    1.8819047138e-02   -5.4361480474e-01
    1.8829995766e-02   -5.4397183657e-01
    1.8839728087e-02   -5.4429847002e-01
    1.8849462271e-02   -5.4463273287e-01
    1.8859194592e-02   -5.4497337341e-01
    1.8868928775e-02   -5.4531943798e-01
    1.8879877403e-02   -5.4571437836e-01
    1.8889611587e-02   -5.4607170820e-01
    1.8899343908e-02   -5.4643994570e-01
    1.8909076229e-02   -5.4682147503e-01
    1.8918810412e-02   -5.4721271992e-01
    1.8929759040e-02   -5.4766350985e-01
    1.8939493224e-02   -5.4807388783e-01
    1.8949266523e-02   -5.4849272966e-01
    1.8959358335e-02   -5.4893589020e-01
    1.8969452009e-02   -5.4939258099e-01
    1.8979508430e-02   -5.4985857010e-01
    1.8989242613e-02   -5.5032193661e-01
    1.8998974934e-02   -5.5080109835e-01
    1.9009964541e-02   -5.5136036873e-01
    1.9019139931e-02   -5.5183929205e-01
    1.9028898329e-02   -5.5235403776e-01
    1.9039848819e-02   -5.5293375254e-01
    1.9049581140e-02   -5.5345523357e-01
    1.9059315324e-02   -5.5398887396e-01
    1.9069047645e-02   -5.5453699827e-01
    1.9079998136e-02   -5.5516612530e-01
    1.9089730456e-02   -5.5573177338e-01
    1.9099462777e-02   -5.5630350113e-01
    1.9109196961e-02   -5.5688214302e-01
    1.9118929282e-02   -5.5746984482e-01
    1.9129879773e-02   -5.5814427137e-01
    1.9139612094e-02   -5.5875414610e-01
    1.9149346277e-02   -5.5937135220e-01
    1.9159078598e-02   -5.5999386311e-01
    1.9168810919e-02   -5.6062078476e-01
    1.9179761410e-02   -5.6133323908e-01
    1.9189493731e-02   -5.6197446585e-01
    1.9199227914e-02   -5.6262534857e-01
    1.9208960235e-02   -5.6328612566e-01
    1.9219910726e-02   -5.6403821707e-01
    1.9229643047e-02   -5.6471425295e-01
    1.9239377230e-02   -5.6539666653e-01
    1.9249109551e-02   -5.6608283520e-01
    1.9258841872e-02   -5.6677973270e-01
    1.9269792363e-02   -5.6758952141e-01
    1.9279524684e-02   -5.6831818819e-01
    1.9289258868e-02   -5.6904894114e-01
    1.9298991188e-02   -5.6978845596e-01
    1.9309941679e-02   -5.7062703371e-01
    1.9319674000e-02   -5.7137972116e-01
    1.9329408184e-02   -5.7215291262e-01
    1.9339140505e-02   -5.7294344902e-01
    1.9348874688e-02   -5.7373625040e-01
    1.9359823316e-02   -5.7463628054e-01
    1.9369557500e-02   -5.7545024157e-01
    1.9379289821e-02   -5.7628113031e-01
    1.9389024004e-02   -5.7712167501e-01
    1.9399972633e-02   -5.7807046175e-01
    1.9409706816e-02   -5.7892590761e-01
    1.9419439137e-02   -5.7978314161e-01
    1.9429173321e-02   -5.8064353466e-01
    1.9438905641e-02   -5.8151769638e-01
    1.9449856132e-02   -5.8250898123e-01
    1.9459590316e-02   -5.8339166641e-01
    1.9469322637e-02   -5.8429187536e-01
    1.9479056820e-02   -5.8521562815e-01
    1.9488789141e-02   -5.8614444733e-01
    1.9499739632e-02   -5.8719009161e-01
    1.9509471953e-02   -5.8812355995e-01
    1.9519206136e-02   -5.8905607462e-01
    1.9528938457e-02   -5.8998680115e-01
    1.9539888948e-02   -5.9103661776e-01
    1.9549623132e-02   -5.9198594093e-01
    1.9559355453e-02   -5.9294718504e-01
    1.9569089636e-02   -5.9390586615e-01
    1.9578821957e-02   -5.9486222267e-01
    1.9589772448e-02   -5.9593749046e-01
    1.9599506631e-02   -5.9689205885e-01
    1.9609238952e-02   -5.9784907103e-01
    1.9618973136e-02   -5.9880864620e-01
    1.9629923627e-02   -5.9989058971e-01
    1.9639655948e-02   -6.0085809231e-01
    1.9649390131e-02   -6.0183244944e-01
    1.9659122452e-02   -6.0281020403e-01
    1.9668856636e-02   -6.0378873348e-01
    1.9679807127e-02   -6.0489016771e-01
    1.9689539447e-02   -6.0587131977e-01
    1.9699273631e-02   -6.0685580969e-01
    1.9709007815e-02   -6.0784441233e-01
    1.9719956443e-02   -6.0896313190e-01
    1.9729690626e-02   -6.0996335745e-01
    1.9739424810e-02   -6.1096924543e-01
    1.9749157131e-02   -6.1198121309e-01
    1.9758891314e-02   -6.1299759150e-01
    1.9769841805e-02   -6.1414641142e-01
    1.9779574126e-02   -6.1517316103e-01
    1.9789308310e-02   -6.1620420218e-01
    1.9799040630e-02   -6.1724030972e-01
    1.9809991121e-02   -6.1841279268e-01
    1.9819725305e-02   -6.1945945024e-01
    1.9829459488e-02   -6.2050950527e-01
    1.9839191809e-02   -6.2156170607e-01
    1.9848925993e-02   -6.2261480093e-01
    1.9859876484e-02   -6.2379926443e-01
    1.9869608805e-02   -6.2485194206e-01
    1.9879342988e-02   -6.2590670586e-01
    1.9889077172e-02   -6.2696075439e-01
    1.9898809493e-02   -6.2801694870e-01
    1.9909759983e-02   -6.2921822071e-01
    1.9919494167e-02   -6.3028627634e-01
    1.9929226488e-02   -6.3134539127e-01
    1.9938960671e-02   -6.3240116835e-01
    1.9949911162e-02   -6.3359034061e-01
    1.9959645346e-02   -6.3464385271e-01
    1.9969377667e-02   -6.3569200039e-01
    1.9979111850e-02   -6.3674640656e-01
    1.9988846034e-02   -6.3780653477e-01
    1.9999796525e-02   -6.3899207115e-01
    2.0009528846e-02   -6.4003974199e-01
    2.0019263029e-02   -6.4108765125e-01
    2.0028997213e-02   -6.4213299751e-01
    2.0039947703e-02   -6.4330071211e-01
    2.0049680024e-02   -6.4433330297e-01
    2.0059414208e-02   -6.4536082745e-01
    2.0069148391e-02   -6.4638400078e-01
    2.0078882575e-02   -6.4740407467e-01
    2.0089831203e-02   -6.4854574203e-01
    2.0099565387e-02   -6.4955574274e-01
    2.0109299570e-02   -6.5056335926e-01
    2.0119033754e-02   -6.5157032013e-01
    2.0129984245e-02   -6.5270322561e-01
    2.0139716566e-02   -6.5370905399e-01
    2.0149450749e-02   -6.5471297503e-01
    2.0159184933e-02   -6.5571469069e-01
    2.0168919116e-02   -6.5671336651e-01
    2.0179867744e-02   -6.5783315897e-01
    2.0189601928e-02   -6.5882462263e-01
    2.0199336112e-02   -6.5981274843e-01
    2.0209070295e-02   -6.6079896688e-01
    2.0218802616e-02   -6.6178381443e-01
    2.0229753107e-02   -6.6289108992e-01
    2.0239487290e-02   -6.6387534142e-01
    2.0249221474e-02   -6.6485989094e-01
    2.0258955657e-02   -6.6584634781e-01
    2.0269904286e-02   -6.6695863008e-01
    2.0279638469e-02   -6.6794908047e-01
    2.0289372653e-02   -6.6894137859e-01
    2.0299106836e-02   -6.6993588209e-01
    2.0308839157e-02   -6.7093241215e-01
    2.0319789648e-02   -6.7205524445e-01
    2.0329523832e-02   -6.7305499315e-01
    2.0339258015e-02   -6.7405760288e-01
    2.0348992199e-02   -6.7506366968e-01
    2.0359942690e-02   -6.7619943619e-01
    2.0369675010e-02   -6.7721307278e-01
    2.0379409194e-02   -6.7823088169e-01
    2.0389143378e-02   -6.7925268412e-01
    2.0398877561e-02   -6.8027806282e-01
    2.0409828052e-02   -6.8143421412e-01
    2.0419560373e-02   -6.8246340752e-01
    2.0429294556e-02   -6.8349385262e-01
    2.0439028740e-02   -6.8452548981e-01
    2.0449979231e-02   -6.8568772078e-01
    2.0459713414e-02   -6.8672317266e-01
    2.0469445735e-02   -6.8776196241e-01
    2.0479179919e-02   -6.8880480528e-01
    2.0488914102e-02   -6.8985146284e-01
    2.0499864593e-02   -6.9103324413e-01
    2.0509598777e-02   -6.9208753109e-01
    2.0519332960e-02   -6.9314509630e-01
    2.0529065281e-02   -6.9420605898e-01
    2.0538799465e-02   -6.9527095556e-01
    2.0549749956e-02   -6.9647383690e-01
    2.0559484139e-02   -6.9754791260e-01
    2.0569218323e-02   -6.9862622023e-01
    2.0578950644e-02   -6.9970816374e-01
    2.0589901134e-02   -7.0092862844e-01
    2.0599635318e-02   -7.0201677084e-01
    2.0609369501e-02   -7.0312529802e-01
    2.0619103685e-02   -7.0426887274e-01
    2.0628837869e-02   -7.0542961359e-01
    2.0639788359e-02   -7.0673418045e-01
    2.0649520680e-02   -7.0788937807e-01
    2.0659254864e-02   -7.0904380083e-01
    2.0668989047e-02   -7.1020901203e-01
    2.0679939538e-02   -7.1153926849e-01
    2.0689673722e-02   -7.1273189783e-01
    2.0699407905e-02   -7.1392893791e-01
    2.0709140226e-02   -7.1513020992e-01
    2.0718874410e-02   -7.1633595228e-01
    2.0729824901e-02   -7.1770018339e-01
    2.0739559084e-02   -7.1892368793e-01
    2.0749293268e-02   -7.2015553713e-01
    2.0759027451e-02   -7.2139102221e-01
    2.0769977942e-02   -7.2278428078e-01
    2.0779712126e-02   -7.2402691841e-01
    2.0789444447e-02   -7.2527354956e-01
    2.0799178630e-02   -7.2653067112e-01
    2.0808912814e-02   -7.2780525684e-01
    2.0819863304e-02   -7.2924685478e-01
    2.0829597488e-02   -7.3052781820e-01
    2.0839331672e-02   -7.3181498051e-01
    2.0849065855e-02   -7.3311632872e-01
    2.0858798176e-02   -7.3443228006e-01
    2.0869750530e-02   -7.3592394590e-01
    2.0879482850e-02   -7.3725706339e-01
    2.0889217034e-02   -7.3859852552e-01
    2.0898951218e-02   -7.3995178938e-01
    2.0909901708e-02   -7.4148881435e-01
    2.0919635892e-02   -7.4286562204e-01
    2.0929370075e-02   -7.4425107241e-01
    2.0939104259e-02   -7.4564421177e-01
    2.0948838443e-02   -7.4704396725e-01
    2.0959788933e-02   -7.4862676859e-01
    2.0969523117e-02   -7.5004249811e-01
    2.0979257300e-02   -7.5146853924e-01
    2.0988989621e-02   -7.5290638208e-01
    2.0999941975e-02   -7.5453883410e-01
    2.1009674296e-02   -7.5600224733e-01
    2.1019408479e-02   -7.5747609138e-01
    2.1029142663e-02   -7.5895994902e-01
    2.1038876846e-02   -7.6045292616e-01
    2.1049827337e-02   -7.6214319468e-01
    2.1059561521e-02   -7.6365554333e-01
    2.1069295704e-02   -7.6517784595e-01
    2.1079029888e-02   -7.6671057940e-01
    2.1089980379e-02   -7.6844739914e-01
    2.1099714562e-02   -7.7000159025e-01
    2.1109448746e-02   -7.7156496048e-01
    2.1119182929e-02   -7.7313756943e-01
    2.1128917113e-02   -7.7472001314e-01
    2.1139867604e-02   -7.7651190758e-01
    2.1149601787e-02   -7.7811485529e-01
    2.1159335971e-02   -7.7972722054e-01
    2.1169070154e-02   -7.8134912252e-01
    2.1178804338e-02   -7.8298085928e-01
    2.1189754829e-02   -7.8482836485e-01
    2.1199489012e-02   -7.8648054600e-01
    2.1209223196e-02   -7.8814154863e-01
    2.1218957379e-02   -7.8981083632e-01
    2.1229907870e-02   -7.9169845581e-01
    2.1239642054e-02   -7.9338449240e-01
    2.1249376237e-02   -7.9507744312e-01
    2.1259110421e-02   -7.9677677155e-01
    2.1268844604e-02   -7.9848241806e-01
    2.1279795095e-02   -8.0040752888e-01
    2.1289529279e-02   -8.0211842060e-01
    2.1299263462e-02   -8.0381929874e-01
    2.1308997646e-02   -8.0550372601e-01
    2.1319948137e-02   -8.0737775564e-01
    2.1329682320e-02   -8.0902665854e-01
    2.1339416504e-02   -8.1066226959e-01
    2.1349150687e-02   -8.1230223179e-01
    2.1358886734e-02   -8.1403809786e-01
    2.1369837224e-02   -8.1616306305e-01
    2.1379571408e-02   -8.1812268496e-01
    2.1389305592e-02   -8.2008171082e-01
    2.1399039775e-02   -8.2197010517e-01
    2.1409990266e-02   -8.2400768995e-01
    2.1419724450e-02   -8.2581806183e-01
    2.1429458633e-02   -8.2762438059e-01
    2.1439192817e-02   -8.2940465212e-01
    2.1448927000e-02   -8.3117109537e-01
    2.1459879354e-02   -8.3315384388e-01
    2.1469613537e-02   -8.3491426706e-01
    2.1479347721e-02   -8.3666598797e-01
    2.1489081904e-02   -8.3840042353e-01
    2.1498816088e-02   -8.4010165930e-01
    2.1509766579e-02   -8.4194862843e-01
    2.1519500762e-02   -8.4352737665e-01
    2.1529234946e-02   -8.4505957365e-01
    2.1538969129e-02   -8.4655195475e-01
    2.1549919620e-02   -8.4818172455e-01
    2.1559655666e-02   -8.4957605600e-01
    2.1569389850e-02   -8.5090500116e-01
    2.1579124033e-02   -8.5216420889e-01
    2.1588858217e-02   -8.5335886478e-01
    2.1599808708e-02   -8.5462981462e-01
    2.1609542891e-02   -8.5569137335e-01
    2.1619277075e-02   -8.5668921471e-01
    2.1629011258e-02   -8.5763007402e-01
    2.1639961749e-02   -8.5862565041e-01
    2.1649695933e-02   -8.5945993662e-01
    2.1659430116e-02   -8.6024892330e-01
    2.1669164300e-02   -8.6098891497e-01
    2.1678898484e-02   -8.6168146133e-01
    2.1689850837e-02   -8.6241835356e-01
    2.1699585021e-02   -8.6304944754e-01
    2.1709319204e-02   -8.6367017031e-01
    2.1719053388e-02   -8.6429983377e-01
    2.1728787571e-02   -8.6491888762e-01
    2.1739738062e-02   -8.6555433273e-01
    2.1749472246e-02   -8.6607527733e-01
    2.1759206429e-02   -8.6656057835e-01
    2.1768940613e-02   -8.6701214314e-01
    2.1779891104e-02   -8.6749881506e-01
    2.1789625287e-02   -8.6789399385e-01
    2.1799359471e-02   -8.6824214458e-01
    2.1809095517e-02   -8.6857199669e-01
    2.1818829700e-02   -8.6890238523e-01
    2.1829780191e-02   -8.6926448345e-01
    2.1839514375e-02   -8.6957341433e-01
    2.1849248558e-02   -8.6986690760e-01
    2.1858982742e-02   -8.7013572454e-01
    2.1869933233e-02   -8.7041503191e-01
    2.1879667416e-02   -8.7065732479e-01
    2.1889401600e-02   -8.7089669704e-01
    2.1899135783e-02   -8.7113630772e-01
    2.1908869967e-02   -8.7138360739e-01
    2.1919820458e-02   -8.7167173624e-01
    2.1929554641e-02   -8.7193679810e-01
    2.1939288825e-02   -8.7221556902e-01
    2.1949023008e-02   -8.7250441313e-01
    2.1959973499e-02   -8.7282294035e-01
    2.1969707683e-02   -8.7309145927e-01
    2.1979441866e-02   -8.7334948778e-01
    2.1989176050e-02   -8.7360358238e-01
    2.1998910233e-02   -8.7386405468e-01
    2.2009860724e-02   -8.7417668104e-01
    2.2019594908e-02   -8.7447369099e-01
    2.2029329091e-02   -8.7478464842e-01
    2.2039063275e-02   -8.7510734797e-01
    2.2048797458e-02   -8.7544113398e-01
    2.2059747949e-02   -8.7582677603e-01
    2.2069482133e-02   -8.7617498636e-01
    2.2079216316e-02   -8.7652897835e-01
    2.2088948637e-02   -8.7690824270e-01
    2.2099900991e-02   -8.7737691402e-01
    2.2109633312e-02   -8.7781035900e-01
    2.2119367495e-02   -8.7825834751e-01
    2.2129101679e-02   -8.7872433662e-01
    2.2138835862e-02   -8.7920314074e-01
    2.2149786353e-02   -8.7974250317e-01
    2.2159520537e-02   -8.8021564484e-01
    2.2169254720e-02   -8.8069188595e-01
    2.2178988904e-02   -8.8119000196e-01
    2.2189939395e-02   -8.8177901506e-01
    2.2199673578e-02   -8.8231217861e-01
    2.2209407762e-02   -8.8284486532e-01
    2.2219141945e-02   -8.8336545229e-01
    2.2228876129e-02   -8.8388019800e-01
    2.2239826620e-02   -8.8445299864e-01
    2.2249558941e-02   -8.8493657112e-01
    2.2259293124e-02   -8.8539880514e-01
    2.2269027308e-02   -8.8585460186e-01
    2.2279977798e-02   -8.8636994362e-01
    2.2289711982e-02   -8.8683831692e-01
    2.2299446166e-02   -8.8733446598e-01
    2.2309180349e-02   -8.8783740997e-01
    2.2318914533e-02   -8.8831138611e-01
    2.2329865023e-02   -8.8881057501e-01
    2.2339599207e-02   -8.8921236992e-01
    2.2349333391e-02   -8.8956445456e-01
    2.2359067574e-02   -8.8988095522e-01
    2.2368799895e-02   -8.9016669989e-01
    2.2379750386e-02   -8.9045834541e-01
    2.2389484569e-02   -8.9071893692e-01
    2.2399218753e-02   -8.9099228382e-01
    2.2408952937e-02   -8.9127016068e-01
    2.2419903427e-02   -8.9159512520e-01
    2.2429637611e-02   -8.9191997051e-01
    2.2439371794e-02   -8.9225596189e-01
    2.2449104115e-02   -8.9256101847e-01
    2.2458838299e-02   -8.9285761118e-01
    2.2469788790e-02   -8.9321839809e-01
    2.2479522973e-02   -8.9354670048e-01
    2.2489257157e-02   -8.9387416840e-01
    2.2498991340e-02   -8.9422571659e-01
    2.2509941831e-02   -8.9464813471e-01
    2.2519674152e-02   -8.9502918720e-01
    2.2529408336e-02   -8.9542686939e-01
    2.2539142519e-02   -8.9583009481e-01
    2.2548876703e-02   -8.9622151852e-01
    2.2559827194e-02   -8.9668780565e-01
    2.2569561377e-02   -8.9715474844e-01
    2.2579295561e-02   -8.9765089750e-01
    2.2589027882e-02   -8.9816391468e-01
    2.2599980235e-02   -8.9878994226e-01
    2.2609712556e-02   -8.9936476946e-01
    2.2619446740e-02   -8.9992833138e-01
    2.2629180923e-02   -9.0050387383e-01
    2.2638915107e-02   -9.0107721090e-01
    2.2649865597e-02   -9.0169477463e-01
    2.2659599781e-02   -9.0224248171e-01
    2.2669333965e-02   -9.0279537439e-01
    2.2679068148e-02   -9.0337431431e-01
    2.2688800469e-02   -9.0400987864e-01
    2.2699752823e-02   -9.0476983786e-01
    2.2709485143e-02   -9.0546286106e-01
    2.2719219327e-02   -9.0615653992e-01
    2.2728953511e-02   -9.0683168173e-01
    2.2739904001e-02   -9.0756011009e-01
    2.2749638185e-02   -9.0816646814e-01
    2.2759372368e-02   -9.0873879194e-01
    2.2769106552e-02   -9.0930503607e-01
    2.2778840736e-02   -9.0987813473e-01
    2.2789791226e-02   -9.1053342819e-01
    2.2799525410e-02   -9.1113662720e-01
    2.2809257731e-02   -9.1175633669e-01
    2.2818991914e-02   -9.1237658262e-01
    2.2829942405e-02   -9.1306561232e-01
    2.2839676589e-02   -9.1366344690e-01
    2.2849410772e-02   -9.1424155235e-01
    2.2859144956e-02   -9.1480273008e-01
    2.2868879139e-02   -9.1535747051e-01
    2.2879829630e-02   -9.1598349810e-01
    2.2889563814e-02   -9.1654175520e-01
    2.2899297997e-02   -9.1710150242e-01
    2.2909030318e-02   -9.1766029596e-01
    2.2919980809e-02   -9.1827851534e-01
    2.2929714993e-02   -9.1881555319e-01
    2.2939449176e-02   -9.1934406757e-01
    2.2949183360e-02   -9.1986680031e-01
    2.2958917543e-02   -9.2038923502e-01
    2.2969868034e-02   -9.2098361254e-01
    2.2979602218e-02   -9.2151510715e-01
    2.2989334539e-02   -9.2204231024e-01
    2.2999068722e-02   -9.2256313562e-01
    2.3008802906e-02   -9.2307919264e-01
    2.3019753397e-02   -9.2365038395e-01
    2.3029487580e-02   -9.2414861917e-01
    2.3039221764e-02   -9.2464226484e-01
    2.3048955947e-02   -9.2513161898e-01
    2.3059906438e-02   -9.2567431927e-01
    2.3069640622e-02   -9.2616766691e-01
    2.3079374805e-02   -9.2669469118e-01
    2.3089108989e-02   -9.2722785473e-01
    2.3098841310e-02   -9.2773962021e-01
    2.3109793663e-02   -9.2829048634e-01
    2.3119525984e-02   -9.2874073982e-01
    2.3129260167e-02   -9.2916011810e-01
    2.3138994351e-02   -9.2956292629e-01
    2.3149944842e-02   -9.2998099327e-01
    2.3159679025e-02   -9.3032526970e-01
    2.3169413209e-02   -9.3066149950e-01
    2.3179147393e-02   -9.3099248409e-01
    2.3188881576e-02   -9.3131655455e-01
    2.3199832067e-02   -9.3167269230e-01
    2.3209566250e-02   -9.3197381496e-01
    2.3219300434e-02   -9.3224936724e-01
    2.3229034618e-02   -9.3249493837e-01
    2.3239985108e-02   -9.3273550272e-01
    2.3249719292e-02   -9.3291336298e-01
    2.3259453475e-02   -9.3305718899e-01
    2.3269187659e-02   -9.3317568302e-01
    2.3278919980e-02   -9.3327879906e-01
    2.3289872333e-02   -9.3338829279e-01
    2.3299604654e-02   -9.3348795176e-01
    2.3309338838e-02   -9.3358916044e-01
    2.3319073021e-02   -9.3368709087e-01
    2.3328807205e-02   -9.3378108740e-01
    2.3339757696e-02   -9.3388074636e-01
    2.3349491879e-02   -9.3396031857e-01
    2.3359226063e-02   -9.3402963877e-01
    2.3368960246e-02   -9.3408906460e-01
    2.3379910737e-02   -9.3415623903e-01
    2.3389644921e-02   -9.3424546719e-01
    2.3399377242e-02   -9.3435776234e-01
    2.3409111425e-02   -9.3447154760e-01
    2.3418845609e-02   -9.3458706141e-01
    2.3429796100e-02   -9.3470549583e-01
    2.3439530283e-02   -9.3479871750e-01
    2.3449264467e-02   -9.3488991261e-01
    2.3458998650e-02   -9.3496602774e-01
    2.3469949141e-02   -9.3503278494e-01
    2.3479683325e-02   -9.3509542942e-01
    2.3489417508e-02   -9.3516224623e-01
    2.3499151692e-02   -9.3522626162e-01
    2.3508884013e-02   -9.3528807163e-01
    2.3519836366e-02   -9.3535125256e-01
    2.3529568687e-02   -9.3539232016e-01
    2.3539302871e-02   -9.3541276455e-01
    2.3549037054e-02   -9.3541002274e-01
    2.3559987545e-02   -9.3537664413e-01
    2.3569721729e-02   -9.3532311916e-01
    2.3579455912e-02   -9.3525439501e-01
    2.3589190096e-02   -9.3517726660e-01
    2.3598924279e-02   -9.3509697914e-01
    2.3609874770e-02   -9.3500530720e-01
    2.3619608954e-02   -9.3491572142e-01
    2.3629343137e-02   -9.3480950594e-01
    2.3639075458e-02   -9.3468743563e-01
    2.3648809642e-02   -9.3455332518e-01
    2.3659760132e-02   -9.3438756466e-01
    2.3669494316e-02   -9.3422353268e-01
    2.3679228500e-02   -9.3404406309e-01
    2.3688962683e-02   -9.3385088444e-01
    2.3699913174e-02   -9.3361681700e-01
    2.3709647357e-02   -9.3339842558e-01
    2.3719871417e-02   -9.3316245079e-01
    2.3729488254e-02   -9.3293309212e-01
    2.3739386350e-02   -9.3268901110e-01
    2.3749612272e-02   -9.3242907524e-01
    2.3759838194e-02   -9.3216401339e-01
    2.3769818246e-02   -9.3190652132e-01
    2.3779362440e-02   -9.3166530132e-01
    2.3789588362e-02   -9.3141168356e-01
    2.3799812421e-02   -9.3116205931e-01
    2.3809930310e-02   -9.3091672659e-01
    2.3819958791e-02   -9.3067359924e-01
    2.3829501122e-02   -9.3045550585e-01
    2.3839913309e-02   -9.3025910854e-01
    2.3849939927e-02   -9.3009483814e-01
    2.3859484121e-02   -9.2993891239e-01
    2.3869708180e-02   -9.2977279425e-01
    2.3879934102e-02   -9.2958611250e-01
    2.3889478296e-02   -9.2939031124e-01
    2.3899124935e-02   -9.2919313908e-01
    2.3908857256e-02   -9.2899030447e-01
    2.3919807747e-02   -9.2875158787e-01
    2.3929541931e-02   -9.2854738235e-01
    2.3939687759e-02   -9.2834746838e-01
    2.3949328810e-02   -9.2816948891e-01
    2.3958856240e-02   -9.2801070213e-01
    2.3969806731e-02   -9.2784065008e-01
    2.3979540914e-02   -9.2768561840e-01
    2.3989275098e-02   -9.2751973867e-01
    2.3999007419e-02   -9.2733943462e-01
    2.4009453133e-02   -9.2712390423e-01
    2.4019094184e-02   -9.2690527439e-01
    2.4029601365e-02   -9.2665684223e-01
    2.4039827287e-02   -9.2641419172e-01
    2.4049369618e-02   -9.2619335651e-01
    2.4059595540e-02   -9.2597204447e-01
    2.4069892243e-02   -9.2576491833e-01
    2.4079499766e-02   -9.2557889223e-01
    2.4089965969e-02   -9.2538303137e-01
    2.4099510163e-02   -9.2521178722e-01
    2.4109736085e-02   -9.2503744364e-01
    2.4119464681e-02   -9.2488479614e-01
    2.4129198864e-02   -9.2475253344e-01
    2.4139665067e-02   -9.2462551594e-01
    2.4149890989e-02   -9.2450362444e-01
    2.4159435183e-02   -9.2439866066e-01
    2.4169871584e-02   -9.2429333925e-01
    2.4178950116e-02   -9.2420154810e-01
    2.4189805612e-02   -9.2409384251e-01
    2.4199349806e-02   -9.2400097847e-01
    2.4209465832e-02   -9.2390930653e-01
    2.4219200015e-02   -9.2384278774e-01
    2.4228934199e-02   -9.2380136251e-01
    2.4239886552e-02   -9.2377507687e-01
    2.4249618873e-02   -9.2376637459e-01
    2.4259353057e-02   -9.2376846075e-01
    2.4269087240e-02   -9.2377281189e-01
    2.4278821424e-02   -9.2377817631e-01
    2.4289773777e-02   -9.2378842831e-01
    2.4299507961e-02   -9.2379760742e-01
    2.4309242144e-02   -9.2380499840e-01
    2.4318976328e-02   -9.2381054163e-01
    2.4329926819e-02   -9.2381197214e-01
    2.4339661002e-02   -9.2380839586e-01
    2.4349395186e-02   -9.2380315065e-01
    2.4359129369e-02   -9.2379903793e-01
    2.4368863553e-02   -9.2379629612e-01
    2.4379814044e-02   -9.2379140854e-01
    2.4389550090e-02   -9.2378222942e-01
    2.4399284273e-02   -9.2376708984e-01
    2.4409018457e-02   -9.2374539375e-01
    2.4419968948e-02   -9.2371308804e-01
    2.4429703131e-02   -9.2367440462e-01
    2.4439437315e-02   -9.2362213135e-01
    2.4449171498e-02   -9.2355287075e-01
    2.4458905682e-02   -9.2346256971e-01
    2.4469858035e-02   -9.2333507538e-01
    2.4479592219e-02   -9.2320340872e-01
    2.4489326403e-02   -9.2305713892e-01
    2.4499060586e-02   -9.2289799452e-01
    2.4508794770e-02   -9.2272925377e-01
    2.4519747123e-02   -9.2253130674e-01
    2.4529481307e-02   -9.2234879732e-01
    2.4539215490e-02   -9.2215961218e-01
    2.4548949674e-02   -9.2196512222e-01
    2.4559902027e-02   -9.2174226046e-01
    2.4569636211e-02   -9.2154210806e-01
    2.4579370394e-02   -9.2134147882e-01
    2.4589104578e-02   -9.2114061117e-01
    2.4598838761e-02   -9.2093926668e-01
    2.4609791115e-02   -9.2071121931e-01
    2.4619525298e-02   -9.2050492764e-01
    2.4629259482e-02   -9.2029249668e-01
    2.4638993666e-02   -9.2007279396e-01
    2.4649946019e-02   -9.1981804371e-01
    2.4659680203e-02   -9.1958868504e-01
    2.4669414386e-02   -9.1936033964e-01
    2.4679150432e-02   -9.1913461685e-01
    2.4688884616e-02   -9.1891199350e-01
    2.4699835107e-02   -9.1866374016e-01
    2.4709571153e-02   -9.1844314337e-01
    2.4719305336e-02   -9.1822004318e-01
    2.4729039520e-02   -9.1799080372e-01
    2.4739991874e-02   -9.1772145033e-01
    2.4749726057e-02   -9.1746008396e-01
    2.4759460241e-02   -9.1717493534e-01
    2.4769196287e-02   -9.1687458754e-01
    2.4778930470e-02   -9.1656273603e-01
    2.4789882824e-02   -9.1620230675e-01
    2.4799617007e-02   -9.1586822271e-01
    2.4809351191e-02   -9.1550499201e-01
    2.4819087237e-02   -9.1511142254e-01
    2.4828821421e-02   -9.1470640898e-01
    2.4839773774e-02   -9.1424232721e-01
    2.4849507958e-02   -9.1382378340e-01
    2.4859242141e-02   -9.1340214014e-01
    2.4868978187e-02   -9.1296398640e-01
    2.4879928678e-02   -9.1244792938e-01
    2.4889664724e-02   -9.1198056936e-01
    2.4899398908e-02   -9.1150289774e-01
    2.4909133092e-02   -9.1100853682e-01
    2.4918869138e-02   -9.1050243378e-01
    2.4929819629e-02   -9.0992462635e-01
    2.4939555675e-02   -9.0940302610e-01
    2.4949289858e-02   -9.0887612104e-01
    2.4959025905e-02   -9.0834617615e-01
    2.4969976395e-02   -9.0774434805e-01
    2.4979712442e-02   -9.0720486641e-01
    2.4989446625e-02   -9.0666723251e-01
    2.4999180809e-02   -9.0613257885e-01
    2.5008916855e-02   -9.0559774637e-01
    2.5019867346e-02   -9.0499514341e-01
    2.5029603392e-02   -9.0445715189e-01
    2.5039337575e-02   -9.0391385555e-01
    2.5049073622e-02   -9.0336591005e-01
    2.5058807805e-02   -9.0281629562e-01
    2.5069760159e-02   -9.0219521523e-01
    2.5079494342e-02   -9.0164077282e-01
    2.5089228526e-02   -9.0108597279e-01
    2.5098964572e-02   -9.0053033829e-01
    2.5109915063e-02   -8.9988625050e-01
    2.5119651109e-02   -8.9927881956e-01
    2.5129385293e-02   -8.9866459370e-01
    2.5139119476e-02   -8.9806133509e-01
    2.5148855522e-02   -8.9746063948e-01
    2.5159807876e-02   -8.9679461718e-01
    2.5169542059e-02   -8.9620822668e-01
    2.5179276243e-02   -8.9562201500e-01
    2.5189012289e-02   -8.9504402876e-01
    2.5199962780e-02   -8.9439195395e-01
    2.5209698826e-02   -8.9378714561e-01
    2.5219433010e-02   -8.9315611124e-01
    2.5229167193e-02   -8.9250516891e-01
    2.5238903239e-02   -8.9183390141e-01
    2.5249853730e-02   -8.9106136560e-01
    2.5259589776e-02   -8.9037185907e-01
    2.5269323960e-02   -8.8968223333e-01
    2.5279060006e-02   -8.8899034262e-01
    2.5288794190e-02   -8.8829886913e-01
    2.5299746543e-02   -8.8750654459e-01
    2.5309480727e-02   -8.8676899672e-01
    2.5319214910e-02   -8.8602262735e-01
    2.5328950956e-02   -8.8528418541e-01
    2.5339901447e-02   -8.8445073366e-01
    2.5349752977e-02   -8.8369756937e-01
    2.5359522551e-02   -8.8293737173e-01
    2.5369251147e-02   -8.8217240572e-01
    2.5378985330e-02   -8.8141763210e-01
    2.5389937684e-02   -8.8058227301e-01
    2.5399671867e-02   -8.7984180450e-01
    2.5409407914e-02   -8.7909775972e-01
    2.5419142097e-02   -8.7834602594e-01
    2.5428876281e-02   -8.7758702040e-01
    2.5439828634e-02   -8.7675720453e-01
    2.5449562818e-02   -8.7605589628e-01
    2.5459297001e-02   -8.7537503242e-01
    2.5469033048e-02   -8.7470090389e-01
    2.5479983538e-02   -8.7394261360e-01
    2.5489717722e-02   -8.7327384949e-01
    2.5499453768e-02   -8.7260574102e-01
    2.5509187952e-02   -8.7192970514e-01
    2.5518922135e-02   -8.7124484777e-01
    2.5529874489e-02   -8.7047952414e-01
    2.5539608672e-02   -8.6981844902e-01
    2.5549342856e-02   -8.6917197704e-01
    2.5559078902e-02   -8.6853677034e-01
    2.5568813086e-02   -8.6790746450e-01
    2.5579763576e-02   -8.6720174551e-01
    2.5589499623e-02   -8.6658716202e-01
    2.5599233806e-02   -8.6597609520e-01
    2.5608967990e-02   -8.6535626650e-01
    2.5619920343e-02   -8.6465001106e-01
    2.5629654527e-02   -8.6401724815e-01
    2.5639388710e-02   -8.6338794231e-01
    2.5649124756e-02   -8.6276841164e-01
    2.5658858940e-02   -8.6215478182e-01
    2.5669809431e-02   -8.6146682501e-01
    2.5679545477e-02   -8.6085808277e-01
    2.5689279661e-02   -8.6024904251e-01
    2.5699013844e-02   -8.5963416100e-01
    2.5709966198e-02   -8.5894083977e-01
    2.5719700381e-02   -8.5832971334e-01
    2.5729434565e-02   -8.5772544146e-01
    2.5739170611e-02   -8.5712766647e-01
    2.5748904794e-02   -8.5652643442e-01
    2.5759855285e-02   -8.5584157705e-01
    2.5769591331e-02   -8.5524016619e-01
    2.5779325515e-02   -8.5465234518e-01
    2.5789059699e-02   -8.5407429934e-01
    2.5798793882e-02   -8.5350269079e-01
    2.5809746236e-02   -8.5286557674e-01
    2.5819480419e-02   -8.5230672359e-01
    2.5829706341e-02   -8.5172182322e-01
    2.5839930400e-02   -8.5113489628e-01
    2.5849474594e-02   -8.5059654713e-01
    2.5859769434e-02   -8.5003012419e-01
    2.5869993493e-02   -8.4947842360e-01
    2.5879537687e-02   -8.4896457195e-01
    2.5889763609e-02   -8.4841555357e-01
    2.5899989530e-02   -8.4788405895e-01
    2.5909531862e-02   -8.4740412235e-01
    2.5919757783e-02   -8.4690046310e-01
    2.5929983705e-02   -8.4640556574e-01
    2.5939527899e-02   -8.4594821930e-01
    2.5949751958e-02   -8.4545445442e-01
    2.5959977880e-02   -8.4495455027e-01
    2.5968911126e-02   -8.4452575445e-01
    2.5979734957e-02   -8.4401834011e-01
    2.5989374146e-02   -8.4356677532e-01
    2.5999600068e-02   -8.4308212996e-01
    2.6009825990e-02   -8.4258753061e-01
    2.6019262150e-02   -8.4213393927e-01
    2.6028996333e-02   -8.4168481827e-01
    2.6039851829e-02   -8.4118509293e-01
    2.6049396023e-02   -8.4072816372e-01
    2.6059621945e-02   -8.4023064375e-01
    2.6069847867e-02   -8.3973866701e-01
    2.6079459116e-02   -8.3928143978e-01
    2.6089362800e-02   -8.3880805969e-01
    2.6099096984e-02   -8.3833003044e-01
    2.6108831167e-02   -8.3783900738e-01
    2.6119783521e-02   -8.3728086948e-01
    2.6129957289e-02   -8.3676612377e-01
    2.6139501482e-02   -8.3629506826e-01
    2.6149727404e-02   -8.3579766750e-01
    2.6159951463e-02   -8.3529227972e-01
    2.6169495657e-02   -8.3481425047e-01
    2.6179721579e-02   -8.3430171013e-01
    2.6189947501e-02   -8.3378070593e-01
    2.6199411601e-02   -8.3329701424e-01
    2.6209602132e-02   -8.3278810978e-01
    2.6219338179e-02   -8.3230477571e-01
    2.6229530573e-02   -8.3179402351e-01
    2.6239169762e-02   -8.3131027222e-01
    2.6249561459e-02   -8.3078438044e-01
    2.6259787381e-02   -8.3025789261e-01
    2.6269329712e-02   -8.2976919413e-01
    2.6279555634e-02   -8.2924789190e-01
    2.6289781556e-02   -8.2871401310e-01
    2.6299325749e-02   -8.2820791006e-01
    2.6309549809e-02   -8.2766622305e-01
    2.6319775730e-02   -8.2712614536e-01
    2.6329319924e-02   -8.2662647963e-01
    2.6339545846e-02   -8.2609552145e-01
    2.6349769905e-02   -8.2555782795e-01
    2.6359995827e-02   -8.2500344515e-01
    2.6369540021e-02   -8.2447588444e-01
    2.6379765943e-02   -8.2391011715e-01
    2.6389990002e-02   -8.2334268093e-01
    2.6399534196e-02   -8.2280957699e-01
    2.6409760118e-02   -8.2223385572e-01
    2.6419986039e-02   -8.2164412737e-01
    2.6429528370e-02   -8.2107847929e-01
    2.6439754292e-02   -8.2047015429e-01
    2.6449980214e-02   -8.1986111403e-01
    2.6459524408e-02   -8.1928128004e-01
    2.6469748467e-02   -8.1865096092e-01
    2.6479974389e-02   -8.1801509857e-01
    2.6489518583e-02   -8.1740641594e-01
    2.6499744505e-02   -8.1674098969e-01
    2.6509968564e-02   -8.1607139111e-01
    2.6519512758e-02   -8.1543409824e-01
    2.6529738680e-02   -8.1473976374e-01
    2.6539964601e-02   -8.1404113770e-01
    2.6549506932e-02   -8.1337779760e-01
    2.6559732854e-02   -8.1265246868e-01
    2.6569958776e-02   -8.1191951036e-01
    2.6579257101e-02   -8.1124758720e-01
    2.6589861140e-02   -8.1047320366e-01
    2.6599597186e-02   -8.0975216627e-01
    2.6609623805e-02   -8.0899482965e-01
    2.6619849727e-02   -8.0821222067e-01
    2.6629393920e-02   -8.0748188496e-01
    2.6639619842e-02   -8.0670404434e-01
    2.6649843901e-02   -8.0592352152e-01
    2.6659388095e-02   -8.0517965555e-01
    2.6669614017e-02   -8.0436110497e-01
    2.6679839939e-02   -8.0352938175e-01
    2.6689568534e-02   -8.0273038149e-01
    2.6699302718e-02   -8.0192428827e-01
    2.6709036902e-02   -8.0111134052e-01
    2.6719989255e-02   -8.0018419027e-01
    2.6729628444e-02   -7.9935473204e-01
    2.6739852503e-02   -7.9847109318e-01
    2.6749396697e-02   -7.9764980078e-01
    2.6759622619e-02   -7.9676645994e-01
    2.6769848540e-02   -7.9587322474e-01
    2.6779390872e-02   -7.9502725601e-01
    2.6789616793e-02   -7.9410618544e-01
    2.6799842715e-02   -7.9317414761e-01
    2.6809386909e-02   -7.9229933023e-01
    2.6819679886e-02   -7.9135209322e-01
    2.6829123497e-02   -7.9047608376e-01
    2.6839679107e-02   -7.8948414326e-01
    2.6849905029e-02   -7.8850638866e-01
    2.6859449223e-02   -7.8758281469e-01
    2.6869675145e-02   -7.8659027815e-01
    2.6879899204e-02   -7.8559637070e-01
    2.6889443398e-02   -7.8465998173e-01
    2.6899669319e-02   -7.8364318609e-01
    2.6909895241e-02   -7.8261345625e-01
    2.6919437572e-02   -7.8164267540e-01
    2.6929700747e-02   -7.8059250116e-01
    2.6939576492e-02   -7.7957457304e-01
    2.6949800551e-02   -7.7850764990e-01
    2.6959344745e-02   -7.7750331163e-01
    2.6969570667e-02   -7.7642399073e-01
    2.6979796588e-02   -7.7534675598e-01
    2.6989338920e-02   -7.7434033155e-01
    2.6999564841e-02   -7.7325093746e-01
    2.7009790763e-02   -7.7214896679e-01
    2.7019334957e-02   -7.7111226320e-01
    2.7029559016e-02   -7.6999604702e-01
    2.7039784938e-02   -7.6887768507e-01
    2.7049329132e-02   -7.6783323288e-01
    2.7059555054e-02   -7.6671200991e-01
    2.7069779113e-02   -7.6558643579e-01
    2.7079323307e-02   -7.6453119516e-01
    2.7089549229e-02   -7.6339572668e-01
    2.7099775150e-02   -7.6225763559e-01
    2.7109317482e-02   -7.6119452715e-01
    2.7119543403e-02   -7.6005750895e-01
    2.7129769325e-02   -7.5891983509e-01
    2.7139995247e-02   -7.5777685642e-01
    2.7149537578e-02   -7.5670754910e-01
    2.7159763500e-02   -7.5556528568e-01
    2.7169989422e-02   -7.5442796946e-01
    2.7179533616e-02   -7.5336676836e-01
    2.7189757675e-02   -7.5222587585e-01
    2.7199983597e-02   -7.5108075142e-01
    2.7209527791e-02   -7.5000929832e-01
    2.7219751850e-02   -7.4885857105e-01
    2.7229977772e-02   -7.4770551920e-01
    2.7239521965e-02   -7.4662822485e-01
    2.7249747887e-02   -7.4547266960e-01
    2.7259971946e-02   -7.4431478977e-01
    2.7269516140e-02   -7.4323099852e-01
    2.7279742062e-02   -7.4206680059e-01
    2.7289967984e-02   -7.4089795351e-01
    2.7299510315e-02   -7.3979848623e-01
    2.7309736237e-02   -7.3861545324e-01
    2.7319962159e-02   -7.3743420839e-01
    2.7329506353e-02   -7.3633176088e-01
    2.7339730412e-02   -7.3514473438e-01
    2.7349956334e-02   -7.3395252228e-01
    2.7359500527e-02   -7.3283833265e-01
    2.7369726449e-02   -7.3164230585e-01
    2.7379950508e-02   -7.3044341803e-01
    2.7389494702e-02   -7.2932475805e-01
    2.7399720624e-02   -7.2812384367e-01
    2.7409946546e-02   -7.2691476345e-01
    2.7419488877e-02   -7.2578537464e-01
    2.7429714799e-02   -7.2457623482e-01
    2.7439940721e-02   -7.2336024046e-01
    2.7449484915e-02   -7.2222167253e-01
    2.7459708974e-02   -7.2100585699e-01
    2.7469934896e-02   -7.1979051828e-01
    2.7479479089e-02   -7.1865218878e-01
    2.7489705011e-02   -7.1743452549e-01
    2.7499929070e-02   -7.1622127295e-01
    2.7509473264e-02   -7.1509069204e-01
    2.7519699186e-02   -7.1388167143e-01
    2.7529925108e-02   -7.1267288923e-01
    2.7539467439e-02   -7.1154344082e-01
    2.7549693361e-02   -7.1033191681e-01
    2.7559919283e-02   -7.0911979675e-01
    2.7569463477e-02   -7.0798915625e-01
    2.7579687536e-02   -7.0677864552e-01
    2.7589913458e-02   -7.0556950569e-01
    2.7599457651e-02   -7.0444214344e-01
    2.7609683573e-02   -7.0323413610e-01
    2.7619907632e-02   -7.0202630758e-01
    2.7629451826e-02   -7.0090013742e-01
    2.7639677748e-02   -6.9969546795e-01
    2.7649903670e-02   -6.9849413633e-01
    2.7659446001e-02   -6.9737583399e-01
    2.7669671923e-02   -6.9618016481e-01
    2.7679866180e-02   -6.9499045610e-01
    2.7689622715e-02   -6.9385272264e-01
    2.7699848637e-02   -6.9266092777e-01
    2.7709392831e-02   -6.9155329466e-01
    2.7719618753e-02   -6.9037604332e-01
    2.7729842812e-02   -6.8921035528e-01
    2.7739387006e-02   -6.8813043833e-01
    2.7749612927e-02   -6.8697875738e-01
    2.7759838849e-02   -6.8583458662e-01
    2.7769381180e-02   -6.8477565050e-01
    2.7779607102e-02   -6.8365162611e-01
    2.7789833024e-02   -6.8253797293e-01
    2.7799377218e-02   -6.8150699139e-01
    2.7809601277e-02   -6.8040972948e-01
    2.7819827199e-02   -6.7932009697e-01
    2.7829371393e-02   -6.7831093073e-01
    2.7839597315e-02   -6.7723804712e-01
    2.7849821374e-02   -6.7617368698e-01
    2.7859365568e-02   -6.7518877983e-01
    2.7869591489e-02   -6.7414343357e-01
    2.7879817411e-02   -6.7310798168e-01
    2.7889359742e-02   -6.7214912176e-01
    2.7899585664e-02   -6.7112904787e-01
    2.7909811586e-02   -6.7011684179e-01
    2.7919355780e-02   -6.6917914152e-01
    2.7929579839e-02   -6.6818362474e-01
    2.7939805761e-02   -6.6720098257e-01
    2.7949349955e-02   -6.6629660130e-01
    2.7959575877e-02   -6.6534018517e-01
    2.7969799936e-02   -6.6439539194e-01
    2.7979344130e-02   -6.6352283955e-01
    2.7989570051e-02   -6.6259825230e-01
    2.7999795973e-02   -6.6168421507e-01
    2.8009338304e-02   -6.6084003448e-01
    2.8019564226e-02   -6.5994668007e-01
    2.8029790148e-02   -6.5906649828e-01
    2.8039334342e-02   -6.5825736523e-01
    2.8049558401e-02   -6.5740340948e-01
    2.8059784323e-02   -6.5656250715e-01
    2.8069328517e-02   -6.5578949451e-01
    2.8079554439e-02   -6.5497428179e-01
    2.8089778498e-02   -6.5417319536e-01
    2.8099322692e-02   -6.5343898535e-01
    2.8109548613e-02   -6.5266722441e-01
    2.8119774535e-02   -6.5191048384e-01
    2.8129998595e-02   -6.5116858482e-01
    2.8139542788e-02   -6.5049034357e-01
    2.8149768710e-02   -6.4977920055e-01
    2.8159992769e-02   -6.4908343554e-01
    2.8169536963e-02   -6.4844864607e-01
    2.8179762885e-02   -6.4778459072e-01
    2.8189988807e-02   -6.4713811874e-01
    2.8199531138e-02   -6.4655196667e-01
    2.8209757060e-02   -6.4594769478e-01
    2.8219982982e-02   -6.4535886049e-01
    2.8229527175e-02   -6.4480090141e-01
    2.8239751235e-02   -6.4422106743e-01
    2.8249977157e-02   -6.4368861914e-01
    2.8259890154e-02   -6.4320397377e-01
    2.8269529343e-02   -6.4275074005e-01
    2.8279170394e-02   -6.4231598377e-01
    2.8289843351e-02   -6.4185810089e-01
    2.8299385682e-02   -6.4147114754e-01
    2.8309611604e-02   -6.4108914137e-01
    2.8319837525e-02   -6.4074069262e-01
    2.8329467401e-02   -6.4040791988e-01
    2.8339106590e-02   -6.4004874229e-01
    2.8349710628e-02   -6.3966912031e-01
    2.8359467164e-02   -6.3936442137e-01
    2.8369693086e-02   -6.3905668259e-01
    2.8379919007e-02   -6.3877034187e-01
    2.8389463201e-02   -6.3854521513e-01
    2.8399687260e-02   -6.3832926750e-01
    2.8409913182e-02   -6.3812929392e-01
    2.8419457376e-02   -6.3796478510e-01
    2.8429683298e-02   -6.3780945539e-01
    2.8439907357e-02   -6.3767009974e-01
    2.8449663892e-02   -6.3754111528e-01
    2.8459247202e-02   -6.3741213083e-01
    2.8469851241e-02   -6.3727509975e-01
    2.8479490429e-02   -6.3717418909e-01
    2.8489930555e-02   -6.3710063696e-01
    2.8499472886e-02   -6.3706099987e-01
    2.8509698808e-02   -6.3704103231e-01
    2.8519924730e-02   -6.3704252243e-01
    2.8529468924e-02   -6.3706117868e-01
    2.8539692983e-02   -6.3709378242e-01
    2.8549605981e-02   -6.3713282347e-01
    2.8559245169e-02   -6.3717573881e-01
    2.8569849208e-02   -6.3722801208e-01
    2.8579490259e-02   -6.3728284836e-01
    2.8589129448e-02   -6.3734930754e-01
    2.8599733487e-02   -6.3744175434e-01
    2.8609374538e-02   -6.3752639294e-01
    2.8619978577e-02   -6.3761556149e-01
    2.8629617766e-02   -6.3771319389e-01
    2.8639258817e-02   -6.3782364130e-01
    2.8649862856e-02   -6.3795101643e-01
    2.8659502044e-02   -6.3807809353e-01
    2.8669143096e-02   -6.3821649551e-01
    2.8679747134e-02   -6.3837879896e-01
    2.8689386323e-02   -6.3853526115e-01
    2.8699990362e-02   -6.3871234655e-01
    2.8709631413e-02   -6.3887584209e-01
    2.8719339520e-02   -6.3904529810e-01
    2.8729565442e-02   -6.3922804594e-01
    2.8739791363e-02   -6.3939702511e-01
    2.8749333695e-02   -6.3954657316e-01
    2.8759559616e-02   -6.3972091675e-01
    2.8769785538e-02   -6.3990455866e-01
    2.8779329732e-02   -6.4007395506e-01
    2.8789553791e-02   -6.4025688171e-01
    2.8799779713e-02   -6.4044159651e-01
    2.8809323907e-02   -6.4061242342e-01
    2.8819549829e-02   -6.4079648256e-01
    2.8829773888e-02   -6.4098119736e-01
    2.8839318082e-02   -6.4115005732e-01
    2.8849544004e-02   -6.4132744074e-01
    2.8859769925e-02   -6.4150112867e-01
    2.8869524598e-02   -6.4166498184e-01
    2.8878947720e-02   -6.4182335138e-01
    2.8889898211e-02   -6.4199364185e-01
    2.8899632394e-02   -6.4213675261e-01
    2.8909366578e-02   -6.4228147268e-01
    2.8919911012e-02   -6.4243268967e-01
    2.8929455206e-02   -6.4256250858e-01
    2.8939681128e-02   -6.4269775152e-01
    2.8949905187e-02   -6.4282894135e-01
    2.8959449381e-02   -6.4294761419e-01
    2.8969675303e-02   -6.4306908846e-01
    2.8979111463e-02   -6.4317333698e-01
    2.8989555314e-02   -6.4328092337e-01
    2.8999196365e-02   -6.4337521791e-01
    2.9009800404e-02   -6.4347314835e-01
    2.9019439593e-02   -6.4355534315e-01
    2.9029080644e-02   -6.4363455772e-01
    2.9039684683e-02   -6.4371639490e-01
    2.9049323872e-02   -6.4377599955e-01
    2.9059927911e-02   -6.4383053780e-01
    2.9069568962e-02   -6.4387506247e-01
    2.9079208151e-02   -6.4391052723e-01
    2.9089653865e-02   -6.4394003153e-01
    2.9099293053e-02   -6.4396321774e-01
    2.9109897092e-02   -6.4398264885e-01
    2.9119538143e-02   -6.4399397373e-01
    2.9129177332e-02   -6.4400053024e-01
    2.9139781371e-02   -6.4399963617e-01
    2.9149422422e-02   -6.4399033785e-01
    2.9159061611e-02   -6.4397382736e-01
    2.9169665650e-02   -6.4394742250e-01
    2.9179306701e-02   -6.4391613007e-01
    2.9189910740e-02   -6.4387470484e-01
    2.9199549928e-02   -6.4383149147e-01
    2.9209190980e-02   -6.4378225803e-01
    2.9219795018e-02   -6.4372128248e-01
    2.9229434207e-02   -6.4366269112e-01
    2.9239075258e-02   -6.4359712601e-01
    2.9249679297e-02   -6.4351505041e-01
    2.9259318486e-02   -6.4343827963e-01
    2.9269922525e-02   -6.4335203171e-01
    2.9279563576e-02   -6.4326757193e-01
    2.9289202765e-02   -6.4317828417e-01
    2.9299806803e-02   -6.4307653904e-01
    2.9309447855e-02   -6.4297872782e-01
    2.9319439083e-02   -6.4287126064e-01
    2.9329665005e-02   -6.4275670052e-01
    2.9339889064e-02   -6.4263671637e-01
    2.9349433258e-02   -6.4251875877e-01
    2.9359579086e-02   -6.4239084721e-01
    2.9369220138e-02   -6.4226931334e-01
    2.9379824176e-02   -6.4213347435e-01
    2.9389463365e-02   -6.4200854301e-01
    2.9399104416e-02   -6.4188528061e-01
    2.9409611598e-02   -6.4175218344e-01
    2.9419837520e-02   -6.4162391424e-01
    2.9429379851e-02   -6.4150691032e-01
    2.9439974576e-02   -6.4137858152e-01
    2.9449613765e-02   -6.4126211405e-01
    2.9459254816e-02   -6.4114761353e-01
    2.9469858855e-02   -6.4102315903e-01
    2.9479401186e-02   -6.4091098309e-01
    2.9489627108e-02   -6.4079272747e-01
    2.9499853030e-02   -6.4067828655e-01
    2.9509397224e-02   -6.4057505131e-01
    2.9519621283e-02   -6.4046978951e-01
    2.9529847205e-02   -6.4037328959e-01
    2.9539311305e-02   -6.4029210806e-01
    2.9549866915e-02   -6.4021164179e-01
    2.9559411108e-02   -6.4014816284e-01
    2.9569637030e-02   -6.4008772373e-01
    2.9579862952e-02   -6.4003497362e-01
    2.9589405283e-02   -6.3999223709e-01
    2.9599631205e-02   -6.3995265961e-01
    2.9609857127e-02   -6.3992094994e-01
    2.9619401321e-02   -6.3989895582e-01
    2.9629625380e-02   -6.3988399506e-01
    2.9639851302e-02   -6.3987857103e-01
    2.9649395496e-02   -6.3988190889e-01
    2.9659621418e-02   -6.3989412785e-01
    2.9669845477e-02   -6.3991618156e-01
    2.9679389670e-02   -6.3994735479e-01
    2.9689615592e-02   -6.3999366760e-01
    2.9699841514e-02   -6.4005345106e-01
    2.9709383845e-02   -6.4012080431e-01
    2.9719609767e-02   -6.4020431042e-01
    2.9729835689e-02   -6.4029878378e-01
    2.9739981517e-02   -6.4040291309e-01
    2.9749620706e-02   -6.4051109552e-01
    2.9759261757e-02   -6.4062869549e-01
    2.9769865796e-02   -6.4076894522e-01
    2.9779504985e-02   -6.4090746641e-01
    2.9789146036e-02   -6.4105701447e-01
    2.9799750075e-02   -6.4123272896e-01
    2.9809389263e-02   -6.4140331745e-01
    2.9819993302e-02   -6.4160543680e-01
    2.9829634354e-02   -6.4180171490e-01
    2.9839273542e-02   -6.4200878143e-01
    2.9849877581e-02   -6.4224982262e-01
    2.9859518632e-02   -6.4248055220e-01
    2.9869744554e-02   -6.4273738861e-01
    2.9879968613e-02   -6.4300799370e-01
    2.9889512807e-02   -6.4327329397e-01
    2.9899738729e-02   -6.4356851578e-01
    2.9909964651e-02   -6.4387345314e-01
    2.9919506982e-02   -6.4416939020e-01
    2.9929732904e-02   -6.4449834824e-01
    2.9939958826e-02   -6.4483809471e-01
    2.9949503019e-02   -6.4516603947e-01
    2.9959727079e-02   -6.4553081989e-01
    2.9969953001e-02   -6.4591282606e-01
    2.9979497194e-02   -6.4628207684e-01
    2.9989723116e-02   -6.4668774605e-01
    2.9999947175e-02   -6.4710700512e-01
    3.0000628904e-02   -6.4713543653e-01
