      3002
    0.0000000000e+00    0.0000000000e+00
    9.7362280940e-06   -5.2290732810e-07
    1.9472456188e-05   -1.9754277218e-06
    2.9208684282e-05   -4.3575610107e-06
    3.8944912376e-05   -7.6693077062e-06
    4.9898168072e-05   -1.2506199710e-05
    5.9634396166e-05   -1.7793374354e-05
    6.9370624260e-05   -2.4010161724e-05
    7.9106852354e-05   -3.1156559999e-05
    8.8843080448e-05   -3.9232574636e-05
    9.9796336144e-05   -4.9429265346e-05
    1.0953256424e-04   -5.9480702475e-05
    1.1936988449e-04   -7.0580652391e-05
    1.2953022087e-04   -8.3041348262e-05
    1.3996323105e-04   -9.6889933047e-05
    1.4953492791e-04   -1.1053410708e-04
    1.5932475799e-04   -1.2541864999e-04
    1.6991917801e-04   -1.4257807925e-04
    1.7999132979e-04   -1.5935194097e-04
    1.8913866370e-04   -1.7006981943e-04
    1.9923162472e-04   -3.6513191299e-04
    2.0896780188e-04   -7.0868403418e-04
    2.1992098482e-04   -9.0068398276e-04
    2.2965716198e-04   -1.0444839718e-03
    2.3939332459e-04   -1.1938095558e-03
    2.4912951631e-04   -1.3822180917e-03
    2.5886573712e-04   -1.6240490368e-03
    2.6981896372e-04   -1.9014913123e-03
    2.7955518453e-04   -2.1483309101e-03
    2.8929137625e-04   -2.4248829577e-03
    2.9902759707e-04   -2.7379305102e-03
    3.0998082366e-04   -3.1392378733e-03
    3.1971701537e-04   -3.5385598894e-03
    3.2945323619e-04   -3.9654402062e-03
    3.3918942790e-04   -4.4098538347e-03
    3.4892561962e-04   -4.8701651394e-03
    3.5987884621e-04   -5.4119774140e-03
    3.6961500882e-04   -5.9174741618e-03
    3.7935117143e-04   -6.4375251532e-03
    3.8908733404e-04   -6.9628828205e-03
    3.9882346755e-04   -7.4882395566e-03
    4.0977660683e-04   -8.0854920670e-03
    4.1951274034e-04   -8.6360676214e-03
    4.2924884474e-04   -9.2116286978e-03
    4.3898492004e-04   -9.8148379475e-03
    4.4993803021e-04   -1.0527264327e-02
    4.5967410551e-04   -1.1189568788e-02
    4.6941020992e-04   -1.1875703000e-02
    4.7914628522e-04   -1.2574679218e-02
    4.8888236051e-04   -1.3279127888e-02
    4.9983541248e-04   -1.4081231318e-02
    5.0957145868e-04   -1.4812259935e-02
    5.1930750487e-04   -1.5569788404e-02
    5.2904355107e-04   -1.6354674473e-02
    5.3999660304e-04   -1.7267474905e-02
    5.4973264923e-04   -1.8104236573e-02
    5.5946863722e-04   -1.8963538110e-02
    5.6920468342e-04   -1.9843565300e-02
    5.7894072961e-04   -2.0742036402e-02
    5.8989372337e-04   -2.1772041917e-02
    5.9962976957e-04   -2.2703710943e-02
    6.0936575755e-04   -2.3650672287e-02
    6.1910174554e-04   -2.4612080306e-02
    6.2883773353e-04   -2.5587810203e-02
    6.3979072729e-04   -2.6700796559e-02
    6.4952671528e-04   -2.7701847255e-02
    6.5926270327e-04   -2.8715815395e-02
    6.6899863305e-04   -2.9745372012e-02
    6.7995156860e-04   -3.0926911160e-02
    6.8968749838e-04   -3.2000750303e-02
    6.9942342816e-04   -3.3097010106e-02
    7.0915935794e-04   -3.4217320383e-02
    7.1889528772e-04   -3.5363581032e-02
    7.2984816507e-04   -3.6685019732e-02
    7.3958403664e-04   -3.7887748331e-02
    7.4931996642e-04   -3.9115052670e-02
    7.5905583799e-04   -4.0365744382e-02
    7.6879170956e-04   -4.1640967131e-02
    7.7974458691e-04   -4.3105725199e-02
    7.8948045848e-04   -4.4435020536e-02
    7.9921633005e-04   -4.5790117234e-02
    8.0895220162e-04   -4.7170788050e-02
    8.1990502076e-04   -4.8757810146e-02
    8.2964089233e-04   -5.0200693309e-02
    8.3937670570e-04   -5.1674298942e-02
    8.4911251906e-04   -5.3178675473e-02
    8.5884833243e-04   -5.4712262005e-02
    8.6980109336e-04   -5.6471567601e-02
    8.7953690672e-04   -5.8065902442e-02
    8.8927266188e-04   -5.9688754380e-02
    8.9900847524e-04   -6.1340373009e-02
    9.0996123618e-04   -6.3232891262e-02
    9.1969704954e-04   -6.4946167171e-02
    9.2943280470e-04   -6.6691093147e-02
    9.3916861806e-04   -6.8470023572e-02
    9.4890443143e-04   -7.0284128189e-02
    9.5985713415e-04   -7.2366438806e-02
    9.6959294751e-04   -7.4250839651e-02
    9.7932864446e-04   -7.6163724065e-02
    9.8906445783e-04   -7.8103423119e-02
    9.9880015478e-04   -8.0068573356e-02
    1.0097529739e-03   -8.2309506834e-02
    1.0194886709e-03   -8.4328211844e-02
    1.0292244842e-03   -8.6372360587e-02
    1.0389602976e-03   -8.8442705572e-02
    1.0499130003e-03   -9.0802706778e-02
    1.0596488137e-03   -9.2926397920e-02
    1.0693845106e-03   -9.5072351396e-02
    1.0791202076e-03   -9.7238242626e-02
    1.0888560209e-03   -9.9423259497e-02
    1.0998087237e-03   -1.0190519691e-01
    1.1095444206e-03   -1.0413391143e-01
    1.1192800011e-03   -1.0638530552e-01
    1.1290156981e-03   -1.0863719136e-01
    1.1399682844e-03   -1.1107819527e-01
    1.1497038649e-03   -1.1311642081e-01
    1.1594395619e-03   -1.1497871578e-01
    1.1691751424e-03   -1.1664886773e-01
    1.1789107230e-03   -1.1815183610e-01
    1.1898631928e-03   -1.1961594224e-01
    1.1995987734e-03   -1.2070200592e-01
    1.2093343539e-03   -1.2160385400e-01
    1.2190698180e-03   -1.2231866270e-01
    1.2288053986e-03   -1.2285907567e-01
    1.2397578685e-03   -1.2326897681e-01
    1.2494933326e-03   -1.2342789024e-01
    1.2592287967e-03   -1.2339381129e-01
    1.2689642608e-03   -1.2319177389e-01
    1.2799164979e-03   -1.2280841917e-01
    1.2896518456e-03   -1.2237992883e-01
    1.2993871933e-03   -1.2189008296e-01
    1.3091224246e-03   -1.2134940177e-01
    1.3188576559e-03   -1.2076910585e-01
    1.3298095437e-03   -1.2009710819e-01
    1.3395446585e-03   -1.1951070279e-01
    1.3492795406e-03   -1.1893501133e-01
    1.3590144226e-03   -1.1836428940e-01
    1.3699659612e-03   -1.1771652848e-01
    1.3797007268e-03   -1.1712139845e-01
    1.3894352596e-03   -1.1648122221e-01
    1.3991699088e-03   -1.1577805132e-01
    1.4089043252e-03   -1.1502338201e-01
    1.4198555145e-03   -1.1412177235e-01
    1.4295898145e-03   -1.1329039186e-01
    1.4393239981e-03   -1.1246606708e-01
    1.4490581816e-03   -1.1165785044e-01
    1.4587921323e-03   -1.1087509990e-01
    1.4697428560e-03   -1.1006699502e-01
    1.4794766903e-03   -1.0943255574e-01
    1.4892105246e-03   -1.0886384547e-01
    1.4989443589e-03   -1.0831452906e-01
    1.5098948497e-03   -1.0766288638e-01
    1.5196285676e-03   -1.0705428571e-01
    1.5293622855e-03   -1.0644260794e-01
    1.5390960034e-03   -1.0585048795e-01
    1.5488298377e-03   -1.0529311001e-01
    1.5597802121e-03   -1.0470786691e-01
    1.5695139300e-03   -1.0422019660e-01
    1.5792476479e-03   -1.0376099497e-01
    1.5889812494e-03   -1.0332371294e-01
    1.5999315074e-03   -1.0283946246e-01
    1.6096651088e-03   -1.0240942985e-01
    1.6193987103e-03   -1.0198973864e-01
    1.6291323118e-03   -1.0157953203e-01
    1.6388660297e-03   -1.0117671639e-01
    1.6498164041e-03   -1.0073769093e-01
    1.6595501220e-03   -1.0036489367e-01
    1.6692837235e-03   -1.0002279282e-01
    1.6790173249e-03   -9.9724017084e-02
    1.6899674665e-03   -9.9447488785e-02
    1.6997008352e-03   -9.9257506430e-02
    1.7094340874e-03   -9.9113270640e-02
    1.7191673396e-03   -9.9010206759e-02
    1.7289005918e-03   -9.8946876824e-02
    1.7398502678e-03   -9.8919488490e-02
    1.7495832872e-03   -9.8937042058e-02
    1.7593164230e-03   -9.8994903266e-02
    1.7690493260e-03   -9.9089004099e-02
    1.7799990019e-03   -9.9234595895e-02
    1.7897320213e-03   -9.9396489561e-02
    1.7994650407e-03   -9.9588677287e-02
    1.8091980601e-03   -9.9811397493e-02
    1.8189310795e-03   -1.0006435215e-01
    1.8298808718e-03   -1.0038624704e-01
    1.8396140076e-03   -1.0070220381e-01
    1.8493472598e-03   -1.0104092956e-01
    1.8590805121e-03   -1.0140029341e-01
    1.8688137643e-03   -1.0177821666e-01
    1.8797636731e-03   -1.0222837329e-01
    1.8894969253e-03   -1.0265924782e-01
    1.8992302939e-03   -1.0312638432e-01
    1.9089635462e-03   -1.0363451391e-01
    1.9199134549e-03   -1.0424926132e-01
    1.9296468236e-03   -1.0481328517e-01
    1.9393800758e-03   -1.0537724197e-01
    1.9491133280e-03   -1.0592561960e-01
    1.9588465802e-03   -1.0644768924e-01
    1.9697966054e-03   -1.0699815303e-01
    1.9795298576e-03   -1.0745228082e-01
    1.9892631099e-03   -1.0787805915e-01
    1.9989963621e-03   -1.0828900337e-01
    2.0099463873e-03   -1.0875273496e-01
    2.0196796395e-03   -1.0918133706e-01
    2.0294128917e-03   -1.0963850468e-01
    2.0391461439e-03   -1.1013620347e-01
    2.0488793962e-03   -1.1068359762e-01
    2.0598291885e-03   -1.1136730015e-01
    2.0695622079e-03   -1.1203971505e-01
    2.0792954601e-03   -1.1277320981e-01
    2.0890282467e-03   -1.1356922984e-01
    2.0999778062e-03   -1.1454991996e-01
    2.1097105928e-03   -1.1550784856e-01
    2.1194433793e-03   -1.1655256897e-01
    2.1291761659e-03   -1.1768533289e-01
    2.1389087196e-03   -1.1890191585e-01
    2.1498578135e-03   -1.2036143243e-01
    2.1595901344e-03   -1.2172947079e-01
    2.1693224553e-03   -1.2315204740e-01
    2.1790550090e-03   -1.2461329997e-01
    2.1887873299e-03   -1.2609250844e-01
    2.1997361910e-03   -1.2775006890e-01
    2.2094685119e-03   -1.2917166948e-01
    2.2192008328e-03   -1.3049755991e-01
    2.2289329208e-03   -1.3170325756e-01
    2.2398817819e-03   -1.3289749622e-01
    2.2496138699e-03   -1.3383357227e-01
    2.2593459580e-03   -1.3467372954e-01
    2.2690780461e-03   -1.3541702926e-01
    2.2788099013e-03   -1.3605730236e-01
    2.2897582967e-03   -1.3664799929e-01
    2.2994901519e-03   -1.3705874979e-01
    2.3092217743e-03   -1.3736397028e-01
    2.3189533968e-03   -1.3755808771e-01
    2.3299010936e-03   -1.3765248656e-01
    2.3396324832e-03   -1.3764658570e-01
    2.3493638728e-03   -1.3756738603e-01
    2.3590950295e-03   -1.3742229342e-01
    2.3688259535e-03   -1.3721311092e-01
    2.3797734175e-03   -1.3689824939e-01
    2.3895043414e-03   -1.3655203581e-01
    2.3992352653e-03   -1.3615103066e-01
    2.4089659564e-03   -1.3570556045e-01
    2.4199129548e-03   -1.3516095281e-01
    2.4296436459e-03   -1.3464416564e-01
    2.4393741041e-03   -1.3408656418e-01
    2.4491045624e-03   -1.3343669474e-01
    2.4588350207e-03   -1.3267605007e-01
    2.4697817862e-03   -1.3173548877e-01
    2.4795120116e-03   -1.3088010252e-01
    2.4892422371e-03   -1.3006158173e-01
    2.4989724625e-03   -1.2931284308e-01
    2.5099187624e-03   -1.2856678665e-01
    2.5196489878e-03   -1.2799659371e-01
    2.5293789804e-03   -1.2752057612e-01
    2.5391087402e-03   -1.2715761364e-01
    2.5488387328e-03   -1.2690073252e-01
    2.5597847998e-03   -1.2670625746e-01
    2.5695147924e-03   -1.2663692236e-01
    2.5792445522e-03   -1.2671169639e-01
    2.5889743119e-03   -1.2696839869e-01
    2.5999201462e-03   -1.2750145793e-01
    2.6096499059e-03   -1.2818519771e-01
    2.6193796657e-03   -1.2904174626e-01
    2.6291091926e-03   -1.3005810976e-01
    2.6388389524e-03   -1.3122530282e-01
    2.6497847866e-03   -1.3268747926e-01
    2.6595143136e-03   -1.3407677412e-01
    2.6692438405e-03   -1.3553555310e-01
    2.6789733674e-03   -1.3705334067e-01
    2.6899192017e-03   -1.3879169524e-01
    2.6996489614e-03   -1.4033332467e-01
    2.7093784884e-03   -1.4184466004e-01
    2.7191082481e-03   -1.4328633249e-01
    2.7288377751e-03   -1.4463499188e-01
    2.7397836093e-03   -1.4603181183e-01
    2.7495131362e-03   -1.4713977277e-01
    2.7592428960e-03   -1.4809229970e-01
    2.7689724229e-03   -1.4887076616e-01
    2.7799180243e-03   -1.4952665567e-01
    2.7896477841e-03   -1.4992119372e-01
    2.7993773110e-03   -1.5016210079e-01
    2.8091070708e-03   -1.5027236938e-01
    2.8188365977e-03   -1.5026874840e-01
    2.8297826648e-03   -1.5014955401e-01
    2.8395121917e-03   -1.4996446669e-01
    2.8492417186e-03   -1.4972464740e-01
    2.8589712456e-03   -1.4943997562e-01
    2.8699170798e-03   -1.4907509089e-01
    2.8796463739e-03   -1.4872843027e-01
    2.8893756680e-03   -1.4836986363e-01
    2.8991049621e-03   -1.4799189568e-01
    2.9088342562e-03   -1.4759805799e-01
    2.9197793920e-03   -1.4716108143e-01
    2.9295082204e-03   -1.4679285884e-01
    2.9392370488e-03   -1.4644567668e-01
    2.9489658773e-03   -1.4611750841e-01
    2.9599107802e-03   -1.4576971531e-01
    2.9696393758e-03   -1.4548768103e-01
    2.9793679714e-03   -1.4524984360e-01
    2.9890965670e-03   -1.4507298172e-01
    2.9988251626e-03   -1.4495892823e-01
    3.0097695999e-03   -1.4489735663e-01
    3.0194981955e-03   -1.4490430057e-01
    3.0292265583e-03   -1.4498154819e-01
    3.0389551539e-03   -1.4514397085e-01
    3.0498995911e-03   -1.4544397593e-01
    3.0596279539e-03   -1.4581389725e-01
    3.0693565495e-03   -1.4626304805e-01
    3.0790849123e-03   -1.4676769078e-01
    3.0888132751e-03   -1.4730556309e-01
    3.0997577123e-03   -1.4792677760e-01
    3.1094863079e-03   -1.4847669005e-01
    3.1192146707e-03   -1.4900885522e-01
    3.1289428007e-03   -1.4950968325e-01
    3.1398872379e-03   -1.5002442896e-01
    3.1496153679e-03   -1.5043507516e-01
    3.1593434978e-03   -1.5080447495e-01
    3.1690718606e-03   -1.5113860369e-01
    3.1787997577e-03   -1.5144187212e-01
    3.1897439621e-03   -1.5174210072e-01
    3.1994718593e-03   -1.5196010470e-01
    3.2091997564e-03   -1.5211729705e-01
    3.2189276535e-03   -1.5220180154e-01
    3.2298716251e-03   -1.5220321715e-01
    3.2395992894e-03   -1.5212227404e-01
    3.2493269537e-03   -1.5197007358e-01
    3.2590543851e-03   -1.5175543725e-01
    3.2699976582e-03   -1.5144823492e-01
    3.2797250897e-03   -1.5112359822e-01
    3.2894522883e-03   -1.5076088905e-01
    3.2991794869e-03   -1.5037326515e-01
    3.3089064527e-03   -1.4997413754e-01
    3.3198492602e-03   -1.4952799678e-01
    3.3295759931e-03   -1.4915035665e-01
    3.3393027261e-03   -1.4880804718e-01
    3.3490292262e-03   -1.4851754904e-01
    3.3599715680e-03   -1.4827026427e-01
    3.3696980681e-03   -1.4813451469e-01
    3.3794243354e-03   -1.4808823168e-01
    3.3891506027e-03   -1.4813958108e-01
    3.3988766372e-03   -1.4829450846e-01
    3.4098185133e-03   -1.4859665930e-01
    3.4195445478e-03   -1.4897996187e-01
    3.4292705823e-03   -1.4946854115e-01
    3.4389966168e-03   -1.5005618334e-01
    3.4499382600e-03   -1.5082749724e-01
    3.4596642945e-03   -1.5160131454e-01
    3.4693900961e-03   -1.5244349837e-01
    3.4791161306e-03   -1.5333664417e-01
    3.4899821039e-03   -1.5427890420e-01
    3.4988811240e-03   -1.5492089093e-01
    3.5097564105e-03   -1.5577161312e-01
    3.5194826778e-03   -1.5658046305e-01
    3.5292087123e-03   -1.5735761821e-01
    3.5389349796e-03   -1.5807972848e-01
    3.5498770885e-03   -1.5878215432e-01
    3.5596033558e-03   -1.5929101408e-01
    3.5693296231e-03   -1.5969270468e-01
    3.5790561233e-03   -1.5998339653e-01
    3.5899984650e-03   -1.6017824411e-01
    3.5997249652e-03   -1.6024407744e-01
    3.6094514653e-03   -1.6021791101e-01
    3.6191779654e-03   -1.6010786593e-01
    3.6289046984e-03   -1.5992483497e-01
    3.6398470402e-03   -1.5964643657e-01
    3.6495737731e-03   -1.5934143960e-01
    3.6593002733e-03   -1.5898174047e-01
    3.6690270063e-03   -1.5856865048e-01
    3.6799693480e-03   -1.5804696083e-01
    3.6896958482e-03   -1.5754373372e-01
    3.6994223483e-03   -1.5702012181e-01
    3.7091486156e-03   -1.5649242699e-01
    3.7188748829e-03   -1.5597441792e-01
    3.7298169918e-03   -1.5542015433e-01
    3.7395432591e-03   -1.5496532619e-01
    3.7492692936e-03   -1.5455473959e-01
    3.7589955609e-03   -1.5419583023e-01
    3.7699374370e-03   -1.5386269987e-01
    3.7796634715e-03   -1.5363776684e-01
    3.7893897388e-03   -1.5348756313e-01
    3.7991157733e-03   -1.5342034400e-01
    3.8088418078e-03   -1.5344695747e-01
    3.8197836839e-03   -1.5360024571e-01
    3.8295097183e-03   -1.5384957194e-01
    3.8392359857e-03   -1.5420410037e-01
    3.8489620201e-03   -1.5465810895e-01
    3.8599041291e-03   -1.5527518094e-01
    3.8696301635e-03   -1.5590316057e-01
    3.8793564308e-03   -1.5658825636e-01
    3.8890826982e-03   -1.5731346607e-01
    3.8988089655e-03   -1.5806424618e-01
    3.9097508416e-03   -1.5892404318e-01
    3.9194775745e-03   -1.5968941152e-01
    3.9292038418e-03   -1.6044421494e-01
    3.9389301091e-03   -1.6117748618e-01
    3.9498726837e-03   -1.6196420789e-01
    3.9595989510e-03   -1.6261880100e-01
    3.9693252183e-03   -1.6322086751e-01
    3.9790519513e-03   -1.6375908256e-01
    3.9899940602e-03   -1.6427189112e-01
    3.9997203276e-03   -1.6462993622e-01
    4.0094465949e-03   -1.6488198936e-01
    4.0191733278e-03   -1.6501727700e-01
    4.0288991295e-03   -1.6503089666e-01
    4.0398412384e-03   -1.6490444541e-01
    4.0495675057e-03   -1.6467629373e-01
    4.0592937730e-03   -1.6435156763e-01
    4.0690195747e-03   -1.6394196451e-01
    4.0799612179e-03   -1.6339442134e-01
    4.0896874852e-03   -1.6284382343e-01
    4.0994132869e-03   -1.6224552691e-01
    4.1091390885e-03   -1.6161203384e-01
    4.1198283434e-03   -1.6088889539e-01
    4.1299210861e-03   -1.6019473970e-01
    4.1390596889e-03   -1.5957814455e-01
    4.1487854905e-03   -1.5894414485e-01
    4.1597266681e-03   -1.5824964643e-01
    4.1694529355e-03   -1.5765486658e-01
    4.1791787371e-03   -1.5710119903e-01
    4.1889045388e-03   -1.5659660101e-01
    4.1998457164e-03   -1.5609489381e-01
    4.2095715180e-03   -1.5571378171e-01
    4.2192973197e-03   -1.5539556742e-01
    4.2290231213e-03   -1.5514367819e-01
    4.2399647646e-03   -1.5494503081e-01
    4.2496905662e-03   -1.5484541655e-01
    4.2594163679e-03   -1.5481701493e-01
    4.2691421695e-03   -1.5485619009e-01
    4.2788679712e-03   -1.5495580435e-01
    4.2898091488e-03   -1.5512789786e-01
    4.2995349504e-03   -1.5532322228e-01
    4.3092607521e-03   -1.5554971993e-01
    4.3189865537e-03   -1.5580058098e-01
    4.3299281970e-03   -1.5610422194e-01
    4.3396539986e-03   -1.5638543665e-01
    4.3493798003e-03   -1.5666987002e-01
    4.3591060676e-03   -1.5695168078e-01
    4.3688318692e-03   -1.5722641349e-01
    4.3797735125e-03   -1.5752291679e-01
    4.3894993141e-03   -1.5777134895e-01
    4.3992255814e-03   -1.5800078213e-01
    4.4089513831e-03   -1.5820591152e-01
    4.4195950031e-03   -1.5839509666e-01
    4.4299489819e-03   -1.5853932500e-01
    4.4396752492e-03   -1.5861067176e-01
    4.4494010508e-03   -1.5860940516e-01
    4.4595366344e-03   -1.5865916014e-01
    4.4693392701e-03   -1.5883170068e-01
    4.4790655375e-03   -1.5881589055e-01
    4.4887913391e-03   -1.5869143605e-01
    4.4997334480e-03   -1.5847516060e-01
    4.5094592497e-03   -1.5820948780e-01
    4.5191855170e-03   -1.5791386366e-01
    4.5289113186e-03   -1.5759241581e-01
    4.5398534276e-03   -1.5719996393e-01
    4.5495792292e-03   -1.5684263408e-01
    4.5593054965e-03   -1.5648460388e-01
    4.5690312982e-03   -1.5613012016e-01
    4.5799734071e-03   -1.5574610233e-01
    4.5896992087e-03   -1.5542511642e-01
    4.5994254760e-03   -1.5512913465e-01
    4.6091517434e-03   -1.5486283600e-01
    4.6188775450e-03   -1.5463034809e-01
    4.6298196539e-03   -1.5441472828e-01
    4.6395459212e-03   -1.5426708758e-01
    4.6492721885e-03   -1.5416266024e-01
    4.6589984559e-03   -1.5410222113e-01
    4.6699400991e-03   -1.5408527851e-01
    4.6796668321e-03   -1.5411379933e-01
    4.6893930994e-03   -1.5418133140e-01
    4.6991193667e-03   -1.5428443253e-01
    4.7088456340e-03   -1.5441901982e-01
    4.7197882086e-03   -1.5460301936e-01
    4.7295149416e-03   -1.5479069948e-01
    4.7392416745e-03   -1.5499545634e-01
    4.7489684075e-03   -1.5520961583e-01
    4.7596124932e-03   -1.5544357896e-01
    4.7690356150e-03   -1.5563897789e-01
    4.7790557146e-03   -1.5582467616e-01
    4.7894935124e-03   -1.5598092973e-01
    4.7991145402e-03   -1.5608507395e-01
    4.8094466329e-03   -1.5615011752e-01
    4.8191738315e-03   -1.5615867078e-01
    4.8289010301e-03   -1.5611343086e-01
    4.8389350995e-03   -1.5601398051e-01
    4.8498781398e-03   -1.5585161746e-01
    4.8596053384e-03   -1.5566679835e-01
    4.8690806143e-03   -1.5545669198e-01
    4.8790038563e-03   -1.5521089733e-01
    4.8894900829e-03   -1.5492700040e-01
    4.8991683871e-03   -1.5464569628e-01
    4.9096546136e-03   -1.5432472527e-01
    4.9190837890e-03   -1.5402680635e-01
    4.9288417213e-03   -1.5371529758e-01
    4.9390760250e-03   -1.5339109302e-01
    4.9488036893e-03   -1.5309406817e-01
    4.9597471952e-03   -1.5278208256e-01
    4.9694743939e-03   -1.5253049135e-01
    4.9792020582e-03   -1.5230509639e-01
    4.9898936413e-03   -1.5209223330e-01
    4.9989125691e-03   -1.5194761753e-01
    5.0098560750e-03   -1.5182009339e-01
    5.0199353136e-03   -1.5175293386e-01
    5.0292061642e-03   -1.5173672140e-01
    5.0389338285e-03   -1.5176777542e-01
    5.0491685979e-03   -1.5185321867e-01
    5.0588962622e-03   -1.5198442340e-01
    5.0698402338e-03   -1.5218289196e-01
    5.0789085217e-03   -1.5238012373e-01
    5.0898031332e-03   -1.5264537930e-01
    5.0995312631e-03   -1.5289661288e-01
    5.1092593931e-03   -1.5315304697e-01
    5.1189875230e-03   -1.5340742469e-01
    5.1298877224e-03   -1.5367533267e-01
    5.1391148008e-03   -1.5387861431e-01
    5.1488429308e-03   -1.5406620502e-01
    5.1590339281e-03   -1.5422400832e-01
    5.1699788310e-03   -1.5435071290e-01
    5.1799616776e-03   -1.5442329645e-01
    5.1894853823e-03   -1.5444976091e-01
    5.1992139779e-03   -1.5443560481e-01
    5.2097016014e-03   -1.5436652303e-01
    5.2194301970e-03   -1.5425124764e-01
    5.2291592583e-03   -1.5408408642e-01
    5.2388883196e-03   -1.5386101604e-01
    5.2498336881e-03   -1.5354554355e-01
    5.2593103610e-03   -1.5321679413e-01
    5.2690417506e-03   -1.5282502770e-01
    5.2799871191e-03   -1.5232415497e-01
    5.2897166461e-03   -1.5182942152e-01
    5.2994457074e-03   -1.5129868686e-01
    5.3091752343e-03   -1.5074101090e-01
    5.3189042956e-03   -1.5016153455e-01
    5.3298501298e-03   -1.4949776232e-01
    5.3395796567e-03   -1.4891093969e-01
    5.3493087180e-03   -1.4833544195e-01
    5.3590382449e-03   -1.4777845144e-01
    5.3699840792e-03   -1.4718271792e-01
    5.3797136061e-03   -1.4668622613e-01
    5.3899027407e-03   -1.4620426297e-01
    5.3996345960e-03   -1.4578248560e-01
    5.4093641229e-03   -1.4539940655e-01
    5.4190936498e-03   -1.4505429566e-01
    5.4291649722e-03   -1.4474160969e-01
    5.4393038154e-03   -1.4447107911e-01
    5.4490356706e-03   -1.4424796402e-01
    5.4599815048e-03   -1.4404471219e-01
    5.4690064862e-03   -1.4392302930e-01
    5.4799029604e-03   -1.4382681251e-01
    5.4896329530e-03   -1.4377503097e-01
    5.4993629456e-03   -1.4375489950e-01
    5.5090929382e-03   -1.4377129078e-01
    5.5188229308e-03   -1.4381521940e-01
    5.5297696963e-03   -1.4388920367e-01
    5.5394996889e-03   -1.4397168159e-01
    5.5492301472e-03   -1.4406126738e-01
    5.5589601398e-03   -1.4415173233e-01
    5.5699069053e-03   -1.4424408972e-01
    5.5796373636e-03   -1.4430566132e-01
    5.5893678218e-03   -1.4433805645e-01
    5.5995574221e-03   -1.4433340728e-01
    5.6091975421e-03   -1.4428763092e-01
    5.6198015809e-03   -1.4419278502e-01
    5.6299092248e-03   -1.4406003058e-01
    5.6393533014e-03   -1.4390261471e-01
    5.6492653675e-03   -1.4370813966e-01
    5.6598694064e-03   -1.4346329868e-01
    5.6697810069e-03   -1.4319638908e-01
    5.6794211268e-03   -1.4290483296e-01
    5.6890612468e-03   -1.4258137345e-01
    5.6999372318e-03   -1.4217932522e-01
    5.7095773518e-03   -1.4179465175e-01
    5.7193138637e-03   -1.4137612283e-01
    5.7288380340e-03   -1.4093880355e-01
    5.7397643104e-03   -1.4040978253e-01
    5.7499376126e-03   -1.3988789916e-01
    5.7597593404e-03   -1.3935135305e-01
    5.7696965523e-03   -1.3876986504e-01
    5.7792873122e-03   -1.3816322386e-01
    5.7889414020e-03   -1.3750629127e-01
    5.7998546399e-03   -1.3672640920e-01
    5.8088758960e-03   -1.3607090712e-01
    5.8196107857e-03   -1.3525930047e-01
    5.8296304196e-03   -1.3444244862e-01
    5.8393510990e-03   -1.3362768292e-01
    5.8499551378e-03   -1.3276572526e-01
    5.8597880416e-03   -1.3204336166e-01
    5.8694439940e-03   -1.3150000572e-01
    5.8792545460e-03   -1.3119223714e-01
    5.8894166723e-03   -1.3113796711e-01
    5.8988328092e-03   -1.3128799200e-01
    5.9097488411e-03   -1.3159425557e-01
    5.9197689407e-03   -1.3180547953e-01
    5.9290244244e-03   -1.3181342185e-01
    5.9399413876e-03   -1.3151869178e-01
    5.9495107271e-03   -1.3093556464e-01
    5.9592826292e-03   -1.3002364337e-01
    5.9691397473e-03   -1.2881432474e-01
    5.9797232971e-03   -1.2718649209e-01
    5.9893815778e-03   -1.2537416816e-01
    5.9998515062e-03   -1.2294709682e-01
    6.0088592581e-03   -1.2035243958e-01
    6.0197780840e-03   -1.1643230915e-01
    6.0299993493e-03   -1.1184195429e-01
    6.0392632149e-03   -1.0691072047e-01
    6.0492851771e-03   -1.0088002682e-01
    6.0598673299e-03   -9.3801386654e-02
    6.0693742707e-03   -8.6805887520e-02
    6.0798455961e-03   -7.8323610127e-02
    6.0898703523e-03   -6.9415286183e-02
    6.0998322442e-03   -5.9955421835e-02
    6.1090993695e-03   -5.0640817732e-02
    6.1199185438e-03   -3.9307706058e-02
    6.1293928884e-03   -2.9012804851e-02
    6.1392136849e-03   -1.7768047750e-02
    6.1499029398e-03   -4.7574816272e-03
    6.1589586549e-03    7.1009416133e-03
    6.1698844656e-03    2.2357840091e-02
    6.1791455373e-03    3.5967025906e-02
    6.1894669197e-03    5.1314003766e-02
    6.1999550089e-03    6.6225975752e-02
    6.2097767368e-03    7.8916415572e-02
    6.2195989303e-03    9.0024106205e-02
    6.2295272946e-03    9.9361717701e-02
    6.2392191030e-03    1.0467682779e-01
    6.2495032325e-03    1.0725868493e-01
    6.2592201866e-03    1.0967088491e-01
    6.2690437771e-03    1.1153542250e-01
    6.2796012498e-03    1.1174228787e-01
    6.2892413698e-03    1.0983193666e-01
    6.2991804443e-03    1.0658996552e-01
    6.3096624799e-03    1.0255581141e-01
    6.3198450953e-03    9.6655227244e-02
    6.3292114064e-03    8.8744148612e-02
    6.3396948390e-03    7.7550597489e-02
    6.3494187780e-03    6.5338842571e-02
    6.3597490080e-03    5.1270164549e-02
    6.3690179959e-03    3.8031604141e-02
    6.3798078336e-03    2.2202624008e-02
    6.3899531960e-03    7.1272142231e-03
    6.3993805088e-03   -7.0972805843e-03
    6.4098695293e-03   -2.3256573826e-02
    6.4193471335e-03   -3.8185600191e-02
    6.4299516380e-03   -5.5008392781e-02
    6.4395912923e-03   -6.9991603494e-02
    6.4492314123e-03   -8.4538936615e-02
    6.4592119306e-03   -9.9209763110e-02
    6.4698164351e-03   -1.1435181648e-01
    6.4790900797e-03   -1.2718883157e-01
    6.4899465069e-03   -1.4179097116e-01
    6.4995214343e-03   -1.5440322459e-01
    6.5098023042e-03   -1.6727636755e-01
    6.5190722235e-03   -1.7799335718e-01
    6.5292054787e-03   -1.8830837309e-01
    6.5390649252e-03   -1.9685466588e-01
    6.5490473062e-03   -2.0424601436e-01
    6.5598478541e-03   -2.1131870151e-01
    6.5698828548e-03   -2.1707390249e-01
    6.5792063251e-03   -2.2191958129e-01
    6.5893004648e-03   -2.2670538723e-01
    6.5998579375e-03   -2.3100766540e-01
    6.6095478833e-03   -2.3427847028e-01
    6.6193407401e-03   -2.3679824173e-01
    6.6293762065e-03   -2.3880767822e-01
    6.6391024739e-03   -2.4060341716e-01
    6.6488287412e-03   -2.4227724969e-01
    6.6599366255e-03   -2.4418395758e-01
    6.6695767455e-03   -2.4587866664e-01
    6.6792168655e-03   -2.4756856263e-01
    6.6898209043e-03   -2.4929833412e-01
    6.6990945488e-03   -2.5054010749e-01
    6.7092850804e-03   -2.5157555938e-01
    6.7193205468e-03   -2.5236168504e-01
    6.7297555506e-03   -2.5307041407e-01
    6.7398431711e-03   -2.5373077393e-01
    6.7494823597e-03   -2.5437262654e-01
    6.7599262111e-03   -2.5493916869e-01
    6.7696627229e-03   -2.5539326668e-01
    6.7797410302e-03   -2.5583121181e-01
    6.7893699743e-03   -2.5618571043e-01
    6.7999493331e-03   -2.5652205944e-01
    6.8094315939e-03   -2.5678265095e-01
    6.8193562329e-03   -2.5710368156e-01
    6.8297469988e-03   -2.5768095255e-01
    6.8396590650e-03   -2.5802260637e-01
    6.8496689200e-03   -2.5833016634e-01
    6.8593430333e-03   -2.5868183374e-01
    6.8697510287e-03   -2.5906491280e-01
    6.8795625120e-03   -2.5929898024e-01
    6.8899705075e-03   -2.5978925824e-01
    6.8994010799e-03   -2.6044815779e-01
    6.9095329382e-03   -2.6143807173e-01
    6.9191060029e-03   -2.6274505258e-01
    6.9293347187e-03   -2.6424703002e-01
    6.9390842691e-03   -2.6576966047e-01
    6.9499807432e-03   -2.6767370105e-01
    6.9596241228e-03   -2.6977303624e-01
    6.9693145342e-03   -2.7220952511e-01
    6.9798720069e-03   -2.7499493957e-01
    6.9893025793e-03   -2.7755033970e-01
    6.9994460791e-03   -2.8026047349e-01
    7.0092906244e-03   -2.8266525269e-01
    7.0197349414e-03   -2.8475087881e-01
    7.0295217447e-03   -2.8625169396e-01
    7.0394529030e-03   -2.8737634420e-01
    7.0494301617e-03   -2.8826475143e-01
    7.0594656281e-03   -2.8906035423e-01
    7.0694042370e-03   -2.8974920511e-01
    7.0792753249e-03   -2.9028400779e-01
    7.0889908820e-03   -2.9068344831e-01
    7.0999027230e-03   -2.9102158546e-01
    7.1097961627e-03   -2.9125714302e-01
    7.1193682961e-03   -2.9131263494e-01
    7.1291048080e-03   -2.9128047824e-01
    7.1393903345e-03   -2.9096525908e-01
    7.1491268463e-03   -2.9038092494e-01
    7.1587939747e-03   -2.8955990076e-01
    7.1697230451e-03   -2.8832751513e-01
    7.1794372052e-03   -2.8709864616e-01
    7.1891513653e-03   -2.8591737151e-01
    7.1988650598e-03   -2.8498789668e-01
    7.2097922675e-03   -2.8436654806e-01
    7.2190035135e-03   -2.8423425555e-01
    7.2293258272e-03   -2.8461462259e-01
    7.2398832999e-03   -2.8563213348e-01
    7.2496198118e-03   -2.8702414036e-01
    7.2594159283e-03   -2.8864488006e-01
    7.2691543028e-03   -2.9024481773e-01
    7.2792805731e-03   -2.9161274433e-01
    7.2890440933e-03   -2.9257476330e-01
    7.2998302057e-03   -2.9323858023e-01
    7.3090409860e-03   -2.9350006580e-01
    7.3192631826e-03   -2.9338183999e-01
    7.3293559253e-03   -2.9273906350e-01
    7.3394635692e-03   -2.9150623083e-01
    7.3491367511e-03   -2.8975689411e-01
    7.3590758257e-03   -2.8742310405e-01
    7.3698125780e-03   -2.8427672386e-01
    7.3790368624e-03   -2.8103330731e-01
    7.3895375244e-03   -2.7673584223e-01
    7.3992740363e-03   -2.7218177915e-01
    7.4097611941e-03   -2.6665043831e-01
    7.4194855988e-03   -2.6106578112e-01
    7.4291611090e-03   -2.5546050072e-01
    7.4398615398e-03   -2.4962179363e-01
    7.4495249428e-03   -2.4488219619e-01
    7.4590765871e-03   -2.4073250592e-01
    7.4695050716e-03   -2.3669631779e-01
    7.4790283106e-03   -2.3337371647e-01
    7.4899313040e-03   -2.2996103764e-01
    7.4999891222e-03   -2.2713679075e-01
    7.5088478625e-03   -2.2480198741e-01
    7.5198579580e-03   -2.2192902863e-01
    7.5296992436e-03   -2.1950601041e-01
    7.5399847701e-03   -2.1707081795e-01
    7.5490563177e-03   -2.1471746266e-01
    7.5599970296e-03   -2.1173550189e-01
    7.5699714944e-03   -2.0894405246e-01
    7.5798830949e-03   -2.0625858009e-01
    7.5897159986e-03   -2.0377461612e-01
    7.5999377295e-03   -2.0141978562e-01
    7.6094139367e-03   -1.9944220781e-01
    7.6190540567e-03   -1.9765648246e-01
    7.6296580955e-03   -1.9603021443e-01
    7.6398863457e-03   -1.9485011697e-01
    7.6498636045e-03   -1.9411776960e-01
    7.6594096608e-03   -1.9372865558e-01
    7.6691461727e-03   -1.9362972677e-01
    7.6791811734e-03   -1.9394938648e-01
    7.6897949912e-03   -1.9488945603e-01
    7.6996097341e-03   -1.9639196992e-01
    7.7093462460e-03   -1.9841614366e-01
    7.7190827578e-03   -2.0081444085e-01
    7.7298795804e-03   -2.0381866395e-01
    7.7390568331e-03   -2.0684577525e-01
    7.7496147715e-03   -2.1107102931e-01
    7.7592250891e-03   -2.1552991867e-01
    7.7699651010e-03   -2.2070863843e-01
    7.7797980048e-03   -2.2562976182e-01
    7.7890241519e-03   -2.3050773144e-01
    7.7994028106e-03   -2.3592229187e-01
    7.8095626086e-03   -2.4082227051e-01
    7.8197875991e-03   -2.4516823888e-01
    7.8290868551e-03   -2.4892114103e-01
    7.8397989273e-03   -2.5318828225e-01
    7.8494390473e-03   -2.5678014755e-01
    7.8590791672e-03   -2.5984460115e-01
    7.8696832061e-03   -2.6222911477e-01
    7.8792311251e-03   -2.6360416412e-01
    7.8891692683e-03   -2.6433214545e-01
    7.8994072974e-03   -2.6428014040e-01
    7.9096965492e-03   -2.6334115863e-01
    7.9198554158e-03   -2.6163014770e-01
    7.9296110198e-03   -2.5946050882e-01
    7.9393619671e-03   -2.5725901127e-01
    7.9495059326e-03   -2.5511959195e-01
    7.9592308030e-03   -2.5301092863e-01
    7.9693747684e-03   -2.5057473779e-01
    7.9790139571e-03   -2.4797764421e-01
    7.9896682873e-03   -2.4472407997e-01
    7.9989377409e-03   -2.4185422063e-01
    8.0089196563e-03   -2.3878990114e-01
    8.0198720098e-03   -2.3537135124e-01
    8.0296052620e-03   -2.3234122992e-01
    8.0398302525e-03   -2.2935366631e-01
    8.0493744463e-03   -2.2675980628e-01
    8.0596394837e-03   -2.2417810559e-01
    8.0692786723e-03   -2.2183495760e-01
    8.0793648958e-03   -2.1950066090e-01
    8.0892760307e-03   -2.1760918200e-01
    8.0998810008e-03   -2.1605952084e-01
    8.1093590707e-03   -2.1471509337e-01
    8.1199109554e-03   -2.1285942197e-01
    8.1294542179e-03   -2.1094036102e-01
    8.1395423040e-03   -2.0885640383e-01
    8.1495335326e-03   -2.0703995228e-01
    8.1595648080e-03   -2.0571447909e-01
    8.1698587164e-03   -2.0474906266e-01
    8.1796664745e-03   -2.0406159759e-01
    8.1898914650e-03   -2.0351320505e-01
    8.1994356588e-03   -2.0301674306e-01
    8.2098636776e-03   -2.0231723785e-01
    8.2195037976e-03   -2.0146617293e-01
    8.2291439176e-03   -2.0040290058e-01
    8.2397479564e-03   -1.9898378849e-01
    8.2499384880e-03   -1.9730071723e-01
    8.2598989829e-03   -1.9540180266e-01
    8.2690138370e-03   -1.9351945817e-01
    8.2790963352e-03   -1.9118590653e-01
    8.2896044478e-03   -1.8859450519e-01
    8.2994280383e-03   -1.8617625535e-01
    8.3096250892e-03   -1.8370433152e-01
    8.3191255108e-03   -1.8146400154e-01
    8.3297295496e-03   -1.7893579602e-01
    8.3393696696e-03   -1.7649814487e-01
    8.3496812731e-03   -1.7382393777e-01
    8.3593213931e-03   -1.7142598331e-01
    8.3690574393e-03   -1.6910593212e-01
    8.3796614781e-03   -1.6641205549e-01
    8.3893015981e-03   -1.6365402937e-01
    8.3999056369e-03   -1.6034661233e-01
    8.4095457569e-03   -1.5718524158e-01
    8.4191858768e-03   -1.5403170884e-01
    8.4297899157e-03   -1.5078897774e-01
    8.4394300357e-03   -1.4815601707e-01
    8.4493691102e-03   -1.4582481980e-01
    8.4599731490e-03   -1.4369873703e-01
    8.4696132690e-03   -1.4194220304e-01
    8.4792533889e-03   -1.4025421441e-01
    8.4898388013e-03   -1.3844400644e-01
    8.4997992963e-03   -1.3682137430e-01
    8.5093425587e-03   -1.3541631401e-01
    8.5195684806e-03   -1.3410133123e-01
    8.5293147713e-03   -1.3304612041e-01
    8.5399188101e-03   -1.3198730350e-01
    8.5495589301e-03   -1.3116832078e-01
    8.5591990501e-03   -1.3061085343e-01
    8.5698720068e-03   -1.3036291301e-01
    8.5794152692e-03   -1.3053321838e-01
    8.5892789066e-03   -1.3089098036e-01
    8.5998838767e-03   -1.3121931255e-01
    8.6095230654e-03   -1.3148087263e-01
    8.6191631854e-03   -1.3175348938e-01
    8.6298640817e-03   -1.3196547329e-01
    8.6390897632e-03   -1.3202579319e-01
    8.6498782039e-03   -1.3187779486e-01
    8.6593069136e-03   -1.3148407638e-01
    8.6690429598e-03   -1.3083717227e-01
    8.6794840172e-03   -1.2989816070e-01
    8.6891241372e-03   -1.2885916233e-01
    8.6998250335e-03   -1.2760558724e-01
    8.7094651535e-03   -1.2658177316e-01
    8.7191043422e-03   -1.2573502958e-01
    8.7297968566e-03   -1.2476895750e-01
    8.7394760922e-03   -1.2365164608e-01
    8.7492130697e-03   -1.2233892828e-01
    8.7593290955e-03   -1.2088426948e-01
    8.7689440697e-03   -1.1954224855e-01
    8.7796822190e-03   -1.1830400676e-01
    8.7891984731e-03   -1.1742115021e-01
    8.7989186868e-03   -1.1645466834e-01
    8.8098701090e-03   -1.1520826817e-01
    8.8188452646e-03   -1.1408566684e-01
    8.8296914473e-03   -1.1264157295e-01
    8.8393315673e-03   -1.1150839925e-01
    8.8498666883e-03   -1.1065585911e-01
    8.8594108820e-03   -1.1009655893e-01
    8.8689085096e-03   -1.0963542014e-01
    8.8790506124e-03   -1.0916505009e-01
    8.8896546513e-03   -1.0869319737e-01
    8.8992947713e-03   -1.0848179460e-01
    8.9092152193e-03   -1.0864714533e-01
    8.9197959751e-03   -1.0905900598e-01
    8.9293140918e-03   -1.0941430926e-01
    8.9390352368e-03   -1.0980452597e-01
    8.9495657012e-03   -1.1039946973e-01
    8.9592058212e-03   -1.1123845726e-01
    8.9698983356e-03   -1.1248234659e-01
    8.9788734913e-03   -1.1349456012e-01
    8.9899795130e-03   -1.1454253644e-01
    8.9999595657e-03   -1.1557282507e-01
    9.0094367042e-03   -1.1680702865e-01
    9.0198786929e-03   -1.1829807609e-01
    9.0296147391e-03   -1.1958453804e-01
    9.0390918776e-03   -1.2069740891e-01
    9.0497927740e-03   -1.2186068296e-01
    9.0595213696e-03   -1.2285515666e-01
    9.0690953657e-03   -1.2372918427e-01
    9.0795783326e-03   -1.2457395345e-01
    9.0893004090e-03   -1.2531977892e-01
    9.0990234166e-03   -1.2621219456e-01
    9.1093834490e-03   -1.2741796672e-01
    9.1196522117e-03   -1.2872724235e-01
    9.1292923316e-03   -1.2973007560e-01
    9.1398963705e-03   -1.3047882915e-01
    9.1495364904e-03   -1.3094143569e-01
    9.1592734680e-03   -1.3130640984e-01
    9.1698775068e-03   -1.3178792596e-01
    9.1799739748e-03   -1.3268601894e-01
    9.1896140948e-03   -1.3418550789e-01
    9.1994889081e-03   -1.3632543385e-01
    9.2097138986e-03   -1.3900282979e-01
    9.2199398205e-03   -1.4180298150e-01
    9.2295520008e-03   -1.4428894222e-01
    9.2399595305e-03   -1.4673459530e-01
    9.2493863776e-03   -1.4879643917e-01
    9.2593180016e-03   -1.5081551671e-01
    9.2691509053e-03   -1.5249723196e-01
    9.2791896313e-03   -1.5401020646e-01
    9.2895496637e-03   -1.5549114347e-01
    9.2997755855e-03   -1.5687364340e-01
    9.3097565696e-03   -1.5817239881e-01
    9.3199815601e-03   -1.5944987535e-01
    9.3295257539e-03   -1.6063673794e-01
    9.3395579606e-03   -1.6193257272e-01
    9.3491980806e-03   -1.6319948435e-01
    9.3598980457e-03   -1.6447100043e-01
    9.3689151108e-03   -1.6534049809e-01
    9.3797715381e-03   -1.6624099016e-01
    9.3892496079e-03   -1.6719369590e-01
    9.3998536468e-03   -1.6858959198e-01
    9.4094937667e-03   -1.7000290751e-01
    9.4197671860e-03   -1.7133097351e-01
    9.4299921766e-03   -1.7225831747e-01
    9.4395363703e-03   -1.7275740206e-01
    9.4495648518e-03   -1.7304858565e-01
    9.4597907737e-03   -1.7327338457e-01
    9.4698192552e-03   -1.7334917188e-01
    9.4794593751e-03   -1.7317305505e-01
    9.4890994951e-03   -1.7277312279e-01
    9.4996551052e-03   -1.7218658328e-01
    9.5091201365e-03   -1.7154733837e-01
    9.5197241753e-03   -1.7062854767e-01
    9.5297154039e-03   -1.6953125596e-01
    9.5399403945e-03   -1.6821025312e-01
    9.5494845882e-03   -1.6686300933e-01
    9.5599209890e-03   -1.6535960138e-01
    9.5694651827e-03   -1.6400039196e-01
    9.5796901733e-03   -1.6248770058e-01
    9.5899160951e-03   -1.6077679396e-01
    9.5994593576e-03   -1.5903162956e-01
    9.6096852794e-03   -1.5721659362e-01
    9.6199102700e-03   -1.5553268790e-01
    9.6294544637e-03   -1.5401250124e-01
    9.6396794543e-03   -1.5243488550e-01
    9.6499053761e-03   -1.5089839697e-01
    9.6594486386e-03   -1.4942124486e-01
    9.6696745604e-03   -1.4781850576e-01
    9.6798995510e-03   -1.4627362788e-01
    9.6894437447e-03   -1.4484763145e-01
    9.6996687353e-03   -1.4331194758e-01
    9.7098946571e-03   -1.4184971154e-01
    9.7194379196e-03   -1.4062654972e-01
    9.7296638414e-03   -1.3953046501e-01
    9.7398888320e-03   -1.3866303861e-01
    9.7494330257e-03   -1.3805343211e-01
    9.7596580163e-03   -1.3756464422e-01
    9.7698839381e-03   -1.3715583086e-01
    9.7796302289e-03   -1.3678984344e-01
    9.7892237827e-03   -1.3646781445e-01
    9.7995484248e-03   -1.3620594144e-01
    9.8091885448e-03   -1.3606154919e-01
    9.8197925836e-03   -1.3594923913e-01
    9.8294327036e-03   -1.3590608537e-01
    9.8390728235e-03   -1.3586662710e-01
    9.8496768624e-03   -1.3576176763e-01
    9.8593169823e-03   -1.3563555479e-01
    9.8699210212e-03   -1.3554443419e-01
    9.8795611411e-03   -1.3552261889e-01
    9.8892012611e-03   -1.3545754552e-01
    9.8998742178e-03   -1.3530118763e-01
    9.9094184116e-03   -1.3518163562e-01
    9.9196434021e-03   -1.3506042957e-01
    9.9299065769e-03   -1.3493031263e-01
    9.9394535646e-03   -1.3483555615e-01
    9.9490936846e-03   -1.3481122255e-01
    9.9596977234e-03   -1.3481593132e-01
    9.9694067612e-03   -1.3481424749e-01
    9.9796326831e-03   -1.3481695950e-01
    9.9898576736e-03   -1.3478346169e-01
    9.9994018674e-03   -1.3469693065e-01
    1.0009626858e-02   -1.3461117446e-01
    1.0019852780e-02   -1.3461115956e-01
    1.0029396042e-02   -1.3466919959e-01
    1.0039621964e-02   -1.3472029567e-01
    1.0049816221e-02   -1.3474059105e-01
    1.0059690103e-02   -1.3473840058e-01
    1.0069915093e-02   -1.3470230997e-01
    1.0079459287e-02   -1.3462139666e-01
    1.0089684278e-02   -1.3450662792e-01
    1.0099596344e-02   -1.3440521061e-01
    1.0109050199e-02   -1.3429448009e-01
    1.0119606741e-02   -1.3414877653e-01
    1.0129831731e-02   -1.3404320180e-01
    1.0139375925e-02   -1.3398462534e-01
    1.0149600916e-02   -1.3390906155e-01
    1.0159826837e-02   -1.3381035626e-01
    1.0169408284e-02   -1.3371735811e-01
    1.0179965757e-02   -1.3359604776e-01
    1.0189512745e-02   -1.3342955709e-01
    1.0199152865e-02   -1.3321876526e-01
    1.0209756903e-02   -1.3305699825e-01
    1.0219397023e-02   -1.3304270804e-01
    1.0229436681e-02   -1.3313017786e-01
    1.0239347816e-02   -1.3323059678e-01
    1.0249813087e-02   -1.3329800963e-01
    1.0259453207e-02   -1.3329465687e-01
    1.0269278660e-02   -1.3325683773e-01
    1.0279547423e-02   -1.3331411779e-01
    1.0289187543e-02   -1.3345244527e-01
    1.0299265385e-02   -1.3369825482e-01
    1.0309373960e-02   -1.3407476246e-01
    1.0319599882e-02   -1.3438382745e-01
    1.0329910554e-02   -1.3470542431e-01
    1.0339550674e-02   -1.3495822251e-01
    1.0349190794e-02   -1.3511276245e-01
    1.0359562933e-02   -1.3519921899e-01
    1.0369203053e-02   -1.3529217243e-01
    1.0379831307e-02   -1.3548800349e-01
    1.0389374569e-02   -1.3576954603e-01
    1.0399637744e-02   -1.3613188267e-01
    1.0409677401e-02   -1.3648700714e-01
    1.0419902392e-02   -1.3684920967e-01
    1.0429446585e-02   -1.3722778857e-01
    1.0439671576e-02   -1.3769236207e-01
    1.0449897498e-02   -1.3818100095e-01
    1.0459440760e-02   -1.3862241805e-01
    1.0469666682e-02   -1.3907898962e-01
    1.0479891673e-02   -1.3957676291e-01
    1.0489435866e-02   -1.4015728235e-01
    1.0499660857e-02   -1.4076848328e-01
    1.0509886779e-02   -1.4125068486e-01
    1.0519430041e-02   -1.4156880975e-01
    1.0529655963e-02   -1.4179317653e-01
    1.0539880954e-02   -1.4198216796e-01
    1.0549425147e-02   -1.4222721756e-01
    1.0559650138e-02   -1.4256267250e-01
    1.0569876060e-02   -1.4290025830e-01
    1.0579419322e-02   -1.4318931103e-01
    1.0589165613e-02   -1.4346046746e-01
    1.0599769652e-02   -1.4371280372e-01
    1.0609409772e-02   -1.4388456941e-01
    1.0619049892e-02   -1.4401893318e-01
    1.0629653931e-02   -1.4416666329e-01
    1.0639294051e-02   -1.4437788725e-01
    1.0649899021e-02   -1.4465337992e-01
    1.0659373365e-02   -1.4488914609e-01
    1.0669599287e-02   -1.4512407780e-01
    1.0679824278e-02   -1.4538758993e-01
    1.0689852759e-02   -1.4572088420e-01
    1.0699961334e-02   -1.4619627595e-01
    1.0709731840e-02   -1.4677344263e-01
    1.0719957761e-02   -1.4735849202e-01
    1.0729712434e-02   -1.4784918725e-01
    1.0739063844e-02   -1.4831444621e-01
    1.0749785230e-02   -1.4887063205e-01
    1.0759328492e-02   -1.4934509993e-01
    1.0769554414e-02   -1.4980593324e-01
    1.0779779404e-02   -1.5022683144e-01
    1.0789323598e-02   -1.5059605241e-01
    1.0799548589e-02   -1.5095238388e-01
    1.0809774511e-02   -1.5125337243e-01
    1.0819999501e-02   -1.5150807798e-01
    1.0829543695e-02   -1.5171694756e-01
    1.0839768685e-02   -1.5192925930e-01
    1.0849993676e-02   -1.5222014487e-01
    1.0859790258e-02   -1.5262311697e-01
    1.0869819671e-02   -1.5303446352e-01
    1.0879459791e-02   -1.5331597626e-01
    1.0889850557e-02   -1.5347458422e-01
    1.0899431072e-02   -1.5352429450e-01
    1.0909577832e-02   -1.5351583064e-01
    1.0919802822e-02   -1.5351189673e-01
    1.0929347016e-02   -1.5354654193e-01
    1.0939609259e-02   -1.5363311768e-01
    1.0949835181e-02   -1.5370760858e-01
    1.0959378444e-02   -1.5371204913e-01
    1.0969604366e-02   -1.5361793339e-01
    1.0979829356e-02   -1.5341690183e-01
    1.0989373550e-02   -1.5315215290e-01
    1.0999598540e-02   -1.5286290646e-01
    1.1009861715e-02   -1.5263780951e-01
    1.1019501835e-02   -1.5247504413e-01
    1.1029141955e-02   -1.5231898427e-01
    1.1039745994e-02   -1.5213304758e-01
    1.1049386114e-02   -1.5194156766e-01
    1.1059990153e-02   -1.5170206130e-01
    1.1069630273e-02   -1.5148493648e-01
    1.1079270393e-02   -1.5130253136e-01
    1.1089874431e-02   -1.5114553273e-01
    1.1099514551e-02   -1.5102180839e-01
    1.1109154671e-02   -1.5090347826e-01
    1.1119758710e-02   -1.5077672899e-01
    1.1129398830e-02   -1.5066201985e-01
    1.1139038950e-02   -1.5055537224e-01
    1.1149642989e-02   -1.5047097206e-01
    1.1159682646e-02   -1.5043519437e-01
    1.1169908568e-02   -1.5042544901e-01
    1.1179451831e-02   -1.5042869747e-01
    1.1189677753e-02   -1.5046110749e-01
    1.1199902743e-02   -1.5053850412e-01
    1.1209446937e-02   -1.5064106882e-01
    1.1219671927e-02   -1.5076108277e-01
    1.1229896918e-02   -1.5088257194e-01
    1.1239441112e-02   -1.5098582208e-01
    1.1249869131e-02   -1.5106375515e-01
    1.1259732768e-02   -1.5109333396e-01
    1.1269372888e-02   -1.5108957887e-01
    1.1279128492e-02   -1.5106114745e-01
    1.1289675720e-02   -1.5099862218e-01
    1.1299315840e-02   -1.5092027187e-01
    1.1309919879e-02   -1.5084809065e-01
    1.1319959536e-02   -1.5081706643e-01
    1.1329502799e-02   -1.5081155300e-01
    1.1339132674e-02   -1.5082474053e-01
    1.1349736713e-02   -1.5086214244e-01
    1.1359376833e-02   -1.5089793503e-01
    1.1369884014e-02   -1.5092535317e-01
    1.1379428208e-02   -1.5093649924e-01
    1.1389653198e-02   -1.5093071759e-01
    1.1399879120e-02   -1.5089237690e-01
    1.1409422383e-02   -1.5082582831e-01
    1.1419648305e-02   -1.5074269474e-01
    1.1429873295e-02   -1.5065932274e-01
    1.1439338326e-02   -1.5058332682e-01
    1.1449484155e-02   -1.5050742030e-01
    1.1459806003e-02   -1.5045462549e-01
    1.1469349265e-02   -1.5042901039e-01
    1.1479943059e-02   -1.5041290224e-01
    1.1489583179e-02   -1.5039987862e-01
    1.1499223299e-02   -1.5036867559e-01
    1.1509827338e-02   -1.5031403303e-01
    1.1519467458e-02   -1.5023496747e-01
    1.1529692449e-02   -1.5010617673e-01
    1.1539721861e-02   -1.4994788170e-01
    1.1549185961e-02   -1.4976871014e-01
    1.1559790000e-02   -1.4953564107e-01
    1.1569430120e-02   -1.4929920435e-01
    1.1579070240e-02   -1.4905358851e-01
    1.1589674279e-02   -1.4878746867e-01
    1.1599314399e-02   -1.4855554700e-01
    1.1609987356e-02   -1.4832399786e-01
    1.1619530618e-02   -1.4813995361e-01
    1.1629824527e-02   -1.4796349406e-01
    1.1639368720e-02   -1.4780415595e-01
    1.1649593711e-02   -1.4763313532e-01
    1.1659819633e-02   -1.4746269584e-01
    1.1669362895e-02   -1.4729650319e-01
    1.1679800227e-02   -1.4710202813e-01
    1.1689343490e-02   -1.4691281319e-01
    1.1699207127e-02   -1.4671111107e-01
    1.1709811166e-02   -1.4649605751e-01
    1.1719451286e-02   -1.4629602432e-01
    1.1729091406e-02   -1.4610047638e-01
    1.1739930138e-02   -1.4588512480e-01
    1.1749473400e-02   -1.4567290246e-01
    1.1759736575e-02   -1.4542192221e-01
    1.1769376695e-02   -1.4516803622e-01
    1.1779980734e-02   -1.4485983551e-01
    1.1789620854e-02   -1.4456476271e-01
    1.1799260974e-02   -1.4424480498e-01
    1.1809865013e-02   -1.4388547838e-01
    1.1819477193e-02   -1.4355413616e-01
    1.1829884723e-02   -1.4318743348e-01
    1.1839524843e-02   -1.4286054671e-01
    1.1849846691e-02   -1.4250949025e-01
    1.1859390885e-02   -1.4218588173e-01
    1.1869615875e-02   -1.4183808863e-01
    1.1879841797e-02   -1.4150385559e-01
    1.1889423244e-02   -1.4123538136e-01
    1.1899063364e-02   -1.4102232456e-01
    1.1909667403e-02   -1.4084489644e-01
    1.1919307522e-02   -1.4073574543e-01
    1.1929911561e-02   -1.4067780972e-01
    1.1939950287e-02   -1.4066794515e-01
    1.1949494481e-02   -1.4068776369e-01
    1.1959719472e-02   -1.4073911309e-01
    1.1969945394e-02   -1.4080360532e-01
    1.1979488656e-02   -1.4085519314e-01
    1.1989714578e-02   -1.4088642597e-01
    1.1999939568e-02   -1.4092844725e-01
    1.2009483762e-02   -1.4098368585e-01
    1.2019708753e-02   -1.4103387296e-01
    1.2029934675e-02   -1.4109140635e-01
    1.2039477937e-02   -1.4115704596e-01
    1.2049703859e-02   -1.4123062789e-01
    1.2059928849e-02   -1.4132110775e-01
    1.2069473043e-02   -1.4141301811e-01
    1.2079698034e-02   -1.4149107039e-01
    1.2089727446e-02   -1.4157649875e-01
    1.2099952437e-02   -1.4169441164e-01
    1.2109496631e-02   -1.4180609584e-01
    1.2119721621e-02   -1.4190824330e-01
    1.2129947543e-02   -1.4197753370e-01
    1.2139490806e-02   -1.4201492071e-01
    1.2149716727e-02   -1.4204853773e-01
    1.2159941718e-02   -1.4207299054e-01
    1.2169485912e-02   -1.4208294451e-01
    1.2179710902e-02   -1.4205624163e-01
    1.2189936824e-02   -1.4199204743e-01
    1.2199480087e-02   -1.4194403589e-01
    1.2209706008e-02   -1.4192223549e-01
    1.2219930999e-02   -1.4191859961e-01
    1.2229475193e-02   -1.4191631973e-01
    1.2239700183e-02   -1.4187836647e-01
    1.2249926105e-02   -1.4181599021e-01
    1.2259469368e-02   -1.4179530740e-01
    1.2269695289e-02   -1.4182472229e-01
    1.2279920280e-02   -1.4186765254e-01
    1.2289464474e-02   -1.4189910889e-01
    1.2299689464e-02   -1.4192083478e-01
    1.2309915386e-02   -1.4194066823e-01
    1.2319458649e-02   -1.4197126031e-01
    1.2329684570e-02   -1.4201857150e-01
    1.2339909561e-02   -1.4208233356e-01
    1.2349453755e-02   -1.4217194915e-01
    1.2359678745e-02   -1.4230795205e-01
    1.2369904667e-02   -1.4247584343e-01
    1.2379447930e-02   -1.4265105128e-01
    1.2389673851e-02   -1.4283925295e-01
    1.2399898842e-02   -1.4301499724e-01
    1.2409443036e-02   -1.4317230880e-01
    1.2419668026e-02   -1.4334040880e-01
    1.2429893948e-02   -1.4351418614e-01
    1.2439437211e-02   -1.4367890358e-01
    1.2449631467e-02   -1.4385119081e-01
    1.2459271587e-02   -1.4401325583e-01
    1.2469992973e-02   -1.4419770241e-01
    1.2479536235e-02   -1.4435081184e-01
    1.2489762157e-02   -1.4448289573e-01
    1.2499987148e-02   -1.4455732703e-01
    1.2509451248e-02   -1.4455032349e-01
    1.2519091368e-02   -1.4451201260e-01
    1.2529695407e-02   -1.4448019862e-01
    1.2539852411e-02   -1.4445984364e-01
    1.2549395673e-02   -1.4442370832e-01
    1.2559621595e-02   -1.4432607591e-01
    1.2569846585e-02   -1.4414142072e-01
    1.2579390779e-02   -1.4389123023e-01
    1.2589615770e-02   -1.4355297387e-01
    1.2599841692e-02   -1.4318501949e-01
    1.2609384954e-02   -1.4284649491e-01
    1.2619610876e-02   -1.4246205986e-01
    1.2629835866e-02   -1.4205791056e-01
    1.2639380060e-02   -1.4167876542e-01
    1.2649605051e-02   -1.4126354456e-01
    1.2659830973e-02   -1.4085856080e-01
    1.2669374235e-02   -1.4050003886e-01
    1.2679600157e-02   -1.4011594653e-01
    1.2689825147e-02   -1.3974021375e-01
    1.2699369341e-02   -1.3942538202e-01
    1.2709594332e-02   -1.3911031187e-01
    1.2719820254e-02   -1.3878087699e-01
    1.2729363516e-02   -1.3844738901e-01
    1.2739589438e-02   -1.3808448613e-01
    1.2749814428e-02   -1.3771951199e-01
    1.2759358622e-02   -1.3735254109e-01
    1.2769583613e-02   -1.3695977628e-01
    1.2779809535e-02   -1.3662944734e-01
    1.2789352797e-02   -1.3636706769e-01
    1.2799578719e-02   -1.3609699905e-01
    1.2809803709e-02   -1.3577753305e-01
    1.2819347903e-02   -1.3540846109e-01
    1.2829572894e-02   -1.3499698043e-01
    1.2839798816e-02   -1.3461904228e-01
    1.2849342078e-02   -1.3429340720e-01
    1.2859568000e-02   -1.3395433128e-01
    1.2869792990e-02   -1.3360182941e-01
    1.2879092246e-02   -1.3326177001e-01
    1.2889696285e-02   -1.3289450109e-01
    1.2899336405e-02   -1.3259004056e-01
    1.2909940444e-02   -1.3225674629e-01
    1.2919580564e-02   -1.3195455074e-01
    1.2929220684e-02   -1.3166248798e-01
    1.2939824723e-02   -1.3135397434e-01
    1.2949464843e-02   -1.3107647002e-01
    1.2959104963e-02   -1.3078354299e-01
    1.2969709001e-02   -1.3042239845e-01
    1.2979349121e-02   -1.3006320596e-01
    1.2989953160e-02   -1.2966252863e-01
    1.2999593280e-02   -1.2931479514e-01
    1.3009984046e-02   -1.2896504998e-01
    1.3019527309e-02   -1.2863385677e-01
    1.3029753231e-02   -1.2824176252e-01
    1.3039978221e-02   -1.2781925499e-01
    1.3049522415e-02   -1.2741942704e-01
    1.3058966026e-02   -1.2703354657e-01
    1.3069381937e-02   -1.2666006386e-01
    1.3079607859e-02   -1.2629094720e-01
    1.3089832850e-02   -1.2589491904e-01
    1.3099377044e-02   -1.2549349666e-01
    1.3109289110e-02   -1.2504109740e-01
    1.3119227253e-02   -1.2457129359e-01
    1.3129831292e-02   -1.2408787757e-01
    1.3139657676e-02   -1.2364064157e-01
    1.3149412349e-02   -1.2316815555e-01
    1.3159347698e-02   -1.2270820141e-01
    1.3169572689e-02   -1.2227294594e-01
    1.3179798611e-02   -1.2185924500e-01
    1.3189341873e-02   -1.2147264928e-01
    1.3199567795e-02   -1.2103973329e-01
    1.3209792785e-02   -1.2060782313e-01
    1.3219336979e-02   -1.2024644017e-01
    1.3229561970e-02   -1.1990522593e-01
    1.3239787892e-02   -1.1961011589e-01
    1.3249331154e-02   -1.1938218772e-01
    1.3259557076e-02   -1.1914692819e-01
    1.3269782066e-02   -1.1888246983e-01
    1.3279326260e-02   -1.1864162982e-01
    1.3289551251e-02   -1.1840751767e-01
    1.3299777173e-02   -1.1816839874e-01
    1.3309320435e-02   -1.1793320626e-01
    1.3319546357e-02   -1.1768715829e-01
    1.3329771347e-02   -1.1743964255e-01
    1.3339997269e-02   -1.1717029661e-01
    1.3349540532e-02   -1.1686932296e-01
    1.3359766454e-02   -1.1649568379e-01
    1.3369991444e-02   -1.1610830575e-01
    1.3379535638e-02   -1.1576493084e-01
    1.3389760628e-02   -1.1543489248e-01
    1.3399986550e-02   -1.1514448375e-01
    1.3409529813e-02   -1.1486148089e-01
    1.3419755735e-02   -1.1447069794e-01
    1.3429980725e-02   -1.1402998120e-01
    1.3439524919e-02   -1.1367177963e-01
    1.3449749909e-02   -1.1335552484e-01
    1.3459730893e-02   -1.1305833608e-01
    1.3469371013e-02   -1.1276431382e-01
    1.3479692861e-02   -1.1244510859e-01
    1.3489917852e-02   -1.1213108897e-01
    1.3499462046e-02   -1.1184268445e-01
    1.3509772718e-02   -1.1153984070e-01
    1.3519412838e-02   -1.1128223687e-01
    1.3529734686e-02   -1.1103217304e-01
    1.3539960608e-02   -1.1080288887e-01
    1.3549503870e-02   -1.1061845720e-01
    1.3559815474e-02   -1.1046227068e-01
    1.3569874689e-02   -1.1033514887e-01
    1.3579319231e-02   -1.1021167785e-01
    1.3589356095e-02   -1.1008682102e-01
    1.3599690050e-02   -1.0993736982e-01
    1.3609915972e-02   -1.0975699127e-01
    1.3619145378e-02   -1.0959535092e-01
    1.3629750349e-02   -1.0945695639e-01
    1.3639975339e-02   -1.0935078561e-01
    1.3649322093e-02   -1.0923735797e-01
    1.3659927063e-02   -1.0908611119e-01
    1.3669566251e-02   -1.0893055797e-01
    1.3679206371e-02   -1.0879078507e-01
    1.3689996675e-02   -1.0869978368e-01
    1.3699612580e-02   -1.0866514593e-01
    1.3709424064e-02   -1.0869930685e-01
    1.3719064184e-02   -1.0876259208e-01
    1.3729668222e-02   -1.0882418603e-01
    1.3739859685e-02   -1.0890044272e-01
    1.3749499805e-02   -1.0897354037e-01
    1.3759139925e-02   -1.0901828110e-01
    1.3769743964e-02   -1.0905663669e-01
    1.3779683039e-02   -1.0909347981e-01
    1.3789323159e-02   -1.0911657661e-01
    1.3799059205e-02   -1.0911192745e-01
    1.3809664175e-02   -1.0909032077e-01
    1.3819489628e-02   -1.0904613882e-01
    1.3829353265e-02   -1.0898577422e-01
    1.3839957304e-02   -1.0893449187e-01
    1.3849597424e-02   -1.0885915905e-01
    1.3859237544e-02   -1.0876230896e-01
    1.3869841583e-02   -1.0866009444e-01
    1.3879481703e-02   -1.0855663568e-01
    1.3889121823e-02   -1.0844426602e-01
    1.3899725862e-02   -1.0834218562e-01
    1.3909365982e-02   -1.0826399177e-01
    1.3919970021e-02   -1.0815911740e-01
    1.3929610141e-02   -1.0807283223e-01
    1.3939250261e-02   -1.0800849646e-01
    1.3949572109e-02   -1.0792661458e-01
    1.3959798031e-02   -1.0779347271e-01
    1.3969341293e-02   -1.0762228817e-01
    1.3979567215e-02   -1.0741834342e-01
    1.3989995234e-02   -1.0721761733e-01
    1.3999635354e-02   -1.0706882924e-01
    1.4009275474e-02   -1.0693948716e-01
    1.4019879512e-02   -1.0680854321e-01
    1.4029519632e-02   -1.0669256747e-01
    1.4039159752e-02   -1.0655952990e-01
    1.4049763791e-02   -1.0639468580e-01
    1.4059403911e-02   -1.0625270009e-01
    1.4069044031e-02   -1.0613346100e-01
    1.4079648070e-02   -1.0602857172e-01
    1.4089288190e-02   -1.0594539344e-01
    1.4099892229e-02   -1.0586299747e-01
    1.4109532349e-02   -1.0578240454e-01
    1.4119757339e-02   -1.0565456003e-01
    1.4129903167e-02   -1.0548824817e-01
    1.4139543287e-02   -1.0534032434e-01
    1.4149817638e-02   -1.0517605394e-01
    1.4159360901e-02   -1.0500004888e-01
    1.4169586822e-02   -1.0482439399e-01
    1.4179215766e-02   -1.0466222465e-01
    1.4189819805e-02   -1.0447984189e-01
    1.4199459925e-02   -1.0429914296e-01
    1.4209904708e-02   -1.0408940166e-01
    1.4219496399e-02   -1.0387215018e-01
    1.4229360037e-02   -1.0362683237e-01
    1.4239965007e-02   -1.0340270400e-01
    1.4249605127e-02   -1.0322137922e-01
    1.4259244315e-02   -1.0305292904e-01
    1.4269849285e-02   -1.0289525986e-01
    1.4279488474e-02   -1.0274771601e-01
    1.4289808460e-02   -1.0256143659e-01
    1.4299850911e-02   -1.0236617923e-01
    1.4309326187e-02   -1.0218432546e-01
    1.4319754206e-02   -1.0193202645e-01
    1.4329394326e-02   -1.0170421749e-01
    1.4339998364e-02   -1.0144173354e-01
    1.4349638484e-02   -1.0117619485e-01
    1.4359278604e-02   -1.0091844946e-01
    1.4369882643e-02   -1.0064408183e-01
    1.4379591681e-02   -1.0038300604e-01
    1.4389903285e-02   -1.0009691119e-01
    1.4399777167e-02   -9.9857866764e-02
    1.4409321360e-02   -9.9611192942e-02
    1.4419632033e-02   -9.9347755313e-02
    1.4429272152e-02   -9.9136762321e-02
    1.4439429156e-02   -9.8907582462e-02
    1.4449865557e-02   -9.8649136722e-02
    1.4459448867e-02   -9.8416604102e-02
    1.4469088987e-02   -9.8172113299e-02
    1.4479693025e-02   -9.7866408527e-02
    1.4489333145e-02   -9.7578734159e-02
    1.4499937184e-02   -9.7238227725e-02
    1.4509577304e-02   -9.6912741661e-02
    1.4519217424e-02   -9.6600629389e-02
    1.4529408887e-02   -9.6273362637e-02
    1.4539144002e-02   -9.5956929028e-02
    1.4549843036e-02   -9.5604434609e-02
    1.4559483156e-02   -9.5265135169e-02
    1.4569123276e-02   -9.4908475876e-02
    1.4579727314e-02   -9.4519816339e-02
    1.4589367434e-02   -9.4163261354e-02
    1.4599971473e-02   -9.3767344952e-02
    1.4609515667e-02   -9.3413211405e-02
    1.4619740658e-02   -9.3030147254e-02
    1.4629934914e-02   -9.2647507787e-02
    1.4639575034e-02   -9.2272922397e-02
    1.4649215154e-02   -9.1868296266e-02
    1.4659819193e-02   -9.1395467520e-02
    1.4669459313e-02   -9.0928070247e-02
    1.4679333195e-02   -9.0410552919e-02
    1.4689627104e-02   -8.9829020202e-02
    1.4699071646e-02   -8.9294731617e-02
    1.4709675685e-02   -8.8716320693e-02
    1.4719448984e-02   -8.8176757097e-02
    1.4729674906e-02   -8.7584473193e-02
    1.4739606529e-02   -8.6946718395e-02
    1.4749894850e-02   -8.6280085146e-02
    1.4759627171e-02   -8.5651859641e-02
    1.4769359492e-02   -8.4994159639e-02
    1.4779740945e-02   -8.4135733545e-02
    1.4789856039e-02   -8.3184652030e-02
    1.4799496159e-02   -8.2315675914e-02
    1.4809604734e-02   -8.1443719566e-02
    1.4819829725e-02   -8.0540284514e-02
    1.4829373918e-02   -7.9717405140e-02
    1.4839598909e-02   -7.8849703074e-02
    1.4849824831e-02   -7.7975451946e-02
    1.4859736897e-02   -7.7143564820e-02
    1.4869377017e-02   -7.6364487410e-02
    1.4879981056e-02   -7.5502291322e-02
    1.4889361337e-02   -7.4758201838e-02
    1.4899741858e-02   -7.4126861989e-02
    1.4909474179e-02   -7.3644861579e-02
    1.4919552952e-02   -7.3070280254e-02
    1.4929193072e-02   -7.2484321892e-02
    1.4939797111e-02   -7.1821443737e-02
    1.4949437231e-02   -7.1207575500e-02
    1.4959827997e-02   -7.0546612144e-02
    1.4969371259e-02   -6.9961465895e-02
    1.4979597181e-02   -6.9321781397e-02
    1.4989822172e-02   -6.8635590374e-02
    1.4999803156e-02   -6.7939855158e-02
    1.5009443276e-02   -6.7271396518e-02
    1.5019083396e-02   -6.6603459418e-02
    1.5029522590e-02   -6.5866425633e-02
    1.5039747581e-02   -6.5125010908e-02
    1.5049728565e-02   -6.4386665821e-02
    1.5059368685e-02   -6.3665039837e-02
    1.5069972724e-02   -6.2851265073e-02
    1.5079612844e-02   -6.2088679522e-02
    1.5089252964e-02   -6.1321098357e-02
    1.5099857002e-02   -6.0473006219e-02
    1.5109497122e-02   -5.9692714363e-02
    1.5119137242e-02   -5.8901619166e-02
    1.5129741281e-02   -5.8016702533e-02
    1.5139381401e-02   -5.7199422270e-02
    1.5149985440e-02   -5.6289240718e-02
    1.5159625560e-02   -5.5453918874e-02
    1.5169265680e-02   -5.4610442370e-02
    1.5179869719e-02   -5.3676329553e-02
    1.5189509839e-02   -5.2829071879e-02
    1.5199953690e-02   -5.1910679787e-02
    1.5209388919e-02   -5.1085870713e-02
    1.5219992958e-02   -5.0145883113e-02
    1.5229633078e-02   -4.9286417663e-02
    1.5239273198e-02   -4.8420552164e-02
    1.5249877237e-02   -4.7445330769e-02
    1.5259517357e-02   -4.6543389559e-02
    1.5269157477e-02   -4.5633148402e-02
    1.5279761516e-02   -4.4624764472e-02
    1.5289401636e-02   -4.3705720454e-02
    1.5299041755e-02   -4.2788285762e-02
    1.5309943818e-02   -4.1752267629e-02
    1.5319583938e-02   -4.0834717453e-02
    1.5329224057e-02   -3.9905250072e-02
    1.5339828096e-02   -3.8873288780e-02
    1.5349468216e-02   -3.7935405970e-02
    1.5359108336e-02   -3.7000142038e-02
    1.5369781293e-02   -3.5955645144e-02
    1.5379325487e-02   -3.4996163100e-02
    1.5389550477e-02   -3.3960357308e-02
    1.5399776399e-02   -3.2918799669e-02
    1.5409319662e-02   -3.1936198473e-02
    1.5419545583e-02   -3.0878037214e-02
    1.5429981984e-02   -2.9790788889e-02
    1.5439153649e-02   -2.8849583119e-02
    1.5449092723e-02   -2.7853457257e-02
    1.5459696762e-02   -2.6777990162e-02
    1.5469336882e-02   -2.5794122368e-02
    1.5479893424e-02   -2.4702809751e-02
    1.5489436686e-02   -2.3670876399e-02
    1.5499662608e-02   -2.2536601871e-02
    1.5509887598e-02   -2.1401846781e-02
    1.5519431792e-02   -2.0398315042e-02
    1.5529656783e-02   -1.9362587482e-02
    1.5539882705e-02   -1.8300369382e-02
    1.5549493954e-02   -1.7247673124e-02
    1.5559902415e-02   -1.6053181142e-02
    1.5569542535e-02   -1.4911674894e-02
    1.5579182655e-02   -1.3772298582e-02
    1.5589786693e-02   -1.2583848089e-02
    1.5599426813e-02   -1.1570258066e-02
    1.5609066933e-02   -1.0582833551e-02
    1.5619670972e-02   -9.4687333331e-03
    1.5629310161e-02   -8.4047364071e-03
    1.5639914200e-02   -7.2079827078e-03
    1.5649555251e-02   -6.1361761764e-03
    1.5659287572e-02   -5.0808046944e-03
    1.5669891611e-02   -3.9201537147e-03
    1.5679532662e-02   -2.8121648356e-03
    1.5689171851e-02   -1.7238664441e-03
    1.5699615702e-02   -6.1869597994e-04
    1.5709256753e-02    3.3802518738e-04
    1.5719860792e-02    1.3372381218e-03
    1.5729499981e-02    2.2574919276e-03
    1.5739141032e-02    3.2226319890e-03
    1.5749745071e-02    4.2902030982e-03
    1.5759384260e-02    5.2363085561e-03
    1.5769941732e-02    6.2492350116e-03
    1.5779303387e-02    7.1207815781e-03
    1.5789907426e-02    8.1214159727e-03
    1.5799501911e-02    9.1372495517e-03
    1.5809826553e-02    1.0219927877e-02
    1.5819465742e-02    1.1120624840e-02
    1.5829691663e-02    1.2031566352e-02
    1.5839917585e-02    1.2832132168e-02
    1.5849461779e-02    1.3514087535e-02
    1.5859160572e-02    1.4302195981e-02
    1.5869626775e-02    1.5141344629e-02
    1.5879383311e-02    1.5841407701e-02
    1.5889609233e-02    1.6569815576e-02
    1.5899833292e-02    1.7263960093e-02
    1.5909377486e-02    1.7942843959e-02
    1.5919603407e-02    1.8731681630e-02
    1.5929829329e-02    1.9560681656e-02
    1.5939371660e-02    2.0180324093e-02
    1.5949597582e-02    2.0800409839e-02
    1.5959823504e-02    2.1418357268e-02
    1.5969367698e-02    2.1902754903e-02
    1.5979591757e-02    2.2402573377e-02
    1.5989817679e-02    2.2974520922e-02
    1.5999361873e-02    2.3491512984e-02
    1.6009587795e-02    2.3996395990e-02
    1.6019811854e-02    2.4437671527e-02
    1.6029356048e-02    2.4795567617e-02
    1.6039581969e-02    2.5191802531e-02
    1.6049807891e-02    2.5640338659e-02
    1.6059350222e-02    2.6018269360e-02
    1.6069576144e-02    2.6373980567e-02
    1.6079669818e-02    2.6758899912e-02
    1.6089402139e-02    2.7352211997e-02
    1.6099628061e-02    2.8125310317e-02
    1.6109853983e-02    2.8887411579e-02
    1.6119608656e-02    2.9515031725e-02
    1.6129991040e-02    3.0022377148e-02
    1.6139535233e-02    3.0371673405e-02
    1.6149759293e-02    3.0695272610e-02
    1.6159985214e-02    3.1070990488e-02
    1.6169529408e-02    3.1479127705e-02
    1.6179753467e-02    3.1903367490e-02
    1.6189979389e-02    3.2304912806e-02
    1.6199523583e-02    3.2699614763e-02
    1.6209749505e-02    3.3120073378e-02
    1.6219973564e-02    3.3495377749e-02
    1.6229517758e-02    3.3844247460e-02
    1.6239743680e-02    3.4244872630e-02
    1.6249969602e-02    3.4629583359e-02
    1.6259511933e-02    3.4951273352e-02
    1.6269737855e-02    3.5285715014e-02
    1.6279963776e-02    3.5632032901e-02
    1.6289507970e-02    3.5947948694e-02
    1.6299732029e-02    3.6263484508e-02
    1.6309957951e-02    3.6569420248e-02
    1.6319502145e-02    3.6857493222e-02
    1.6329728067e-02    3.7158712745e-02
    1.6339952126e-02    3.7441805005e-02
    1.6349496320e-02    3.7704028189e-02
    1.6359722242e-02    3.7995211780e-02
    1.6369948164e-02    3.8282416761e-02
    1.6379490495e-02    3.8535960019e-02
    1.6389716417e-02    3.8794450462e-02
    1.6399942338e-02    3.9044007659e-02
    1.6409486532e-02    3.9274591953e-02
    1.6419710591e-02    3.9522357285e-02
    1.6429936513e-02    3.9766114205e-02
    1.6439480707e-02    3.9981409907e-02
    1.6449706629e-02    4.0195792913e-02
    1.6459930688e-02    4.0404975414e-02
    1.6469474882e-02    4.0602065623e-02
    1.6479767859e-02    4.0885593742e-02
    1.6489563510e-02    4.1171770543e-02
    1.6499789432e-02    4.1373651475e-02
    1.6509333625e-02    4.1490457952e-02
    1.6519559547e-02    4.1580699384e-02
    1.6529822722e-02    4.1680909693e-02
    1.6539461911e-02    4.1816469282e-02
    1.6549102962e-02    4.1940495372e-02
    1.6559492797e-02    4.2033117265e-02
    1.6569718719e-02    4.2154639959e-02
    1.6579942778e-02    4.2319875211e-02
    1.6589486971e-02    4.2434979230e-02
    1.6599712893e-02    4.2521316558e-02
    1.6609624028e-02    4.2637053877e-02
    1.6619265079e-02    4.2788304389e-02
    1.6629537567e-02    4.2927075177e-02
    1.6639763489e-02    4.3043825775e-02
    1.6649376601e-02    4.3190088123e-02
    1.6659818590e-02    4.3311189860e-02
    1.6669457778e-02    4.3333809823e-02
    1.6679098830e-02    4.3286487460e-02
    1.6689419746e-02    4.3241385370e-02
    1.6699645668e-02    4.3300010264e-02
    1.6709871590e-02    4.3463841081e-02
    1.6719100997e-02    4.3564636260e-02
    1.6729608178e-02    4.3596848845e-02
    1.6739834100e-02    4.3612733483e-02
    1.6749378294e-02    4.3595574796e-02
    1.6759604216e-02    4.3575480580e-02
    1.6769828275e-02    4.3588519096e-02
    1.6779128462e-02    4.3606992811e-02
    1.6789732501e-02    4.3618328869e-02
    1.6799606383e-02    4.3626617640e-02
    1.6809832305e-02    4.3649327010e-02
    1.6819374636e-02    4.3669801205e-02
    1.6829637811e-02    4.3694857508e-02
    1.6839278862e-02    4.3727945536e-02
    1.6849882901e-02    4.3776672333e-02
    1.6859157011e-02    4.3823033571e-02
    1.6868889332e-02    4.3861906976e-02
    1.6879839823e-02    4.3908972293e-02
    1.6889574006e-02    4.3974116445e-02
    1.6899306327e-02    4.4070094824e-02
    1.6909040511e-02    4.4226337224e-02
    1.6919989139e-02    4.4411934912e-02
    1.6929723322e-02    4.4532276690e-02
    1.6939455643e-02    4.4613838196e-02
    1.6949187964e-02    4.4669110328e-02
    1.6958922148e-02    4.4760864228e-02
    1.6969870776e-02    4.4905602932e-02
    1.6979604959e-02    4.5026253909e-02
    1.6989337280e-02    4.5196712017e-02
    1.6999069601e-02    4.5475602150e-02
    1.7008801922e-02    4.5754905790e-02
    1.7019752413e-02    4.5970860869e-02
    1.7029484734e-02    4.6115208417e-02
    1.7039217055e-02    4.6257883310e-02
    1.7048951238e-02    4.6435650438e-02
    1.7059899867e-02    4.6669010073e-02
    1.7069632187e-02    4.6972859651e-02
    1.7079364508e-02    4.7318957746e-02
    1.7089096829e-02    4.7616630793e-02
    1.7098829150e-02    4.7908242792e-02
    1.7109779641e-02    4.8156794161e-02
    1.7119850963e-02    4.8348989338e-02
    1.7129957676e-02    4.8518031836e-02
    1.7139771953e-02    4.8334248364e-02
    1.7149383202e-02    4.8164304346e-02
    1.7159631476e-02    4.8103045672e-02
    1.7169510946e-02    4.8081744462e-02
    1.7179191113e-02    4.8094470054e-02
    1.7189692706e-02    4.8174735159e-02
    1.7199996859e-02    4.8333484679e-02
    1.7209358513e-02    4.8540603369e-02
    1.7219450325e-02    4.8662319779e-02
    1.7229806632e-02    4.8710595816e-02
    1.7239538953e-02    4.8757594079e-02
    1.7249271274e-02    4.8758231103e-02
    1.7259884626e-02    4.8748005182e-02
    1.7269497737e-02    4.8789210618e-02
    1.7279399559e-02    4.8847891390e-02
    1.7289131880e-02    4.8887431622e-02
    1.7299322411e-02    4.8933640122e-02
    1.7309926450e-02    4.8996653408e-02
    1.7319567502e-02    4.9072843045e-02
    1.7329206690e-02    4.9147751182e-02
    1.7339145765e-02    4.9209658056e-02
    1.7348878086e-02    4.9263279885e-02
    1.7359826714e-02    4.9318704754e-02
    1.7369559035e-02    4.9387395382e-02
    1.7379291356e-02    4.9461983144e-02
    1.7389023677e-02    4.9514334649e-02
    1.7399972305e-02    4.9568496644e-02
    1.7409704626e-02    4.9642279744e-02
    1.7419159412e-02    4.9731861800e-02
    1.7429251224e-02    4.9822349101e-02
    1.7439343035e-02    4.9892358482e-02
    1.7449667677e-02    4.9971282482e-02
    1.7459308729e-02    5.0063312054e-02
    1.7469912767e-02    5.0162330270e-02
    1.7479551956e-02    5.0251536071e-02
    1.7489193007e-02    5.0357151777e-02
    1.7499797046e-02    5.0490528345e-02
    1.7509987578e-02    5.0614848733e-02
    1.7519719899e-02    5.0712343305e-02
    1.7529452220e-02    5.0798457116e-02
    1.7539476976e-02    5.0895083696e-02
    1.7549702898e-02    5.0997693092e-02
    1.7559928820e-02    5.1091071218e-02
    1.7569473013e-02    5.1175393164e-02
    1.7578907311e-02    5.1262870431e-02
    1.7589855939e-02    5.1349166781e-02
    1.7599588260e-02    5.1396179944e-02
    1.7609320581e-02    5.1427800208e-02
    1.7619052902e-02    5.1468703896e-02
    1.7628785223e-02    5.1522444934e-02
    1.7639733851e-02    5.1566150039e-02
    1.7649466172e-02    5.1578134298e-02
    1.7659198493e-02    5.1582533866e-02
    1.7668930814e-02    5.1588267088e-02
    1.7679879442e-02    5.1585644484e-02
    1.7689611763e-02    5.1572635770e-02
    1.7699342221e-02    5.1559433341e-02
    1.7709380016e-02    5.1568236202e-02
    1.7719458789e-02    5.1701515913e-02
    1.7729684711e-02    5.1786571741e-02
    1.7739908770e-02    5.1731787622e-02
    1.7749235034e-02    5.1630552858e-02
    1.7759326845e-02    5.1500890404e-02
    1.7769418657e-02    5.1392462105e-02
    1.7779603601e-02    5.1317591220e-02
    1.7789229751e-02    5.1241733134e-02
    1.7798962072e-02    5.1153261214e-02
    1.7809910700e-02    5.1072020084e-02
    1.7819549888e-02    5.1022063941e-02
    1.7828823999e-02    5.0974510610e-02
    1.7839772627e-02    5.0902035087e-02
    1.7849918455e-02    5.0811417401e-02
    1.7859557644e-02    5.0709716976e-02
    1.7869794741e-02    5.0586629659e-02
    1.7879873514e-02    5.0470255315e-02
    1.7889067531e-02    5.0374343991e-02
    1.7898799852e-02    5.0260927528e-02
    1.7909748480e-02    5.0119455904e-02
    1.7919737846e-02    4.9999162555e-02
    1.7928855494e-02    4.9885343760e-02
    1.7939617857e-02    4.9756255001e-02
    1.7949869856e-02    4.9627151340e-02
    1.7959624529e-02    4.9499195069e-02
    1.7969919369e-02    4.9385685474e-02
    1.7979700118e-02    4.9270570278e-02
    1.7989629880e-02    4.9140311778e-02
    1.7999311909e-02    4.9011617899e-02
    1.8009589985e-02    4.8856653273e-02
    1.8019814044e-02    4.8704233021e-02
    1.8029689789e-02    4.8598855734e-02
    1.8039422110e-02    4.8514381051e-02
    1.8049154431e-02    4.8492636532e-02
    1.8059533089e-02    4.8407241702e-02
    1.8069569021e-02    4.8252813518e-02
    1.8079301342e-02    4.8065930605e-02
    1.8089439720e-02    4.7844082117e-02
    1.8099820241e-02    4.7833815217e-02
    1.8109869212e-02    4.8010133207e-02
    1.8119601533e-02    4.8137374222e-02
    1.8129333854e-02    4.8198115081e-02
    1.8139066175e-02    4.8223473132e-02
    1.8148798496e-02    4.8229251057e-02
    1.8159747124e-02    4.8219978809e-02
    1.8169479445e-02    4.8189405352e-02
    1.8179211766e-02    4.8136934638e-02
    1.8188942224e-02    4.8104096204e-02
    1.8199892715e-02    4.8070400953e-02
    1.8209625036e-02    4.8020187765e-02
    1.8219357356e-02    4.7958288342e-02
    1.8229089677e-02    4.7881808132e-02
    1.8238821998e-02    4.7815740108e-02
    1.8249770626e-02    4.7762066126e-02
    1.8259502947e-02    4.7715898603e-02
    1.8269235268e-02    4.7681134194e-02
    1.8278967589e-02    4.7648891807e-02
    1.8289916217e-02    4.7602668405e-02
    1.8299648538e-02    4.7557674348e-02
    1.8309380859e-02    4.7512389719e-02
    1.8319113180e-02    4.7477122396e-02
    1.8328845501e-02    4.7448571771e-02
    1.8339794129e-02    4.7411426902e-02
    1.8349526450e-02    4.7377105802e-02
    1.8359258771e-02    4.7343038023e-02
    1.8368991092e-02    4.7314789146e-02
    1.8379941583e-02    4.7289386392e-02
    1.8389673904e-02    4.7266561538e-02
    1.8399406224e-02    4.7250654548e-02
    1.8409138545e-02    4.7245770693e-02
    1.8418870866e-02    4.7247514129e-02
    1.8429819494e-02    4.7245688736e-02
    1.8439553678e-02    4.7238085419e-02
    1.8449285999e-02    4.7237090766e-02
    1.8459018320e-02    4.7247234732e-02
    1.8469966948e-02    4.7258835286e-02
    1.8479699269e-02    4.7261297703e-02
    1.8489433452e-02    4.7260973603e-02
    1.8499165773e-02    4.7264341265e-02
    1.8508898094e-02    4.7271456569e-02
    1.8519846722e-02    4.7282334417e-02
    1.8529580906e-02    4.7293029726e-02
    1.8539313227e-02    4.7301251441e-02
    1.8549045548e-02    4.7304626554e-02
    1.8559996039e-02    4.7304946929e-02
    1.8569728360e-02    4.7306202352e-02
    1.8579460680e-02    4.7304898500e-02
    1.8589194864e-02    4.7294951975e-02
    1.8598927185e-02    4.7280065715e-02
    1.8609877676e-02    4.7266259789e-02
    1.8619609997e-02    4.7254029661e-02
    1.8629342318e-02    4.7236312181e-02
    1.8639076501e-02    4.7212276608e-02
    1.8648808822e-02    4.7185551375e-02
    1.8659759313e-02    4.7154616565e-02
    1.8669491634e-02    4.7122802585e-02
    1.8679225817e-02    4.7086115927e-02
    1.8688958138e-02    4.7048341483e-02
    1.8699908629e-02    4.7008562833e-02
    1.8709640950e-02    4.6954181045e-02
    1.8719375134e-02    4.6880524606e-02
    1.8729107454e-02    4.6854812652e-02
    1.8738839775e-02    4.6838097274e-02
    1.8749790266e-02    4.6822082251e-02
    1.8759522587e-02    4.6826042235e-02
    1.8769256771e-02    4.6823341399e-02
    1.8779309466e-02    4.6802718192e-02
    1.8789401278e-02    4.6775054187e-02
    1.8799494952e-02    4.6744510531e-02
    1.8809586763e-02    4.6708185226e-02
    1.8819047138e-02    4.6674091369e-02
    1.8829995766e-02    4.6642098576e-02
    1.8839728087e-02    4.6615064144e-02
    1.8849462271e-02    4.6589884907e-02
    1.8859194592e-02    4.6567030251e-02
    1.8868928775e-02    4.6537436545e-02
    1.8879877403e-02    4.6491943300e-02
    1.8889611587e-02    4.6443972737e-02
    1.8899343908e-02    4.6391088516e-02
    1.8909076229e-02    4.6334292740e-02
    1.8918810412e-02    4.6278852969e-02
    1.8929759040e-02    4.6212844551e-02
    1.8939493224e-02    4.6141922474e-02
    1.8949266523e-02    4.6054046601e-02
    1.8959358335e-02    4.5941624790e-02
    1.8969452009e-02    4.5818053186e-02
    1.8979508430e-02    4.5691274107e-02
    1.8989242613e-02    4.5565269887e-02
    1.8998974934e-02    4.5428775251e-02
    1.9009964541e-02    4.5257620513e-02
    1.9019139931e-02    4.5103985816e-02
    1.9028898329e-02    4.4937737286e-02
    1.9039848819e-02    4.4751286507e-02
    1.9049581140e-02    4.4580988586e-02
    1.9059315324e-02    4.4403914362e-02
    1.9069047645e-02    4.4220924377e-02
    1.9079998136e-02    4.4005356729e-02
    1.9089730456e-02    4.3804135174e-02
    1.9099462777e-02    4.3595738709e-02
    1.9109196961e-02    4.3380066752e-02
    1.9118929282e-02    4.3155081570e-02
    1.9129879773e-02    4.2889766395e-02
    1.9139612094e-02    4.2643994093e-02
    1.9149346277e-02    4.2392369360e-02
    1.9159078598e-02    4.2137838900e-02
    1.9168810919e-02    4.1879490018e-02
    1.9179761410e-02    4.1581138968e-02
    1.9189493731e-02    4.1308894753e-02
    1.9199227914e-02    4.1032869369e-02
    1.9208960235e-02    4.0755413473e-02
    1.9219910726e-02    4.0440045297e-02
    1.9229643047e-02    4.0154054761e-02
    1.9239377230e-02    3.9851497859e-02
    1.9249109551e-02    3.9508432150e-02
    1.9258841872e-02    3.9166912436e-02
    1.9269792363e-02    3.8797497749e-02
    1.9279524684e-02    3.8498450071e-02
    1.9289258868e-02    3.8227766752e-02
    1.9298991188e-02    3.7934362888e-02
    1.9309941679e-02    3.7523273379e-02
    1.9319674000e-02    3.7123326212e-02
    1.9329408184e-02    3.6728989333e-02
    1.9339140505e-02    3.6335863173e-02
    1.9348874688e-02    3.5985495895e-02
    1.9359823316e-02    3.5593066365e-02
    1.9369557500e-02    3.5193838179e-02
    1.9379289821e-02    3.4754540771e-02
    1.9389024004e-02    3.4298539162e-02
    1.9399972633e-02    3.3827770501e-02
    1.9409706816e-02    3.3411119133e-02
    1.9419439137e-02    3.2999522984e-02
    1.9429173321e-02    3.2606460154e-02
    1.9438905641e-02    3.2186690718e-02
    1.9449856132e-02    3.1646795571e-02
    1.9459590316e-02    3.1140990555e-02
    1.9469322637e-02    3.0638791621e-02
    1.9479056820e-02    3.0127471313e-02
    1.9488789141e-02    2.9643421993e-02
    1.9499739632e-02    2.9134450480e-02
    1.9509471953e-02    2.8661657125e-02
    1.9519206136e-02    2.8151171282e-02
    1.9528938457e-02    2.7608726174e-02
    1.9539888948e-02    2.6980016381e-02
    1.9549623132e-02    2.6427732781e-02
    1.9559355453e-02    2.5922261178e-02
    1.9569089636e-02    2.5464737788e-02
    1.9578821957e-02    2.4990765378e-02
    1.9589772448e-02    2.4408102036e-02
    1.9599506631e-02    2.3876899853e-02
    1.9609238952e-02    2.3347066715e-02
    1.9618973136e-02    2.2816671059e-02
    1.9629923627e-02    2.2233985364e-02
    1.9639655948e-02    2.1738003939e-02
    1.9649390131e-02    2.1251328290e-02
    1.9659122452e-02    2.0759826526e-02
    1.9668856636e-02    2.0263478160e-02
    1.9679807127e-02    1.9710363820e-02
    1.9689539447e-02    1.9224865362e-02
    1.9699273631e-02    1.8738504499e-02
    1.9709007815e-02    1.8248867244e-02
    1.9719956443e-02    1.7699340358e-02
    1.9729690626e-02    1.7212541774e-02
    1.9739424810e-02    1.6719782725e-02
    1.9749157131e-02    1.6216980293e-02
    1.9758891314e-02    1.5707978979e-02
    1.9769841805e-02    1.5135393478e-02
    1.9779574126e-02    1.4628156088e-02
    1.9789308310e-02    1.4119624160e-02
    1.9799040630e-02    1.3606908731e-02
    1.9809991121e-02    1.3027760200e-02
    1.9819725305e-02    1.2516375631e-02
    1.9829459488e-02    1.2007375248e-02
    1.9839191809e-02    1.1495959014e-02
    1.9848925993e-02    1.0981076397e-02
    1.9859876484e-02    1.0399434716e-02
    1.9869608805e-02    9.8787052557e-03
    1.9879342988e-02    9.3447733670e-03
    1.9889077172e-02    8.7880594656e-03
    1.9898809493e-02    8.2268305123e-03
    1.9909759983e-02    7.6186736114e-03
    1.9919494167e-02    7.1158562787e-03
    1.9929226488e-02    6.6176210530e-03
    1.9938960671e-02    6.0930280015e-03
    1.9949911162e-02    5.4781888612e-03
    1.9959645346e-02    4.9201780930e-03
    1.9969377667e-02    4.3582716025e-03
    1.9979111850e-02    3.8096581120e-03
    1.9988846034e-02    3.3002975397e-03
    1.9999796525e-02    2.7558160946e-03
    2.0009528846e-02    2.2495738231e-03
    2.0019263029e-02    1.7165561439e-03
    2.0028997213e-02    1.1784979142e-03
    2.0039947703e-02    5.7905289577e-04
    2.0049680024e-02    5.2884806792e-05
    2.0059414208e-02   -4.6250253217e-04
    2.0069148391e-02   -9.6878351178e-04
    2.0078882575e-02   -1.4738369500e-03
    2.0089831203e-02   -2.0457033534e-03
    2.0099565387e-02   -2.5557631161e-03
    2.0109299570e-02   -3.0651574489e-03
    2.0119033754e-02   -3.5717999563e-03
    2.0129984245e-02   -4.1380124167e-03
    2.0139716566e-02   -4.6398048289e-03
    2.0149450749e-02   -5.1406384446e-03
    2.0159184933e-02   -5.6416876614e-03
    2.0168919116e-02   -6.1448290944e-03
    2.0179867744e-02   -6.7131081596e-03
    2.0189601928e-02   -7.2176749818e-03
    2.0199336112e-02   -7.7211186290e-03
    2.0209070295e-02   -8.2260966301e-03
    2.0218802616e-02   -8.7338145822e-03
    2.0229753107e-02   -9.3069132417e-03
    2.0239487290e-02   -9.8159583285e-03
    2.0249221474e-02   -1.0324530303e-02
    2.0258955657e-02   -1.0835815221e-02
    2.0269904286e-02   -1.1416563764e-02
    2.0279638469e-02   -1.1937181465e-02
    2.0289372653e-02   -1.2462655082e-02
    2.0299106836e-02   -1.2994835153e-02
    2.0308839157e-02   -1.3533558697e-02
    2.0319789648e-02   -1.4145025052e-02
    2.0329523832e-02   -1.4693714678e-02
    2.0339258015e-02   -1.5250545926e-02
    2.0348992199e-02   -1.5817517415e-02
    2.0359942690e-02   -1.6465697438e-02
    2.0369675010e-02   -1.7048796639e-02
    2.0379409194e-02   -1.7637431622e-02
    2.0389143378e-02   -1.8231196329e-02
    2.0398877561e-02   -1.8829395995e-02
    2.0409828052e-02   -1.9506609067e-02
    2.0419560373e-02   -2.0113207400e-02
    2.0429294556e-02   -2.0725408569e-02
    2.0439028740e-02   -2.1343002096e-02
    2.0449979231e-02   -2.2042995319e-02
    2.0459713414e-02   -2.2669460624e-02
    2.0469445735e-02   -2.3301124573e-02
    2.0479179919e-02   -2.3939572275e-02
    2.0488914102e-02   -2.4585625157e-02
    2.0499864593e-02   -2.5322016329e-02
    2.0509598777e-02   -2.5985468179e-02
    2.0519332960e-02   -2.6656406000e-02
    2.0529065281e-02   -2.7333108708e-02
    2.0538799465e-02   -2.8014188632e-02
    2.0549749956e-02   -2.8785381466e-02
    2.0559484139e-02   -2.9476156458e-02
    2.0569218323e-02   -3.0172040686e-02
    2.0578950644e-02   -3.0873484910e-02
    2.0589901134e-02   -3.1673911959e-02
    2.0599635318e-02   -3.2407958061e-02
    2.0609369501e-02   -3.3140193671e-02
    2.0619103685e-02   -3.3863577992e-02
    2.0628837869e-02   -3.4584201872e-02
    2.0639788359e-02   -3.5400994122e-02
    2.0649520680e-02   -3.6139607430e-02
    2.0659254864e-02   -3.6888286471e-02
    2.0668989047e-02   -3.7643857300e-02
    2.0679939538e-02   -3.8500569761e-02
    2.0689673722e-02   -3.9263881743e-02
    2.0699407905e-02   -4.0029209107e-02
    2.0709140226e-02   -4.0802642703e-02
    2.0718874410e-02   -4.1586644948e-02
    2.0729824901e-02   -4.2478155345e-02
    2.0739559084e-02   -4.3276946992e-02
    2.0749293268e-02   -4.4080782682e-02
    2.0759027451e-02   -4.4888287783e-02
    2.0769977942e-02   -4.5801032335e-02
    2.0779712126e-02   -4.6620104462e-02
    2.0789444447e-02   -4.7456026077e-02
    2.0799178630e-02   -4.8298619688e-02
    2.0808912814e-02   -4.9140740186e-02
    2.0819863304e-02   -5.0089232624e-02
    2.0829597488e-02   -5.0934918225e-02
    2.0839331672e-02   -5.1787532866e-02
    2.0849065855e-02   -5.2649535239e-02
    2.0858798176e-02   -5.3521536291e-02
    2.0869750530e-02   -5.4511941969e-02
    2.0879482850e-02   -5.5394157767e-02
    2.0889217034e-02   -5.6276101619e-02
    2.0898951218e-02   -5.7162109762e-02
    2.0909901708e-02   -5.8166027069e-02
    2.0919635892e-02   -5.9062264860e-02
    2.0929370075e-02   -5.9961922467e-02
    2.0939104259e-02   -6.0865189880e-02
    2.0948838443e-02   -6.1770334840e-02
    2.0959788933e-02   -6.2789201736e-02
    2.0969523117e-02   -6.3697338104e-02
    2.0979257300e-02   -6.4610421658e-02
    2.0988989621e-02   -6.5528072417e-02
    2.0999941975e-02   -6.6565334797e-02
    2.1009674296e-02   -6.7492499948e-02
    2.1019408479e-02   -6.8425379694e-02
    2.1029142663e-02   -6.9364793599e-02
    2.1038876846e-02   -7.0311263204e-02
    2.1049827337e-02   -7.1385189891e-02
    2.1059561521e-02   -7.2347879410e-02
    2.1069295704e-02   -7.3317252100e-02
    2.1079029888e-02   -7.4291996658e-02
    2.1089980379e-02   -7.5393505394e-02
    2.1099714562e-02   -7.6376505196e-02
    2.1109448746e-02   -7.7363722026e-02
    2.1119182929e-02   -7.8355774283e-02
    2.1128917113e-02   -7.9352743924e-02
    2.1139867604e-02   -8.0480344594e-02
    2.1149601787e-02   -8.1487767398e-02
    2.1159335971e-02   -8.2500427961e-02
    2.1169070154e-02   -8.3517774940e-02
    2.1178804338e-02   -8.4532707930e-02
    2.1189754829e-02   -8.5664033890e-02
    2.1199489012e-02   -8.6659468710e-02
    2.1209223196e-02   -8.7647370994e-02
    2.1218957379e-02   -8.8629089296e-02
    2.1229907870e-02   -8.9728280902e-02
    2.1239642054e-02   -9.0701371431e-02
    2.1249376237e-02   -9.1670654714e-02
    2.1259110421e-02   -9.2637494206e-02
    2.1268844604e-02   -9.3601800501e-02
    2.1279795095e-02   -9.4680316746e-02
    2.1289529279e-02   -9.5629751682e-02
    2.1299263462e-02   -9.6568234265e-02
    2.1308997646e-02   -9.7494140267e-02
    2.1319948137e-02   -9.8520539701e-02
    2.1329682320e-02   -9.9421761930e-02
    2.1339416504e-02   -1.0031551868e-01
    2.1349150687e-02   -1.0121320933e-01
    2.1358886734e-02   -1.0223865509e-01
    2.1369837224e-02   -1.0365451872e-01
    2.1379571408e-02   -1.0506291687e-01
    2.1389305592e-02   -1.0646227002e-01
    2.1399039775e-02   -1.0775632411e-01
    2.1409990266e-02   -1.0907603800e-01
    2.1419724450e-02   -1.1019247770e-01
    2.1429458633e-02   -1.1131064594e-01
    2.1439192817e-02   -1.1242938042e-01
    2.1448927000e-02   -1.1352681369e-01
    2.1459879354e-02   -1.1473369598e-01
    2.1469613537e-02   -1.1579500884e-01
    2.1479347721e-02   -1.1684643477e-01
    2.1489081904e-02   -1.1787740886e-01
    2.1498816088e-02   -1.1888266355e-01
    2.1509766579e-02   -1.1997547001e-01
    2.1519500762e-02   -1.2089955062e-01
    2.1529234946e-02   -1.2177471071e-01
    2.1538969129e-02   -1.2262056768e-01
    2.1549919620e-02   -1.2355798483e-01
    2.1559655666e-02   -1.2437078357e-01
    2.1569389850e-02   -1.2514962256e-01
    2.1579124033e-02   -1.2588723004e-01
    2.1588858217e-02   -1.2658345699e-01
    2.1599808708e-02   -1.2732023001e-01
    2.1609542891e-02   -1.2793314457e-01
    2.1619277075e-02   -1.2850655615e-01
    2.1629011258e-02   -1.2904377282e-01
    2.1639961749e-02   -1.2960402668e-01
    2.1649695933e-02   -1.3005600870e-01
    2.1659430116e-02   -1.3046066463e-01
    2.1669164300e-02   -1.3081875443e-01
    2.1678898484e-02   -1.3113503158e-01
    2.1689850837e-02   -1.3144871593e-01
    2.1699585021e-02   -1.3169758022e-01
    2.1709319204e-02   -1.3192637265e-01
    2.1719053388e-02   -1.3215427101e-01
    2.1728787571e-02   -1.3237079978e-01
    2.1739738062e-02   -1.3255690038e-01
    2.1749472246e-02   -1.3266155124e-01
    2.1759206429e-02   -1.3272526860e-01
    2.1768940613e-02   -1.3276606798e-01
    2.1779891104e-02   -1.3280454278e-01
    2.1789625287e-02   -1.3283461332e-01
    2.1799359471e-02   -1.3284653425e-01
    2.1809095517e-02   -1.3283680379e-01
    2.1818829700e-02   -1.3281196356e-01
    2.1829780191e-02   -1.3276027143e-01
    2.1839514375e-02   -1.3268327713e-01
    2.1849248558e-02   -1.3258154690e-01
    2.1858982742e-02   -1.3246574998e-01
    2.1869933233e-02   -1.3233219087e-01
    2.1879667416e-02   -1.3222293556e-01
    2.1889401600e-02   -1.3212846220e-01
    2.1899135783e-02   -1.3204625249e-01
    2.1908869967e-02   -1.3196878135e-01
    2.1919820458e-02   -1.3188824058e-01
    2.1929554641e-02   -1.3183523715e-01
    2.1939288825e-02   -1.3181053102e-01
    2.1949023008e-02   -1.3181030750e-01
    2.1959973499e-02   -1.3182200491e-01
    2.1969707683e-02   -1.3182938099e-01
    2.1979441866e-02   -1.3182799518e-01
    2.1989176050e-02   -1.3182055950e-01
    2.1998910233e-02   -1.3181646168e-01
    2.2009860724e-02   -1.3182424009e-01
    2.2019594908e-02   -1.3184167445e-01
    2.2029329091e-02   -1.3186401129e-01
    2.2039063275e-02   -1.3188882172e-01
    2.2048797458e-02   -1.3191936910e-01
    2.2059747949e-02   -1.3196511567e-01
    2.2069482133e-02   -1.3201491535e-01
    2.2079216316e-02   -1.3207145035e-01
    2.2088948637e-02   -1.3214509189e-01
    2.2099900991e-02   -1.3225829601e-01
    2.2109633312e-02   -1.3237188756e-01
    2.2119367495e-02   -1.3248954713e-01
    2.2129101679e-02   -1.3262066245e-01
    2.2138835862e-02   -1.3276842237e-01
    2.2149786353e-02   -1.3294228911e-01
    2.2159520537e-02   -1.3309411705e-01
    2.2169254720e-02   -1.3325285912e-01
    2.2178988904e-02   -1.3343523443e-01
    2.2189939395e-02   -1.3367587328e-01
    2.2199673578e-02   -1.3391095400e-01
    2.2209407762e-02   -1.3414917886e-01
    2.2219141945e-02   -1.3436937332e-01
    2.2228876129e-02   -1.3457794487e-01
    2.2239826620e-02   -1.3483366370e-01
    2.2249558941e-02   -1.3507929444e-01
    2.2259293124e-02   -1.3533028960e-01
    2.2269027308e-02   -1.3559995592e-01
    2.2279977798e-02   -1.3592261076e-01
    2.2289711982e-02   -1.3619883358e-01
    2.2299446166e-02   -1.3645225763e-01
    2.2309180349e-02   -1.3668577373e-01
    2.2318914533e-02   -1.3688397408e-01
    2.2329865023e-02   -1.3706743717e-01
    2.2339599207e-02   -1.3721905649e-01
    2.2349333391e-02   -1.3736285269e-01
    2.2359067574e-02   -1.3748805225e-01
    2.2368799895e-02   -1.3757905364e-01
    2.2379750386e-02   -1.3762414455e-01
    2.2389484569e-02   -1.3762167096e-01
    2.2399218753e-02   -1.3759109378e-01
    2.2408952937e-02   -1.3753721118e-01
    2.2419903427e-02   -1.3747377694e-01
    2.2429637611e-02   -1.3744232059e-01
    2.2439371794e-02   -1.3741920888e-01
    2.2449104115e-02   -1.3736565411e-01
    2.2458838299e-02   -1.3728296757e-01
    2.2469788790e-02   -1.3718196750e-01
    2.2479522973e-02   -1.3708624244e-01
    2.2489257157e-02   -1.3698589802e-01
    2.2498991340e-02   -1.3690617681e-01
    2.2509941831e-02   -1.3684454560e-01
    2.2519674152e-02   -1.3679227233e-01
    2.2529408336e-02   -1.3674058020e-01
    2.2539142519e-02   -1.3669814169e-01
    2.2548876703e-02   -1.3665558398e-01
    2.2559827194e-02   -1.3662104309e-01
    2.2569561377e-02   -1.3663420081e-01
    2.2579295561e-02   -1.3667631149e-01
    2.2589027882e-02   -1.3671359420e-01
    2.2599980235e-02   -1.3674780726e-01
    2.2609712556e-02   -1.3677939773e-01
    2.2619446740e-02   -1.3680429757e-01
    2.2629180923e-02   -1.3684795797e-01
    2.2638915107e-02   -1.3694435358e-01
    2.2649865597e-02   -1.3711221516e-01
    2.2659599781e-02   -1.3729287684e-01
    2.2669333965e-02   -1.3749022782e-01
    2.2679068148e-02   -1.3769499958e-01
    2.2688800469e-02   -1.3790027797e-01
    2.2699752823e-02   -1.3810883462e-01
    2.2709485143e-02   -1.3827538490e-01
    2.2719219327e-02   -1.3845136762e-01
    2.2728953511e-02   -1.3865238428e-01
    2.2739904001e-02   -1.3889934123e-01
    2.2749638185e-02   -1.3912111521e-01
    2.2759372368e-02   -1.3933120668e-01
    2.2769106552e-02   -1.3952837884e-01
    2.2778840736e-02   -1.3971996307e-01
    2.2789791226e-02   -1.3993620872e-01
    2.2799525410e-02   -1.4014074206e-01
    2.2809257731e-02   -1.4036844671e-01
    2.2818991914e-02   -1.4061529934e-01
    2.2829942405e-02   -1.4089891315e-01
    2.2839676589e-02   -1.4115063846e-01
    2.2849410772e-02   -1.4139741659e-01
    2.2859144956e-02   -1.4162880182e-01
    2.2868879139e-02   -1.4183901250e-01
    2.2879829630e-02   -1.4205451310e-01
    2.2889563814e-02   -1.4223885536e-01
    2.2899297997e-02   -1.4242768288e-01
    2.2909030318e-02   -1.4262537658e-01
    2.2919980809e-02   -1.4285999537e-01
    2.2929714993e-02   -1.4308345318e-01
    2.2939449176e-02   -1.4332087338e-01
    2.2949183360e-02   -1.4356514812e-01
    2.2958917543e-02   -1.4380890131e-01
    2.2969868034e-02   -1.4407822490e-01
    2.2979602218e-02   -1.4431455731e-01
    2.2989334539e-02   -1.4454741776e-01
    2.2999068722e-02   -1.4477224648e-01
    2.3008802906e-02   -1.4498966932e-01
    2.3019753397e-02   -1.4523407817e-01
    2.3029487580e-02   -1.4545477927e-01
    2.3039221764e-02   -1.4567387104e-01
    2.3048955947e-02   -1.4588902891e-01
    2.3059906438e-02   -1.4613142610e-01
    2.3069640622e-02   -1.4635393023e-01
    2.3079374805e-02   -1.4657755196e-01
    2.3089108989e-02   -1.4678934216e-01
    2.3098841310e-02   -1.4697703719e-01
    2.3109793663e-02   -1.4716459811e-01
    2.3119525984e-02   -1.4731362462e-01
    2.3129260167e-02   -1.4745399356e-01
    2.3138994351e-02   -1.4759908617e-01
    2.3149944842e-02   -1.4775925875e-01
    2.3159679025e-02   -1.4787724614e-01
    2.3169413209e-02   -1.4796721935e-01
    2.3179147393e-02   -1.4803625643e-01
    2.3188881576e-02   -1.4808727801e-01
    2.3199832067e-02   -1.4812339842e-01
    2.3209566250e-02   -1.4814181626e-01
    2.3219300434e-02   -1.4815299213e-01
    2.3229034618e-02   -1.4815820754e-01
    2.3239985108e-02   -1.4815436304e-01
    2.3249719292e-02   -1.4813494682e-01
    2.3259453475e-02   -1.4809486270e-01
    2.3269187659e-02   -1.4803399146e-01
    2.3278919980e-02   -1.4796134830e-01
    2.3289872333e-02   -1.4788600802e-01
    2.3299604654e-02   -1.4783443511e-01
    2.3309338838e-02   -1.4779517055e-01
    2.3319073021e-02   -1.4776495099e-01
    2.3328807205e-02   -1.4774037898e-01
    2.3339757696e-02   -1.4771109819e-01
    2.3349491879e-02   -1.4767451584e-01
    2.3359226063e-02   -1.4762431383e-01
    2.3368960246e-02   -1.4756417274e-01
    2.3379910737e-02   -1.4751082659e-01
    2.3389644921e-02   -1.4747810364e-01
    2.3399377242e-02   -1.4745727181e-01
    2.3409111425e-02   -1.4744004607e-01
    2.3418845609e-02   -1.4743353426e-01
    2.3429796100e-02   -1.4745330811e-01
    2.3439530283e-02   -1.4750115573e-01
    2.3449264467e-02   -1.4758332074e-01
    2.3458998650e-02   -1.4768923819e-01
    2.3469949141e-02   -1.4780552685e-01
    2.3479683325e-02   -1.4789579809e-01
    2.3489417508e-02   -1.4797523618e-01
    2.3499151692e-02   -1.4803858101e-01
    2.3508884013e-02   -1.4807944000e-01
    2.3519836366e-02   -1.4810715616e-01
    2.3529568687e-02   -1.4812824130e-01
    2.3539302871e-02   -1.4814966917e-01
    2.3549037054e-02   -1.4817291498e-01
    2.3559987545e-02   -1.4820353687e-01
    2.3569721729e-02   -1.4823390543e-01
    2.3579455912e-02   -1.4826418459e-01
    2.3589190096e-02   -1.4829783142e-01
    2.3598924279e-02   -1.4834387600e-01
    2.3609874770e-02   -1.4840462804e-01
    2.3619608954e-02   -1.4844465256e-01
    2.3629343137e-02   -1.4845986664e-01
    2.3639075458e-02   -1.4845308661e-01
    2.3648809642e-02   -1.4842611551e-01
    2.3659760132e-02   -1.4837178588e-01
    2.3669494316e-02   -1.4830383658e-01
    2.3679228500e-02   -1.4821831882e-01
    2.3688962683e-02   -1.4811609685e-01
    2.3699913174e-02   -1.4798463881e-01
    2.3709647357e-02   -1.4786162972e-01
    2.3719871417e-02   -1.4773455262e-01
    2.3729488254e-02   -1.4762042463e-01
    2.3739386350e-02   -1.4750963449e-01
    2.3749612272e-02   -1.4739613235e-01
    2.3759838194e-02   -1.4728046954e-01
    2.3769818246e-02   -1.4716319740e-01
    2.3779362440e-02   -1.4704476297e-01
    2.3789588362e-02   -1.4691218734e-01
    2.3799812421e-02   -1.4677642286e-01
    2.3809930310e-02   -1.4663936198e-01
    2.3819958791e-02   -1.4650264382e-01
    2.3829501122e-02   -1.4638033509e-01
    2.3839913309e-02   -1.4627195895e-01
    2.3849939927e-02   -1.4617681503e-01
    2.3859484121e-02   -1.4607334137e-01
    2.3869708180e-02   -1.4595229924e-01
    2.3879934102e-02   -1.4582392573e-01
    2.3889478296e-02   -1.4570768178e-01
    2.3899124935e-02   -1.4562107623e-01
    2.3908857256e-02   -1.4557823539e-01
    2.3919807747e-02   -1.4556361735e-01
    2.3929541931e-02   -1.4556011558e-01
    2.3939687759e-02   -1.4554964006e-01
    2.3949328810e-02   -1.4552161098e-01
    2.3958856240e-02   -1.4547702670e-01
    2.3969806731e-02   -1.4541116357e-01
    2.3979540914e-02   -1.4534781873e-01
    2.3989275098e-02   -1.4528988302e-01
    2.3999007419e-02   -1.4523836970e-01
    2.4009453133e-02   -1.4518314600e-01
    2.4019094184e-02   -1.4512667060e-01
    2.4029601365e-02   -1.4505173266e-01
    2.4039827287e-02   -1.4496321976e-01
    2.4049369618e-02   -1.4488174021e-01
    2.4059595540e-02   -1.4481346309e-01
    2.4069892243e-02   -1.4476409554e-01
    2.4079499766e-02   -1.4473034441e-01
    2.4089965969e-02   -1.4470292628e-01
    2.4099510163e-02   -1.4467766881e-01
    2.4109736085e-02   -1.4464320242e-01
    2.4119464681e-02   -1.4459724724e-01
    2.4129198864e-02   -1.4454893768e-01
    2.4139665067e-02   -1.4449851215e-01
    2.4149890989e-02   -1.4445258677e-01
    2.4159435183e-02   -1.4441531897e-01
    2.4169871584e-02   -1.4438293874e-01
    2.4178950116e-02   -1.4436991513e-01
    2.4189805612e-02   -1.4437784255e-01
    2.4199349806e-02   -1.4440619946e-01
    2.4209465832e-02   -1.4445707202e-01
    2.4219200015e-02   -1.4452415705e-01
    2.4228934199e-02   -1.4460416138e-01
    2.4239886552e-02   -1.4470952749e-01
    2.4249618873e-02   -1.4481490850e-01
    2.4259353057e-02   -1.4491809905e-01
    2.4269087240e-02   -1.4501132071e-01
    2.4278821424e-02   -1.4510221779e-01
    2.4289773777e-02   -1.4521604776e-01
    2.4299507961e-02   -1.4532679319e-01
    2.4309242144e-02   -1.4544108510e-01
    2.4318976328e-02   -1.4555531740e-01
    2.4329926819e-02   -1.4568221569e-01
    2.4339661002e-02   -1.4579845965e-01
    2.4349395186e-02   -1.4592444897e-01
    2.4359129369e-02   -1.4606373012e-01
    2.4368863553e-02   -1.4621549845e-01
    2.4379814044e-02   -1.4639551938e-01
    2.4389550090e-02   -1.4655604959e-01
    2.4399284273e-02   -1.4670850337e-01
    2.4409018457e-02   -1.4684608579e-01
    2.4419968948e-02   -1.4698083699e-01
    2.4429703131e-02   -1.4708782732e-01
    2.4439437315e-02   -1.4718671143e-01
    2.4449171498e-02   -1.4727489650e-01
    2.4458905682e-02   -1.4735101163e-01
    2.4469858035e-02   -1.4743006229e-01
    2.4479592219e-02   -1.4750072360e-01
    2.4489326403e-02   -1.4756962657e-01
    2.4499060586e-02   -1.4763367176e-01
    2.4508794770e-02   -1.4769335091e-01
    2.4519747123e-02   -1.4775681496e-01
    2.4529481307e-02   -1.4780703187e-01
    2.4539215490e-02   -1.4784765244e-01
    2.4548949674e-02   -1.4787895977e-01
    2.4559902027e-02   -1.4790326357e-01
    2.4569636211e-02   -1.4791209996e-01
    2.4579370394e-02   -1.4790897071e-01
    2.4589104578e-02   -1.4789982140e-01
    2.4598838761e-02   -1.4789110422e-01
    2.4609791115e-02   -1.4788547158e-01
    2.4619525298e-02   -1.4788448811e-01
    2.4629259482e-02   -1.4788794518e-01
    2.4638993666e-02   -1.4789675176e-01
    2.4649946019e-02   -1.4791318774e-01
    2.4659680203e-02   -1.4793486893e-01
    2.4669414386e-02   -1.4796455204e-01
    2.4679150432e-02   -1.4800184965e-01
    2.4688884616e-02   -1.4804472029e-01
    2.4699835107e-02   -1.4809601009e-01
    2.4709571153e-02   -1.4814245701e-01
    2.4719305336e-02   -1.4818632603e-01
    2.4729039520e-02   -1.4821989834e-01
    2.4739991874e-02   -1.4822804928e-01
    2.4749726057e-02   -1.4822451770e-01
    2.4759460241e-02   -1.4822317660e-01
    2.4769196287e-02   -1.4823266864e-01
    2.4778930470e-02   -1.4825198054e-01
    2.4789882824e-02   -1.4826619625e-01
    2.4799617007e-02   -1.4825175703e-01
    2.4809351191e-02   -1.4821189642e-01
    2.4819087237e-02   -1.4816172421e-01
    2.4828821421e-02   -1.4812108874e-01
    2.4839773774e-02   -1.4809626341e-01
    2.4849507958e-02   -1.4807555079e-01
    2.4859242141e-02   -1.4804314077e-01
    2.4868978187e-02   -1.4799152315e-01
    2.4879928678e-02   -1.4790236950e-01
    2.4889664724e-02   -1.4780080318e-01
    2.4899398908e-02   -1.4768899977e-01
    2.4909133092e-02   -1.4756868780e-01
    2.4918869138e-02   -1.4743971825e-01
    2.4929819629e-02   -1.4729176462e-01
    2.4939555675e-02   -1.4716188610e-01
    2.4949289858e-02   -1.4703015983e-01
    2.4959025905e-02   -1.4689221978e-01
    2.4969976395e-02   -1.4672884345e-01
    2.4979712442e-02   -1.4658024907e-01
    2.4989446625e-02   -1.4643171430e-01
    2.4999180809e-02   -1.4628404379e-01
    2.5008916855e-02   -1.4613820612e-01
    2.5019867346e-02   -1.4597348869e-01
    2.5029603392e-02   -1.4582061768e-01
    2.5039337575e-02   -1.4566117525e-01
    2.5049073622e-02   -1.4549948275e-01
    2.5058807805e-02   -1.4533808827e-01
    2.5069760159e-02   -1.4515645802e-01
    2.5079494342e-02   -1.4499303699e-01
    2.5089228526e-02   -1.4482277632e-01
    2.5098964572e-02   -1.4463993907e-01
    2.5109915063e-02   -1.4441972971e-01
    2.5119651109e-02   -1.4422762394e-01
    2.5129385293e-02   -1.4405539632e-01
    2.5139119476e-02   -1.4390709996e-01
    2.5148855522e-02   -1.4375989139e-01
    2.5159807876e-02   -1.4357784390e-01
    2.5169542059e-02   -1.4339463413e-01
    2.5179276243e-02   -1.4318776131e-01
    2.5189012289e-02   -1.4297062159e-01
    2.5199962780e-02   -1.4273247123e-01
    2.5209698826e-02   -1.4252516627e-01
    2.5219433010e-02   -1.4231811464e-01
    2.5229167193e-02   -1.4211584628e-01
    2.5238903239e-02   -1.4191839099e-01
    2.5249853730e-02   -1.4169149101e-01
    2.5259589776e-02   -1.4147938788e-01
    2.5269323960e-02   -1.4125493169e-01
    2.5279060006e-02   -1.4101223648e-01
    2.5288794190e-02   -1.4074578881e-01
    2.5299746543e-02   -1.4042674005e-01
    2.5309480727e-02   -1.4014823735e-01
    2.5319214910e-02   -1.3988608122e-01
    2.5328950956e-02   -1.3963121176e-01
    2.5339901447e-02   -1.3931585848e-01
    2.5349752977e-02   -1.3899171352e-01
    2.5359522551e-02   -1.3863448799e-01
    2.5369251147e-02   -1.3827513158e-01
    2.5378985330e-02   -1.3795979321e-01
    2.5389937684e-02   -1.3765808940e-01
    2.5399671867e-02   -1.3741436601e-01
    2.5409407914e-02   -1.3714689016e-01
    2.5419142097e-02   -1.3684202731e-01
    2.5428876281e-02   -1.3653580844e-01
    2.5439828634e-02   -1.3623103499e-01
    2.5449562818e-02   -1.3599881530e-01
    2.5459297001e-02   -1.3577941060e-01
    2.5469033048e-02   -1.3554839790e-01
    2.5479983538e-02   -1.3526050746e-01
    2.5489717722e-02   -1.3498032093e-01
    2.5499453768e-02   -1.3470055163e-01
    2.5509187952e-02   -1.3444519043e-01
    2.5518922135e-02   -1.3422489166e-01
    2.5529874489e-02   -1.3401283324e-01
    2.5539608672e-02   -1.3385024667e-01
    2.5549342856e-02   -1.3368976116e-01
    2.5559078902e-02   -1.3350096345e-01
    2.5568813086e-02   -1.3329909742e-01
    2.5579763576e-02   -1.3308781385e-01
    2.5589499623e-02   -1.3293047249e-01
    2.5599233806e-02   -1.3279342651e-01
    2.5608967990e-02   -1.3265457749e-01
    2.5619920343e-02   -1.3248856366e-01
    2.5629654527e-02   -1.3232921064e-01
    2.5639388710e-02   -1.3215461373e-01
    2.5649124756e-02   -1.3197736442e-01
    2.5658858940e-02   -1.3181023300e-01
    2.5669809431e-02   -1.3163021207e-01
    2.5679545477e-02   -1.3147084415e-01
    2.5689279661e-02   -1.3131427765e-01
    2.5699013844e-02   -1.3116124272e-01
    2.5709966198e-02   -1.3098883629e-01
    2.5719700381e-02   -1.3083215058e-01
    2.5729434565e-02   -1.3066683710e-01
    2.5739170611e-02   -1.3048298657e-01
    2.5748904794e-02   -1.3029378653e-01
    2.5759855285e-02   -1.3010342419e-01
    2.5769591331e-02   -1.2996663153e-01
    2.5779325515e-02   -1.2985296547e-01
    2.5789059699e-02   -1.2974165380e-01
    2.5798793882e-02   -1.2962093949e-01
    2.5809746236e-02   -1.2946791947e-01
    2.5819480419e-02   -1.2930722535e-01
    2.5829706341e-02   -1.2913434207e-01
    2.5839930400e-02   -1.2898112833e-01
    2.5849474594e-02   -1.2886220217e-01
    2.5859769434e-02   -1.2874114513e-01
    2.5869993493e-02   -1.2861497700e-01
    2.5879537687e-02   -1.2850354612e-01
    2.5889763609e-02   -1.2839199603e-01
    2.5899989530e-02   -1.2828481197e-01
    2.5909531862e-02   -1.2819093466e-01
    2.5919757783e-02   -1.2809666991e-01
    2.5929983705e-02   -1.2800027430e-01
    2.5939527899e-02   -1.2789915502e-01
    2.5949751958e-02   -1.2779633701e-01
    2.5959977880e-02   -1.2771658599e-01
    2.5968911126e-02   -1.2765504420e-01
    2.5979734957e-02   -1.2757834792e-01
    2.5989374146e-02   -1.2750345469e-01
    2.5999600068e-02   -1.2740096450e-01
    2.6009825990e-02   -1.2729921937e-01
    2.6019262150e-02   -1.2720906734e-01
    2.6028996333e-02   -1.2713240087e-01
    2.6039851829e-02   -1.2706163526e-01
    2.6049396023e-02   -1.2698861957e-01
    2.6059621945e-02   -1.2689374387e-01
    2.6069847867e-02   -1.2678600848e-01
    2.6079459116e-02   -1.2667629123e-01
    2.6089362800e-02   -1.2656448781e-01
    2.6099096984e-02   -1.2647086382e-01
    2.6108831167e-02   -1.2638217211e-01
    2.6119783521e-02   -1.2629376352e-01
    2.6129957289e-02   -1.2621563673e-01
    2.6139501482e-02   -1.2612320483e-01
    2.6149727404e-02   -1.2600287795e-01
    2.6159951463e-02   -1.2587508559e-01
    2.6169495657e-02   -1.2575636804e-01
    2.6179721579e-02   -1.2564657629e-01
    2.6189947501e-02   -1.2556242943e-01
    2.6199411601e-02   -1.2549704313e-01
    2.6209602132e-02   -1.2543690205e-01
    2.6219338179e-02   -1.2538278103e-01
    2.6229530573e-02   -1.2531763315e-01
    2.6239169762e-02   -1.2524533272e-01
    2.6249561459e-02   -1.2515515089e-01
    2.6259787381e-02   -1.2505678833e-01
    2.6269329712e-02   -1.2497074157e-01
    2.6279555634e-02   -1.2489114702e-01
    2.6289781556e-02   -1.2480988353e-01
    2.6299325749e-02   -1.2472501397e-01
    2.6309549809e-02   -1.2463123351e-01
    2.6319775730e-02   -1.2453841418e-01
    2.6329319924e-02   -1.2445002794e-01
    2.6339545846e-02   -1.2434896827e-01
    2.6349769905e-02   -1.2423381209e-01
    2.6359995827e-02   -1.2410572171e-01
    2.6369540021e-02   -1.2397965044e-01
    2.6379765943e-02   -1.2384627759e-01
    2.6389990002e-02   -1.2371551991e-01
    2.6399534196e-02   -1.2358842790e-01
    2.6409760118e-02   -1.2343974411e-01
    2.6419986039e-02   -1.2327709049e-01
    2.6429528370e-02   -1.2311991304e-01
    2.6439754292e-02   -1.2295439839e-01
    2.6449980214e-02   -1.2279115617e-01
    2.6459524408e-02   -1.2263537943e-01
    2.6469748467e-02   -1.2246041000e-01
    2.6479974389e-02   -1.2227666378e-01
    2.6489518583e-02   -1.2209486216e-01
    2.6499744505e-02   -1.2188624591e-01
    2.6509968564e-02   -1.2167070806e-01
    2.6519512758e-02   -1.2146446854e-01
    2.6529738680e-02   -1.2123606354e-01
    2.6539964601e-02   -1.2100192159e-01
    2.6549506932e-02   -1.2077656388e-01
    2.6559732854e-02   -1.2052391469e-01
    2.6569958776e-02   -1.2026166916e-01
    2.6579257101e-02   -1.2001878768e-01
    2.6589861140e-02   -1.1974924803e-01
    2.6599597186e-02   -1.1950851232e-01
    2.6609623805e-02   -1.1925191432e-01
    2.6619849727e-02   -1.1897692084e-01
    2.6629393920e-02   -1.1870957911e-01
    2.6639619842e-02   -1.1840661615e-01
    2.6649843901e-02   -1.1808323115e-01
    2.6659388095e-02   -1.1777455360e-01
    2.6669614017e-02   -1.1744073033e-01
    2.6679839939e-02   -1.1710119992e-01
    2.6689568534e-02   -1.1677260697e-01
    2.6699302718e-02   -1.1645103991e-01
    2.6709036902e-02   -1.1611860991e-01
    2.6719989255e-02   -1.1573094130e-01
    2.6729628444e-02   -1.1538745463e-01
    2.6739852503e-02   -1.1499638855e-01
    2.6749396697e-02   -1.1462106556e-01
    2.6759622619e-02   -1.1421444267e-01
    2.6769848540e-02   -1.1379632354e-01
    2.6779390872e-02   -1.1339985579e-01
    2.6789616793e-02   -1.1296920478e-01
    2.6799842715e-02   -1.1252498627e-01
    2.6809386909e-02   -1.1209437996e-01
    2.6819679886e-02   -1.1161291599e-01
    2.6829123497e-02   -1.1115927994e-01
    2.6839679107e-02   -1.1063855141e-01
    2.6849905029e-02   -1.1011110246e-01
    2.6859449223e-02   -1.0961847752e-01
    2.6869675145e-02   -1.0908912867e-01
    2.6879899204e-02   -1.0854432732e-01
    2.6889443398e-02   -1.0802239925e-01
    2.6899669319e-02   -1.0745292157e-01
    2.6909895241e-02   -1.0687443614e-01
    2.6919437572e-02   -1.0632427037e-01
    2.6929700747e-02   -1.0571695864e-01
    2.6939576492e-02   -1.0512545705e-01
    2.6949800551e-02   -1.0449279845e-01
    2.6959344745e-02   -1.0389750451e-01
    2.6969570667e-02   -1.0326400399e-01
    2.6979796588e-02   -1.0262347758e-01
    2.6989338920e-02   -1.0201604664e-01
    2.6999564841e-02   -1.0135533661e-01
    2.7009790763e-02   -1.0068430007e-01
    2.7019334957e-02   -1.0005154461e-01
    2.7029559016e-02   -9.9370226264e-02
    2.7039784938e-02   -9.8687224090e-02
    2.7049329132e-02   -9.8046705127e-02
    2.7059555054e-02   -9.7350850701e-02
    2.7069779113e-02   -9.6639513969e-02
    2.7079323307e-02   -9.5962889493e-02
    2.7089549229e-02   -9.5237277448e-02
    2.7099775150e-02   -9.4520501792e-02
    2.7109317482e-02   -9.3859523535e-02
    2.7119543403e-02   -9.3136824667e-02
    2.7129769325e-02   -9.2399641871e-02
    2.7139995247e-02   -9.1660141945e-02
    2.7149537578e-02   -9.0977355838e-02
    2.7159763500e-02   -9.0254947543e-02
    2.7169989422e-02   -8.9535899460e-02
    2.7179533616e-02   -8.8856011629e-02
    2.7189757675e-02   -8.8110506535e-02
    2.7199983597e-02   -8.7350308895e-02
    2.7209527791e-02   -8.6634501815e-02
    2.7219751850e-02   -8.5866786540e-02
    2.7229977772e-02   -8.5099540651e-02
    2.7239521965e-02   -8.4380507469e-02
    2.7249747887e-02   -8.3605021238e-02
    2.7259971946e-02   -8.2826405764e-02
    2.7269516140e-02   -8.2090780139e-02
    2.7279742062e-02   -8.1280156970e-02
    2.7289967984e-02   -8.0462656915e-02
    2.7299510315e-02   -7.9716056585e-02
    2.7309736237e-02   -7.8929439187e-02
    2.7319962159e-02   -7.8153446317e-02
    2.7329506353e-02   -7.7427700162e-02
    2.7339730412e-02   -7.6635971665e-02
    2.7349956334e-02   -7.5829498470e-02
    2.7359500527e-02   -7.5069963932e-02
    2.7369726449e-02   -7.4254579842e-02
    2.7379950508e-02   -7.3428884149e-02
    2.7389494702e-02   -7.2630390525e-02
    2.7399720624e-02   -7.1776673198e-02
    2.7409946546e-02   -7.0931330323e-02
    2.7419488877e-02   -7.0129208267e-02
    2.7429714799e-02   -6.9293089211e-02
    2.7439940721e-02   -6.8477012217e-02
    2.7449484915e-02   -6.7721739411e-02
    2.7459708974e-02   -6.6917203367e-02
    2.7469934896e-02   -6.6105894744e-02
    2.7479479089e-02   -6.5339490771e-02
    2.7489705011e-02   -6.4515970647e-02
    2.7499929070e-02   -6.3692353666e-02
    2.7509473264e-02   -6.2927491963e-02
    2.7519699186e-02   -6.2119197100e-02
    2.7529925108e-02   -6.1320848763e-02
    2.7539467439e-02   -6.0578759760e-02
    2.7549693361e-02   -5.9786405414e-02
    2.7559919283e-02   -5.9000145644e-02
    2.7569463477e-02   -5.8272387832e-02
    2.7579687536e-02   -5.7497996837e-02
    2.7589913458e-02   -5.6728206575e-02
    2.7599457651e-02   -5.6012608111e-02
    2.7609683573e-02   -5.5249072611e-02
    2.7619907632e-02   -5.4490614682e-02
    2.7629451826e-02   -5.3787019104e-02
    2.7639677748e-02   -5.3036712110e-02
    2.7649903670e-02   -5.2289836109e-02
    2.7659446001e-02   -5.1594845951e-02
    2.7669671923e-02   -5.0851017237e-02
    2.7679866180e-02   -5.0113491714e-02
    2.7689622715e-02   -4.9413722008e-02
    2.7699848637e-02   -4.8671808094e-02
    2.7709392831e-02   -4.7977816314e-02
    2.7719618753e-02   -4.7235891223e-02
    2.7729842812e-02   -4.6490371227e-02
    2.7739387006e-02   -4.5797128230e-02
    2.7749612927e-02   -4.5063417405e-02
    2.7759838849e-02   -4.4340241700e-02
    2.7769381180e-02   -4.3678171933e-02
    2.7779607102e-02   -4.2985938489e-02
    2.7789833024e-02   -4.2304847389e-02
    2.7799377218e-02   -4.1671283543e-02
    2.7809601277e-02   -4.0994618088e-02
    2.7819827199e-02   -4.0324002504e-02
    2.7829371393e-02   -3.9704818279e-02
    2.7839597315e-02   -3.9048451930e-02
    2.7849821374e-02   -3.8400124758e-02
    2.7859365568e-02   -3.7804279476e-02
    2.7869591489e-02   -3.7176504731e-02
    2.7879817411e-02   -3.6556147039e-02
    2.7889359742e-02   -3.5980839282e-02
    2.7899585664e-02   -3.5370461643e-02
    2.7909811586e-02   -3.4771583974e-02
    2.7919355780e-02   -3.4226100892e-02
    2.7929579839e-02   -3.3655788749e-02
    2.7939805761e-02   -3.3097270876e-02
    2.7949349955e-02   -3.2583571970e-02
    2.7959575877e-02   -3.2039884478e-02
    2.7969799936e-02   -3.1504217535e-02
    2.7979344130e-02   -3.1012771651e-02
    2.7989570051e-02   -3.0495518818e-02
    2.7999795973e-02   -2.9986670241e-02
    2.8009338304e-02   -2.9518112540e-02
    2.8019564226e-02   -2.9022017494e-02
    2.8029790148e-02   -2.8532914817e-02
    2.8039334342e-02   -2.8084091842e-02
    2.8049558401e-02   -2.7611197904e-02
    2.8059784323e-02   -2.7144849300e-02
    2.8069328517e-02   -2.6714259759e-02
    2.8079554439e-02   -2.6257630438e-02
    2.8089778498e-02   -2.5806427002e-02
    2.8099322692e-02   -2.5392381474e-02
    2.8109548613e-02   -2.4958241731e-02
    2.8119774535e-02   -2.4532819167e-02
    2.8129998595e-02   -2.4114023894e-02
    2.8139542788e-02   -2.3729003966e-02
    2.8149768710e-02   -2.3325411603e-02
    2.8159992769e-02   -2.2933255881e-02
    2.8169536963e-02   -2.2578403354e-02
    2.8179762885e-02   -2.2210149094e-02
    2.8189988807e-02   -2.1854601800e-02
    2.8199531138e-02   -2.1525684744e-02
    2.8209757060e-02   -2.1130036563e-02
    2.8219982982e-02   -2.0716167986e-02
    2.8229527175e-02   -2.0367978141e-02
    2.8239751235e-02   -2.0056691021e-02
    2.8249977157e-02   -1.9826864824e-02
    2.8259890154e-02   -1.9630324095e-02
    2.8269529343e-02   -1.9428702071e-02
    2.8279170394e-02   -1.9229354337e-02
    2.8289843351e-02   -1.9026583061e-02
    2.8299385682e-02   -1.8857656047e-02
    2.8309611604e-02   -1.8663590774e-02
    2.8319837525e-02   -1.8392322585e-02
    2.8329467401e-02   -1.8121520057e-02
    2.8339106590e-02   -1.7912833020e-02
    2.8349710628e-02   -1.7744101584e-02
    2.8359467164e-02   -1.7667682841e-02
    2.8369693086e-02   -1.7626559362e-02
    2.8379919007e-02   -1.7577765509e-02
    2.8389463201e-02   -1.7564415932e-02
    2.8399687260e-02   -1.7565770075e-02
    2.8409913182e-02   -1.7549725249e-02
    2.8419457376e-02   -1.7540477216e-02
    2.8429683298e-02   -1.7529875040e-02
    2.8439907357e-02   -1.7498543486e-02
    2.8449663892e-02   -1.7453365028e-02
    2.8459247202e-02   -1.7434410751e-02
    2.8469851241e-02   -1.7466198653e-02
    2.8479490429e-02   -1.7540309578e-02
    2.8489930555e-02   -1.7648169771e-02
    2.8499472886e-02   -1.7749262974e-02
    2.8509698808e-02   -1.7858006060e-02
    2.8519924730e-02   -1.7968779430e-02
    2.8529468924e-02   -1.8073009327e-02
    2.8539692983e-02   -1.8190845847e-02
    2.8549605981e-02   -1.8315490335e-02
    2.8559245169e-02   -1.8443034962e-02
    2.8569849208e-02   -1.8585134298e-02
    2.8579490259e-02   -1.8709713593e-02
    2.8589129448e-02   -1.8809206784e-02
    2.8599733487e-02   -1.8895307556e-02
    2.8609374538e-02   -1.8983708695e-02
    2.8619978577e-02   -1.9093053415e-02
    2.8629617766e-02   -1.9235335290e-02
    2.8639258817e-02   -1.9410641864e-02
    2.8649862856e-02   -1.9596958533e-02
    2.8659502044e-02   -1.9746929407e-02
    2.8669143096e-02   -1.9883031026e-02
    2.8679747134e-02   -2.0027536899e-02
    2.8689386323e-02   -2.0168026909e-02
    2.8699990362e-02   -2.0335430279e-02
    2.8709631413e-02   -2.0485203713e-02
    2.8719339520e-02   -2.0611243322e-02
    2.8729565442e-02   -2.0728087053e-02
    2.8739791363e-02   -2.0863702521e-02
    2.8749333695e-02   -2.0998323336e-02
    2.8759559616e-02   -2.1167879924e-02
    2.8769785538e-02   -2.1356482059e-02
    2.8779329732e-02   -2.1525958553e-02
    2.8789553791e-02   -2.1695772186e-02
    2.8799779713e-02   -2.1857758984e-02
    2.8809323907e-02   -2.2002009675e-02
    2.8819549829e-02   -2.2155605257e-02
    2.8829773888e-02   -2.2315317765e-02
    2.8839318082e-02   -2.2467428818e-02
    2.8849544004e-02   -2.2628149018e-02
    2.8859769925e-02   -2.2769624367e-02
    2.8869524598e-02   -2.2876359522e-02
    2.8878947720e-02   -2.2983940318e-02
    2.8889898211e-02   -2.3124394938e-02
    2.8899632394e-02   -2.3251269013e-02
    2.8909366578e-02   -2.3394631222e-02
    2.8919911012e-02   -2.3555543274e-02
    2.8929455206e-02   -2.3686908185e-02
    2.8939681128e-02   -2.3807490245e-02
    2.8949905187e-02   -2.3911572993e-02
    2.8959449381e-02   -2.4002103135e-02
    2.8969675303e-02   -2.4100244045e-02
    2.8979111463e-02   -2.4190597236e-02
    2.8989555314e-02   -2.4284370244e-02
    2.8999196365e-02   -2.4361988530e-02
    2.9009800404e-02   -2.4436978623e-02
    2.9019439593e-02   -2.4484515190e-02
    2.9029080644e-02   -2.4518815801e-02
    2.9039684683e-02   -2.4564769119e-02
    2.9049323872e-02   -2.4601886049e-02
    2.9059927911e-02   -2.4647125974e-02
    2.9069568962e-02   -2.4694051594e-02
    2.9079208151e-02   -2.4729968980e-02
    2.9089653865e-02   -2.4747917429e-02
    2.9099293053e-02   -2.4749079719e-02
    2.9109897092e-02   -2.4740345776e-02
    2.9119538143e-02   -2.4728538468e-02
    2.9129177332e-02   -2.4713769555e-02
    2.9139781371e-02   -2.4692244828e-02
    2.9149422422e-02   -2.4667404592e-02
    2.9159061611e-02   -2.4637119845e-02
    2.9169665650e-02   -2.4593764916e-02
    2.9179306701e-02   -2.4543022737e-02
    2.9189910740e-02   -2.4478700012e-02
    2.9199549928e-02   -2.4415176362e-02
    2.9209190980e-02   -2.4338515475e-02
    2.9219795018e-02   -2.4241406471e-02
    2.9229434207e-02   -2.4149224162e-02
    2.9239075258e-02   -2.4050867185e-02
    2.9249679297e-02   -2.3937756196e-02
    2.9259318486e-02   -2.3839883506e-02
    2.9269922525e-02   -2.3729072884e-02
    2.9279563576e-02   -2.3616375402e-02
    2.9289202765e-02   -2.3490397260e-02
    2.9299806803e-02   -2.3338595405e-02
    2.9309447855e-02   -2.3190462962e-02
    2.9319439083e-02   -2.3026524112e-02
    2.9329665005e-02   -2.2847127169e-02
    2.9339889064e-02   -2.2660646588e-02
    2.9349433258e-02   -2.2481437773e-02
    2.9359579086e-02   -2.2293845192e-02
    2.9369220138e-02   -2.2117974237e-02
    2.9379824176e-02   -2.1918926388e-02
    2.9389463365e-02   -2.1732823923e-02
    2.9399104416e-02   -2.1543372422e-02
    2.9409611598e-02   -2.1334128454e-02
    2.9419837520e-02   -2.1130863577e-02
    2.9429379851e-02   -2.0942959934e-02
    2.9439974576e-02   -2.0733693615e-02
    2.9449613765e-02   -2.0538767800e-02
    2.9459254816e-02   -2.0331902429e-02
    2.9469858855e-02   -2.0095063373e-02
    2.9479401186e-02   -1.9882975146e-02
    2.9489627108e-02   -1.9674016163e-02
    2.9499853030e-02   -1.9479243085e-02
    2.9509397224e-02   -1.9295079634e-02
    2.9519621283e-02   -1.9091324881e-02
    2.9529847205e-02   -1.8887910992e-02
    2.9539311305e-02   -1.8705539405e-02
    2.9549866915e-02   -1.8510736525e-02
    2.9559411108e-02   -1.8340744078e-02
    2.9569637030e-02   -1.8167048693e-02
    2.9579862952e-02   -1.8002601340e-02
    2.9589405283e-02   -1.7855109647e-02
    2.9599631205e-02   -1.7699858174e-02
    2.9609857127e-02   -1.7548872158e-02
    2.9619401321e-02   -1.7414389178e-02
    2.9629625380e-02   -1.7277890816e-02
    2.9639851302e-02   -1.7151162028e-02
    2.9649395496e-02   -1.7044106498e-02
    2.9659621418e-02   -1.6942135990e-02
    2.9669845477e-02   -1.6852023080e-02
    2.9679389670e-02   -1.6777422279e-02
    2.9689615592e-02   -1.6707109287e-02
    2.9699841514e-02   -1.6645811498e-02
    2.9709383845e-02   -1.6597168520e-02
    2.9719609767e-02   -1.6556998715e-02
    2.9729835689e-02   -1.6531191766e-02
    2.9739981517e-02   -1.6521710902e-02
    2.9749620706e-02   -1.6517771408e-02
    2.9759261757e-02   -1.6501493752e-02
    2.9769865796e-02   -1.6477271914e-02
    2.9779504985e-02   -1.6471322626e-02
    2.9789146036e-02   -1.6503412277e-02
    2.9799750075e-02   -1.6559949145e-02
    2.9809389263e-02   -1.6598617658e-02
    2.9819993302e-02   -1.6638102010e-02
    2.9829634354e-02   -1.6689918935e-02
    2.9839273542e-02   -1.6765678301e-02
    2.9849877581e-02   -1.6866330057e-02
    2.9859518632e-02   -1.6965931281e-02
    2.9869744554e-02   -1.7084170133e-02
    2.9879968613e-02   -1.7205188051e-02
    2.9889512807e-02   -1.7312845215e-02
    2.9899738729e-02   -1.7433768138e-02
    2.9909964651e-02   -1.7574369907e-02
    2.9919506982e-02   -1.7722532153e-02
    2.9929732904e-02   -1.7889386043e-02
    2.9939958826e-02   -1.8064366654e-02
    2.9949503019e-02   -1.8241077662e-02
    2.9959727079e-02   -1.8431248143e-02
    2.9969953001e-02   -1.8620524555e-02
    2.9979497194e-02   -1.8804570660e-02
    2.9989723116e-02   -1.9015267491e-02
    2.9999947175e-02   -1.9237885252e-02
    3.0000628904e-02   -1.9253017381e-02
