      3002
    0.0000000000e+00    0.0000000000e+00
    9.7362280940e-06   -5.2290732810e-07
    1.9472456188e-05   -1.9754277218e-06
    2.9208684282e-05   -4.3575610107e-06
    3.8944912376e-05   -7.6693077062e-06
    4.9898168072e-05   -1.2506199710e-05
    5.9634396166e-05   -1.7793374354e-05
    6.9370624260e-05   -2.4010161724e-05
    7.9106852354e-05   -3.1156559999e-05
    8.8843080448e-05   -3.9232574636e-05
    9.9796336144e-05   -4.9429265346e-05
    1.0953256424e-04   -5.9480702475e-05
    1.1936988449e-04   -7.0580652391e-05
    1.2953022087e-04   -8.3041333710e-05
    1.3996323105e-04   -9.6543830296e-05
    1.4953492791e-04   -2.9370863922e-04
    1.5932475799e-04   -6.5443175845e-04
    1.6991917801e-04   -9.0027833357e-04
    1.7999132979e-04   -1.0809907690e-03
    1.8913866370e-04   -1.2363472488e-03
    1.9923162472e-04   -1.4614934335e-03
    2.0896780188e-04   -1.7766801175e-03
    2.1992098482e-04   -2.1791963372e-03
    2.2965716198e-04   -2.5354288518e-03
    2.3939332459e-04   -2.9202378355e-03
    2.4912951631e-04   -3.3539757133e-03
    2.5886573712e-04   -3.8421105128e-03
    2.6981896372e-04   -4.4529959559e-03
    2.7955518453e-04   -5.0309095532e-03
    2.8929137625e-04   -5.6351292878e-03
    2.9902759707e-04   -6.2735821120e-03
    3.0998082366e-04   -7.0378603414e-03
    3.1971701537e-04   -7.7639734372e-03
    3.2945323619e-04   -8.5358107463e-03
    3.3918942790e-04   -9.3487435952e-03
    3.4892561962e-04   -1.0203768499e-02
    3.5987884621e-04   -1.1211025529e-02
    3.6961500882e-04   -1.2140772305e-02
    3.7935117143e-04   -1.3096504845e-02
    3.8908733404e-04   -1.4073487371e-02
    3.9882346755e-04   -1.5076438896e-02
    4.0977660683e-04   -1.6236003488e-02
    4.1951274034e-04   -1.7292926088e-02
    4.2924884474e-04   -1.8374823034e-02
    4.3898492004e-04   -1.9486291334e-02
    4.4993803021e-04   -2.0786346868e-02
    4.5967410551e-04   -2.1993448958e-02
    4.6941020992e-04   -2.3247249424e-02
    4.7914628522e-04   -2.4540020153e-02
    4.8888236051e-04   -2.5863159448e-02
    4.9983541248e-04   -2.7379449457e-02
    5.0957145868e-04   -2.8746774420e-02
    5.1930750487e-04   -3.0128860846e-02
    5.2904355107e-04   -3.1524818391e-02
    5.3999660304e-04   -3.3116508275e-02
    5.4973264923e-04   -3.4556984901e-02
    5.5946863722e-04   -3.6029011011e-02
    5.6920468342e-04   -3.7535995245e-02
    5.7894072961e-04   -3.9076119661e-02
    5.8989372337e-04   -4.0843203664e-02
    5.9962976957e-04   -4.2439442128e-02
    6.0936575755e-04   -4.4056054205e-02
    6.1910174554e-04   -4.5690950006e-02
    6.2883773353e-04   -4.7342363745e-02
    6.3979072729e-04   -4.9218654633e-02
    6.4952671528e-04   -5.0904914737e-02
    6.5926270327e-04   -5.2612330765e-02
    6.6899863305e-04   -5.4345041513e-02
    6.7995156860e-04   -5.6328874081e-02
    6.8968749838e-04   -5.8124076575e-02
    6.9942342816e-04   -5.9949509799e-02
    7.0915935794e-04   -6.1805315316e-02
    7.1889528772e-04   -6.3692741096e-02
    7.2984816507e-04   -6.5855473280e-02
    7.3958403664e-04   -6.7810475826e-02
    7.4931996642e-04   -6.9791920483e-02
    7.5905583799e-04   -7.1796096861e-02
    7.6879170956e-04   -7.3821760714e-02
    7.7974458691e-04   -7.6127752662e-02
    7.8948045848e-04   -7.8201770782e-02
    7.9921633005e-04   -8.0296494067e-02
    8.0895220162e-04   -8.2410193980e-02
    8.1990502076e-04   -8.4812320769e-02
    8.2964089233e-04   -8.6974069476e-02
    8.3937670570e-04   -8.9164890349e-02
    8.4911251906e-04   -9.1384314001e-02
    8.5884833243e-04   -9.3629822135e-02
    8.6980109336e-04   -9.6185013652e-02
    8.7953690672e-04   -9.8483055830e-02
    8.8927266188e-04   -1.0080859065e-01
    8.9900847524e-04   -1.0316046327e-01
    9.0996123618e-04   -1.0583362728e-01
    9.1969704954e-04   -1.0823167115e-01
    9.2943280470e-04   -1.1065113544e-01
    9.3916861806e-04   -1.1309528351e-01
    9.4890443143e-04   -1.1556621641e-01
    9.5985713415e-04   -1.1837760359e-01
    9.6959294751e-04   -1.2090322375e-01
    9.7932864446e-04   -1.2345255911e-01
    9.8906445783e-04   -1.2602505088e-01
    9.9880015478e-04   -1.2862013280e-01
    1.0097529739e-03   -1.3156354427e-01
    1.0194886709e-03   -1.3419818878e-01
    1.0292244842e-03   -1.3684917986e-01
    1.0389602976e-03   -1.3951817155e-01
    1.0499130003e-03   -1.4254705608e-01
    1.0596488137e-03   -1.4526602626e-01
    1.0693845106e-03   -1.4801184833e-01
    1.0791202076e-03   -1.5078675747e-01
    1.0888560209e-03   -1.5359348059e-01
    1.0998087237e-03   -1.5679308772e-01
    1.1095444206e-03   -1.5967562795e-01
    1.1192800011e-03   -1.6259171069e-01
    1.1290156981e-03   -1.6553786397e-01
    1.1399682844e-03   -1.6888539493e-01
    1.1497038649e-03   -1.7189000547e-01
    1.1594395619e-03   -1.7492169142e-01
    1.1691751424e-03   -1.7797757685e-01
    1.1789107230e-03   -1.8105508387e-01
    1.1898631928e-03   -1.8454256654e-01
    1.1995987734e-03   -1.8766885996e-01
    1.2093343539e-03   -1.9082699716e-01
    1.2190698180e-03   -1.9402235746e-01
    1.2288053986e-03   -1.9725862145e-01
    1.2397578685e-03   -2.0094801486e-01
    1.2494933326e-03   -2.0426811278e-01
    1.2592287967e-03   -2.0761729777e-01
    1.2689642608e-03   -2.1097938716e-01
    1.2799164979e-03   -2.1475088596e-01
    1.2896518456e-03   -2.1806880832e-01
    1.2993871933e-03   -2.2134116292e-01
    1.3091224246e-03   -2.2455824912e-01
    1.3188576559e-03   -2.2770741582e-01
    1.3298095437e-03   -2.3115263879e-01
    1.3395446585e-03   -2.3411779106e-01
    1.3492795406e-03   -2.3698940873e-01
    1.3590144226e-03   -2.3976978660e-01
    1.3699659612e-03   -2.4278420210e-01
    1.3797007268e-03   -2.4535220861e-01
    1.3894352596e-03   -2.4781191349e-01
    1.3991699088e-03   -2.5017154217e-01
    1.4089043252e-03   -2.5244864821e-01
    1.4198555145e-03   -2.5493785739e-01
    1.4295898145e-03   -2.5710332394e-01
    1.4393239981e-03   -2.5923916698e-01
    1.4490581816e-03   -2.6136621833e-01
    1.4587921323e-03   -2.6350560784e-01
    1.4697428560e-03   -2.6595705748e-01
    1.4794766903e-03   -2.6819750667e-01
    1.4892105246e-03   -2.7050632238e-01
    1.4989443589e-03   -2.7289342880e-01
    1.5098948497e-03   -2.7567949891e-01
    1.5196285676e-03   -2.7824607491e-01
    1.5293622855e-03   -2.8088870645e-01
    1.5390960034e-03   -2.8359586000e-01
    1.5488298377e-03   -2.8636032343e-01
    1.5597802121e-03   -2.8952595592e-01
    1.5695139300e-03   -2.9238358140e-01
    1.5792476479e-03   -2.9528534412e-01
    1.5889812494e-03   -2.9823392630e-01
    1.5999315074e-03   -3.0161282420e-01
    1.6096651088e-03   -3.0467230082e-01
    1.6193987103e-03   -3.0778005719e-01
    1.6291323118e-03   -3.1092780828e-01
    1.6388660297e-03   -3.1410062313e-01
    1.6498164041e-03   -3.1768551469e-01
    1.6595501220e-03   -3.2087680697e-01
    1.6692837235e-03   -3.2406428456e-01
    1.6790173249e-03   -3.2724988461e-01
    1.6899674665e-03   -3.3083763719e-01
    1.6997008352e-03   -3.3403405547e-01
    1.7094340874e-03   -3.3723744750e-01
    1.7191673396e-03   -3.4043475986e-01
    1.7289005918e-03   -3.4360638261e-01
    1.7398502678e-03   -3.4711486101e-01
    1.7495832872e-03   -3.5015392303e-01
    1.7593164230e-03   -3.5310256481e-01
    1.7690493260e-03   -3.5595279932e-01
    1.7799990019e-03   -3.5904112458e-01
    1.7897320213e-03   -3.6168855429e-01
    1.7994650407e-03   -3.6425045133e-01
    1.8091980601e-03   -3.6673486233e-01
    1.8189310795e-03   -3.6914891005e-01
    1.8298808718e-03   -3.7179014087e-01
    1.8396140076e-03   -3.7408903241e-01
    1.8493472598e-03   -3.7636074424e-01
    1.8590805121e-03   -3.7862423062e-01
    1.8688137643e-03   -3.8089945912e-01
    1.8797636731e-03   -3.8349428773e-01
    1.8894969253e-03   -3.8585191965e-01
    1.8992302939e-03   -3.8827583194e-01
    1.9089635462e-03   -3.9078003168e-01
    1.9199134549e-03   -3.9370846748e-01
    1.9296468236e-03   -3.9642021060e-01
    1.9393800758e-03   -3.9924117923e-01
    1.9491133280e-03   -4.0217614174e-01
    1.9588465802e-03   -4.0522512794e-01
    1.9697966054e-03   -4.0878710151e-01
    1.9795298576e-03   -4.1206362844e-01
    1.9892631099e-03   -4.1543528438e-01
    1.9989963621e-03   -4.1889399290e-01
    2.0099463873e-03   -4.2287886143e-01
    2.0196796395e-03   -4.2649465799e-01
    2.0294128917e-03   -4.3017131090e-01
    2.0391461439e-03   -4.3390110135e-01
    2.0488793962e-03   -4.3767756224e-01
    2.0598291885e-03   -4.4197461009e-01
    2.0695622079e-03   -4.4583114982e-01
    2.0792954601e-03   -4.4971820712e-01
    2.0890282467e-03   -4.5363092422e-01
    2.0999778062e-03   -4.5805588365e-01
    2.1097105928e-03   -4.6200436354e-01
    2.1194433793e-03   -4.6596312523e-01
    2.1291761659e-03   -4.6992945671e-01
    2.1389087196e-03   -4.7390246391e-01
    2.1498578135e-03   -4.7837883234e-01
    2.1595901344e-03   -4.8236212134e-01
    2.1693224553e-03   -4.8634633422e-01
    2.1790550090e-03   -4.9032726884e-01
    2.1887873299e-03   -4.9430194497e-01
    2.1997361910e-03   -4.9876502156e-01
    2.2094685119e-03   -5.0272816420e-01
    2.2192008328e-03   -5.0669336319e-01
    2.2289329208e-03   -5.1066523790e-01
    2.2398817819e-03   -5.1514494419e-01
    2.2496138699e-03   -5.1914167404e-01
    2.2593459580e-03   -5.2315855026e-01
    2.2690780461e-03   -5.2720361948e-01
    2.2788099013e-03   -5.3128814697e-01
    2.2897582967e-03   -5.3594750166e-01
    2.2994901519e-03   -5.4016143084e-01
    2.3092217743e-03   -5.4444688559e-01
    2.3189533968e-03   -5.4879724979e-01
    2.3299010936e-03   -5.5374360085e-01
    2.3396324832e-03   -5.5815786123e-01
    2.3493638728e-03   -5.6256645918e-01
    2.3590950295e-03   -5.6695246696e-01
    2.3688259535e-03   -5.7130491734e-01
    2.3797734175e-03   -5.7615315914e-01
    2.3895043414e-03   -5.8041405678e-01
    2.3992352653e-03   -5.8462703228e-01
    2.4089659564e-03   -5.8879011869e-01
    2.4199129548e-03   -5.9340858459e-01
    2.4296436459e-03   -5.9745031595e-01
    2.4393741041e-03   -6.0142767429e-01
    2.4491045624e-03   -6.0534280539e-01
    2.4588350207e-03   -6.0920327902e-01
    2.4697817862e-03   -6.1348986626e-01
    2.4795120116e-03   -6.1725831032e-01
    2.4892422371e-03   -6.2099504471e-01
    2.4989724625e-03   -6.2470382452e-01
    2.5099187624e-03   -6.2884432077e-01
    2.5196489878e-03   -6.3249868155e-01
    2.5293789804e-03   -6.3613605499e-01
    2.5391087402e-03   -6.3976627588e-01
    2.5488387328e-03   -6.4339578152e-01
    2.5597847998e-03   -6.4748120308e-01
    2.5695147924e-03   -6.5111190081e-01
    2.5792445522e-03   -6.5473145247e-01
    2.5889743119e-03   -6.5832322836e-01
    2.5999201462e-03   -6.6230487823e-01
    2.6096499059e-03   -6.6576987505e-01
    2.6193796657e-03   -6.6915100813e-01
    2.6291091926e-03   -6.7244523764e-01
    2.6388389524e-03   -6.7566144466e-01
    2.6497847866e-03   -6.7919570208e-01
    2.6595143136e-03   -6.8226474524e-01
    2.6692438405e-03   -6.8526244164e-01
    2.6789733674e-03   -6.8818610907e-01
    2.6899192017e-03   -6.9139140844e-01
    2.6996489614e-03   -6.9417744875e-01
    2.7093784884e-03   -6.9691753387e-01
    2.7191082481e-03   -6.9962519407e-01
    2.7288377751e-03   -7.0231670141e-01
    2.7397836093e-03   -7.0535343885e-01
    2.7495131362e-03   -7.0808744431e-01
    2.7592428960e-03   -7.1087336540e-01
    2.7689724229e-03   -7.1372336149e-01
    2.7799180243e-03   -7.1700996161e-01
    2.7896477841e-03   -7.2000139952e-01
    2.7993773110e-03   -7.2305625677e-01
    2.8091070708e-03   -7.2616738081e-01
    2.8188365977e-03   -7.2932082415e-01
    2.8297826648e-03   -7.3289519548e-01
    2.8395121917e-03   -7.3607444763e-01
    2.8492417186e-03   -7.3924010992e-01
    2.8589712456e-03   -7.4237930775e-01
    2.8699170798e-03   -7.4586170912e-01
    2.8796463739e-03   -7.4889940023e-01
    2.8893756680e-03   -7.5187247992e-01
    2.8991049621e-03   -7.5477606058e-01
    2.9088342562e-03   -7.5760930777e-01
    2.9197793920e-03   -7.6071190834e-01
    2.9295082204e-03   -7.6339530945e-01
    2.9392370488e-03   -7.6601415873e-01
    2.9489658773e-03   -7.6857596636e-01
    2.9599107802e-03   -7.7139818668e-01
    2.9696393758e-03   -7.7385824919e-01
    2.9793679714e-03   -7.7627640963e-01
    2.9890965670e-03   -7.7866029739e-01
    2.9988251626e-03   -7.8101843596e-01
    3.0097695999e-03   -7.8364968300e-01
    3.0194981955e-03   -7.8597235680e-01
    3.0292265583e-03   -7.8827577829e-01
    3.0389551539e-03   -7.9055058956e-01
    3.0498995911e-03   -7.9305696487e-01
    3.0596279539e-03   -7.9521757364e-01
    3.0693565495e-03   -7.9729777575e-01
    3.0790849123e-03   -7.9928928614e-01
    3.0888132751e-03   -8.0119454861e-01
    3.0997577123e-03   -8.0324804783e-01
    3.1094863079e-03   -8.0500757694e-01
    3.1192146707e-03   -8.0671632290e-01
    3.1289428007e-03   -8.0838143826e-01
    3.1398872379e-03   -8.1021004915e-01
    3.1496153679e-03   -8.1180346012e-01
    3.1593434978e-03   -8.1337666512e-01
    3.1690718606e-03   -8.1494379044e-01
    3.1787997577e-03   -8.1652355194e-01
    3.1897439621e-03   -8.1834369898e-01
    3.1994718593e-03   -8.2002609968e-01
    3.2091997564e-03   -8.2179224491e-01
    3.2189276535e-03   -8.2365888357e-01
    3.2298716251e-03   -8.2589077950e-01
    3.2395992894e-03   -8.2799482346e-01
    3.2493269537e-03   -8.3021116257e-01
    3.2590543851e-03   -8.3253848553e-01
    3.2699976582e-03   -8.3528810740e-01
    3.2797250897e-03   -8.3784759045e-01
    3.2894522883e-03   -8.4051287174e-01
    3.2991794869e-03   -8.4327828884e-01
    3.3089064527e-03   -8.4613251686e-01
    3.3198492602e-03   -8.4942728281e-01
    3.3295759931e-03   -8.5240405798e-01
    3.3393027261e-03   -8.5539722443e-01
    3.3490292262e-03   -8.5837781429e-01
    3.3599715680e-03   -8.6168158054e-01
    3.3696980681e-03   -8.6454784870e-01
    3.3794243354e-03   -8.6732959747e-01
    3.3891506027e-03   -8.7001568079e-01
    3.3988766372e-03   -8.7260127068e-01
    3.4098185133e-03   -8.7539124489e-01
    3.4195445478e-03   -8.7777233124e-01
    3.4292705823e-03   -8.8007086515e-01
    3.4389966168e-03   -8.8229894638e-01
    3.4499382600e-03   -8.8473612070e-01
    3.4596642945e-03   -8.8685220480e-01
    3.4693900961e-03   -8.8892948627e-01
    3.4791161306e-03   -8.9097350836e-01
    3.4899821039e-03   -8.9322227240e-01
    3.4988811240e-03   -8.9504361153e-01
    3.5097564105e-03   -8.9723241329e-01
    3.5194826778e-03   -8.9913809299e-01
    3.5292087123e-03   -9.0100961924e-01
    3.5389349796e-03   -9.0284693241e-01
    3.5498770885e-03   -9.0488177538e-01
    3.5596033558e-03   -9.0668058395e-01
    3.5693296231e-03   -9.0847599506e-01
    3.5790561233e-03   -9.1027504206e-01
    3.5899984650e-03   -9.1230976582e-01
    3.5997249652e-03   -9.1413217783e-01
    3.6094514653e-03   -9.1597491503e-01
    3.6191779654e-03   -9.1784191132e-01
    3.6289046984e-03   -9.1973459721e-01
    3.6398470402e-03   -9.2189472914e-01
    3.6495737731e-03   -9.2384183407e-01
    3.6593002733e-03   -9.2581272125e-01
    3.6690270063e-03   -9.2780178785e-01
    3.6799693480e-03   -9.3005144596e-01
    3.6896958482e-03   -9.3205207586e-01
    3.6994223483e-03   -9.3404155970e-01
    3.7091486156e-03   -9.3600708246e-01
    3.7188748829e-03   -9.3793725967e-01
    3.7298169918e-03   -9.4005358219e-01
    3.7395432591e-03   -9.4187629223e-01
    3.7492692936e-03   -9.4363707304e-01
    3.7589955609e-03   -9.4533252716e-01
    3.7699374370e-03   -9.4716322422e-01
    3.7796634715e-03   -9.4872486591e-01
    3.7893897388e-03   -9.5022618771e-01
    3.7991157733e-03   -9.5166748762e-01
    3.8088418078e-03   -9.5304781199e-01
    3.8197836839e-03   -9.5452708006e-01
    3.8295097183e-03   -9.5577639341e-01
    3.8392359857e-03   -9.5696371794e-01
    3.8489620201e-03   -9.5808941126e-01
    3.8599041291e-03   -9.5928382874e-01
    3.8696301635e-03   -9.6028298140e-01
    3.8793564308e-03   -9.6122413874e-01
    3.8890826982e-03   -9.6210765839e-01
    3.8988089655e-03   -9.6293580532e-01
    3.9097508416e-03   -9.6380764246e-01
    3.9194775745e-03   -9.6453726292e-01
    3.9292038418e-03   -9.6523237228e-01
    3.9389301091e-03   -9.6590083838e-01
    3.9498726837e-03   -9.6662944555e-01
    3.9595989510e-03   -9.6726125479e-01
    3.9693252183e-03   -9.6787977219e-01
    3.9790519513e-03   -9.6848553419e-01
    3.9899940602e-03   -9.6915042400e-01
    3.9997203276e-03   -9.6972292662e-01
    4.0094465949e-03   -9.7027283907e-01
    4.0191733278e-03   -9.7079551220e-01
    4.0288991295e-03   -9.7128623724e-01
    4.0398412384e-03   -9.7179347277e-01
    4.0495675057e-03   -9.7219890356e-01
    4.0592937730e-03   -9.7255766392e-01
    4.0690195747e-03   -9.7286665440e-01
    4.0799612179e-03   -9.7315126657e-01
    4.0896874852e-03   -9.7334575653e-01
    4.0994132869e-03   -9.7348403931e-01
    4.1091390885e-03   -9.7356510162e-01
    4.1198283434e-03   -9.7358667850e-01
    4.1299210861e-03   -9.7354108095e-01
    4.1390596889e-03   -9.7344225645e-01
    4.1487854905e-03   -9.7327101231e-01
    4.1597266681e-03   -9.7298765182e-01
    4.1694529355e-03   -9.7265130281e-01
    4.1791787371e-03   -9.7223740816e-01
    4.1889045388e-03   -9.7175210714e-01
    4.1998457164e-03   -9.7113108635e-01
    4.2095715180e-03   -9.7052389383e-01
    4.2192973197e-03   -9.6987664700e-01
    4.2290231213e-03   -9.6919929981e-01
    4.2399647646e-03   -9.6841067076e-01
    4.2496905662e-03   -9.6769148111e-01
    4.2594163679e-03   -9.6695882082e-01
    4.2691421695e-03   -9.6621501446e-01
    4.2788679712e-03   -9.6546113491e-01
    4.2898091488e-03   -9.6460163593e-01
    4.2995349504e-03   -9.6382856369e-01
    4.3092607521e-03   -9.6304780245e-01
    4.3189865537e-03   -9.6226054430e-01
    4.3299281970e-03   -9.6136999130e-01
    4.3396539986e-03   -9.6057683229e-01
    4.3493798003e-03   -9.5978361368e-01
    4.3591060676e-03   -9.5898991823e-01
    4.3688318692e-03   -9.5819431543e-01
    4.3797735125e-03   -9.5729541779e-01
    4.3894993141e-03   -9.5649164915e-01
    4.3992255814e-03   -9.5568269491e-01
    4.4089513831e-03   -9.5486813784e-01
    4.4195950031e-03   -9.5396989584e-01
    4.4299489819e-03   -9.5308798552e-01
    4.4396752492e-03   -9.5225238800e-01
    4.4494010508e-03   -9.5141255856e-01
    4.4595366344e-03   -9.5053160191e-01
    4.4693392701e-03   -9.4967049360e-01
    4.4790655375e-03   -9.4881409407e-01
    4.4887913391e-03   -9.4796049595e-01
    4.4997334480e-03   -9.4699561596e-01
    4.5094592497e-03   -9.4613534212e-01
    4.5191855170e-03   -9.4526642561e-01
    4.5289113186e-03   -9.4438219070e-01
    4.5398534276e-03   -9.4336831570e-01
    4.5495792292e-03   -9.4244652987e-01
    4.5593054965e-03   -9.4150322676e-01
    4.5690312982e-03   -9.4053679705e-01
    4.5799734071e-03   -9.3941712379e-01
    4.5896992087e-03   -9.3838977814e-01
    4.5994254760e-03   -9.3733066320e-01
    4.6091517434e-03   -9.3623816967e-01
    4.6188775450e-03   -9.3511015177e-01
    4.6298196539e-03   -9.3379533291e-01
    4.6395459212e-03   -9.3258309364e-01
    4.6492721885e-03   -9.3132734299e-01
    4.6589984559e-03   -9.3002671003e-01
    4.6699400991e-03   -9.2851001024e-01
    4.6796668321e-03   -9.2711633444e-01
    4.6893930994e-03   -9.2568367720e-01
    4.6991193667e-03   -9.2421752214e-01
    4.7088456340e-03   -9.2272424698e-01
    4.7197882086e-03   -9.2102026939e-01
    4.7295149416e-03   -9.1949200630e-01
    4.7392416745e-03   -9.1795736551e-01
    4.7489684075e-03   -9.1642242670e-01
    4.7596124932e-03   -9.1474848986e-01
    4.7690356150e-03   -9.1327565908e-01
    4.7790557146e-03   -9.1172301769e-01
    4.7894935124e-03   -9.1012489796e-01
    4.7991145402e-03   -9.0867012739e-01
    4.8094466329e-03   -9.0712994337e-01
    4.8191738315e-03   -9.0570360422e-01
    4.8289010301e-03   -9.0430045128e-01
    4.8389350995e-03   -9.0287667513e-01
    4.8498781398e-03   -9.0135043859e-01
    4.8596053384e-03   -9.0001988411e-01
    4.8690806143e-03   -8.9874613285e-01
    4.8790038563e-03   -8.9743393660e-01
    4.8894900829e-03   -8.9606708288e-01
    4.8991683871e-03   -8.9482146502e-01
    4.9096546136e-03   -8.9348381758e-01
    4.9190837890e-03   -8.9228475094e-01
    4.9288417213e-03   -8.9103823900e-01
    4.9390760250e-03   -8.8970810175e-01
    4.9488036893e-03   -8.8842093945e-01
    4.9597471952e-03   -8.8693898916e-01
    4.9694743939e-03   -8.8557893038e-01
    4.9792020582e-03   -8.8416969776e-01
    4.9898936413e-03   -8.8255459070e-01
    4.9989125691e-03   -8.8113582134e-01
    5.0098560750e-03   -8.7934356928e-01
    5.0199353136e-03   -8.7762683630e-01
    5.0292061642e-03   -8.7598764896e-01
    5.0389338285e-03   -8.7420606613e-01
    5.0491685979e-03   -8.7226456404e-01
    5.0588962622e-03   -8.7035089731e-01
    5.0698402338e-03   -8.6812096834e-01
    5.0789085217e-03   -8.6621004343e-01
    5.0898031332e-03   -8.6383885145e-01
    5.0995312631e-03   -8.6165744066e-01
    5.1092593931e-03   -8.5942012072e-01
    5.1189875230e-03   -8.5713219643e-01
    5.1298877224e-03   -8.5452049971e-01
    5.1391148008e-03   -8.5227447748e-01
    5.1488429308e-03   -8.4987938404e-01
    5.1590339281e-03   -8.4735256433e-01
    5.1699788310e-03   -8.4461790323e-01
    5.1799616776e-03   -8.4212046862e-01
    5.1894853823e-03   -8.3973860741e-01
    5.1992139779e-03   -8.3730459213e-01
    5.2097016014e-03   -8.3468610048e-01
    5.2194301970e-03   -8.3225905895e-01
    5.2291592583e-03   -8.2983857393e-01
    5.2388883196e-03   -8.2742702961e-01
    5.2498336881e-03   -8.2472151518e-01
    5.2593103610e-03   -8.2238566875e-01
    5.2690417506e-03   -8.1999057531e-01
    5.2799871191e-03   -8.1729787588e-01
    5.2897166461e-03   -8.1490778923e-01
    5.2994457074e-03   -8.1251412630e-01
    5.3091752343e-03   -8.1011617184e-01
    5.3189042956e-03   -8.0771237612e-01
    5.3298501298e-03   -8.0499476194e-01
    5.3395796567e-03   -8.0256479979e-01
    5.3493087180e-03   -8.0011922121e-01
    5.3590382449e-03   -7.9765516520e-01
    5.3699840792e-03   -7.9485708475e-01
    5.3797136061e-03   -7.9234212637e-01
    5.3899027407e-03   -7.8967648745e-01
    5.3996345960e-03   -7.8709560633e-01
    5.4093641229e-03   -7.8447747231e-01
    5.4190936498e-03   -7.8182536364e-01
    5.4291649722e-03   -7.7903795242e-01
    5.4393038154e-03   -7.7618426085e-01
    5.4490356706e-03   -7.7340352535e-01
    5.4599815048e-03   -7.7023947239e-01
    5.4690064862e-03   -7.6760596037e-01
    5.4799029604e-03   -7.6439845562e-01
    5.4896329530e-03   -7.6152360439e-01
    5.4993629456e-03   -7.5863856077e-01
    5.5090929382e-03   -7.5574481487e-01
    5.5188229308e-03   -7.5285458565e-01
    5.5297696963e-03   -7.4961221218e-01
    5.5394996889e-03   -7.4674272537e-01
    5.5492301472e-03   -7.4388784170e-01
    5.5589601398e-03   -7.4104684591e-01
    5.5699069053e-03   -7.3786962032e-01
    5.5796373636e-03   -7.3506283760e-01
    5.5893678218e-03   -7.3227155209e-01
    5.5995574221e-03   -7.2936570644e-01
    5.6091975421e-03   -7.2663325071e-01
    5.6198015809e-03   -7.2364741564e-01
    5.6299092248e-03   -7.2082841396e-01
    5.6393533014e-03   -7.1821784973e-01
    5.6492653675e-03   -7.1550387144e-01
    5.6598694064e-03   -7.1263581514e-01
    5.6697810069e-03   -7.0998454094e-01
    5.6794211268e-03   -7.0742636919e-01
    5.6890612468e-03   -7.0488685369e-01
    5.6999372318e-03   -7.0202928782e-01
    5.7095773518e-03   -6.9947588444e-01
    5.7193138637e-03   -6.9685035944e-01
    5.7288380340e-03   -6.9423460960e-01
    5.7397643104e-03   -6.9120764732e-01
    5.7499376126e-03   -6.8835908175e-01
    5.7597593404e-03   -6.8556225300e-01
    5.7696965523e-03   -6.8268072605e-01
    5.7792873122e-03   -6.7971187830e-01
    5.7889414020e-03   -6.7639660835e-01
    5.7998546399e-03   -6.7235064507e-01
    5.8088758960e-03   -6.6882282495e-01
    5.8196107857e-03   -6.6431075335e-01
    5.8296304196e-03   -6.5969276428e-01
    5.8393510990e-03   -6.5467286110e-01
    5.8499551378e-03   -6.4824926853e-01
    5.8597880416e-03   -6.4123636484e-01
    5.8694439940e-03   -6.3343238831e-01
    5.8792545460e-03   -6.2462842464e-01
    5.8894166723e-03   -6.1465668678e-01
    5.8988328092e-03   -6.0481888056e-01
    5.9097488411e-03   -5.9282284975e-01
    5.9197689407e-03   -5.8125710487e-01
    5.9290244244e-03   -5.7015097141e-01
    5.9399413876e-03   -5.5627059937e-01
    5.9495107271e-03   -5.4326409101e-01
    5.9592826292e-03   -5.2926927805e-01
    5.9691397473e-03   -5.1462805271e-01
    5.9797232971e-03   -4.9867466092e-01
    5.9893815778e-03   -4.8413372040e-01
    5.9998515062e-03   -4.6866503358e-01
    6.0088592581e-03   -4.5607689023e-01
    6.0197780840e-03   -4.4251814485e-01
    6.0299993493e-03   -4.3213498592e-01
    6.0392632149e-03   -4.2508429289e-01
    6.0492851771e-03   -4.2021378875e-01
    6.0598673299e-03   -4.1805055737e-01
    6.0693742707e-03   -4.1848638654e-01
    6.0798455961e-03   -4.2120924592e-01
    6.0898703523e-03   -4.2580780387e-01
    6.0998322442e-03   -4.3227055669e-01
    6.1090993695e-03   -4.3983724713e-01
    6.1199185438e-03   -4.5036956668e-01
    6.1293928884e-03   -4.6088409424e-01
    6.1392136849e-03   -4.7293931246e-01
    6.1499029398e-03   -4.8717433214e-01
    6.1589586549e-03   -4.9991050363e-01
    6.1698844656e-03   -5.1593488455e-01
    6.1791455373e-03   -5.2989423275e-01
    6.1894669197e-03   -5.4573237896e-01
    6.1999550089e-03   -5.6189322472e-01
    6.2097767368e-03   -5.7692122459e-01
    6.2195989303e-03   -5.9183335304e-01
    6.2295272946e-03   -6.0681641102e-01
    6.2392191030e-03   -6.2140935659e-01
    6.2495032325e-03   -6.3691091537e-01
    6.2592201866e-03   -6.5168404579e-01
    6.2690437771e-03   -6.6696625948e-01
    6.2796012498e-03   -6.8395137787e-01
    6.2892413698e-03   -6.9984185696e-01
    6.2991804443e-03   -7.1646338701e-01
    6.3096624799e-03   -7.3418891430e-01
    6.3198450953e-03   -7.5153630972e-01
    6.3292114064e-03   -7.6754426956e-01
    6.3396948390e-03   -7.8540867567e-01
    6.3494187780e-03   -8.0197095871e-01
    6.3597490080e-03   -8.1979602575e-01
    6.3690179959e-03   -8.3610713482e-01
    6.3798078336e-03   -8.5539144278e-01
    6.3899531960e-03   -8.7365472317e-01
    6.3993805088e-03   -8.9064157009e-01
    6.4098695293e-03   -9.0946018696e-01
    6.4193471335e-03   -9.2643356323e-01
    6.4299516380e-03   -9.4562911987e-01
    6.4395912923e-03   -9.6347701550e-01
    6.4492314123e-03   -9.8179942369e-01
    6.4592119306e-03   -1.0012426376e+00
    6.4698164351e-03   -1.0223282576e+00
    6.4790900797e-03   -1.0410618782e+00
    6.4899465069e-03   -1.0632692575e+00
    6.4995214343e-03   -1.0830781460e+00
    6.5098023042e-03   -1.1046450138e+00
    6.5190722235e-03   -1.1244935989e+00
    6.5292054787e-03   -1.1467859745e+00
    6.5390649252e-03   -1.1691712141e+00
    6.5490473062e-03   -1.1926137209e+00
    6.5598478541e-03   -1.2188521624e+00
    6.5698828548e-03   -1.2440040112e+00
    6.5792063251e-03   -1.2680445910e+00
    6.5893004648e-03   -1.2947748899e+00
    6.5998579375e-03   -1.3234239817e+00
    6.6095478833e-03   -1.3502972126e+00
    6.6193407401e-03   -1.3779940605e+00
    6.6293762065e-03   -1.4068646431e+00
    6.6391024739e-03   -1.4352735281e+00
    6.6488287412e-03   -1.4640833139e+00
    6.6599366255e-03   -1.4973973036e+00
    6.6695767455e-03   -1.5264425278e+00
    6.6792168655e-03   -1.5553135872e+00
    6.6898209043e-03   -1.5865957737e+00
    6.6990945488e-03   -1.6133588552e+00
    6.7092850804e-03   -1.6419761181e+00
    6.7193205468e-03   -1.6693156958e+00
    6.7297555506e-03   -1.6969062090e+00
    6.7398431711e-03   -1.7228317261e+00
    6.7494823597e-03   -1.7470562458e+00
    6.7599262111e-03   -1.7727110386e+00
    6.7696627229e-03   -1.7960319519e+00
    6.7797410302e-03   -1.8197432756e+00
    6.7893699743e-03   -1.8420073986e+00
    6.7999493331e-03   -1.8658345938e+00
    6.8094315939e-03   -1.8865007162e+00
    6.8193562329e-03   -1.9075474739e+00
    6.8297469988e-03   -1.9291185141e+00
    6.8396590650e-03   -1.9492455721e+00
    6.8496689200e-03   -1.9691389799e+00
    6.8593430333e-03   -1.9879242182e+00
    6.8697510287e-03   -2.0075516701e+00
    6.8795625120e-03   -2.0255331993e+00
    6.8899705075e-03   -2.0439975262e+00
    6.8994010799e-03   -2.0600600243e+00
    6.9095329382e-03   -2.0765957832e+00
    6.9191060029e-03   -2.0915653706e+00
    6.9293347187e-03   -2.1068511009e+00
    6.9390842691e-03   -2.1208784580e+00
    6.9499807432e-03   -2.1361176968e+00
    6.9596241228e-03   -2.1492545605e+00
    6.9693145342e-03   -2.1622285843e+00
    6.9798720069e-03   -2.1761856079e+00
    6.9893025793e-03   -2.1885511875e+00
    6.9994460791e-03   -2.2018089294e+00
    7.0092906244e-03   -2.2146751881e+00
    7.0197349414e-03   -2.2284119129e+00
    7.0295217447e-03   -2.2414393425e+00
    7.0394529030e-03   -2.2549426556e+00
    7.0494301617e-03   -2.2687857151e+00
    7.0594656281e-03   -2.2829694748e+00
    7.0694042370e-03   -2.2972545624e+00
    7.0792753249e-03   -2.3115954399e+00
    7.0889908820e-03   -2.3257460594e+00
    7.0999027230e-03   -2.3415353298e+00
    7.1097961627e-03   -2.3556025028e+00
    7.1193682961e-03   -2.3688659668e+00
    7.1291048080e-03   -2.3819496632e+00
    7.1393903345e-03   -2.3953042030e+00
    7.1491268463e-03   -2.4074831009e+00
    7.1587939747e-03   -2.4191298485e+00
    7.1697230451e-03   -2.4317960739e+00
    7.1794372052e-03   -2.4426443577e+00
    7.1891513653e-03   -2.4531686306e+00
    7.1988650598e-03   -2.4634330273e+00
    7.2097922675e-03   -2.4747707844e+00
    7.2190035135e-03   -2.4842476845e+00
    7.2293258272e-03   -2.4948656559e+00
    7.2398832999e-03   -2.5057981014e+00
    7.2496198118e-03   -2.5160050392e+00
    7.2594159283e-03   -2.5263977051e+00
    7.2691543028e-03   -2.5368223190e+00
    7.2792805731e-03   -2.5477039814e+00
    7.2890440933e-03   -2.5581734180e+00
    7.2998302057e-03   -2.5696897507e+00
    7.3090409860e-03   -2.5794157982e+00
    7.3192631826e-03   -2.5900108814e+00
    7.3293559253e-03   -2.6002426147e+00
    7.3394635692e-03   -2.6102399826e+00
    7.3491367511e-03   -2.6195166111e+00
    7.3590758257e-03   -2.6287004948e+00
    7.3698125780e-03   -2.6382722855e+00
    7.3790368624e-03   -2.6461513042e+00
    7.3895375244e-03   -2.6547558308e+00
    7.3992740363e-03   -2.6624557972e+00
    7.4097611941e-03   -2.6704277992e+00
    7.4194855988e-03   -2.6775670052e+00
    7.4291611090e-03   -2.6844718456e+00
    7.4398615398e-03   -2.6919646263e+00
    7.4495249428e-03   -2.6987402439e+00
    7.4590765871e-03   -2.7055261135e+00
    7.4695050716e-03   -2.7130510807e+00
    7.4790283106e-03   -2.7200601101e+00
    7.4899313040e-03   -2.7283875942e+00
    7.4999891222e-03   -2.7364649773e+00
    7.5088478625e-03   -2.7439196110e+00
    7.5198579580e-03   -2.7535490990e+00
    7.5296992436e-03   -2.7625408173e+00
    7.5399847701e-03   -2.7723944187e+00
    7.5490563177e-03   -2.7814326286e+00
    7.5599970296e-03   -2.7927644253e+00
    7.5699714944e-03   -2.8034789562e+00
    7.5798830949e-03   -2.8145270348e+00
    7.5897159986e-03   -2.8259084225e+00
    7.5999377295e-03   -2.8381121159e+00
    7.6094139367e-03   -2.8497660160e+00
    7.6190540567e-03   -2.8618838787e+00
    7.6296580955e-03   -2.8754820824e+00
    7.6398863457e-03   -2.8888573647e+00
    7.6498636045e-03   -2.9020881653e+00
    7.6594096608e-03   -2.9149124622e+00
    7.6691461727e-03   -2.9281291962e+00
    7.6791811734e-03   -2.9417827129e+00
    7.6897949912e-03   -2.9562079906e+00
    7.6996097341e-03   -2.9694843292e+00
    7.7093462460e-03   -2.9825077057e+00
    7.7190827578e-03   -2.9954197407e+00
    7.7298795804e-03   -3.0096173286e+00
    7.7390568331e-03   -3.0215327740e+00
    7.7496147715e-03   -3.0350594521e+00
    7.7592250891e-03   -3.0472431183e+00
    7.7699651010e-03   -3.0607602596e+00
    7.7797980048e-03   -3.0729963779e+00
    7.7890241519e-03   -3.0843298435e+00
    7.7994028106e-03   -3.0969452858e+00
    7.8095626086e-03   -3.1092159748e+00
    7.8197875991e-03   -3.1214444637e+00
    7.8290868551e-03   -3.1323471069e+00
    7.8397989273e-03   -3.1446716785e+00
    7.8494390473e-03   -3.1556723118e+00
    7.8590791672e-03   -3.1667237282e+00
    7.8696832061e-03   -3.1788549423e+00
    7.8792311251e-03   -3.1896505356e+00
    7.8891692683e-03   -3.2006220818e+00
    7.8994072974e-03   -3.2116169930e+00
    7.9096965492e-03   -3.2224497795e+00
    7.9198554158e-03   -3.2328784466e+00
    7.9296110198e-03   -3.2426753044e+00
    7.9393619671e-03   -3.2523598671e+00
    7.9495059326e-03   -3.2623674870e+00
    7.9592308030e-03   -3.2719066143e+00
    7.9693747684e-03   -3.2817668915e+00
    7.9790139571e-03   -3.2910280228e+00
    7.9896682873e-03   -3.3010909557e+00
    7.9989377409e-03   -3.3096261024e+00
    8.0089196563e-03   -3.3184998035e+00
    8.0198720098e-03   -3.3278439045e+00
    8.0296052620e-03   -3.3359265327e+00
    8.0398302525e-03   -3.3445057869e+00
    8.0493744463e-03   -3.3527770042e+00
    8.0596394837e-03   -3.3619239330e+00
    8.0692786723e-03   -3.3705649376e+00
    8.0793648958e-03   -3.3794138432e+00
    8.0892760307e-03   -3.3880019188e+00
    8.0998810008e-03   -3.3972325325e+00
    8.1093590707e-03   -3.4056954384e+00
    8.1199109554e-03   -3.4154703617e+00
    8.1294542179e-03   -3.4245252609e+00
    8.1395423040e-03   -3.4342207909e+00
    8.1495335326e-03   -3.4438054562e+00
    8.1595648080e-03   -3.4533936977e+00
    8.1698587164e-03   -3.4631426334e+00
    8.1796664745e-03   -3.4723622799e+00
    8.1898914650e-03   -3.4820597172e+00
    8.1994356588e-03   -3.4912796021e+00
    8.2098636776e-03   -3.5015280247e+00
    8.2195037976e-03   -3.5111751556e+00
    8.2291439176e-03   -3.5209031105e+00
    8.2397479564e-03   -3.5315456390e+00
    8.2499384880e-03   -3.5416781902e+00
    8.2598989829e-03   -3.5514976978e+00
    8.2690138370e-03   -3.5604245663e+00
    8.2790963352e-03   -3.5701951981e+00
    8.2896044478e-03   -3.5803298950e+00
    8.2994280383e-03   -3.5899252892e+00
    8.3096250892e-03   -3.5999815464e+00
    8.3191255108e-03   -3.6094264984e+00
    8.3297295496e-03   -3.6200916767e+00
    8.3393696696e-03   -3.6297843456e+00
    8.3496812731e-03   -3.6400890350e+00
    8.3593213931e-03   -3.6497101784e+00
    8.3690574393e-03   -3.6593725681e+00
    8.3796614781e-03   -3.6698217392e+00
    8.3893015981e-03   -3.6792888641e+00
    8.3999056369e-03   -3.6896569729e+00
    8.4095457569e-03   -3.6990072727e+00
    8.4191858768e-03   -3.7082407475e+00
    8.4297899157e-03   -3.7182488441e+00
    8.4394300357e-03   -3.7272036076e+00
    8.4493691102e-03   -3.7363183498e+00
    8.4599731490e-03   -3.7460799217e+00
    8.4696132690e-03   -3.7551045418e+00
    8.4792533889e-03   -3.7642812729e+00
    8.4898388013e-03   -3.7744696140e+00
    8.4997992963e-03   -3.7840316296e+00
    8.5093425587e-03   -3.7930700779e+00
    8.5195684806e-03   -3.8025543690e+00
    8.5293147713e-03   -3.8114089966e+00
    8.5399188101e-03   -3.8209061623e+00
    8.5495589301e-03   -3.8294162750e+00
    8.5591990501e-03   -3.8378112316e+00
    8.5698720068e-03   -3.8470580578e+00
    8.5794152692e-03   -3.8554055691e+00
    8.5892789066e-03   -3.8641641140e+00
    8.5998838767e-03   -3.8736891747e+00
    8.6095230654e-03   -3.8823509216e+00
    8.6191631854e-03   -3.8909900188e+00
    8.6298640817e-03   -3.9005463123e+00
    8.6390897632e-03   -3.9087774754e+00
    8.6498782039e-03   -3.9184548855e+00
    8.6593069136e-03   -3.9269897938e+00
    8.6690429598e-03   -3.9359545708e+00
    8.6794840172e-03   -3.9457585812e+00
    8.6891241372e-03   -3.9548821449e+00
    8.6998250335e-03   -3.9650216103e+00
    8.7094651535e-03   -3.9741277695e+00
    8.7191043422e-03   -3.9831902981e+00
    8.7297968566e-03   -3.9932734966e+00
    8.7394760922e-03   -4.0024995804e+00
    8.7492130697e-03   -4.0118656158e+00
    8.7593290955e-03   -4.0216345787e+00
    8.7689440697e-03   -4.0308752060e+00
    8.7796822190e-03   -4.0411353111e+00
    8.7891984731e-03   -4.0501327515e+00
    8.7989186868e-03   -4.0592870712e+00
    8.8098701090e-03   -4.0697231293e+00
    8.8188452646e-03   -4.0783548355e+00
    8.8296914473e-03   -4.0888442993e+00
    8.8393315673e-03   -4.0981774330e+00
    8.8498666883e-03   -4.1083006859e+00
    8.8594108820e-03   -4.1173343658e+00
    8.8689085096e-03   -4.1262593269e+00
    8.8790506124e-03   -4.1358308792e+00
    8.8896546513e-03   -4.1459498405e+00
    8.8992947713e-03   -4.1552109718e+00
    8.9092152193e-03   -4.1646943092e+00
    8.9197959751e-03   -4.1747636795e+00
    8.9293140918e-03   -4.1837897301e+00
    8.9390352368e-03   -4.1930088997e+00
    8.9495657012e-03   -4.2029795647e+00
    8.9592058212e-03   -4.2119750977e+00
    8.9698983356e-03   -4.2217698097e+00
    8.9788734913e-03   -4.2298550606e+00
    8.9899795130e-03   -4.2397503853e+00
    8.9999595657e-03   -4.2486119270e+00
    9.0094367042e-03   -4.2569918633e+00
    9.0198786929e-03   -4.2661976814e+00
    9.0296147391e-03   -4.2747068405e+00
    9.0390918776e-03   -4.2828307152e+00
    9.0497927740e-03   -4.2918548584e+00
    9.0595213696e-03   -4.3000230789e+00
    9.0690953657e-03   -4.3081030846e+00
    9.0795783326e-03   -4.3169584274e+00
    9.0893004090e-03   -4.3250770569e+00
    9.0990234166e-03   -4.3330860138e+00
    9.1093834490e-03   -4.3415784836e+00
    9.1196522117e-03   -4.3500571251e+00
    9.1292923316e-03   -4.3580589294e+00
    9.1398963705e-03   -4.3668603897e+00
    9.1495364904e-03   -4.3747639656e+00
    9.1592734680e-03   -4.3826069832e+00
    9.1698775068e-03   -4.3909921646e+00
    9.1799739748e-03   -4.3987798691e+00
    9.1896140948e-03   -4.4060735703e+00
    9.1994889081e-03   -4.4135150909e+00
    9.2097138986e-03   -4.4213299751e+00
    9.2199398205e-03   -4.4292616844e+00
    9.2295520008e-03   -4.4366726875e+00
    9.2399595305e-03   -4.4444847107e+00
    9.2493863776e-03   -4.4512662888e+00
    9.2593180016e-03   -4.4581298828e+00
    9.2691509053e-03   -4.4647698402e+00
    9.2791896313e-03   -4.4715437889e+00
    9.2895496637e-03   -4.4785985947e+00
    9.2997755855e-03   -4.4856004715e+00
    9.3097565696e-03   -4.4924063683e+00
    9.3199815601e-03   -4.4992661476e+00
    9.3295257539e-03   -4.5055770874e+00
    9.3395579606e-03   -4.5121407509e+00
    9.3491980806e-03   -4.5183677673e+00
    9.3598980457e-03   -4.5251283646e+00
    9.3689151108e-03   -4.5306291580e+00
    9.3797715381e-03   -4.5369849205e+00
    9.3892496079e-03   -4.5423302650e+00
    9.3998536468e-03   -4.5481042862e+00
    9.4094937667e-03   -4.5531539917e+00
    9.4197671860e-03   -4.5582942963e+00
    9.4299921766e-03   -4.5630908012e+00
    9.4395363703e-03   -4.5673122406e+00
    9.4495648518e-03   -4.5715312958e+00
    9.4597907737e-03   -4.5756340027e+00
    9.4698192552e-03   -4.5794415474e+00
    9.4794593751e-03   -4.5828437805e+00
    9.4890994951e-03   -4.5860409737e+00
    9.4996551052e-03   -4.5893878937e+00
    9.5091201365e-03   -4.5923128128e+00
    9.5197241753e-03   -4.5955090523e+00
    9.5297154039e-03   -4.5983309746e+00
    9.5399403945e-03   -4.6009869576e+00
    9.5494845882e-03   -4.6033163071e+00
    9.5599209890e-03   -4.6057658195e+00
    9.5694651827e-03   -4.6079363823e+00
    9.5796901733e-03   -4.6101431847e+00
    9.5899160951e-03   -4.6121931076e+00
    9.5994593576e-03   -4.6139893532e+00
    9.6096852794e-03   -4.6158161163e+00
    9.6199102700e-03   -4.6175990105e+00
    9.6294544637e-03   -4.6192526817e+00
    9.6396794543e-03   -4.6209611893e+00
    9.6499053761e-03   -4.6225271225e+00
    9.6594486386e-03   -4.6238555908e+00
    9.6696745604e-03   -4.6252021790e+00
    9.6798995510e-03   -4.6265330315e+00
    9.6894437447e-03   -4.6277980804e+00
    9.6996687353e-03   -4.6292266846e+00
    9.7098946571e-03   -4.6307401657e+00
    9.7194379196e-03   -4.6321926117e+00
    9.7296638414e-03   -4.6337981224e+00
    9.7398888320e-03   -4.6354637146e+00
    9.7494330257e-03   -4.6370649338e+00
    9.7596580163e-03   -4.6388483047e+00
    9.7698839381e-03   -4.6407370567e+00
    9.7796302289e-03   -4.6426429749e+00
    9.7892237827e-03   -4.6445741653e+00
    9.7995484248e-03   -4.6466708183e+00
    9.8091885448e-03   -4.6486392021e+00
    9.8197925836e-03   -4.6508188248e+00
    9.8294327036e-03   -4.6528406143e+00
    9.8390728235e-03   -4.6549215317e+00
    9.8496768624e-03   -4.6572694778e+00
    9.8593169823e-03   -4.6594257355e+00
    9.8699210212e-03   -4.6617946625e+00
    9.8795611411e-03   -4.6639404297e+00
    9.8892012611e-03   -4.6660852432e+00
    9.8998742178e-03   -4.6684784889e+00
    9.9094184116e-03   -4.6706418991e+00
    9.9196434021e-03   -4.6729826927e+00
    9.9299065769e-03   -4.6753597260e+00
    9.9394535646e-03   -4.6775736809e+00
    9.9490936846e-03   -4.6797714233e+00
    9.9596977234e-03   -4.6821513176e+00
    9.9694067612e-03   -4.6843318939e+00
    9.9796326831e-03   -4.6866722107e+00
    9.9898576736e-03   -4.6890463829e+00
    9.9994018674e-03   -4.6912698746e+00
    1.0009626858e-02   -4.6936311722e+00
    1.0019852780e-02   -4.6959295273e+00
    1.0029396042e-02   -4.6980271339e+00
    1.0039621964e-02   -4.7002539635e+00
    1.0049816221e-02   -4.7024669647e+00
    1.0059690103e-02   -4.7045989037e+00
    1.0069915093e-02   -4.7068142891e+00
    1.0079459287e-02   -4.7089047432e+00
    1.0089684278e-02   -4.7111282349e+00
    1.0099596344e-02   -4.7132353783e+00
    1.0109050199e-02   -4.7151842117e+00
    1.0119606741e-02   -4.7172865868e+00
    1.0129831731e-02   -4.7192516327e+00
    1.0139375925e-02   -4.7210245132e+00
    1.0149600916e-02   -4.7228727341e+00
    1.0159826837e-02   -4.7246851921e+00
    1.0169408284e-02   -4.7263617516e+00
    1.0179965757e-02   -4.7281975746e+00
    1.0189512745e-02   -4.7298531532e+00
    1.0199152865e-02   -4.7315292358e+00
    1.0209756903e-02   -4.7333793640e+00
    1.0219397023e-02   -4.7350797653e+00
    1.0229436681e-02   -4.7368969917e+00
    1.0239347816e-02   -4.7387714386e+00
    1.0249813087e-02   -4.7408423424e+00
    1.0259453207e-02   -4.7428121567e+00
    1.0269278660e-02   -4.7448391914e+00
    1.0279547423e-02   -4.7469453812e+00
    1.0289187543e-02   -4.7488923073e+00
    1.0299265385e-02   -4.7509031296e+00
    1.0309373960e-02   -4.7529554367e+00
    1.0319599882e-02   -4.7551178932e+00
    1.0329910554e-02   -4.7574090958e+00
    1.0339550674e-02   -4.7596402168e+00
    1.0349190794e-02   -4.7619190216e+00
    1.0359562933e-02   -4.7643437386e+00
    1.0369203053e-02   -4.7665205002e+00
    1.0379831307e-02   -4.7688488960e+00
    1.0389374569e-02   -4.7709054947e+00
    1.0399637744e-02   -4.7730550766e+00
    1.0409677401e-02   -4.7750644684e+00
    1.0419902392e-02   -4.7770695686e+00
    1.0429446585e-02   -4.7789378166e+00
    1.0439671576e-02   -4.7809352875e+00
    1.0449897498e-02   -4.7829246521e+00
    1.0459440760e-02   -4.7847337723e+00
    1.0469666682e-02   -4.7865686417e+00
    1.0479891673e-02   -4.7882890701e+00
    1.0489435866e-02   -4.7898149490e+00
    1.0499660857e-02   -4.7914023399e+00
    1.0509886779e-02   -4.7929787636e+00
    1.0519430041e-02   -4.7944455147e+00
    1.0529655963e-02   -4.7959861755e+00
    1.0539880954e-02   -4.7974543571e+00
    1.0549425147e-02   -4.7987227440e+00
    1.0559650138e-02   -4.7999615669e+00
    1.0569876060e-02   -4.8010902405e+00
    1.0579419322e-02   -4.8021097183e+00
    1.0589165613e-02   -4.8031945229e+00
    1.0599769652e-02   -4.8044490814e+00
    1.0609409772e-02   -4.8056392670e+00
    1.0619049892e-02   -4.8068161011e+00
    1.0629653931e-02   -4.8080043793e+00
    1.0639294051e-02   -4.8089599609e+00
    1.0649899021e-02   -4.8098983765e+00
    1.0659373365e-02   -4.8106789589e+00
    1.0669599287e-02   -4.8114809990e+00
    1.0679824278e-02   -4.8122344017e+00
    1.0689852759e-02   -4.8129277229e+00
    1.0699961334e-02   -4.8135852814e+00
    1.0709731840e-02   -4.8141808510e+00
    1.0719957761e-02   -4.8147683144e+00
    1.0729712434e-02   -4.8153138161e+00
    1.0739063844e-02   -4.8158202171e+00
    1.0749785230e-02   -4.8163795471e+00
    1.0759328492e-02   -4.8168554306e+00
    1.0769554414e-02   -4.8173232079e+00
    1.0779779404e-02   -4.8177409172e+00
    1.0789323598e-02   -4.8180918694e+00
    1.0799548589e-02   -4.8184647560e+00
    1.0809774511e-02   -4.8188462257e+00
    1.0819999501e-02   -4.8191909790e+00
    1.0829543695e-02   -4.8194379807e+00
    1.0839768685e-02   -4.8196187019e+00
    1.0849993676e-02   -4.8197350502e+00
    1.0859790258e-02   -4.8198189735e+00
    1.0869819671e-02   -4.8199038506e+00
    1.0879459791e-02   -4.8199901581e+00
    1.0889850557e-02   -4.8200654984e+00
    1.0899431072e-02   -4.8200879097e+00
    1.0909577832e-02   -4.8200473785e+00
    1.0919802822e-02   -4.8199253082e+00
    1.0929347016e-02   -4.8197393417e+00
    1.0939609259e-02   -4.8194494247e+00
    1.0949835181e-02   -4.8190779686e+00
    1.0959378444e-02   -4.8186860085e+00
    1.0969604366e-02   -4.8182592392e+00
    1.0979829356e-02   -4.8178272247e+00
    1.0989373550e-02   -4.8173899651e+00
    1.0999598540e-02   -4.8168635368e+00
    1.1009861715e-02   -4.8162832260e+00
    1.1019501835e-02   -4.8156981468e+00
    1.1029141955e-02   -4.8150920868e+00
    1.1039745994e-02   -4.8144197464e+00
    1.1049386114e-02   -4.8138008118e+00
    1.1059990153e-02   -4.8131065369e+00
    1.1069630273e-02   -4.8124532700e+00
    1.1079270393e-02   -4.8117589951e+00
    1.1089874431e-02   -4.8109221458e+00
    1.1099514551e-02   -4.8100752831e+00
    1.1109154671e-02   -4.8091378212e+00
    1.1119758710e-02   -4.8080062866e+00
    1.1129398830e-02   -4.8069090843e+00
    1.1139038950e-02   -4.8057651520e+00
    1.1149642989e-02   -4.8044748306e+00
    1.1159682646e-02   -4.8032298088e+00
    1.1169908568e-02   -4.8019366264e+00
    1.1179451831e-02   -4.8007030487e+00
    1.1189677753e-02   -4.7993502617e+00
    1.1199902743e-02   -4.7979741096e+00
    1.1209446937e-02   -4.7966780663e+00
    1.1219671927e-02   -4.7952818871e+00
    1.1229896918e-02   -4.7938675880e+00
    1.1239441112e-02   -4.7925133705e+00
    1.1249869131e-02   -4.7909789085e+00
    1.1259732768e-02   -4.7894616127e+00
    1.1269372888e-02   -4.7879052162e+00
    1.1279128492e-02   -4.7862520218e+00
    1.1289675720e-02   -4.7843875885e+00
    1.1299315840e-02   -4.7826337814e+00
    1.1309919879e-02   -4.7806410789e+00
    1.1319959536e-02   -4.7786836624e+00
    1.1329502799e-02   -4.7767629623e+00
    1.1339132674e-02   -4.7747693062e+00
    1.1349736713e-02   -4.7725152969e+00
    1.1359376833e-02   -4.7704100609e+00
    1.1369884014e-02   -4.7680549622e+00
    1.1379428208e-02   -4.7658410072e+00
    1.1389653198e-02   -4.7633876801e+00
    1.1399879120e-02   -4.7608742714e+00
    1.1409422383e-02   -4.7584118843e+00
    1.1419648305e-02   -4.7556900978e+00
    1.1429873295e-02   -4.7529306412e+00
    1.1439338326e-02   -4.7503571510e+00
    1.1449484155e-02   -4.7475624084e+00
    1.1459806003e-02   -4.7446560860e+00
    1.1469349265e-02   -4.7419400215e+00
    1.1479943059e-02   -4.7389202118e+00
    1.1489583179e-02   -4.7361679077e+00
    1.1499223299e-02   -4.7334003448e+00
    1.1509827338e-02   -4.7303271294e+00
    1.1519467458e-02   -4.7275180817e+00
    1.1529692449e-02   -4.7245135307e+00
    1.1539721861e-02   -4.7215180397e+00
    1.1549185961e-02   -4.7186465263e+00
    1.1559790000e-02   -4.7153940201e+00
    1.1569430120e-02   -4.7124228477e+00
    1.1579070240e-02   -4.7094559669e+00
    1.1589674279e-02   -4.7062005997e+00
    1.1599314399e-02   -4.7032394409e+00
    1.1609987356e-02   -4.6999583244e+00
    1.1619530618e-02   -4.6970310211e+00
    1.1629824527e-02   -4.6939272881e+00
    1.1639368720e-02   -4.6910657883e+00
    1.1649593711e-02   -4.6880021095e+00
    1.1659819633e-02   -4.6848535538e+00
    1.1669362895e-02   -4.6817855835e+00
    1.1679800227e-02   -4.6784796715e+00
    1.1689343490e-02   -4.6755290031e+00
    1.1699207127e-02   -4.6724958420e+00
    1.1709811166e-02   -4.6692752838e+00
    1.1719451286e-02   -4.6663603783e+00
    1.1729091406e-02   -4.6634521484e+00
    1.1739930138e-02   -4.6602134705e+00
    1.1749473400e-02   -4.6573982239e+00
    1.1759736575e-02   -4.6543993950e+00
    1.1769376695e-02   -4.6516427994e+00
    1.1779980734e-02   -4.6486721039e+00
    1.1789620854e-02   -4.6460347176e+00
    1.1799260974e-02   -4.6434359550e+00
    1.1809865013e-02   -4.6405758858e+00
    1.1819477193e-02   -4.6379804611e+00
    1.1829884723e-02   -4.6351733208e+00
    1.1839524843e-02   -4.6325745583e+00
    1.1849846691e-02   -4.6298012733e+00
    1.1859390885e-02   -4.6272473335e+00
    1.1869615875e-02   -4.6244983673e+00
    1.1879841797e-02   -4.6217188835e+00
    1.1889423244e-02   -4.6190967560e+00
    1.1899063364e-02   -4.6164627075e+00
    1.1909667403e-02   -4.6135630608e+00
    1.1919307522e-02   -4.6109013557e+00
    1.1929911561e-02   -4.6079368591e+00
    1.1939950287e-02   -4.6050972939e+00
    1.1949494481e-02   -4.6023764610e+00
    1.1959719472e-02   -4.5994338989e+00
    1.1969945394e-02   -4.5964651108e+00
    1.1979488656e-02   -4.5936694145e+00
    1.1989714578e-02   -4.5906448364e+00
    1.1999939568e-02   -4.5875854492e+00
    1.2009483762e-02   -4.5847024918e+00
    1.2019708753e-02   -4.5815949440e+00
    1.2029934675e-02   -4.5784578323e+00
    1.2039477937e-02   -4.5755009651e+00
    1.2049703859e-02   -4.5723142624e+00
    1.2059928849e-02   -4.5691242218e+00
    1.2069473043e-02   -4.5661416054e+00
    1.2079698034e-02   -4.5629343987e+00
    1.2089727446e-02   -4.5597834587e+00
    1.2099952437e-02   -4.5565600395e+00
    1.2109496631e-02   -4.5535244942e+00
    1.2119721621e-02   -4.5502548218e+00
    1.2129947543e-02   -4.5469703674e+00
    1.2139490806e-02   -4.5438823700e+00
    1.2149716727e-02   -4.5405673981e+00
    1.2159941718e-02   -4.5372486115e+00
    1.2169485912e-02   -4.5341382027e+00
    1.2179710902e-02   -4.5307974815e+00
    1.2189936824e-02   -4.5274562836e+00
    1.2199480087e-02   -4.5243473053e+00
    1.2209706008e-02   -4.5210433006e+00
    1.2219930999e-02   -4.5177774429e+00
    1.2229475193e-02   -4.5147542953e+00
    1.2239700183e-02   -4.5115313530e+00
    1.2249926105e-02   -4.5083279610e+00
    1.2259469368e-02   -4.5053582191e+00
    1.2269695289e-02   -4.5021810532e+00
    1.2279920280e-02   -4.4989857674e+00
    1.2289464474e-02   -4.4959793091e+00
    1.2299689464e-02   -4.4927372932e+00
    1.2309915386e-02   -4.4894933701e+00
    1.2319458649e-02   -4.4864797592e+00
    1.2329684570e-02   -4.4832496643e+00
    1.2339909561e-02   -4.4799933434e+00
    1.2349453755e-02   -4.4769215584e+00
    1.2359678745e-02   -4.4735956192e+00
    1.2369904667e-02   -4.4702506065e+00
    1.2379447930e-02   -4.4671211243e+00
    1.2389673851e-02   -4.4637579918e+00
    1.2399898842e-02   -4.4603800774e+00
    1.2409443036e-02   -4.4572095871e+00
    1.2419668026e-02   -4.4537940025e+00
    1.2429893948e-02   -4.4503512383e+00
    1.2439437211e-02   -4.4471011162e+00
    1.2449631467e-02   -4.4435839653e+00
    1.2459271587e-02   -4.4402260780e+00
    1.2469992973e-02   -4.4364519119e+00
    1.2479536235e-02   -4.4330463409e+00
    1.2489762157e-02   -4.4293398857e+00
    1.2499987148e-02   -4.4255747795e+00
    1.2509451248e-02   -4.4220438004e+00
    1.2519091368e-02   -4.4184098244e+00
    1.2529695407e-02   -4.4143638611e+00
    1.2539852411e-02   -4.4104223251e+00
    1.2549395673e-02   -4.4066519737e+00
    1.2559621595e-02   -4.4025268555e+00
    1.2569846585e-02   -4.3983302116e+00
    1.2579390779e-02   -4.3943758011e+00
    1.2589615770e-02   -4.3901166916e+00
    1.2599841692e-02   -4.3858089447e+00
    1.2609384954e-02   -4.3817110062e+00
    1.2619610876e-02   -4.3772358894e+00
    1.2629835866e-02   -4.3726682663e+00
    1.2639380060e-02   -4.3683362007e+00
    1.2649605051e-02   -4.3636612892e+00
    1.2659830973e-02   -4.3589677811e+00
    1.2669374235e-02   -4.3545632362e+00
    1.2679600157e-02   -4.3497967720e+00
    1.2689825147e-02   -4.3449802399e+00
    1.2699369341e-02   -4.3404388428e+00
    1.2709594332e-02   -4.3354916573e+00
    1.2719820254e-02   -4.3304591179e+00
    1.2729363516e-02   -4.3257069588e+00
    1.2739589438e-02   -4.3205676079e+00
    1.2749814428e-02   -4.3154053688e+00
    1.2759358622e-02   -4.3105940819e+00
    1.2769583613e-02   -4.3054437637e+00
    1.2779809535e-02   -4.3002729416e+00
    1.2789352797e-02   -4.2954263687e+00
    1.2799578719e-02   -4.2902212143e+00
    1.2809803709e-02   -4.2850084305e+00
    1.2819347903e-02   -4.2801342010e+00
    1.2829572894e-02   -4.2749013901e+00
    1.2839798816e-02   -4.2696566582e+00
    1.2849342078e-02   -4.2647395134e+00
    1.2859568000e-02   -4.2594370842e+00
    1.2869792990e-02   -4.2540988922e+00
    1.2879092246e-02   -4.2492156029e+00
    1.2889696285e-02   -4.2436432838e+00
    1.2899336405e-02   -4.2385897636e+00
    1.2909940444e-02   -4.2330002785e+00
    1.2919580564e-02   -4.2278809547e+00
    1.2929220684e-02   -4.2227330208e+00
    1.2939824723e-02   -4.2170457840e+00
    1.2949464843e-02   -4.2118883133e+00
    1.2959104963e-02   -4.2067565918e+00
    1.2969709001e-02   -4.2011322975e+00
    1.2979349121e-02   -4.1960277557e+00
    1.2989953160e-02   -4.1904163361e+00
    1.2999593280e-02   -4.1853265762e+00
    1.3009984046e-02   -4.1798543930e+00
    1.3019527309e-02   -4.1748299599e+00
    1.3029753231e-02   -4.1694459915e+00
    1.3039978221e-02   -4.1640639305e+00
    1.3049522415e-02   -4.1590452194e+00
    1.3058966026e-02   -4.1540999413e+00
    1.3069381937e-02   -4.1486749649e+00
    1.3079607859e-02   -4.1433477402e+00
    1.3089832850e-02   -4.1380047798e+00
    1.3099377044e-02   -4.1330103874e+00
    1.3109289110e-02   -4.1277980804e+00
    1.3119227253e-02   -4.1225681305e+00
    1.3129831292e-02   -4.1170082092e+00
    1.3139657676e-02   -4.1118493080e+00
    1.3149412349e-02   -4.1066904068e+00
    1.3159347698e-02   -4.1013884544e+00
    1.3169572689e-02   -4.0958943367e+00
    1.3179798611e-02   -4.0903744698e+00
    1.3189341873e-02   -4.0852384567e+00
    1.3199567795e-02   -4.0797562599e+00
    1.3209792785e-02   -4.0742621422e+00
    1.3219336979e-02   -4.0691199303e+00
    1.3229561970e-02   -4.0636062622e+00
    1.3239787892e-02   -4.0580973625e+00
    1.3249331154e-02   -4.0529665947e+00
    1.3259557076e-02   -4.0474858284e+00
    1.3269782066e-02   -4.0420322418e+00
    1.3279326260e-02   -4.0369753838e+00
    1.3289551251e-02   -4.0315756798e+00
    1.3299777173e-02   -4.0261788368e+00
    1.3309320435e-02   -4.0211453438e+00
    1.3319546357e-02   -4.0157523155e+00
    1.3329771347e-02   -4.0103654861e+00
    1.3339997269e-02   -4.0049967766e+00
    1.3349540532e-02   -4.0000119209e+00
    1.3359766454e-02   -3.9947044849e+00
    1.3369991444e-02   -3.9894337654e+00
    1.3379535638e-02   -3.9845452309e+00
    1.3389760628e-02   -3.9793324471e+00
    1.3399986550e-02   -3.9741377831e+00
    1.3409529813e-02   -3.9692883492e+00
    1.3419755735e-02   -3.9640810490e+00
    1.3429980725e-02   -3.9588725567e+00
    1.3439524919e-02   -3.9540276527e+00
    1.3449749909e-02   -3.9488623142e+00
    1.3459730893e-02   -3.9438338280e+00
    1.3469371013e-02   -3.9389779568e+00
    1.3479692861e-02   -3.9337797165e+00
    1.3489917852e-02   -3.9286253452e+00
    1.3499462046e-02   -3.9238247871e+00
    1.3509772718e-02   -3.9186627865e+00
    1.3519412838e-02   -3.9138433933e+00
    1.3529734686e-02   -3.9086802006e+00
    1.3539960608e-02   -3.9035797119e+00
    1.3549503870e-02   -3.8988525867e+00
    1.3559815474e-02   -3.8937795162e+00
    1.3569874689e-02   -3.8888475895e+00
    1.3579319231e-02   -3.8842201233e+00
    1.3589356095e-02   -3.8793182373e+00
    1.3599690050e-02   -3.8743004799e+00
    1.3609915972e-02   -3.8693540096e+00
    1.3619145378e-02   -3.8648962975e+00
    1.3629750349e-02   -3.8597874641e+00
    1.3639975339e-02   -3.8548572063e+00
    1.3649322093e-02   -3.8503394127e+00
    1.3659927063e-02   -3.8452346325e+00
    1.3669566251e-02   -3.8406066895e+00
    1.3679206371e-02   -3.8359780312e+00
    1.3689996675e-02   -3.8308134079e+00
    1.3699612580e-02   -3.8261981010e+00
    1.3709424064e-02   -3.8214659691e+00
    1.3719064184e-02   -3.8168191910e+00
    1.3729668222e-02   -3.8117117882e+00
    1.3739859685e-02   -3.8068420887e+00
    1.3749499805e-02   -3.8022744656e+00
    1.3759139925e-02   -3.7977046967e+00
    1.3769743964e-02   -3.7926552296e+00
    1.3779683039e-02   -3.7878954411e+00
    1.3789323159e-02   -3.7832565308e+00
    1.3799059205e-02   -3.7785656452e+00
    1.3809664175e-02   -3.7734580040e+00
    1.3819489628e-02   -3.7687234879e+00
    1.3829353265e-02   -3.7639653683e+00
    1.3839957304e-02   -3.7588586807e+00
    1.3849597424e-02   -3.7542283535e+00
    1.3859237544e-02   -3.7495923042e+00
    1.3869841583e-02   -3.7444941998e+00
    1.3879481703e-02   -3.7398405075e+00
    1.3889121823e-02   -3.7351438999e+00
    1.3899725862e-02   -3.7299408913e+00
    1.3909365982e-02   -3.7251822948e+00
    1.3919970021e-02   -3.7199242115e+00
    1.3929610141e-02   -3.7151415348e+00
    1.3939250261e-02   -3.7103588581e+00
    1.3949572109e-02   -3.7052297592e+00
    1.3959798031e-02   -3.7001278400e+00
    1.3969341293e-02   -3.6953334808e+00
    1.3979567215e-02   -3.6901698112e+00
    1.3989995234e-02   -3.6848874092e+00
    1.3999635354e-02   -3.6800103188e+00
    1.4009275474e-02   -3.6751432419e+00
    1.4019879512e-02   -3.6697716713e+00
    1.4029519632e-02   -3.6648733616e+00
    1.4039159752e-02   -3.6599612236e+00
    1.4049763791e-02   -3.6545410156e+00
    1.4059403911e-02   -3.6496062279e+00
    1.4069044031e-02   -3.6446640491e+00
    1.4079648070e-02   -3.6392197609e+00
    1.4089288190e-02   -3.6342639923e+00
    1.4099892229e-02   -3.6288034916e+00
    1.4109532349e-02   -3.6238317490e+00
    1.4119757339e-02   -3.6185441017e+00
    1.4129903167e-02   -3.6132693291e+00
    1.4139543287e-02   -3.6082406044e+00
    1.4149817638e-02   -3.6028606892e+00
    1.4159360901e-02   -3.5978267193e+00
    1.4169586822e-02   -3.5924170017e+00
    1.4179215766e-02   -3.5873186588e+00
    1.4189819805e-02   -3.5816948414e+00
    1.4199459925e-02   -3.5765807629e+00
    1.4209904708e-02   -3.5710432529e+00
    1.4219496399e-02   -3.5659623146e+00
    1.4229360037e-02   -3.5607185364e+00
    1.4239965007e-02   -3.5550634861e+00
    1.4249605127e-02   -3.5499224663e+00
    1.4259244315e-02   -3.5447731018e+00
    1.4269849285e-02   -3.5391228199e+00
    1.4279488474e-02   -3.5339968204e+00
    1.4289808460e-02   -3.5284922123e+00
    1.4299850911e-02   -3.5231127739e+00
    1.4309326187e-02   -3.5180344582e+00
    1.4319754206e-02   -3.5124261379e+00
    1.4329394326e-02   -3.5072312355e+00
    1.4339998364e-02   -3.5015316010e+00
    1.4349638484e-02   -3.4963328838e+00
    1.4359278604e-02   -3.4911265373e+00
    1.4369882643e-02   -3.4854094982e+00
    1.4379591681e-02   -3.4801733494e+00
    1.4389903285e-02   -3.4746053219e+00
    1.4399777167e-02   -3.4692797661e+00
    1.4409321360e-02   -3.4641332626e+00
    1.4419632033e-02   -3.4585616589e+00
    1.4429272152e-02   -3.4533720016e+00
    1.4439429156e-02   -3.4479057789e+00
    1.4449865557e-02   -3.4422609806e+00
    1.4459448867e-02   -3.4370677471e+00
    1.4469088987e-02   -3.4318411350e+00
    1.4479693025e-02   -3.4260659218e+00
    1.4489333145e-02   -3.4208018780e+00
    1.4499937184e-02   -3.4150097370e+00
    1.4509577304e-02   -3.4097316265e+00
    1.4519217424e-02   -3.4044425488e+00
    1.4529408887e-02   -3.3988425732e+00
    1.4539144002e-02   -3.3934936523e+00
    1.4549843036e-02   -3.3876338005e+00
    1.4559483156e-02   -3.3823637962e+00
    1.4569123276e-02   -3.3770930767e+00
    1.4579727314e-02   -3.3712940216e+00
    1.4589367434e-02   -3.3660109043e+00
    1.4599971473e-02   -3.3601882458e+00
    1.4609515667e-02   -3.3549513817e+00
    1.4619740658e-02   -3.3493492603e+00
    1.4629934914e-02   -3.3437857628e+00
    1.4639575034e-02   -3.3385438919e+00
    1.4649215154e-02   -3.3333024979e+00
    1.4659819193e-02   -3.3275461197e+00
    1.4669459313e-02   -3.3223323822e+00
    1.4679333195e-02   -3.3169915676e+00
    1.4689627104e-02   -3.3114051819e+00
    1.4699071646e-02   -3.3062751293e+00
    1.4709675685e-02   -3.3005471230e+00
    1.4719448984e-02   -3.2952966690e+00
    1.4729674906e-02   -3.2898318768e+00
    1.4739606529e-02   -3.2845566273e+00
    1.4749894850e-02   -3.2791237831e+00
    1.4759627171e-02   -3.2739999294e+00
    1.4769359492e-02   -3.2688746452e+00
    1.4779740945e-02   -3.2634365559e+00
    1.4789856039e-02   -3.2581706047e+00
    1.4799496159e-02   -3.2531738281e+00
    1.4809604734e-02   -3.2479681969e+00
    1.4819829725e-02   -3.2427196503e+00
    1.4829373918e-02   -3.2378444672e+00
    1.4839598909e-02   -3.2326378822e+00
    1.4849824831e-02   -3.2274200916e+00
    1.4859736897e-02   -3.2223699093e+00
    1.4869377017e-02   -3.2174930573e+00
    1.4879981056e-02   -3.2121584415e+00
    1.4889361337e-02   -3.2074496746e+00
    1.4899741858e-02   -3.2022342682e+00
    1.4909474179e-02   -3.1973383427e+00
    1.4919552952e-02   -3.1922762394e+00
    1.4929193072e-02   -3.1874554157e+00
    1.4939797111e-02   -3.1821801662e+00
    1.4949437231e-02   -3.1774044037e+00
    1.4959827997e-02   -3.1722733974e+00
    1.4969371259e-02   -3.1675496101e+00
    1.4979597181e-02   -3.1624701023e+00
    1.4989822172e-02   -3.1573956013e+00
    1.4999803156e-02   -3.1524610519e+00
    1.5009443276e-02   -3.1477251053e+00
    1.5019083396e-02   -3.1430237293e+00
    1.5029522590e-02   -3.1379480362e+00
    1.5039747581e-02   -3.1329772472e+00
    1.5049728565e-02   -3.1281154156e+00
    1.5059368685e-02   -3.1234102249e+00
    1.5069972724e-02   -3.1182363033e+00
    1.5079612844e-02   -3.1135425568e+00
    1.5089252964e-02   -3.1088750362e+00
    1.5099857002e-02   -3.1037683487e+00
    1.5109497122e-02   -3.0991301537e+00
    1.5119137242e-02   -3.0944900513e+00
    1.5129741281e-02   -3.0893878937e+00
    1.5139381401e-02   -3.0847558975e+00
    1.5149985440e-02   -3.0796728134e+00
    1.5159625560e-02   -3.0750656128e+00
    1.5169265680e-02   -3.0704705715e+00
    1.5179869719e-02   -3.0654249191e+00
    1.5189509839e-02   -3.0608406067e+00
    1.5199953690e-02   -3.0558741093e+00
    1.5209388919e-02   -3.0513889790e+00
    1.5219992958e-02   -3.0463461876e+00
    1.5229633078e-02   -3.0417578220e+00
    1.5239273198e-02   -3.0371737480e+00
    1.5249877237e-02   -3.0321309566e+00
    1.5259517357e-02   -3.0275444984e+00
    1.5269157477e-02   -3.0229604244e+00
    1.5279761516e-02   -3.0179228783e+00
    1.5289401636e-02   -3.0133488178e+00
    1.5299041755e-02   -3.0087807178e+00
    1.5309943818e-02   -3.0036227703e+00
    1.5319583938e-02   -2.9990732670e+00
    1.5329224057e-02   -2.9945330620e+00
    1.5339828096e-02   -2.9895441532e+00
    1.5349468216e-02   -2.9850118160e+00
    1.5359108336e-02   -2.9804811478e+00
    1.5369781293e-02   -2.9754667282e+00
    1.5379325487e-02   -2.9709770679e+00
    1.5389550477e-02   -2.9661643505e+00
    1.5399776399e-02   -2.9613599777e+00
    1.5409319662e-02   -2.9568808079e+00
    1.5419545583e-02   -2.9520893097e+00
    1.5429981984e-02   -2.9472107887e+00
    1.5439153649e-02   -2.9429340363e+00
    1.5449092723e-02   -2.9383144379e+00
    1.5459696762e-02   -2.9333896637e+00
    1.5469336882e-02   -2.9289090633e+00
    1.5479893424e-02   -2.9240155220e+00
    1.5489436686e-02   -2.9195840359e+00
    1.5499662608e-02   -2.9148249626e+00
    1.5509887598e-02   -2.9100828171e+00
    1.5519431792e-02   -2.9056775570e+00
    1.5529656783e-02   -2.9009759426e+00
    1.5539882705e-02   -2.8962852955e+00
    1.5549493954e-02   -2.8918771744e+00
    1.5559902415e-02   -2.8871035576e+00
    1.5569542535e-02   -2.8826878071e+00
    1.5579182655e-02   -2.8782749176e+00
    1.5589786693e-02   -2.8734290600e+00
    1.5599426813e-02   -2.8690352440e+00
    1.5609066933e-02   -2.8646414280e+00
    1.5619670972e-02   -2.8598029613e+00
    1.5629310161e-02   -2.8554046154e+00
    1.5639914200e-02   -2.8505716324e+00
    1.5649555251e-02   -2.8461866379e+00
    1.5659287572e-02   -2.8417694569e+00
    1.5669891611e-02   -2.8369684219e+00
    1.5679532662e-02   -2.8326084614e+00
    1.5689171851e-02   -2.8282566071e+00
    1.5699615702e-02   -2.8235528469e+00
    1.5709256753e-02   -2.8192238808e+00
    1.5719860792e-02   -2.8144853115e+00
    1.5729499981e-02   -2.8102023602e+00
    1.5739141032e-02   -2.8059370518e+00
    1.5749745071e-02   -2.8012616634e+00
    1.5759384260e-02   -2.7970304489e+00
    1.5769941732e-02   -2.7924189568e+00
    1.5779303387e-02   -2.7883467674e+00
    1.5789907426e-02   -2.7837505341e+00
    1.5799501911e-02   -2.7796108723e+00
    1.5809826553e-02   -2.7751801014e+00
    1.5819465742e-02   -2.7710716724e+00
    1.5829691663e-02   -2.7667455673e+00
    1.5839917585e-02   -2.7624480724e+00
    1.5849461779e-02   -2.7584631443e+00
    1.5859160572e-02   -2.7544302940e+00
    1.5869626775e-02   -2.7501053810e+00
    1.5879383311e-02   -2.7461111546e+00
    1.5889609233e-02   -2.7419588566e+00
    1.5899833292e-02   -2.7378377914e+00
    1.5909377486e-02   -2.7340197563e+00
    1.5919603407e-02   -2.7299437523e+00
    1.5929829329e-02   -2.7258870602e+00
    1.5939371660e-02   -2.7221434116e+00
    1.5949597582e-02   -2.7181968689e+00
    1.5959823504e-02   -2.7143113613e+00
    1.5969367698e-02   -2.7107236385e+00
    1.5979591757e-02   -2.7069127560e+00
    1.5989817679e-02   -2.7031414509e+00
    1.5999361873e-02   -2.6996643543e+00
    1.6009587795e-02   -2.6959815025e+00
    1.6019811854e-02   -2.6923418045e+00
    1.6029356048e-02   -2.6889910698e+00
    1.6039581969e-02   -2.6854484081e+00
    1.6049807891e-02   -2.6819419861e+00
    1.6059350222e-02   -2.6786992550e+00
    1.6069576144e-02   -2.6752686501e+00
    1.6079669818e-02   -2.6719329357e+00
    1.6089402139e-02   -2.6687622070e+00
    1.6099628061e-02   -2.6654756069e+00
    1.6109853983e-02   -2.6622345448e+00
    1.6119608656e-02   -2.6591823101e+00
    1.6129991040e-02   -2.6559801102e+00
    1.6139535233e-02   -2.6530845165e+00
    1.6149759293e-02   -2.6500246525e+00
    1.6159985214e-02   -2.6470081806e+00
    1.6169529408e-02   -2.6442186832e+00
    1.6179753467e-02   -2.6412503719e+00
    1.6189979389e-02   -2.6383206844e+00
    1.6199523583e-02   -2.6356308460e+00
    1.6209749505e-02   -2.6327922344e+00
    1.6219973564e-02   -2.6299912930e+00
    1.6229517758e-02   -2.6274077892e+00
    1.6239743680e-02   -2.6246750355e+00
    1.6249969602e-02   -2.6219806671e+00
    1.6259511933e-02   -2.6194984913e+00
    1.6269737855e-02   -2.6168737411e+00
    1.6279963776e-02   -2.6142866611e+00
    1.6289507970e-02   -2.6119065285e+00
    1.6299732029e-02   -2.6093907356e+00
    1.6309957951e-02   -2.6069095135e+00
    1.6319502145e-02   -2.6046285629e+00
    1.6329728067e-02   -2.6022255421e+00
    1.6339952126e-02   -2.5998613834e+00
    1.6349496320e-02   -2.5976862907e+00
    1.6359722242e-02   -2.5953888893e+00
    1.6369948164e-02   -2.5931229591e+00
    1.6379490495e-02   -2.5910346508e+00
    1.6389716417e-02   -2.5888283253e+00
    1.6399942338e-02   -2.5866587162e+00
    1.6409486532e-02   -2.5846669674e+00
    1.6419710591e-02   -2.5825650692e+00
    1.6429936513e-02   -2.5804958344e+00
    1.6439480707e-02   -2.5785944462e+00
    1.6449706629e-02   -2.5765888691e+00
    1.6459930688e-02   -2.5746152401e+00
    1.6469474882e-02   -2.5728013515e+00
    1.6479767859e-02   -2.5708749294e+00
    1.6489563510e-02   -2.5690712929e+00
    1.6499789432e-02   -2.5672185421e+00
    1.6509333625e-02   -2.5655128956e+00
    1.6519559547e-02   -2.5637140274e+00
    1.6529822722e-02   -2.5619339943e+00
    1.6539461911e-02   -2.5602769852e+00
    1.6549102962e-02   -2.5586347580e+00
    1.6559492797e-02   -2.5568797588e+00
    1.6569718719e-02   -2.5551657677e+00
    1.6579942778e-02   -2.5534636974e+00
    1.6589486971e-02   -2.5518865585e+00
    1.6599712893e-02   -2.5502152443e+00
    1.6609624028e-02   -2.5486199856e+00
    1.6619265079e-02   -2.5470967293e+00
    1.6629537567e-02   -2.5454971790e+00
    1.6639763489e-02   -2.5439143181e+00
    1.6649376601e-02   -2.5424304008e+00
    1.6659818590e-02   -2.5408251286e+00
    1.6669457778e-02   -2.5393555164e+00
    1.6679098830e-02   -2.5378987789e+00
    1.6689419746e-02   -2.5363521576e+00
    1.6699645668e-02   -2.5348246098e+00
    1.6709871590e-02   -2.5332851410e+00
    1.6719100997e-02   -2.5318927765e+00
    1.6729608178e-02   -2.5303249359e+00
    1.6739834100e-02   -2.5288093090e+00
    1.6749378294e-02   -2.5273966789e+00
    1.6759604216e-02   -2.5258784294e+00
    1.6769828275e-02   -2.5243444443e+00
    1.6779128462e-02   -2.5229427814e+00
    1.6789732501e-02   -2.5213534832e+00
    1.6799606383e-02   -2.5198848248e+00
    1.6809832305e-02   -2.5183637142e+00
    1.6819374636e-02   -2.5169415474e+00
    1.6829637811e-02   -2.5154128075e+00
    1.6839278862e-02   -2.5139729977e+00
    1.6849882901e-02   -2.5123932362e+00
    1.6859157011e-02   -2.5110180378e+00
    1.6868889332e-02   -2.5095834732e+00
    1.6879839823e-02   -2.5079789162e+00
    1.6889574006e-02   -2.5065557957e+00
    1.6899306327e-02   -2.5051379204e+00
    1.6909040511e-02   -2.5037255287e+00
    1.6919989139e-02   -2.5021436214e+00
    1.6929723322e-02   -2.5007467270e+00
    1.6939455643e-02   -2.4993596077e+00
    1.6949187964e-02   -2.4979841709e+00
    1.6958922148e-02   -2.4966163635e+00
    1.6969870776e-02   -2.4950702190e+00
    1.6979604959e-02   -2.4936830997e+00
    1.6989337280e-02   -2.4922931194e+00
    1.6999069601e-02   -2.4909098148e+00
    1.7008801922e-02   -2.4895379543e+00
    1.7019752413e-02   -2.4880096912e+00
    1.7029484734e-02   -2.4866650105e+00
    1.7039217055e-02   -2.4853332043e+00
    1.7048951238e-02   -2.4840083122e+00
    1.7059899867e-02   -2.4825153351e+00
    1.7069632187e-02   -2.4811871052e+00
    1.7079364508e-02   -2.4798655510e+00
    1.7089096829e-02   -2.4785535336e+00
    1.7098829150e-02   -2.4772505760e+00
    1.7109779641e-02   -2.4757962227e+00
    1.7119850963e-02   -2.4744651318e+00
    1.7129957676e-02   -2.4731259346e+00
    1.7139771953e-02   -2.4718222618e+00
    1.7149383202e-02   -2.4705517292e+00
    1.7159631476e-02   -2.4692018032e+00
    1.7169510946e-02   -2.4679052830e+00
    1.7179191113e-02   -2.4666430950e+00
    1.7189692706e-02   -2.4652786255e+00
    1.7199996859e-02   -2.4639496803e+00
    1.7209358513e-02   -2.4627509117e+00
    1.7219450325e-02   -2.4614665508e+00
    1.7229806632e-02   -2.4601671696e+00
    1.7239538953e-02   -2.4589650631e+00
    1.7249271274e-02   -2.4577813148e+00
    1.7259884626e-02   -2.4565017223e+00
    1.7269497737e-02   -2.4553422928e+00
    1.7279399559e-02   -2.4541568756e+00
    1.7289131880e-02   -2.4530141354e+00
    1.7299322411e-02   -2.4518392086e+00
    1.7309926450e-02   -2.4506440163e+00
    1.7319567502e-02   -2.4495882988e+00
    1.7329206690e-02   -2.4485504627e+00
    1.7339145765e-02   -2.4474861622e+00
    1.7348878086e-02   -2.4464504719e+00
    1.7359826714e-02   -2.4453027248e+00
    1.7369559035e-02   -2.4443023205e+00
    1.7379291356e-02   -2.4433252811e+00
    1.7389023677e-02   -2.4423778057e+00
    1.7399972305e-02   -2.4413514137e+00
    1.7409704626e-02   -2.4404747486e+00
    1.7419159412e-02   -2.4396505356e+00
    1.7429251224e-02   -2.4387948513e+00
    1.7439343035e-02   -2.4379603863e+00
    1.7449667677e-02   -2.4371287823e+00
    1.7459308729e-02   -2.4363701344e+00
    1.7469912767e-02   -2.4355528355e+00
    1.7479551956e-02   -2.4348251820e+00
    1.7489193007e-02   -2.4341142178e+00
    1.7499797046e-02   -2.4333555698e+00
    1.7509987578e-02   -2.4326539040e+00
    1.7519719899e-02   -2.4320118427e+00
    1.7529452220e-02   -2.4313986301e+00
    1.7539476976e-02   -2.4307935238e+00
    1.7549702898e-02   -2.4301993847e+00
    1.7559928820e-02   -2.4296238422e+00
    1.7569473013e-02   -2.4291028976e+00
    1.7578907311e-02   -2.4286065102e+00
    1.7589855939e-02   -2.4280614853e+00
    1.7599588260e-02   -2.4276087284e+00
    1.7609320581e-02   -2.4271850586e+00
    1.7619052902e-02   -2.4267885685e+00
    1.7628785223e-02   -2.4264128208e+00
    1.7639733851e-02   -2.4260089397e+00
    1.7649466172e-02   -2.4256677628e+00
    1.7659198493e-02   -2.4253466129e+00
    1.7668930814e-02   -2.4250473976e+00
    1.7679879442e-02   -2.4247376919e+00
    1.7689611763e-02   -2.4244892597e+00
    1.7699342221e-02   -2.4242687225e+00
    1.7709380016e-02   -2.4240713120e+00
    1.7719458789e-02   -2.4239039421e+00
    1.7729684711e-02   -2.4237666130e+00
    1.7739908770e-02   -2.4236631393e+00
    1.7749235034e-02   -2.4235975742e+00
    1.7759326845e-02   -2.4235582352e+00
    1.7769418657e-02   -2.4235472679e+00
    1.7779603601e-02   -2.4235513210e+00
    1.7789229751e-02   -2.4235675335e+00
    1.7798962072e-02   -2.4236052036e+00
    1.7809910700e-02   -2.4236793518e+00
    1.7819549888e-02   -2.4237689972e+00
    1.7828823999e-02   -2.4238743782e+00
    1.7839772627e-02   -2.4240183830e+00
    1.7849918455e-02   -2.4241678715e+00
    1.7859557644e-02   -2.4243283272e+00
    1.7869794741e-02   -2.4245238304e+00
    1.7879873514e-02   -2.4247448444e+00
    1.7889067531e-02   -2.4249703884e+00
    1.7898799852e-02   -2.4252336025e+00
    1.7909748480e-02   -2.4255590439e+00
    1.7919737846e-02   -2.4258804321e+00
    1.7928855494e-02   -2.4261932373e+00
    1.7939617857e-02   -2.4265861511e+00
    1.7949869856e-02   -2.4269816875e+00
    1.7959624529e-02   -2.4273748398e+00
    1.7969919369e-02   -2.4278039932e+00
    1.7979700118e-02   -2.4282236099e+00
    1.7989629880e-02   -2.4286603928e+00
    1.7999311909e-02   -2.4290981293e+00
    1.8009589985e-02   -2.4295771122e+00
    1.8019814044e-02   -2.4300734997e+00
    1.8029689789e-02   -2.4305727482e+00
    1.8039422110e-02   -2.4310839176e+00
    1.8049154431e-02   -2.4316101074e+00
    1.8059533089e-02   -2.4321823120e+00
    1.8069569021e-02   -2.4327442646e+00
    1.8079301342e-02   -2.4332966805e+00
    1.8089439720e-02   -2.4338824749e+00
    1.8099820241e-02   -2.4344925880e+00
    1.8109869212e-02   -2.4350855350e+00
    1.8119601533e-02   -2.4356601238e+00
    1.8129333854e-02   -2.4362397194e+00
    1.8139066175e-02   -2.4368259907e+00
    1.8148798496e-02   -2.4374160767e+00
    1.8159747124e-02   -2.4380850792e+00
    1.8169479445e-02   -2.4386844635e+00
    1.8179211766e-02   -2.4392862320e+00
    1.8188942224e-02   -2.4398937225e+00
    1.8199892715e-02   -2.4405908585e+00
    1.8209625036e-02   -2.4412262440e+00
    1.8219357356e-02   -2.4418764114e+00
    1.8229089677e-02   -2.4425408840e+00
    1.8238821998e-02   -2.4432194233e+00
    1.8249770626e-02   -2.4439980984e+00
    1.8259502947e-02   -2.4447026253e+00
    1.8269235268e-02   -2.4454169273e+00
    1.8278967589e-02   -2.4461393356e+00
    1.8289916217e-02   -2.4469599724e+00
    1.8299648538e-02   -2.4476962090e+00
    1.8309380859e-02   -2.4484391212e+00
    1.8319113180e-02   -2.4491901398e+00
    1.8328845501e-02   -2.4499514103e+00
    1.8339794129e-02   -2.4508218765e+00
    1.8349526450e-02   -2.4516096115e+00
    1.8359258771e-02   -2.4524099827e+00
    1.8368991092e-02   -2.4532222748e+00
    1.8379941583e-02   -2.4541487694e+00
    1.8389673904e-02   -2.4549818039e+00
    1.8399406224e-02   -2.4558224678e+00
    1.8409138545e-02   -2.4566700459e+00
    1.8418870866e-02   -2.4575254917e+00
    1.8429819494e-02   -2.4585003853e+00
    1.8439553678e-02   -2.4593799114e+00
    1.8449285999e-02   -2.4602718353e+00
    1.8459018320e-02   -2.4611747265e+00
    1.8469966948e-02   -2.4622006416e+00
    1.8479699269e-02   -2.4631178379e+00
    1.8489433452e-02   -2.4640376568e+00
    1.8499165773e-02   -2.4649600983e+00
    1.8508898094e-02   -2.4658861160e+00
    1.8519846722e-02   -2.4669339657e+00
    1.8529580906e-02   -2.4678726196e+00
    1.8539313227e-02   -2.4688189030e+00
    1.8549045548e-02   -2.4697723389e+00
    1.8559996039e-02   -2.4708528519e+00
    1.8569728360e-02   -2.4718189240e+00
    1.8579460680e-02   -2.4727914333e+00
    1.8589194864e-02   -2.4737708569e+00
    1.8598927185e-02   -2.4747574329e+00
    1.8609877676e-02   -2.4758763313e+00
    1.8619609997e-02   -2.4768784046e+00
    1.8629342318e-02   -2.4778876305e+00
    1.8639076501e-02   -2.4789049625e+00
    1.8648808822e-02   -2.4799313545e+00
    1.8659759313e-02   -2.4810979366e+00
    1.8669491634e-02   -2.4821472168e+00
    1.8679225817e-02   -2.4832081795e+00
    1.8688958138e-02   -2.4842815399e+00
    1.8699908629e-02   -2.4855046272e+00
    1.8709640950e-02   -2.4866063595e+00
    1.8719375134e-02   -2.4877231121e+00
    1.8729107454e-02   -2.4888551235e+00
    1.8738839775e-02   -2.4900026321e+00
    1.8749790266e-02   -2.4913115501e+00
    1.8759522587e-02   -2.4924905300e+00
    1.8769256771e-02   -2.4936866760e+00
    1.8779309466e-02   -2.4949455261e+00
    1.8789401278e-02   -2.4962360859e+00
    1.8799494952e-02   -2.4975504875e+00
    1.8809586763e-02   -2.4988830090e+00
    1.8819047138e-02   -2.5001482964e+00
    1.8829995766e-02   -2.5016303062e+00
    1.8839728087e-02   -2.5029602051e+00
    1.8849462271e-02   -2.5043063164e+00
    1.8859194592e-02   -2.5056705475e+00
    1.8868928775e-02   -2.5070526600e+00
    1.8879877403e-02   -2.5086324215e+00
    1.8889611587e-02   -2.5100569725e+00
    1.8899343908e-02   -2.5114979744e+00
    1.8909076229e-02   -2.5129554272e+00
    1.8918810412e-02   -2.5144286156e+00
    1.8929759040e-02   -2.5161054134e+00
    1.8939493224e-02   -2.5176126957e+00
    1.8949266523e-02   -2.5191419125e+00
    1.8959358335e-02   -2.5207417011e+00
    1.8969452009e-02   -2.5223639011e+00
    1.8979508430e-02   -2.5240027905e+00
    1.8989242613e-02   -2.5256087780e+00
    1.8998974934e-02   -2.5272300243e+00
    1.9009964541e-02   -2.5290813446e+00
    1.9019139931e-02   -2.5306468010e+00
    1.9028898329e-02   -2.5323321819e+00
    1.9039848819e-02   -2.5342471600e+00
    1.9049581140e-02   -2.5359692574e+00
    1.9059315324e-02   -2.5377094746e+00
    1.9069047645e-02   -2.5394666195e+00
    1.9079998136e-02   -2.5414676666e+00
    1.9089730456e-02   -2.5432729721e+00
    1.9099462777e-02   -2.5451025963e+00
    1.9109196961e-02   -2.5469541550e+00
    1.9118929282e-02   -2.5488264561e+00
    1.9129879773e-02   -2.5509567261e+00
    1.9139612094e-02   -2.5528733730e+00
    1.9149346277e-02   -2.5548110008e+00
    1.9159078598e-02   -2.5567684174e+00
    1.9168810919e-02   -2.5587463379e+00
    1.9179761410e-02   -2.5609967709e+00
    1.9189493731e-02   -2.5630202293e+00
    1.9199227914e-02   -2.5650637150e+00
    1.9208960235e-02   -2.5671260357e+00
    1.9219910726e-02   -2.5694663525e+00
    1.9229643047e-02   -2.5715639591e+00
    1.9239377230e-02   -2.5736780167e+00
    1.9249109551e-02   -2.5758101940e+00
    1.9258841872e-02   -2.5779623985e+00
    1.9269792363e-02   -2.5804071426e+00
    1.9279524684e-02   -2.5826003551e+00
    1.9289258868e-02   -2.5848104954e+00
    1.9298991188e-02   -2.5870394707e+00
    1.9309941679e-02   -2.5895752907e+00
    1.9319674000e-02   -2.5918550491e+00
    1.9329408184e-02   -2.5941538811e+00
    1.9339140505e-02   -2.5964684486e+00
    1.9348874688e-02   -2.5987997055e+00
    1.9359823316e-02   -2.6014440060e+00
    1.9369557500e-02   -2.6038172245e+00
    1.9379289821e-02   -2.6062123775e+00
    1.9389024004e-02   -2.6086232662e+00
    1.9399972633e-02   -2.6113462448e+00
    1.9409706816e-02   -2.6137757301e+00
    1.9419439137e-02   -2.6162211895e+00
    1.9429173321e-02   -2.6186850071e+00
    1.9438905641e-02   -2.6211655140e+00
    1.9449856132e-02   -2.6239745617e+00
    1.9459590316e-02   -2.6264851093e+00
    1.9469322637e-02   -2.6290032864e+00
    1.9479056820e-02   -2.6315274239e+00
    1.9488789141e-02   -2.6340601444e+00
    1.9499739632e-02   -2.6369216442e+00
    1.9509471953e-02   -2.6394805908e+00
    1.9519206136e-02   -2.6420552731e+00
    1.9528938457e-02   -2.6446418762e+00
    1.9539888948e-02   -2.6475589275e+00
    1.9549623132e-02   -2.6501572132e+00
    1.9559355453e-02   -2.6527657509e+00
    1.9569089636e-02   -2.6553876400e+00
    1.9578821957e-02   -2.6580240726e+00
    1.9589772448e-02   -2.6610074043e+00
    1.9599506631e-02   -2.6636717319e+00
    1.9609238952e-02   -2.6663436890e+00
    1.9618973136e-02   -2.6690216064e+00
    1.9629923627e-02   -2.6720449924e+00
    1.9639655948e-02   -2.6747446060e+00
    1.9649390131e-02   -2.6774570942e+00
    1.9659122452e-02   -2.6801803112e+00
    1.9668856636e-02   -2.6829106808e+00
    1.9679807127e-02   -2.6859872341e+00
    1.9689539447e-02   -2.6887252331e+00
    1.9699273631e-02   -2.6914677620e+00
    1.9709007815e-02   -2.6942160130e+00
    1.9719956443e-02   -2.6973168850e+00
    1.9729690626e-02   -2.7000808716e+00
    1.9739424810e-02   -2.7028503418e+00
    1.9749157131e-02   -2.7056226730e+00
    1.9758891314e-02   -2.7083954811e+00
    1.9769841805e-02   -2.7115144730e+00
    1.9779574126e-02   -2.7142877579e+00
    1.9789308310e-02   -2.7170634270e+00
    1.9799040630e-02   -2.7198421955e+00
    1.9809991121e-02   -2.7229714394e+00
    1.9819725305e-02   -2.7257559299e+00
    1.9829459488e-02   -2.7285420895e+00
    1.9839191809e-02   -2.7313287258e+00
    1.9848925993e-02   -2.7341153622e+00
    1.9859876484e-02   -2.7372510433e+00
    1.9869608805e-02   -2.7400393486e+00
    1.9879342988e-02   -2.7428283691e+00
    1.9889077172e-02   -2.7456192970e+00
    1.9898809493e-02   -2.7484118938e+00
    1.9909759983e-02   -2.7515549660e+00
    1.9919494167e-02   -2.7543482780e+00
    1.9929226488e-02   -2.7571394444e+00
    1.9938960671e-02   -2.7599287033e+00
    1.9949911162e-02   -2.7630646229e+00
    1.9959645346e-02   -2.7658510208e+00
    1.9969377667e-02   -2.7686350346e+00
    1.9979111850e-02   -2.7714159489e+00
    1.9988846034e-02   -2.7741956711e+00
    1.9999796525e-02   -2.7773232460e+00
    2.0009528846e-02   -2.7801029682e+00
    2.0019263029e-02   -2.7828814983e+00
    2.0028997213e-02   -2.7856600285e+00
    2.0039947703e-02   -2.7887861729e+00
    2.0049680024e-02   -2.7915637493e+00
    2.0059414208e-02   -2.7943410873e+00
    2.0069148391e-02   -2.7971198559e+00
    2.0078882575e-02   -2.7999007702e+00
    2.0089831203e-02   -2.8030285835e+00
    2.0099565387e-02   -2.8058073521e+00
    2.0109299570e-02   -2.8085849285e+00
    2.0119033754e-02   -2.8113627434e+00
    2.0129984245e-02   -2.8144884109e+00
    2.0139716566e-02   -2.8172678947e+00
    2.0149450749e-02   -2.8200473785e+00
    2.0159184933e-02   -2.8228256702e+00
    2.0168919116e-02   -2.8256027699e+00
    2.0179867744e-02   -2.8287250996e+00
    2.0189601928e-02   -2.8314993382e+00
    2.0199336112e-02   -2.8342730999e+00
    2.0209070295e-02   -2.8370473385e+00
    2.0218802616e-02   -2.8398215771e+00
    2.0229753107e-02   -2.8429417610e+00
    2.0239487290e-02   -2.8457152843e+00
    2.0249221474e-02   -2.8484892845e+00
    2.0258955657e-02   -2.8512654305e+00
    2.0269904286e-02   -2.8543913364e+00
    2.0279638469e-02   -2.8571727276e+00
    2.0289372653e-02   -2.8599567413e+00
    2.0299106836e-02   -2.8627426624e+00
    2.0308839157e-02   -2.8655314445e+00
    2.0319789648e-02   -2.8686726093e+00
    2.0329523832e-02   -2.8714690208e+00
    2.0339258015e-02   -2.8742699623e+00
    2.0348992199e-02   -2.8770759106e+00
    2.0359942690e-02   -2.8802380562e+00
    2.0369675010e-02   -2.8830535412e+00
    2.0379409194e-02   -2.8858740330e+00
    2.0389143378e-02   -2.8886995316e+00
    2.0398877561e-02   -2.8915305138e+00
    2.0409828052e-02   -2.8947222233e+00
    2.0419560373e-02   -2.8975658417e+00
    2.0429294556e-02   -2.9004168510e+00
    2.0439028740e-02   -2.9032757282e+00
    2.0449979231e-02   -2.9065022469e+00
    2.0459713414e-02   -2.9093804359e+00
    2.0469445735e-02   -2.9122684002e+00
    2.0479179919e-02   -2.9151659012e+00
    2.0488914102e-02   -2.9180722237e+00
    2.0499864593e-02   -2.9213514328e+00
    2.0509598777e-02   -2.9242749214e+00
    2.0519332960e-02   -2.9272065163e+00
    2.0529065281e-02   -2.9301459789e+00
    2.0538799465e-02   -2.9330942631e+00
    2.0549749956e-02   -2.9364216328e+00
    2.0559484139e-02   -2.9393885136e+00
    2.0569218323e-02   -2.9423630238e+00
    2.0578950644e-02   -2.9453451633e+00
    2.0589901134e-02   -2.9487092495e+00
    2.0599635318e-02   -2.9517076015e+00
    2.0609369501e-02   -2.9547135830e+00
    2.0619103685e-02   -2.9577279091e+00
    2.0628837869e-02   -2.9607505798e+00
    2.0639788359e-02   -2.9641611576e+00
    2.0649520680e-02   -2.9672012329e+00
    2.0659254864e-02   -2.9702494144e+00
    2.0668989047e-02   -2.9733059406e+00
    2.0679939538e-02   -2.9767534733e+00
    2.0689673722e-02   -2.9798250198e+00
    2.0699407905e-02   -2.9829051495e+00
    2.0709140226e-02   -2.9859950542e+00
    2.0718874410e-02   -2.9890933037e+00
    2.0729824901e-02   -2.9925858974e+00
    2.0739559084e-02   -2.9956963062e+00
    2.0749293268e-02   -2.9988124371e+00
    2.0759027451e-02   -3.0019335747e+00
    2.0769977942e-02   -3.0054500103e+00
    2.0779712126e-02   -3.0085813999e+00
    2.0789444447e-02   -3.0117197037e+00
    2.0799178630e-02   -3.0148658752e+00
    2.0808912814e-02   -3.0180199146e+00
    2.0819863304e-02   -3.0215785503e+00
    2.0829597488e-02   -3.0247507095e+00
    2.0839331672e-02   -3.0279300213e+00
    2.0849065855e-02   -3.0311148167e+00
    2.0858798176e-02   -3.0343043804e+00
    2.0869750530e-02   -3.0378973484e+00
    2.0879482850e-02   -3.0410954952e+00
    2.0889217034e-02   -3.0443000793e+00
    2.0898951218e-02   -3.0475144386e+00
    2.0909901708e-02   -3.0511436462e+00
    2.0919635892e-02   -3.0543789864e+00
    2.0929370075e-02   -3.0576217175e+00
    2.0939104259e-02   -3.0608708858e+00
    2.0948838443e-02   -3.0641257763e+00
    2.0959788933e-02   -3.0677957535e+00
    2.0969523117e-02   -3.0710668564e+00
    2.0979257300e-02   -3.0743472576e+00
    2.0988989621e-02   -3.0776369572e+00
    2.0999941975e-02   -3.0813488960e+00
    2.1009674296e-02   -3.0846576691e+00
    2.1019408479e-02   -3.0879738331e+00
    2.1029142663e-02   -3.0912959576e+00
    2.1038876846e-02   -3.0946238041e+00
    2.1049827337e-02   -3.0983729362e+00
    2.1059561521e-02   -3.1017107964e+00
    2.1069295704e-02   -3.1050534248e+00
    2.1079029888e-02   -3.1084012985e+00
    2.1089980379e-02   -3.1121726036e+00
    2.1099714562e-02   -3.1155288219e+00
    2.1109448746e-02   -3.1188881397e+00
    2.1119182929e-02   -3.1222491264e+00
    2.1128917113e-02   -3.1256103516e+00
    2.1139867604e-02   -3.1293919086e+00
    2.1149601787e-02   -3.1327545643e+00
    2.1159335971e-02   -3.1361191273e+00
    2.1169070154e-02   -3.1394870281e+00
    2.1178804338e-02   -3.1428582668e+00
    2.1189754829e-02   -3.1466550827e+00
    2.1199489012e-02   -3.1500315666e+00
    2.1209223196e-02   -3.1534078121e+00
    2.1218957379e-02   -3.1567823887e+00
    2.1229907870e-02   -3.1605765820e+00
    2.1239642054e-02   -3.1639485359e+00
    2.1249376237e-02   -3.1673204899e+00
    2.1259110421e-02   -3.1706931591e+00
    2.1268844604e-02   -3.1740653515e+00
    2.1279795095e-02   -3.1778557301e+00
    2.1289529279e-02   -3.1812186241e+00
    2.1299263462e-02   -3.1845734119e+00
    2.1308997646e-02   -3.1879191399e+00
    2.1319948137e-02   -3.1916720867e+00
    2.1329682320e-02   -3.1949987411e+00
    2.1339416504e-02   -3.1983180046e+00
    2.1349150687e-02   -3.2016305923e+00
    2.1358886734e-02   -3.2049365044e+00
    2.1369837224e-02   -3.2086474895e+00
    2.1379571408e-02   -3.2119431496e+00
    2.1389305592e-02   -3.2152397633e+00
    2.1399039775e-02   -3.2185318470e+00
    2.1409990266e-02   -3.2222135067e+00
    2.1419724450e-02   -3.2254526615e+00
    2.1429458633e-02   -3.2286598682e+00
    2.1439192817e-02   -3.2318444252e+00
    2.1448927000e-02   -3.2350268364e+00
    2.1459879354e-02   -3.2386369705e+00
    2.1469613537e-02   -3.2418854237e+00
    2.1479347721e-02   -3.2451636791e+00
    2.1489081904e-02   -3.2484567165e+00
    2.1498816088e-02   -3.2517502308e+00
    2.1509766579e-02   -3.2554392815e+00
    2.1519500762e-02   -3.2587010860e+00
    2.1529234946e-02   -3.2619550228e+00
    2.1538969129e-02   -3.2652108669e+00
    2.1549919620e-02   -3.2688832283e+00
    2.1559655666e-02   -3.2721562386e+00
    2.1569389850e-02   -3.2754316330e+00
    2.1579124033e-02   -3.2786989212e+00
    2.1588858217e-02   -3.2819495201e+00
    2.1599808708e-02   -3.2855801582e+00
    2.1609542891e-02   -3.2887799740e+00
    2.1619277075e-02   -3.2919490337e+00
    2.1629011258e-02   -3.2950849533e+00
    2.1639961749e-02   -3.2985742092e+00
    2.1649695933e-02   -3.3016436100e+00
    2.1659430116e-02   -3.3046851158e+00
    2.1669164300e-02   -3.3076994419e+00
    2.1678898484e-02   -3.3106842041e+00
    2.1689850837e-02   -3.3140006065e+00
    2.1699585021e-02   -3.3169088364e+00
    2.1709319204e-02   -3.3197805882e+00
    2.1719053388e-02   -3.3226172924e+00
    2.1728787571e-02   -3.3254218102e+00
    2.1739738062e-02   -3.3285439014e+00
    2.1749472246e-02   -3.3312892914e+00
    2.1759206429e-02   -3.3340001106e+00
    2.1768940613e-02   -3.3366703987e+00
    2.1779891104e-02   -3.3396203518e+00
    2.1789625287e-02   -3.3421940804e+00
    2.1799359471e-02   -3.3447215557e+00
    2.1809095517e-02   -3.3472089767e+00
    2.1818829700e-02   -3.3496656418e+00
    2.1829780191e-02   -3.3523941040e+00
    2.1839514375e-02   -3.3547849655e+00
    2.1849248558e-02   -3.3571360111e+00
    2.1858982742e-02   -3.3594405651e+00
    2.1869933233e-02   -3.3619828224e+00
    2.1879667416e-02   -3.3642101288e+00
    2.1889401600e-02   -3.3664135933e+00
    2.1899135783e-02   -3.3685934544e+00
    2.1908869967e-02   -3.3707482815e+00
    2.1919820458e-02   -3.3731460571e+00
    2.1929554641e-02   -3.3752560616e+00
    2.1939288825e-02   -3.3773455620e+00
    2.1949023008e-02   -3.3794138432e+00
    2.1959973499e-02   -3.3817129135e+00
    2.1969707683e-02   -3.3837299347e+00
    2.1979441866e-02   -3.3857233524e+00
    2.1989176050e-02   -3.3876955509e+00
    2.1998910233e-02   -3.3896501064e+00
    2.2009860724e-02   -3.3918313980e+00
    2.2019594908e-02   -3.3937568665e+00
    2.2029329091e-02   -3.3956704140e+00
    2.2039063275e-02   -3.3975701332e+00
    2.2048797458e-02   -3.3994545937e+00
    2.2059747949e-02   -3.4015562534e+00
    2.2069482133e-02   -3.4034097195e+00
    2.2079216316e-02   -3.4052510262e+00
    2.2088948637e-02   -3.4070806503e+00
    2.2099900991e-02   -3.4091231823e+00
    2.2109633312e-02   -3.4109249115e+00
    2.2119367495e-02   -3.4127104282e+00
    2.2129101679e-02   -3.4144742489e+00
    2.2138835862e-02   -3.4162137508e+00
    2.2149786353e-02   -3.4181454182e+00
    2.2159520537e-02   -3.4198443890e+00
    2.2169254720e-02   -3.4215238094e+00
    2.2178988904e-02   -3.4231822491e+00
    2.2189939395e-02   -3.4250309467e+00
    2.2199673578e-02   -3.4266624451e+00
    2.2209407762e-02   -3.4282758236e+00
    2.2219141945e-02   -3.4298660755e+00
    2.2228876129e-02   -3.4314363003e+00
    2.2239826620e-02   -3.4331846237e+00
    2.2249558941e-02   -3.4347269535e+00
    2.2259293124e-02   -3.4362597466e+00
    2.2269027308e-02   -3.4377825260e+00
    2.2279977798e-02   -3.4394826889e+00
    2.2289711982e-02   -3.4409904480e+00
    2.2299446166e-02   -3.4425096512e+00
    2.2309180349e-02   -3.4440371990e+00
    2.2318914533e-02   -3.4455630779e+00
    2.2329865023e-02   -3.4472696781e+00
    2.2339599207e-02   -3.4487743378e+00
    2.2349333391e-02   -3.4502656460e+00
    2.2359067574e-02   -3.4517478943e+00
    2.2368799895e-02   -3.4532368183e+00
    2.2379750386e-02   -3.4549353123e+00
    2.2389484569e-02   -3.4564766884e+00
    2.2399218753e-02   -3.4580516815e+00
    2.2408952937e-02   -3.4596498013e+00
    2.2419903427e-02   -3.4614555836e+00
    2.2429637611e-02   -3.4630577564e+00
    2.2439371794e-02   -3.4646596909e+00
    2.2449104115e-02   -3.4662733078e+00
    2.2458838299e-02   -3.4679028988e+00
    2.2469788790e-02   -3.4697513580e+00
    2.2479522973e-02   -3.4714055061e+00
    2.2489257157e-02   -3.4730713367e+00
    2.2498991340e-02   -3.4747478962e+00
    2.2509941831e-02   -3.4766380787e+00
    2.2519674152e-02   -3.4783253670e+00
    2.2529408336e-02   -3.4800314903e+00
    2.2539142519e-02   -3.4817557335e+00
    2.2548876703e-02   -3.4834921360e+00
    2.2559827194e-02   -3.4854562283e+00
    2.2569561377e-02   -3.4872095585e+00
    2.2579295561e-02   -3.4889686108e+00
    2.2589027882e-02   -3.4907393456e+00
    2.2599980235e-02   -3.4927513599e+00
    2.2609712556e-02   -3.4945468903e+00
    2.2619446740e-02   -3.4963428974e+00
    2.2629180923e-02   -3.4981415272e+00
    2.2638915107e-02   -3.4999392033e+00
    2.2649865597e-02   -3.5019524097e+00
    2.2659599781e-02   -3.5037379265e+00
    2.2669333965e-02   -3.5055327415e+00
    2.2679068148e-02   -3.5073373318e+00
    2.2688800469e-02   -3.5091469288e+00
    2.2699752823e-02   -3.5111882687e+00
    2.2709485143e-02   -3.5129985809e+00
    2.2719219327e-02   -3.5147955418e+00
    2.2728953511e-02   -3.5165777206e+00
    2.2739904001e-02   -3.5185642242e+00
    2.2749638185e-02   -3.5203118324e+00
    2.2759372368e-02   -3.5220382214e+00
    2.2769106552e-02   -3.5237488747e+00
    2.2778840736e-02   -3.5254590511e+00
    2.2789791226e-02   -3.5273888111e+00
    2.2799525410e-02   -3.5291094780e+00
    2.2809257731e-02   -3.5308277607e+00
    2.2818991914e-02   -3.5325284004e+00
    2.2829942405e-02   -3.5344119072e+00
    2.2839676589e-02   -3.5360622406e+00
    2.2849410772e-02   -3.5376939774e+00
    2.2859144956e-02   -3.5393071175e+00
    2.2868879139e-02   -3.5408990383e+00
    2.2879829630e-02   -3.5426628590e+00
    2.2889563814e-02   -3.5442044735e+00
    2.2899297997e-02   -3.5457177162e+00
    2.2909030318e-02   -3.5472033024e+00
    2.2919980809e-02   -3.5488452911e+00
    2.2929714993e-02   -3.5502815247e+00
    2.2939449176e-02   -3.5516996384e+00
    2.2949183360e-02   -3.5531036854e+00
    2.2958917543e-02   -3.5544934273e+00
    2.2969868034e-02   -3.5560379028e+00
    2.2979602218e-02   -3.5573911667e+00
    2.2989334539e-02   -3.5587227345e+00
    2.2999068722e-02   -3.5600297451e+00
    2.3008802906e-02   -3.5613131523e+00
    2.3019753397e-02   -3.5627341270e+00
    2.3029487580e-02   -3.5639803410e+00
    2.3039221764e-02   -3.5652105808e+00
    2.3048955947e-02   -3.5664255619e+00
    2.3059906438e-02   -3.5677733421e+00
    2.3069640622e-02   -3.5689518452e+00
    2.3079374805e-02   -3.5701127052e+00
    2.3089108989e-02   -3.5712594986e+00
    2.3098841310e-02   -3.5723977089e+00
    2.3109793663e-02   -3.5736658573e+00
    2.3119525984e-02   -3.5747802258e+00
    2.3129260167e-02   -3.5758812428e+00
    2.3138994351e-02   -3.5769650936e+00
    2.3149944842e-02   -3.5781583786e+00
    2.3159679025e-02   -3.5791950226e+00
    2.3169413209e-02   -3.5802185535e+00
    2.3179147393e-02   -3.5812370777e+00
    2.3188881576e-02   -3.5822510719e+00
    2.3199832067e-02   -3.5833821297e+00
    2.3209566250e-02   -3.5843641758e+00
    2.3219300434e-02   -3.5853114128e+00
    2.3229034618e-02   -3.5862236023e+00
    2.3239985108e-02   -3.5872130394e+00
    2.3249719292e-02   -3.5880620480e+00
    2.3259453475e-02   -3.5888807774e+00
    2.3269187659e-02   -3.5896677971e+00
    2.3278919980e-02   -3.5904252529e+00
    2.3289872333e-02   -3.5912454128e+00
    2.3299604654e-02   -3.5919485092e+00
    2.3309338838e-02   -3.5926268101e+00
    2.3319073021e-02   -3.5932774544e+00
    2.3328807205e-02   -3.5938963890e+00
    2.3339757696e-02   -3.5945510864e+00
    2.3349491879e-02   -3.5950934887e+00
    2.3359226063e-02   -3.5955975056e+00
    2.3368960246e-02   -3.5960628986e+00
    2.3379910737e-02   -3.5965406895e+00
    2.3389644921e-02   -3.5969252586e+00
    2.3399377242e-02   -3.5972754955e+00
    2.3409111425e-02   -3.5975966454e+00
    2.3418845609e-02   -3.5978894234e+00
    2.3429796100e-02   -3.5981850624e+00
    2.3439530283e-02   -3.5984199047e+00
    2.3449264467e-02   -3.5986301899e+00
    2.3458998650e-02   -3.5988149643e+00
    2.3469949141e-02   -3.5989894867e+00
    2.3479683325e-02   -3.5991239548e+00
    2.3489417508e-02   -3.5992474556e+00
    2.3499151692e-02   -3.5993604660e+00
    2.3508884013e-02   -3.5994598866e+00
    2.3519836366e-02   -3.5995426178e+00
    2.3529568687e-02   -3.5995798111e+00
    2.3539302871e-02   -3.5995824337e+00
    2.3549037054e-02   -3.5995566845e+00
    2.3559987545e-02   -3.5994997025e+00
    2.3569721729e-02   -3.5994250774e+00
    2.3579455912e-02   -3.5993299484e+00
    2.3589190096e-02   -3.5992207527e+00
    2.3598924279e-02   -3.5991024971e+00
    2.3609874770e-02   -3.5989603996e+00
    2.3619608954e-02   -3.5988247395e+00
    2.3629343137e-02   -3.5986745358e+00
    2.3639075458e-02   -3.5985028744e+00
    2.3648809642e-02   -3.5983047485e+00
    2.3659760132e-02   -3.5980482101e+00
    2.3669494316e-02   -3.5977909565e+00
    2.3679228500e-02   -3.5975093842e+00
    2.3688962683e-02   -3.5972087383e+00
    2.3699913174e-02   -3.5968530178e+00
    2.3709647357e-02   -3.5965213776e+00
    2.3719871417e-02   -3.5961587429e+00
    2.3729488254e-02   -3.5958132744e+00
    2.3739386350e-02   -3.5954427719e+00
    2.3749612272e-02   -3.5950288773e+00
    2.3759838194e-02   -3.5946788788e+00
    2.3769818246e-02   -3.5944516659e+00
    2.3779362440e-02   -3.5942089558e+00
    2.3789588362e-02   -3.5938465595e+00
    2.3799812421e-02   -3.5934257507e+00
    2.3809930310e-02   -3.5929777622e+00
    2.3819958791e-02   -3.5925223827e+00
    2.3829501122e-02   -3.5920760632e+00
    2.3839913309e-02   -3.5915703773e+00
    2.3849939927e-02   -3.5910725594e+00
    2.3859484121e-02   -3.5905930996e+00
    2.3869708180e-02   -3.5900740623e+00
    2.3879934102e-02   -3.5895481110e+00
    2.3889478296e-02   -3.5890443325e+00
    2.3899124935e-02   -3.5885190964e+00
    2.3908857256e-02   -3.5879795551e+00
    2.3919807747e-02   -3.5873656273e+00
    2.3929541931e-02   -3.5868210793e+00
    2.3939687759e-02   -3.5862741470e+00
    2.3949328810e-02   -3.5857729912e+00
    2.3958856240e-02   -3.5852937698e+00
    2.3969806731e-02   -3.5847561359e+00
    2.3979540914e-02   -3.5842761993e+00
    2.3989275098e-02   -3.5837898254e+00
    2.3999007419e-02   -3.5832979679e+00
    2.4009453133e-02   -3.5827624798e+00
    2.4019094184e-02   -3.5822618008e+00
    2.4029601365e-02   -3.5817060471e+00
    2.4039827287e-02   -3.5811524391e+00
    2.4049369618e-02   -3.5806400776e+00
    2.4059595540e-02   -3.5801157951e+00
    2.4069892243e-02   -3.5796248913e+00
    2.4079499766e-02   -3.5791933537e+00
    2.4089965969e-02   -3.5787377357e+00
    2.4099510163e-02   -3.5783185959e+00
    2.4109736085e-02   -3.5778584480e+00
    2.4119464681e-02   -3.5774183273e+00
    2.4129198864e-02   -3.5769801140e+00
    2.4139665067e-02   -3.5764501095e+00
    2.4149890989e-02   -3.5757522583e+00
    2.4159435183e-02   -3.5751333237e+00
    2.4169871584e-02   -3.5745515823e+00
    2.4178950116e-02   -3.5740647316e+00
    2.4189805612e-02   -3.5735085011e+00
    2.4199349806e-02   -3.5730180740e+00
    2.4209465832e-02   -3.5724928379e+00
    2.4219200015e-02   -3.5720069408e+00
    2.4228934199e-02   -3.5715456009e+00
    2.4239886552e-02   -3.5710594654e+00
    2.4249618873e-02   -3.5706298351e+00
    2.4259353057e-02   -3.5701870918e+00
    2.4269087240e-02   -3.5697376728e+00
    2.4278821424e-02   -3.5692787170e+00
    2.4289773777e-02   -3.5687479973e+00
    2.4299507961e-02   -3.5682649612e+00
    2.4309242144e-02   -3.5677676201e+00
    2.4318976328e-02   -3.5672554970e+00
    2.4329926819e-02   -3.5666635036e+00
    2.4339661002e-02   -3.5661277771e+00
    2.4349395186e-02   -3.5655887127e+00
    2.4359129369e-02   -3.5650463104e+00
    2.4368863553e-02   -3.5644979477e+00
    2.4379814044e-02   -3.5638730526e+00
    2.4389550090e-02   -3.5633099079e+00
    2.4399284273e-02   -3.5627388954e+00
    2.4409018457e-02   -3.5621590614e+00
    2.4419968948e-02   -3.5614950657e+00
    2.4429703131e-02   -3.5608932972e+00
    2.4439437315e-02   -3.5602767467e+00
    2.4449171498e-02   -3.5596420765e+00
    2.4458905682e-02   -3.5589885712e+00
    2.4469858035e-02   -3.5582304001e+00
    2.4479592219e-02   -3.5575394630e+00
    2.4489326403e-02   -3.5568363667e+00
    2.4499060586e-02   -3.5561239719e+00
    2.4508794770e-02   -3.5554032326e+00
    2.4519747123e-02   -3.5545816422e+00
    2.4529481307e-02   -3.5538406372e+00
    2.4539215490e-02   -3.5530877113e+00
    2.4548949674e-02   -3.5523202419e+00
    2.4559902027e-02   -3.5514376163e+00
    2.4569636211e-02   -3.5506329536e+00
    2.4579370394e-02   -3.5498085022e+00
    2.4589104578e-02   -3.5489621162e+00
    2.4598838761e-02   -3.5480923653e+00
    2.4609791115e-02   -3.5470838547e+00
    2.4619525298e-02   -3.5461597443e+00
    2.4629259482e-02   -3.5452103615e+00
    2.4638993666e-02   -3.5442368984e+00
    2.4649946019e-02   -3.5431151390e+00
    2.4659680203e-02   -3.5420958996e+00
    2.4669414386e-02   -3.5410571098e+00
    2.4679150432e-02   -3.5399990082e+00
    2.4688884616e-02   -3.5389208794e+00
    2.4699835107e-02   -3.5376820564e+00
    2.4709571153e-02   -3.5365560055e+00
    2.4719305336e-02   -3.5354053974e+00
    2.4729039520e-02   -3.5342297554e+00
    2.4739991874e-02   -3.5328762531e+00
    2.4749726057e-02   -3.5316450596e+00
    2.4759460241e-02   -3.5303869247e+00
    2.4769196287e-02   -3.5291001797e+00
    2.4778930470e-02   -3.5277848244e+00
    2.4789882824e-02   -3.5262737274e+00
    2.4799617007e-02   -3.5249035358e+00
    2.4809351191e-02   -3.5235092640e+00
    2.4819087237e-02   -3.5220930576e+00
    2.4828821421e-02   -3.5206577778e+00
    2.4839773774e-02   -3.5190188885e+00
    2.4849507958e-02   -3.5175368786e+00
    2.4859242141e-02   -3.5160295963e+00
    2.4868978187e-02   -3.5144958496e+00
    2.4879928678e-02   -3.5127410889e+00
    2.4889664724e-02   -3.5111603737e+00
    2.4899398908e-02   -3.5095598698e+00
    2.4909133092e-02   -3.5079331398e+00
    2.4918869138e-02   -3.5062763691e+00
    2.4929819629e-02   -3.5043792725e+00
    2.4939555675e-02   -3.5026690960e+00
    2.4949289858e-02   -3.5009436607e+00
    2.4959025905e-02   -3.4992079735e+00
    2.4969976395e-02   -3.4972434044e+00
    2.4979712442e-02   -3.4954843521e+00
    2.4989446625e-02   -3.4937131405e+00
    2.4999180809e-02   -3.4919309616e+00
    2.5008916855e-02   -3.4901368618e+00
    2.5019867346e-02   -3.4881010056e+00
    2.5029603392e-02   -3.4862749577e+00
    2.5039337575e-02   -3.4844338894e+00
    2.5049073622e-02   -3.4825773239e+00
    2.5058807805e-02   -3.4807059765e+00
    2.5069760159e-02   -3.4785828590e+00
    2.5079494342e-02   -3.4766798019e+00
    2.5089228526e-02   -3.4747619629e+00
    2.5098964572e-02   -3.4728293419e+00
    2.5109915063e-02   -3.4706392288e+00
    2.5119651109e-02   -3.4686789513e+00
    2.5129385293e-02   -3.4667048454e+00
    2.5139119476e-02   -3.4647150040e+00
    2.5148855522e-02   -3.4627125263e+00
    2.5159807876e-02   -3.4604482651e+00
    2.5169542059e-02   -3.4584274292e+00
    2.5179276243e-02   -3.4563994408e+00
    2.5189012289e-02   -3.4543659687e+00
    2.5199962780e-02   -3.4520695210e+00
    2.5209698826e-02   -3.4500098228e+00
    2.5219433010e-02   -3.4479272366e+00
    2.5229167193e-02   -3.4458270073e+00
    2.5238903239e-02   -3.4437160492e+00
    2.5249853730e-02   -3.4413428307e+00
    2.5259589776e-02   -3.4392430782e+00
    2.5269323960e-02   -3.4371488094e+00
    2.5279060006e-02   -3.4350531101e+00
    2.5288794190e-02   -3.4329535961e+00
    2.5299746543e-02   -3.4305894375e+00
    2.5309480727e-02   -3.4284868240e+00
    2.5319214910e-02   -3.4263780117e+00
    2.5328950956e-02   -3.4242594242e+00
    2.5339901447e-02   -3.4218649864e+00
    2.5349752977e-02   -3.4197061062e+00
    2.5359522551e-02   -3.4175629616e+00
    2.5369251147e-02   -3.4154314995e+00
    2.5378985330e-02   -3.4133081436e+00
    2.5389937684e-02   -3.4109191895e+00
    2.5399671867e-02   -3.4087789059e+00
    2.5409407914e-02   -3.4066283703e+00
    2.5419142097e-02   -3.4044675827e+00
    2.5428876281e-02   -3.4022970200e+00
    2.5439828634e-02   -3.3998568058e+00
    2.5449562818e-02   -3.3976912498e+00
    2.5459297001e-02   -3.3955230713e+00
    2.5469033048e-02   -3.3933434486e+00
    2.5479983538e-02   -3.3908743858e+00
    2.5489717722e-02   -3.3886766434e+00
    2.5499453768e-02   -3.3864886761e+00
    2.5509187952e-02   -3.3843078613e+00
    2.5518922135e-02   -3.3821215630e+00
    2.5529874489e-02   -3.3796484470e+00
    2.5539608672e-02   -3.3774445057e+00
    2.5549342856e-02   -3.3752474785e+00
    2.5559078902e-02   -3.3730654716e+00
    2.5568813086e-02   -3.3708996773e+00
    2.5579763576e-02   -3.3684756756e+00
    2.5589499623e-02   -3.3663191795e+00
    2.5599233806e-02   -3.3641548157e+00
    2.5608967990e-02   -3.3619844913e+00
    2.5619920343e-02   -3.3595409393e+00
    2.5629654527e-02   -3.3573744297e+00
    2.5639388710e-02   -3.3552186489e+00
    2.5649124756e-02   -3.3530755043e+00
    2.5658858940e-02   -3.3509407043e+00
    2.5669809431e-02   -3.3485405445e+00
    2.5679545477e-02   -3.3464086056e+00
    2.5689279661e-02   -3.3442835808e+00
    2.5699013844e-02   -3.3421678543e+00
    2.5709966198e-02   -3.3398020267e+00
    2.5719700381e-02   -3.3377118111e+00
    2.5729434565e-02   -3.3356292248e+00
    2.5739170611e-02   -3.3335530758e+00
    2.5748904794e-02   -3.3314836025e+00
    2.5759855285e-02   -3.3291645050e+00
    2.5769591331e-02   -3.3271088600e+00
    2.5779325515e-02   -3.3250555992e+00
    2.5789059699e-02   -3.3230051994e+00
    2.5798793882e-02   -3.3209569454e+00
    2.5809746236e-02   -3.3186559677e+00
    2.5819480419e-02   -3.3166172504e+00
    2.5829706341e-02   -3.3144836426e+00
    2.5839930400e-02   -3.3123490810e+00
    2.5849474594e-02   -3.3103532791e+00
    2.5859769434e-02   -3.3081943989e+00
    2.5869993493e-02   -3.3060479164e+00
    2.5879537687e-02   -3.3040521145e+00
    2.5889763609e-02   -3.3019266129e+00
    2.5899989530e-02   -3.2998132706e+00
    2.5909531862e-02   -3.2978477478e+00
    2.5919757783e-02   -3.2957417965e+00
    2.5929983705e-02   -3.2936313152e+00
    2.5939527899e-02   -3.2916591167e+00
    2.5949751958e-02   -3.2895472050e+00
    2.5959977880e-02   -3.2874391079e+00
    2.5968911126e-02   -3.2856009007e+00
    2.5979734957e-02   -3.2833812237e+00
    2.5989374146e-02   -3.2814147472e+00
    2.5999600068e-02   -3.2793242931e+00
    2.6009825990e-02   -3.2772295475e+00
    2.6019262150e-02   -3.2752974033e+00
    2.6028996333e-02   -3.2733056545e+00
    2.6039851829e-02   -3.2710866928e+00
    2.6049396023e-02   -3.2691299915e+00
    2.6059621945e-02   -3.2670283318e+00
    2.6069847867e-02   -3.2649261951e+00
    2.6079459116e-02   -3.2629446983e+00
    2.6089362800e-02   -3.2609055042e+00
    2.6099096984e-02   -3.2589144707e+00
    2.6108831167e-02   -3.2569241524e+00
    2.6119783521e-02   -3.2546737194e+00
    2.6129957289e-02   -3.2525739670e+00
    2.6139501482e-02   -3.2505886555e+00
    2.6149727404e-02   -3.2484486103e+00
    2.6159951463e-02   -3.2463099957e+00
    2.6169495657e-02   -3.2443165779e+00
    2.6179721579e-02   -3.2421841621e+00
    2.6189947501e-02   -3.2400510311e+00
    2.6199411601e-02   -3.2380661964e+00
    2.6209602132e-02   -3.2359158993e+00
    2.6219338179e-02   -3.2338528633e+00
    2.6229530573e-02   -3.2316832542e+00
    2.6239169762e-02   -3.2296226025e+00
    2.6249561459e-02   -3.2273924351e+00
    2.6259787381e-02   -3.2251853943e+00
    2.6269329712e-02   -3.2231154442e+00
    2.6279555634e-02   -3.2208950520e+00
    2.6289781556e-02   -3.2186722755e+00
    2.6299325749e-02   -3.2165944576e+00
    2.6309549809e-02   -3.2143645287e+00
    2.6319775730e-02   -3.2121274471e+00
    2.6329319924e-02   -3.2100322247e+00
    2.6339545846e-02   -3.2077798843e+00
    2.6349769905e-02   -3.2055182457e+00
    2.6359995827e-02   -3.2032451630e+00
    2.6369540021e-02   -3.2011158466e+00
    2.6379765943e-02   -3.1988277435e+00
    2.6389990002e-02   -3.1965310574e+00
    2.6399534196e-02   -3.1943788528e+00
    2.6409760118e-02   -3.1920621395e+00
    2.6419986039e-02   -3.1897356510e+00
    2.6429528370e-02   -3.1875569820e+00
    2.6439754292e-02   -3.1852149963e+00
    2.6449980214e-02   -3.1828632355e+00
    2.6459524408e-02   -3.1806561947e+00
    2.6469748467e-02   -3.1782793999e+00
    2.6479974389e-02   -3.1758935452e+00
    2.6489518583e-02   -3.1736607552e+00
    2.6499744505e-02   -3.1712610722e+00
    2.6509968564e-02   -3.1688520908e+00
    2.6519512758e-02   -3.1665933132e+00
    2.6529738680e-02   -3.1641607285e+00
    2.6539964601e-02   -3.1617178917e+00
    2.6549506932e-02   -3.1594314575e+00
    2.6559732854e-02   -3.1569774151e+00
    2.6569958776e-02   -3.1545188427e+00
    2.6579257101e-02   -3.1522805691e+00
    2.6589861140e-02   -3.1497285366e+00
    2.6599597186e-02   -3.1473875046e+00
    2.6609623805e-02   -3.1449670792e+00
    2.6619849727e-02   -3.1424884796e+00
    2.6629393920e-02   -3.1401674747e+00
    2.6639619842e-02   -3.1376714706e+00
    2.6649843901e-02   -3.1351647377e+00
    2.6659388095e-02   -3.1328234673e+00
    2.6669614017e-02   -3.1303255558e+00
    2.6679839939e-02   -3.1278350353e+00
    2.6689568534e-02   -3.1254613400e+00
    2.6699302718e-02   -3.1230807304e+00
    2.6709036902e-02   -3.1206934452e+00
    2.6719989255e-02   -3.1179966927e+00
    2.6729628444e-02   -3.1156234741e+00
    2.6739852503e-02   -3.1130983829e+00
    2.6749396697e-02   -3.1107325554e+00
    2.6759622619e-02   -3.1082031727e+00
    2.6769848540e-02   -3.1056802273e+00
    2.6779390872e-02   -3.1033337116e+00
    2.6789616793e-02   -3.1008298397e+00
    2.6799842715e-02   -3.0983271599e+00
    2.6809386909e-02   -3.0959861279e+00
    2.6819679886e-02   -3.0934567451e+00
    2.6829123497e-02   -3.0911371708e+00
    2.6839679107e-02   -3.0885527134e+00
    2.6849905029e-02   -3.0860517025e+00
    2.6859449223e-02   -3.0837225914e+00
    2.6869675145e-02   -3.0812389851e+00
    2.6879899204e-02   -3.0787582397e+00
    2.6889443398e-02   -3.0764462948e+00
    2.6899669319e-02   -3.0739779472e+00
    2.6909895241e-02   -3.0715177059e+00
    2.6919437572e-02   -3.0692267418e+00
    2.6929700747e-02   -3.0667669773e+00
    2.6939576492e-02   -3.0644068718e+00
    2.6949800551e-02   -3.0619692802e+00
    2.6959344745e-02   -3.0596964359e+00
    2.6969570667e-02   -3.0572693348e+00
    2.6979796588e-02   -3.0548458099e+00
    2.6989338920e-02   -3.0525846481e+00
    2.6999564841e-02   -3.0501675606e+00
    2.7009790763e-02   -3.0477559566e+00
    2.7019334957e-02   -3.0455091000e+00
    2.7029559016e-02   -3.0431058407e+00
    2.7039784938e-02   -3.0407044888e+00
    2.7049329132e-02   -3.0384654999e+00
    2.7059555054e-02   -3.0360722542e+00
    2.7069779113e-02   -3.0336861610e+00
    2.7079323307e-02   -3.0314655304e+00
    2.7089549229e-02   -3.0290923119e+00
    2.7099775150e-02   -3.0267264843e+00
    2.7109317482e-02   -3.0245246887e+00
    2.7119543403e-02   -3.0221714973e+00
    2.7129769325e-02   -3.0198240280e+00
    2.7139995247e-02   -3.0174834728e+00
    2.7149537578e-02   -3.0153057575e+00
    2.7159763500e-02   -3.0129816532e+00
    2.7169989422e-02   -3.0106685162e+00
    2.7179533616e-02   -3.0085186958e+00
    2.7189757675e-02   -3.0062229633e+00
    2.7199983597e-02   -3.0039353371e+00
    2.7209527791e-02   -3.0018095970e+00
    2.7219751850e-02   -2.9995419979e+00
    2.7229977772e-02   -2.9972822666e+00
    2.7239521965e-02   -2.9951796532e+00
    2.7249747887e-02   -2.9929344654e+00
    2.7259971946e-02   -2.9906976223e+00
    2.7269516140e-02   -2.9886174202e+00
    2.7279742062e-02   -2.9863970280e+00
    2.7289967984e-02   -2.9841852188e+00
    2.7299510315e-02   -2.9821281433e+00
    2.7309736237e-02   -2.9799313545e+00
    2.7319962159e-02   -2.9777414799e+00
    2.7329506353e-02   -2.9757039547e+00
    2.7339730412e-02   -2.9735257626e+00
    2.7349956334e-02   -2.9713528156e+00
    2.7359500527e-02   -2.9693305492e+00
    2.7369726449e-02   -2.9671711922e+00
    2.7379950508e-02   -2.9650175571e+00
    2.7389494702e-02   -2.9630110264e+00
    2.7399720624e-02   -2.9608652592e+00
    2.7409946546e-02   -2.9587252140e+00
    2.7419488877e-02   -2.9567320347e+00
    2.7429714799e-02   -2.9546003342e+00
    2.7439940721e-02   -2.9524712563e+00
    2.7449484915e-02   -2.9504847527e+00
    2.7459708974e-02   -2.9483563900e+00
    2.7469934896e-02   -2.9462289810e+00
    2.7479479089e-02   -2.9442446232e+00
    2.7489705011e-02   -2.9421181679e+00
    2.7499929070e-02   -2.9399917126e+00
    2.7509473264e-02   -2.9380075932e+00
    2.7519699186e-02   -2.9358808994e+00
    2.7529925108e-02   -2.9337501526e+00
    2.7539467439e-02   -2.9317586422e+00
    2.7549693361e-02   -2.9296228886e+00
    2.7559919283e-02   -2.9274859428e+00
    2.7569463477e-02   -2.9254913330e+00
    2.7579687536e-02   -2.9233560562e+00
    2.7589913458e-02   -2.9212245941e+00
    2.7599457651e-02   -2.9192407131e+00
    2.7609683573e-02   -2.9171228409e+00
    2.7619907632e-02   -2.9150137901e+00
    2.7629451826e-02   -2.9130539894e+00
    2.7639677748e-02   -2.9109635353e+00
    2.7649903670e-02   -2.9088826180e+00
    2.7659446001e-02   -2.9069490433e+00
    2.7669671923e-02   -2.9048876762e+00
    2.7679866180e-02   -2.9028446674e+00
    2.7689622715e-02   -2.9009015560e+00
    2.7699848637e-02   -2.8988747597e+00
    2.7709392831e-02   -2.8969907761e+00
    2.7719618753e-02   -2.8949849606e+00
    2.7729842812e-02   -2.8929891586e+00
    2.7739387006e-02   -2.8911359310e+00
    2.7749612927e-02   -2.8891656399e+00
    2.7759838849e-02   -2.8872129917e+00
    2.7769381180e-02   -2.8854043484e+00
    2.7779607102e-02   -2.8834791183e+00
    2.7789833024e-02   -2.8815650940e+00
    2.7799377218e-02   -2.8797898293e+00
    2.7809601277e-02   -2.8779008389e+00
    2.7819827199e-02   -2.8760244846e+00
    2.7829371393e-02   -2.8742842674e+00
    2.7839597315e-02   -2.8724319935e+00
    2.7849821374e-02   -2.8705928326e+00
    2.7859365568e-02   -2.8688871861e+00
    2.7869591489e-02   -2.8670716286e+00
    2.7879817411e-02   -2.8652698994e+00
    2.7889359742e-02   -2.8636009693e+00
    2.7899585664e-02   -2.8618264198e+00
    2.7909811586e-02   -2.8600664139e+00
    2.7919355780e-02   -2.8584365845e+00
    2.7929579839e-02   -2.8567035198e+00
    2.7939805761e-02   -2.8549835682e+00
    2.7949349955e-02   -2.8533902168e+00
    2.7959575877e-02   -2.8516969681e+00
    2.7969799936e-02   -2.8500185013e+00
    2.7979344130e-02   -2.8484666348e+00
    2.7989570051e-02   -2.8468203545e+00
    2.7999795973e-02   -2.8451914787e+00
    2.8009338304e-02   -2.8436872959e+00
    2.8019564226e-02   -2.8420927525e+00
    2.8029790148e-02   -2.8405168056e+00
    2.8039334342e-02   -2.8390638828e+00
    2.8049558401e-02   -2.8375265598e+00
    2.8059784323e-02   -2.8360106945e+00
    2.8069328517e-02   -2.8346159458e+00
    2.8079554439e-02   -2.8331441879e+00
    2.8089778498e-02   -2.8316969872e+00
    2.8099322692e-02   -2.8303687572e+00
    2.8109548613e-02   -2.8289704323e+00
    2.8119774535e-02   -2.8275980949e+00
    2.8129998595e-02   -2.8262526989e+00
    2.8139542788e-02   -2.8250224590e+00
    2.8149768710e-02   -2.8237323761e+00
    2.8159992769e-02   -2.8224709034e+00
    2.8169536963e-02   -2.8213183880e+00
    2.8179762885e-02   -2.8201088905e+00
    2.8189988807e-02   -2.8189241886e+00
    2.8199531138e-02   -2.8178400993e+00
    2.8209757060e-02   -2.8167016506e+00
    2.8219982982e-02   -2.8155872822e+00
    2.8229527175e-02   -2.8145692348e+00
    2.8239751235e-02   -2.8135035038e+00
    2.8249977157e-02   -2.8124656677e+00
    2.8259890154e-02   -2.8114860058e+00
    2.8269529343e-02   -2.8105556965e+00
    2.8279170394e-02   -2.8096444607e+00
    2.8289843351e-02   -2.8086612225e+00
    2.8299385682e-02   -2.8078091145e+00
    2.8309611604e-02   -2.8069236279e+00
    2.8319837525e-02   -2.8060648441e+00
    2.8329467401e-02   -2.8052811623e+00
    2.8339106590e-02   -2.8045265675e+00
    2.8349710628e-02   -2.8037326336e+00
    2.8359467164e-02   -2.8030331135e+00
    2.8369693086e-02   -2.8023254871e+00
    2.8379919007e-02   -2.8016326427e+00
    2.8389463201e-02   -2.8010008335e+00
    2.8399687260e-02   -2.8003499508e+00
    2.8409913182e-02   -2.7997295856e+00
    2.8419457376e-02   -2.7991752625e+00
    2.8429683298e-02   -2.7986056805e+00
    2.8439907357e-02   -2.7980623245e+00
    2.8449663892e-02   -2.7975678444e+00
    2.8459247202e-02   -2.7971034050e+00
    2.8469851241e-02   -2.7966165543e+00
    2.8479490429e-02   -2.7961993217e+00
    2.8489930555e-02   -2.7957727909e+00
    2.8499472886e-02   -2.7954015732e+00
    2.8509698808e-02   -2.7950201035e+00
    2.8519924730e-02   -2.7946603298e+00
    2.8529468924e-02   -2.7943487167e+00
    2.8539692983e-02   -2.7940411568e+00
    2.8549605981e-02   -2.7937662601e+00
    2.8559245169e-02   -2.7935194969e+00
    2.8569849208e-02   -2.7932679653e+00
    2.8579490259e-02   -2.7930531502e+00
    2.8589129448e-02   -2.7928509712e+00
    2.8599733487e-02   -2.7926435471e+00
    2.8609374538e-02   -2.7924704552e+00
    2.8619978577e-02   -2.7922980785e+00
    2.8629617766e-02   -2.7921576500e+00
    2.8639258817e-02   -2.7920308113e+00
    2.8649862856e-02   -2.7919025421e+00
    2.8659502044e-02   -2.7917919159e+00
    2.8669143096e-02   -2.7916865349e+00
    2.8679747134e-02   -2.7915792465e+00
    2.8689386323e-02   -2.7914912701e+00
    2.8699990362e-02   -2.7914032936e+00
    2.8709631413e-02   -2.7913293839e+00
    2.8719339520e-02   -2.7912616730e+00
    2.8729565442e-02   -2.7911970615e+00
    2.8739791363e-02   -2.7911379337e+00
    2.8749333695e-02   -2.7910866737e+00
    2.8759559616e-02   -2.7910358906e+00
    2.8769785538e-02   -2.7909872532e+00
    2.8779329732e-02   -2.7909386158e+00
    2.8789553791e-02   -2.7908792496e+00
    2.8799779713e-02   -2.7908158302e+00
    2.8809323907e-02   -2.7907586098e+00
    2.8819549829e-02   -2.7907021046e+00
    2.8829773888e-02   -2.7906506062e+00
    2.8839318082e-02   -2.7906072140e+00
    2.8849544004e-02   -2.7905640602e+00
    2.8859769925e-02   -2.7905211449e+00
    2.8869524598e-02   -2.7904772758e+00
    2.8878947720e-02   -2.7904317379e+00
    2.8889898211e-02   -2.7903757095e+00
    2.8899632394e-02   -2.7903215885e+00
    2.8909366578e-02   -2.7902641296e+00
    2.8919911012e-02   -2.7902004719e+00
    2.8929455206e-02   -2.7901411057e+00
    2.8939681128e-02   -2.7900748253e+00
    2.8949905187e-02   -2.7900097370e+00
    2.8959449381e-02   -2.7899532318e+00
    2.8969675303e-02   -2.7898969650e+00
    2.8979111463e-02   -2.7898459435e+00
    2.8989555314e-02   -2.7897894382e+00
    2.8999196365e-02   -2.7897362709e+00
    2.9009800404e-02   -2.7896749973e+00
    2.9019439593e-02   -2.7896168232e+00
    2.9029080644e-02   -2.7895560265e+00
    2.9039684683e-02   -2.7894876003e+00
    2.9049323872e-02   -2.7894260883e+00
    2.9059927911e-02   -2.7893583775e+00
    2.9069568962e-02   -2.7892966270e+00
    2.9079208151e-02   -2.7892339230e+00
    2.9089653865e-02   -2.7891628742e+00
    2.9099293053e-02   -2.7890932560e+00
    2.9109897092e-02   -2.7890136242e+00
    2.9119538143e-02   -2.7889406681e+00
    2.9129177332e-02   -2.7888662815e+00
    2.9139781371e-02   -2.7887818813e+00
    2.9149422422e-02   -2.7887024879e+00
    2.9159061611e-02   -2.7886216640e+00
    2.9169665650e-02   -2.7885303497e+00
    2.9179306701e-02   -2.7884447575e+00
    2.9189910740e-02   -2.7883474827e+00
    2.9199549928e-02   -2.7882571220e+00
    2.9209190980e-02   -2.7881660461e+00
    2.9219795018e-02   -2.7880649567e+00
    2.9229434207e-02   -2.7879726887e+00
    2.9239075258e-02   -2.7878808975e+00
    2.9249679297e-02   -2.7877821922e+00
    2.9259318486e-02   -2.7876949310e+00
    2.9269922525e-02   -2.7876021862e+00
    2.9279563576e-02   -2.7875208855e+00
    2.9289202765e-02   -2.7874431610e+00
    2.9299806803e-02   -2.7873618603e+00
    2.9309447855e-02   -2.7872931957e+00
    2.9319439083e-02   -2.7872278690e+00
    2.9329665005e-02   -2.7871675491e+00
    2.9339889064e-02   -2.7871139050e+00
    2.9349433258e-02   -2.7870695591e+00
    2.9359579086e-02   -2.7870275974e+00
    2.9369220138e-02   -2.7869913578e+00
    2.9379824176e-02   -2.7869560719e+00
    2.9389463365e-02   -2.7869310379e+00
    2.9399104416e-02   -2.7869160175e+00
    2.9409611598e-02   -2.7869141102e+00
    2.9419837520e-02   -2.7869291306e+00
    2.9429379851e-02   -2.7869567871e+00
    2.9439974576e-02   -2.7869997025e+00
    2.9449613765e-02   -2.7870461941e+00
    2.9459254816e-02   -2.7870993614e+00
    2.9469858855e-02   -2.7871687412e+00
    2.9479401186e-02   -2.7872436047e+00
    2.9489627108e-02   -2.7873394489e+00
    2.9499853030e-02   -2.7874498367e+00
    2.9509397224e-02   -2.7875638008e+00
    2.9519621283e-02   -2.7876980305e+00
    2.9529847205e-02   -2.7878458500e+00
    2.9539311305e-02   -2.7879970074e+00
    2.9549866915e-02   -2.7881820202e+00
    2.9559411108e-02   -2.7883648872e+00
    2.9569637030e-02   -2.7885804176e+00
    2.9579862952e-02   -2.7888157368e+00
    2.9589405283e-02   -2.7890522480e+00
    2.9599631205e-02   -2.7893218994e+00
    2.9609857127e-02   -2.7896068096e+00
    2.9619401321e-02   -2.7898869514e+00
    2.9629625380e-02   -2.7902030945e+00
    2.9639851302e-02   -2.7905354500e+00
    2.9649395496e-02   -2.7908604145e+00
    2.9659621418e-02   -2.7912254333e+00
    2.9669845477e-02   -2.7916083336e+00
    2.9679389670e-02   -2.7919826508e+00
    2.9689615592e-02   -2.7924022675e+00
    2.9699841514e-02   -2.7928419113e+00
    2.9709383845e-02   -2.7932703495e+00
    2.9719609767e-02   -2.7937493324e+00
    2.9729835689e-02   -2.7942485809e+00
    2.9739981517e-02   -2.7947640419e+00
    2.9749620706e-02   -2.7952706814e+00
    2.9759261757e-02   -2.7957930565e+00
    2.9769865796e-02   -2.7963883877e+00
    2.9779504985e-02   -2.7969498634e+00
    2.9789146036e-02   -2.7975323200e+00
    2.9799750075e-02   -2.7981972694e+00
    2.9809389263e-02   -2.7988221645e+00
    2.9819993302e-02   -2.7995309830e+00
    2.9829634354e-02   -2.8001959324e+00
    2.9839273542e-02   -2.8008818626e+00
    2.9849877581e-02   -2.8016605377e+00
    2.9859518632e-02   -2.8023891449e+00
    2.9869744554e-02   -2.8031835556e+00
    2.9879968613e-02   -2.8040010929e+00
    2.9889512807e-02   -2.8047842979e+00
    2.9899738729e-02   -2.8056442738e+00
    2.9909964651e-02   -2.8065247536e+00
    2.9919506982e-02   -2.8073635101e+00
    2.9929732904e-02   -2.8082816601e+00
    2.9939958826e-02   -2.8092207909e+00
    2.9949503019e-02   -2.8101172447e+00
    2.9959727079e-02   -2.8110988140e+00
    2.9969953001e-02   -2.8121016026e+00
    2.9979497194e-02   -2.8130550385e+00
    2.9989723116e-02   -2.8140935898e+00
    2.9999947175e-02   -2.8151495457e+00
    3.0000628904e-02   -2.8152205944e+00
