      3002
    0.0000000000e+00    0.0000000000e+00
    9.7362280940e-06   -5.2290732810e-07
    1.9472456188e-05   -1.9754277218e-06
    2.9208684282e-05   -4.3575610107e-06
    3.8944912376e-05   -7.6693077062e-06
    4.9898168072e-05   -1.2506199710e-05
    5.9634396166e-05   -1.7793374354e-05
    6.9370624260e-05   -2.4010161724e-05
    7.9106852354e-05   -3.1156559999e-05
    8.8843080448e-05   -3.9232574636e-05
    9.9796336144e-05   -4.9429265346e-05
    1.0953255696e-04   -5.9480698837e-05
    1.1936988449e-04   -7.0580645115e-05
    1.2951242388e-04   -8.3018654550e-05
    1.3930225396e-04   -9.9863216747e-05
    1.4939271205e-04   -7.7597186901e-03
    1.5927563072e-04   -3.1703136861e-02
    1.6968246200e-04   -7.2123669088e-02
    1.7952857888e-04   -1.2146337330e-01
    1.8913974054e-04   -1.7797212303e-01
    1.9887587405e-04   -2.4207042158e-01
    2.0982899878e-04   -3.2068470120e-01
    2.1956508863e-04   -3.9523452520e-01
    2.2930116393e-04   -4.7329655290e-01
    2.3903725378e-04   -5.5416721106e-01
    2.4999040761e-04   -6.4780485630e-01
    2.5972659932e-04   -7.3283588886e-01
    2.6946279104e-04   -8.1913083792e-01
    2.7919895365e-04   -9.0634518862e-01
    2.8893514536e-04   -9.9421787262e-01
    2.9988834285e-04   -1.0936278105e+00
    3.0962453457e-04   -1.1823424101e+00
    3.1936069718e-04   -1.2712982893e+00
    3.2909688889e-04   -1.3604370356e+00
    3.3883302240e-04   -1.4497096539e+00
    3.4978619078e-04   -1.5502355099e+00
    3.5952235339e-04   -1.6396101713e+00
    3.6925845779e-04   -1.7289335728e+00
    3.7899453309e-04   -1.8181329966e+00
    3.8994755596e-04   -1.9182443619e+00
    3.9968357305e-04   -2.0069634914e+00
    4.0941956104e-04   -2.0954210758e+00
    4.1915551992e-04   -2.1836614609e+00
    4.2889144970e-04   -2.2717618942e+00
    4.3984435615e-04   -2.3708052635e+00
    4.4958025683e-04   -2.4588370323e+00
    4.5931615750e-04   -2.5468769073e+00
    4.6905202908e-04   -2.6349148750e+00
    4.7878790065e-04   -2.7229316235e+00
    4.8974074889e-04   -2.8218960762e+00
    4.9947656225e-04   -2.9097826481e+00
    5.0921243383e-04   -2.9975483418e+00
    5.1894818898e-04   -3.0851449966e+00
    5.2990094991e-04   -3.1834323406e+00
    5.3963670507e-04   -3.2705283165e+00
    5.4937246023e-04   -3.3573417664e+00
    5.5910821538e-04   -3.4438505173e+00
    5.6884397054e-04   -3.5300314426e+00
    5.7979667326e-04   -3.6265635490e+00
    5.8953242842e-04   -3.7119741440e+00
    5.9926818358e-04   -3.7970073223e+00
    6.0900388053e-04   -3.8816795349e+00
    6.1995652504e-04   -3.9765543938e+00
    6.2969216378e-04   -4.0606122017e+00
    6.3942786073e-04   -4.1444783211e+00
    6.4916349947e-04   -4.2282142639e+00
    6.5889908001e-04   -4.3118667603e+00
    6.6985160811e-04   -4.4059071541e+00
    6.7958718864e-04   -4.4894390106e+00
    6.8932271097e-04   -4.5728921890e+00
    6.9905823329e-04   -4.6562261581e+00
    7.0879369741e-04   -4.7393894196e+00
    7.1974610910e-04   -4.8326749802e+00
    7.2948157322e-04   -4.9153008461e+00
    7.3921697913e-04   -4.9976215363e+00
    7.4895244325e-04   -5.0796389580e+00
    7.5990479672e-04   -5.1715788841e+00
    7.6964020263e-04   -5.2530627251e+00
    7.7937560854e-04   -5.3343749046e+00
    7.8911101446e-04   -5.4155635834e+00
    7.9884642037e-04   -5.4966673851e+00
    8.0979865743e-04   -5.5878429413e+00
    8.1953400513e-04   -5.6688523293e+00
    8.2926929463e-04   -5.7498478889e+00
    8.3900458412e-04   -5.8308448792e+00
    8.4995670477e-04   -5.9219861031e+00
    8.5969193606e-04   -6.0030293465e+00
    8.6942716734e-04   -6.0841016769e+00
    8.7916234042e-04   -6.1651921272e+00
    8.8889745530e-04   -6.2462773323e+00
    8.9984945953e-04   -6.3374452591e+00
    9.0958451619e-04   -6.4183864594e+00
    9.1931951465e-04   -6.4991893768e+00
    9.2905445490e-04   -6.5798168182e+00
    9.3878927873e-04   -6.6602420807e+00
    9.4974087551e-04   -6.7504630089e+00
    9.5947552472e-04   -6.8304281235e+00
    9.6921011573e-04   -6.9101796150e+00
    9.7894459032e-04   -6.9897241592e+00
    9.8989589605e-04   -7.0789747238e+00
    9.9963019602e-04   -7.1581034660e+00
    1.0093643796e-03   -7.2370405197e+00
    1.0190985631e-03   -7.3157820702e+00
    1.0288325138e-03   -7.3943214417e+00
    1.0397832375e-03   -7.4824266434e+00
    1.0495170718e-03   -7.5605149269e+00
    1.0592506733e-03   -7.6383924484e+00
    1.0689842748e-03   -7.7160720825e+00
    1.0799344163e-03   -7.8032498360e+00
    1.0896677850e-03   -7.8805747032e+00
    1.0994010372e-03   -7.9577612877e+00
    1.1091342894e-03   -8.0348186493e+00
    1.1188673088e-03   -8.1117506027e+00
    1.1298169848e-03   -8.1981449127e+00
    1.1395498877e-03   -8.2747964859e+00
    1.1492826743e-03   -8.3513078690e+00
    1.1590153445e-03   -8.4276809692e+00
    1.1699643219e-03   -8.5134420395e+00
    1.1796967592e-03   -8.5895462036e+00
    1.1894289637e-03   -8.6655511856e+00
    1.1991611682e-03   -8.7414817810e+00
    1.2088933727e-03   -8.8173666000e+00
    1.2198420009e-03   -8.9027194977e+00
    1.2295740889e-03   -8.9786014557e+00
    1.2393060606e-03   -9.0545120239e+00
    1.2490381487e-03   -9.1304521561e+00
    1.2599866604e-03   -9.2159023285e+00
    1.2697185157e-03   -9.2918443680e+00
    1.2794504873e-03   -9.3677387238e+00
    1.2891823426e-03   -9.4435520172e+00
    1.2989141978e-03   -9.5192546844e+00
    1.3098624768e-03   -9.6042623520e+00
    1.3195943320e-03   -9.6796693802e+00
    1.3293261873e-03   -9.7549276352e+00
    1.3390581589e-03   -9.8300428391e+00
    1.3487900142e-03   -9.9050264359e+00
    1.3597385259e-03   -9.9892482758e+00
    1.3694704976e-03   -1.0064015388e+01
    1.3792023528e-03   -1.0138711929e+01
    1.3889340917e-03   -1.0213354111e+01
    1.3998821378e-03   -1.0297276497e+01
    1.4096136438e-03   -1.0371832848e+01
    1.4193450334e-03   -1.0446345329e+01
    1.4290763065e-03   -1.0520801544e+01
    1.4388074633e-03   -1.0595181465e+01
    1.4497550437e-03   -1.0678735733e+01
    1.4594860841e-03   -1.0752867699e+01
    1.4692171244e-03   -1.0826843262e+01
    1.4789480483e-03   -1.0900639534e+01
    1.4898953959e-03   -1.0983428955e+01
    1.4996263199e-03   -1.1056809425e+01
    1.5093573602e-03   -1.1129996300e+01
    1.5190882841e-03   -1.1203001976e+01
    1.5288193244e-03   -1.1275844574e+01
    1.5397667885e-03   -1.1357615471e+01
    1.5494978288e-03   -1.1430158615e+01
    1.5592289856e-03   -1.1502573013e+01
    1.5689601423e-03   -1.1574854851e+01
    1.5799077228e-03   -1.1656003952e+01
    1.5896389959e-03   -1.1727973938e+01
    1.5993701527e-03   -1.1799779892e+01
    1.6091015423e-03   -1.1871414185e+01
    1.6188328154e-03   -1.1942876816e+01
    1.6297805123e-03   -1.2023076057e+01
    1.6395119019e-03   -1.2094203949e+01
    1.6492432915e-03   -1.2165196419e+01
    1.6589745646e-03   -1.2236067772e+01
    1.6699222615e-03   -1.2315665245e+01
    1.6796534183e-03   -1.2386306763e+01
    1.6893845750e-03   -1.2456844330e+01
    1.6991156153e-03   -1.2527276039e+01
    1.7088466557e-03   -1.2597599030e+01
    1.7197940033e-03   -1.2676581383e+01
    1.7295248108e-03   -1.2746675491e+01
    1.7392556183e-03   -1.2816670418e+01
    1.7489861930e-03   -1.2886579514e+01
    1.7599329585e-03   -1.2965136528e+01
    1.7696633004e-03   -1.3034895897e+01
    1.7793934094e-03   -1.3104595184e+01
    1.7891235184e-03   -1.3174232483e+01
    1.7988532782e-03   -1.3243797302e+01
    1.8097991124e-03   -1.3321951866e+01
    1.8195285229e-03   -1.3391304016e+01
    1.8292577006e-03   -1.3460522652e+01
    1.8389866455e-03   -1.3529583931e+01
    1.8499315483e-03   -1.3607063293e+01
    1.8596601440e-03   -1.3675724983e+01
    1.8693886232e-03   -1.3744174004e+01
    1.8791169859e-03   -1.3812397957e+01
    1.8888451159e-03   -1.3880388260e+01
    1.8997892039e-03   -1.3956590652e+01
    1.9095172174e-03   -1.4024067879e+01
    1.9192451145e-03   -1.4091302872e+01
    1.9289728953e-03   -1.4158300400e+01
    1.9399166340e-03   -1.4233401299e+01
    1.9496444147e-03   -1.4299933434e+01
    1.9593720790e-03   -1.4366275787e+01
    1.9690997433e-03   -1.4432449341e+01
    1.9788274076e-03   -1.4498480797e+01
    1.9897709135e-03   -1.4572622299e+01
    1.9994983450e-03   -1.4638422012e+01
    2.0092257764e-03   -1.4704140663e+01
    2.0189529750e-03   -1.4769787788e+01
    2.0298960153e-03   -1.4843562126e+01
    2.0396232139e-03   -1.4909071922e+01
    2.0493501797e-03   -1.4974514008e+01
    2.0590771455e-03   -1.5039884567e+01
    2.0688038785e-03   -1.5105175018e+01
    2.0797464531e-03   -1.5178521156e+01
    2.0894729532e-03   -1.5243614197e+01
    2.0991994534e-03   -1.5308599472e+01
    2.1089257207e-03   -1.5373467445e+01
    2.1198678296e-03   -1.5446293831e+01
    2.1295938641e-03   -1.5510890007e+01
    2.1393198986e-03   -1.5575354576e+01
    2.1490459330e-03   -1.5639690399e+01
    2.1599873435e-03   -1.5711927414e+01
    2.1697131451e-03   -1.5776033401e+01
    2.1794387139e-03   -1.5840063095e+01
    2.1891642828e-03   -1.5904045105e+01
    2.1988898516e-03   -1.5968008995e+01
    2.2098312620e-03   -1.6039981842e+01
    2.2195565980e-03   -1.6103996277e+01
    2.2292819340e-03   -1.6168064117e+01
    2.2390072700e-03   -1.6232194901e+01
    2.2499482147e-03   -1.6304416656e+01
    2.2596733179e-03   -1.6368667603e+01
    2.2693981882e-03   -1.6432954788e+01
    2.2791230585e-03   -1.6497253418e+01
    2.2888479289e-03   -1.6561542511e+01
    2.2997881752e-03   -1.6633821487e+01
    2.3095125798e-03   -1.6698007584e+01
    2.3192369845e-03   -1.6762113571e+01
    2.3289611563e-03   -1.6826128006e+01
    2.3399007041e-03   -1.6898019791e+01
    2.3496244103e-03   -1.6961809158e+01
    2.3593481164e-03   -1.7025484085e+01
    2.3690713570e-03   -1.7089046478e+01
    2.3787945975e-03   -1.7152494431e+01
    2.3897332139e-03   -1.7223735809e+01
    2.3995384108e-03   -1.7287475586e+01
    2.4099193979e-03   -1.7354837418e+01
    2.4196517188e-03   -1.7417879105e+01
    2.4293838069e-03   -1.7480815887e+01
    2.4397517554e-03   -1.7547760010e+01
    2.4494747631e-03   -1.7610445023e+01
    2.4591975380e-03   -1.7673053741e+01
    2.4689203128e-03   -1.7735597610e+01
    2.4798586965e-03   -1.7805902481e+01
    2.4895814713e-03   -1.7868370056e+01
    2.4993044790e-03   -1.7930833817e+01
    2.5090277195e-03   -1.7993318558e+01
    2.5199663360e-03   -1.8063669205e+01
    2.5296895765e-03   -1.8126277924e+01
    2.5394128170e-03   -1.8188974380e+01
    2.5491360575e-03   -1.8251770020e+01
    2.5588592980e-03   -1.8314670563e+01
    2.5698216632e-03   -1.8385709763e+01
    2.5799144059e-03   -1.8451219559e+01
    2.5890895631e-03   -1.8510848999e+01
    2.5992738083e-03   -1.8577106476e+01
    2.6088915765e-03   -1.8639726639e+01
    2.6198297273e-03   -1.8710983276e+01
    2.6295525022e-03   -1.8774337769e+01
    2.6392752770e-03   -1.8837697983e+01
    2.6489978191e-03   -1.8901056290e+01
    2.6599837001e-03   -1.8972642899e+01
    2.6699991431e-03   -1.9037906647e+01
    2.6795428712e-03   -1.9100107193e+01
    2.6899522636e-03   -1.9167968750e+01
    2.6996738743e-03   -1.9231374741e+01
    2.7094443794e-03   -1.9295141220e+01
    2.7199555188e-03   -1.9363798141e+01
    2.7294731699e-03   -1.9426031113e+01
    2.7398141101e-03   -1.9493728638e+01
    2.7495711111e-03   -1.9557699203e+01
    2.7592917904e-03   -1.9621536255e+01
    2.7697796468e-03   -1.9690544128e+01
    2.7793236077e-03   -1.9753469467e+01
    2.7893041261e-03   -1.9819417953e+01
    2.7994886041e-03   -1.9886863708e+01
    2.8094514273e-03   -1.9952987671e+01
    2.8192086611e-03   -2.0017883301e+01
    2.8293011710e-03   -2.0085144043e+01
    2.8397461865e-03   -2.0154888153e+01
    2.8498389293e-03   -2.0222398758e+01
    2.8595710173e-03   -2.0287601471e+01
    2.8696637601e-03   -2.0355321884e+01
    2.8791178484e-03   -2.0418844223e+01
    2.8892103583e-03   -2.0486747742e+01
    2.8998849448e-03   -2.0558673859e+01
    2.9093327466e-03   -2.0622428894e+01
    2.9194252566e-03   -2.0690645218e+01
    2.9295179993e-03   -2.0758981705e+01
    2.9396105092e-03   -2.0827447891e+01
    2.9497032519e-03   -2.0896051407e+01
    2.9597959947e-03   -2.0964797974e+01
    2.9698885046e-03   -2.1033687592e+01
    2.9793891590e-03   -2.1098665237e+01
    2.9899931978e-03   -2.1171340942e+01
    2.9996333178e-03   -2.1237541199e+01
    3.0095723923e-03   -2.1305919647e+01
    3.0192923732e-03   -2.1372909546e+01
    3.0290123541e-03   -2.1440010071e+01
    3.0399472453e-03   -2.1515626907e+01
    3.0493761878e-03   -2.1580940247e+01
    3.0599802267e-03   -2.1654518127e+01
    3.0694403686e-03   -2.1720270157e+01
    3.0796655919e-03   -2.1791463852e+01
    3.0898910481e-03   -2.1862789154e+01
    3.0994347762e-03   -2.1929481506e+01
    3.1096602324e-03   -2.2001071930e+01
    3.1196919736e-03   -2.2071437836e+01
    3.1294038054e-03   -2.2139688492e+01
    3.1391226221e-03   -2.2208101273e+01
    3.1490530819e-03   -2.2278110504e+01
    3.1596571207e-03   -2.2352977753e+01
    3.1696353108e-03   -2.2423511505e+01
    3.1790640205e-03   -2.2490224838e+01
    3.1896680593e-03   -2.2565313339e+01
    3.1993081793e-03   -2.2633619308e+01
    3.2090446912e-03   -2.2702638626e+01
    3.2199474517e-03   -2.2779958725e+01
    3.2296658028e-03   -2.2848897934e+01
    3.2391333953e-03   -2.2916078568e+01
    3.2497376669e-03   -2.2991350174e+01
    3.2593775541e-03   -2.3059812546e+01
    3.2695673872e-03   -2.3132225037e+01
    3.2797090244e-03   -2.3204364777e+01
    3.2893491443e-03   -2.3273015976e+01
    3.2999531832e-03   -2.3348646164e+01
    3.3095933031e-03   -2.3417520523e+01
    3.3188189846e-03   -2.3483556747e+01
    3.3297524787e-03   -2.3561986923e+01
    3.3394712955e-03   -2.3631875992e+01
    3.3491901122e-03   -2.3701942444e+01
    3.3589089289e-03   -2.3772197723e+01
    3.3698424231e-03   -2.3851472855e+01
    3.3793104813e-03   -2.3920333862e+01
    3.3899145201e-03   -2.3997690201e+01
    3.3995546401e-03   -2.4068223953e+01
    3.4092820715e-03   -2.4139595032e+01
    3.4190008882e-03   -2.4211090088e+01
    3.4299343824e-03   -2.4291734695e+01
    3.4396529663e-03   -2.4363597870e+01
    3.4495438449e-03   -2.4436897278e+01
    3.4591839649e-03   -2.4508487701e+01
    3.4697880037e-03   -2.4587404251e+01
    3.4794281237e-03   -2.4659296036e+01
    3.4890682437e-03   -2.4731328964e+01
    3.4996722825e-03   -2.4810731888e+01
    3.5093124025e-03   -2.4883075714e+01
    3.5195411183e-03   -2.4960008621e+01
    3.5292592365e-03   -2.5033279419e+01
    3.5389771219e-03   -2.5106731415e+01
    3.5491187591e-03   -2.5183591843e+01
    3.5597227979e-03   -2.5264188766e+01
    3.5693629179e-03   -2.5337673187e+01
    3.5799669567e-03   -2.5418743134e+01
    3.5896070767e-03   -2.5492662430e+01
    3.5997966770e-03   -2.5571020126e+01
    3.6095143296e-03   -2.5645959854e+01
    3.6192319822e-03   -2.5721109390e+01
    3.6298360210e-03   -2.5803346634e+01
    3.6394761410e-03   -2.5878320694e+01
    3.6499553826e-03   -2.5960050583e+01
    3.6596730351e-03   -2.6036064148e+01
    3.6693906877e-03   -2.6112295151e+01
    3.6791083403e-03   -2.6188751221e+01
    3.6888259929e-03   -2.6265439987e+01
    3.6997585557e-03   -2.6352001190e+01
    3.7098999601e-03   -2.6432580948e+01
    3.7195400801e-03   -2.6509437561e+01
    3.7291802000e-03   -2.6586557388e+01
    3.7397842389e-03   -2.6671705246e+01
    3.7494243588e-03   -2.6749404907e+01
    3.7590644788e-03   -2.6827394485e+01
    3.7687914446e-03   -2.6906383514e+01
    3.7798970006e-03   -2.6996940613e+01
    3.7895371206e-03   -2.7075874329e+01
    3.7991772406e-03   -2.7155113220e+01
    3.8097812794e-03   -2.7242628098e+01
    3.8195177913e-03   -2.7323305130e+01
    3.8291872479e-03   -2.7403728485e+01
    3.8389049005e-03   -2.7484855652e+01
    3.8496016059e-03   -2.7574499130e+01
    3.8598270621e-03   -2.7660528183e+01
    3.8693707902e-03   -2.7741111755e+01
    3.8795962464e-03   -2.7827756882e+01
    3.8898217026e-03   -2.7914716721e+01
    3.8993654307e-03   -2.7996162415e+01
    3.9095906541e-03   -2.8083726883e+01
    3.9198161103e-03   -2.8171600342e+01
    3.9293598384e-03   -2.8253890991e+01
    3.9395852946e-03   -2.8342350006e+01
    3.9498107508e-03   -2.8431102753e+01
    3.9593544789e-03   -2.8514192581e+01
    3.9695799351e-03   -2.8603477478e+01
    3.9798053913e-03   -2.8693017960e+01
    3.9893491194e-03   -2.8776805878e+01
    3.9995745756e-03   -2.8866798401e+01
    4.0098000318e-03   -2.8957004547e+01
    4.0193437599e-03   -2.9041376114e+01
    4.0295692161e-03   -2.9131956100e+01
    4.0397946723e-03   -2.9222717285e+01
    4.0493384004e-03   -2.9307582855e+01
    4.0595638566e-03   -2.9398674011e+01
    4.0697893128e-03   -2.9489931107e+01
    4.0793330409e-03   -2.9575252533e+01
    4.0895584971e-03   -2.9666824341e+01
    4.0997839533e-03   -2.9758550644e+01
    4.1093276814e-03   -2.9844299316e+01
    4.1195531376e-03   -2.9936311722e+01
    4.1297785938e-03   -3.0028453827e+01
    4.1393223219e-03   -3.0114559174e+01
    4.1495477781e-03   -3.0206912994e+01
    4.1594114155e-03   -3.0296081543e+01
    4.1690515354e-03   -3.0383291245e+01
    4.1796555743e-03   -3.0479272842e+01
    4.1893920861e-03   -3.0567434311e+01
    4.1999961250e-03   -3.0663467407e+01
    4.2096362449e-03   -3.0750770569e+01
    4.2192763649e-03   -3.0838060379e+01
    4.2298804037e-03   -3.0934047699e+01
    4.2395205237e-03   -3.1021270752e+01
    4.2491606437e-03   -3.1108442307e+01
    4.2597646825e-03   -3.1204257965e+01
    4.2694048025e-03   -3.1291288376e+01
    4.2790449224e-03   -3.1378231049e+01
    4.2896489613e-03   -3.1473752975e+01
    4.2992890812e-03   -3.1560470581e+01
    4.3094786815e-03   -3.1651992798e+01
    4.3191188015e-03   -3.1738435745e+01
    4.3297228403e-03   -3.1833345413e+01
    4.3393629603e-03   -3.1919454575e+01
    4.3499669991e-03   -3.2013973236e+01
    4.3596071191e-03   -3.2099708557e+01
    4.3692472391e-03   -3.2185249329e+01
    4.3796873651e-03   -3.2277660370e+01
    4.3896171264e-03   -3.2365318298e+01
    4.3992572464e-03   -3.2450195312e+01
    4.4098612852e-03   -3.2543292999e+01
    4.4191260822e-03   -3.2624389648e+01
    4.4288439676e-03   -3.2709209442e+01
    4.4395262375e-03   -3.2802135468e+01
    4.4491663575e-03   -3.2885715485e+01
    4.4597703964e-03   -3.2977325439e+01
    4.4694105163e-03   -3.3060306549e+01
    4.4790506363e-03   -3.3142986298e+01
    4.4897235930e-03   -3.3234161377e+01
    4.4999490492e-03   -3.3321147919e+01
    4.5098606497e-03   -3.3405105591e+01
    4.5195007697e-03   -3.3486400604e+01
    4.5291408896e-03   -3.3567325592e+01
    4.5397449285e-03   -3.3655883789e+01
    4.5494814403e-03   -3.3736743927e+01
    4.5598256402e-03   -3.3822151184e+01
    4.5688003302e-03   -3.3895809174e+01
    4.5797340572e-03   -3.3984947205e+01
    4.5894528739e-03   -3.4063610077e+01
    4.5991716906e-03   -3.4141708374e+01
    4.6096034348e-03   -3.4224887848e+01
    4.6192435548e-03   -3.4301143646e+01
    4.6298475936e-03   -3.4384334564e+01
    4.6394877136e-03   -3.4459335327e+01
    4.6491278335e-03   -3.4533733368e+01
    4.6598194167e-03   -3.4615547180e+01
    4.6698590741e-03   -3.4691703796e+01
    4.6794028021e-03   -3.4763496399e+01
    4.6897139400e-03   -3.4840400696e+01
    4.6993540600e-03   -3.4911682129e+01
    4.7099580988e-03   -3.4989398956e+01
    4.7195982188e-03   -3.5059429169e+01
    4.7292383388e-03   -3.5128860474e+01
    4.7398423776e-03   -3.5204540253e+01
    4.7493190505e-03   -3.5271549225e+01
    4.7590387985e-03   -3.5339656830e+01
    4.7699734569e-03   -3.5415512085e+01
    4.7796932049e-03   -3.5482242584e+01
    4.7894129530e-03   -3.5548297882e+01
    4.7990926541e-03   -3.5613395691e+01
    4.8096003011e-03   -3.5683261871e+01
    4.8195123672e-03   -3.5748386383e+01
    4.8291524872e-03   -3.5810985565e+01
    4.8397565261e-03   -3.5878990173e+01
    4.8493966460e-03   -3.5940025330e+01
    4.8593357205e-03   -3.6002166748e+01
    4.8690559343e-03   -3.6062164307e+01
    4.8794490285e-03   -3.6125457764e+01
    4.8890891485e-03   -3.6183383942e+01
    4.8996931873e-03   -3.6246231079e+01
    4.9097039737e-03   -3.6304729462e+01
    4.9195010215e-03   -3.6361206055e+01
    4.9291541800e-03   -3.6416099548e+01
    4.9388753250e-03   -3.6470630646e+01
    4.9493089318e-03   -3.6528339386e+01
    4.9599129707e-03   -3.6586132050e+01
    4.9695530906e-03   -3.6637935638e+01
    4.9791932106e-03   -3.6689056396e+01
    4.9896342680e-03   -3.6743679047e+01
    4.9992743880e-03   -3.6793445587e+01
    5.0091389567e-03   -3.6843723297e+01
    5.0191693008e-03   -3.6894207001e+01
    5.0288909115e-03   -3.6942535400e+01
    5.0398274325e-03   -3.6996219635e+01
    5.0495490432e-03   -3.7043346405e+01
    5.0592706539e-03   -3.7089931488e+01
    5.0689922646e-03   -3.7135986328e+01
    5.0796782598e-03   -3.7186008453e+01
    5.0893183798e-03   -3.7230606079e+01
    5.0999224186e-03   -3.7279079437e+01
    5.1094000228e-03   -3.7321895599e+01
    5.1191216335e-03   -3.7365318298e+01
    5.1288441755e-03   -3.7408252716e+01
    5.1397816278e-03   -3.7455982208e+01
    5.1495037042e-03   -3.7497905731e+01
    5.1592257805e-03   -3.7539367676e+01
    5.1689483225e-03   -3.7580375671e+01
    5.1792906597e-03   -3.7623508453e+01
    5.1893829368e-03   -3.7665119171e+01
    5.1987944171e-03   -3.7703502655e+01
    5.2097323351e-03   -3.7747615814e+01
    5.2194553427e-03   -3.7786392212e+01
    5.2291778848e-03   -3.7824771881e+01
    5.2396133542e-03   -3.7865539551e+01
    5.2492534742e-03   -3.7902828217e+01
    5.2596954629e-03   -3.7942848206e+01
    5.2694184706e-03   -3.7979774475e+01
    5.2791414782e-03   -3.8016384125e+01
    5.2888644859e-03   -3.8052692413e+01
    5.2995104343e-03   -3.8092094421e+01
    5.3091505542e-03   -3.8127479553e+01
    5.3197545931e-03   -3.8166084290e+01
    5.3293947130e-03   -3.8200904846e+01
    5.3399987519e-03   -3.8238914490e+01
    5.3496388718e-03   -3.8273216248e+01
    5.3592789918e-03   -3.8307281494e+01
    5.3699794225e-03   -3.8344829559e+01
    5.3796540014e-03   -3.8378547668e+01
    5.3893360309e-03   -3.8412078857e+01
    5.3999405354e-03   -3.8448566437e+01
    5.4092551582e-03   -3.8480419159e+01
    5.4195336998e-03   -3.8515361786e+01
    5.4291738197e-03   -3.8547950745e+01
    5.4397778586e-03   -3.8583599091e+01
    5.4494179785e-03   -3.8615837097e+01
    5.4596504197e-03   -3.8649883270e+01
    5.4695424624e-03   -3.8682632446e+01
    5.4791821167e-03   -3.8714401245e+01
    5.4894150235e-03   -3.8747966766e+01
    5.4991403595e-03   -3.8779716492e+01
    5.5088652298e-03   -3.8811328888e+01
    5.5198059417e-03   -3.8846725464e+01
    5.5295312777e-03   -3.8878055573e+01
    5.5392561480e-03   -3.8909252167e+01
    5.5489819497e-03   -3.8940326691e+01
    5.5599231273e-03   -3.8975143433e+01
    5.5696484633e-03   -3.9005970001e+01
    5.5793742649e-03   -3.9036685944e+01
    5.5891000666e-03   -3.9067283630e+01
    5.5988258682e-03   -3.9097763062e+01
    5.6097675115e-03   -3.9131908417e+01
    5.6194933131e-03   -3.9162120819e+01
    5.6291334331e-03   -3.9191936493e+01
    5.6397374719e-03   -3.9224563599e+01
    5.6497198530e-03   -3.9255104065e+01
    5.6594461203e-03   -3.9284687042e+01
    5.6693810038e-03   -3.9314708710e+01
    5.6799850427e-03   -3.9346508026e+01
    5.6899241172e-03   -3.9376064301e+01
    5.6996508501e-03   -3.9404739380e+01
    5.7093775831e-03   -3.9433151245e+01
    5.7191043161e-03   -3.9461288452e+01
    5.7288315147e-03   -3.9489135742e+01
    5.7397307828e-03   -3.9519985199e+01
    5.7493709028e-03   -3.9546943665e+01
    5.7599749416e-03   -3.9576232910e+01
    5.7696150616e-03   -3.9602519989e+01
    5.7792551816e-03   -3.9628475189e+01
    5.7896981016e-03   -3.9656215668e+01
    5.7994257659e-03   -3.9681697845e+01
    5.8090658858e-03   -3.9706604004e+01
    5.8196699247e-03   -3.9733596802e+01
    5.8288965374e-03   -3.9756740570e+01
    5.8398405090e-03   -3.9783767700e+01
    5.8495686390e-03   -3.9807407379e+01
    5.8592963032e-03   -3.9830680847e+01
    5.8690244332e-03   -3.9853584290e+01
    5.8792126365e-03   -3.9877170563e+01
    5.8898166753e-03   -3.9901279449e+01
    5.8994567953e-03   -3.9922794342e+01
    5.9090969153e-03   -3.9943931580e+01
    5.9197009541e-03   -3.9966728210e+01
    5.9293410741e-03   -3.9987041473e+01
    5.9399455786e-03   -4.0008930206e+01
    5.9494688176e-03   -4.0028182983e+01
    5.9599531814e-03   -4.0048938751e+01
    5.9691281058e-03   -4.0066730499e+01
    5.9797321446e-03   -4.0086872101e+01
    5.9893722646e-03   -4.0104804993e+01
    5.9998603538e-03   -4.0123924255e+01
    6.0097523965e-03   -4.0141601562e+01
    6.0193925165e-03   -4.0158523560e+01
    6.0299965553e-03   -4.0176803589e+01
    6.0396366753e-03   -4.0193138123e+01
    6.0492767952e-03   -4.0209224701e+01
    6.0598808341e-03   -4.0226650238e+01
    6.0695209540e-03   -4.0242256165e+01
    6.0791610740e-03   -4.0257656097e+01
    6.0897651128e-03   -4.0274364471e+01
    6.0994052328e-03   -4.0289356232e+01
    6.1090453528e-03   -4.0304161072e+01
    6.1196493916e-03   -4.0320240021e+01
    6.1292895116e-03   -4.0334671021e+01
    6.1398935504e-03   -4.0350349426e+01
    6.1495336704e-03   -4.0364429474e+01
    6.1591737904e-03   -4.0378353119e+01
    6.1694057658e-03   -4.0392971039e+01
    6.1799632385e-03   -4.0407882690e+01
    6.1896033585e-03   -4.0421360016e+01
    6.1992434785e-03   -4.0434707642e+01
    6.2098475173e-03   -4.0449260712e+01
    6.2194876373e-03   -4.0462379456e+01
    6.2291277573e-03   -4.0475414276e+01
    6.2397317961e-03   -4.0489669800e+01
    6.2493719161e-03   -4.0502578735e+01
    6.2599764206e-03   -4.0516735077e+01
    6.2699606642e-03   -4.0530044556e+01
    6.2796915881e-03   -4.0543018341e+01
    6.2895840965e-03   -4.0556221008e+01
    6.2998207286e-03   -4.0569923401e+01
    6.3095516525e-03   -4.0582996368e+01
    6.3192825764e-03   -4.0596138000e+01
    6.3298135065e-03   -4.0610446930e+01
    6.3390866853e-03   -4.0623146057e+01
    6.3488176093e-03   -4.0636577606e+01
    6.3596740365e-03   -4.0651714325e+01
    6.3693141565e-03   -4.0665302277e+01
    6.3792532310e-03   -4.0679470062e+01
    6.3896505162e-03   -4.0694469452e+01
    6.3992906362e-03   -4.0708553314e+01
    6.4098946750e-03   -4.0724246979e+01
    6.4195347950e-03   -4.0738712311e+01
    6.4297262579e-03   -4.0754219055e+01
    6.4397552051e-03   -4.0769706726e+01
    6.4498339780e-03   -4.0785522461e+01
    6.4594256692e-03   -4.0800811768e+01
    6.4698364586e-03   -4.0817691803e+01
    6.4796209335e-03   -4.0833850861e+01
    6.4893672243e-03   -4.0850238800e+01
    6.4996611327e-03   -4.0867889404e+01
    6.5095736645e-03   -4.0885227203e+01
    6.5198671073e-03   -4.0903602600e+01
    6.5294108354e-03   -4.0920978546e+01
    6.5393913537e-03   -4.0939498901e+01
    6.5488712862e-03   -4.0957408905e+01
    6.5597733483e-03   -4.0978401184e+01
    6.5699988045e-03   -4.0998470306e+01
    6.5795425326e-03   -4.1017555237e+01
    6.5897679888e-03   -4.1038402557e+01
    6.5999934450e-03   -4.1059696198e+01
    6.6095371731e-03   -4.1079982758e+01
    6.6197626293e-03   -4.1102188110e+01
    6.6299568862e-03   -4.1124809265e+01
    6.6398954950e-03   -4.1147346497e+01
    6.6495356150e-03   -4.1169666290e+01
    6.6591757350e-03   -4.1192447662e+01
    6.6697797738e-03   -4.1218063354e+01
    6.6794198938e-03   -4.1241878510e+01
    6.6890600137e-03   -4.1266212463e+01
    6.6996640526e-03   -4.1293598175e+01
    6.7093041725e-03   -4.1319072723e+01
    6.7190406844e-03   -4.1345371246e+01
    6.7296405323e-03   -4.1374656677e+01
    6.7392806523e-03   -4.1401889801e+01
    6.7498846911e-03   -4.1432506561e+01
    6.7595248111e-03   -4.1460937500e+01
    6.7691649310e-03   -4.1489944458e+01
    6.7799063399e-03   -4.1522937775e+01
    6.7896377295e-03   -4.1553443909e+01
    6.7997826263e-03   -4.1585868835e+01
    6.8094227463e-03   -4.1617267609e+01
    6.8190628663e-03   -4.1649238586e+01
    6.8290471099e-03   -4.1682941437e+01
    6.8399040028e-03   -4.1720264435e+01
    6.8495436572e-03   -4.1753986359e+01
    6.8591837771e-03   -4.1788238525e+01
    6.8697882816e-03   -4.1826522827e+01
    6.8797268905e-03   -4.1862964630e+01
    6.8899174221e-03   -4.1900875092e+01
    6.8995575421e-03   -4.1937232971e+01
    6.9091976620e-03   -4.1974063873e+01
    6.9189341739e-03   -4.2011726379e+01
    6.9298320450e-03   -4.2054409027e+01
    6.9395634346e-03   -4.2092979431e+01
    6.9492948242e-03   -4.2131958008e+01
    6.9590262137e-03   -4.2171325684e+01
    6.9692167453e-03   -4.2212940216e+01
    6.9798212498e-03   -4.2256637573e+01
    6.9894609042e-03   -4.2296684265e+01
    6.9991010241e-03   -4.2337001801e+01
    7.0097055286e-03   -4.2381629944e+01
    7.0189782418e-03   -4.2420864105e+01
    7.0299264044e-03   -4.2467380524e+01
    7.0396582596e-03   -4.2508865356e+01
    7.0490916260e-03   -4.2549175262e+01
    7.0596956648e-03   -4.2594558716e+01
    7.0693357848e-03   -4.2635848999e+01
    7.0799398236e-03   -4.2681270599e+01
    7.0895799436e-03   -4.2722534180e+01
    7.0992200635e-03   -4.2763748169e+01
    7.1099204943e-03   -4.2809410095e+01
    7.1196025237e-03   -4.2850616455e+01
    7.1297474205e-03   -4.2893661499e+01
    7.1393875405e-03   -4.2934410095e+01
    7.1499915794e-03   -4.2979030609e+01
    7.1597280912e-03   -4.3019783020e+01
    7.1694101207e-03   -4.3060077667e+01
    7.1793026291e-03   -4.3100978851e+01
    7.1899066679e-03   -4.3144489288e+01
    7.1995467879e-03   -4.3183715820e+01
    7.2091869079e-03   -4.3222610474e+01
    7.2196307592e-03   -4.3264347076e+01
    7.2297756560e-03   -4.3304470062e+01
    7.2394157760e-03   -4.3342205048e+01
    7.2488957085e-03   -4.3378921509e+01
    7.2598969564e-03   -4.3421043396e+01
    7.2694406845e-03   -4.3457153320e+01
    7.2798514739e-03   -4.3496082306e+01
    7.2899963707e-03   -4.3533550262e+01
    7.2996364906e-03   -4.3568721771e+01
    7.3092766106e-03   -4.3603466034e+01
    7.3198806494e-03   -4.3641178131e+01
    7.3296171613e-03   -4.3675327301e+01
    7.3392991908e-03   -4.3708831787e+01
    7.3496964760e-03   -4.3744300842e+01
    7.3593365960e-03   -4.3776710510e+01
    7.3699406348e-03   -4.3811832428e+01
    7.3795807548e-03   -4.3843265533e+01
    7.3892208748e-03   -4.3874225616e+01
    7.3998249136e-03   -4.3907722473e+01
    7.4094650336e-03   -4.3937664032e+01
    7.4191051535e-03   -4.3967117310e+01
    7.4292966165e-03   -4.3997722626e+01
    7.4398522265e-03   -4.4028858185e+01
    7.4494676664e-03   -4.4056713104e+01
    7.4590719305e-03   -4.4084053040e+01
    7.4692168273e-03   -4.4112415314e+01
    7.4798208661e-03   -4.4141483307e+01
    7.4890935794e-03   -4.4166408539e+01
    7.4999956414e-03   -4.4195110321e+01
    7.5096357614e-03   -4.4219932556e+01
    7.5192758814e-03   -4.4244220734e+01
    7.5298799202e-03   -4.4270305634e+01
    7.5393547304e-03   -4.4293037415e+01
    7.5499000959e-03   -4.4317703247e+01
    7.5596324168e-03   -4.4339870453e+01
    7.5697768480e-03   -4.4362380981e+01
    7.5794169679e-03   -4.4383224487e+01
    7.5890570879e-03   -4.4403541565e+01
    7.5996611267e-03   -4.4425300598e+01
    7.6093012467e-03   -4.4444553375e+01
    7.6199742034e-03   -4.4465274811e+01
    7.6290392317e-03   -4.4482383728e+01
    7.6396432705e-03   -4.4501850128e+01
    7.6492833905e-03   -4.4519050598e+01
    7.6598874293e-03   -4.4537452698e+01
    7.6695275493e-03   -4.4553730011e+01
    7.6791676693e-03   -4.4569599152e+01
    7.6898406260e-03   -4.4586723328e+01
    7.6997042634e-03   -4.4602165222e+01
    7.7093443833e-03   -4.4616939545e+01
    7.7199484222e-03   -4.4632858276e+01
    7.7298604883e-03   -4.4647441864e+01
    7.7397720888e-03   -4.4661766052e+01
    7.7494122088e-03   -4.4675449371e+01
    7.7590523288e-03   -4.4688903809e+01
    7.7696563676e-03   -4.4703456879e+01
    7.7793654054e-03   -4.4716571808e+01
    7.7895908616e-03   -4.4730205536e+01
    7.7994544990e-03   -4.4743202209e+01
    7.8090946190e-03   -4.4755771637e+01
    7.8196981922e-03   -4.4769474030e+01
    7.8293383121e-03   -4.4781856537e+01
    7.8399423510e-03   -4.4795413971e+01
    7.8496029601e-03   -4.4807720184e+01
    7.8590465710e-03   -4.4819694519e+01
    7.8697828576e-03   -4.4833244324e+01
    7.8793661669e-03   -4.4845287323e+01
    7.8899702057e-03   -4.4858539581e+01
    7.8996103257e-03   -4.4870502472e+01
    7.9092504457e-03   -4.4882362366e+01
    7.9195722938e-03   -4.4894901276e+01
    7.9297982156e-03   -4.4907142639e+01
    7.9392623156e-03   -4.4918327332e+01
    7.9498663545e-03   -4.4930706024e+01
    7.9599739984e-03   -4.4942363739e+01
    7.9694185406e-03   -4.4953121185e+01
    7.9790474847e-03   -4.4963958740e+01
    7.9896515235e-03   -4.4975769043e+01
    7.9993270338e-03   -4.4986461639e+01
    8.0094840378e-03   -4.4997627258e+01
    8.0196298659e-03   -4.5008731842e+01
    8.0292699859e-03   -4.5019241333e+01
    8.0398255959e-03   -4.5030738831e+01
    8.0493697897e-03   -4.5041191101e+01
    8.0596804619e-03   -4.5052608490e+01
    8.0693205819e-03   -4.5063499451e+01
    8.0799246207e-03   -4.5075702667e+01
    8.0899158493e-03   -4.5087413788e+01
    8.0994600430e-03   -4.5098789215e+01
    8.1097539514e-03   -4.5111240387e+01
    8.1199789420e-03   -4.5123752594e+01
    8.1297252327e-03   -4.5135753632e+01
    8.1393653527e-03   -4.5147632599e+01
    8.1499693915e-03   -4.5160633087e+01
    8.1596095115e-03   -4.5172340393e+01
    8.1694843248e-03   -4.5184200287e+01
    8.1797093153e-03   -4.5196353912e+01
    8.1899352372e-03   -4.5208435059e+01
    8.1995641813e-03   -4.5219841003e+01
    8.2092043012e-03   -4.5231407166e+01
    8.2198083401e-03   -4.5244487762e+01
    8.2294484600e-03   -4.5256855011e+01
    8.2390885800e-03   -4.5269798279e+01
    8.2496926188e-03   -4.5284770966e+01
    8.2595190033e-03   -4.5299331665e+01
    8.2697449252e-03   -4.5315113068e+01
    8.2799699157e-03   -4.5331378937e+01
    8.2895141095e-03   -4.5346817017e+01
    8.2997391000e-03   -4.5363399506e+01
    8.3093205467e-03   -4.5378688812e+01
    8.3195455372e-03   -4.5394397736e+01
    8.3297714591e-03   -4.5409152985e+01
    8.3399964496e-03   -4.5422657013e+01
    8.3495406434e-03   -4.5433898926e+01
    8.3597656339e-03   -4.5444301605e+01
    8.3699915558e-03   -4.5452907562e+01
    8.3795348182e-03   -4.5459377289e+01
    8.3897607401e-03   -4.5464752197e+01
    8.3999857306e-03   -4.5468688965e+01
    8.4095299244e-03   -4.5471237183e+01
    8.4197549149e-03   -4.5473022461e+01
    8.4299808368e-03   -4.5474109650e+01
    8.4395240992e-03   -4.5474773407e+01
    8.4497500211e-03   -4.5475341797e+01
    8.4597300738e-03   -4.5476013184e+01
    8.4693701938e-03   -4.5477058411e+01
    8.4799742326e-03   -4.5478919983e+01
    8.4898490459e-03   -4.5481529236e+01
    8.4990793839e-03   -4.5484882355e+01
    8.5096834227e-03   -4.5489944458e+01
    8.5193235427e-03   -4.5495700836e+01
    8.5299275815e-03   -4.5503265381e+01
    8.5396841168e-03   -4.5511295319e+01
    8.5494313389e-03   -4.5520145416e+01
    8.5590714589e-03   -4.5529644012e+01
    8.5696270689e-03   -4.5540767670e+01
    8.5798520595e-03   -4.5552131653e+01
    8.5899988189e-03   -4.5563838959e+01
    8.5995309055e-03   -4.5575061798e+01
    8.6095705628e-03   -4.5586902618e+01
    8.6197955534e-03   -4.5598739624e+01
    8.6293397471e-03   -4.5609352112e+01
    8.6394855753e-03   -4.5619930267e+01
    8.6494432762e-03   -4.5629371643e+01
    8.6590833962e-03   -4.5637447357e+01
    8.6694741622e-03   -4.5644889832e+01
    8.6792288348e-03   -4.5650787354e+01
    8.6897769943e-03   -4.5656002045e+01
    8.6994171143e-03   -4.5659702301e+01
    8.7090572342e-03   -4.5662384033e+01
    8.7196612731e-03   -4.5664157867e+01
    8.7293703109e-03   -4.5664710999e+01
    8.7395953014e-03   -4.5664218903e+01
    8.7498212233e-03   -4.5662639618e+01
    8.7598012760e-03   -4.5660049438e+01
    8.7694413960e-03   -4.5656539917e+01
    8.7790815160e-03   -4.5652000427e+01
    8.7896855548e-03   -4.5645755768e+01
    8.7993256748e-03   -4.5638839722e+01
    8.8097164407e-03   -4.5629955292e+01
    8.8199423626e-03   -4.5619644165e+01
    8.8294856250e-03   -4.5608528137e+01
    8.8397115469e-03   -4.5594947815e+01
    8.8493227959e-03   -4.5580577850e+01
    8.8595664129e-03   -4.5563571930e+01
    8.8694300503e-03   -4.5545616150e+01
    8.8790701702e-03   -4.5526695251e+01
    8.8896742091e-03   -4.5504508972e+01
    8.8993143290e-03   -4.5483287811e+01
    8.9099183679e-03   -4.5459026337e+01
    8.9195584878e-03   -4.5436355591e+01
    8.9298319072e-03   -4.5411746979e+01
    8.9393751696e-03   -4.5388641357e+01
    8.9499689639e-03   -4.5362865448e+01
    8.9596090838e-03   -4.5339385986e+01
    8.9692492038e-03   -4.5315944672e+01
    8.9798532426e-03   -4.5290225983e+01
    8.9894933626e-03   -4.5266887665e+01
    8.9991334826e-03   -4.5243541718e+01
    9.0095242485e-03   -4.5218284607e+01
    9.0191541240e-03   -4.5194675446e+01
    9.0297581628e-03   -4.5168304443e+01
    9.0398658067e-03   -4.5142635345e+01
    9.0494100004e-03   -4.5117774963e+01
    9.0596349910e-03   -4.5090309143e+01
    9.0698609129e-03   -4.5061874390e+01
    9.0794041753e-03   -4.5034385681e+01
    9.0896980837e-03   -4.5003681183e+01
    9.0993279591e-03   -4.4973979950e+01
    9.1098835692e-03   -4.4940422058e+01
    9.1194957495e-03   -4.4909080505e+01
    9.1295018792e-03   -4.4875827789e+01
    9.1391419992e-03   -4.4843410492e+01
    9.1494163498e-03   -4.4808696747e+01
    9.1596413404e-03   -4.4774280548e+01
    9.1698672622e-03   -4.4740303040e+01
    9.1794105247e-03   -4.4709266663e+01
    9.1893225908e-03   -4.4677997589e+01
    9.1999843717e-03   -4.4645736694e+01
    9.2096934095e-03   -4.4617813110e+01
    9.2199193314e-03   -4.4590084076e+01
    9.2294625938e-03   -4.4565876007e+01
    9.2396885157e-03   -4.4541820526e+01
    9.2499135062e-03   -4.4519763947e+01
    9.2594577000e-03   -4.4501007080e+01
    9.2696826905e-03   -4.4482864380e+01
    9.2795947567e-03   -4.4467193604e+01
    9.2894099653e-03   -4.4453498840e+01
    9.2999171466e-03   -4.4440776825e+01
    9.3094613403e-03   -4.4430870056e+01
    9.3196863309e-03   -4.4421852112e+01
    9.3299122527e-03   -4.4414333344e+01
    9.3392105773e-03   -4.4408649445e+01
    9.3498146161e-03   -4.4403350830e+01
    9.3594547361e-03   -4.4399456024e+01
    9.3690948561e-03   -4.4396270752e+01
    9.3796988949e-03   -4.4393386841e+01
    9.3893390149e-03   -4.4391147614e+01
    9.3998471275e-03   -4.4388942719e+01
    9.4093913212e-03   -4.4387031555e+01
    9.4196163118e-03   -4.4384944916e+01
    9.4298422337e-03   -4.4382690430e+01
    9.4393854961e-03   -4.4380355835e+01
    9.4496114179e-03   -4.4377540588e+01
    9.4598364085e-03   -4.4374343872e+01
    9.4693806022e-03   -4.4370983124e+01
    9.4796055928e-03   -4.4366916656e+01
    9.4898305833e-03   -4.4362308502e+01
    9.4993747771e-03   -4.4357479095e+01
    9.5095997676e-03   -4.4351730347e+01
    9.5198256895e-03   -4.4345413208e+01
    9.5291249454e-03   -4.4339221954e+01
    9.5397289842e-03   -4.4331684113e+01
    9.5499539748e-03   -4.4323974609e+01
    9.5594981685e-03   -4.4316440582e+01
    9.5697231591e-03   -4.4308063507e+01
    9.5799490809e-03   -4.4299446106e+01
    9.5894923434e-03   -4.4291248322e+01
    9.5997182652e-03   -4.4282367706e+01
    9.6099432558e-03   -4.4273456573e+01
    9.6194874495e-03   -4.4265171051e+01
    9.6297124401e-03   -4.4256378174e+01
    9.6399383619e-03   -4.4247734070e+01
    9.6498494968e-03   -4.4239536285e+01
    9.6593163908e-03   -4.4231899261e+01
    9.6694249660e-03   -4.4223987579e+01
    9.6796881407e-03   -4.4216236115e+01
    9.6893282607e-03   -4.4209239960e+01
    9.6996016800e-03   -4.4202106476e+01
    9.7093572840e-03   -4.4195671082e+01
    9.7194565460e-03   -4.4189380646e+01
    9.7292121500e-03   -4.4183704376e+01
    9.7394771874e-03   -4.4178192139e+01
    9.7497021779e-03   -4.4173217773e+01
    9.7599085420e-03   -4.4168823242e+01
    9.7694825381e-03   -4.4165260315e+01
    9.7797075287e-03   -4.4162082672e+01
    9.7899334505e-03   -4.4159503937e+01
    9.7994767129e-03   -4.4157634735e+01
    9.8094576970e-03   -4.4156219482e+01
    9.8196826875e-03   -4.4155357361e+01
    9.8299086094e-03   -4.4155002594e+01
    9.8394518718e-03   -4.4155178070e+01
    9.8496777937e-03   -4.4155925751e+01
    9.8597062752e-03   -4.4157226562e+01
    9.8699321970e-03   -4.4159130096e+01
    9.8794754595e-03   -4.4161407471e+01
    9.8897013813e-03   -4.4164348602e+01
    9.8999263719e-03   -4.4167732239e+01
    9.9094705656e-03   -4.4171195984e+01
    9.9196955562e-03   -4.4175189972e+01
    9.9299214780e-03   -4.4179431915e+01
    9.9394647405e-03   -4.4183567047e+01
    9.9496906623e-03   -4.4188144684e+01
    9.9599156529e-03   -4.4192825317e+01
    9.9694598466e-03   -4.4197250366e+01
    9.9797220901e-03   -4.4202022552e+01
    9.9893622100e-03   -4.4206466675e+01
    9.9998014048e-03   -4.4211154938e+01
    1.0009557009e-02   -4.4215335846e+01
    1.0019781999e-02   -4.4219413757e+01
    1.0029326193e-02   -4.4222873688e+01
    1.0039551184e-02   -4.4226139069e+01
    1.0049776174e-02   -4.4228855133e+01
    1.0059805587e-02   -4.4230892181e+01
    1.0069631971e-02   -4.4232200623e+01
    1.0079856962e-02   -4.4232803345e+01
    1.0089203715e-02   -4.4232643127e+01
    1.0099478066e-02   -4.4231639862e+01
    1.0109703057e-02   -4.4229766846e+01
    1.0119458660e-02   -4.4227214813e+01
    1.0129683651e-02   -4.4223716736e+01
    1.0139829479e-02   -4.4219406128e+01
    1.0149373673e-02   -4.4214553833e+01
    1.0159598663e-02   -4.4208534241e+01
    1.0169824585e-02   -4.4201736450e+01
    1.0179367848e-02   -4.4194705963e+01
    1.0189593770e-02   -4.4186489105e+01
    1.0199818760e-02   -4.4177597046e+01
    1.0209362954e-02   -4.4168720245e+01
    1.0219587944e-02   -4.4158611298e+01
    1.0229782201e-02   -4.4147933960e+01
    1.0239422321e-02   -4.4137306213e+01
    1.0249530897e-02   -4.4125644684e+01
    1.0259755887e-02   -4.4113342285e+01
    1.0269981809e-02   -4.4100559235e+01
    1.0279525071e-02   -4.4088199615e+01
    1.0289750993e-02   -4.4074512482e+01
    1.0299975984e-02   -4.4060401917e+01
    1.0309520178e-02   -4.4046859741e+01
    1.0319745168e-02   -4.4031978607e+01
    1.0329971090e-02   -4.4016742706e+01
    1.0339514352e-02   -4.4002231598e+01
    1.0349740274e-02   -4.3986389160e+01
    1.0359965265e-02   -4.3970252991e+01
    1.0369509459e-02   -4.3954936981e+01
    1.0379937477e-02   -4.3937927246e+01
    1.0389364325e-02   -4.3922317505e+01
    1.0399589315e-02   -4.3905155182e+01
    1.0409815237e-02   -4.3887786865e+01
    1.0419358499e-02   -4.3871440887e+01
    1.0429584421e-02   -4.3853832245e+01
    1.0439809412e-02   -4.3836200714e+01
    1.0449353606e-02   -4.3819793701e+01
    1.0459790006e-02   -4.3801986694e+01
    1.0469334200e-02   -4.3785884857e+01
    1.0479559191e-02   -4.3768886566e+01
    1.0489785112e-02   -4.3752197266e+01
    1.0499328375e-02   -4.3736946106e+01
    1.0509554297e-02   -4.3720981598e+01
    1.0519779287e-02   -4.3705425262e+01
    1.0529323481e-02   -4.3691261292e+01
    1.0539548472e-02   -4.3676425934e+01
    1.0549774393e-02   -4.3661911011e+01
    1.0559999384e-02   -4.3647705078e+01
    1.0569543578e-02   -4.3634731293e+01
    1.0579768568e-02   -4.3621162415e+01
    1.0589994490e-02   -4.3607952118e+01
    1.0599537753e-02   -4.3595954895e+01
    1.0609763674e-02   -4.3583457947e+01
    1.0619988665e-02   -4.3571319580e+01
    1.0629532859e-02   -4.3560310364e+01
    1.0639757849e-02   -4.3548839569e+01
    1.0649983771e-02   -4.3537677765e+01
    1.0659527034e-02   -4.3527519226e+01
    1.0669752955e-02   -4.3516883850e+01
    1.0679977946e-02   -4.3506500244e+01
    1.0689522140e-02   -4.3497028351e+01
    1.0699747130e-02   -4.3487121582e+01
    1.0709972121e-02   -4.3477470398e+01
    1.0719516315e-02   -4.3468688965e+01
    1.0729741305e-02   -4.3459506989e+01
    1.0739967227e-02   -4.3450553894e+01
    1.0749510489e-02   -4.3442398071e+01
    1.0759736411e-02   -4.3433872223e+01
    1.0769961402e-02   -4.3425559998e+01
    1.0779505596e-02   -4.3417987823e+01
    1.0789730586e-02   -4.3410057068e+01
    1.0799956508e-02   -4.3402305603e+01
    1.0809499770e-02   -4.3395221710e+01
    1.0819725692e-02   -4.3387771606e+01
    1.0829950683e-02   -4.3380466461e+01
    1.0839494877e-02   -4.3373764038e+01
    1.0849719867e-02   -4.3366718292e+01
    1.0859945789e-02   -4.3359817505e+01
    1.0869489051e-02   -4.3353507996e+01
    1.0879714973e-02   -4.3346870422e+01
    1.0889939964e-02   -4.3340343475e+01
    1.0899484158e-02   -4.3334320068e+01
    1.0909709148e-02   -4.3327911377e+01
    1.0919935070e-02   -4.3321529388e+01
    1.0929478332e-02   -4.3315608978e+01
    1.0939704254e-02   -4.3309314728e+01
    1.0949929245e-02   -4.3303096771e+01
    1.0959473439e-02   -4.3297397614e+01
    1.0969698429e-02   -4.3291431427e+01
    1.0979924351e-02   -4.3285648346e+01
    1.0989467613e-02   -4.3280437469e+01
    1.0999693535e-02   -4.3275066376e+01
    1.1009918526e-02   -4.3269905090e+01
    1.1019462720e-02   -4.3265228271e+01
    1.1029687710e-02   -4.3260326385e+01
    1.1039913632e-02   -4.3255512238e+01
    1.1049456894e-02   -4.3251125336e+01
    1.1059682816e-02   -4.3246570587e+01
    1.1069907807e-02   -4.3242202759e+01
    1.1079452001e-02   -4.3238323212e+01
    1.1089676991e-02   -4.3234390259e+01
    1.1099902913e-02   -4.3230705261e+01
    1.1109446175e-02   -4.3227489471e+01
    1.1119672097e-02   -4.3224285126e+01
    1.1129897088e-02   -4.3221321106e+01
    1.1139441282e-02   -4.3218757629e+01
    1.1149666272e-02   -4.3216194153e+01
    1.1159892194e-02   -4.3213787079e+01
    1.1169435456e-02   -4.3211647034e+01
    1.1179661378e-02   -4.3209438324e+01
    1.1189886369e-02   -4.3207286835e+01
    1.1199430563e-02   -4.3205295563e+01
    1.1209655553e-02   -4.3203140259e+01
    1.1219567619e-02   -4.3201007843e+01
    1.1229394004e-02   -4.3198822021e+01
    1.1239618994e-02   -4.3196449280e+01
    1.1249844916e-02   -4.3193946838e+01
    1.1259388179e-02   -4.3191478729e+01
    1.1269614100e-02   -4.3188667297e+01
    1.1279839091e-02   -4.3185676575e+01
    1.1289383285e-02   -4.3182716370e+01
    1.1299608275e-02   -4.3179359436e+01
    1.1309833266e-02   -4.3175819397e+01
    1.1319377460e-02   -4.3172363281e+01
    1.1329571716e-02   -4.3168521881e+01
    1.1339211836e-02   -4.3164756775e+01
    1.1349815875e-02   -4.3160480499e+01
    1.1359455995e-02   -4.3156475067e+01
    1.1369096115e-02   -4.3152359009e+01
    1.1379700154e-02   -4.3147712708e+01
    1.1389340274e-02   -4.3143398285e+01
    1.1399944313e-02   -4.3138561249e+01
    1.1409418657e-02   -4.3134151459e+01
    1.1419644579e-02   -4.3129295349e+01
    1.1429869570e-02   -4.3124336243e+01
    1.1439413764e-02   -4.3119613647e+01
    1.1449638754e-02   -4.3114452362e+01
    1.1459864676e-02   -4.3109180450e+01
    1.1469407938e-02   -4.3104160309e+01
    1.1479633860e-02   -4.3098667145e+01
    1.1489858851e-02   -4.3093051910e+01
    1.1499403045e-02   -4.3087699890e+01
    1.1509628035e-02   -4.3081836700e+01
    1.1519853957e-02   -4.3075820923e+01
    1.1529397219e-02   -4.3070072174e+01
    1.1539623141e-02   -4.3063789368e+01
    1.1549848132e-02   -4.3057407379e+01
    1.1559392326e-02   -4.3051383972e+01
    1.1569617316e-02   -4.3044876099e+01
    1.1579843238e-02   -4.3038307190e+01
    1.1589386500e-02   -4.3032108307e+01
    1.1599612422e-02   -4.3025394440e+01
    1.1609837413e-02   -4.3018604279e+01
    1.1619381607e-02   -4.3012187958e+01
    1.1629606597e-02   -4.3005241394e+01
    1.1639832519e-02   -4.2998222351e+01
    1.1649375781e-02   -4.2991611481e+01
    1.1659601703e-02   -4.2984470367e+01
    1.1669465341e-02   -4.2977531433e+01
    1.1679105461e-02   -4.2970695496e+01
    1.1689496227e-02   -4.2963264465e+01
    1.1699721217e-02   -4.2955902100e+01
    1.1709947139e-02   -4.2948497772e+01
    1.1719490401e-02   -4.2941558838e+01
    1.1729716323e-02   -4.2934116364e+01
    1.1739941314e-02   -4.2926689148e+01
    1.1749485508e-02   -4.2919784546e+01
    1.1759710498e-02   -4.2912433624e+01
    1.1769936420e-02   -4.2905143738e+01
    1.1779479682e-02   -4.2898410797e+01
    1.1789705604e-02   -4.2891277313e+01
    1.1799930595e-02   -4.2884231567e+01
    1.1809474789e-02   -4.2877723694e+01
    1.1819699779e-02   -4.2870819092e+01
    1.1829925701e-02   -4.2863983154e+01
    1.1839468963e-02   -4.2857662201e+01
    1.1849694885e-02   -4.2850971222e+01
    1.1859919876e-02   -4.2844387054e+01
    1.1869464070e-02   -4.2838352203e+01
    1.1879689060e-02   -4.2832019806e+01
    1.1889914051e-02   -4.2825805664e+01
    1.1899458244e-02   -4.2820106506e+01
    1.1909683235e-02   -4.2814083099e+01
    1.1919909157e-02   -4.2808116913e+01
    1.1929452419e-02   -4.2802577972e+01
    1.1939678341e-02   -4.2796646118e+01
    1.1949903332e-02   -4.2790691376e+01
    1.1959447525e-02   -4.2785079956e+01
    1.1969672516e-02   -4.2778980255e+01
    1.1979898438e-02   -4.2772766113e+01
    1.1989441700e-02   -4.2766830444e+01
    1.1999667622e-02   -4.2760299683e+01
    1.2009892613e-02   -4.2753566742e+01
    1.2019436806e-02   -4.2747089386e+01
    1.2029661797e-02   -4.2739929199e+01
    1.2039887719e-02   -4.2732547760e+01
    1.2049430981e-02   -4.2725486755e+01
    1.2059656903e-02   -4.2717777252e+01
    1.2069637887e-02   -4.2710132599e+01
    1.2079745531e-02   -4.2702270508e+01
    1.2089971453e-02   -4.2694171906e+01
    1.2099514715e-02   -4.2686454773e+01
    1.2109740637e-02   -4.2678012848e+01
    1.2119965628e-02   -4.2669384003e+01
    1.2129509822e-02   -4.2661182404e+01
    1.2139734812e-02   -4.2652252197e+01
    1.2149960734e-02   -4.2643196106e+01
    1.2159503996e-02   -4.2634635925e+01
    1.2169729918e-02   -4.2625343323e+01
    1.2179954909e-02   -4.2615924835e+01
    1.2189499103e-02   -4.2607013702e+01
    1.2199724093e-02   -4.2597343445e+01
    1.2209950015e-02   -4.2587551117e+01
    1.2219493277e-02   -4.2578304291e+01
    1.2229719199e-02   -4.2568294525e+01
    1.2239944190e-02   -4.2558189392e+01
    1.2249488384e-02   -4.2548679352e+01
    1.2259713374e-02   -4.2538410187e+01
    1.2269939296e-02   -4.2528068542e+01
    1.2279482558e-02   -4.2518348694e+01
    1.2289708480e-02   -4.2507865906e+01
    1.2299933471e-02   -4.2497314453e+01
    1.2309477665e-02   -4.2487411499e+01
    1.2319956906e-02   -4.2476470947e+01
    1.2329689227e-02   -4.2466255188e+01
    1.2339618988e-02   -4.2455787659e+01
    1.2349843979e-02   -4.2444953918e+01
    1.2359388173e-02   -4.2434795380e+01
    1.2369613163e-02   -4.2423866272e+01
    1.2379839085e-02   -4.2412887573e+01
    1.2389382347e-02   -4.2402599335e+01
    1.2399608269e-02   -4.2391544342e+01
    1.2409833260e-02   -4.2380455017e+01
    1.2419377454e-02   -4.2370090485e+01
    1.2429602444e-02   -4.2358978271e+01
    1.2439828366e-02   -4.2347869873e+01
    1.2449371628e-02   -4.2337509155e+01
    1.2459597550e-02   -4.2326427460e+01
    1.2469822541e-02   -4.2315361023e+01
    1.2479366735e-02   -4.2305053711e+01
    1.2489591725e-02   -4.2294017792e+01
    1.2499817647e-02   -4.2282985687e+01
    1.2509360909e-02   -4.2272682190e+01
    1.2519586831e-02   -4.2261619568e+01
    1.2529811822e-02   -4.2250522614e+01
    1.2539356016e-02   -4.2240119934e+01
    1.2549581006e-02   -4.2228919983e+01
    1.2559806928e-02   -4.2217670441e+01
    1.2569350190e-02   -4.2207122803e+01
    1.2579576112e-02   -4.2195770264e+01
    1.2589801103e-02   -4.2184356689e+01
    1.2599345297e-02   -4.2173641205e+01
    1.2609570287e-02   -4.2162090302e+01
    1.2619796209e-02   -4.2150466919e+01
    1.2629339471e-02   -4.2139560699e+01
    1.2639565393e-02   -4.2127830505e+01
    1.2649790384e-02   -4.2116069794e+01
    1.2659334578e-02   -4.2105075836e+01
    1.2669559568e-02   -4.2093284607e+01
    1.2679785490e-02   -4.2081485748e+01
    1.2689328752e-02   -4.2070461273e+01
    1.2699554674e-02   -4.2058639526e+01
    1.2709583156e-02   -4.2047023773e+01
    1.2719223276e-02   -4.2035839081e+01
    1.2729502283e-02   -4.2023887634e+01
    1.2739595026e-02   -4.2012123108e+01
    1.2749686837e-02   -4.2000324249e+01
    1.2759779580e-02   -4.1988475800e+01
    1.2769872323e-02   -4.1976573944e+01
    1.2779678218e-02   -4.1964942932e+01
    1.2789903209e-02   -4.1952720642e+01
    1.2799447402e-02   -4.1941215515e+01
    1.2809358537e-02   -4.1929149628e+01
    1.2819962576e-02   -4.1916095734e+01
    1.2829602696e-02   -4.1904087067e+01
    1.2839360163e-02   -4.1891792297e+01
    1.2849586084e-02   -4.1878749847e+01
    1.2859879062e-02   -4.1865463257e+01
    1.2869607657e-02   -4.1852764130e+01
    1.2879832648e-02   -4.1839263916e+01
    1.2889376841e-02   -4.1826519012e+01
    1.2899601832e-02   -4.1812705994e+01
    1.2909827754e-02   -4.1798709869e+01
    1.2919691391e-02   -4.1785026550e+01
    1.2929331511e-02   -4.1771465302e+01
    1.2939795852e-02   -4.1756519318e+01
    1.2949862517e-02   -4.1741916656e+01
    1.2959406711e-02   -4.1727859497e+01
    1.2969631702e-02   -4.1712570190e+01
    1.2979378924e-02   -4.1697769165e+01
    1.2989982963e-02   -4.1681419373e+01
    1.2999623083e-02   -4.1666328430e+01
    1.3009614311e-02   -4.1650455475e+01
    1.3019839302e-02   -4.1633975983e+01
    1.3029769063e-02   -4.1617740631e+01
    1.3039501384e-02   -4.1601615906e+01
    1.3049881905e-02   -4.1584182739e+01
    1.3059148565e-02   -4.1568420410e+01
    1.3069241308e-02   -4.1551029205e+01
    1.3079334050e-02   -4.1533409119e+01
    1.3089372776e-02   -4.1515655518e+01
    1.3099598698e-02   -4.1497348785e+01
    1.3109823689e-02   -4.1478824615e+01
    1.3119367883e-02   -4.1461345673e+01
    1.3129804283e-02   -4.1442035675e+01
    1.3139456511e-02   -4.1423992157e+01
    1.3149682432e-02   -4.1404689789e+01
    1.3159907423e-02   -4.1385204315e+01
    1.3169451617e-02   -4.1366847992e+01
    1.3179903850e-02   -4.1346565247e+01
    1.3189996593e-02   -4.1326805115e+01
    1.3199171983e-02   -4.1308696747e+01
    1.3209593482e-02   -4.1287971497e+01
    1.3219275512e-02   -4.1268573761e+01
    1.3229966164e-02   -4.1247020721e+01
    1.3239141554e-02   -4.1228420258e+01
    1.3249603100e-02   -4.1207096100e+01
    1.3259828091e-02   -4.1186141968e+01
    1.3269372284e-02   -4.1166477203e+01
    1.3279597275e-02   -4.1145294189e+01
    1.3289823197e-02   -4.1123989105e+01
    1.3299366459e-02   -4.1103992462e+01
    1.3309592381e-02   -4.1082450867e+01
    1.3319817372e-02   -4.1060794830e+01
    1.3328865170e-02   -4.1041534424e+01
    1.3339814730e-02   -4.1018112183e+01
    1.3349547051e-02   -4.0997196198e+01
    1.3359279372e-02   -4.0976188660e+01
    1.3369011693e-02   -4.0955108643e+01
    1.3379960321e-02   -4.0931304932e+01
    1.3389692642e-02   -4.0910079956e+01
    1.3399424963e-02   -4.0888793945e+01
    1.3409156352e-02   -4.0867458344e+01
    1.3418888673e-02   -4.0846073151e+01
    1.3429836370e-02   -4.0821983337e+01
    1.3439567760e-02   -4.0800544739e+01
    1.3449660502e-02   -4.0778305054e+01
    1.3459753245e-02   -4.0756069183e+01
    1.3469192199e-02   -4.0735290527e+01
    1.3478922658e-02   -4.0713890076e+01
    1.3489870355e-02   -4.0689865112e+01
    1.3499601744e-02   -4.0668560028e+01
    1.3509333134e-02   -4.0647323608e+01
    1.3519063592e-02   -4.0626167297e+01
    1.3528794982e-02   -4.0605102539e+01
    1.3539741747e-02   -4.0581516266e+01
    1.3549473137e-02   -4.0560649872e+01
    1.3559203595e-02   -4.0539867401e+01
    1.3568934985e-02   -4.0519157410e+01
    1.3579881750e-02   -4.0495925903e+01
    1.3589613140e-02   -4.0475315094e+01
    1.3599343598e-02   -4.0454719543e+01
    1.3609074987e-02   -4.0434120178e+01
    1.3619834557e-02   -4.0411308289e+01
    1.3629378751e-02   -4.0391029358e+01
    1.3639603741e-02   -4.0369220734e+01
    1.3649829663e-02   -4.0347316742e+01
    1.3659372926e-02   -4.0326759338e+01
    1.3669598848e-02   -4.0304599762e+01
    1.3679823838e-02   -4.0282283783e+01
    1.3689368032e-02   -4.0261314392e+01
    1.3699593022e-02   -4.0238685608e+01
    1.3709818944e-02   -4.0215896606e+01
    1.3719362207e-02   -4.0194492340e+01
    1.3729588129e-02   -4.0171436310e+01
    1.3739813119e-02   -4.0148269653e+01
    1.3749357313e-02   -4.0126575470e+01
    1.3759582303e-02   -4.0103271484e+01
    1.3769378886e-02   -4.0080921173e+01
    1.3779471628e-02   -4.0057888031e+01
    1.3789361343e-02   -4.0035335541e+01
    1.3799741864e-02   -4.0011699677e+01
    1.3809474185e-02   -3.9989585876e+01
    1.3819855638e-02   -3.9966060638e+01
    1.3829587959e-02   -3.9944065094e+01
    1.3839968480e-02   -3.9920665741e+01
    1.3849700801e-02   -3.9898792267e+01
    1.3859433122e-02   -3.9876972198e+01
    1.3869814575e-02   -3.9853759766e+01
    1.3879546896e-02   -3.9832050323e+01
    1.3889927417e-02   -3.9808948517e+01
    1.3899659738e-02   -3.9787334442e+01
    1.3909316622e-02   -3.9765922546e+01
    1.3919409364e-02   -3.9743587494e+01
    1.3929502107e-02   -3.9721286774e+01
    1.3939593919e-02   -3.9699020386e+01
    1.3949686661e-02   -3.9676795959e+01
    1.3959779404e-02   -3.9654617310e+01
    1.3969714753e-02   -3.9632823944e+01
    1.3979447074e-02   -3.9611518860e+01
    1.3989828527e-02   -3.9588840485e+01
    1.3999762014e-02   -3.9567180634e+01
    1.4009800740e-02   -3.9545333862e+01
    1.4019892551e-02   -3.9523414612e+01
    1.4029985294e-02   -3.9501525879e+01
    1.4039160684e-02   -3.9481658936e+01
    1.4049253426e-02   -3.9459835052e+01
    1.4059346169e-02   -3.9438049316e+01
    1.4068805613e-02   -3.9417675018e+01
    1.4079756103e-02   -3.9394149780e+01
    1.4089489356e-02   -3.9373298645e+01
    1.4099222608e-02   -3.9352523804e+01
    1.4109874144e-02   -3.9329887390e+01
    1.4119966887e-02   -3.9308536530e+01
    1.4129141346e-02   -3.9289226532e+01
    1.4139234088e-02   -3.9268093109e+01
    1.4149326831e-02   -3.9247074127e+01
    1.4159419574e-02   -3.9226169586e+01
    1.4169512317e-02   -3.9205379486e+01
    1.4179605059e-02   -3.9184707642e+01
    1.4189697802e-02   -3.9164138794e+01
    1.4199790545e-02   -3.9143665314e+01
    1.4209882356e-02   -3.9123283386e+01
    1.4219337143e-02   -3.9104267120e+01
    1.4229941182e-02   -3.9083011627e+01
    1.4239581302e-02   -3.9063758850e+01
    1.4249221422e-02   -3.9044570923e+01
    1.4259825461e-02   -3.9023536682e+01
    1.4269465581e-02   -3.9004482269e+01
    1.4279105701e-02   -3.8985492706e+01
    1.4289337210e-02   -3.8965404510e+01
    1.4299429953e-02   -3.8945655823e+01
    1.4309522696e-02   -3.8925964355e+01
    1.4319615439e-02   -3.8906314850e+01
    1.4329708181e-02   -3.8886688232e+01
    1.4339940622e-02   -3.8866786957e+01
    1.4349580742e-02   -3.8848007202e+01
    1.4359220862e-02   -3.8829170227e+01
    1.4369824901e-02   -3.8808349609e+01
    1.4379465021e-02   -3.8789306641e+01
    1.4389105141e-02   -3.8770130157e+01
    1.4399548993e-02   -3.8749187469e+01
    1.4409992844e-02   -3.8728046417e+01
    1.4419632964e-02   -3.8708351135e+01
    1.4429273084e-02   -3.8688480377e+01
    1.4439737424e-02   -3.8666706085e+01
    1.4449830167e-02   -3.8645515442e+01
    1.4459922910e-02   -3.8624134064e+01
    1.4469098300e-02   -3.8604541779e+01
    1.4479190111e-02   -3.8582824707e+01
    1.4489282854e-02   -3.8560939789e+01
    1.4499375597e-02   -3.8538902283e+01
    1.4509514906e-02   -3.8516613007e+01
    1.4519155025e-02   -3.8495288849e+01
    1.4529247768e-02   -3.8472839355e+01
    1.4539387077e-02   -3.8450164795e+01
    1.4549758285e-02   -3.8426845551e+01
    1.4559851028e-02   -3.8404033661e+01
    1.4569943771e-02   -3.8381111145e+01
    1.4579119161e-02   -3.8360176086e+01
    1.4589258470e-02   -3.8336936951e+01
    1.4599862508e-02   -3.8312507629e+01
    1.4609502628e-02   -3.8290195465e+01
    1.4619142748e-02   -3.8267780304e+01
    1.4629746787e-02   -3.8243007660e+01
    1.4639386907e-02   -3.8220378876e+01
    1.4649990946e-02   -3.8195373535e+01
    1.4659631066e-02   -3.8172534943e+01
    1.4669271186e-02   -3.8149600983e+01
    1.4679875225e-02   -3.8124267578e+01
    1.4689515345e-02   -3.8101142883e+01
    1.4699155465e-02   -3.8077930450e+01
    1.4709599316e-02   -3.8052680969e+01
    1.4719239436e-02   -3.8029285431e+01
    1.4729956165e-02   -3.8003177643e+01
    1.4739131555e-02   -3.7980739594e+01
    1.4749456197e-02   -3.7955398560e+01
    1.4759900048e-02   -3.7929672241e+01
    1.4769632369e-02   -3.7905616760e+01
    1.4779571444e-02   -3.7880981445e+01
    1.4789118432e-02   -3.7857250214e+01
    1.4799211174e-02   -3.7832107544e+01
    1.4809490182e-02   -3.7806442261e+01
    1.4819130301e-02   -3.7782325745e+01
    1.4829734340e-02   -3.7755760193e+01
    1.4839925803e-02   -3.7730205536e+01
    1.4849400148e-02   -3.7706439972e+01
    1.4859491959e-02   -3.7681118011e+01
    1.4869869687e-02   -3.7655090332e+01
    1.4879096299e-02   -3.7631950378e+01
    1.4889700338e-02   -3.7605369568e+01
    1.4899340458e-02   -3.7581214905e+01
    1.4909077436e-02   -3.7556827545e+01
    1.4919651672e-02   -3.7530349731e+01
    1.4929383993e-02   -3.7505981445e+01
    1.4939764515e-02   -3.7479991913e+01
    1.4949496835e-02   -3.7455619812e+01
    1.4959959313e-02   -3.7429409027e+01
    1.4969134703e-02   -3.7406414032e+01
    1.4979227446e-02   -3.7381099701e+01
    1.4989504591e-02   -3.7355304718e+01
    1.4999729581e-02   -3.7329620361e+01
    1.5009955503e-02   -3.7303909302e+01
    1.5019498765e-02   -3.7279888153e+01
    1.5029724687e-02   -3.7254123688e+01
    1.5039918944e-02   -3.7228401184e+01
    1.5049559064e-02   -3.7204044342e+01
    1.5059199184e-02   -3.7179645538e+01
    1.5069803223e-02   -3.7152755737e+01
    1.5079443343e-02   -3.7128257751e+01
    1.5089887194e-02   -3.7101657867e+01
    1.5099527314e-02   -3.7077049255e+01
    1.5109518543e-02   -3.7051486969e+01
    1.5119743533e-02   -3.7025260925e+01
    1.5129969455e-02   -3.6998977661e+01
    1.5139512718e-02   -3.6974395752e+01
    1.5149738640e-02   -3.6948017120e+01
    1.5159963630e-02   -3.6921596527e+01
    1.5169507824e-02   -3.6896915436e+01
    1.5179262497e-02   -3.6871673584e+01
    1.5189809725e-02   -3.6844367981e+01
    1.5199449845e-02   -3.6819404602e+01
    1.5209089965e-02   -3.6794441223e+01
    1.5219694003e-02   -3.6766983032e+01
    1.5229334123e-02   -3.6742019653e+01
    1.5239938162e-02   -3.6714561462e+01
    1.5249578282e-02   -3.6689582825e+01
    1.5259218402e-02   -3.6664569855e+01
    1.5269822441e-02   -3.6637001038e+01
    1.5279462561e-02   -3.6611869812e+01
    1.5289337374e-02   -3.6586048126e+01
    1.5299562365e-02   -3.6559215546e+01
    1.5309788287e-02   -3.6532283783e+01
    1.5319768339e-02   -3.6505901337e+01
    1.5329408459e-02   -3.6480323792e+01
    1.5339048579e-02   -3.6454650879e+01
    1.5349652618e-02   -3.6426311493e+01
    1.5359292738e-02   -3.6400455475e+01
    1.5369896777e-02   -3.6371921539e+01
    1.5379536897e-02   -3.6345901489e+01
    1.5389177017e-02   -3.6319808960e+01
    1.5399781056e-02   -3.6291034698e+01
    1.5409421176e-02   -3.6264816284e+01
    1.5419061296e-02   -3.6238544464e+01
    1.5429665335e-02   -3.6209598541e+01
    1.5439305454e-02   -3.6183250427e+01
    1.5449909493e-02   -3.6154243469e+01
    1.5459549613e-02   -3.6127857208e+01
    1.5469189733e-02   -3.6101474762e+01
    1.5479793772e-02   -3.6072471619e+01
    1.5489433892e-02   -3.6046138763e+01
    1.5499074012e-02   -3.6019866943e+01
    1.5509678051e-02   -3.5991062164e+01
    1.5519318171e-02   -3.5964984894e+01
    1.5529922210e-02   -3.5936439514e+01
    1.5539562330e-02   -3.5910636902e+01
    1.5549202450e-02   -3.5884983063e+01
    1.5559806488e-02   -3.5856948853e+01
    1.5569446608e-02   -3.5831630707e+01
    1.5579086728e-02   -3.5806476593e+01
    1.5589690767e-02   -3.5778980255e+01
    1.5599330887e-02   -3.5754131317e+01
    1.5609934926e-02   -3.5726947784e+01
    1.5619575046e-02   -3.5702354431e+01
    1.5629054978e-02   -3.5678268433e+01
    1.5638787299e-02   -3.5653636932e+01
    1.5649734065e-02   -3.5626026154e+01
    1.5659466386e-02   -3.5601566315e+01
    1.5669196844e-02   -3.5577182770e+01
    1.5678929165e-02   -3.5552871704e+01
    1.5689877793e-02   -3.5525608063e+01
    1.5699356794e-02   -3.5502082825e+01
    1.5709960833e-02   -3.5475852966e+01
    1.5719600022e-02   -3.5452087402e+01
    1.5729241073e-02   -3.5428405762e+01
    1.5739845112e-02   -3.5402454376e+01
    1.5749484301e-02   -3.5378952026e+01
    1.5759125352e-02   -3.5355541229e+01
    1.5769109130e-02   -3.5331390381e+01
    1.5778839588e-02   -3.5307949066e+01
    1.5789788216e-02   -3.5281700134e+01
    1.5799518675e-02   -3.5258476257e+01
    1.5809250996e-02   -3.5235363007e+01
    1.5818981454e-02   -3.5212356567e+01
    1.5829928219e-02   -3.5186611176e+01
    1.5839660540e-02   -3.5163845062e+01
    1.5849390998e-02   -3.5141185760e+01
    1.5859121457e-02   -3.5118633270e+01
    1.5868853778e-02   -3.5096183777e+01
    1.5879800543e-02   -3.5071033478e+01
    1.5889737755e-02   -3.5048301697e+01
    1.5899378806e-02   -3.5026321411e+01
    1.5909982845e-02   -3.5002223969e+01
    1.5919622034e-02   -3.4980377197e+01
    1.5929263085e-02   -3.4958583832e+01
    1.5938999131e-02   -3.4936618805e+01
    1.5949897468e-02   -3.4912078857e+01
    1.5959627926e-02   -3.4890197754e+01
    1.5969358385e-02   -3.4868347168e+01
    1.5979088843e-02   -3.4846511841e+01
    1.5989797190e-02   -3.4822502136e+01
    1.5999339521e-02   -3.4801105499e+01
    1.6009565443e-02   -3.4778179169e+01
    1.6019195318e-02   -3.4756580353e+01
    1.6029799357e-02   -3.4732776642e+01
    1.6039438546e-02   -3.4711116791e+01
    1.6049079597e-02   -3.4689426422e+01
    1.6059683636e-02   -3.4665531158e+01
    1.6069322824e-02   -3.4643768311e+01
    1.6079926863e-02   -3.4619777679e+01
    1.6089567915e-02   -3.4597923279e+01
    1.6099207103e-02   -3.4576023102e+01
    1.6109811142e-02   -3.4551883698e+01
    1.6119452193e-02   -3.4529895782e+01
    1.6129091382e-02   -3.4507869720e+01
    1.6139695421e-02   -3.4483608246e+01
    1.6149681062e-02   -3.4460735321e+01
    1.6159413382e-02   -3.4438430786e+01
    1.6169145703e-02   -3.4416114807e+01
    1.6178876162e-02   -3.4393798828e+01
    1.6189824790e-02   -3.4368694305e+01
    1.6199557111e-02   -3.4346385956e+01
    1.6209289432e-02   -3.4324085236e+01
    1.6219021752e-02   -3.4301799774e+01
    1.6229970381e-02   -3.4276752472e+01
    1.6239702702e-02   -3.4254512787e+01
    1.6249435022e-02   -3.4232299805e+01
    1.6259167343e-02   -3.4210121155e+01
    1.6268899664e-02   -3.4187973022e+01
    1.6279801726e-02   -3.4163196564e+01
    1.6289442778e-02   -3.4141319275e+01
    1.6299881041e-02   -3.4117645264e+01
    1.6309425235e-02   -3.4096004486e+01
    1.6319649294e-02   -3.4072807312e+01
    1.6329875216e-02   -3.4049583435e+01
    1.6339419410e-02   -3.4027870178e+01
    1.6349645332e-02   -3.4004547119e+01
    1.6359869391e-02   -3.3981151581e+01
    1.6369413584e-02   -3.3959236145e+01
    1.6379289329e-02   -3.3936473846e+01
    1.6389021650e-02   -3.3913955688e+01
    1.6399970278e-02   -3.3888504028e+01
    1.6409702599e-02   -3.3865783691e+01
    1.6419433057e-02   -3.3842967987e+01
    1.6429165378e-02   -3.3820056915e+01
    1.6438897699e-02   -3.3797061920e+01
    1.6449844465e-02   -3.3771091461e+01
    1.6459871083e-02   -3.3747219086e+01
    1.6469415277e-02   -3.3724422455e+01
    1.6479639336e-02   -3.3699928284e+01
    1.6489865258e-02   -3.3675369263e+01
    1.6499409452e-02   -3.3652393341e+01
    1.6509635374e-02   -3.3627731323e+01
    1.6519859433e-02   -3.3603023529e+01
    1.6529403627e-02   -3.3579929352e+01
    1.6539629549e-02   -3.3555152893e+01
    1.6549259424e-02   -3.3531799316e+01
    1.6559863463e-02   -3.3506057739e+01
    1.6569502652e-02   -3.3482639313e+01
    1.6579993069e-02   -3.3457145691e+01
    1.6589425504e-02   -3.3434207916e+01
    1.6599066556e-02   -3.3410755157e+01
    1.6609670594e-02   -3.3384944916e+01
    1.6619309783e-02   -3.3361473083e+01
    1.6629913822e-02   -3.3335636139e+01
    1.6639554873e-02   -3.3312133789e+01
    1.6649780795e-02   -3.3287189484e+01
    1.6659323126e-02   -3.3263885498e+01
    1.6669549048e-02   -3.3238887787e+01
    1.6679774970e-02   -3.3213855743e+01
    1.6689319164e-02   -3.3190452576e+01
    1.6699543223e-02   -3.3165328979e+01
    1.6709525138e-02   -3.3140754700e+01
    1.6719250008e-02   -3.3116756439e+01
    1.6729343683e-02   -3.3091804504e+01
    1.6739668325e-02   -3.3066226959e+01
    1.6749309376e-02   -3.3042301178e+01
    1.6759401187e-02   -3.3017200470e+01
    1.6769494861e-02   -3.2992046356e+01
    1.6779586673e-02   -3.2966831207e+01
    1.6789678484e-02   -3.2941551208e+01
    1.6799772158e-02   -3.2916198730e+01
    1.6809863970e-02   -3.2890758514e+01
    1.6819957644e-02   -3.2865219116e+01
    1.6829133034e-02   -3.2841903687e+01
    1.6839224845e-02   -3.2816143036e+01
    1.6849318519e-02   -3.2790248871e+01
    1.6859410331e-02   -3.2764213562e+01
    1.6869502142e-02   -3.2738029480e+01
    1.6879595816e-02   -3.2711692810e+01
    1.6889687628e-02   -3.2685199738e+01
    1.6899781302e-02   -3.2658550262e+01
    1.6909873113e-02   -3.2631736755e+01
    1.6919966787e-02   -3.2604763031e+01
    1.6929142177e-02   -3.2580104828e+01
    1.6939233989e-02   -3.2552822113e+01
    1.6949325800e-02   -3.2525382996e+01
    1.6959419474e-02   -3.2497783661e+01
    1.6969511285e-02   -3.2470024109e+01
    1.6979604959e-02   -3.2442108154e+01
    1.6989696771e-02   -3.2414035797e+01
    1.6999477521e-02   -3.2386688232e+01
    1.7009701580e-02   -3.2357944489e+01
    1.7019927502e-02   -3.2329048157e+01
    1.7029471695e-02   -3.2301948547e+01
    1.7039697617e-02   -3.2272785187e+01
    1.7049921677e-02   -3.2243492126e+01
    1.7059465870e-02   -3.2216045380e+01
    1.7069445923e-02   -3.2187248230e+01
    1.7079539597e-02   -3.2158046722e+01
    1.7089631408e-02   -3.2128784180e+01
    1.7099725083e-02   -3.2099487305e+01
    1.7109816894e-02   -3.2070182800e+01
    1.7119910568e-02   -3.2040885925e+01
    1.7129085958e-02   -3.2014286041e+01
    1.7139177769e-02   -3.1985080719e+01
    1.7149271443e-02   -3.1955955505e+01
    1.7159743235e-02   -3.1925834656e+01
    1.7169475555e-02   -3.1897953033e+01
    1.7179856077e-02   -3.1868341446e+01
    1.7189893872e-02   -3.1839855194e+01
    1.7199985683e-02   -3.1811357498e+01
    1.7209161073e-02   -3.1785589218e+01
    1.7219252884e-02   -3.1757404327e+01
    1.7229346558e-02   -3.1729393005e+01
    1.7239438370e-02   -3.1701562881e+01
    1.7249532044e-02   -3.1673917770e+01
    1.7259623855e-02   -3.1646465302e+01
    1.7269717529e-02   -3.1619209290e+01
    1.7279809341e-02   -3.1592151642e+01
    1.7289903015e-02   -3.1565294266e+01
    1.7299994826e-02   -3.1538631439e+01
    1.7309170216e-02   -3.1514560699e+01
    1.7319262028e-02   -3.1488254547e+01
    1.7329355702e-02   -3.1462120056e+01
    1.7339447513e-02   -3.1436143875e+01
    1.7349541187e-02   -3.1410314560e+01
    1.7359632999e-02   -3.1384616852e+01
    1.7369726673e-02   -3.1359037399e+01
    1.7379818484e-02   -3.1333560944e+01
    1.7389910296e-02   -3.1308174133e+01
    1.7399085686e-02   -3.1285158157e+01
    1.7409123480e-02   -3.1260040283e+01
    1.7418855801e-02   -3.1235738754e+01
    1.7429804429e-02   -3.1208456039e+01
    1.7439534888e-02   -3.1184261322e+01
    1.7449267209e-02   -3.1160123825e+01
    1.7458999529e-02   -3.1136051178e+01
    1.7469948158e-02   -3.1109048843e+01
    1.7479680479e-02   -3.1085123062e+01
    1.7489410937e-02   -3.1061264038e+01
    1.7499143258e-02   -3.1037471771e+01
    1.7508875579e-02   -3.1013736725e+01
    1.7519824207e-02   -3.0987091064e+01
    1.7529556528e-02   -3.0963447571e+01
    1.7539288849e-02   -3.0939830780e+01
    1.7549021170e-02   -3.0916231155e+01
    1.7559969798e-02   -3.0889688492e+01
    1.7569702119e-02   -3.0866090775e+01
    1.7579434440e-02   -3.0842481613e+01
    1.7589166760e-02   -3.0818855286e+01
    1.7598899081e-02   -3.0795206070e+01
    1.7609847710e-02   -3.0768566132e+01
    1.7619580030e-02   -3.0744853973e+01
    1.7629312351e-02   -3.0721111298e+01
    1.7639044672e-02   -3.0697338104e+01
    1.7649993300e-02   -3.0670560837e+01
    1.7659725621e-02   -3.0646730423e+01
    1.7669457942e-02   -3.0622879028e+01
    1.7679190263e-02   -3.0599010468e+01
    1.7688922584e-02   -3.0575128555e+01
    1.7699871212e-02   -3.0548250198e+01
    1.7709603533e-02   -3.0524353027e+01
    1.7719335854e-02   -3.0500453949e+01
    1.7729068175e-02   -3.0476560593e+01
    1.7738798633e-02   -3.0452676773e+01
    1.7749749124e-02   -3.0425825119e+01
    1.7759479582e-02   -3.0401983261e+01
    1.7769211903e-02   -3.0378175735e+01
    1.7778944224e-02   -3.0354408264e+01
    1.7789892852e-02   -3.0327735901e+01
    1.7799625173e-02   -3.0304098129e+01
    1.7809357494e-02   -3.0280540466e+01
    1.7819089815e-02   -3.0257076263e+01
    1.7828822136e-02   -3.0233718872e+01
    1.7839770764e-02   -3.0207588196e+01
    1.7849503085e-02   -3.0184503555e+01
    1.7859235406e-02   -3.0161567688e+01
    1.7868967727e-02   -3.0138790131e+01
    1.7879918218e-02   -3.0113365173e+01
    1.7889650539e-02   -3.0090953827e+01
    1.7899382859e-02   -3.0068723679e+01
    1.7909115180e-02   -3.0046678543e+01
    1.7918847501e-02   -3.0024820328e+01
    1.7929796129e-02   -3.0000448227e+01
    1.7939528450e-02   -2.9978979111e+01
    1.7949262634e-02   -2.9957687378e+01
    1.7958994955e-02   -2.9936565399e+01
    1.7969943583e-02   -2.9912996292e+01
    1.7979675904e-02   -2.9892208099e+01
    1.7989408225e-02   -2.9871561050e+01
    1.7999140546e-02   -2.9851043701e+01
    1.8008874729e-02   -2.9830644608e+01
    1.8019823357e-02   -2.9807819366e+01
    1.8029555678e-02   -2.9787628174e+01
    1.8039287999e-02   -2.9767513275e+01
    1.8049020320e-02   -2.9747459412e+01
    1.8059968948e-02   -2.9724950790e+01
    1.8069701269e-02   -2.9704971313e+01
    1.8079433590e-02   -2.9684999466e+01
    1.8089165911e-02   -2.9665018082e+01
    1.8098898232e-02   -2.9645008087e+01
    1.8109848723e-02   -2.9622442245e+01
    1.8119581044e-02   -2.9602315903e+01
    1.8129311502e-02   -2.9582111359e+01
    1.8139043823e-02   -2.9561811447e+01
    1.8149992451e-02   -2.9538846970e+01
    1.8159724772e-02   -2.9518310547e+01
    1.8169477582e-02   -2.9497600555e+01
    1.8179904670e-02   -2.9475309372e+01
    1.8189636990e-02   -2.9454353333e+01
    1.8199784681e-02   -2.9432344437e+01
    1.8209245056e-02   -2.9411676407e+01
    1.8219336867e-02   -2.9389461517e+01
    1.8229378387e-02   -2.9367189407e+01
    1.8239604309e-02   -2.9344329834e+01
    1.8249828368e-02   -2.9321290970e+01
    1.8259372562e-02   -2.9299627304e+01
    1.8269851804e-02   -2.9275665283e+01
    1.8279943615e-02   -2.9252416611e+01
    1.8289119005e-02   -2.9231138229e+01
    1.8299210817e-02   -2.9207586288e+01
    1.8309583887e-02   -2.9183229446e+01
    1.8319223076e-02   -2.9160465240e+01
    1.8329408020e-02   -2.9136289597e+01
    1.8339594826e-02   -2.9112007141e+01
    1.8349686638e-02   -2.9087854385e+01
    1.8359780312e-02   -2.9063627243e+01
    1.8369872123e-02   -2.9039340973e+01
    1.8379965797e-02   -2.9015008926e+01
    1.8389139324e-02   -2.8992864609e+01
    1.8399232998e-02   -2.8968494415e+01
    1.8409324810e-02   -2.8944129944e+01
    1.8419418484e-02   -2.8919790268e+01
    1.8429510295e-02   -2.8895496368e+01
    1.8439603969e-02   -2.8871261597e+01
    1.8449695781e-02   -2.8847093582e+01
    1.8459789455e-02   -2.8822998047e+01
    1.8469357863e-02   -2.8800212860e+01
    1.8479583785e-02   -2.8775924683e+01
    1.8489809707e-02   -2.8751689911e+01
    1.8499344587e-02   -2.8729133606e+01
    1.8509436399e-02   -2.8705297470e+01
    1.8519761041e-02   -2.8680950165e+01
    1.8529854715e-02   -2.8657184601e+01
    1.8539946526e-02   -2.8633449554e+01
    1.8549770117e-02   -2.8610374451e+01
    1.8559502438e-02   -2.8587541580e+01
    1.8569884822e-02   -2.8563219070e+01
    1.8579617143e-02   -2.8540443420e+01
    1.8589997664e-02   -2.8516178131e+01
    1.8599729985e-02   -2.8493457794e+01
    1.8609654158e-02   -2.8470314026e+01
    1.8619747832e-02   -2.8446811676e+01
    1.8629839644e-02   -2.8423349380e+01
    1.8639933318e-02   -2.8399932861e+01
    1.8649108708e-02   -2.8378688812e+01
    1.8659200519e-02   -2.8355373383e+01
    1.8669294193e-02   -2.8332109451e+01
    1.8679386005e-02   -2.8308897018e+01
    1.8689477816e-02   -2.8285730362e+01
    1.8699571490e-02   -2.8262605667e+01
    1.8709009513e-02   -2.8241012573e+01
    1.8719958141e-02   -2.8216003418e+01
    1.8729690462e-02   -2.8193794250e+01
    1.8739420921e-02   -2.8171596527e+01
    1.8749153242e-02   -2.8149398804e+01
    1.8758883700e-02   -2.8127189636e+01
    1.8769832328e-02   -2.8102182388e+01
    1.8779562786e-02   -2.8079919815e+01
    1.8789295107e-02   -2.8057619095e+01
    1.8799025565e-02   -2.8035272598e+01
    1.8809974194e-02   -2.8010074615e+01
    1.8819706514e-02   -2.7987623215e+01
    1.8829438835e-02   -2.7965126038e+01
    1.8839169294e-02   -2.7942592621e+01
    1.8848901615e-02   -2.7920032501e+01
    1.8859850243e-02   -2.7894636154e+01
    1.8869582564e-02   -2.7872056961e+01
    1.8879314885e-02   -2.7849481583e+01
    1.8889045343e-02   -2.7826915741e+01
    1.8899993971e-02   -2.7801538467e+01
    1.8909726292e-02   -2.7778991699e+01
    1.8919458613e-02   -2.7756452560e+01
    1.8929190934e-02   -2.7733917236e+01
    1.8938923255e-02   -2.7711383820e+01
    1.8949871883e-02   -2.7686031342e+01
    1.8959602341e-02   -2.7663490295e+01
    1.8969334662e-02   -2.7640939713e+01
    1.8979066983e-02   -2.7618377686e+01
    1.8988797441e-02   -2.7595802307e+01
    1.8999746069e-02   -2.7570386887e+01
    1.9009476528e-02   -2.7547775269e+01
    1.9019206986e-02   -2.7525142670e+01
    1.9028939307e-02   -2.7502485275e+01
    1.9039886072e-02   -2.7476964951e+01
    1.9049618393e-02   -2.7454248428e+01
    1.9059348851e-02   -2.7431501389e+01
    1.9069079310e-02   -2.7408721924e+01
    1.9078809768e-02   -2.7385910034e+01
    1.9089756534e-02   -2.7360206604e+01
    1.9099488854e-02   -2.7337326050e+01
    1.9109219313e-02   -2.7314416885e+01
    1.9118949771e-02   -2.7291484833e+01
    1.9129896536e-02   -2.7265666962e+01
    1.9139628857e-02   -2.7242710114e+01
    1.9149359316e-02   -2.7219753265e+01
    1.9159089774e-02   -2.7196807861e+01
    1.9168820232e-02   -2.7173885345e+01
    1.9179768860e-02   -2.7148138046e+01
    1.9189499319e-02   -2.7125305176e+01
    1.9199231640e-02   -2.7102531433e+01
    1.9208963960e-02   -2.7079830170e+01
    1.9219910726e-02   -2.7054389954e+01
    1.9229643047e-02   -2.7031871796e+01
    1.9239375368e-02   -2.7009452820e+01
    1.9249105826e-02   -2.6987133026e+01
    1.9258838147e-02   -2.6964918137e+01
    1.9269786775e-02   -2.6940046310e+01
    1.9279519096e-02   -2.6918041229e+01
    1.9289251417e-02   -2.6896129608e+01
    1.9298981875e-02   -2.6874301910e+01
    1.9309930503e-02   -2.6849838257e+01
    1.9319662824e-02   -2.6828161240e+01
    1.9329395145e-02   -2.6806539536e+01
    1.9339127466e-02   -2.6784959793e+01
    1.9348857924e-02   -2.6763414383e+01
    1.9359806553e-02   -2.6739196777e+01
    1.9369538873e-02   -2.6717679977e+01
    1.9379269332e-02   -2.6696159363e+01
    1.9389001653e-02   -2.6674625397e+01
    1.9399948418e-02   -2.6650375366e+01
    1.9409680739e-02   -2.6628791809e+01
    1.9419411197e-02   -2.6607175827e+01
    1.9429143518e-02   -2.6585523605e+01
    1.9438873976e-02   -2.6563835144e+01
    1.9449820742e-02   -2.6539392471e+01
    1.9459553063e-02   -2.6517627716e+01
    1.9469283521e-02   -2.6495834351e+01
    1.9479013979e-02   -2.6474016190e+01
    1.9489962608e-02   -2.6449449539e+01
    1.9499693066e-02   -2.6427598953e+01
    1.9509423524e-02   -2.6405748367e+01
    1.9519153982e-02   -2.6383903503e+01
    1.9528886303e-02   -2.6362073898e+01
    1.9539833069e-02   -2.6337545395e+01
    1.9549565390e-02   -2.6315774918e+01
    1.9559295848e-02   -2.6294044495e+01
    1.9569026306e-02   -2.6272361755e+01
    1.9579974934e-02   -2.6248031616e+01
    1.9589705393e-02   -2.6226470947e+01
    1.9599437714e-02   -2.6204982758e+01
    1.9609168172e-02   -2.6183570862e+01
    1.9618900493e-02   -2.6162250519e+01
    1.9629605114e-02   -2.6138908386e+01
    1.9639987499e-02   -2.6116401672e+01
    1.9649717957e-02   -2.6095426559e+01
    1.9659450278e-02   -2.6074581146e+01
    1.9669832662e-02   -2.6052497864e+01
    1.9679564983e-02   -2.6031942368e+01
    1.9689945504e-02   -2.6010181427e+01
    1.9699677825e-02   -2.5989934921e+01
    1.9709410146e-02   -2.5969837189e+01
    1.9719790667e-02   -2.5948564529e+01
    1.9729522988e-02   -2.5928771973e+01
    1.9739903510e-02   -2.5907812119e+01
    1.9749635831e-02   -2.5888299942e+01
    1.9759368151e-02   -2.5868913651e+01
    1.9769748673e-02   -2.5848361969e+01
    1.9779480994e-02   -2.5829202652e+01
    1.9789863378e-02   -2.5808870316e+01
    1.9799595699e-02   -2.5789894104e+01
    1.9809976220e-02   -2.5769729614e+01
    1.9819524139e-02   -2.5751243591e+01
    1.9829187542e-02   -2.5732578278e+01
    1.9838919863e-02   -2.5713817596e+01
    1.9849866629e-02   -2.5692745209e+01
    1.9859598950e-02   -2.5674034119e+01
    1.9869329408e-02   -2.5655338287e+01
    1.9879061729e-02   -2.5636653900e+01
    1.9888792187e-02   -2.5617979050e+01
    1.9899740815e-02   -2.5596977234e+01
    1.9909471273e-02   -2.5578317642e+01
    1.9919203594e-02   -2.5559665680e+01
    1.9928934053e-02   -2.5541023254e+01
    1.9939882681e-02   -2.5520067215e+01
    1.9949615002e-02   -2.5501459122e+01
    1.9959345460e-02   -2.5482875824e+01
    1.9969077781e-02   -2.5464326859e+01
    1.9978810102e-02   -2.5445819855e+01
    1.9989756867e-02   -2.5425065994e+01
    1.9999489188e-02   -2.5406688690e+01
    2.0009221509e-02   -2.5388389587e+01
    2.0018951967e-02   -2.5370185852e+01
    2.0029900596e-02   -2.5349830627e+01
    2.0039631054e-02   -2.5331865311e+01
    2.0049363375e-02   -2.5314033508e+01
    2.0059095696e-02   -2.5296346664e+01
    2.0068826154e-02   -2.5278816223e+01
    2.0079774782e-02   -2.5259292603e+01
    2.0089507103e-02   -2.5242124557e+01
    2.0099237561e-02   -2.5225133896e+01
    2.0108969882e-02   -2.5208324432e+01
    2.0119916648e-02   -2.5189626694e+01
    2.0129648969e-02   -2.5173194885e+01
    2.0139379427e-02   -2.5156930923e+01
    2.0149111748e-02   -2.5140832901e+01
    2.0158842206e-02   -2.5124887466e+01
    2.0169790834e-02   -2.5107120514e+01
    2.0179521292e-02   -2.5091468811e+01
    2.0189253613e-02   -2.5075937271e+01
    2.0198985934e-02   -2.5060510635e+01
    2.0209932700e-02   -2.5043270111e+01
    2.0219665021e-02   -2.5028030396e+01
    2.0229397342e-02   -2.5012859344e+01
    2.0239129663e-02   -2.4997747421e+01
    2.0248861983e-02   -2.4982683182e+01
    2.0259810612e-02   -2.4965785980e+01
    2.0269542933e-02   -2.4950801849e+01
    2.0279275253e-02   -2.4935848236e+01
    2.0289007574e-02   -2.4920923233e+01
    2.0299956203e-02   -2.4904163361e+01
    2.0309688523e-02   -2.4889295578e+01
    2.0319420844e-02   -2.4874458313e+01
    2.0329153165e-02   -2.4859657288e+01
    2.0338885486e-02   -2.4844896317e+01
    2.0349834114e-02   -2.4828348160e+01
    2.0359564573e-02   -2.4813697815e+01
    2.0369296893e-02   -2.4799114227e+01
    2.0379029214e-02   -2.4784605026e+01
    2.0389977843e-02   -2.4768383026e+01
    2.0399710163e-02   -2.4754064560e+01
    2.0409442484e-02   -2.4739852905e+01
    2.0419174805e-02   -2.4725757599e+01
    2.0428905264e-02   -2.4711782455e+01
    2.0439853892e-02   -2.4696218491e+01
    2.0449586213e-02   -2.4682529449e+01
    2.0459318534e-02   -2.4668977737e+01
    2.0469050854e-02   -2.4655569077e+01
    2.0479999483e-02   -2.4640651703e+01
    2.0489731804e-02   -2.4627538681e+01
    2.0499462262e-02   -2.4614559174e+01
    2.0509194583e-02   -2.4601705551e+01
    2.0518926904e-02   -2.4588972092e+01
    2.0529875532e-02   -2.4574775696e+01
    2.0539607853e-02   -2.4562261581e+01
    2.0549340174e-02   -2.4549837112e+01
    2.0559072495e-02   -2.4537488937e+01
    2.0568804815e-02   -2.4525207520e+01
    2.0579753444e-02   -2.4511457443e+01
    2.0589485765e-02   -2.4499286652e+01
    2.0599219948e-02   -2.4487154007e+01
    2.0608952269e-02   -2.4475049973e+01
    2.0619900897e-02   -2.4461460114e+01
    2.0629633218e-02   -2.4449394226e+01
    2.0639365539e-02   -2.4437334061e+01
    2.0649099723e-02   -2.4425275803e+01
    2.0658832043e-02   -2.4413209915e+01
    2.0669780672e-02   -2.4399621964e+01
    2.0679514855e-02   -2.4387521744e+01
    2.0689247176e-02   -2.4375396729e+01
    2.0698979497e-02   -2.4363243103e+01
    2.0709929988e-02   -2.4349527359e+01
    2.0719662309e-02   -2.4337293625e+01
    2.0729394630e-02   -2.4325021744e+01
    2.0739128813e-02   -2.4312705994e+01
    2.0748861134e-02   -2.4300348282e+01
    2.0759809762e-02   -2.4286396027e+01
    2.0769543946e-02   -2.4273950577e+01
    2.0779276267e-02   -2.4261466980e+01
    2.0789010450e-02   -2.4248949051e+01
    2.0799959078e-02   -2.4234828949e+01
    2.0809693262e-02   -2.4222248077e+01
    2.0819425583e-02   -2.4209644318e+01
    2.0829159766e-02   -2.4197021484e+01
    2.0838892087e-02   -2.4184383392e+01
    2.0849842578e-02   -2.4170152664e+01
    2.0859576762e-02   -2.4157497406e+01
    2.0869309083e-02   -2.4144840240e+01
    2.0879043266e-02   -2.4132184982e+01
    2.0889993757e-02   -2.4117956161e+01
    2.0899726078e-02   -2.4105319977e+01
    2.0909460261e-02   -2.4092697144e+01
    2.0919192582e-02   -2.4080095291e+01
    2.0928926766e-02   -2.4067510605e+01
    2.0939877257e-02   -2.4053382874e+01
    2.0949609578e-02   -2.4040847778e+01
    2.0959343761e-02   -2.4028339386e+01
    2.0969076082e-02   -2.4015851974e+01
    2.0978810266e-02   -2.4003387451e+01
    2.0989758894e-02   -2.3989387512e+01
    2.0999493077e-02   -2.3976961136e+01
    2.1009225398e-02   -2.3964546204e+01
    2.1018959582e-02   -2.3952138901e+01
    2.1029908210e-02   -2.3938184738e+01
    2.1039642394e-02   -2.3925779343e+01
    2.1049374714e-02   -2.3913366318e+01
    2.1059107035e-02   -2.3900941849e+01
    2.1068839356e-02   -2.3888504028e+01
    2.1079789847e-02   -2.3874488831e+01
    2.1089522168e-02   -2.3862010956e+01
    2.1099254489e-02   -2.3849512100e+01
    2.1108988672e-02   -2.3836990356e+01
    2.1119937301e-02   -2.3822879791e+01
    2.1129669622e-02   -2.3810316086e+01
    2.1139403805e-02   -2.3797737122e+01
    2.1149136126e-02   -2.3785146713e+01
    2.1158868447e-02   -2.3772546768e+01
    2.1169817075e-02   -2.3758367538e+01
    2.1179551259e-02   -2.3745765686e+01
    2.1189283580e-02   -2.3733169556e+01
    2.1199015900e-02   -2.3720584869e+01
    2.1209966391e-02   -2.3706445694e+01
    2.1219698712e-02   -2.3693897247e+01
    2.1229431033e-02   -2.3681371689e+01
    2.1239165217e-02   -2.3668874741e+01
    2.1248897538e-02   -2.3656406403e+01
    2.1259848028e-02   -2.3642421722e+01
    2.1269580349e-02   -2.3630027771e+01
    2.1279312670e-02   -2.3617675781e+01
    2.1289046854e-02   -2.3605369568e+01
    2.1299995482e-02   -2.3591581345e+01
    2.1309729666e-02   -2.3579380035e+01
    2.1319461986e-02   -2.3567237854e+01
    2.1329196170e-02   -2.3555156708e+01
    2.1338928491e-02   -2.3543142319e+01
    2.1349878982e-02   -2.3529708862e+01
    2.1359611303e-02   -2.3517848969e+01
    2.1369343624e-02   -2.3506067276e+01
    2.1379077807e-02   -2.3494367599e+01
    2.1388810128e-02   -2.3482751846e+01
    2.1399758756e-02   -2.3469785690e+01
    2.1409492940e-02   -2.3458351135e+01
    2.1419225261e-02   -2.3447000504e+01
    2.1428957582e-02   -2.3435735703e+01
    2.1439906210e-02   -2.3423158646e+01
    2.1449640393e-02   -2.3412059784e+01
    2.1459372714e-02   -2.3401035309e+01
    2.1469105035e-02   -2.3390079498e+01
    2.1478837356e-02   -2.3379184723e+01
    2.1489785984e-02   -2.3366992950e+01
    2.1499518305e-02   -2.3356208801e+01
    2.1509250626e-02   -2.3345464706e+01
    2.1518982947e-02   -2.3334753036e+01
    2.1529933438e-02   -2.3322732925e+01
    2.1539665759e-02   -2.3312067032e+01
    2.1549398080e-02   -2.3301412582e+01
    2.1559130400e-02   -2.3290767670e+01
    2.1568862721e-02   -2.3280122757e+01
    2.1579811350e-02   -2.3268150330e+01
    2.1589543670e-02   -2.3257507324e+01
    2.1599275991e-02   -2.3246864319e+01
    2.1609008312e-02   -2.3236227036e+01
    2.1619956940e-02   -2.3224269867e+01
    2.1629689261e-02   -2.3213657379e+01
    2.1639421582e-02   -2.3203067780e+01
    2.1649153903e-02   -2.3192510605e+01
    2.1658886224e-02   -2.3181993484e+01
    2.1669834852e-02   -2.3170219421e+01
    2.1679567173e-02   -2.3159816742e+01
    2.1689299494e-02   -2.3149478912e+01
    2.1699031815e-02   -2.3139213562e+01
    2.1709980443e-02   -2.3127759933e+01
    2.1719712764e-02   -2.3117666245e+01
    2.1729445085e-02   -2.3107654572e+01
    2.1739175543e-02   -2.3097726822e+01
    2.1748907864e-02   -2.3087879181e+01
    2.1759856492e-02   -2.3076890945e+01
    2.1769588813e-02   -2.3067197800e+01
    2.1779321134e-02   -2.3057567596e+01
    2.1789053455e-02   -2.3047990799e+01
    2.1798785776e-02   -2.3038459778e+01
    2.1809734404e-02   -2.3027774811e+01
    2.1819466725e-02   -2.3018299103e+01
    2.1829199046e-02   -2.3008832932e+01
    2.1838931367e-02   -2.2999362946e+01
    2.1849879995e-02   -2.2988691330e+01
    2.1859612316e-02   -2.2979177475e+01
    2.1869344637e-02   -2.2969623566e+01
    2.1879076958e-02   -2.2960020065e+01
    2.1888809279e-02   -2.2950355530e+01
    2.1899757907e-02   -2.2939399719e+01
    2.1909490228e-02   -2.2929574966e+01
    2.1919222549e-02   -2.2919660568e+01
    2.1928954870e-02   -2.2909650803e+01
    2.1939905360e-02   -2.2898265839e+01
    2.1949637681e-02   -2.2888031006e+01
    2.1959370002e-02   -2.2877681732e+01
    2.1969102323e-02   -2.2867214203e+01
    2.1978834644e-02   -2.2856628418e+01
    2.1989785135e-02   -2.2844575882e+01
    2.1999517456e-02   -2.2833734512e+01
    2.2009251639e-02   -2.2822776794e+01
    2.2018983960e-02   -2.2811704636e+01
    2.2029934451e-02   -2.2799114227e+01
    2.2039666772e-02   -2.2787811279e+01
    2.2049399093e-02   -2.2776411057e+01
    2.2059133276e-02   -2.2764917374e+01
    2.2068865597e-02   -2.2753339767e+01
    2.2079816088e-02   -2.2740224838e+01
    2.2089548409e-02   -2.2728494644e+01
    2.2099280730e-02   -2.2716705322e+01
    2.2109014913e-02   -2.2704866409e+01
    2.2119963542e-02   -2.2691492081e+01
    2.2129697725e-02   -2.2679567337e+01
    2.2139430046e-02   -2.2667608261e+01
    2.2149162367e-02   -2.2655624390e+01
    2.2158894688e-02   -2.2643619537e+01
    2.2169845179e-02   -2.2630088806e+01
    2.2179577500e-02   -2.2618041992e+01
    2.2189309821e-02   -2.2605979919e+01
    2.2199042141e-02   -2.2593898773e+01
    2.2209992632e-02   -2.2580287933e+01
    2.2219724953e-02   -2.2568164825e+01
    2.2229457274e-02   -2.2556020737e+01
    2.2239189595e-02   -2.2543849945e+01
    2.2248921916e-02   -2.2531648636e+01
    2.2259872407e-02   -2.2517885208e+01
    2.2269604728e-02   -2.2505611420e+01
    2.2279337049e-02   -2.2493301392e+01
    2.2289069369e-02   -2.2480949402e+01
    2.2298801690e-02   -2.2468555450e+01
    2.2309750319e-02   -2.2454559326e+01
    2.2319484502e-02   -2.2442070007e+01
    2.2329216823e-02   -2.2429534912e+01
    2.2338949144e-02   -2.2416954041e+01
    2.2349897772e-02   -2.2402748108e+01
    2.2359630093e-02   -2.2390073776e+01
    2.2369362414e-02   -2.2377357483e+01
    2.2379096597e-02   -2.2364601135e+01
    2.2388828918e-02   -2.2351806641e+01
    2.2399777547e-02   -2.2337369919e+01
    2.2409509867e-02   -2.2324504852e+01
    2.2419242188e-02   -2.2311609268e+01
    2.2428976372e-02   -2.2298688889e+01
    2.2439925000e-02   -2.2284126282e+01
    2.2449657321e-02   -2.2271163940e+01
    2.2459389642e-02   -2.2258184433e+01
    2.2469121963e-02   -2.2245193481e+01
    2.2478854284e-02   -2.2232194901e+01
    2.2489804775e-02   -2.2217563629e+01
    2.2499537095e-02   -2.2204553604e+01
    2.2509269416e-02   -2.2191543579e+01
    2.2519001737e-02   -2.2178533554e+01
    2.2529950365e-02   -2.2163898468e+01
    2.2539682686e-02   -2.2150890350e+01
    2.2549415007e-02   -2.2137884140e+01
    2.2559147328e-02   -2.2124881744e+01
    2.2568881512e-02   -2.2111879349e+01
    2.2579830140e-02   -2.2097255707e+01
    2.2589562461e-02   -2.2084259033e+01
    2.2599294782e-02   -2.2071262360e+01
    2.2609027103e-02   -2.2058269501e+01
    2.2619977593e-02   -2.2043655396e+01
    2.2629709914e-02   -2.2030670166e+01
    2.2639442235e-02   -2.2017690659e+01
    2.2649174556e-02   -2.2004720688e+01
    2.2658906877e-02   -2.1991762161e+01
    2.2669855505e-02   -2.1977203369e+01
    2.2679589689e-02   -2.1964282990e+01
    2.2689322010e-02   -2.1951387405e+01
    2.2699054331e-02   -2.1938522339e+01
    2.2708786651e-02   -2.1925693512e+01
    2.2719735280e-02   -2.1911308289e+01
    2.2729467601e-02   -2.1898569107e+01
    2.2739199921e-02   -2.1885883331e+01
    2.2748932242e-02   -2.1873254776e+01
    2.2759882733e-02   -2.1859121323e+01
    2.2769615054e-02   -2.1846632004e+01
    2.2779347375e-02   -2.1834211349e+01
    2.2789079696e-02   -2.1821868896e+01
    2.2798812017e-02   -2.1809604645e+01
    2.2809760645e-02   -2.1795904160e+01
    2.2819491103e-02   -2.1783819199e+01
    2.2829223424e-02   -2.1771820068e+01
    2.2838955745e-02   -2.1759910583e+01
    2.2849904373e-02   -2.1746620178e+01
    2.2859636694e-02   -2.1734903336e+01
    2.2869369015e-02   -2.1723278046e+01
    2.2879099473e-02   -2.1711746216e+01
    2.2888831794e-02   -2.1700304031e+01
    2.2899780422e-02   -2.1687540054e+01
    2.2909512743e-02   -2.1676288605e+01
    2.2919243202e-02   -2.1665124893e+01
    2.2928975523e-02   -2.1654047012e+01
    2.2939924151e-02   -2.1641681671e+01
    2.2949656472e-02   -2.1630777359e+01
    2.2959386930e-02   -2.1619949341e+01
    2.2969119251e-02   -2.1609195709e+01
    2.2978851572e-02   -2.1598512650e+01
    2.2989800200e-02   -2.1586576462e+01
    2.2999530658e-02   -2.1576036453e+01
    2.3009262979e-02   -2.1565555573e+01
    2.3018995300e-02   -2.1555133820e+01
    2.3029943928e-02   -2.1543472290e+01
    2.3039674386e-02   -2.1533161163e+01
    2.3049406707e-02   -2.1522895813e+01
    2.3059139028e-02   -2.1512674332e+01
    2.3068871349e-02   -2.1502489090e+01
    2.3079819977e-02   -2.1491073608e+01
    2.3089550436e-02   -2.1480957031e+01
    2.3099282756e-02   -2.1470865250e+01
    2.3109015077e-02   -2.1460794449e+01
    2.3119963706e-02   -2.1449481964e+01
    2.3129696026e-02   -2.1439437866e+01
    2.3139428347e-02   -2.1429397583e+01
    2.3149160668e-02   -2.1419359207e+01
    2.3158892989e-02   -2.1409315109e+01
    2.3169841617e-02   -2.1398006439e+01
    2.3179573938e-02   -2.1387937546e+01
    2.3189306259e-02   -2.1377849579e+01
    2.3199038580e-02   -2.1367738724e+01
    2.3209987208e-02   -2.1356332779e+01
    2.3219719529e-02   -2.1346158981e+01
    2.3229451850e-02   -2.1335950851e+01
    2.3239184171e-02   -2.1325704575e+01
    2.3248916492e-02   -2.1315418243e+01
    2.3259865120e-02   -2.1303796768e+01
    2.3269597441e-02   -2.1293418884e+01
    2.3279329762e-02   -2.1282999039e+01
    2.3289060220e-02   -2.1272533417e+01
    2.3298792541e-02   -2.1262025833e+01
    2.3309743032e-02   -2.1250156403e+01
    2.3319473490e-02   -2.1239566803e+01
    2.3329205811e-02   -2.1228940964e+01
    2.3338938132e-02   -2.1218288422e+01
    2.3349886760e-02   -2.1206274033e+01
    2.3359619081e-02   -2.1195575714e+01
    2.3369351402e-02   -2.1184865952e+01
    2.3379083723e-02   -2.1174152374e+01
    2.3388816044e-02   -2.1163436890e+01
    2.3399764672e-02   -2.1151391983e+01
    2.3409496993e-02   -2.1140699387e+01
    2.3419229314e-02   -2.1130025864e+01
    2.3428961635e-02   -2.1119375229e+01
    2.3439910263e-02   -2.1107423782e+01
    2.3449642584e-02   -2.1096830368e+01
    2.3459373042e-02   -2.1086269379e+01
    2.3469105363e-02   -2.1075737000e+01
    2.3478837684e-02   -2.1065237045e+01
    2.3489786312e-02   -2.1053457260e+01
    2.3499518633e-02   -2.1043014526e+01
    2.3509250954e-02   -2.1032592773e+01
    2.3518983275e-02   -2.1022188187e+01
    2.3529931903e-02   -2.1010498047e+01
    2.3539662361e-02   -2.1000114441e+01
    2.3549394682e-02   -2.0989730835e+01
    2.3559127003e-02   -2.0979343414e+01
    2.3568859324e-02   -2.0968946457e+01
    2.3579806089e-02   -2.0957227707e+01
    2.3589538410e-02   -2.0946790695e+01
    2.3599270731e-02   -2.0936326981e+01
    2.3609001189e-02   -2.0925832748e+01
    2.3619949818e-02   -2.0913986206e+01
    2.3629682139e-02   -2.0903417587e+01
    2.3639414459e-02   -2.0892810822e+01
    2.3649146780e-02   -2.0882165909e+01
    2.3658877239e-02   -2.0871480942e+01
    2.3669827729e-02   -2.0859415054e+01
    2.3679560050e-02   -2.0848649979e+01
    2.3689292371e-02   -2.0837850571e+01
    2.3699024692e-02   -2.0827018738e+01
    2.3709973320e-02   -2.0814798355e+01
    2.3719705641e-02   -2.0803909302e+01
    2.3729437962e-02   -2.0792999268e+01
    2.3739172146e-02   -2.0782073975e+01
    2.3748904467e-02   -2.0771139145e+01
    2.3759853095e-02   -2.0758832932e+01
    2.3769585416e-02   -2.0747896194e+01
    2.3779319599e-02   -2.0736967087e+01
    2.3789051920e-02   -2.0726051331e+01
    2.3798784241e-02   -2.0715158463e+01
    2.3809732869e-02   -2.0702938080e+01
    2.3819465190e-02   -2.0692111969e+01
    2.3829197511e-02   -2.0681327820e+01
    2.3838929832e-02   -2.0670593262e+01
    2.3849878460e-02   -2.0658582687e+01
    2.3859608918e-02   -2.0647974014e+01
    2.3869341239e-02   -2.0637434006e+01
    2.3879073560e-02   -2.0626970291e+01
    2.3888804018e-02   -2.0616588593e+01
    2.3899752647e-02   -2.0605014801e+01
    2.3909483105e-02   -2.0594825745e+01
    2.3919215426e-02   -2.0584737778e+01
    2.3928945884e-02   -2.0574756622e+01
    2.3939894512e-02   -2.0563659668e+01
    2.3949624971e-02   -2.0553920746e+01
    2.3959357291e-02   -2.0544303894e+01
    2.3969087750e-02   -2.0534816742e+01
    2.3978820071e-02   -2.0525461197e+01
    2.3989766836e-02   -2.0515104294e+01
    2.3999497294e-02   -2.0506050110e+01
    2.4009229615e-02   -2.0497148514e+01
    2.4018960074e-02   -2.0488399506e+01
    2.4029906839e-02   -2.0478746414e+01
    2.4039639160e-02   -2.0470340729e+01
    2.4049369618e-02   -2.0462102890e+01
    2.4059100077e-02   -2.0454036713e+01
    2.4068832397e-02   -2.0446144104e+01
    2.4079779163e-02   -2.0437477112e+01
    2.4089511484e-02   -2.0429960251e+01
    2.4099241942e-02   -2.0422620773e+01
    2.4108972400e-02   -2.0415458679e+01
    2.4119921029e-02   -2.0407611847e+01
    2.4129651487e-02   -2.0400821686e+01
    2.4139383808e-02   -2.0394201279e+01
    2.4149114266e-02   -2.0387746811e+01
    2.4158846587e-02   -2.0381450653e+01
    2.4169793352e-02   -2.0374551773e+01
    2.4179525673e-02   -2.0368574142e+01
    2.4189256132e-02   -2.0362731934e+01
    2.4198986590e-02   -2.0357019424e+01
    2.4209935218e-02   -2.0350732803e+01
    2.4219665676e-02   -2.0345258713e+01
    2.4229397997e-02   -2.0339879990e+01
    2.4239128456e-02   -2.0334587097e+01
    2.4248860776e-02   -2.0329368591e+01
    2.4259807542e-02   -2.0323572159e+01
    2.4269539863e-02   -2.0318471909e+01
    2.4279272184e-02   -2.0313411713e+01
    2.4289002642e-02   -2.0308380127e+01
    2.4299951270e-02   -2.0302740097e+01
    2.4309681728e-02   -2.0297737122e+01
    2.4319414049e-02   -2.0292732239e+01
    2.4329146370e-02   -2.0287719727e+01
    2.4338876829e-02   -2.0282691956e+01
    2.4349825457e-02   -2.0277008057e+01
    2.4359557778e-02   -2.0271928787e+01
    2.4369288236e-02   -2.0266817093e+01
    2.4379020557e-02   -2.0261671066e+01
    2.4389969185e-02   -2.0255838394e+01
    2.4399701506e-02   -2.0250614166e+01
    2.4409431964e-02   -2.0245349884e+01
    2.4419164285e-02   -2.0240049362e+01
    2.4428896606e-02   -2.0234712601e+01
    2.4439845234e-02   -2.0228664398e+01
    2.4449577555e-02   -2.0223255157e+01
    2.4459309876e-02   -2.0217813492e+01
    2.4469042197e-02   -2.0212345123e+01
    2.4479992688e-02   -2.0206161499e+01
    2.4489725009e-02   -2.0200643539e+01
    2.4499457330e-02   -2.0195104599e+01
    2.4509189650e-02   -2.0189548492e+01
    2.4518923834e-02   -2.0183979034e+01
    2.4529872462e-02   -2.0177698135e+01
    2.4539606646e-02   -2.0172103882e+01
    2.4549338967e-02   -2.0166501999e+01
    2.4559071288e-02   -2.0160890579e+01
    2.4568805471e-02   -2.0155269623e+01
    2.4579755962e-02   -2.0148937225e+01
    2.4589488283e-02   -2.0143299103e+01
    2.4599220604e-02   -2.0137651443e+01
    2.4608954787e-02   -2.0131992340e+01
    2.4619903415e-02   -2.0125610352e+01
    2.4629637599e-02   -2.0119918823e+01
    2.4639369920e-02   -2.0114210129e+01
    2.4649102241e-02   -2.0108480453e+01
    2.4658834562e-02   -2.0102725983e+01
    2.4669785053e-02   -2.0096218109e+01
    2.4679517373e-02   -2.0090400696e+01
    2.4689249694e-02   -2.0084548950e+01
    2.4698982015e-02   -2.0078659058e+01
    2.4709930643e-02   -2.0071981430e+01
    2.4719661102e-02   -2.0065996170e+01
    2.4729393423e-02   -2.0059963226e+01
    2.4739125744e-02   -2.0053874969e+01
    2.4748858064e-02   -2.0047729492e+01
    2.4759806693e-02   -2.0040740967e+01
    2.4769537151e-02   -2.0034460068e+01
    2.4779269472e-02   -2.0028108597e+01
    2.4789001793e-02   -2.0021682739e+01
    2.4799950421e-02   -2.0014358521e+01
    2.4809680879e-02   -2.0007759094e+01
    2.4819413200e-02   -2.0001070023e+01
    2.4829145521e-02   -1.9994289398e+01
    2.4838877842e-02   -1.9987409592e+01
    2.4849826470e-02   -1.9979545593e+01
    2.4859558791e-02   -1.9972442627e+01
    2.4869291112e-02   -1.9965227127e+01
    2.4879023433e-02   -1.9957895279e+01
    2.4889972061e-02   -1.9949504852e+01
    2.4899704382e-02   -1.9941915512e+01
    2.4909436703e-02   -1.9934202194e+01
    2.4919169024e-02   -1.9926359177e+01
    2.4928901345e-02   -1.9918388367e+01
    2.4939849973e-02   -1.9909267426e+01
    2.4949582294e-02   -1.9901021957e+01
    2.4959314615e-02   -1.9892646790e+01
    2.4969046935e-02   -1.9884145737e+01
    2.4979995564e-02   -1.9874431610e+01
    2.4989727885e-02   -1.9865667343e+01
    2.4999460205e-02   -1.9856784821e+01
    2.5009192526e-02   -1.9847789764e+01
    2.5018922985e-02   -1.9838684082e+01
    2.5029871613e-02   -1.9828319550e+01
    2.5039603934e-02   -1.9819004059e+01
    2.5049336255e-02   -1.9809600830e+01
    2.5059068576e-02   -1.9800115585e+01
    2.5068799034e-02   -1.9790555954e+01
    2.5079747662e-02   -1.9779724121e+01
    2.5089479983e-02   -1.9770036697e+01
    2.5099210441e-02   -1.9760301590e+01
    2.5108942762e-02   -1.9750528336e+01
    2.5119891390e-02   -1.9739500046e+01
    2.5129621848e-02   -1.9729673386e+01
    2.5139354169e-02   -1.9719835281e+01
    2.5149084628e-02   -1.9709995270e+01
    2.5158816949e-02   -1.9700160980e+01
    2.5169763714e-02   -1.9689113617e+01
    2.5179496035e-02   -1.9679315567e+01
    2.5189226493e-02   -1.9669546127e+01
    2.5198958814e-02   -1.9659811020e+01
    2.5209905580e-02   -1.9648910522e+01
    2.5219637901e-02   -1.9639270782e+01
    2.5229368359e-02   -1.9629686356e+01
    2.5239100680e-02   -1.9620157242e+01
    2.5248831138e-02   -1.9610692978e+01
    2.5259779766e-02   -1.9600124359e+01
    2.5269510224e-02   -1.9590805054e+01
    2.5279242545e-02   -1.9581558228e+01
    2.5288974866e-02   -1.9572391510e+01
    2.5299921632e-02   -1.9562173843e+01
    2.5309653953e-02   -1.9553178787e+01
    2.5319384411e-02   -1.9544271469e+01
    2.5329116732e-02   -1.9535451889e+01
    2.5338847190e-02   -1.9526721954e+01
    2.5349795818e-02   -1.9517011642e+01
    2.5359526277e-02   -1.9508481979e+01
    2.5369256735e-02   -1.9500047684e+01
    2.5378989056e-02   -1.9491712570e+01
    2.5389935821e-02   -1.9482456207e+01
    2.5399668142e-02   -1.9474334717e+01
    2.5409398600e-02   -1.9466316223e+01
    2.5419129059e-02   -1.9458400726e+01
    2.5428861380e-02   -1.9450590134e+01
    2.5439808145e-02   -1.9441928864e+01
    2.5449540466e-02   -1.9434339523e+01
    2.5459270924e-02   -1.9426855087e+01
    2.5469001383e-02   -1.9419473648e+01
    2.5479950011e-02   -1.9411293030e+01
    2.5489680469e-02   -1.9404127121e+01
    2.5499412790e-02   -1.9397062302e+01
    2.5509143248e-02   -1.9390094757e+01
    2.5518875569e-02   -1.9383222580e+01
    2.5529822335e-02   -1.9375602722e+01
    2.5539554656e-02   -1.9368925095e+01
    2.5549286976e-02   -1.9362335205e+01
    2.5559017435e-02   -1.9355829239e+01
    2.5569966063e-02   -1.9348606110e+01
    2.5579698384e-02   -1.9342269897e+01
    2.5589430705e-02   -1.9336008072e+01
    2.5599163026e-02   -1.9329818726e+01
    2.5608895347e-02   -1.9323698044e+01
    2.5619843975e-02   -1.9316888809e+01
    2.5629576296e-02   -1.9310903549e+01
    2.5639308617e-02   -1.9304979324e+01
    2.5649042800e-02   -1.9299112320e+01
    2.5659991428e-02   -1.9292577744e+01
    2.5669723749e-02   -1.9286825180e+01
    2.5679456070e-02   -1.9281124115e+01
    2.5689190254e-02   -1.9275472641e+01
    2.5698922575e-02   -1.9269872665e+01
    2.5709871203e-02   -1.9263628006e+01
    2.5719605386e-02   -1.9258129120e+01
    2.5729337707e-02   -1.9252677917e+01
    2.5739070028e-02   -1.9247274399e+01
    2.5748802349e-02   -1.9241916656e+01
    2.5759752840e-02   -1.9235948563e+01
    2.5769485161e-02   -1.9230691910e+01
    2.5779217482e-02   -1.9225484848e+01
    2.5788949803e-02   -1.9220325470e+01
    2.5799900293e-02   -1.9214576721e+01
    2.5809632614e-02   -1.9209518433e+01
    2.5819364935e-02   -1.9204504013e+01
    2.5829097256e-02   -1.9199533463e+01
    2.5838829577e-02   -1.9194602966e+01
    2.5849778205e-02   -1.9189105988e+01
    2.5859510526e-02   -1.9184257507e+01
    2.5869242847e-02   -1.9179439545e+01
    2.5878977031e-02   -1.9174650192e+01
    2.5889925659e-02   -1.9169286728e+01
    2.5899657980e-02   -1.9164539337e+01
    2.5909390301e-02   -1.9159799576e+01
    2.5919122621e-02   -1.9155063629e+01
    2.5928854942e-02   -1.9150323868e+01
    2.5939803571e-02   -1.9144979477e+01
    2.5949535891e-02   -1.9140209198e+01
    2.5959268212e-02   -1.9135412216e+01
    2.5969000533e-02   -1.9130580902e+01
    2.5979949161e-02   -1.9125097275e+01
    2.5989681482e-02   -1.9120168686e+01
    2.5999413803e-02   -1.9115184784e+01
    2.6009144261e-02   -1.9110137939e+01
    2.6018876582e-02   -1.9105022430e+01
    2.6029825211e-02   -1.9099178314e+01
    2.6039557531e-02   -1.9093896866e+01
    2.6049289852e-02   -1.9088531494e+01
    2.6059022173e-02   -1.9083076477e+01
    2.6069970801e-02   -1.9076829910e+01
    2.6079703122e-02   -1.9071178436e+01
    2.6089435443e-02   -1.9065427780e+01
    2.6099167764e-02   -1.9059579849e+01
    2.6108898222e-02   -1.9053632736e+01
    2.6119846851e-02   -1.9046823502e+01
    2.6129579172e-02   -1.9040664673e+01
    2.6139311492e-02   -1.9034406662e+01
    2.6149043813e-02   -1.9028049469e+01
    2.6159992442e-02   -1.9020780563e+01
    2.6169722900e-02   -1.9014217377e+01
    2.6179455221e-02   -1.9007556915e+01
    2.6189187542e-02   -1.9000804901e+01
    2.6198919863e-02   -1.8993959427e+01
    2.6209868491e-02   -1.8986146927e+01
    2.6219598949e-02   -1.8979108810e+01
    2.6229331270e-02   -1.8971981049e+01
    2.6239063591e-02   -1.8964765549e+01
    2.6248795912e-02   -1.8957464218e+01
    2.6259742677e-02   -1.8949150085e+01
    2.6269474998e-02   -1.8941667557e+01
    2.6279207319e-02   -1.8934103012e+01
    2.6288937777e-02   -1.8926456451e+01
    2.6299886405e-02   -1.8917755127e+01
    2.6309618726e-02   -1.8909934998e+01
    2.6319349185e-02   -1.8902032852e+01
    2.6329081506e-02   -1.8894052505e+01
    2.6338813826e-02   -1.8885992050e+01
    2.6349762455e-02   -1.8876829147e+01
    2.6359492913e-02   -1.8868598938e+01
    2.6369225234e-02   -1.8860292435e+01
    2.6378957555e-02   -1.8851905823e+01
    2.6389906183e-02   -1.8842378616e+01
    2.6399636641e-02   -1.8833826065e+01
    2.6409368962e-02   -1.8825197220e+01
    2.6419101283e-02   -1.8816490173e+01
    2.6428833604e-02   -1.8807706833e+01
    2.6439780369e-02   -1.8797733307e+01
    2.6449512690e-02   -1.8788785934e+01
    2.6459245011e-02   -1.8779762268e+01
    2.6468975469e-02   -1.8770664215e+01
    2.6479924098e-02   -1.8760335922e+01
    2.6489656419e-02   -1.8751077652e+01
    2.6499386877e-02   -1.8741741180e+01
    2.6509119198e-02   -1.8732332230e+01
    2.6518849656e-02   -1.8722846985e+01
    2.6529798284e-02   -1.8712085724e+01
    2.6539528742e-02   -1.8702442169e+01
    2.6549261063e-02   -1.8692722321e+01
    2.6558991522e-02   -1.8682928085e+01
    2.6569940150e-02   -1.8671819687e+01
    2.6579672471e-02   -1.8661865234e+01
    2.6589402929e-02   -1.8651836395e+01
    2.6599135250e-02   -1.8641733170e+01
    2.6608865708e-02   -1.8631555557e+01
    2.6619814336e-02   -1.8620018005e+01
    2.6629544795e-02   -1.8609685898e+01
    2.6639277115e-02   -1.8599281311e+01
    2.6649009436e-02   -1.8588806152e+01
    2.6659956202e-02   -1.8576940536e+01
    2.6669688523e-02   -1.8566322327e+01
    2.6679420844e-02   -1.8555641174e+01
    2.6689153165e-02   -1.8544897079e+01
    2.6698885486e-02   -1.8534095764e+01
    2.6709834114e-02   -1.8521877289e+01
    2.6719564572e-02   -1.8510963440e+01
    2.6729296893e-02   -1.8500001907e+01
    2.6739029214e-02   -1.8489000320e+01
    2.6749977842e-02   -1.8476575851e+01
    2.6759710163e-02   -1.8465499878e+01
    2.6769442484e-02   -1.8454395294e+01
    2.6779174805e-02   -1.8443269730e+01
    2.6788907126e-02   -1.8432128906e+01
    2.6799855754e-02   -1.8419584274e+01
    2.6809588075e-02   -1.8408430099e+01
    2.6819320396e-02   -1.8397277832e+01
    2.6829052716e-02   -1.8386135101e+01
    2.6838785037e-02   -1.8375007629e+01
    2.6849733666e-02   -1.8362514496e+01
    2.6859465986e-02   -1.8351438522e+01
    2.6869198307e-02   -1.8340396881e+01
    2.6878930628e-02   -1.8329397202e+01
    2.6889879256e-02   -1.8317075729e+01
    2.6899609715e-02   -1.8306179047e+01
    2.6909342036e-02   -1.8295339584e+01
    2.6919074357e-02   -1.8284563065e+01
    2.6928806677e-02   -1.8273855209e+01
    2.6939755306e-02   -1.8261894226e+01
    2.6949487627e-02   -1.8251342773e+01
    2.6959219947e-02   -1.8240871429e+01
    2.6968952268e-02   -1.8230482101e+01
    2.6979900897e-02   -1.8218896866e+01
    2.6989633217e-02   -1.8208692551e+01
    2.6999365538e-02   -1.8198575974e+01
    2.7009097859e-02   -1.8188549042e+01
    2.7018830180e-02   -1.8178611755e+01
    2.7029778808e-02   -1.8167537689e+01
    2.7039511129e-02   -1.8157785416e+01
    2.7049243450e-02   -1.8148118973e+01
    2.7058975771e-02   -1.8138532639e+01
    2.7069924399e-02   -1.8127841949e+01
    2.7079656720e-02   -1.8118417740e+01
    2.7089389041e-02   -1.8109062195e+01
    2.7099121362e-02   -1.8099767685e+01
    2.7108853683e-02   -1.8090530396e+01
    2.7119802311e-02   -1.8080200195e+01
    2.7129534632e-02   -1.8071062088e+01
    2.7139266953e-02   -1.8061958313e+01
    2.7148999274e-02   -1.8052883148e+01
    2.7159949765e-02   -1.8042695999e+01
    2.7169682086e-02   -1.8033651352e+01
    2.7179414406e-02   -1.8024608612e+01
    2.7189146727e-02   -1.8015558243e+01
    2.7198879048e-02   -1.8006492615e+01
    2.7209827676e-02   -1.7996265411e+01
    2.7219559997e-02   -1.7987138748e+01
    2.7229292318e-02   -1.7977970123e+01
    2.7239024639e-02   -1.7968750000e+01
    2.7249973267e-02   -1.7958309174e+01
    2.7259705588e-02   -1.7948959351e+01
    2.7269437909e-02   -1.7939533234e+01
    2.7279170230e-02   -1.7930025101e+01
    2.7288902551e-02   -1.7920429230e+01
    2.7299851179e-02   -1.7909521103e+01
    2.7309583500e-02   -1.7899717331e+01
    2.7319315821e-02   -1.7889806747e+01
    2.7329048142e-02   -1.7879783630e+01
    2.7339996770e-02   -1.7868368149e+01
    2.7349727228e-02   -1.7858093262e+01
    2.7359459549e-02   -1.7847692490e+01
    2.7369191870e-02   -1.7837163925e+01
    2.7378924191e-02   -1.7826503754e+01
    2.7389872819e-02   -1.7814352036e+01
    2.7399605140e-02   -1.7803409576e+01
    2.7409337461e-02   -1.7792331696e+01
    2.7419069782e-02   -1.7781116486e+01
    2.7428802103e-02   -1.7769767761e+01
    2.7439750731e-02   -1.7756837845e+01
    2.7449483052e-02   -1.7745203018e+01
    2.7459215373e-02   -1.7733436584e+01
    2.7468947694e-02   -1.7721540451e+01
    2.7479898185e-02   -1.7708003998e+01
    2.7489630505e-02   -1.7695838928e+01
    2.7499362826e-02   -1.7683551788e+01
    2.7509095147e-02   -1.7671144485e+01
    2.7518827468e-02   -1.7658618927e+01
    2.7529776096e-02   -1.7644393921e+01
    2.7539510280e-02   -1.7631631851e+01
    2.7549242601e-02   -1.7618761063e+01
    2.7558974922e-02   -1.7605783463e+01
    2.7569923550e-02   -1.7591060638e+01
    2.7579657733e-02   -1.7577865601e+01
    2.7589390054e-02   -1.7564569473e+01
    2.7599122375e-02   -1.7551174164e+01
    2.7608854696e-02   -1.7537683487e+01
    2.7619803324e-02   -1.7522386551e+01
    2.7629535645e-02   -1.7508687973e+01
    2.7639267966e-02   -1.7494892120e+01
    2.7649000287e-02   -1.7480998993e+01
    2.7659950778e-02   -1.7465251923e+01
    2.7669683099e-02   -1.7451148987e+01
    2.7679415420e-02   -1.7436946869e+01
    2.7689147741e-02   -1.7422645569e+01
    2.7698880062e-02   -1.7408243179e+01
    2.7709828690e-02   -1.7391918182e+01
    2.7719561011e-02   -1.7377296448e+01
    2.7729293332e-02   -1.7362573624e+01
    2.7739023790e-02   -1.7347743988e+01
    2.7749974281e-02   -1.7330936432e+01
    2.7759706602e-02   -1.7315885544e+01
    2.7769437060e-02   -1.7300727844e+01
    2.7779169381e-02   -1.7285463333e+01
    2.7788901702e-02   -1.7270093918e+01
    2.7799852192e-02   -1.7252677917e+01
    2.7809584513e-02   -1.7237083435e+01
    2.7819316834e-02   -1.7221384048e+01
    2.7829049155e-02   -1.7205579758e+01
    2.7839997783e-02   -1.7187675476e+01
    2.7849730104e-02   -1.7171648026e+01
    2.7859462425e-02   -1.7155515671e+01
    2.7869194746e-02   -1.7139280319e+01
    2.7878927067e-02   -1.7122940063e+01
    2.7889875695e-02   -1.7104433060e+01
    2.7899608016e-02   -1.7087871552e+01
    2.7909340337e-02   -1.7071205139e+01
    2.7919396758e-02   -1.7053871155e+01
    2.7929779142e-02   -1.7035863876e+01
    2.7939511463e-02   -1.7018871307e+01
    2.7949891984e-02   -1.7000629425e+01
    2.7959624305e-02   -1.6983419418e+01
    2.7969356626e-02   -1.6966104507e+01
    2.7979737148e-02   -1.6947519302e+01
    2.7989469469e-02   -1.6929986954e+01
    2.7999849990e-02   -1.6911170959e+01
    2.8009582311e-02   -1.6893424988e+01
    2.8019962832e-02   -1.6874385834e+01
    2.8029695153e-02   -1.6856431961e+01
    2.8039427474e-02   -1.6838380814e+01
    2.8049809858e-02   -1.6819023132e+01
    2.8059542179e-02   -1.6800779343e+01
    2.8069922701e-02   -1.6781221390e+01
    2.8079655021e-02   -1.6762798309e+01
    2.8089387342e-02   -1.6744295120e+01
    2.8099767864e-02   -1.6724475861e+01
    2.8109500185e-02   -1.6705820084e+01
    2.8119880706e-02   -1.6685848236e+01
    2.8129613027e-02   -1.6667060852e+01
    2.8139995411e-02   -1.6646961212e+01
    2.8149725869e-02   -1.6628068924e+01
    2.8159458190e-02   -1.6609132767e+01
    2.8169840574e-02   -1.6588897705e+01
    2.8179572895e-02   -1.6569900513e+01
    2.8189953417e-02   -1.6549613953e+01
    2.8199685737e-02   -1.6530584335e+01
    2.8209418058e-02   -1.6511550903e+01
    2.8219565749e-02   -1.6491704941e+01
    2.8229657561e-02   -1.6471975327e+01
    2.8239751235e-02   -1.6452260971e+01
    2.8249843046e-02   -1.6432567596e+01
    2.8259936720e-02   -1.6412904739e+01
    2.8269112110e-02   -1.6395059586e+01
    2.8279669583e-02   -1.6374568939e+01
    2.8289308771e-02   -1.6355907440e+01
    2.8299912810e-02   -1.6335437775e+01
    2.8309553862e-02   -1.6316886902e+01
    2.8319193050e-02   -1.6298400879e+01
    2.8329797089e-02   -1.6278142929e+01
    2.8339438140e-02   -1.6259801865e+01
    2.8349077329e-02   -1.6241539001e+01
    2.8359681368e-02   -1.6221542358e+01
    2.8369322419e-02   -1.6203453064e+01
    2.8379926458e-02   -1.6183658600e+01
    2.8389565647e-02   -1.6165763855e+01
    2.8399206698e-02   -1.6147970200e+01
    2.8409810737e-02   -1.6128519058e+01
    2.8419449925e-02   -1.6110948563e+01
    2.8429090977e-02   -1.6093490601e+01
    2.8439695016e-02   -1.6074417114e+01
    2.8449334204e-02   -1.6057199478e+01
    2.8459938243e-02   -1.6038393021e+01
    2.8469579294e-02   -1.6021411896e+01
    2.8479218483e-02   -1.6004539490e+01
    2.8489822522e-02   -1.5986099243e+01
    2.8499463573e-02   -1.5969436646e+01
    2.8509102762e-02   -1.5952865601e+01
    2.8519706801e-02   -1.5934733391e+01
    2.8529347852e-02   -1.5918333054e+01
    2.8539951891e-02   -1.5900374413e+01
    2.8549591079e-02   -1.5884119034e+01
    2.8559232131e-02   -1.5867924690e+01
    2.8569836169e-02   -1.5850177765e+01
    2.8579475358e-02   -1.5834099770e+01
    2.8589116409e-02   -1.5818073273e+01
    2.8599720448e-02   -1.5800498009e+01
    2.8609359637e-02   -1.5784566879e+01
    2.8619963676e-02   -1.5767092705e+01
    2.8629371896e-02   -1.5751630783e+01
    2.8639463708e-02   -1.5735085487e+01
    2.8649557382e-02   -1.5718583107e+01
    2.8659649193e-02   -1.5702122688e+01
    2.8669068590e-02   -1.5686800957e+01
    2.8678802773e-02   -1.5671009064e+01
    2.8689751402e-02   -1.5653294563e+01
    2.8699485585e-02   -1.5637597084e+01
    2.8709217906e-02   -1.5621944427e+01
    2.8719589114e-02   -1.5605317116e+01
    2.8729682788e-02   -1.5589187622e+01
    2.8739774600e-02   -1.5573106766e+01
    2.8749866411e-02   -1.5557073593e+01
    2.8759306297e-02   -1.5542119026e+01
    2.8769040480e-02   -1.5526739120e+01
    2.8779989108e-02   -1.5509482384e+01
    2.8789883479e-02   -1.5493927002e+01
    2.8799615800e-02   -1.5478663445e+01
    2.8809996322e-02   -1.5462420464e+01
    2.8819728643e-02   -1.5447224617e+01
    2.8829460964e-02   -1.5432060242e+01
    2.8839843348e-02   -1.5415915489e+01
    2.8849575669e-02   -1.5400811195e+01
    2.8859075159e-02   -1.5386096954e+01
    2.8869664297e-02   -1.5369729996e+01
    2.8879303485e-02   -1.5354866028e+01
    2.8889909387e-02   -1.5338555336e+01
    2.8899548575e-02   -1.5323763847e+01
    2.8909187764e-02   -1.5309006691e+01
    2.8919793665e-02   -1.5292811394e+01
    2.8929335997e-02   -1.5278266907e+01
    2.8939561918e-02   -1.5262716293e+01
    2.8949787840e-02   -1.5247198105e+01
    2.8959332034e-02   -1.5232743263e+01
    2.8969556093e-02   -1.5217287064e+01
    2.8979310766e-02   -1.5202571869e+01
    2.8989858925e-02   -1.5186692238e+01
    2.8999499977e-02   -1.5172204971e+01
    2.9009139165e-02   -1.5157739639e+01
    2.9019743204e-02   -1.5141850471e+01
    2.9029384255e-02   -1.5127423286e+01
    2.9039988294e-02   -1.5111572266e+01
    2.9049627483e-02   -1.5097180367e+01
    2.9059268534e-02   -1.5082806587e+01
    2.9069872573e-02   -1.5067018509e+01
    2.9079511762e-02   -1.5052686691e+01
    2.9089152813e-02   -1.5038373947e+01
    2.9099756852e-02   -1.5022649765e+01
    2.9109396040e-02   -1.5008368492e+01
    2.9119037092e-02   -1.4994096756e+01
    2.9129641131e-02   -1.4978406906e+01
    2.9139280319e-02   -1.4964150429e+01
    2.9149884358e-02   -1.4948472977e+01
    2.9159525409e-02   -1.4934223175e+01
    2.9169164598e-02   -1.4919975281e+01
    2.9179768637e-02   -1.4904303551e+01
    2.9189409688e-02   -1.4890056610e+01
    2.9199048877e-02   -1.4875808716e+01
    2.9209652916e-02   -1.4860136032e+01
    2.9219293967e-02   -1.4845884323e+01
    2.9229898006e-02   -1.4830200195e+01
    2.9239537194e-02   -1.4815932274e+01
    2.9249178246e-02   -1.4801651955e+01
    2.9259782284e-02   -1.4785923004e+01
    2.9269421473e-02   -1.4771600723e+01
    2.9279062524e-02   -1.4757252693e+01
    2.9289666563e-02   -1.4741437912e+01
    2.9299305752e-02   -1.4727031708e+01
    2.9309909791e-02   -1.4711153984e+01
    2.9319550842e-02   -1.4696696281e+01
    2.9329190031e-02   -1.4682220459e+01
    2.9339794070e-02   -1.4666285515e+01
    2.9349435121e-02   -1.4651796341e+01
    2.9359074309e-02   -1.4637310028e+01
    2.9369678348e-02   -1.4621386528e+01
    2.9379319400e-02   -1.4606924057e+01
    2.9389923438e-02   -1.4591033936e+01
    2.9399562627e-02   -1.4576605797e+01
    2.9409203678e-02   -1.4562196732e+01
    2.9419807717e-02   -1.4546369553e+01
    2.9429633170e-02   -1.4531723022e+01
    2.9439859092e-02   -1.4516500473e+01
    2.9449401423e-02   -1.4502309799e+01
    2.9459627345e-02   -1.4487121582e+01
    2.9469853267e-02   -1.4471948624e+01
    2.9479397461e-02   -1.4457798958e+01
    2.9489621520e-02   -1.4442649841e+01
    2.9499847442e-02   -1.4427509308e+01
    2.9509391636e-02   -1.4413381577e+01
    2.9519617558e-02   -1.4398245811e+01
    2.9529841617e-02   -1.4383106232e+01
    2.9539385810e-02   -1.4368970871e+01
    2.9549611732e-02   -1.4353817940e+01
    2.9559837654e-02   -1.4338656425e+01
    2.9569379985e-02   -1.4324498177e+01
    2.9579605907e-02   -1.4309321404e+01
    2.9589831829e-02   -1.4294140816e+01
    2.9599376023e-02   -1.4279971123e+01
    2.9609600082e-02   -1.4264790535e+01
    2.9619826004e-02   -1.4249614716e+01
    2.9629370198e-02   -1.4235457420e+01
    2.9639596120e-02   -1.4220294952e+01
    2.9649820179e-02   -1.4205141068e+01
    2.9659364372e-02   -1.4191004753e+01
    2.9669590294e-02   -1.4175869942e+01
    2.9679816216e-02   -1.4160747528e+01
    2.9689358547e-02   -1.4146648407e+01
    2.9699584469e-02   -1.4131560326e+01
    2.9709810391e-02   -1.4116489410e+01
    2.9719354585e-02   -1.4102440834e+01
    2.9729578644e-02   -1.4087404251e+01
    2.9739804566e-02   -1.4072381973e+01
    2.9749348760e-02   -1.4058371544e+01
    2.9759574682e-02   -1.4043368340e+01
    2.9769837856e-02   -1.4028313637e+01
    2.9779477045e-02   -1.4014171600e+01
    2.9789116234e-02   -1.4000023842e+01
    2.9799722135e-02   -1.3984451294e+01
    2.9809361324e-02   -1.3970281601e+01
    2.9819965363e-02   -1.3954677582e+01
    2.9829606414e-02   -1.3940473557e+01
    2.9839245602e-02   -1.3926251411e+01
    2.9849849641e-02   -1.3910582542e+01
    2.9859490693e-02   -1.3896315575e+01
    2.9869129881e-02   -1.3882026672e+01
    2.9879733920e-02   -1.3866282463e+01
    2.9889374971e-02   -1.3851945877e+01
    2.9899979010e-02   -1.3836150169e+01
    2.9909618199e-02   -1.3821768761e+01
    2.9919259250e-02   -1.3807366371e+01
    2.9929863289e-02   -1.3791504860e+01
    2.9939502478e-02   -1.3777068138e+01
    2.9949143529e-02   -1.3762619972e+01
    2.9959747568e-02   -1.3746715546e+01
    2.9969386756e-02   -1.3732253075e+01
    2.9979990795e-02   -1.3716341972e+01
    2.9989631847e-02   -1.3701880455e+01
    2.9999271035e-02   -1.3687423706e+01
    3.0000235885e-02   -1.3685977936e+01
