      3002
    0.0000000000e+00    0.0000000000e+00
    9.7362280940e-06   -5.2290732810e-07
    1.9472456188e-05   -1.9754277218e-06
    2.9208684282e-05   -4.3575610107e-06
    3.8944912376e-05   -7.6693077062e-06
    4.9898168072e-05   -1.2506199710e-05
    5.9634396166e-05   -1.7793374354e-05
    6.9370624260e-05   -2.4010161724e-05
    7.9106852354e-05   -3.1156559999e-05
    8.8843080448e-05   -3.9232574636e-05
    9.9796336144e-05   -4.9429265346e-05
    1.0953255696e-04   -1.3393262401e-02
    1.1936988449e-04   -6.1313360929e-02
    1.2951242388e-04   -1.3998804986e-01
    1.3930225396e-04   -2.3789043725e-01
    1.4939271205e-04   -3.5624629259e-01
    1.5927563072e-04   -4.8570179939e-01
    1.6968246200e-04   -6.3328099251e-01
    1.7952857888e-04   -7.8118747473e-01
    1.8913974054e-04   -9.3159431219e-01
    1.9887587405e-04   -1.0886496305e+00
    2.0982899878e-04   -1.2696288824e+00
    2.1956508863e-04   -1.4333825111e+00
    2.2930116393e-04   -1.5992331505e+00
    2.3903725378e-04   -1.7667464018e+00
    2.4999040761e-04   -1.9567643404e+00
    2.5972659932e-04   -2.1267051697e+00
    2.6946279104e-04   -2.2973213196e+00
    2.7919895365e-04   -2.4683926105e+00
    2.8893514536e-04   -2.6397998333e+00
    2.9988834285e-04   -2.8329970837e+00
    3.0962453457e-04   -3.0050601959e+00
    3.1936069718e-04   -3.1774230003e+00
    3.2909688889e-04   -3.3500247002e+00
    3.3883302240e-04   -3.5227665901e+00
    3.4978619078e-04   -3.7171299458e+00
    3.5952235339e-04   -3.8898134232e+00
    3.6925845779e-04   -4.0623426437e+00
    3.7899453309e-04   -4.2346725464e+00
    3.8994755596e-04   -4.4282860756e+00
    3.9968357305e-04   -4.6001634598e+00
    4.0941956104e-04   -4.7718563080e+00
    4.1915551992e-04   -4.9434041977e+00
    4.2889144970e-04   -5.1148605347e+00
    4.3984435615e-04   -5.3077135086e+00
    4.4958025683e-04   -5.4791707993e+00
    4.5931615750e-04   -5.6507019997e+00
    4.6905202908e-04   -5.8223228455e+00
    4.7878790065e-04   -5.9940218925e+00
    4.8974074889e-04   -6.1872420311e+00
    4.9947656225e-04   -6.3590135574e+00
    5.0921243383e-04   -6.5307769775e+00
    5.1894818898e-04   -6.7025012970e+00
    5.2990094991e-04   -6.8955807686e+00
    5.3963670507e-04   -7.0670189857e+00
    5.4937246023e-04   -7.2381734848e+00
    5.5910821538e-04   -7.4089469910e+00
    5.6884397054e-04   -7.5792846680e+00
    5.7979667326e-04   -7.7704095840e+00
    5.8953242842e-04   -7.9399423599e+00
    5.9926818358e-04   -8.1092758179e+00
    6.0900388053e-04   -8.2785491943e+00
    6.1995652504e-04   -8.4690513611e+00
    6.2969216378e-04   -8.6385173798e+00
    6.3942786073e-04   -8.8081197739e+00
    6.4916349947e-04   -8.9778270721e+00
    6.5889908001e-04   -9.1475763321e+00
    6.6985160811e-04   -9.3385019302e+00
    6.7958718864e-04   -9.5080909729e+00
    6.8932271097e-04   -9.6774988174e+00
    6.9905823329e-04   -9.8466882706e+00
    7.0879369741e-04   -1.0015651703e+01
    7.1974610910e-04   -1.0205498695e+01
    7.2948157322e-04   -1.0374097824e+01
    7.3921697913e-04   -1.0542616844e+01
    7.4895244325e-04   -1.0711116791e+01
    7.5990479672e-04   -1.0900718689e+01
    7.6964020263e-04   -1.1069328308e+01
    7.7937560854e-04   -1.1238029480e+01
    7.8911101446e-04   -1.1406837463e+01
    7.9884642037e-04   -1.1575763702e+01
    8.0979865743e-04   -1.1765961647e+01
    8.1953400513e-04   -1.1935179710e+01
    8.2926929463e-04   -1.2104557037e+01
    8.3900458412e-04   -1.2274107933e+01
    8.4995670477e-04   -1.2465074539e+01
    8.5969193606e-04   -1.2635027885e+01
    8.6942716734e-04   -1.2805171967e+01
    8.7916234042e-04   -1.2975495338e+01
    8.8889745530e-04   -1.3145974159e+01
    8.9984945953e-04   -1.3337904930e+01
    9.0958451619e-04   -1.3508589745e+01
    9.1931951465e-04   -1.3679306030e+01
    9.2905445490e-04   -1.3850027084e+01
    9.3878927873e-04   -1.4020737648e+01
    9.4974087551e-04   -1.4212779999e+01
    9.5947552472e-04   -1.4383495331e+01
    9.6921011573e-04   -1.4554240227e+01
    9.7894459032e-04   -1.4725028992e+01
    9.8989589605e-04   -1.4917223930e+01
    9.9963019602e-04   -1.5088109016e+01
    1.0093643796e-03   -1.5259026527e+01
    1.0190985631e-03   -1.5429973602e+01
    1.0288325138e-03   -1.5600959778e+01
    1.0397832375e-03   -1.5793397903e+01
    1.0495170718e-03   -1.5964565277e+01
    1.0592506733e-03   -1.6135883331e+01
    1.0689842748e-03   -1.6307384491e+01
    1.0799344163e-03   -1.6500576019e+01
    1.0896677850e-03   -1.6672540665e+01
    1.0994010372e-03   -1.6844730377e+01
    1.1091342894e-03   -1.7017145157e+01
    1.1188673088e-03   -1.7189788818e+01
    1.1298169848e-03   -1.7384305954e+01
    1.1395498877e-03   -1.7557495117e+01
    1.1492826743e-03   -1.7730985641e+01
    1.1590153445e-03   -1.7904815674e+01
    1.1699643219e-03   -1.8100814819e+01
    1.1796967592e-03   -1.8275455475e+01
    1.1894289637e-03   -1.8450496674e+01
    1.1991611682e-03   -1.8625936508e+01
    1.2088933727e-03   -1.8801755905e+01
    1.2198420009e-03   -1.8999969482e+01
    1.2295740889e-03   -1.9176485062e+01
    1.2393060606e-03   -1.9353267670e+01
    1.2490381487e-03   -1.9530279160e+01
    1.2599866604e-03   -1.9729648590e+01
    1.2697185157e-03   -1.9907045364e+01
    1.2794504873e-03   -2.0084592819e+01
    1.2891823426e-03   -2.0262290955e+01
    1.2989141978e-03   -2.0440145493e+01
    1.3098624768e-03   -2.0640443802e+01
    1.3195943320e-03   -2.0818712234e+01
    1.3293261873e-03   -2.0997238159e+01
    1.3390581589e-03   -2.1176067352e+01
    1.3487900142e-03   -2.1355247498e+01
    1.3597385259e-03   -2.1557298660e+01
    1.3694704976e-03   -2.1737358093e+01
    1.3792023528e-03   -2.1917873383e+01
    1.3889340917e-03   -2.2098852158e+01
    1.3998821378e-03   -2.2303010941e+01
    1.4096136438e-03   -2.2484966278e+01
    1.4193450334e-03   -2.2667350769e+01
    1.4290763065e-03   -2.2850135803e+01
    1.4388074633e-03   -2.3033281326e+01
    1.4497550437e-03   -2.3239704132e+01
    1.4594860841e-03   -2.3423492432e+01
    1.4692171244e-03   -2.3607536316e+01
    1.4789480483e-03   -2.3791824341e+01
    1.4898953959e-03   -2.3999429703e+01
    1.4996263199e-03   -2.4184225082e+01
    1.5093573602e-03   -2.4369272232e+01
    1.5190882841e-03   -2.4554578781e+01
    1.5288193244e-03   -2.4740156174e+01
    1.5397667885e-03   -2.4949262619e+01
    1.5494978288e-03   -2.5135435104e+01
    1.5592289856e-03   -2.5321899414e+01
    1.5689601423e-03   -2.5508670807e+01
    1.5799077228e-03   -2.5719179153e+01
    1.5896389959e-03   -2.5906677246e+01
    1.5993701527e-03   -2.6094560623e+01
    1.6091015423e-03   -2.6282861710e+01
    1.6188328154e-03   -2.6471603394e+01
    1.6297805123e-03   -2.6684488297e+01
    1.6395119019e-03   -2.6874217987e+01
    1.6492432915e-03   -2.7064418793e+01
    1.6589745646e-03   -2.7255079269e+01
    1.6699222615e-03   -2.7470108032e+01
    1.6796534183e-03   -2.7661708832e+01
    1.6893845750e-03   -2.7853733063e+01
    1.6991156153e-03   -2.8046176910e+01
    1.7088466557e-03   -2.8239042282e+01
    1.7197940033e-03   -2.8456525803e+01
    1.7295248108e-03   -2.8650312424e+01
    1.7392556183e-03   -2.8844556808e+01
    1.7489861930e-03   -2.9039274216e+01
    1.7599329585e-03   -2.9258909225e+01
    1.7696633004e-03   -2.9454668045e+01
    1.7793934094e-03   -2.9650926590e+01
    1.7891235184e-03   -2.9847677231e+01
    1.7988532782e-03   -3.0044908524e+01
    1.8097991124e-03   -3.0267349243e+01
    1.8195285229e-03   -3.0465539932e+01
    1.8292577006e-03   -3.0664146423e+01
    1.8389866455e-03   -3.0863149643e+01
    1.8499315483e-03   -3.1087480545e+01
    1.8596601440e-03   -3.1287275314e+01
    1.8693886232e-03   -3.1487436295e+01
    1.8791169859e-03   -3.1687965393e+01
    1.8888451159e-03   -3.1888875961e+01
    1.8997892039e-03   -3.2115375519e+01
    1.9095172174e-03   -3.2317157745e+01
    1.9192451145e-03   -3.2519382477e+01
    1.9289728953e-03   -3.2722068787e+01
    1.9399166340e-03   -3.2950668335e+01
    1.9496444147e-03   -3.3154384613e+01
    1.9593720790e-03   -3.3358585358e+01
    1.9690997433e-03   -3.3563259125e+01
    1.9788274076e-03   -3.3768379211e+01
    1.9897709135e-03   -3.3999641418e+01
    1.9994983450e-03   -3.4205615997e+01
    2.0092257764e-03   -3.4411945343e+01
    2.0189529750e-03   -3.4618595123e+01
    2.0298960153e-03   -3.4851440430e+01
    2.0396232139e-03   -3.5058708191e+01
    2.0493501797e-03   -3.5266246796e+01
    2.0590771455e-03   -3.5474040985e+01
    2.0688038785e-03   -3.5682079315e+01
    2.0797464531e-03   -3.5916393280e+01
    2.0894729532e-03   -3.6124900818e+01
    2.0991994534e-03   -3.6333606720e+01
    2.1089257207e-03   -3.6542491913e+01
    2.1198678296e-03   -3.6777679443e+01
    2.1295938641e-03   -3.6986896515e+01
    2.1393198986e-03   -3.7196250916e+01
    2.1490459330e-03   -3.7405731201e+01
    2.1599873435e-03   -3.7641529083e+01
    2.1697131451e-03   -3.7851230621e+01
    2.1794387139e-03   -3.8061004639e+01
    2.1891642828e-03   -3.8270820618e+01
    2.1988898516e-03   -3.8480644226e+01
    2.2098312620e-03   -3.8716651917e+01
    2.2195565980e-03   -3.8926345825e+01
    2.2292819340e-03   -3.9135902405e+01
    2.2390072700e-03   -3.9345283508e+01
    2.2499482147e-03   -3.9580566406e+01
    2.2596733179e-03   -3.9789421082e+01
    2.2693981882e-03   -3.9997982025e+01
    2.2791230585e-03   -4.0206218719e+01
    2.2888479289e-03   -4.0414104462e+01
    2.2997881752e-03   -4.0647529602e+01
    2.3095125798e-03   -4.0854591370e+01
    2.3192369845e-03   -4.1061225891e+01
    2.3289611563e-03   -4.1267410278e+01
    2.3399007041e-03   -4.1498802185e+01
    2.3496244103e-03   -4.1703956604e+01
    2.3593481164e-03   -4.1908592224e+01
    2.3690713570e-03   -4.2112689972e+01
    2.3787945975e-03   -4.2316238403e+01
    2.3897332139e-03   -4.2544540405e+01
    2.3995384108e-03   -4.2748558044e+01
    2.4099193979e-03   -4.2963882446e+01
    2.4196517188e-03   -4.3165103912e+01
    2.4293838069e-03   -4.3365688324e+01
    2.4397517554e-03   -4.3578670502e+01
    2.4494747631e-03   -4.3777732849e+01
    2.4591975380e-03   -4.3976146698e+01
    2.4689203128e-03   -4.4173919678e+01
    2.4798586965e-03   -4.4395652771e+01
    2.4895814713e-03   -4.4592075348e+01
    2.4993044790e-03   -4.4787872314e+01
    2.5090277195e-03   -4.4983043671e+01
    2.5199663360e-03   -4.5201858521e+01
    2.5296895765e-03   -4.5395675659e+01
    2.5394128170e-03   -4.5588836670e+01
    2.5491360575e-03   -4.5781318665e+01
    2.5588592980e-03   -4.5973102570e+01
    2.5698216632e-03   -4.6188457489e+01
    2.5799144059e-03   -4.6385887146e+01
    2.5890895631e-03   -4.6564647675e+01
    2.5992738083e-03   -4.6762248993e+01
    2.6088915765e-03   -4.6948040009e+01
    2.6198297273e-03   -4.7158359528e+01
    2.6295525022e-03   -4.7344417572e+01
    2.6392752770e-03   -4.7529613495e+01
    2.6489978191e-03   -4.7713932037e+01
    2.6599837001e-03   -4.7921138763e+01
    2.6699991431e-03   -4.8109035492e+01
    2.6795428712e-03   -4.8287178040e+01
    2.6899522636e-03   -4.8480464935e+01
    2.6996738743e-03   -4.8660015106e+01
    2.7094443794e-03   -4.8839519501e+01
    2.7199555188e-03   -4.9031570435e+01
    2.7294731699e-03   -4.9204513550e+01
    2.7398141101e-03   -4.9391387939e+01
    2.7495711111e-03   -4.9566722870e+01
    2.7592917904e-03   -4.9740444183e+01
    2.7697796468e-03   -4.9926788330e+01
    2.7793236077e-03   -5.0095355988e+01
    2.7893041261e-03   -5.0270610809e+01
    2.7994886041e-03   -5.0448329926e+01
    2.8094514273e-03   -5.0621067047e+01
    2.8192086611e-03   -5.0789150238e+01
    2.8293011710e-03   -5.0961864471e+01
    2.8397461865e-03   -5.1139366150e+01
    2.8498389293e-03   -5.1309665680e+01
    2.8595710173e-03   -5.1472755432e+01
    2.8696637601e-03   -5.1640724182e+01
    2.8791178484e-03   -5.1797004700e+01
    2.8892103583e-03   -5.1962722778e+01
    2.8998849448e-03   -5.2136756897e+01
    2.9093327466e-03   -5.2289741516e+01
    2.9194252566e-03   -5.2452102661e+01
    2.9295179993e-03   -5.2613368988e+01
    2.9396105092e-03   -5.2773551941e+01
    2.9497032519e-03   -5.2932647705e+01
    2.9597959947e-03   -5.3090656281e+01
    2.9698885046e-03   -5.3247562408e+01
    2.9793891590e-03   -5.3394245148e+01
    2.9899931978e-03   -5.3556789398e+01
    2.9996333178e-03   -5.3703460693e+01
    3.0095723923e-03   -5.3853580475e+01
    3.0192923732e-03   -5.3999301910e+01
    3.0290123541e-03   -5.4143939972e+01
    3.0399472453e-03   -5.4305366516e+01
    3.0493761878e-03   -5.4443470001e+01
    3.0599802267e-03   -5.4597591400e+01
    3.0694403686e-03   -5.4734039307e+01
    3.0796655919e-03   -5.4880439758e+01
    3.0898910481e-03   -5.5025745392e+01
    3.0994347762e-03   -5.5160392761e+01
    3.1096602324e-03   -5.5303646088e+01
    3.1196919736e-03   -5.5443183899e+01
    3.1294038054e-03   -5.5577350616e+01
    3.1391226221e-03   -5.5710720062e+01
    3.1490530819e-03   -5.5846069336e+01
    3.1596571207e-03   -5.5989585876e+01
    3.1696353108e-03   -5.6123676300e+01
    3.1790640205e-03   -5.6249526978e+01
    3.1896680593e-03   -5.6390087128e+01
    3.1993081793e-03   -5.6516960144e+01
    3.2090446912e-03   -5.6644229889e+01
    3.2199474517e-03   -5.6785701752e+01
    3.2296658028e-03   -5.6910877228e+01
    3.2391333953e-03   -5.7031986237e+01
    3.2497376669e-03   -5.7166667938e+01
    3.2593775541e-03   -5.7288230896e+01
    3.2695673872e-03   -5.7415843964e+01
    3.2797090244e-03   -5.7541976929e+01
    3.2893491443e-03   -5.7661090851e+01
    3.2999531832e-03   -5.7791271210e+01
    3.3095933031e-03   -5.7908882141e+01
    3.3188189846e-03   -5.8020812988e+01
    3.3297524787e-03   -5.8152709961e+01
    3.3394712955e-03   -5.8269294739e+01
    3.3491901122e-03   -5.8385284424e+01
    3.3589089289e-03   -5.8500698090e+01
    3.3698424231e-03   -5.8629863739e+01
    3.3793104813e-03   -5.8741146088e+01
    3.3899145201e-03   -5.8865158081e+01
    3.3995546401e-03   -5.8977329254e+01
    3.4092820715e-03   -5.9089977264e+01
    3.4190008882e-03   -5.9201980591e+01
    3.4299343824e-03   -5.9327346802e+01
    3.4396529663e-03   -5.9438220978e+01
    3.4495438449e-03   -5.9550529480e+01
    3.4591839649e-03   -5.9659488678e+01
    3.4697880037e-03   -5.9778789520e+01
    3.4794281237e-03   -5.9886756897e+01
    3.4890682437e-03   -5.9994277954e+01
    3.4996722825e-03   -6.0112049103e+01
    3.5093124025e-03   -6.0218681335e+01
    3.5195411183e-03   -6.0331378937e+01
    3.5292592365e-03   -6.0438034058e+01
    3.5389771219e-03   -6.0544292450e+01
    3.5491187591e-03   -6.0654754639e+01
    3.5597227979e-03   -6.0769798279e+01
    3.5693629179e-03   -6.0873977661e+01
    3.5799669567e-03   -6.0988124847e+01
    3.5896070767e-03   -6.1091487885e+01
    3.5997966770e-03   -6.1200328827e+01
    3.6095143296e-03   -6.1303733826e+01
    3.6192319822e-03   -6.1406768799e+01
    3.6298360210e-03   -6.1518783569e+01
    3.6394761410e-03   -6.1620258331e+01
    3.6499553826e-03   -6.1730190277e+01
    3.6596730351e-03   -6.1831798553e+01
    3.6693906877e-03   -6.1933097839e+01
    3.6791083403e-03   -6.2034103394e+01
    3.6888259929e-03   -6.2134826660e+01
    3.6997585557e-03   -6.2247810364e+01
    3.7098999601e-03   -6.2352321625e+01
    3.7195400801e-03   -6.2451408386e+01
    3.7291802000e-03   -6.2550258636e+01
    3.7397842389e-03   -6.2658729553e+01
    3.7494243588e-03   -6.2757110596e+01
    3.7590644788e-03   -6.2855297089e+01
    3.7687914446e-03   -6.2954177856e+01
    3.7798970006e-03   -6.3066871643e+01
    3.7895371206e-03   -6.3164539337e+01
    3.7991772406e-03   -6.3262088776e+01
    3.8097812794e-03   -6.3369289398e+01
    3.8195177913e-03   -6.3467647552e+01
    3.8291872479e-03   -6.3565296173e+01
    3.8389049005e-03   -6.3663436890e+01
    3.8496016059e-03   -6.3771503448e+01
    3.8598270621e-03   -6.3874893188e+01
    3.8693707902e-03   -6.3971492767e+01
    3.8795962464e-03   -6.4075134277e+01
    3.8898217026e-03   -6.4178962708e+01
    3.8993654307e-03   -6.4276062012e+01
    3.9095906541e-03   -6.4380325317e+01
    3.9198161103e-03   -6.4484840393e+01
    3.9293598384e-03   -6.4582633972e+01
    3.9395852946e-03   -6.4687683105e+01
    3.9498107508e-03   -6.4793022156e+01
    3.9593544789e-03   -6.4891609192e+01
    3.9695799351e-03   -6.4997535706e+01
    3.9798053913e-03   -6.5103782654e+01
    3.9893491194e-03   -6.5203247070e+01
    3.9995745756e-03   -6.5310157776e+01
    4.0098000318e-03   -6.5417442322e+01
    4.0193437599e-03   -6.5517929077e+01
    4.0295692161e-03   -6.5625999451e+01
    4.0397946723e-03   -6.5734535217e+01
    4.0493384004e-03   -6.5836273193e+01
    4.0595638566e-03   -6.5945785522e+01
    4.0697893128e-03   -6.6055870056e+01
    4.0793330409e-03   -6.6159156799e+01
    4.0895584971e-03   -6.6270439148e+01
    4.0997839533e-03   -6.6382385254e+01
    4.1093276814e-03   -6.6487495422e+01
    4.1195531376e-03   -6.6600814819e+01
    4.1297785938e-03   -6.6714881897e+01
    4.1393223219e-03   -6.6822021484e+01
    4.1495477781e-03   -6.6937568665e+01
    4.1594114155e-03   -6.7049774170e+01
    4.1690515354e-03   -6.7160163879e+01
    4.1796555743e-03   -6.7282432556e+01
    4.1893920861e-03   -6.7395484924e+01
    4.1999961250e-03   -6.7519493103e+01
    4.2096362449e-03   -6.7633049011e+01
    4.2192763649e-03   -6.7747390747e+01
    4.2298804037e-03   -6.7874107361e+01
    4.2395205237e-03   -6.7990165710e+01
    4.2491606437e-03   -6.8107055664e+01
    4.2597646825e-03   -6.8236618042e+01
    4.2694048025e-03   -6.8355308533e+01
    4.2790449224e-03   -6.8474853516e+01
    4.2896489613e-03   -6.8607360840e+01
    4.2992890812e-03   -6.8728744507e+01
    4.3094786815e-03   -6.8857994080e+01
    4.3191188015e-03   -6.8981170654e+01
    4.3297228403e-03   -6.9117675781e+01
    4.3393629603e-03   -6.9242668152e+01
    4.3499669991e-03   -6.9381149292e+01
    4.3596071191e-03   -6.9507926941e+01
    4.3692472391e-03   -6.9635536194e+01
    4.3796873651e-03   -6.9774658203e+01
    4.3896171264e-03   -6.9907852173e+01
    4.3992572464e-03   -7.0037963867e+01
    4.4098612852e-03   -7.0181983948e+01
    4.4191260822e-03   -7.0308578491e+01
    4.4288439676e-03   -7.0442123413e+01
    4.4395262375e-03   -7.0589790344e+01
    4.4491663575e-03   -7.0723823547e+01
    4.4597703964e-03   -7.0872085571e+01
    4.4694105163e-03   -7.1007614136e+01
    4.4790506363e-03   -7.1143821716e+01
    4.4897235930e-03   -7.1295387268e+01
    4.4999490492e-03   -7.1441322327e+01
    4.5098606497e-03   -7.1583435059e+01
    4.5195007697e-03   -7.1722229004e+01
    4.5291408896e-03   -7.1861579895e+01
    4.5397449285e-03   -7.2015449524e+01
    4.5494814403e-03   -7.2157249451e+01
    4.5598256402e-03   -7.2308410645e+01
    4.5688003302e-03   -7.2439964294e+01
    4.5797340572e-03   -7.2600700378e+01
    4.5894528739e-03   -7.2743995667e+01
    4.5991716906e-03   -7.2887657166e+01
    4.6096034348e-03   -7.3042259216e+01
    4.6192435548e-03   -7.3185478210e+01
    4.6298475936e-03   -7.3343383789e+01
    4.6394877136e-03   -7.3487251282e+01
    4.6491278335e-03   -7.3631401062e+01
    4.6598194167e-03   -7.3791587830e+01
    4.6698590741e-03   -7.3942276001e+01
    4.6794028021e-03   -7.4085723877e+01
    4.6897139400e-03   -7.4240890503e+01
    4.6993540600e-03   -7.4386085510e+01
    4.7099580988e-03   -7.4545890808e+01
    4.7195982188e-03   -7.4691200256e+01
    4.7292383388e-03   -7.4836471558e+01
    4.7398423776e-03   -7.4996170044e+01
    4.7493190505e-03   -7.5138748169e+01
    4.7590387985e-03   -7.5284767151e+01
    4.7699734569e-03   -7.5448715210e+01
    4.7796932049e-03   -7.5594093323e+01
    4.7894129530e-03   -7.5739074707e+01
    4.7990926541e-03   -7.5883018494e+01
    4.8096003011e-03   -7.6038688660e+01
    4.8195123672e-03   -7.6184921265e+01
    4.8291524872e-03   -7.6326522827e+01
    4.8397565261e-03   -7.6481506348e+01
    4.8493966460e-03   -7.6621650696e+01
    4.8593357205e-03   -7.6765327454e+01
    4.8690559343e-03   -7.6905006409e+01
    4.8794490285e-03   -7.7053375244e+01
    4.8890891485e-03   -7.7190055847e+01
    4.8996931873e-03   -7.7339294434e+01
    4.9097039737e-03   -7.7479064941e+01
    4.9195010215e-03   -7.7614761353e+01
    4.9291541800e-03   -7.7747352600e+01
    4.9388753250e-03   -7.7879699707e+01
    4.9493089318e-03   -7.8020393372e+01
    4.9599129707e-03   -7.8161918640e+01
    4.9695530906e-03   -7.8289291382e+01
    4.9791932106e-03   -7.8415420532e+01
    4.9896342680e-03   -7.8550598145e+01
    4.9992743880e-03   -7.8674064636e+01
    5.0091389567e-03   -7.8799034119e+01
    5.0191693008e-03   -7.8924652100e+01
    5.0288909115e-03   -7.9044990540e+01
    5.0398274325e-03   -7.9178680420e+01
    5.0495490432e-03   -7.9295997620e+01
    5.0592706539e-03   -7.9411857605e+01
    5.0689922646e-03   -7.9526260376e+01
    5.0796782598e-03   -7.9650299072e+01
    5.0893183798e-03   -7.9760658264e+01
    5.0999224186e-03   -7.9880340576e+01
    5.1094000228e-03   -7.9985794067e+01
    5.1191216335e-03   -8.0092475891e+01
    5.1288441755e-03   -8.0197654724e+01
    5.1397816278e-03   -8.0314186096e+01
    5.1495037042e-03   -8.0416175842e+01
    5.1592257805e-03   -8.0516685486e+01
    5.1689483225e-03   -8.0615707397e+01
    5.1792906597e-03   -8.0719436646e+01
    5.1893829368e-03   -8.0819068909e+01
    5.1987944171e-03   -8.0910575867e+01
    5.2097323351e-03   -8.1015243530e+01
    5.2194553427e-03   -8.1106773376e+01
    5.2291778848e-03   -8.1196899414e+01
    5.2396133542e-03   -8.1292083740e+01
    5.2492534742e-03   -8.1378608704e+01
    5.2596954629e-03   -8.1470817566e+01
    5.2694184706e-03   -8.1555282593e+01
    5.2791414782e-03   -8.1638412476e+01
    5.2888644859e-03   -8.1720230103e+01
    5.2995104343e-03   -8.1808311462e+01
    5.3091505542e-03   -8.1886734009e+01
    5.3197545931e-03   -8.1971565247e+01
    5.3293947130e-03   -8.2047401428e+01
    5.3399987519e-03   -8.2129425049e+01
    5.3496388718e-03   -8.2202766418e+01
    5.3592789918e-03   -8.2274971008e+01
    5.3699794225e-03   -8.2353813171e+01
    5.3796540014e-03   -8.2423965454e+01
    5.3893360309e-03   -8.2493125916e+01
    5.3999405354e-03   -8.2567733765e+01
    5.4092551582e-03   -8.2632316589e+01
    5.4195336998e-03   -8.2702606201e+01
    5.4291738197e-03   -8.2767623901e+01
    5.4397778586e-03   -8.2838180542e+01
    5.4494179785e-03   -8.2901489258e+01
    5.4596504197e-03   -8.2967857361e+01
    5.4695424624e-03   -8.3031234741e+01
    5.4791821167e-03   -8.3092315674e+01
    5.4894150235e-03   -8.3156440735e+01
    5.4991403595e-03   -8.3216758728e+01
    5.5088652298e-03   -8.3276504517e+01
    5.5198059417e-03   -8.3343078613e+01
    5.5295312777e-03   -8.3401741028e+01
    5.5392561480e-03   -8.3459960938e+01
    5.5489819497e-03   -8.3517768860e+01
    5.5599231273e-03   -8.3582366943e+01
    5.5696484633e-03   -8.3639434814e+01
    5.5793742649e-03   -8.3696220398e+01
    5.5891000666e-03   -8.3752761841e+01
    5.5988258682e-03   -8.3809089661e+01
    5.6097675115e-03   -8.3872261047e+01
    5.6194933131e-03   -8.3928268433e+01
    5.6291334331e-03   -8.3983703613e+01
    5.6397374719e-03   -8.4044624329e+01
    5.6497198530e-03   -8.4101982117e+01
    5.6594461203e-03   -8.4157913208e+01
    5.6693810038e-03   -8.4215141296e+01
    5.6799850427e-03   -8.4276359558e+01
    5.6899241172e-03   -8.4333915710e+01
    5.6996508501e-03   -8.4390449524e+01
    5.7093775831e-03   -8.4447219849e+01
    5.7191043161e-03   -8.4504264832e+01
    5.7288315147e-03   -8.4561614990e+01
    5.7397307828e-03   -8.4626281738e+01
    5.7493709028e-03   -8.4683876038e+01
    5.7599749416e-03   -8.4747703552e+01
    5.7696150616e-03   -8.4806205750e+01
    5.7792551816e-03   -8.4865188599e+01
    5.7896981016e-03   -8.4929687500e+01
    5.7994257659e-03   -8.4990364075e+01
    5.8090658858e-03   -8.5051094055e+01
    5.8196699247e-03   -8.5118637085e+01
    5.8288965374e-03   -8.5178062439e+01
    5.8398405090e-03   -8.5249366760e+01
    5.8495686390e-03   -8.5313522339e+01
    5.8592963032e-03   -8.5378402710e+01
    5.8690244332e-03   -8.5444030762e+01
    5.8792126365e-03   -8.5513549805e+01
    5.8898166753e-03   -8.5586784363e+01
    5.8994567953e-03   -8.5654167175e+01
    5.9090969153e-03   -8.5722320557e+01
    5.9197009541e-03   -8.5798210144e+01
    5.9293410741e-03   -8.5868064880e+01
    5.9399455786e-03   -8.5945861816e+01
    5.9494688176e-03   -8.6016601562e+01
    5.9599531814e-03   -8.6095458984e+01
    5.9691281058e-03   -8.6165313721e+01
    5.9797321446e-03   -8.6247024536e+01
    5.9893722646e-03   -8.6322212219e+01
    5.9998603538e-03   -8.6404991150e+01
    6.0097523965e-03   -8.6483985901e+01
    6.0193925165e-03   -8.6561820984e+01
    6.0299965553e-03   -8.6648406982e+01
    6.0396366753e-03   -8.6727989197e+01
    6.0492767952e-03   -8.6808395386e+01
    6.0598808341e-03   -8.6897766113e+01
    6.0695209540e-03   -8.6979850769e+01
    6.0791610740e-03   -8.7062705994e+01
    6.0897651128e-03   -8.7154731750e+01
    6.0994052328e-03   -8.7239181519e+01
    6.1090453528e-03   -8.7324363708e+01
    6.1196493916e-03   -8.7418884277e+01
    6.1292895116e-03   -8.7505531311e+01
    6.1398935504e-03   -8.7601615906e+01
    6.1495336704e-03   -8.7689636230e+01
    6.1591737904e-03   -8.7778274536e+01
    6.1694057658e-03   -8.7873023987e+01
    6.1799632385e-03   -8.7971481323e+01
    6.1896033585e-03   -8.8061973572e+01
    6.1992434785e-03   -8.8153022766e+01
    6.2098475173e-03   -8.8253807068e+01
    6.2194876373e-03   -8.8345993042e+01
    6.2291277573e-03   -8.8438705444e+01
    6.2397317961e-03   -8.8541275024e+01
    6.2493719161e-03   -8.8635055542e+01
    6.2599764206e-03   -8.8738792419e+01
    6.2699606642e-03   -8.8836997986e+01
    6.2796915881e-03   -8.8933212280e+01
    6.2895840965e-03   -8.9031509399e+01
    6.2998207286e-03   -8.9133743286e+01
    6.3095516525e-03   -8.9231391907e+01
    6.3192825764e-03   -8.9329490662e+01
    6.3298135065e-03   -8.9436157227e+01
    6.3390866853e-03   -8.9530487061e+01
    6.3488176093e-03   -8.9629890442e+01
    6.3596740365e-03   -8.9741256714e+01
    6.3693141565e-03   -8.9840560913e+01
    6.3792532310e-03   -8.9943321228e+01
    6.3896505162e-03   -9.0051216125e+01
    6.3992906362e-03   -9.0151611328e+01
    6.4098946750e-03   -9.0262405396e+01
    6.4195347950e-03   -9.0363441467e+01
    6.4297262579e-03   -9.0470550537e+01
    6.4397552051e-03   -9.0576232910e+01
    6.4498339780e-03   -9.0682678223e+01
    6.4594256692e-03   -9.0784194946e+01
    6.4698364586e-03   -9.0894561768e+01
    6.4796209335e-03   -9.0998443604e+01
    6.4893672243e-03   -9.1102043152e+01
    6.4996611327e-03   -9.1211547852e+01
    6.5095736645e-03   -9.1317062378e+01
    6.5198671073e-03   -9.1426643372e+01
    6.5294108354e-03   -9.1528228760e+01
    6.5393913537e-03   -9.1634407043e+01
    6.5488712862e-03   -9.1735176086e+01
    6.5597733483e-03   -9.1850914001e+01
    6.5699988045e-03   -9.1959274292e+01
    6.5795425326e-03   -9.2060218811e+01
    6.5897679888e-03   -9.2168113708e+01
    6.5999934450e-03   -9.2275703430e+01
    6.6095371731e-03   -9.2375808716e+01
    6.6197626293e-03   -9.2482673645e+01
    6.6299568862e-03   -9.2588768005e+01
    6.6398954950e-03   -9.2691726685e+01
    6.6495356150e-03   -9.2791099548e+01
    6.6591757350e-03   -9.2889938354e+01
    6.6697797738e-03   -9.2998001099e+01
    6.6794198938e-03   -9.3095588684e+01
    6.6890600137e-03   -9.3192512512e+01
    6.6996640526e-03   -9.3298301697e+01
    6.7093041725e-03   -9.3393692017e+01
    6.7190406844e-03   -9.3489219666e+01
    6.7296405323e-03   -9.3592231750e+01
    6.7392806523e-03   -9.3684959412e+01
    6.7498846911e-03   -9.3785858154e+01
    6.7595248111e-03   -9.3876533508e+01
    6.7691649310e-03   -9.3966171265e+01
    6.7799063399e-03   -9.4064796448e+01
    6.7896377295e-03   -9.4152984619e+01
    6.7997826263e-03   -9.4243713379e+01
    6.8094227463e-03   -9.4328781128e+01
    6.8190628663e-03   -9.4412734985e+01
    6.8290471099e-03   -9.4498519897e+01
    6.8399040028e-03   -9.4590461731e+01
    6.8495436572e-03   -9.4670944214e+01
    6.8591837771e-03   -9.4750358582e+01
    6.8697882816e-03   -9.4836471558e+01
    6.8797268905e-03   -9.4916000366e+01
    6.8899174221e-03   -9.4996337891e+01
    6.8995575421e-03   -9.5071212769e+01
    6.9091976620e-03   -9.5144966125e+01
    6.9189341739e-03   -9.5218307495e+01
    6.9298320450e-03   -9.5299011230e+01
    6.9395634346e-03   -9.5369827271e+01
    6.9492948242e-03   -9.5439445496e+01
    6.9590262137e-03   -9.5507873535e+01
    6.9692167453e-03   -9.5578231812e+01
    6.9798212498e-03   -9.5650054932e+01
    6.9894609042e-03   -9.5714111328e+01
    6.9991010241e-03   -9.5777000427e+01
    7.0097055286e-03   -9.5844856262e+01
    7.0189782418e-03   -9.5903060913e+01
    7.0299264044e-03   -9.5970458984e+01
    7.0396582596e-03   -9.6029190063e+01
    7.0490916260e-03   -9.6085090637e+01
    7.0596956648e-03   -9.6146736145e+01
    7.0693357848e-03   -9.6201713562e+01
    7.0799398236e-03   -9.6261062622e+01
    7.0895799436e-03   -9.6314002991e+01
    7.0992200635e-03   -9.6366020203e+01
    7.1099204943e-03   -9.6422676086e+01
    7.1196025237e-03   -9.6472984314e+01
    7.1297474205e-03   -9.6524734497e+01
    7.1393875405e-03   -9.6573005676e+01
    7.1499915794e-03   -9.6625083923e+01
    7.1597280912e-03   -9.6671974182e+01
    7.1694101207e-03   -9.6717727661e+01
    7.1793026291e-03   -9.6763580322e+01
    7.1899066679e-03   -9.6811744690e+01
    7.1995467879e-03   -9.6854660034e+01
    7.2091869079e-03   -9.6896759033e+01
    7.2196307592e-03   -9.6941474915e+01
    7.2297756560e-03   -9.6984054565e+01
    7.2394157760e-03   -9.7023757935e+01
    7.2488957085e-03   -9.7062110901e+01
    7.2598969564e-03   -9.7105819702e+01
    7.2694406845e-03   -9.7143058777e+01
    7.2798514739e-03   -9.7183029175e+01
    7.2899963707e-03   -9.7221351624e+01
    7.2996364906e-03   -9.7257247925e+01
    7.3092766106e-03   -9.7292671204e+01
    7.3198806494e-03   -9.7331130981e+01
    7.3296171613e-03   -9.7366035461e+01
    7.3392991908e-03   -9.7400375366e+01
    7.3496964760e-03   -9.7436904907e+01
    7.3593365960e-03   -9.7470489502e+01
    7.3699406348e-03   -9.7507148743e+01
    7.3795807548e-03   -9.7540267944e+01
    7.3892208748e-03   -9.7573211670e+01
    7.3998249136e-03   -9.7609291077e+01
    7.4094650336e-03   -9.7641983032e+01
    7.4191051535e-03   -9.7674606323e+01
    7.4292966165e-03   -9.7709045410e+01
    7.4398522265e-03   -9.7744712830e+01
    7.4494676664e-03   -9.7777236938e+01
    7.4590719305e-03   -9.7809791565e+01
    7.4692168273e-03   -9.7844276428e+01
    7.4798208661e-03   -9.7880500793e+01
    7.4890935794e-03   -9.7912353516e+01
    7.4999956414e-03   -9.7950080872e+01
    7.5096357614e-03   -9.7983734131e+01
    7.5192758814e-03   -9.8017700195e+01
    7.5298799202e-03   -9.8055458069e+01
    7.5393547304e-03   -9.8089591980e+01
    7.5499000959e-03   -9.8128067017e+01
    7.5596324168e-03   -9.8164070129e+01
    7.5697768480e-03   -9.8202163696e+01
    7.5794169679e-03   -9.8238914490e+01
    7.5890570879e-03   -9.8276229858e+01
    7.5996611267e-03   -9.8317939758e+01
    7.6093012467e-03   -9.8356468201e+01
    7.6199742034e-03   -9.8399810791e+01
    7.6290392317e-03   -9.8437179565e+01
    7.6396432705e-03   -9.8481559753e+01
    7.6492833905e-03   -9.8522544861e+01
    7.6598874293e-03   -9.8568344116e+01
    7.6695275493e-03   -9.8610641479e+01
    7.6791676693e-03   -9.8653587341e+01
    7.6898406260e-03   -9.8701919556e+01
    7.6997042634e-03   -9.8747329712e+01
    7.7093443833e-03   -9.8792381287e+01
    7.7199484222e-03   -9.8842689514e+01
    7.7298604883e-03   -9.8890419006e+01
    7.7397720888e-03   -9.8938873291e+01
    7.7494122088e-03   -9.8986747742e+01
    7.7590523288e-03   -9.9035377502e+01
    7.7696563676e-03   -9.9089775085e+01
    7.7793654054e-03   -9.9140480042e+01
    7.7895908616e-03   -9.9194877625e+01
    7.7994544990e-03   -9.9248428345e+01
    7.8090946190e-03   -9.9301895142e+01
    7.8196981922e-03   -9.9362174988e+01
    7.8293383121e-03   -9.9418464661e+01
    7.8399423510e-03   -9.9482200623e+01
    7.8496029601e-03   -9.9542068481e+01
    7.8590465710e-03   -9.9602363586e+01
    7.8697828576e-03   -9.9673080444e+01
    7.8793661669e-03   -9.9738121033e+01
    7.8899702057e-03   -9.9812042236e+01
    7.8996103257e-03   -9.9880760193e+01
    7.9092504457e-03   -9.9950614929e+01
    7.9195722938e-03   -1.0002629089e+02
    7.9297982156e-03   -1.0010190582e+02
    7.9392623156e-03   -1.0017221069e+02
    7.9498663545e-03   -1.0025106049e+02
    7.9599739984e-03   -1.0032599640e+02
    7.9694185406e-03   -1.0039561462e+02
    7.9790474847e-03   -1.0046601105e+02
    7.9896515235e-03   -1.0054259491e+02
    7.9993270338e-03   -1.0061133575e+02
    8.0094840378e-03   -1.0068206787e+02
    8.0196298659e-03   -1.0075111389e+02
    8.0292699859e-03   -1.0081508636e+02
    8.0398255959e-03   -1.0088312531e+02
    8.0493697897e-03   -1.0094261169e+02
    8.0596804619e-03   -1.0100447083e+02
    8.0693205819e-03   -1.0105987549e+02
    8.0799246207e-03   -1.0111791992e+02
    8.0899158493e-03   -1.0116970062e+02
    8.0994600430e-03   -1.0121643829e+02
    8.1097539514e-03   -1.0126390839e+02
    8.1199789420e-03   -1.0130815887e+02
    8.1297252327e-03   -1.0134777832e+02
    8.1393653527e-03   -1.0138466644e+02
    8.1499693915e-03   -1.0142285919e+02
    8.1596095115e-03   -1.0145568085e+02
    8.1694843248e-03   -1.0148766327e+02
    8.1797093153e-03   -1.0151921082e+02
    8.1899352372e-03   -1.0154926300e+02
    8.1995641813e-03   -1.0157619476e+02
    8.2092043012e-03   -1.0160176086e+02
    8.2198083401e-03   -1.0162821198e+02
    8.2294484600e-03   -1.0165070343e+02
    8.2390885800e-03   -1.0167173004e+02
    8.2496926188e-03   -1.0169326782e+02
    8.2595190033e-03   -1.0171181488e+02
    8.2697449252e-03   -1.0172973633e+02
    8.2799699157e-03   -1.0174629974e+02
    8.2895141095e-03   -1.0176052856e+02
    8.2997391000e-03   -1.0177449036e+02
    8.3093205467e-03   -1.0178643036e+02
    8.3195455372e-03   -1.0179801178e+02
    8.3297714591e-03   -1.0180844116e+02
    8.3399964496e-03   -1.0181787872e+02
    8.3495406434e-03   -1.0182586670e+02
    8.3597656339e-03   -1.0183355713e+02
    8.3699915558e-03   -1.0184031677e+02
    8.3795348182e-03   -1.0184575653e+02
    8.3897607401e-03   -1.0185070801e+02
    8.3999857306e-03   -1.0185478210e+02
    8.4095299244e-03   -1.0185779572e+02
    8.4197549149e-03   -1.0186019897e+02
    8.4299808368e-03   -1.0186180115e+02
    8.4395240992e-03   -1.0186263275e+02
    8.4497500211e-03   -1.0186289978e+02
    8.4597300738e-03   -1.0186269379e+02
    8.4693701938e-03   -1.0186215973e+02
    8.4799742326e-03   -1.0186131287e+02
    8.4898490459e-03   -1.0186039734e+02
    8.4990793839e-03   -1.0185950470e+02
    8.5096834227e-03   -1.0185849762e+02
    8.5193235427e-03   -1.0185765839e+02
    8.5299275815e-03   -1.0185685730e+02
    8.5396841168e-03   -1.0185630798e+02
    8.5494313389e-03   -1.0185598755e+02
    8.5590714589e-03   -1.0185597992e+02
    8.5696270689e-03   -1.0185639954e+02
    8.5798520595e-03   -1.0185732269e+02
    8.5899988189e-03   -1.0185881042e+02
    8.5995309055e-03   -1.0186078644e+02
    8.6095705628e-03   -1.0186347961e+02
    8.6197955534e-03   -1.0186682892e+02
    8.6293397471e-03   -1.0187041473e+02
    8.6394855753e-03   -1.0187454987e+02
    8.6494432762e-03   -1.0187876129e+02
    8.6590833962e-03   -1.0188281250e+02
    8.6694741622e-03   -1.0188696289e+02
    8.6792288348e-03   -1.0189052582e+02
    8.6897769943e-03   -1.0189389038e+02
    8.6994171143e-03   -1.0189645386e+02
    8.7090572342e-03   -1.0189849091e+02
    8.7196612731e-03   -1.0190013123e+02
    8.7293703109e-03   -1.0190110779e+02
    8.7395953014e-03   -1.0190167236e+02
    8.7498212233e-03   -1.0190187073e+02
    8.7598012760e-03   -1.0190180206e+02
    8.7694413960e-03   -1.0190158844e+02
    8.7790815160e-03   -1.0190129852e+02
    8.7896855548e-03   -1.0190100098e+02
    8.7993256748e-03   -1.0190082550e+02
    8.8097164407e-03   -1.0190081787e+02
    8.8199423626e-03   -1.0190103149e+02
    8.8294856250e-03   -1.0190145874e+02
    8.8397115469e-03   -1.0190216064e+02
    8.8493227959e-03   -1.0190303802e+02
    8.8595664129e-03   -1.0190416718e+02
    8.8694300503e-03   -1.0190541840e+02
    8.8790701702e-03   -1.0190676880e+02
    8.8896742091e-03   -1.0190840149e+02
    8.8993143290e-03   -1.0191001129e+02
    8.9099183679e-03   -1.0191195679e+02
    8.9195584878e-03   -1.0191388702e+02
    8.9298319072e-03   -1.0191615295e+02
    8.9393751696e-03   -1.0191844940e+02
    8.9499689639e-03   -1.0192123413e+02
    8.9596090838e-03   -1.0192396545e+02
    8.9692492038e-03   -1.0192690277e+02
    8.9798532426e-03   -1.0193037415e+02
    8.9894933626e-03   -1.0193373871e+02
    8.9991334826e-03   -1.0193731689e+02
    9.0095242485e-03   -1.0194139862e+02
    9.0191541240e-03   -1.0194537354e+02
    9.0297581628e-03   -1.0194997406e+02
    9.0398658067e-03   -1.0195455933e+02
    9.0494100004e-03   -1.0195906830e+02
    9.0596349910e-03   -1.0196406555e+02
    9.0698609129e-03   -1.0196924591e+02
    9.0794041753e-03   -1.0197424316e+02
    9.0896980837e-03   -1.0197986603e+02
    9.0993279591e-03   -1.0198538208e+02
    9.1098835692e-03   -1.0199181366e+02
    9.1194957495e-03   -1.0199804688e+02
    9.1295018792e-03   -1.0200492859e+02
    9.1391419992e-03   -1.0201196289e+02
    9.1494163498e-03   -1.0201992035e+02
    9.1596413404e-03   -1.0202828217e+02
    9.1698672622e-03   -1.0203701019e+02
    9.1794105247e-03   -1.0204538727e+02
    9.1893225908e-03   -1.0205426025e+02
    9.1999843717e-03   -1.0206394958e+02
    9.2096934095e-03   -1.0207284546e+02
    9.2199193314e-03   -1.0208222198e+02
    9.2294625938e-03   -1.0209091187e+02
    9.2396885157e-03   -1.0210010529e+02
    9.2499135062e-03   -1.0210913849e+02
    9.2594577000e-03   -1.0211741638e+02
    9.2696826905e-03   -1.0212610626e+02
    9.2795947567e-03   -1.0213437653e+02
    9.2894099653e-03   -1.0214241791e+02
    9.2999171466e-03   -1.0215090179e+02
    9.3094613403e-03   -1.0215849304e+02
    9.3196863309e-03   -1.0216650391e+02
    9.3299122527e-03   -1.0217445374e+02
    9.3392105773e-03   -1.0218168640e+02
    9.3498146161e-03   -1.0218997955e+02
    9.3594547361e-03   -1.0219757843e+02
    9.3690948561e-03   -1.0220525360e+02
    9.3796988949e-03   -1.0221375275e+02
    9.3893390149e-03   -1.0222151184e+02
    9.3998471275e-03   -1.0222994995e+02
    9.4093913212e-03   -1.0223754120e+02
    9.4196163118e-03   -1.0224549866e+02
    9.4298422337e-03   -1.0225317383e+02
    9.4393854961e-03   -1.0225997925e+02
    9.4496114179e-03   -1.0226676178e+02
    9.4598364085e-03   -1.0227291107e+02
    9.4693806022e-03   -1.0227799988e+02
    9.4796055928e-03   -1.0228269958e+02
    9.4898305833e-03   -1.0228662872e+02
    9.4993747771e-03   -1.0228966522e+02
    9.5095997676e-03   -1.0229235840e+02
    9.5198256895e-03   -1.0229457855e+02
    9.5291249454e-03   -1.0229631805e+02
    9.5397289842e-03   -1.0229812622e+02
    9.5499539748e-03   -1.0229981232e+02
    9.5594981685e-03   -1.0230147552e+02
    9.5697231591e-03   -1.0230350494e+02
    9.5799490809e-03   -1.0230587769e+02
    9.5894923434e-03   -1.0230844879e+02
    9.5997182652e-03   -1.0231163025e+02
    9.6099432558e-03   -1.0231528473e+02
    9.6194874495e-03   -1.0231912994e+02
    9.6297124401e-03   -1.0232370758e+02
    9.6399383619e-03   -1.0232872772e+02
    9.6498494968e-03   -1.0233398438e+02
    9.6593163908e-03   -1.0233928680e+02
    9.6694249660e-03   -1.0234515381e+02
    9.6796881407e-03   -1.0235123444e+02
    9.6893282607e-03   -1.0235695648e+02
    9.6996016800e-03   -1.0236293793e+02
    9.7093572840e-03   -1.0236838531e+02
    9.7194565460e-03   -1.0237367249e+02
    9.7292121500e-03   -1.0237831116e+02
    9.7394771874e-03   -1.0238259125e+02
    9.7497021779e-03   -1.0238614655e+02
    9.7599085420e-03   -1.0238892365e+02
    9.7694825381e-03   -1.0239080048e+02
    9.7797075287e-03   -1.0239203644e+02
    9.7899334505e-03   -1.0239253235e+02
    9.7994767129e-03   -1.0239241028e+02
    9.8094576970e-03   -1.0239179230e+02
    9.8196826875e-03   -1.0239073944e+02
    9.8299086094e-03   -1.0238939667e+02
    9.8394518718e-03   -1.0238802338e+02
    9.8496777937e-03   -1.0238647461e+02
    9.8597062752e-03   -1.0238489532e+02
    9.8699321970e-03   -1.0238320923e+02
    9.8794754595e-03   -1.0238156128e+02
    9.8897013813e-03   -1.0237970734e+02
    9.8999263719e-03   -1.0237783051e+02
    9.9094705656e-03   -1.0237610626e+02
    9.9196955562e-03   -1.0237435913e+02
    9.9299214780e-03   -1.0237272644e+02
    9.9394647405e-03   -1.0237133789e+02
    9.9496906623e-03   -1.0237004852e+02
    9.9599156529e-03   -1.0236900330e+02
    9.9694598466e-03   -1.0236823273e+02
    9.9797220901e-03   -1.0236759186e+02
    9.9893622100e-03   -1.0236712646e+02
    9.9998014048e-03   -1.0236673737e+02
    1.0009557009e-02   -1.0236643219e+02
    1.0019781999e-02   -1.0236614227e+02
    1.0029326193e-02   -1.0236585236e+02
    1.0039551184e-02   -1.0236546326e+02
    1.0049776174e-02   -1.0236495209e+02
    1.0059805587e-02   -1.0236432648e+02
    1.0069631971e-02   -1.0236361694e+02
    1.0079856962e-02   -1.0236277771e+02
    1.0089203715e-02   -1.0236191559e+02
    1.0099478066e-02   -1.0236080933e+02
    1.0109703057e-02   -1.0235945129e+02
    1.0119458660e-02   -1.0235781097e+02
    1.0129683651e-02   -1.0235563660e+02
    1.0139829479e-02   -1.0235299683e+02
    1.0149373673e-02   -1.0235003662e+02
    1.0159598663e-02   -1.0234636688e+02
    1.0169824585e-02   -1.0234219360e+02
    1.0179367848e-02   -1.0233783722e+02
    1.0189593770e-02   -1.0233265686e+02
    1.0199818760e-02   -1.0232698059e+02
    1.0209362954e-02   -1.0232125092e+02
    1.0219587944e-02   -1.0231471252e+02
    1.0229782201e-02   -1.0230783081e+02
    1.0239422321e-02   -1.0230097961e+02
    1.0249530897e-02   -1.0229342651e+02
    1.0259755887e-02   -1.0228542328e+02
    1.0269981809e-02   -1.0227707672e+02
    1.0279525071e-02   -1.0226893616e+02
    1.0289750993e-02   -1.0225981140e+02
    1.0299975984e-02   -1.0225023651e+02
    1.0309520178e-02   -1.0224088287e+02
    1.0319745168e-02   -1.0223041534e+02
    1.0329971090e-02   -1.0221952820e+02
    1.0339514352e-02   -1.0220899963e+02
    1.0349740274e-02   -1.0219731903e+02
    1.0359965265e-02   -1.0218523407e+02
    1.0369509459e-02   -1.0217359161e+02
    1.0379937477e-02   -1.0216049194e+02
    1.0389364325e-02   -1.0214835358e+02
    1.0399589315e-02   -1.0213494110e+02
    1.0409815237e-02   -1.0212131500e+02
    1.0419358499e-02   -1.0210843658e+02
    1.0429584421e-02   -1.0209449005e+02
    1.0439809412e-02   -1.0208044434e+02
    1.0449353606e-02   -1.0206726837e+02
    1.0459790006e-02   -1.0205287170e+02
    1.0469334200e-02   -1.0203977203e+02
    1.0479559191e-02   -1.0202585602e+02
    1.0489785112e-02   -1.0201210785e+02
    1.0499328375e-02   -1.0199946594e+02
    1.0509554297e-02   -1.0198617554e+02
    1.0519779287e-02   -1.0197316742e+02
    1.0529323481e-02   -1.0196131897e+02
    1.0539548472e-02   -1.0194895172e+02
    1.0549774393e-02   -1.0193692017e+02
    1.0559999384e-02   -1.0192517090e+02
    1.0569543578e-02   -1.0191442108e+02
    1.0579768568e-02   -1.0190308380e+02
    1.0589994490e-02   -1.0189187622e+02
    1.0599537753e-02   -1.0188149261e+02
    1.0609763674e-02   -1.0187038422e+02
    1.0619988665e-02   -1.0185922241e+02
    1.0629532859e-02   -1.0184868622e+02
    1.0639757849e-02   -1.0183722687e+02
    1.0649983771e-02   -1.0182553864e+02
    1.0659527034e-02   -1.0181439972e+02
    1.0669752955e-02   -1.0180223083e+02
    1.0679977946e-02   -1.0178981781e+02
    1.0689522140e-02   -1.0177806091e+02
    1.0699747130e-02   -1.0176531982e+02
    1.0709972121e-02   -1.0175246429e+02
    1.0719516315e-02   -1.0174038696e+02
    1.0729741305e-02   -1.0172737885e+02
    1.0739967227e-02   -1.0171430969e+02
    1.0749510489e-02   -1.0170206451e+02
    1.0759736411e-02   -1.0168887329e+02
    1.0769961402e-02   -1.0167561340e+02
    1.0779505596e-02   -1.0166318512e+02
    1.0789730586e-02   -1.0164983368e+02
    1.0799956508e-02   -1.0163646698e+02
    1.0809499770e-02   -1.0162397766e+02
    1.0819725692e-02   -1.0161058807e+02
    1.0829950683e-02   -1.0159716797e+02
    1.0839494877e-02   -1.0158459473e+02
    1.0849719867e-02   -1.0157104492e+02
    1.0859945789e-02   -1.0155739594e+02
    1.0869489051e-02   -1.0154456329e+02
    1.0879714973e-02   -1.0153068542e+02
    1.0889939964e-02   -1.0151666260e+02
    1.0899484158e-02   -1.0150343323e+02
    1.0909709148e-02   -1.0148908997e+02
    1.0919935070e-02   -1.0147456360e+02
    1.0929478332e-02   -1.0146083069e+02
    1.0939704254e-02   -1.0144592285e+02
    1.0949929245e-02   -1.0143078613e+02
    1.0959473439e-02   -1.0141645813e+02
    1.0969698429e-02   -1.0140086365e+02
    1.0979924351e-02   -1.0138501740e+02
    1.0989467613e-02   -1.0137000275e+02
    1.0999693535e-02   -1.0135366821e+02
    1.1009918526e-02   -1.0133708191e+02
    1.1019462720e-02   -1.0132138824e+02
    1.1029687710e-02   -1.0130434418e+02
    1.1039913632e-02   -1.0128708649e+02
    1.1049456894e-02   -1.0127079010e+02
    1.1059682816e-02   -1.0125315094e+02
    1.1069907807e-02   -1.0123534393e+02
    1.1079452001e-02   -1.0121859741e+02
    1.1089676991e-02   -1.0120054626e+02
    1.1099902913e-02   -1.0118241882e+02
    1.1109446175e-02   -1.0116543579e+02
    1.1119672097e-02   -1.0114720917e+02
    1.1129897088e-02   -1.0112895203e+02
    1.1139441282e-02   -1.0111193085e+02
    1.1149666272e-02   -1.0109375000e+02
    1.1159892194e-02   -1.0107564545e+02
    1.1169435456e-02   -1.0105884552e+02
    1.1179661378e-02   -1.0104094696e+02
    1.1189886369e-02   -1.0102313995e+02
    1.1199430563e-02   -1.0100659180e+02
    1.1209655553e-02   -1.0098890686e+02
    1.1219567619e-02   -1.0097180939e+02
    1.1229394004e-02   -1.0095488739e+02
    1.1239618994e-02   -1.0093731689e+02
    1.1249844916e-02   -1.0091977692e+02
    1.1259388179e-02   -1.0090344238e+02
    1.1269614100e-02   -1.0088598633e+02
    1.1279839091e-02   -1.0086859894e+02
    1.1289383285e-02   -1.0085244751e+02
    1.1299608275e-02   -1.0083522034e+02
    1.1309833266e-02   -1.0081808472e+02
    1.1319377460e-02   -1.0080215454e+02
    1.1329571716e-02   -1.0078520966e+02
    1.1339211836e-02   -1.0076926422e+02
    1.1349815875e-02   -1.0075182343e+02
    1.1359455995e-02   -1.0073606873e+02
    1.1369096115e-02   -1.0072040558e+02
    1.1379700154e-02   -1.0070326996e+02
    1.1389340274e-02   -1.0068777466e+02
    1.1399944313e-02   -1.0067081451e+02
    1.1409418657e-02   -1.0065573883e+02
    1.1419644579e-02   -1.0063952637e+02
    1.1429869570e-02   -1.0062334442e+02
    1.1439413764e-02   -1.0060824585e+02
    1.1449638754e-02   -1.0059204102e+02
    1.1459864676e-02   -1.0057579041e+02
    1.1469407938e-02   -1.0056056976e+02
    1.1479633860e-02   -1.0054418182e+02
    1.1489858851e-02   -1.0052771759e+02
    1.1499403045e-02   -1.0051226807e+02
    1.1509628035e-02   -1.0049561310e+02
    1.1519853957e-02   -1.0047882843e+02
    1.1529397219e-02   -1.0046302795e+02
    1.1539623141e-02   -1.0044593811e+02
    1.1549848132e-02   -1.0042868042e+02
    1.1559392326e-02   -1.0041241455e+02
    1.1569617316e-02   -1.0039480591e+02
    1.1579843238e-02   -1.0037701416e+02
    1.1589386500e-02   -1.0036024475e+02
    1.1599612422e-02   -1.0034210205e+02
    1.1609837413e-02   -1.0032376862e+02
    1.1619381607e-02   -1.0030648804e+02
    1.1629606597e-02   -1.0028778839e+02
    1.1639832519e-02   -1.0026889038e+02
    1.1649375781e-02   -1.0025106812e+02
    1.1659601703e-02   -1.0023177338e+02
    1.1669465341e-02   -1.0021295929e+02
    1.1679105461e-02   -1.0019441223e+02
    1.1689496227e-02   -1.0017425537e+02
    1.1699721217e-02   -1.0015428162e+02
    1.1709947139e-02   -1.0013419342e+02
    1.1719490401e-02   -1.0011534882e+02
    1.1729716323e-02   -1.0009508514e+02
    1.1739941314e-02   -1.0007473755e+02
    1.1749485508e-02   -1.0005567169e+02
    1.1759710498e-02   -1.0003517914e+02
    1.1769936420e-02   -1.0001462555e+02
    1.1779479682e-02   -9.9995376587e+01
    1.1789705604e-02   -9.9974685669e+01
    1.1799930595e-02   -9.9953948975e+01
    1.1809474789e-02   -9.9934539795e+01
    1.1819699779e-02   -9.9913711548e+01
    1.1829925701e-02   -9.9892845154e+01
    1.1839468963e-02   -9.9873359680e+01
    1.1849694885e-02   -9.9852462769e+01
    1.1859919876e-02   -9.9831573486e+01
    1.1869464070e-02   -9.9812088013e+01
    1.1879689060e-02   -9.9791229248e+01
    1.1889914051e-02   -9.9770385742e+01
    1.1899458244e-02   -9.9750946045e+01
    1.1909683235e-02   -9.9730133057e+01
    1.1919909157e-02   -9.9709350586e+01
    1.1929452419e-02   -9.9689987183e+01
    1.1939678341e-02   -9.9669281006e+01
    1.1949903332e-02   -9.9648643494e+01
    1.1959447525e-02   -9.9629463196e+01
    1.1969672516e-02   -9.9609039307e+01
    1.1979898438e-02   -9.9588775635e+01
    1.1989441700e-02   -9.9570037842e+01
    1.1999667622e-02   -9.9550186157e+01
    1.2009892613e-02   -9.9530593872e+01
    1.2019436806e-02   -9.9512588501e+01
    1.2029661797e-02   -9.9493629456e+01
    1.2039887719e-02   -9.9475059509e+01
    1.2049430981e-02   -9.9458114624e+01
    1.2059656903e-02   -9.9440414429e+01
    1.2069637887e-02   -9.9423599243e+01
    1.2079745531e-02   -9.9407043457e+01
    1.2089971453e-02   -9.9390792847e+01
    1.2099514715e-02   -9.9376060486e+01
    1.2109740637e-02   -9.9360740662e+01
    1.2119965628e-02   -9.9345886230e+01
    1.2129509822e-02   -9.9332427979e+01
    1.2139734812e-02   -9.9318428040e+01
    1.2149960734e-02   -9.9304855347e+01
    1.2159503996e-02   -9.9292564392e+01
    1.2169729918e-02   -9.9279815674e+01
    1.2179954909e-02   -9.9267471313e+01
    1.2189499103e-02   -9.9256294250e+01
    1.2199724093e-02   -9.9244628906e+01
    1.2209950015e-02   -9.9233245850e+01
    1.2219493277e-02   -9.9222877502e+01
    1.2229719199e-02   -9.9212013245e+01
    1.2239944190e-02   -9.9201400757e+01
    1.2249488384e-02   -9.9191719055e+01
    1.2259713374e-02   -9.9181571960e+01
    1.2269939296e-02   -9.9171653748e+01
    1.2279482558e-02   -9.9162582397e+01
    1.2289708480e-02   -9.9153030396e+01
    1.2299933471e-02   -9.9143600464e+01
    1.2309477665e-02   -9.9134857178e+01
    1.2319956906e-02   -9.9125282288e+01
    1.2329689227e-02   -9.9116363525e+01
    1.2339618988e-02   -9.9107215881e+01
    1.2349843979e-02   -9.9097709656e+01
    1.2359388173e-02   -9.9088737488e+01
    1.2369613163e-02   -9.9079002380e+01
    1.2379839085e-02   -9.9069107056e+01
    1.2389382347e-02   -9.9059700012e+01
    1.2399608269e-02   -9.9049407959e+01
    1.2409833260e-02   -9.9038856506e+01
    1.2419377454e-02   -9.9028770447e+01
    1.2429602444e-02   -9.9017677307e+01
    1.2439828366e-02   -9.9006317139e+01
    1.2449371628e-02   -9.8995460510e+01
    1.2459597550e-02   -9.8983619690e+01
    1.2469822541e-02   -9.8971664429e+01
    1.2479366735e-02   -9.8960494995e+01
    1.2489591725e-02   -9.8948585510e+01
    1.2499817647e-02   -9.8936767578e+01
    1.2509360909e-02   -9.8925804138e+01
    1.2519586831e-02   -9.8914100647e+01
    1.2529811822e-02   -9.8902374268e+01
    1.2539356016e-02   -9.8891372681e+01
    1.2549581006e-02   -9.8879493713e+01
    1.2559806928e-02   -9.8867485046e+01
    1.2569350190e-02   -9.8856155396e+01
    1.2579576112e-02   -9.8843887329e+01
    1.2589801103e-02   -9.8831459045e+01
    1.2599345297e-02   -9.8819740295e+01
    1.2609570287e-02   -9.8807037354e+01
    1.2619796209e-02   -9.8794204712e+01
    1.2629339471e-02   -9.8782127380e+01
    1.2639565393e-02   -9.8769073486e+01
    1.2649790384e-02   -9.8755920410e+01
    1.2659334578e-02   -9.8743560791e+01
    1.2669559568e-02   -9.8730224609e+01
    1.2679785490e-02   -9.8716781616e+01
    1.2689328752e-02   -9.8704124451e+01
    1.2699554674e-02   -9.8690429688e+01
    1.2709583156e-02   -9.8676849365e+01
    1.2719223276e-02   -9.8663650513e+01
    1.2729502283e-02   -9.8649368286e+01
    1.2739595026e-02   -9.8635124207e+01
    1.2749686837e-02   -9.8620635986e+01
    1.2759779580e-02   -9.8605895996e+01
    1.2769872323e-02   -9.8590896606e+01
    1.2779678218e-02   -9.8576072693e+01
    1.2789903209e-02   -9.8560348511e+01
    1.2799447402e-02   -9.8545417786e+01
    1.2809358537e-02   -9.8529655457e+01
    1.2819962576e-02   -9.8512489319e+01
    1.2829602696e-02   -9.8496620178e+01
    1.2839360163e-02   -9.8480285645e+01
    1.2849586084e-02   -9.8462882996e+01
    1.2859879062e-02   -9.8445091248e+01
    1.2869607657e-02   -9.8428024292e+01
    1.2879832648e-02   -9.8409828186e+01
    1.2889376841e-02   -9.8392616272e+01
    1.2899601832e-02   -9.8373931885e+01
    1.2909827754e-02   -9.8355003357e+01
    1.2919691391e-02   -9.8336532593e+01
    1.2929331511e-02   -9.8318305969e+01
    1.2939795852e-02   -9.8298324585e+01
    1.2949862517e-02   -9.8278930664e+01
    1.2959406711e-02   -9.8260383606e+01
    1.2969631702e-02   -9.8240325928e+01
    1.2979378924e-02   -9.8221023560e+01
    1.2989982963e-02   -9.8199806213e+01
    1.2999623083e-02   -9.8180305481e+01
    1.3009614311e-02   -9.8159866333e+01
    1.3019839302e-02   -9.8138702393e+01
    1.3029769063e-02   -9.8117912292e+01
    1.3039501384e-02   -9.8097297668e+01
    1.3049881905e-02   -9.8075050354e+01
    1.3059148565e-02   -9.8054985046e+01
    1.3069241308e-02   -9.8032928467e+01
    1.3079334050e-02   -9.8010704041e+01
    1.3089372776e-02   -9.7988510132e+01
    1.3099598698e-02   -9.7965858459e+01
    1.3109823689e-02   -9.7943191528e+01
    1.3119367883e-02   -9.7922019958e+01
    1.3129804283e-02   -9.7898841858e+01
    1.3139456511e-02   -9.7877372742e+01
    1.3149682432e-02   -9.7854606628e+01
    1.3159907423e-02   -9.7831817627e+01
    1.3169451617e-02   -9.7810516357e+01
    1.3179903850e-02   -9.7787117004e+01
    1.3189996593e-02   -9.7764442444e+01
    1.3199171983e-02   -9.7743743896e+01
    1.3209593482e-02   -9.7720130920e+01
    1.3219275512e-02   -9.7698081970e+01
    1.3229966164e-02   -9.7673614502e+01
    1.3239141554e-02   -9.7652519226e+01
    1.3249603100e-02   -9.7628356934e+01
    1.3259828091e-02   -9.7604606628e+01
    1.3269372284e-02   -9.7582328796e+01
    1.3279597275e-02   -9.7558349609e+01
    1.3289823197e-02   -9.7534278870e+01
    1.3299366459e-02   -9.7511756897e+01
    1.3309592381e-02   -9.7487617493e+01
    1.3319817372e-02   -9.7463516235e+01
    1.3328865170e-02   -9.7442253113e+01
    1.3339814730e-02   -9.7416648865e+01
    1.3349547051e-02   -9.7394065857e+01
    1.3359279372e-02   -9.7371688843e+01
    1.3369011693e-02   -9.7349563599e+01
    1.3379960321e-02   -9.7325019836e+01
    1.3389692642e-02   -9.7303543091e+01
    1.3399424963e-02   -9.7282432556e+01
    1.3409156352e-02   -9.7261695862e+01
    1.3418888673e-02   -9.7241348267e+01
    1.3429836370e-02   -9.7218955994e+01
    1.3439567760e-02   -9.7199485779e+01
    1.3449660502e-02   -9.7179740906e+01
    1.3459753245e-02   -9.7160453796e+01
    1.3469192199e-02   -9.7142829895e+01
    1.3478922658e-02   -9.7125068665e+01
    1.3489870355e-02   -9.7105590820e+01
    1.3499601744e-02   -9.7088706970e+01
    1.3509333134e-02   -9.7072235107e+01
    1.3519063592e-02   -9.7056144714e+01
    1.3528794982e-02   -9.7040428162e+01
    1.3539741747e-02   -9.7023155212e+01
    1.3549473137e-02   -9.7008140564e+01
    1.3559203595e-02   -9.6993400574e+01
    1.3568934985e-02   -9.6978904724e+01
    1.3579881750e-02   -9.6962860107e+01
    1.3589613140e-02   -9.6948799133e+01
    1.3599343598e-02   -9.6934913635e+01
    1.3609074987e-02   -9.6921195984e+01
    1.3619834557e-02   -9.6906211853e+01
    1.3629378751e-02   -9.6893112183e+01
    1.3639603741e-02   -9.6879287720e+01
    1.3649829663e-02   -9.6865692139e+01
    1.3659372926e-02   -9.6853210449e+01
    1.3669598848e-02   -9.6840080261e+01
    1.3679823838e-02   -9.6827186584e+01
    1.3689368032e-02   -9.6815353394e+01
    1.3699593022e-02   -9.6802864075e+01
    1.3709818944e-02   -9.6790542603e+01
    1.3719362207e-02   -9.6779167175e+01
    1.3729588129e-02   -9.6767066956e+01
    1.3739813119e-02   -9.6755020142e+01
    1.3749357313e-02   -9.6743797302e+01
    1.3759582303e-02   -9.6731735229e+01
    1.3769378886e-02   -9.6720123291e+01
    1.3779471628e-02   -9.6708068848e+01
    1.3789361343e-02   -9.6696136475e+01
    1.3799741864e-02   -9.6683471680e+01
    1.3809474185e-02   -9.6671447754e+01
    1.3819855638e-02   -9.6658470154e+01
    1.3829587959e-02   -9.6646156311e+01
    1.3839968480e-02   -9.6632865906e+01
    1.3849700801e-02   -9.6620269775e+01
    1.3859433122e-02   -9.6607551575e+01
    1.3869814575e-02   -9.6593872070e+01
    1.3879546896e-02   -9.6580955505e+01
    1.3889927417e-02   -9.6567100525e+01
    1.3899659738e-02   -9.6554046631e+01
    1.3909316622e-02   -9.6541061401e+01
    1.3919409364e-02   -9.6527481079e+01
    1.3929502107e-02   -9.6513900757e+01
    1.3939593919e-02   -9.6500343323e+01
    1.3949686661e-02   -9.6486831665e+01
    1.3959779404e-02   -9.6473373413e+01
    1.3969714753e-02   -9.6460182190e+01
    1.3979447074e-02   -9.6447334290e+01
    1.3989828527e-02   -9.6433700562e+01
    1.3999762014e-02   -9.6420738220e+01
    1.4009800740e-02   -9.6407730103e+01
    1.4019892551e-02   -9.6394760132e+01
    1.4029985294e-02   -9.6381896973e+01
    1.4039160684e-02   -9.6370315552e+01
    1.4049253426e-02   -9.6357711792e+01
    1.4059346169e-02   -9.6345260620e+01
    1.4068805613e-02   -9.6333732605e+01
    1.4079756103e-02   -9.6320564270e+01
    1.4089489356e-02   -9.6309005737e+01
    1.4099222608e-02   -9.6297576904e+01
    1.4109874144e-02   -9.6285202026e+01
    1.4119966887e-02   -9.6273567200e+01
    1.4129141346e-02   -9.6263053894e+01
    1.4139234088e-02   -9.6251533508e+01
    1.4149326831e-02   -9.6240028381e+01
    1.4159419574e-02   -9.6228523254e+01
    1.4169512317e-02   -9.6217002869e+01
    1.4179605059e-02   -9.6205451965e+01
    1.4189697802e-02   -9.6193855286e+01
    1.4199790545e-02   -9.6182205200e+01
    1.4209882356e-02   -9.6170494080e+01
    1.4219337143e-02   -9.6159461975e+01
    1.4229941182e-02   -9.6147003174e+01
    1.4239581302e-02   -9.6135589600e+01
    1.4249221422e-02   -9.6124084473e+01
    1.4259825461e-02   -9.6111305237e+01
    1.4269465581e-02   -9.6099548340e+01
    1.4279105701e-02   -9.6087631226e+01
    1.4289337210e-02   -9.6074790955e+01
    1.4299429953e-02   -9.6061897278e+01
    1.4309522696e-02   -9.6048751831e+01
    1.4319615439e-02   -9.6035324097e+01
    1.4329708181e-02   -9.6021598816e+01
    1.4339940622e-02   -9.6007362366e+01
    1.4349580742e-02   -9.5993644714e+01
    1.4359220862e-02   -9.5979621887e+01
    1.4369824901e-02   -9.5963859558e+01
    1.4379465021e-02   -9.5949211121e+01
    1.4389105141e-02   -9.5934280396e+01
    1.4399548993e-02   -9.5917778015e+01
    1.4409992844e-02   -9.5900962830e+01
    1.4419632964e-02   -9.5885162354e+01
    1.4429273084e-02   -9.5869102478e+01
    1.4439737424e-02   -9.5851394653e+01
    1.4449830167e-02   -9.5834053040e+01
    1.4459922910e-02   -9.5816474915e+01
    1.4469098300e-02   -9.5800300598e+01
    1.4479190111e-02   -9.5782318115e+01
    1.4489282854e-02   -9.5764144897e+01
    1.4499375597e-02   -9.5745803833e+01
    1.4509514906e-02   -9.5727218628e+01
    1.4519155025e-02   -9.5709411621e+01
    1.4529247768e-02   -9.5690635681e+01
    1.4539387077e-02   -9.5671646118e+01
    1.4549758285e-02   -9.5652114868e+01
    1.4559851028e-02   -9.5633010864e+01
    1.4569943771e-02   -9.5613822937e+01
    1.4579119161e-02   -9.5596321106e+01
    1.4589258470e-02   -9.5576934814e+01
    1.4599862508e-02   -9.5556617737e+01
    1.4609502628e-02   -9.5538139343e+01
    1.4619142748e-02   -9.5519653320e+01
    1.4629746787e-02   -9.5499336243e+01
    1.4639386907e-02   -9.5480888367e+01
    1.4649990946e-02   -9.5460632324e+01
    1.4659631066e-02   -9.5442260742e+01
    1.4669271186e-02   -9.5423927307e+01
    1.4679875225e-02   -9.5403823853e+01
    1.4689515345e-02   -9.5385604858e+01
    1.4699155465e-02   -9.5367446899e+01
    1.4709599316e-02   -9.5347846985e+01
    1.4719239436e-02   -9.5329841614e+01
    1.4729956165e-02   -9.5309913635e+01
    1.4739131555e-02   -9.5292938232e+01
    1.4749456197e-02   -9.5273941040e+01
    1.4759900048e-02   -9.5254859924e+01
    1.4769632369e-02   -9.5237190247e+01
    1.4779571444e-02   -9.5219284058e+01
    1.4789118432e-02   -9.5202224731e+01
    1.4799211174e-02   -9.5184333801e+01
    1.4809490182e-02   -9.5166275024e+01
    1.4819130301e-02   -9.5149497986e+01
    1.4829734340e-02   -9.5131210327e+01
    1.4839925803e-02   -9.5113800049e+01
    1.4849400148e-02   -9.5097755432e+01
    1.4859491959e-02   -9.5080810547e+01
    1.4869869687e-02   -9.5063545227e+01
    1.4879096299e-02   -9.5048309326e+01
    1.4889700338e-02   -9.5030952454e+01
    1.4899340458e-02   -9.5015304565e+01
    1.4909077436e-02   -9.4999626160e+01
    1.4919651672e-02   -9.4982742310e+01
    1.4929383993e-02   -9.4967346191e+01
    1.4939764515e-02   -9.4951065063e+01
    1.4949496835e-02   -9.4935935974e+01
    1.4959959313e-02   -9.4919822693e+01
    1.4969134703e-02   -9.4905807495e+01
    1.4979227446e-02   -9.4890518188e+01
    1.4989504591e-02   -9.4875076294e+01
    1.4999729581e-02   -9.4859825134e+01
    1.5009955503e-02   -9.4844680786e+01
    1.5019498765e-02   -9.4830627441e+01
    1.5029724687e-02   -9.4815643311e+01
    1.5039918944e-02   -9.4800765991e+01
    1.5049559064e-02   -9.4786743164e+01
    1.5059199184e-02   -9.4772735596e+01
    1.5069803223e-02   -9.4757354736e+01
    1.5079443343e-02   -9.4743370056e+01
    1.5089887194e-02   -9.4728202820e+01
    1.5099527314e-02   -9.4714195251e+01
    1.5109518543e-02   -9.4699645996e+01
    1.5119743533e-02   -9.4684738159e+01
    1.5129969455e-02   -9.4669807434e+01
    1.5139512718e-02   -9.4655860901e+01
    1.5149738640e-02   -9.4640914917e+01
    1.5159963630e-02   -9.4625984192e+01
    1.5169507824e-02   -9.4612075806e+01
    1.5179262497e-02   -9.4597915649e+01
    1.5189809725e-02   -9.4582672119e+01
    1.5199449845e-02   -9.4568832397e+01
    1.5209089965e-02   -9.4555091858e+01
    1.5219694003e-02   -9.4540115356e+01
    1.5229334123e-02   -9.4526618958e+01
    1.5239938162e-02   -9.4511924744e+01
    1.5249578282e-02   -9.4498710632e+01
    1.5259218402e-02   -9.4485618591e+01
    1.5269822441e-02   -9.4471351624e+01
    1.5279462561e-02   -9.4458503723e+01
    1.5289337374e-02   -9.4445449829e+01
    1.5299562365e-02   -9.4432029724e+01
    1.5309788287e-02   -9.4418685913e+01
    1.5319768339e-02   -9.4405731201e+01
    1.5329408459e-02   -9.4393272400e+01
    1.5339048579e-02   -9.4380844116e+01
    1.5349652618e-02   -9.4367210388e+01
    1.5359292738e-02   -9.4354827881e+01
    1.5369896777e-02   -9.4341209412e+01
    1.5379536897e-02   -9.4328826904e+01
    1.5389177017e-02   -9.4316429138e+01
    1.5399781056e-02   -9.4302772522e+01
    1.5409421176e-02   -9.4290321350e+01
    1.5419061296e-02   -9.4277839661e+01
    1.5429665335e-02   -9.4264053345e+01
    1.5439305454e-02   -9.4251472473e+01
    1.5449909493e-02   -9.4237556458e+01
    1.5459549613e-02   -9.4224830627e+01
    1.5469189733e-02   -9.4212028503e+01
    1.5479793772e-02   -9.4197853088e+01
    1.5489433892e-02   -9.4184875488e+01
    1.5499074012e-02   -9.4171791077e+01
    1.5509678051e-02   -9.4157287598e+01
    1.5519318171e-02   -9.4143989563e+01
    1.5529922210e-02   -9.4129234314e+01
    1.5539562330e-02   -9.4115699768e+01
    1.5549202450e-02   -9.4102058411e+01
    1.5559806488e-02   -9.4086914062e+01
    1.5569446608e-02   -9.4073020935e+01
    1.5579086728e-02   -9.4059005737e+01
    1.5589690767e-02   -9.4043441772e+01
    1.5599330887e-02   -9.4029167175e+01
    1.5609934926e-02   -9.4013320923e+01
    1.5619575046e-02   -9.3998802185e+01
    1.5629054978e-02   -9.3984405518e+01
    1.5638787299e-02   -9.3969512939e+01
    1.5649734065e-02   -9.3952629089e+01
    1.5659466386e-02   -9.3937492371e+01
    1.5669196844e-02   -9.3922241211e+01
    1.5678929165e-02   -9.3906867981e+01
    1.5689877793e-02   -9.3889419556e+01
    1.5699356794e-02   -9.3874191284e+01
    1.5709960833e-02   -9.3857009888e+01
    1.5719600022e-02   -9.3841270447e+01
    1.5729241073e-02   -9.3825424194e+01
    1.5739845112e-02   -9.3807891846e+01
    1.5749484301e-02   -9.3791870117e+01
    1.5759125352e-02   -9.3775794983e+01
    1.5769109130e-02   -9.3759109497e+01
    1.5778839588e-02   -9.3742820740e+01
    1.5789788216e-02   -9.3724487305e+01
    1.5799518675e-02   -9.3708190918e+01
    1.5809250996e-02   -9.3691902161e+01
    1.5818981454e-02   -9.3675628662e+01
    1.5829928219e-02   -9.3657333374e+01
    1.5839660540e-02   -9.3641082764e+01
    1.5849390998e-02   -9.3624832153e+01
    1.5859121457e-02   -9.3608573914e+01
    1.5868853778e-02   -9.3592285156e+01
    1.5879800543e-02   -9.3573928833e+01
    1.5889737755e-02   -9.3557197571e+01
    1.5899378806e-02   -9.3540901184e+01
    1.5909982845e-02   -9.3522865295e+01
    1.5919622034e-02   -9.3506362915e+01
    1.5929263085e-02   -9.3489723206e+01
    1.5938999131e-02   -9.3472785950e+01
    1.5949897468e-02   -9.3453628540e+01
    1.5959627926e-02   -9.3436340332e+01
    1.5969358385e-02   -9.3418869019e+01
    1.5979088843e-02   -9.3401206970e+01
    1.5989797190e-02   -9.3381546021e+01
    1.5999339521e-02   -9.3363807678e+01
    1.6009565443e-02   -9.3344589233e+01
    1.6019195318e-02   -9.3326301575e+01
    1.6029799357e-02   -9.3305938721e+01
    1.6039438546e-02   -9.3287239075e+01
    1.6049079597e-02   -9.3268371582e+01
    1.6059683636e-02   -9.3247444153e+01
    1.6069322824e-02   -9.3228279114e+01
    1.6079926863e-02   -9.3207054138e+01
    1.6089567915e-02   -9.3187644958e+01
    1.6099207103e-02   -9.3168159485e+01
    1.6109811142e-02   -9.3146644592e+01
    1.6119452193e-02   -9.3127044678e+01
    1.6129091382e-02   -9.3107406616e+01
    1.6139695421e-02   -9.3085800171e+01
    1.6149681062e-02   -9.3065467834e+01
    1.6159413382e-02   -9.3045669556e+01
    1.6169145703e-02   -9.3025909424e+01
    1.6178876162e-02   -9.3006202698e+01
    1.6189824790e-02   -9.2984092712e+01
    1.6199557111e-02   -9.2964508057e+01
    1.6209289432e-02   -9.2944999695e+01
    1.6219021752e-02   -9.2925559998e+01
    1.6229970381e-02   -9.2903785706e+01
    1.6239702702e-02   -9.2884521484e+01
    1.6249435022e-02   -9.2865341187e+01
    1.6259167343e-02   -9.2846260071e+01
    1.6268899664e-02   -9.2827278137e+01
    1.6279801726e-02   -9.2806144714e+01
    1.6289442778e-02   -9.2787590027e+01
    1.6299881041e-02   -9.2767646790e+01
    1.6309425235e-02   -9.2749565125e+01
    1.6319649294e-02   -9.2730369568e+01
    1.6329875216e-02   -9.2711364746e+01
    1.6339419410e-02   -9.2693809509e+01
    1.6349645332e-02   -9.2675224304e+01
    1.6359869391e-02   -9.2656867981e+01
    1.6369413584e-02   -9.2639961243e+01
    1.6379289329e-02   -9.2622688293e+01
    1.6389021650e-02   -9.2605903625e+01
    1.6399970278e-02   -9.2587287903e+01
    1.6409702599e-02   -9.2570999146e+01
    1.6419433057e-02   -9.2554931641e+01
    1.6429165378e-02   -9.2539093018e+01
    1.6438897699e-02   -9.2523475647e+01
    1.6449844465e-02   -9.2506179810e+01
    1.6459871083e-02   -9.2490585327e+01
    1.6469415277e-02   -9.2475959778e+01
    1.6479639336e-02   -9.2460525513e+01
    1.6489865258e-02   -9.2445335388e+01
    1.6499409452e-02   -9.2431388855e+01
    1.6509635374e-02   -9.2416687012e+01
    1.6519859433e-02   -9.2402229309e+01
    1.6529403627e-02   -9.2388969421e+01
    1.6539629549e-02   -9.2375007629e+01
    1.6549259424e-02   -9.2362083435e+01
    1.6559863463e-02   -9.2348098755e+01
    1.6569502652e-02   -9.2335609436e+01
    1.6579993069e-02   -9.2322242737e+01
    1.6589425504e-02   -9.2310409546e+01
    1.6599066556e-02   -9.2298477173e+01
    1.6609670594e-02   -9.2285537720e+01
    1.6619309783e-02   -9.2273918152e+01
    1.6629913822e-02   -9.2261268616e+01
    1.6639554873e-02   -9.2249877930e+01
    1.6649780795e-02   -9.2237869263e+01
    1.6659323126e-02   -9.2226730347e+01
    1.6669549048e-02   -9.2214820862e+01
    1.6679774970e-02   -9.2202934265e+01
    1.6689319164e-02   -9.2191833496e+01
    1.6699543223e-02   -9.2179901123e+01
    1.6709525138e-02   -9.2168197632e+01
    1.6719250008e-02   -9.2156707764e+01
    1.6729343683e-02   -9.2144683838e+01
    1.6739668325e-02   -9.2132240295e+01
    1.6749309376e-02   -9.2120483398e+01
    1.6759401187e-02   -9.2108001709e+01
    1.6769494861e-02   -9.2095329285e+01
    1.6779586673e-02   -9.2082458496e+01
    1.6789678484e-02   -9.2069366455e+01
    1.6799772158e-02   -9.2056045532e+01
    1.6809863970e-02   -9.2042488098e+01
    1.6819957644e-02   -9.2028694153e+01
    1.6829133034e-02   -9.2015945435e+01
    1.6839224845e-02   -9.2001701355e+01
    1.6849318519e-02   -9.1987213135e+01
    1.6859410331e-02   -9.1972496033e+01
    1.6869502142e-02   -9.1957557678e+01
    1.6879595816e-02   -9.1942413330e+01
    1.6889687628e-02   -9.1927070618e+01
    1.6899781302e-02   -9.1911537170e+01
    1.6909873113e-02   -9.1895835876e+01
    1.6919966787e-02   -9.1879966736e+01
    1.6929142177e-02   -9.1865409851e+01
    1.6939233989e-02   -9.1849258423e+01
    1.6949325800e-02   -9.1832962036e+01
    1.6959419474e-02   -9.1816520691e+01
    1.6969511285e-02   -9.1799942017e+01
    1.6979604959e-02   -9.1783218384e+01
    1.6989696771e-02   -9.1766349792e+01
    1.6999477521e-02   -9.1749855042e+01
    1.7009701580e-02   -9.1732444763e+01
    1.7019927502e-02   -9.1714866638e+01
    1.7029471695e-02   -9.1698303223e+01
    1.7039697617e-02   -9.1680381775e+01
    1.7049921677e-02   -9.1662261963e+01
    1.7059465870e-02   -9.1645179749e+01
    1.7069445923e-02   -9.1627113342e+01
    1.7079539597e-02   -9.1608642578e+01
    1.7089631408e-02   -9.1589950562e+01
    1.7099725083e-02   -9.1571037292e+01
    1.7109816894e-02   -9.1551895142e+01
    1.7119910568e-02   -9.1532531738e+01
    1.7129085958e-02   -9.1514732361e+01
    1.7139177769e-02   -9.1494941711e+01
    1.7149271443e-02   -9.1474922180e+01
    1.7159743235e-02   -9.1453926086e+01
    1.7169475555e-02   -9.1434211731e+01
    1.7179856077e-02   -9.1412963867e+01
    1.7189893872e-02   -9.1392211914e+01
    1.7199985683e-02   -9.1371139526e+01
    1.7209161073e-02   -9.1351806641e+01
    1.7219252884e-02   -9.1330337524e+01
    1.7229346558e-02   -9.1308677673e+01
    1.7239438370e-02   -9.1286811829e+01
    1.7249532044e-02   -9.1264770508e+01
    1.7259623855e-02   -9.1242538452e+01
    1.7269717529e-02   -9.1220146179e+01
    1.7279809341e-02   -9.1197586060e+01
    1.7289903015e-02   -9.1174880981e+01
    1.7299994826e-02   -9.1152038574e+01
    1.7309170216e-02   -9.1131164551e+01
    1.7319262028e-02   -9.1108093262e+01
    1.7329355702e-02   -9.1084930420e+01
    1.7339447513e-02   -9.1061676025e+01
    1.7349541187e-02   -9.1038345337e+01
    1.7359632999e-02   -9.1014961243e+01
    1.7369726673e-02   -9.0991531372e+01
    1.7379818484e-02   -9.0968070984e+01
    1.7389910296e-02   -9.0944595337e+01
    1.7399085686e-02   -9.0923248291e+01
    1.7409123480e-02   -9.0899909973e+01
    1.7418855801e-02   -9.0877311707e+01
    1.7429804429e-02   -9.0851921082e+01
    1.7439534888e-02   -9.0829414368e+01
    1.7449267209e-02   -9.0806968689e+01
    1.7458999529e-02   -9.0784599304e+01
    1.7469948158e-02   -9.0759536743e+01
    1.7479680479e-02   -9.0737358093e+01
    1.7489410937e-02   -9.0715286255e+01
    1.7499143258e-02   -9.0693336487e+01
    1.7508875579e-02   -9.0671508789e+01
    1.7519824207e-02   -9.0647102356e+01
    1.7529556528e-02   -9.0625564575e+01
    1.7539288849e-02   -9.0604156494e+01
    1.7549021170e-02   -9.0582901001e+01
    1.7559969798e-02   -9.0559165955e+01
    1.7569702119e-02   -9.0538215637e+01
    1.7579434440e-02   -9.0517410278e+01
    1.7589166760e-02   -9.0496749878e+01
    1.7598899081e-02   -9.0476219177e+01
    1.7609847710e-02   -9.0453285217e+01
    1.7619580030e-02   -9.0433036804e+01
    1.7629312351e-02   -9.0412933350e+01
    1.7639044672e-02   -9.0392959595e+01
    1.7649993300e-02   -9.0370651245e+01
    1.7659725621e-02   -9.0350982666e+01
    1.7669457942e-02   -9.0331459045e+01
    1.7679190263e-02   -9.0312080383e+01
    1.7688922584e-02   -9.0292861938e+01
    1.7699871212e-02   -9.0271423340e+01
    1.7709603533e-02   -9.0252540588e+01
    1.7719335854e-02   -9.0233810425e+01
    1.7729068175e-02   -9.0215248108e+01
    1.7738798633e-02   -9.0196846008e+01
    1.7749749124e-02   -9.0176330566e+01
    1.7759479582e-02   -9.0158271790e+01
    1.7769211903e-02   -9.0140365601e+01
    1.7778944224e-02   -9.0122619629e+01
    1.7789892852e-02   -9.0102828979e+01
    1.7799625173e-02   -9.0085395813e+01
    1.7809357494e-02   -9.0068099976e+01
    1.7819089815e-02   -9.0050941467e+01
    1.7828822136e-02   -9.0033912659e+01
    1.7839770764e-02   -9.0014915466e+01
    1.7849503085e-02   -8.9998176575e+01
    1.7859235406e-02   -8.9981567383e+01
    1.7868967727e-02   -8.9965087891e+01
    1.7879918218e-02   -8.9946723938e+01
    1.7889650539e-02   -8.9930541992e+01
    1.7899382859e-02   -8.9914497375e+01
    1.7909115180e-02   -8.9898574829e+01
    1.7918847501e-02   -8.9882781982e+01
    1.7929796129e-02   -8.9865142822e+01
    1.7939528450e-02   -8.9849578857e+01
    1.7949262634e-02   -8.9834106445e+01
    1.7958994955e-02   -8.9818710327e+01
    1.7969943583e-02   -8.9801467896e+01
    1.7979675904e-02   -8.9786193848e+01
    1.7989408225e-02   -8.9770950317e+01
    1.7999140546e-02   -8.9755737305e+01
    1.8008874729e-02   -8.9740516663e+01
    1.8019823357e-02   -8.9723396301e+01
    1.8029555678e-02   -8.9708145142e+01
    1.8039287999e-02   -8.9692871094e+01
    1.8049020320e-02   -8.9677551270e+01
    1.8059968948e-02   -8.9660255432e+01
    1.8069701269e-02   -8.9644828796e+01
    1.8079433590e-02   -8.9629348755e+01
    1.8089165911e-02   -8.9613807678e+01
    1.8098898232e-02   -8.9598197937e+01
    1.8109848723e-02   -8.9580574036e+01
    1.8119581044e-02   -8.9564834595e+01
    1.8129311502e-02   -8.9549034119e+01
    1.8139043823e-02   -8.9533164978e+01
    1.8149992451e-02   -8.9515228271e+01
    1.8159724772e-02   -8.9499206543e+01
    1.8169477582e-02   -8.9483078003e+01
    1.8179904670e-02   -8.9465736389e+01
    1.8189636990e-02   -8.9449462891e+01
    1.8199784681e-02   -8.9432388306e+01
    1.8209245056e-02   -8.9416389465e+01
    1.8219336867e-02   -8.9399200439e+01
    1.8229378387e-02   -8.9381996155e+01
    1.8239604309e-02   -8.9364349365e+01
    1.8249828368e-02   -8.9346588135e+01
    1.8259372562e-02   -8.9329895020e+01
    1.8269851804e-02   -8.9311447144e+01
    1.8279943615e-02   -8.9293548584e+01
    1.8289119005e-02   -8.9277183533e+01
    1.8299210817e-02   -8.9259063721e+01
    1.8309583887e-02   -8.9240325928e+01
    1.8319223076e-02   -8.9222801208e+01
    1.8329408020e-02   -8.9204177856e+01
    1.8339594826e-02   -8.9185447693e+01
    1.8349686638e-02   -8.9166770935e+01
    1.8359780312e-02   -8.9147994995e+01
    1.8369872123e-02   -8.9129104614e+01
    1.8379965797e-02   -8.9110099792e+01
    1.8389139324e-02   -8.9092727661e+01
    1.8399232998e-02   -8.9073509216e+01
    1.8409324810e-02   -8.9054168701e+01
    1.8419418484e-02   -8.9034706116e+01
    1.8429510295e-02   -8.9015113831e+01
    1.8439603969e-02   -8.8995391846e+01
    1.8449695781e-02   -8.8975532532e+01
    1.8459789455e-02   -8.8955535889e+01
    1.8469357863e-02   -8.8936447144e+01
    1.8479583785e-02   -8.8915908813e+01
    1.8489809707e-02   -8.8895217896e+01
    1.8499344587e-02   -8.8875793457e+01
    1.8509436399e-02   -8.8855094910e+01
    1.8519761041e-02   -8.8833770752e+01
    1.8529854715e-02   -8.8812797546e+01
    1.8539946526e-02   -8.8791679382e+01
    1.8549770117e-02   -8.8771011353e+01
    1.8559502438e-02   -8.8750419617e+01
    1.8569884822e-02   -8.8728340149e+01
    1.8579617143e-02   -8.8707534790e+01
    1.8589997664e-02   -8.8685234070e+01
    1.8599729985e-02   -8.8664245605e+01
    1.8609654158e-02   -8.8642745972e+01
    1.8619747832e-02   -8.8620803833e+01
    1.8629839644e-02   -8.8598777771e+01
    1.8639933318e-02   -8.8576667786e+01
    1.8649108708e-02   -8.8556510925e+01
    1.8659200519e-02   -8.8534255981e+01
    1.8669294193e-02   -8.8511924744e+01
    1.8679386005e-02   -8.8489517212e+01
    1.8689477816e-02   -8.8467025757e+01
    1.8699571490e-02   -8.8444465637e+01
    1.8709009513e-02   -8.8423286438e+01
    1.8719958141e-02   -8.8398643494e+01
    1.8729690462e-02   -8.8376655579e+01
    1.8739420921e-02   -8.8354591370e+01
    1.8749153242e-02   -8.8332450867e+01
    1.8758883700e-02   -8.8310234070e+01
    1.8769832328e-02   -8.8285148621e+01
    1.8779562786e-02   -8.8262763977e+01
    1.8789295107e-02   -8.8240303040e+01
    1.8799025565e-02   -8.8217758179e+01
    1.8809974194e-02   -8.8192306519e+01
    1.8819706514e-02   -8.8169609070e+01
    1.8829438835e-02   -8.8146842957e+01
    1.8839169294e-02   -8.8124015808e+01
    1.8848901615e-02   -8.8101119995e+01
    1.8859850243e-02   -8.8075302124e+01
    1.8869582564e-02   -8.8052291870e+01
    1.8879314885e-02   -8.8029220581e+01
    1.8889045343e-02   -8.8006103516e+01
    1.8899993971e-02   -8.7980026245e+01
    1.8909726292e-02   -8.7956794739e+01
    1.8919458613e-02   -8.7933509827e+01
    1.8929190934e-02   -8.7910186768e+01
    1.8938923255e-02   -8.7886833191e+01
    1.8949871883e-02   -8.7860519409e+01
    1.8959602341e-02   -8.7837112427e+01
    1.8969334662e-02   -8.7813690186e+01
    1.8979066983e-02   -8.7790267944e+01
    1.8988797441e-02   -8.7766853333e+01
    1.8999746069e-02   -8.7740531921e+01
    1.9009476528e-02   -8.7717170715e+01
    1.9019206986e-02   -8.7693855286e+01
    1.9028939307e-02   -8.7670585632e+01
    1.9039886072e-02   -8.7644485474e+01
    1.9049618393e-02   -8.7621360779e+01
    1.9059348851e-02   -8.7598320007e+01
    1.9069079310e-02   -8.7575355530e+01
    1.9078809768e-02   -8.7552474976e+01
    1.9089756534e-02   -8.7526832581e+01
    1.9099488854e-02   -8.7504135132e+01
    1.9109219313e-02   -8.7481521606e+01
    1.9118949771e-02   -8.7458999634e+01
    1.9129896536e-02   -8.7433769226e+01
    1.9139628857e-02   -8.7411445618e+01
    1.9149359316e-02   -8.7389228821e+01
    1.9159089774e-02   -8.7367118835e+01
    1.9168820232e-02   -8.7345123291e+01
    1.9179768860e-02   -8.7320526123e+01
    1.9189499319e-02   -8.7298789978e+01
    1.9199231640e-02   -8.7277191162e+01
    1.9208963960e-02   -8.7255722046e+01
    1.9219910726e-02   -8.7231750488e+01
    1.9229643047e-02   -8.7210594177e+01
    1.9239375368e-02   -8.7189605713e+01
    1.9249105826e-02   -8.7168785095e+01
    1.9258838147e-02   -8.7148139954e+01
    1.9269786775e-02   -8.7125129700e+01
    1.9279519096e-02   -8.7104866028e+01
    1.9289251417e-02   -8.7084785461e+01
    1.9298981875e-02   -8.7064880371e+01
    1.9309930503e-02   -8.7042701721e+01
    1.9319662824e-02   -8.7023155212e+01
    1.9329395145e-02   -8.7003761292e+01
    1.9339127466e-02   -8.6984512329e+01
    1.9348857924e-02   -8.6965393066e+01
    1.9359806553e-02   -8.6944007874e+01
    1.9369538873e-02   -8.6925109863e+01
    1.9379269332e-02   -8.6906295776e+01
    1.9389001653e-02   -8.6887542725e+01
    1.9399948418e-02   -8.6866516113e+01
    1.9409680739e-02   -8.6847854614e+01
    1.9419411197e-02   -8.6829223633e+01
    1.9429143518e-02   -8.6810607910e+01
    1.9438873976e-02   -8.6791992188e+01
    1.9449820742e-02   -8.6771026611e+01
    1.9459553063e-02   -8.6752372742e+01
    1.9469283521e-02   -8.6733688354e+01
    1.9479013979e-02   -8.6714965820e+01
    1.9489962608e-02   -8.6693847656e+01
    1.9499693066e-02   -8.6675018311e+01
    1.9509423524e-02   -8.6656135559e+01
    1.9519153982e-02   -8.6637184143e+01
    1.9528886303e-02   -8.6618164062e+01
    1.9539833069e-02   -8.6596672058e+01
    1.9549565390e-02   -8.6577484131e+01
    1.9559295848e-02   -8.6558204651e+01
    1.9569026306e-02   -8.6538833618e+01
    1.9579974934e-02   -8.6516921997e+01
    1.9589705393e-02   -8.6497337341e+01
    1.9599437714e-02   -8.6477638245e+01
    1.9609168172e-02   -8.6457817078e+01
    1.9618900493e-02   -8.6437881470e+01
    1.9629605114e-02   -8.6415802002e+01
    1.9639987499e-02   -8.6394241333e+01
    1.9649717957e-02   -8.6373886108e+01
    1.9659450278e-02   -8.6353401184e+01
    1.9669832662e-02   -8.6331390381e+01
    1.9679564983e-02   -8.6310615540e+01
    1.9689945504e-02   -8.6288291931e+01
    1.9699677825e-02   -8.6267227173e+01
    1.9709410146e-02   -8.6246009827e+01
    1.9719790667e-02   -8.6223228455e+01
    1.9729522988e-02   -8.6201721191e+01
    1.9739903510e-02   -8.6178627014e+01
    1.9749635831e-02   -8.6156837463e+01
    1.9759368151e-02   -8.6134910583e+01
    1.9769748673e-02   -8.6111373901e+01
    1.9779480994e-02   -8.6089172363e+01
    1.9789863378e-02   -8.6065361023e+01
    1.9799595699e-02   -8.6042907715e+01
    1.9809976220e-02   -8.6018821716e+01
    1.9819524139e-02   -8.5996559143e+01
    1.9829187542e-02   -8.5973915100e+01
    1.9838919863e-02   -8.5951004028e+01
    1.9849866629e-02   -8.5925094604e+01
    1.9859598950e-02   -8.5901962280e+01
    1.9869329408e-02   -8.5878715515e+01
    1.9879061729e-02   -8.5855369568e+01
    1.9888792187e-02   -8.5831916809e+01
    1.9899740815e-02   -8.5805404663e+01
    1.9909471273e-02   -8.5781715393e+01
    1.9919203594e-02   -8.5757926941e+01
    1.9928934053e-02   -8.5734016418e+01
    1.9939882681e-02   -8.5706977844e+01
    1.9949615002e-02   -8.5682815552e+01
    1.9959345460e-02   -8.5658531189e+01
    1.9969077781e-02   -8.5634124756e+01
    1.9978810102e-02   -8.5609588623e+01
    1.9989756867e-02   -8.5581840515e+01
    1.9999489188e-02   -8.5557037354e+01
    2.0009221509e-02   -8.5532112122e+01
    2.0018951967e-02   -8.5507057190e+01
    2.0029900596e-02   -8.5478721619e+01
    2.0039631054e-02   -8.5453407288e+01
    2.0049363375e-02   -8.5427978516e+01
    2.0059095696e-02   -8.5402435303e+01
    2.0068826154e-02   -8.5376785278e+01
    2.0079774782e-02   -8.5347808838e+01
    2.0089507103e-02   -8.5321937561e+01
    2.0099237561e-02   -8.5295974731e+01
    2.0108969882e-02   -8.5269927979e+01
    2.0119916648e-02   -8.5240516663e+01
    2.0129648969e-02   -8.5214279175e+01
    2.0139379427e-02   -8.5187973022e+01
    2.0149111748e-02   -8.5161590576e+01
    2.0158842206e-02   -8.5135131836e+01
    2.0169790834e-02   -8.5105285645e+01
    2.0179521292e-02   -8.5078689575e+01
    2.0189253613e-02   -8.5052032471e+01
    2.0198985934e-02   -8.5025306702e+01
    2.0209932700e-02   -8.4995185852e+01
    2.0219665021e-02   -8.4968360901e+01
    2.0229397342e-02   -8.4941497803e+01
    2.0239129663e-02   -8.4914596558e+01
    2.0248861983e-02   -8.4887672424e+01
    2.0259810612e-02   -8.4857368469e+01
    2.0269542933e-02   -8.4830436707e+01
    2.0279275253e-02   -8.4803520203e+01
    2.0289007574e-02   -8.4776626587e+01
    2.0299956203e-02   -8.4746429443e+01
    2.0309688523e-02   -8.4719642639e+01
    2.0319420844e-02   -8.4692939758e+01
    2.0329153165e-02   -8.4666313171e+01
    2.0338885486e-02   -8.4639793396e+01
    2.0349834114e-02   -8.4610092163e+01
    2.0359564573e-02   -8.4583824158e+01
    2.0369296893e-02   -8.4557693481e+01
    2.0379029214e-02   -8.4531700134e+01
    2.0389977843e-02   -8.4502655029e+01
    2.0399710163e-02   -8.4477005005e+01
    2.0409442484e-02   -8.4451522827e+01
    2.0419174805e-02   -8.4426216125e+01
    2.0428905264e-02   -8.4401092529e+01
    2.0439853892e-02   -8.4373039246e+01
    2.0449586213e-02   -8.4348304749e+01
    2.0459318534e-02   -8.4323760986e+01
    2.0469050854e-02   -8.4299400330e+01
    2.0479999483e-02   -8.4272239685e+01
    2.0489731804e-02   -8.4248298645e+01
    2.0499462262e-02   -8.4224563599e+01
    2.0509194583e-02   -8.4201026917e+01
    2.0518926904e-02   -8.4177696228e+01
    2.0529875532e-02   -8.4151679993e+01
    2.0539607853e-02   -8.4128768921e+01
    2.0549340174e-02   -8.4106056213e+01
    2.0559072495e-02   -8.4083534241e+01
    2.0568804815e-02   -8.4061203003e+01
    2.0579753444e-02   -8.4036300659e+01
    2.0589485765e-02   -8.4014350891e+01
    2.0599219948e-02   -8.3992568970e+01
    2.0608952269e-02   -8.3970947266e+01
    2.0619900897e-02   -8.3946800232e+01
    2.0629633218e-02   -8.3925491333e+01
    2.0639365539e-02   -8.3904319763e+01
    2.0649099723e-02   -8.3883277893e+01
    2.0658832043e-02   -8.3862350464e+01
    2.0669780672e-02   -8.3838943481e+01
    2.0679514855e-02   -8.3818252563e+01
    2.0689247176e-02   -8.3797660828e+01
    2.0698979497e-02   -8.3777153015e+01
    2.0709929988e-02   -8.3754188538e+01
    2.0719662309e-02   -8.3733848572e+01
    2.0729394630e-02   -8.3713577271e+01
    2.0739128813e-02   -8.3693351746e+01
    2.0748861134e-02   -8.3673179626e+01
    2.0759809762e-02   -8.3650520325e+01
    2.0769543946e-02   -8.3630393982e+01
    2.0779276267e-02   -8.3610282898e+01
    2.0789010450e-02   -8.3590156555e+01
    2.0799959078e-02   -8.3567489624e+01
    2.0809693262e-02   -8.3547294617e+01
    2.0819425583e-02   -8.3527046204e+01
    2.0829159766e-02   -8.3506721497e+01
    2.0838892087e-02   -8.3486305237e+01
    2.0849842578e-02   -8.3463203430e+01
    2.0859576762e-02   -8.3442535400e+01
    2.0869309083e-02   -8.3421722412e+01
    2.0879043266e-02   -8.3400741577e+01
    2.0889993757e-02   -8.3376930237e+01
    2.0899726078e-02   -8.3355545044e+01
    2.0909460261e-02   -8.3333953857e+01
    2.0919192582e-02   -8.3312126160e+01
    2.0928926766e-02   -8.3290069580e+01
    2.0939877257e-02   -8.3264953613e+01
    2.0949609578e-02   -8.3242355347e+01
    2.0959343761e-02   -8.3219490051e+01
    2.0969076082e-02   -8.3196357727e+01
    2.0978810266e-02   -8.3172950745e+01
    2.0989758894e-02   -8.3146293640e+01
    2.0999493077e-02   -8.3122306824e+01
    2.1009225398e-02   -8.3098052979e+01
    2.1018959582e-02   -8.3073524475e+01
    2.1029908210e-02   -8.3045623779e+01
    2.1039642394e-02   -8.3020545959e+01
    2.1049374714e-02   -8.2995208740e+01
    2.1059107035e-02   -8.2969619751e+01
    2.1068839356e-02   -8.2943786621e+01
    2.1079789847e-02   -8.2914436340e+01
    2.1089522168e-02   -8.2888084412e+01
    2.1099254489e-02   -8.2861503601e+01
    2.1108988672e-02   -8.2834693909e+01
    2.1119937301e-02   -8.2804260254e+01
    2.1129669622e-02   -8.2776962280e+01
    2.1139403805e-02   -8.2749458313e+01
    2.1149136126e-02   -8.2721733093e+01
    2.1158868447e-02   -8.2693801880e+01
    2.1169817075e-02   -8.2662139893e+01
    2.1179551259e-02   -8.2633789062e+01
    2.1189283580e-02   -8.2605262756e+01
    2.1199015900e-02   -8.2576560974e+01
    2.1209966391e-02   -8.2544075012e+01
    2.1219698712e-02   -8.2515045166e+01
    2.1229431033e-02   -8.2485870361e+01
    2.1239165217e-02   -8.2456573486e+01
    2.1248897538e-02   -8.2427169800e+01
    2.1259848028e-02   -8.2393959045e+01
    2.1269580349e-02   -8.2364349365e+01
    2.1279312670e-02   -8.2334663391e+01
    2.1289046854e-02   -8.2304908752e+01
    2.1299995482e-02   -8.2271362305e+01
    2.1309729666e-02   -8.2241500854e+01
    2.1319461986e-02   -8.2211593628e+01
    2.1329196170e-02   -8.2181648254e+01
    2.1338928491e-02   -8.2151679993e+01
    2.1349878982e-02   -8.2117942810e+01
    2.1359611303e-02   -8.2087936401e+01
    2.1369343624e-02   -8.2057914734e+01
    2.1379077807e-02   -8.2027893066e+01
    2.1388810128e-02   -8.1997871399e+01
    2.1399758756e-02   -8.1964103699e+01
    2.1409492940e-02   -8.1934097290e+01
    2.1419225261e-02   -8.1904106140e+01
    2.1428957582e-02   -8.1874137878e+01
    2.1439906210e-02   -8.1840446472e+01
    2.1449640393e-02   -8.1810539246e+01
    2.1459372714e-02   -8.1780654907e+01
    2.1469105035e-02   -8.1750808716e+01
    2.1478837356e-02   -8.1721000671e+01
    2.1489785984e-02   -8.1687522888e+01
    2.1499518305e-02   -8.1657798767e+01
    2.1509250626e-02   -8.1628128052e+01
    2.1518982947e-02   -8.1598487854e+01
    2.1529933438e-02   -8.1565200806e+01
    2.1539665759e-02   -8.1535652161e+01
    2.1549398080e-02   -8.1506149292e+01
    2.1559130400e-02   -8.1476669312e+01
    2.1568862721e-02   -8.1447235107e+01
    2.1579811350e-02   -8.1414154053e+01
    2.1589543670e-02   -8.1384780884e+01
    2.1599275991e-02   -8.1355430603e+01
    2.1609008312e-02   -8.1326110840e+01
    2.1619956940e-02   -8.1293159485e+01
    2.1629689261e-02   -8.1263893127e+01
    2.1639421582e-02   -8.1234657288e+01
    2.1649153903e-02   -8.1205444336e+01
    2.1658886224e-02   -8.1176261902e+01
    2.1669834852e-02   -8.1143478394e+01
    2.1679567173e-02   -8.1114372253e+01
    2.1689299494e-02   -8.1085311890e+01
    2.1699031815e-02   -8.1056297302e+01
    2.1709980443e-02   -8.1023712158e+01
    2.1719712764e-02   -8.0994819641e+01
    2.1729445085e-02   -8.0965988159e+01
    2.1739175543e-02   -8.0937217712e+01
    2.1748907864e-02   -8.0908531189e+01
    2.1759856492e-02   -8.0876358032e+01
    2.1769588813e-02   -8.0847846985e+01
    2.1779321134e-02   -8.0819435120e+01
    2.1789053455e-02   -8.0791114807e+01
    2.1798785776e-02   -8.0762901306e+01
    2.1809734404e-02   -8.0731285095e+01
    2.1819466725e-02   -8.0703300476e+01
    2.1829199046e-02   -8.0675430298e+01
    2.1838931367e-02   -8.0647674561e+01
    2.1849879995e-02   -8.0616584778e+01
    2.1859612316e-02   -8.0589073181e+01
    2.1869344637e-02   -8.0561683655e+01
    2.1879076958e-02   -8.0534400940e+01
    2.1888809279e-02   -8.0507240295e+01
    2.1899757907e-02   -8.0476806641e+01
    2.1909490228e-02   -8.0449874878e+01
    2.1919222549e-02   -8.0423049927e+01
    2.1928954870e-02   -8.0396316528e+01
    2.1939905360e-02   -8.0366355896e+01
    2.1949637681e-02   -8.0339820862e+01
    2.1959370002e-02   -8.0313369751e+01
    2.1969102323e-02   -8.0287002563e+01
    2.1978834644e-02   -8.0260704041e+01
    2.1989785135e-02   -8.0231201172e+01
    2.1999517456e-02   -8.0205047607e+01
    2.2009251639e-02   -8.0178955078e+01
    2.2018983960e-02   -8.0152915955e+01
    2.2029934451e-02   -8.0123680115e+01
    2.2039666772e-02   -8.0097740173e+01
    2.2049399093e-02   -8.0071838379e+01
    2.2059133276e-02   -8.0045967102e+01
    2.2068865597e-02   -8.0020118713e+01
    2.2079816088e-02   -7.9991050720e+01
    2.2089548409e-02   -7.9965225220e+01
    2.2099280730e-02   -7.9939384460e+01
    2.2109014913e-02   -7.9913528442e+01
    2.2119963542e-02   -7.9884407043e+01
    2.2129697725e-02   -7.9858474731e+01
    2.2139430046e-02   -7.9832481384e+01
    2.2149162367e-02   -7.9806419373e+01
    2.2158894688e-02   -7.9780273438e+01
    2.2169845179e-02   -7.9750747681e+01
    2.2179577500e-02   -7.9724372864e+01
    2.2189309821e-02   -7.9697883606e+01
    2.2199042141e-02   -7.9671264648e+01
    2.2209992632e-02   -7.9641143799e+01
    2.2219724953e-02   -7.9614212036e+01
    2.2229457274e-02   -7.9587120056e+01
    2.2239189595e-02   -7.9559875488e+01
    2.2248921916e-02   -7.9532463074e+01
    2.2259872407e-02   -7.9501434326e+01
    2.2269604728e-02   -7.9473686218e+01
    2.2279337049e-02   -7.9445770264e+01
    2.2289069369e-02   -7.9417701721e+01
    2.2298801690e-02   -7.9389488220e+01
    2.2309750319e-02   -7.9357566833e+01
    2.2319484502e-02   -7.9329040527e+01
    2.2329216823e-02   -7.9300384521e+01
    2.2338949144e-02   -7.9271606445e+01
    2.2349897772e-02   -7.9239082336e+01
    2.2359630093e-02   -7.9210052490e+01
    2.2369362414e-02   -7.9180915833e+01
    2.2379096597e-02   -7.9151687622e+01
    2.2388828918e-02   -7.9122352600e+01
    2.2399777547e-02   -7.9089256287e+01
    2.2409509867e-02   -7.9059745789e+01
    2.2419242188e-02   -7.9030166626e+01
    2.2428976372e-02   -7.9000511169e+01
    2.2439925000e-02   -7.8967063904e+01
    2.2449657321e-02   -7.8937278748e+01
    2.2459389642e-02   -7.8907424927e+01
    2.2469121963e-02   -7.8877525330e+01
    2.2478854284e-02   -7.8847572327e+01
    2.2489804775e-02   -7.8813812256e+01
    2.2499537095e-02   -7.8783767700e+01
    2.2509269416e-02   -7.8753669739e+01
    2.2519001737e-02   -7.8723541260e+01
    2.2529950365e-02   -7.8689598083e+01
    2.2539682686e-02   -7.8659385681e+01
    2.2549415007e-02   -7.8629127502e+01
    2.2559147328e-02   -7.8598838806e+01
    2.2568881512e-02   -7.8568511963e+01
    2.2579830140e-02   -7.8534339905e+01
    2.2589562461e-02   -7.8503913879e+01
    2.2599294782e-02   -7.8473449707e+01
    2.2609027103e-02   -7.8442932129e+01
    2.2619977593e-02   -7.8408538818e+01
    2.2629709914e-02   -7.8377914429e+01
    2.2639442235e-02   -7.8347229004e+01
    2.2649174556e-02   -7.8316482544e+01
    2.2658906877e-02   -7.8285675049e+01
    2.2669855505e-02   -7.8250938416e+01
    2.2679589689e-02   -7.8219993591e+01
    2.2689322010e-02   -7.8188980103e+01
    2.2699054331e-02   -7.8157897949e+01
    2.2708786651e-02   -7.8126754761e+01
    2.2719735280e-02   -7.8091629028e+01
    2.2729467601e-02   -7.8060333252e+01
    2.2739199921e-02   -7.8028976440e+01
    2.2748932242e-02   -7.7997543335e+01
    2.2759882733e-02   -7.7962112427e+01
    2.2769615054e-02   -7.7930541992e+01
    2.2779347375e-02   -7.7898910522e+01
    2.2789079696e-02   -7.7867218018e+01
    2.2798812017e-02   -7.7835464478e+01
    2.2809760645e-02   -7.7799667358e+01
    2.2819491103e-02   -7.7767784119e+01
    2.2829223424e-02   -7.7735832214e+01
    2.2838955745e-02   -7.7703826904e+01
    2.2849904373e-02   -7.7667739868e+01
    2.2859636694e-02   -7.7635604858e+01
    2.2869369015e-02   -7.7603401184e+01
    2.2879099473e-02   -7.7571128845e+01
    2.2888831794e-02   -7.7538803101e+01
    2.2899780422e-02   -7.7502357483e+01
    2.2909512743e-02   -7.7469894409e+01
    2.2919243202e-02   -7.7437377930e+01
    2.2928975523e-02   -7.7404792786e+01
    2.2939924151e-02   -7.7368072510e+01
    2.2949656472e-02   -7.7335372925e+01
    2.2959386930e-02   -7.7302619934e+01
    2.2969119251e-02   -7.7269821167e+01
    2.2978851572e-02   -7.7236976624e+01
    2.2989800200e-02   -7.7199981689e+01
    2.2999530658e-02   -7.7167060852e+01
    2.3009262979e-02   -7.7134109497e+01
    2.3018995300e-02   -7.7101135254e+01
    2.3029943928e-02   -7.7064018250e+01
    2.3039674386e-02   -7.7031005859e+01
    2.3049406707e-02   -7.6997985840e+01
    2.3059139028e-02   -7.6964965820e+01
    2.3068871349e-02   -7.6931953430e+01
    2.3079819977e-02   -7.6894821167e+01
    2.3089550436e-02   -7.6861831665e+01
    2.3099282756e-02   -7.6828865051e+01
    2.3109015077e-02   -7.6795928955e+01
    2.3119963706e-02   -7.6758911133e+01
    2.3129696026e-02   -7.6726051331e+01
    2.3139428347e-02   -7.6693237305e+01
    2.3149160668e-02   -7.6660469055e+01
    2.3158892989e-02   -7.6627761841e+01
    2.3169841617e-02   -7.6591041565e+01
    2.3179573938e-02   -7.6558471680e+01
    2.3189306259e-02   -7.6525978088e+01
    2.3199038580e-02   -7.6493553162e+01
    2.3209987208e-02   -7.6457183838e+01
    2.3219719529e-02   -7.6424934387e+01
    2.3229451850e-02   -7.6392776489e+01
    2.3239184171e-02   -7.6360710144e+01
    2.3248916492e-02   -7.6328727722e+01
    2.3259865120e-02   -7.6292854309e+01
    2.3269597441e-02   -7.6261062622e+01
    2.3279329762e-02   -7.6229354858e+01
    2.3289060220e-02   -7.6197738647e+01
    2.3298792541e-02   -7.6166206360e+01
    2.3309743032e-02   -7.6130821228e+01
    2.3319473490e-02   -7.6099456787e+01
    2.3329205811e-02   -7.6068176270e+01
    2.3338938132e-02   -7.6036956787e+01
    2.3349886760e-02   -7.6001930237e+01
    2.3359619081e-02   -7.5970870972e+01
    2.3369351402e-02   -7.5939872742e+01
    2.3379083723e-02   -7.5908950806e+01
    2.3388816044e-02   -7.5878082275e+01
    2.3399764672e-02   -7.5843444824e+01
    2.3409496993e-02   -7.5812713623e+01
    2.3419229314e-02   -7.5782051086e+01
    2.3428961635e-02   -7.5751449585e+01
    2.3439910263e-02   -7.5717094421e+01
    2.3449642584e-02   -7.5686622620e+01
    2.3459373042e-02   -7.5656219482e+01
    2.3469105363e-02   -7.5625869751e+01
    2.3478837684e-02   -7.5595581055e+01
    2.3489786312e-02   -7.5561584473e+01
    2.3499518633e-02   -7.5531417847e+01
    2.3509250954e-02   -7.5501312256e+01
    2.3518983275e-02   -7.5471260071e+01
    2.3529931903e-02   -7.5437522888e+01
    2.3539662361e-02   -7.5407577515e+01
    2.3549394682e-02   -7.5377685547e+01
    2.3559127003e-02   -7.5347839355e+01
    2.3568859324e-02   -7.5318031311e+01
    2.3579806089e-02   -7.5284538269e+01
    2.3589538410e-02   -7.5254806519e+01
    2.3599270731e-02   -7.5225105286e+01
    2.3609001189e-02   -7.5195434570e+01
    2.3619949818e-02   -7.5162078857e+01
    2.3629682139e-02   -7.5132453918e+01
    2.3639414459e-02   -7.5102844238e+01
    2.3649146780e-02   -7.5073242188e+01
    2.3658877239e-02   -7.5043647766e+01
    2.3669827729e-02   -7.5010368347e+01
    2.3679560050e-02   -7.4980789185e+01
    2.3689292371e-02   -7.4951202393e+01
    2.3699024692e-02   -7.4921623230e+01
    2.3709973320e-02   -7.4888328552e+01
    2.3719705641e-02   -7.4858718872e+01
    2.3729437962e-02   -7.4829093933e+01
    2.3739172146e-02   -7.4799453735e+01
    2.3748904467e-02   -7.4769790649e+01
    2.3759853095e-02   -7.4736381531e+01
    2.3769585416e-02   -7.4706649780e+01
    2.3779319599e-02   -7.4676879883e+01
    2.3789051920e-02   -7.4647056580e+01
    2.3798784241e-02   -7.4617187500e+01
    2.3809732869e-02   -7.4583503723e+01
    2.3819465190e-02   -7.4553489685e+01
    2.3829197511e-02   -7.4523391724e+01
    2.3838929832e-02   -7.4493209839e+01
    2.3849878460e-02   -7.4459129333e+01
    2.3859608918e-02   -7.4428710938e+01
    2.3869341239e-02   -7.4398170471e+01
    2.3879073560e-02   -7.4367492676e+01
    2.3888804018e-02   -7.4336662292e+01
    2.3899752647e-02   -7.4301788330e+01
    2.3909483105e-02   -7.4270606995e+01
    2.3919215426e-02   -7.4239234924e+01
    2.3928945884e-02   -7.4207672119e+01
    2.3939894512e-02   -7.4171920776e+01
    2.3949624971e-02   -7.4139915466e+01
    2.3959357291e-02   -7.4107696533e+01
    2.3969087750e-02   -7.4075241089e+01
    2.3978820071e-02   -7.4042564392e+01
    2.3989766836e-02   -7.4005523682e+01
    2.3999497294e-02   -7.3972351074e+01
    2.4009229615e-02   -7.3938949585e+01
    2.4018960074e-02   -7.3905311584e+01
    2.4029906839e-02   -7.3867202759e+01
    2.4039639160e-02   -7.3833091736e+01
    2.4049369618e-02   -7.3798767090e+01
    2.4059100077e-02   -7.3764228821e+01
    2.4068832397e-02   -7.3729484558e+01
    2.4079779163e-02   -7.3690170288e+01
    2.4089511484e-02   -7.3655036926e+01
    2.4099241942e-02   -7.3619720459e+01
    2.4108972400e-02   -7.3584243774e+01
    2.4119921029e-02   -7.3544151306e+01
    2.4129651487e-02   -7.3508361816e+01
    2.4139383808e-02   -7.3472442627e+01
    2.4149114266e-02   -7.3436401367e+01
    2.4158846587e-02   -7.3400245667e+01
    2.4169793352e-02   -7.3359458923e+01
    2.4179525673e-02   -7.3323112488e+01
    2.4189256132e-02   -7.3286689758e+01
    2.4198986590e-02   -7.3250205994e+01
    2.4209935218e-02   -7.3209091187e+01
    2.4219665676e-02   -7.3172508240e+01
    2.4229397997e-02   -7.3135894775e+01
    2.4239128456e-02   -7.3099266052e+01
    2.4248860776e-02   -7.3062629700e+01
    2.4259807542e-02   -7.3021423340e+01
    2.4269539863e-02   -7.2984825134e+01
    2.4279272184e-02   -7.2948257446e+01
    2.4289002642e-02   -7.2911735535e+01
    2.4299951270e-02   -7.2870719910e+01
    2.4309681728e-02   -7.2834335327e+01
    2.4319414049e-02   -7.2798034668e+01
    2.4329146370e-02   -7.2761833191e+01
    2.4338876829e-02   -7.2725730896e+01
    2.4349825457e-02   -7.2685256958e+01
    2.4359557778e-02   -7.2649414062e+01
    2.4369288236e-02   -7.2613708496e+01
    2.4379020557e-02   -7.2578140259e+01
    2.4389969185e-02   -7.2538299561e+01
    2.4399701506e-02   -7.2503051758e+01
    2.4409431964e-02   -7.2467956543e+01
    2.4419164285e-02   -7.2433029175e+01
    2.4428896606e-02   -7.2398269653e+01
    2.4439845234e-02   -7.2359359741e+01
    2.4449577555e-02   -7.2324958801e+01
    2.4459309876e-02   -7.2290718079e+01
    2.4469042197e-02   -7.2256652832e+01
    2.4479992688e-02   -7.2218528748e+01
    2.4489725009e-02   -7.2184814453e+01
    2.4499457330e-02   -7.2151260376e+01
    2.4509189650e-02   -7.2117874146e+01
    2.4518923834e-02   -7.2084640503e+01
    2.4529872462e-02   -7.2047439575e+01
    2.4539606646e-02   -7.2014533997e+01
    2.4549338967e-02   -7.1981773376e+01
    2.4559071288e-02   -7.1949157715e+01
    2.4568805471e-02   -7.1916671753e+01
    2.4579755962e-02   -7.1880287170e+01
    2.4589488283e-02   -7.1848083496e+01
    2.4599220604e-02   -7.1816009521e+01
    2.4608954787e-02   -7.1784049988e+01
    2.4619903415e-02   -7.1748237610e+01
    2.4629637599e-02   -7.1716522217e+01
    2.4639369920e-02   -7.1684921265e+01
    2.4649102241e-02   -7.1653434753e+01
    2.4658834562e-02   -7.1622047424e+01
    2.4669785053e-02   -7.1586860657e+01
    2.4679517373e-02   -7.1555702209e+01
    2.4689249694e-02   -7.1524642944e+01
    2.4698982015e-02   -7.1493690491e+01
    2.4709930643e-02   -7.1458992004e+01
    2.4719661102e-02   -7.1428253174e+01
    2.4729393423e-02   -7.1397628784e+01
    2.4739125744e-02   -7.1367103577e+01
    2.4748858064e-02   -7.1336692810e+01
    2.4759806693e-02   -7.1302604675e+01
    2.4769537151e-02   -7.1272415161e+01
    2.4779269472e-02   -7.1242340088e+01
    2.4789001793e-02   -7.1212364197e+01
    2.4799950421e-02   -7.1178779602e+01
    2.4809680879e-02   -7.1149040222e+01
    2.4819413200e-02   -7.1119415283e+01
    2.4829145521e-02   -7.1089889526e+01
    2.4838877842e-02   -7.1060462952e+01
    2.4849826470e-02   -7.1027488708e+01
    2.4859558791e-02   -7.0998275757e+01
    2.4869291112e-02   -7.0969161987e+01
    2.4879023433e-02   -7.0940139771e+01
    2.4889972061e-02   -7.0907592773e+01
    2.4899704382e-02   -7.0878738403e+01
    2.4909436703e-02   -7.0849960327e+01
    2.4919169024e-02   -7.0821250916e+01
    2.4928901345e-02   -7.0792594910e+01
    2.4939849973e-02   -7.0760414124e+01
    2.4949582294e-02   -7.0731849670e+01
    2.4959314615e-02   -7.0703308105e+01
    2.4969046935e-02   -7.0674797058e+01
    2.4979995564e-02   -7.0642715454e+01
    2.4989727885e-02   -7.0614204407e+01
    2.4999460205e-02   -7.0585670471e+01
    2.5009192526e-02   -7.0557106018e+01
    2.5018922985e-02   -7.0528511047e+01
    2.5029871613e-02   -7.0496269226e+01
    2.5039603934e-02   -7.0467544556e+01
    2.5049336255e-02   -7.0438751221e+01
    2.5059068576e-02   -7.0409866333e+01
    2.5068799034e-02   -7.0380889893e+01
    2.5079747662e-02   -7.0348167419e+01
    2.5089479983e-02   -7.0318954468e+01
    2.5099210441e-02   -7.0289627075e+01
    2.5108942762e-02   -7.0260169983e+01
    2.5119891390e-02   -7.0226867676e+01
    2.5129621848e-02   -7.0197113037e+01
    2.5139354169e-02   -7.0167221069e+01
    2.5149084628e-02   -7.0137176514e+01
    2.5158816949e-02   -7.0106987000e+01
    2.5169763714e-02   -7.0072837830e+01
    2.5179496035e-02   -7.0042312622e+01
    2.5189226493e-02   -7.0011642456e+01
    2.5198958814e-02   -6.9980804443e+01
    2.5209905580e-02   -6.9945930481e+01
    2.5219637901e-02   -6.9914764404e+01
    2.5229368359e-02   -6.9883438110e+01
    2.5239100680e-02   -6.9851951599e+01
    2.5248831138e-02   -6.9820312500e+01
    2.5259779766e-02   -6.9784523010e+01
    2.5269510224e-02   -6.9752548218e+01
    2.5279242545e-02   -6.9720420837e+01
    2.5288974866e-02   -6.9688133240e+01
    2.5299921632e-02   -6.9651618958e+01
    2.5309653953e-02   -6.9619003296e+01
    2.5319384411e-02   -6.9586235046e+01
    2.5329116732e-02   -6.9553314209e+01
    2.5338847190e-02   -6.9520240784e+01
    2.5349795818e-02   -6.9482856750e+01
    2.5359526277e-02   -6.9449470520e+01
    2.5369256735e-02   -6.9415946960e+01
    2.5378989056e-02   -6.9382270813e+01
    2.5389935821e-02   -6.9344230652e+01
    2.5399668142e-02   -6.9310279846e+01
    2.5409398600e-02   -6.9276199341e+01
    2.5419129059e-02   -6.9241996765e+01
    2.5428861380e-02   -6.9207672119e+01
    2.5439808145e-02   -6.9168930054e+01
    2.5449540466e-02   -6.9134384155e+01
    2.5459270924e-02   -6.9099739075e+01
    2.5469001383e-02   -6.9064994812e+01
    2.5479950011e-02   -6.9025817871e+01
    2.5489680469e-02   -6.8990905762e+01
    2.5499412790e-02   -6.8955917358e+01
    2.5509143248e-02   -6.8920867920e+01
    2.5518875569e-02   -6.8885765076e+01
    2.5529822335e-02   -6.8846206665e+01
    2.5539554656e-02   -6.8810997009e+01
    2.5549286976e-02   -6.8775749207e+01
    2.5559017435e-02   -6.8740463257e+01
    2.5569966063e-02   -6.8700729370e+01
    2.5579698384e-02   -6.8665390015e+01
    2.5589430705e-02   -6.8630027771e+01
    2.5599163026e-02   -6.8594650269e+01
    2.5608895347e-02   -6.8559257507e+01
    2.5619843975e-02   -6.8519439697e+01
    2.5629576296e-02   -6.8484039307e+01
    2.5639308617e-02   -6.8448631287e+01
    2.5649042800e-02   -6.8413230896e+01
    2.5659991428e-02   -6.8373413086e+01
    2.5669723749e-02   -6.8338035583e+01
    2.5679456070e-02   -6.8302658081e+01
    2.5689190254e-02   -6.8267295837e+01
    2.5698922575e-02   -6.8231956482e+01
    2.5709871203e-02   -6.8192214966e+01
    2.5719605386e-02   -6.8156913757e+01
    2.5729337707e-02   -6.8121635437e+01
    2.5739070028e-02   -6.8086380005e+01
    2.5748802349e-02   -6.8051155090e+01
    2.5759752840e-02   -6.8011558533e+01
    2.5769485161e-02   -6.7976402283e+01
    2.5779217482e-02   -6.7941268921e+01
    2.5788949803e-02   -6.7906181335e+01
    2.5799900293e-02   -6.7866744995e+01
    2.5809632614e-02   -6.7831733704e+01
    2.5819364935e-02   -6.7796768188e+01
    2.5829097256e-02   -6.7761840820e+01
    2.5838829577e-02   -6.7726959229e+01
    2.5849778205e-02   -6.7687767029e+01
    2.5859510526e-02   -6.7652984619e+01
    2.5869242847e-02   -6.7618255615e+01
    2.5878977031e-02   -6.7583572388e+01
    2.5889925659e-02   -6.7544616699e+01
    2.5899657980e-02   -6.7510047913e+01
    2.5909390301e-02   -6.7475540161e+01
    2.5919122621e-02   -6.7441093445e+01
    2.5928854942e-02   -6.7406700134e+01
    2.5939803571e-02   -6.7368095398e+01
    2.5949535891e-02   -6.7333847046e+01
    2.5959268212e-02   -6.7299674988e+01
    2.5969000533e-02   -6.7265571594e+01
    2.5979949161e-02   -6.7227310181e+01
    2.5989681482e-02   -6.7193389893e+01
    2.5999413803e-02   -6.7159561157e+01
    2.6009144261e-02   -6.7125831604e+01
    2.6018876582e-02   -6.7092201233e+01
    2.6029825211e-02   -6.7054504395e+01
    2.6039557531e-02   -6.7021118164e+01
    2.6049289852e-02   -6.6987861633e+01
    2.6059022173e-02   -6.6954734802e+01
    2.6069970801e-02   -6.6917633057e+01
    2.6079703122e-02   -6.6884811401e+01
    2.6089435443e-02   -6.6852134705e+01
    2.6099167764e-02   -6.6819625854e+01
    2.6108898222e-02   -6.6787277222e+01
    2.6119846851e-02   -6.6751091003e+01
    2.6129579172e-02   -6.6719108582e+01
    2.6139311492e-02   -6.6687301636e+01
    2.6149043813e-02   -6.6655670166e+01
    2.6159992442e-02   -6.6620307922e+01
    2.6169722900e-02   -6.6589065552e+01
    2.6179455221e-02   -6.6558006287e+01
    2.6189187542e-02   -6.6527130127e+01
    2.6198919863e-02   -6.6496429443e+01
    2.6209868491e-02   -6.6462104797e+01
    2.6219598949e-02   -6.6431770325e+01
    2.6229331270e-02   -6.6401603699e+01
    2.6239063591e-02   -6.6371597290e+01
    2.6248795912e-02   -6.6341743469e+01
    2.6259742677e-02   -6.6308341980e+01
    2.6269474998e-02   -6.6278793335e+01
    2.6279207319e-02   -6.6249382019e+01
    2.6288937777e-02   -6.6220092773e+01
    2.6299886405e-02   -6.6187278748e+01
    2.6309618726e-02   -6.6158226013e+01
    2.6319349185e-02   -6.6129272461e+01
    2.6329081506e-02   -6.6100410461e+01
    2.6338813826e-02   -6.6071624756e+01
    2.6349762455e-02   -6.6039337158e+01
    2.6359492913e-02   -6.6010696411e+01
    2.6369225234e-02   -6.5982124329e+01
    2.6378957555e-02   -6.5953598022e+01
    2.6389906183e-02   -6.5921562195e+01
    2.6399636641e-02   -6.5893119812e+01
    2.6409368962e-02   -6.5864715576e+01
    2.6419101283e-02   -6.5836326599e+01
    2.6428833604e-02   -6.5807968140e+01
    2.6439780369e-02   -6.5776077271e+01
    2.6449512690e-02   -6.5747749329e+01
    2.6459245011e-02   -6.5719421387e+01
    2.6468975469e-02   -6.5691093445e+01
    2.6479924098e-02   -6.5659233093e+01
    2.6489656419e-02   -6.5630897522e+01
    2.6499386877e-02   -6.5602561951e+01
    2.6509119198e-02   -6.5574218750e+01
    2.6518849656e-02   -6.5545860291e+01
    2.6529798284e-02   -6.5513938904e+01
    2.6539528742e-02   -6.5485549927e+01
    2.6549261063e-02   -6.5457130432e+01
    2.6558991522e-02   -6.5428695679e+01
    2.6569940150e-02   -6.5396682739e+01
    2.6579672471e-02   -6.5368194580e+01
    2.6589402929e-02   -6.5339683533e+01
    2.6599135250e-02   -6.5311141968e+01
    2.6608865708e-02   -6.5282569885e+01
    2.6619814336e-02   -6.5250389099e+01
    2.6629544795e-02   -6.5221748352e+01
    2.6639277115e-02   -6.5193077087e+01
    2.6649009436e-02   -6.5164375305e+01
    2.6659956202e-02   -6.5132041931e+01
    2.6669688523e-02   -6.5103263855e+01
    2.6679420844e-02   -6.5074447632e+01
    2.6689153165e-02   -6.5045600891e+01
    2.6698885486e-02   -6.5016708374e+01
    2.6709834114e-02   -6.4984169006e+01
    2.6719564572e-02   -6.4955207825e+01
    2.6729296893e-02   -6.4926208496e+01
    2.6739029214e-02   -6.4897171021e+01
    2.6749977842e-02   -6.4864463806e+01
    2.6759710163e-02   -6.4835350037e+01
    2.6769442484e-02   -6.4806205750e+01
    2.6779174805e-02   -6.4777015686e+01
    2.6788907126e-02   -6.4747795105e+01
    2.6799855754e-02   -6.4714881897e+01
    2.6809588075e-02   -6.4685592651e+01
    2.6819320396e-02   -6.4656265259e+01
    2.6829052716e-02   -6.4626907349e+01
    2.6838785037e-02   -6.4597518921e+01
    2.6849733666e-02   -6.4564414978e+01
    2.6859465986e-02   -6.4534965515e+01
    2.6869198307e-02   -6.4505485535e+01
    2.6878930628e-02   -6.4475975037e+01
    2.6889879256e-02   -6.4442749023e+01
    2.6899609715e-02   -6.4413185120e+01
    2.6909342036e-02   -6.4383605957e+01
    2.6919074357e-02   -6.4353996277e+01
    2.6928806677e-02   -6.4324371338e+01
    2.6939755306e-02   -6.4291015625e+01
    2.6949487627e-02   -6.4261344910e+01
    2.6959219947e-02   -6.4231651306e+01
    2.6968952268e-02   -6.4201934814e+01
    2.6979900897e-02   -6.4168479919e+01
    2.6989633217e-02   -6.4138717651e+01
    2.6999365538e-02   -6.4108924866e+01
    2.7009097859e-02   -6.4079116821e+01
    2.7018830180e-02   -6.4049278259e+01
    2.7029778808e-02   -6.4015670776e+01
    2.7039511129e-02   -6.3985763550e+01
    2.7049243450e-02   -6.3955825806e+01
    2.7058975771e-02   -6.3925849915e+01
    2.7069924399e-02   -6.3892078400e+01
    2.7079656720e-02   -6.3862014771e+01
    2.7089389041e-02   -6.3831909180e+01
    2.7099121362e-02   -6.3801757812e+01
    2.7108853683e-02   -6.3771556854e+01
    2.7119802311e-02   -6.3737522125e+01
    2.7129534632e-02   -6.3707214355e+01
    2.7139266953e-02   -6.3676856995e+01
    2.7148999274e-02   -6.3646450043e+01
    2.7159949765e-02   -6.3612178802e+01
    2.7169682086e-02   -6.3581665039e+01
    2.7179414406e-02   -6.3551101685e+01
    2.7189146727e-02   -6.3520488739e+01
    2.7198879048e-02   -6.3489830017e+01
    2.7209827676e-02   -6.3455287933e+01
    2.7219559997e-02   -6.3424541473e+01
    2.7229292318e-02   -6.3393753052e+01
    2.7239024639e-02   -6.3362934113e+01
    2.7249973267e-02   -6.3328220367e+01
    2.7259705588e-02   -6.3297332764e+01
    2.7269437909e-02   -6.3266422272e+01
    2.7279170230e-02   -6.3235485077e+01
    2.7288902551e-02   -6.3204528809e+01
    2.7299851179e-02   -6.3169681549e+01
    2.7309583500e-02   -6.3138687134e+01
    2.7319315821e-02   -6.3107685089e+01
    2.7329048142e-02   -6.3076671600e+01
    2.7339996770e-02   -6.3041770935e+01
    2.7349727228e-02   -6.3010742188e+01
    2.7359459549e-02   -6.2979709625e+01
    2.7369191870e-02   -6.2948673248e+01
    2.7378924191e-02   -6.2917636871e+01
    2.7389872819e-02   -6.2882720947e+01
    2.7399605140e-02   -6.2851684570e+01
    2.7409337461e-02   -6.2820652008e+01
    2.7419069782e-02   -6.2789623260e+01
    2.7428802103e-02   -6.2758598328e+01
    2.7439750731e-02   -6.2723701477e+01
    2.7449483052e-02   -6.2692684174e+01
    2.7459215373e-02   -6.2661678314e+01
    2.7468947694e-02   -6.2630680084e+01
    2.7479898185e-02   -6.2595813751e+01
    2.7489630505e-02   -6.2564830780e+01
    2.7499362826e-02   -6.2533859253e+01
    2.7509095147e-02   -6.2502895355e+01
    2.7518827468e-02   -6.2471942902e+01
    2.7529776096e-02   -6.2437137604e+01
    2.7539510280e-02   -6.2406211853e+01
    2.7549242601e-02   -6.2375297546e+01
    2.7558974922e-02   -6.2344398499e+01
    2.7569923550e-02   -6.2309654236e+01
    2.7579657733e-02   -6.2278785706e+01
    2.7589390054e-02   -6.2247940063e+01
    2.7599122375e-02   -6.2217109680e+01
    2.7608854696e-02   -6.2186298370e+01
    2.7619803324e-02   -6.2151664734e+01
    2.7629535645e-02   -6.2120903015e+01
    2.7639267966e-02   -6.2090167999e+01
    2.7649000287e-02   -6.2059459686e+01
    2.7659950778e-02   -6.2024944305e+01
    2.7669683099e-02   -6.1994300842e+01
    2.7679415420e-02   -6.1963687897e+01
    2.7689147741e-02   -6.1933109283e+01
    2.7698880062e-02   -6.1902568817e+01
    2.7709828690e-02   -6.1868255615e+01
    2.7719561011e-02   -6.1837799072e+01
    2.7729293332e-02   -6.1807388306e+01
    2.7739023790e-02   -6.1777023315e+01
    2.7749974281e-02   -6.1742919922e+01
    2.7759706602e-02   -6.1712661743e+01
    2.7769437060e-02   -6.1682453156e+01
    2.7779169381e-02   -6.1652305603e+01
    2.7788901702e-02   -6.1622211456e+01
    2.7799852192e-02   -6.1588428497e+01
    2.7809584513e-02   -6.1558464050e+01
    2.7819316834e-02   -6.1528564453e+01
    2.7829049155e-02   -6.1498725891e+01
    2.7839997783e-02   -6.1465240479e+01
    2.7849730104e-02   -6.1435543060e+01
    2.7859462425e-02   -6.1405918121e+01
    2.7869194746e-02   -6.1376354218e+01
    2.7878927067e-02   -6.1346862793e+01
    2.7889875695e-02   -6.1313766479e+01
    2.7899608016e-02   -6.1284416199e+01
    2.7909340337e-02   -6.1255130768e+01
    2.7919396758e-02   -6.1224937439e+01
    2.7929779142e-02   -6.1193843842e+01
    2.7939511463e-02   -6.1164756775e+01
    2.7949891984e-02   -6.1133792877e+01
    2.7959624305e-02   -6.1104827881e+01
    2.7969356626e-02   -6.1075916290e+01
    2.7979737148e-02   -6.1045135498e+01
    2.7989469469e-02   -6.1016330719e+01
    2.7999849990e-02   -6.0985656738e+01
    2.8009582311e-02   -6.0956951141e+01
    2.8019962832e-02   -6.0926376343e+01
    2.8029695153e-02   -6.0897754669e+01
    2.8039427474e-02   -6.0869174957e+01
    2.8049809858e-02   -6.0838733673e+01
    2.8059542179e-02   -6.0810230255e+01
    2.8069922701e-02   -6.0779865265e+01
    2.8079655021e-02   -6.0751434326e+01
    2.8089387342e-02   -6.0723033905e+01
    2.8099767864e-02   -6.0692779541e+01
    2.8109500185e-02   -6.0664447784e+01
    2.8119880706e-02   -6.0634265900e+01
    2.8129613027e-02   -6.0605998993e+01
    2.8139995411e-02   -6.0575885773e+01
    2.8149725869e-02   -6.0547691345e+01
    2.8159458190e-02   -6.0519527435e+01
    2.8169840574e-02   -6.0489521027e+01
    2.8179572895e-02   -6.0461429596e+01
    2.8189953417e-02   -6.0431499481e+01
    2.8199685737e-02   -6.0403476715e+01
    2.8209418058e-02   -6.0375484467e+01
    2.8219565749e-02   -6.0346336365e+01
    2.8229657561e-02   -6.0317386627e+01
    2.8239751235e-02   -6.0288471222e+01
    2.8249843046e-02   -6.0259590149e+01
    2.8259936720e-02   -6.0230747223e+01
    2.8269112110e-02   -6.0204555511e+01
    2.8279669583e-02   -6.0174449921e+01
    2.8289308771e-02   -6.0146991730e+01
    2.8299912810e-02   -6.0116821289e+01
    2.8309553862e-02   -6.0089420319e+01
    2.8319193050e-02   -6.0062046051e+01
    2.8329797089e-02   -6.0031959534e+01
    2.8339438140e-02   -6.0004631042e+01
    2.8349077329e-02   -5.9977321625e+01
    2.8359681368e-02   -5.9947303772e+01
    2.8369322419e-02   -5.9920036316e+01
    2.8379926458e-02   -5.9890056610e+01
    2.8389565647e-02   -5.9862819672e+01
    2.8399206698e-02   -5.9835594177e+01
    2.8409810737e-02   -5.9805664062e+01
    2.8419449925e-02   -5.9778465271e+01
    2.8429090977e-02   -5.9751281738e+01
    2.8439695016e-02   -5.9721389771e+01
    2.8449334204e-02   -5.9694225311e+01
    2.8459938243e-02   -5.9664360046e+01
    2.8469579294e-02   -5.9637222290e+01
    2.8479218483e-02   -5.9610092163e+01
    2.8489822522e-02   -5.9580268860e+01
    2.8499463573e-02   -5.9553165436e+01
    2.8509102762e-02   -5.9526077271e+01
    2.8519706801e-02   -5.9496292114e+01
    2.8529347852e-02   -5.9469234467e+01
    2.8539951891e-02   -5.9439487457e+01
    2.8549591079e-02   -5.9412460327e+01
    2.8559232131e-02   -5.9385448456e+01
    2.8569836169e-02   -5.9355762482e+01
    2.8579475358e-02   -5.9328792572e+01
    2.8589116409e-02   -5.9301841736e+01
    2.8599720448e-02   -5.9272224426e+01
    2.8609359637e-02   -5.9245323181e+01
    2.8619963676e-02   -5.9215759277e+01
    2.8629371896e-02   -5.9189559937e+01
    2.8639463708e-02   -5.9161476135e+01
    2.8649557382e-02   -5.9133419037e+01
    2.8659649193e-02   -5.9105384827e+01
    2.8669068590e-02   -5.9079246521e+01
    2.8678802773e-02   -5.9052257538e+01
    2.8689751402e-02   -5.9021923065e+01
    2.8699485585e-02   -5.8994979858e+01
    2.8709217906e-02   -5.8968059540e+01
    2.8719589114e-02   -5.8939388275e+01
    2.8729682788e-02   -5.8911506653e+01
    2.8739774600e-02   -5.8883636475e+01
    2.8749866411e-02   -5.8855773926e+01
    2.8759306297e-02   -5.8829719543e+01
    2.8769040480e-02   -5.8802856445e+01
    2.8779989108e-02   -5.8772632599e+01
    2.8789883479e-02   -5.8745315552e+01
    2.8799615800e-02   -5.8718444824e+01
    2.8809996322e-02   -5.8689777374e+01
    2.8819728643e-02   -5.8662902832e+01
    2.8829460964e-02   -5.8636020660e+01
    2.8839843348e-02   -5.8607349396e+01
    2.8849575669e-02   -5.8580467224e+01
    2.8859075159e-02   -5.8554225922e+01
    2.8869664297e-02   -5.8524967194e+01
    2.8879303485e-02   -5.8498325348e+01
    2.8889909387e-02   -5.8469005585e+01
    2.8899548575e-02   -5.8442333221e+01
    2.8909187764e-02   -5.8415649414e+01
    2.8919793665e-02   -5.8386268616e+01
    2.8929335997e-02   -5.8359798431e+01
    2.8939561918e-02   -5.8331413269e+01
    2.8949787840e-02   -5.8302989960e+01
    2.8959332034e-02   -5.8276432037e+01
    2.8969556093e-02   -5.8247943878e+01
    2.8979310766e-02   -5.8220741272e+01
    2.8989858925e-02   -5.8191295624e+01
    2.8999499977e-02   -5.8164367676e+01
    2.9009139165e-02   -5.8137424469e+01
    2.9019743204e-02   -5.8107780457e+01
    2.9029384255e-02   -5.8080841064e+01
    2.9039988294e-02   -5.8051219940e+01
    2.9049627483e-02   -5.8024311066e+01
    2.9059268534e-02   -5.7997432709e+01
    2.9069872573e-02   -5.7967906952e+01
    2.9079511762e-02   -5.7941104889e+01
    2.9089152813e-02   -5.7914340973e+01
    2.9099756852e-02   -5.7884948730e+01
    2.9109396040e-02   -5.7858264923e+01
    2.9119037092e-02   -5.7831619263e+01
    2.9129641131e-02   -5.7802337646e+01
    2.9139280319e-02   -5.7775745392e+01
    2.9149884358e-02   -5.7746509552e+01
    2.9159525409e-02   -5.7719944000e+01
    2.9169164598e-02   -5.7693378448e+01
    2.9179768637e-02   -5.7664157867e+01
    2.9189409688e-02   -5.7637580872e+01
    2.9199048877e-02   -5.7610992432e+01
    2.9209652916e-02   -5.7581726074e+01
    2.9219293967e-02   -5.7555099487e+01
    2.9229898006e-02   -5.7525783539e+01
    2.9239537194e-02   -5.7499111176e+01
    2.9249178246e-02   -5.7472415924e+01
    2.9259782284e-02   -5.7443031311e+01
    2.9269421473e-02   -5.7416297913e+01
    2.9279062524e-02   -5.7389541626e+01
    2.9289666563e-02   -5.7360092163e+01
    2.9299305752e-02   -5.7333297729e+01
    2.9309909791e-02   -5.7303802490e+01
    2.9319550842e-02   -5.7276966095e+01
    2.9329190031e-02   -5.7250102997e+01
    2.9339794070e-02   -5.7220523834e+01
    2.9349435121e-02   -5.7193607330e+01
    2.9359074309e-02   -5.7166656494e+01
    2.9369678348e-02   -5.7136974335e+01
    2.9379319400e-02   -5.7109951019e+01
    2.9389923438e-02   -5.7080181122e+01
    2.9399562627e-02   -5.7053073883e+01
    2.9409203678e-02   -5.7025924683e+01
    2.9419807717e-02   -5.6996009827e+01
    2.9429633170e-02   -5.6968238831e+01
    2.9439859092e-02   -5.6939285278e+01
    2.9449401423e-02   -5.6912212372e+01
    2.9459627345e-02   -5.6883148193e+01
    2.9469853267e-02   -5.6854022980e+01
    2.9479397461e-02   -5.6826786041e+01
    2.9489621520e-02   -5.6797538757e+01
    2.9499847442e-02   -5.6768226624e+01
    2.9509391636e-02   -5.6740806580e+01
    2.9519617558e-02   -5.6711364746e+01
    2.9529841617e-02   -5.6681858063e+01
    2.9539385810e-02   -5.6654254913e+01
    2.9549611732e-02   -5.6624618530e+01
    2.9559837654e-02   -5.6594921112e+01
    2.9569379985e-02   -5.6567146301e+01
    2.9579605907e-02   -5.6537330627e+01
    2.9589831829e-02   -5.6507457733e+01
    2.9599376023e-02   -5.6479526520e+01
    2.9609600082e-02   -5.6449542999e+01
    2.9619826004e-02   -5.6419506073e+01
    2.9629370198e-02   -5.6391418457e+01
    2.9639596120e-02   -5.6361270905e+01
    2.9649820179e-02   -5.6331073761e+01
    2.9659364372e-02   -5.6302845001e+01
    2.9669590294e-02   -5.6272556305e+01
    2.9679816216e-02   -5.6242233276e+01
    2.9689358547e-02   -5.6213897705e+01
    2.9699584469e-02   -5.6183517456e+01
    2.9709810391e-02   -5.6153114319e+01
    2.9719354585e-02   -5.6124729156e+01
    2.9729578644e-02   -5.6094314575e+01
    2.9739804566e-02   -5.6063899994e+01
    2.9749348760e-02   -5.6035522461e+01
    2.9759574682e-02   -5.6005130768e+01
    2.9769837856e-02   -5.5974647522e+01
    2.9779477045e-02   -5.5946033478e+01
    2.9789116234e-02   -5.5917449951e+01
    2.9799722135e-02   -5.5886039734e+01
    2.9809361324e-02   -5.5857521057e+01
    2.9819965363e-02   -5.5826190948e+01
    2.9829606414e-02   -5.5797748566e+01
    2.9839245602e-02   -5.5769344330e+01
    2.9849849641e-02   -5.5738143921e+01
    2.9859490693e-02   -5.5709823608e+01
    2.9869129881e-02   -5.5681541443e+01
    2.9879733920e-02   -5.5650478363e+01
    2.9889374971e-02   -5.5622280121e+01
    2.9899979010e-02   -5.5591312408e+01
    2.9909618199e-02   -5.5563209534e+01
    2.9919259250e-02   -5.5535156250e+01
    2.9929863289e-02   -5.5504356384e+01
    2.9939502478e-02   -5.5476417542e+01
    2.9949143529e-02   -5.5448547363e+01
    2.9959747568e-02   -5.5417972565e+01
    2.9969386756e-02   -5.5390258789e+01
    2.9979990795e-02   -5.5359867096e+01
    2.9989631847e-02   -5.5332332611e+01
    2.9999271035e-02   -5.5304889679e+01
    3.0000235885e-02   -5.5302150726e+01
