      3002
    0.0000000000e+00    0.0000000000e+00
    9.7362280940e-06   -5.2290732810e-07
    1.9472456188e-05   -1.9754277218e-06
    2.9208684282e-05   -4.3575610107e-06
    3.8944912376e-05   -7.6693077062e-06
    4.9898168072e-05   -1.2506199710e-05
    5.9634396166e-05   -1.7793374354e-05
    6.9370624260e-05   -2.4010161724e-05
    7.9106852354e-05   -3.1156559999e-05
    8.8843080448e-05   -3.9232574636e-05
    9.9796336144e-05   -4.9429265346e-05
    1.0953255696e-04   -3.5623260774e-03
    1.1936988449e-04   -3.5826601088e-02
    1.2951242388e-04   -9.9531315267e-02
    1.3930225396e-04   -1.8385794759e-01
    1.4939271205e-04   -2.8959953785e-01
    1.5927563072e-04   -4.0750473738e-01
    1.6968246200e-04   -5.4366052151e-01
    1.7952857888e-04   -6.8120527267e-01
    1.8913974054e-04   -8.2178694010e-01
    1.9887587405e-04   -9.6913766861e-01
    2.0982899878e-04   -1.1394728422e+00
    2.1956508863e-04   -1.2939757109e+00
    2.2930116393e-04   -1.4506285191e+00
    2.3903725378e-04   -1.6088523865e+00
    2.4999040761e-04   -1.7881857157e+00
    2.5972659932e-04   -1.9484612942e+00
    2.6946279104e-04   -2.1093716621e+00
    2.7919895365e-04   -2.2707812786e+00
    2.8893514536e-04   -2.4325375557e+00
    2.9988834285e-04   -2.6147012711e+00
    3.0962453457e-04   -2.7765991688e+00
    3.1936069718e-04   -2.9383468628e+00
    3.2909688889e-04   -3.0998959541e+00
    3.3883302240e-04   -3.2612509727e+00
    3.4978619078e-04   -3.4425723553e+00
    3.5952235339e-04   -3.6035773754e+00
    3.6925845779e-04   -3.7644064426e+00
    3.7899453309e-04   -3.9250249863e+00
    3.8994755596e-04   -4.1054248810e+00
    3.9968357305e-04   -4.2654943466e+00
    4.0941956104e-04   -4.4253010750e+00
    4.1915551992e-04   -4.5848817825e+00
    4.2889144970e-04   -4.7442941666e+00
    4.3984435615e-04   -4.9235100746e+00
    4.4958025683e-04   -5.0827569962e+00
    4.5931615750e-04   -5.2419734001e+00
    4.6905202908e-04   -5.4011468887e+00
    4.7878790065e-04   -5.5602407455e+00
    4.8974074889e-04   -5.7390651703e+00
    4.9947656225e-04   -5.8978333473e+00
    5.0921243383e-04   -6.0564060211e+00
    5.1894818898e-04   -6.2147974968e+00
    5.2990094991e-04   -6.3928174973e+00
    5.3963670507e-04   -6.5509490967e+00
    5.4937246023e-04   -6.7089920044e+00
    5.5910821538e-04   -6.8669185638e+00
    5.6884397054e-04   -7.0246691704e+00
    5.7979667326e-04   -7.2018489838e+00
    5.8953242842e-04   -7.3590435982e+00
    5.9926818358e-04   -7.5159630775e+00
    6.0900388053e-04   -7.6726522446e+00
    6.1995652504e-04   -7.8487324715e+00
    6.2969216378e-04   -8.0051422119e+00
    6.3942786073e-04   -8.1614971161e+00
    6.4916349947e-04   -8.3178176880e+00
    6.5889908001e-04   -8.4741048813e+00
    6.6985160811e-04   -8.6498622894e+00
    6.7958718864e-04   -8.8059997559e+00
    6.8932271097e-04   -8.9620161057e+00
    6.9905823329e-04   -9.1178846359e+00
    7.0879369741e-04   -9.2735881805e+00
    7.1974610910e-04   -9.4485425949e+00
    7.2948157322e-04   -9.6038551331e+00
    7.3921697913e-04   -9.7589511871e+00
    7.4895244325e-04   -9.9137973785e+00
    7.5990479672e-04   -1.0087662697e+01
    7.6964020263e-04   -1.0241892815e+01
    7.7937560854e-04   -1.0395833969e+01
    7.8911101446e-04   -1.0549520493e+01
    7.9884642037e-04   -1.0703001022e+01
    8.0979865743e-04   -1.0875483513e+01
    8.1953400513e-04   -1.1028680801e+01
    8.2926929463e-04   -1.1181785583e+01
    8.3900458412e-04   -1.1334797859e+01
    8.4995670477e-04   -1.1506814957e+01
    8.5969193606e-04   -1.1659596443e+01
    8.6942716734e-04   -1.1812256813e+01
    8.7916234042e-04   -1.1964789391e+01
    8.8889745530e-04   -1.2117187500e+01
    8.9984945953e-04   -1.2288452148e+01
    9.0958451619e-04   -1.2440497398e+01
    9.1931951465e-04   -1.2592333794e+01
    9.2905445490e-04   -1.2743939400e+01
    9.3878927873e-04   -1.2895307541e+01
    9.4974087551e-04   -1.3065326691e+01
    9.5947552472e-04   -1.3216247559e+01
    9.6921011573e-04   -1.3367012978e+01
    9.7894459032e-04   -1.3517664909e+01
    9.8989589605e-04   -1.3687056541e+01
    9.9963019602e-04   -1.3837571144e+01
    1.0093643796e-03   -1.3988047600e+01
    1.0190985631e-03   -1.4138487816e+01
    1.0288325138e-03   -1.4288888931e+01
    1.0397832375e-03   -1.4458029747e+01
    1.0495170718e-03   -1.4608307838e+01
    1.0592506733e-03   -1.4758493423e+01
    1.0689842748e-03   -1.4908554077e+01
    1.0799344163e-03   -1.5077180862e+01
    1.0896677850e-03   -1.5226866722e+01
    1.0994010372e-03   -1.5376344681e+01
    1.1091342894e-03   -1.5525613785e+01
    1.1188673088e-03   -1.5674689293e+01
    1.1298169848e-03   -1.5842196465e+01
    1.1395498877e-03   -1.5990941048e+01
    1.1492826743e-03   -1.6139570236e+01
    1.1590153445e-03   -1.6288101196e+01
    1.1699643219e-03   -1.6455087662e+01
    1.1796967592e-03   -1.6603416443e+01
    1.1894289637e-03   -1.6751625061e+01
    1.1991611682e-03   -1.6899692535e+01
    1.2088933727e-03   -1.7047588348e+01
    1.2198420009e-03   -1.7213743210e+01
    1.2295740889e-03   -1.7361225128e+01
    1.2393060606e-03   -1.7508518219e+01
    1.2490381487e-03   -1.7655635834e+01
    1.2599866604e-03   -1.7820955276e+01
    1.2697185157e-03   -1.7967754364e+01
    1.2794504873e-03   -1.8114412308e+01
    1.2891823426e-03   -1.8260931015e+01
    1.2989141978e-03   -1.8407299042e+01
    1.3098624768e-03   -1.8571777344e+01
    1.3195943320e-03   -1.8717803955e+01
    1.3293261873e-03   -1.8863655090e+01
    1.3390581589e-03   -1.9009325027e+01
    1.3487900142e-03   -1.9154806137e+01
    1.3597385259e-03   -1.9318231583e+01
    1.3694704976e-03   -1.9463281631e+01
    1.3792023528e-03   -1.9608119965e+01
    1.3889340917e-03   -1.9752750397e+01
    1.3998821378e-03   -1.9915229797e+01
    1.4096136438e-03   -2.0059467316e+01
    1.4193450334e-03   -2.0203546524e+01
    1.4290763065e-03   -2.0347482681e+01
    1.4388074633e-03   -2.0491289139e+01
    1.4497550437e-03   -2.0652915955e+01
    1.4594860841e-03   -2.0796443939e+01
    1.4692171244e-03   -2.0939825058e+01
    1.4789480483e-03   -2.1083049774e+01
    1.4898953959e-03   -2.1243970871e+01
    1.4996263199e-03   -2.1386816025e+01
    1.5093573602e-03   -2.1529468536e+01
    1.5190882841e-03   -2.1671922684e+01
    1.5288193244e-03   -2.1814182281e+01
    1.5397667885e-03   -2.1973997116e+01
    1.5494978288e-03   -2.2115854263e+01
    1.5592289856e-03   -2.2257532120e+01
    1.5689601423e-03   -2.2399034500e+01
    1.5799077228e-03   -2.2558017731e+01
    1.5896389959e-03   -2.2699150085e+01
    1.5993701527e-03   -2.2840106964e+01
    1.6091015423e-03   -2.2980876923e+01
    1.6188328154e-03   -2.3121448517e+01
    1.6297805123e-03   -2.3279331207e+01
    1.6395119019e-03   -2.3419414520e+01
    1.6492432915e-03   -2.3559230804e+01
    1.6589745646e-03   -2.3698757172e+01
    1.6699222615e-03   -2.3855358124e+01
    1.6796534183e-03   -2.3994220734e+01
    1.6893845750e-03   -2.4132761002e+01
    1.6991156153e-03   -2.4270984650e+01
    1.7088466557e-03   -2.4408899307e+01
    1.7197940033e-03   -2.4563697815e+01
    1.7295248108e-03   -2.4700990677e+01
    1.7392556183e-03   -2.4838008881e+01
    1.7489861930e-03   -2.4974760056e+01
    1.7599329585e-03   -2.5128301620e+01
    1.7696633004e-03   -2.5264526367e+01
    1.7793934094e-03   -2.5400518417e+01
    1.7891235184e-03   -2.5536293030e+01
    1.7988532782e-03   -2.5671863556e+01
    1.8097991124e-03   -2.5824146271e+01
    1.8195285229e-03   -2.5959308624e+01
    1.8292577006e-03   -2.6094285965e+01
    1.8389866455e-03   -2.6229072571e+01
    1.8499315483e-03   -2.6380468369e+01
    1.8596601440e-03   -2.6514816284e+01
    1.8693886232e-03   -2.6648935318e+01
    1.8791169859e-03   -2.6782810211e+01
    1.8888451159e-03   -2.6916425705e+01
    1.8997892039e-03   -2.7066423416e+01
    1.9095172174e-03   -2.7199459076e+01
    1.9192451145e-03   -2.7332214355e+01
    1.9289728953e-03   -2.7464687347e+01
    1.9399166340e-03   -2.7613386154e+01
    1.9496444147e-03   -2.7745267868e+01
    1.9593720790e-03   -2.7876876831e+01
    1.9690997433e-03   -2.8008216858e+01
    1.9788274076e-03   -2.8139287949e+01
    1.9897709135e-03   -2.8286428452e+01
    1.9994983450e-03   -2.8416938782e+01
    2.0092257764e-03   -2.8547183990e+01
    2.0189529750e-03   -2.8677158356e+01
    2.0298960153e-03   -2.8823045731e+01
    2.0396232139e-03   -2.8952413559e+01
    2.0493501797e-03   -2.9081474304e+01
    2.0590771455e-03   -2.9210208893e+01
    2.0688038785e-03   -2.9338600159e+01
    2.0797464531e-03   -2.9482603073e+01
    2.0894729532e-03   -2.9610200882e+01
    2.0991994534e-03   -2.9737403870e+01
    2.1089257207e-03   -2.9864206314e+01
    2.1198678296e-03   -3.0006374359e+01
    2.1295938641e-03   -3.0132326126e+01
    2.1393198986e-03   -3.0257896423e+01
    2.1490459330e-03   -3.0383098602e+01
    2.1599873435e-03   -3.0523534775e+01
    2.1697131451e-03   -3.0648014069e+01
    2.1794387139e-03   -3.0772172928e+01
    2.1891642828e-03   -3.0896018982e+01
    2.1988898516e-03   -3.1019554138e+01
    2.2098312620e-03   -3.1158161163e+01
    2.2195565980e-03   -3.1281030655e+01
    2.2292819340e-03   -3.1403579712e+01
    2.2390072700e-03   -3.1525800705e+01
    2.2499482147e-03   -3.1662899017e+01
    2.2596733179e-03   -3.1784400940e+01
    2.2693981882e-03   -3.1905553818e+01
    2.2791230585e-03   -3.2026359558e+01
    2.2888479289e-03   -3.2146812439e+01
    2.2997881752e-03   -3.2281906128e+01
    2.3095125798e-03   -3.2401630402e+01
    2.3192369845e-03   -3.2521022797e+01
    2.3289611563e-03   -3.2640094757e+01
    2.3399007041e-03   -3.2773681641e+01
    2.3496244103e-03   -3.2892112732e+01
    2.3593481164e-03   -3.3010250092e+01
    2.3690713570e-03   -3.3128105164e+01
    2.3787945975e-03   -3.3245677948e+01
    2.3897332139e-03   -3.3377616882e+01
    2.3995384108e-03   -3.3495594025e+01
    2.4099193979e-03   -3.3620185852e+01
    2.4196517188e-03   -3.3736701965e+01
    2.4293838069e-03   -3.3852920532e+01
    2.4397517554e-03   -3.3976402283e+01
    2.4494747631e-03   -3.4091869354e+01
    2.4591975380e-03   -3.4207000732e+01
    2.4689203128e-03   -3.4321781158e+01
    2.4798586965e-03   -3.4450469971e+01
    2.4895814713e-03   -3.4564460754e+01
    2.4993044790e-03   -3.4678073883e+01
    2.5090277195e-03   -3.4791313171e+01
    2.5199663360e-03   -3.4918270111e+01
    2.5296895765e-03   -3.5030750275e+01
    2.5394128170e-03   -3.5142902374e+01
    2.5491360575e-03   -3.5254745483e+01
    2.5588592980e-03   -3.5366294861e+01
    2.5698216632e-03   -3.5491733551e+01
    2.5799144059e-03   -3.5606929779e+01
    2.5890895631e-03   -3.5711414337e+01
    2.5992738083e-03   -3.5827136993e+01
    2.6088915765e-03   -3.5936172485e+01
    2.6198297273e-03   -3.6059883118e+01
    2.6295525022e-03   -3.6169574738e+01
    2.6392752770e-03   -3.6279010773e+01
    2.6489978191e-03   -3.6388195038e+01
    2.6599837001e-03   -3.6511268616e+01
    2.6699991431e-03   -3.6623199463e+01
    2.6795428712e-03   -3.6729637146e+01
    2.6899522636e-03   -3.6845493317e+01
    2.6996738743e-03   -3.6953495026e+01
    2.7094443794e-03   -3.7061855316e+01
    2.7199555188e-03   -3.7178234100e+01
    2.7294731699e-03   -3.7283454895e+01
    2.7398141101e-03   -3.7397609711e+01
    2.7495711111e-03   -3.7505161285e+01
    2.7592917904e-03   -3.7612163544e+01
    2.7697796468e-03   -3.7727439880e+01
    2.7793236077e-03   -3.7832187653e+01
    2.7893041261e-03   -3.7941574097e+01
    2.7994886041e-03   -3.8053028107e+01
    2.8094514273e-03   -3.8161895752e+01
    2.8192086611e-03   -3.8268363953e+01
    2.8293011710e-03   -3.8378349304e+01
    2.8397461865e-03   -3.8492015839e+01
    2.8498389293e-03   -3.8601711273e+01
    2.8595710173e-03   -3.8707366943e+01
    2.8696637601e-03   -3.8816818237e+01
    2.8791178484e-03   -3.8919242859e+01
    2.8892103583e-03   -3.9028480530e+01
    2.8998849448e-03   -3.9143909454e+01
    2.9093327466e-03   -3.9245979309e+01
    2.9194252566e-03   -3.9354927063e+01
    2.9295179993e-03   -3.9463787079e+01
    2.9396105092e-03   -3.9572555542e+01
    2.9497032519e-03   -3.9681236267e+01
    2.9597959947e-03   -3.9789833069e+01
    2.9698885046e-03   -3.9898342133e+01
    2.9793891590e-03   -4.0000408173e+01
    2.9899931978e-03   -4.0114238739e+01
    2.9996333178e-03   -4.0217639923e+01
    3.0095723923e-03   -4.0324157715e+01
    3.0192923732e-03   -4.0428241730e+01
    3.0290123541e-03   -4.0532234192e+01
    3.0399472453e-03   -4.0649112701e+01
    3.0493761878e-03   -4.0749801636e+01
    3.0599802267e-03   -4.0862926483e+01
    3.0694403686e-03   -4.0963752747e+01
    3.0796655919e-03   -4.1072639465e+01
    3.0898910481e-03   -4.1181430817e+01
    3.0994347762e-03   -4.1282894135e+01
    3.1096602324e-03   -4.1391525269e+01
    3.1196919736e-03   -4.1498035431e+01
    3.1294038054e-03   -4.1601093292e+01
    3.1391226221e-03   -4.1704181671e+01
    3.1490530819e-03   -4.1809467316e+01
    3.1596571207e-03   -4.1921848297e+01
    3.1696353108e-03   -4.2027545929e+01
    3.1790640205e-03   -4.2127376556e+01
    3.1896680593e-03   -4.2239597321e+01
    3.1993081793e-03   -4.2341552734e+01
    3.2090446912e-03   -4.2444461823e+01
    3.2199474517e-03   -4.2559616089e+01
    3.2296658028e-03   -4.2662181854e+01
    3.2391333953e-03   -4.2762023926e+01
    3.2497376669e-03   -4.2873767853e+01
    3.2593775541e-03   -4.2975273132e+01
    3.2695673872e-03   -4.3082485199e+01
    3.2797090244e-03   -4.3189117432e+01
    3.2893491443e-03   -4.3290416718e+01
    3.2999531832e-03   -4.3401782990e+01
    3.3095933031e-03   -4.3502975464e+01
    3.3188189846e-03   -4.3599781036e+01
    3.3297524787e-03   -4.3714454651e+01
    3.3394712955e-03   -4.3816345215e+01
    3.3491901122e-03   -4.3918182373e+01
    3.3589089289e-03   -4.4019969940e+01
    3.3698424231e-03   -4.4134395599e+01
    3.3793104813e-03   -4.4233402252e+01
    3.3899145201e-03   -4.4344188690e+01
    3.3995546401e-03   -4.4444805145e+01
    3.4092820715e-03   -4.4546226501e+01
    3.4190008882e-03   -4.4647453308e+01
    3.4299343824e-03   -4.4761207581e+01
    3.4396529663e-03   -4.4862216949e+01
    3.4495438449e-03   -4.4964923859e+01
    3.4591839649e-03   -4.5064937592e+01
    3.4697880037e-03   -4.5174873352e+01
    3.4794281237e-03   -4.5274742126e+01
    3.4890682437e-03   -4.5374553680e+01
    3.4996722825e-03   -4.5484287262e+01
    3.5093124025e-03   -4.5583995819e+01
    3.5195411183e-03   -4.5689746857e+01
    3.5292592365e-03   -4.5790176392e+01
    3.5389771219e-03   -4.5890563965e+01
    3.5491187591e-03   -4.5995285034e+01
    3.5597227979e-03   -4.6104740143e+01
    3.5693629179e-03   -4.6204200745e+01
    3.5799669567e-03   -4.6313564301e+01
    3.5896070767e-03   -4.6412940979e+01
    3.5997966770e-03   -4.6517936707e+01
    3.6095143296e-03   -4.6618026733e+01
    3.6192319822e-03   -4.6718063354e+01
    3.6298360210e-03   -4.6827171326e+01
    3.6394761410e-03   -4.6926300049e+01
    3.6499553826e-03   -4.7033996582e+01
    3.6596730351e-03   -4.7133808136e+01
    3.6693906877e-03   -4.7233570099e+01
    3.6791083403e-03   -4.7333286285e+01
    3.6888259929e-03   -4.7432956696e+01
    3.6997585557e-03   -4.7545040131e+01
    3.7098999601e-03   -4.7648979187e+01
    3.7195400801e-03   -4.7747749329e+01
    3.7291802000e-03   -4.7846496582e+01
    3.7397842389e-03   -4.7955089569e+01
    3.7494243588e-03   -4.8053783417e+01
    3.7590644788e-03   -4.8152439117e+01
    3.7687914446e-03   -4.8251949310e+01
    3.7798970006e-03   -4.8365501404e+01
    3.7895371206e-03   -4.8464012146e+01
    3.7991772406e-03   -4.8562469482e+01
    3.8097812794e-03   -4.8670700073e+01
    3.8195177913e-03   -4.8770011902e+01
    3.8291872479e-03   -4.8868568420e+01
    3.8389049005e-03   -4.8967544556e+01
    3.8496016059e-03   -4.9076400757e+01
    3.8598270621e-03   -4.9180374146e+01
    3.8693707902e-03   -4.9277339935e+01
    3.8795962464e-03   -4.9381149292e+01
    3.8898217026e-03   -4.9484874725e+01
    3.8993654307e-03   -4.9581619263e+01
    3.9095906541e-03   -4.9685195923e+01
    3.9198161103e-03   -4.9788707733e+01
    3.9293598384e-03   -4.9885265350e+01
    3.9395852946e-03   -4.9988670349e+01
    3.9498107508e-03   -5.0092033386e+01
    3.9593544789e-03   -5.0188472748e+01
    3.9695799351e-03   -5.0291786194e+01
    3.9798053913e-03   -5.0395084381e+01
    3.9893491194e-03   -5.0491500854e+01
    3.9995745756e-03   -5.0594806671e+01
    4.0098000318e-03   -5.0698131561e+01
    4.0193437599e-03   -5.0794586182e+01
    4.0295692161e-03   -5.0897960663e+01
    4.0397946723e-03   -5.1001365662e+01
    4.0493384004e-03   -5.1097915649e+01
    4.0595638566e-03   -5.1201404572e+01
    4.0697893128e-03   -5.1304946899e+01
    4.0793330409e-03   -5.1401634216e+01
    4.0895584971e-03   -5.1505287170e+01
    4.0997839533e-03   -5.1609004974e+01
    4.1093276814e-03   -5.1705867767e+01
    4.1195531376e-03   -5.1809715271e+01
    4.1297785938e-03   -5.1913631439e+01
    4.1393223219e-03   -5.2010681152e+01
    4.1495477781e-03   -5.2114723206e+01
    4.1594114155e-03   -5.2215137482e+01
    4.1690515354e-03   -5.2313323975e+01
    4.1796555743e-03   -5.2421375275e+01
    4.1893920861e-03   -5.2520614624e+01
    4.1999961250e-03   -5.2628730774e+01
    4.2096362449e-03   -5.2727035522e+01
    4.2192763649e-03   -5.2825355530e+01
    4.2298804037e-03   -5.2933513641e+01
    4.2395205237e-03   -5.3031848907e+01
    4.2491606437e-03   -5.3130187988e+01
    4.2597646825e-03   -5.3238372803e+01
    4.2694048025e-03   -5.3336727142e+01
    4.2790449224e-03   -5.3435092926e+01
    4.2896489613e-03   -5.3543304443e+01
    4.2992890812e-03   -5.3641689301e+01
    4.3094786815e-03   -5.3745689392e+01
    4.3191188015e-03   -5.3844081879e+01
    4.3297228403e-03   -5.3952312469e+01
    4.3393629603e-03   -5.4050693512e+01
    4.3499669991e-03   -5.4158893585e+01
    4.3596071191e-03   -5.4257228851e+01
    4.3692472391e-03   -5.4355533600e+01
    4.3796873651e-03   -5.4461952209e+01
    4.3896171264e-03   -5.4563117981e+01
    4.3992572464e-03   -5.4661281586e+01
    4.4098612852e-03   -5.4769199371e+01
    4.4191260822e-03   -5.4863430023e+01
    4.4288439676e-03   -5.4962223053e+01
    4.4395262375e-03   -5.5070747375e+01
    4.4491663575e-03   -5.5168628693e+01
    4.4597703964e-03   -5.5276233673e+01
    4.4694105163e-03   -5.5373996735e+01
    4.4790506363e-03   -5.5471698761e+01
    4.4897235930e-03   -5.5579792023e+01
    4.4999490492e-03   -5.5683269501e+01
    4.5098606497e-03   -5.5783489227e+01
    4.5195007697e-03   -5.5880878448e+01
    4.5291408896e-03   -5.5978176117e+01
    4.5397449285e-03   -5.6085086823e+01
    4.5494814403e-03   -5.6183132172e+01
    4.5598256402e-03   -5.6287166595e+01
    4.5688003302e-03   -5.6377307892e+01
    4.5797340572e-03   -5.6486968994e+01
    4.5894528739e-03   -5.6584289551e+01
    4.5991716906e-03   -5.6681461334e+01
    4.6096034348e-03   -5.6785587311e+01
    4.6192435548e-03   -5.6881641388e+01
    4.6298475936e-03   -5.6987098694e+01
    4.6394877136e-03   -5.7082778931e+01
    4.6491278335e-03   -5.7178276062e+01
    4.6598194167e-03   -5.7283958435e+01
    4.6698590741e-03   -5.7382968903e+01
    4.6794028021e-03   -5.7476882935e+01
    4.6897139400e-03   -5.7578113556e+01
    4.6993540600e-03   -5.7672531128e+01
    4.7099580988e-03   -5.7776130676e+01
    4.7195982188e-03   -5.7870075226e+01
    4.7292383388e-03   -5.7963783264e+01
    4.7398423776e-03   -5.8066589355e+01
    4.7493190505e-03   -5.8158222198e+01
    4.7590387985e-03   -5.8251949310e+01
    4.7699734569e-03   -5.8357089996e+01
    4.7796932049e-03   -5.8450275421e+01
    4.7894129530e-03   -5.8543209076e+01
    4.7990926541e-03   -5.8635509491e+01
    4.8096003011e-03   -5.8735431671e+01
    4.8195123672e-03   -5.8829425812e+01
    4.8291524872e-03   -5.8920612335e+01
    4.8397565261e-03   -5.9020660400e+01
    4.8493966460e-03   -5.9111381531e+01
    4.8593357205e-03   -5.9204696655e+01
    4.8690559343e-03   -5.9295745850e+01
    4.8794490285e-03   -5.9392868042e+01
    4.8890891485e-03   -5.9482738495e+01
    4.8996931873e-03   -5.9581356049e+01
    4.9097039737e-03   -5.9674221039e+01
    4.9195010215e-03   -5.9764877319e+01
    4.9291541800e-03   -5.9853984833e+01
    4.9388753250e-03   -5.9943485260e+01
    4.9493089318e-03   -6.0039287567e+01
    4.9599129707e-03   -6.0136367798e+01
    4.9695530906e-03   -6.0224369049e+01
    4.9791932106e-03   -6.0312126160e+01
    4.9896342680e-03   -6.0406902313e+01
    4.9992743880e-03   -6.0494155884e+01
    5.0091389567e-03   -6.0583198547e+01
    5.0191693008e-03   -6.0673488617e+01
    5.0288909115e-03   -6.0760761261e+01
    5.0398274325e-03   -6.0858676910e+01
    5.0495490432e-03   -6.0945476532e+01
    5.0592706539e-03   -6.1032058716e+01
    5.0689922646e-03   -6.1118423462e+01
    5.0796782598e-03   -6.1213111877e+01
    5.0893183798e-03   -6.1298313141e+01
    5.0999224186e-03   -6.1391803741e+01
    5.1094000228e-03   -6.1475147247e+01
    5.1191216335e-03   -6.1560436249e+01
    5.1288441755e-03   -6.1645515442e+01
    5.1397816278e-03   -6.1740974426e+01
    5.1495037042e-03   -6.1825592041e+01
    5.1592257805e-03   -6.1909984589e+01
    5.1689483225e-03   -6.1994148254e+01
    5.1792906597e-03   -6.2083415985e+01
    5.1893829368e-03   -6.2170261383e+01
    5.1987944171e-03   -6.2251003265e+01
    5.2097323351e-03   -6.2344543457e+01
    5.2194553427e-03   -6.2427413940e+01
    5.2291778848e-03   -6.2510028839e+01
    5.2396133542e-03   -6.2598411560e+01
    5.2492534742e-03   -6.2679790497e+01
    5.2596954629e-03   -6.2767650604e+01
    5.2694184706e-03   -6.2849197388e+01
    5.2791414782e-03   -6.2930488586e+01
    5.2888644859e-03   -6.3011524200e+01
    5.2995104343e-03   -6.3099956512e+01
    5.3091505542e-03   -6.3179771423e+01
    5.3197545931e-03   -6.3267276764e+01
    5.3293947130e-03   -6.3346565247e+01
    5.3399987519e-03   -6.3433494568e+01
    5.3496388718e-03   -6.3512268066e+01
    5.3592789918e-03   -6.3590805054e+01
    5.3699794225e-03   -6.3677707672e+01
    5.3796540014e-03   -6.3756038666e+01
    5.3893360309e-03   -6.3834201813e+01
    5.3999405354e-03   -6.3919563293e+01
    5.4092551582e-03   -6.3994335175e+01
    5.4195336998e-03   -6.4076622009e+01
    5.4291738197e-03   -6.4153594971e+01
    5.4397778586e-03   -6.4238029480e+01
    5.4494179785e-03   -6.4314582825e+01
    5.4596504197e-03   -6.4395629883e+01
    5.4695424624e-03   -6.4473762512e+01
    5.4791821167e-03   -6.4549705505e+01
    5.4894150235e-03   -6.4630088806e+01
    5.4991403595e-03   -6.4706260681e+01
    5.5088652298e-03   -6.4782211304e+01
    5.5198059417e-03   -6.4867378235e+01
    5.5295312777e-03   -6.4942832947e+01
    5.5392561480e-03   -6.5018043518e+01
    5.5489819497e-03   -6.5092994690e+01
    5.5599231273e-03   -6.5177009583e+01
    5.5696484633e-03   -6.5251411438e+01
    5.5793742649e-03   -6.5325538635e+01
    5.5891000666e-03   -6.5399406433e+01
    5.5988258682e-03   -6.5472991943e+01
    5.6097675115e-03   -6.5555458069e+01
    5.6194933131e-03   -6.5628479004e+01
    5.6291334331e-03   -6.5700584412e+01
    5.6397374719e-03   -6.5779602051e+01
    5.6497198530e-03   -6.5853698730e+01
    5.6594461203e-03   -6.5925636292e+01
    5.6693810038e-03   -6.5998855591e+01
    5.6799850427e-03   -6.6076713562e+01
    5.6899241172e-03   -6.6149414062e+01
    5.6996508501e-03   -6.6220314026e+01
    5.7093775831e-03   -6.6290969849e+01
    5.7191043161e-03   -6.6361381531e+01
    5.7288315147e-03   -6.6431556702e+01
    5.7397307828e-03   -6.6509910583e+01
    5.7493709028e-03   -6.6578964233e+01
    5.7599749416e-03   -6.6654670715e+01
    5.7696150616e-03   -6.6723266602e+01
    5.7792551816e-03   -6.6791648865e+01
    5.7896981016e-03   -6.6865493774e+01
    5.7994257659e-03   -6.6934074402e+01
    5.8090658858e-03   -6.7001838684e+01
    5.8196699247e-03   -6.7076156616e+01
    5.8288965374e-03   -6.7140640259e+01
    5.8398405090e-03   -6.7216911316e+01
    5.8495686390e-03   -6.7284515381e+01
    5.8592963032e-03   -6.7351936340e+01
    5.8690244332e-03   -6.7419181824e+01
    5.8792126365e-03   -6.7489410400e+01
    5.8898166753e-03   -6.7562301636e+01
    5.8994567953e-03   -6.7628372192e+01
    5.9090969153e-03   -6.7694259644e+01
    5.9197009541e-03   -6.7766525269e+01
    5.9293410741e-03   -6.7832023621e+01
    5.9399455786e-03   -6.7903846741e+01
    5.9494688176e-03   -6.7968162537e+01
    5.9599531814e-03   -6.8038742065e+01
    5.9691281058e-03   -6.8100326538e+01
    5.9797321446e-03   -6.8171279907e+01
    5.9893722646e-03   -6.8235580444e+01
    5.9998603538e-03   -6.8305313110e+01
    6.0097523965e-03   -6.8370872498e+01
    6.0193925165e-03   -6.8434562683e+01
    6.0299965553e-03   -6.8504379272e+01
    6.0396366753e-03   -6.8567634583e+01
    6.0492767952e-03   -6.8630668640e+01
    6.0598808341e-03   -6.8699760437e+01
    6.0695209540e-03   -6.8762344360e+01
    6.0791610740e-03   -6.8824691772e+01
    6.0897651128e-03   -6.8893005371e+01
    6.0994052328e-03   -6.8954864502e+01
    6.1090453528e-03   -6.9016479492e+01
    6.1196493916e-03   -6.9083976746e+01
    6.1292895116e-03   -6.9145088196e+01
    6.1398935504e-03   -6.9212020874e+01
    6.1495336704e-03   -6.9272605896e+01
    6.1591737904e-03   -6.9332954407e+01
    6.1694057658e-03   -6.9396728516e+01
    6.1799632385e-03   -6.9462242126e+01
    6.1896033585e-03   -6.9521812439e+01
    6.1992434785e-03   -6.9581130981e+01
    6.2098475173e-03   -6.9646102905e+01
    6.2194876373e-03   -6.9704925537e+01
    6.2291277573e-03   -6.9763511658e+01
    6.2397317961e-03   -6.9827690125e+01
    6.2493719161e-03   -6.9885803223e+01
    6.2599764206e-03   -6.9949478149e+01
    6.2699606642e-03   -7.0009185791e+01
    6.2796915881e-03   -7.0067169189e+01
    6.2895840965e-03   -7.0125892639e+01
    6.2998207286e-03   -7.0186439514e+01
    6.3095516525e-03   -7.0243782043e+01
    6.3192825764e-03   -7.0300918579e+01
    6.3298135065e-03   -7.0362533569e+01
    6.3390866853e-03   -7.0416595459e+01
    6.3488176093e-03   -7.0473136902e+01
    6.3596740365e-03   -7.0535995483e+01
    6.3693141565e-03   -7.0591613770e+01
    6.3792532310e-03   -7.0648773193e+01
    6.3896505162e-03   -7.0708374023e+01
    6.3992906362e-03   -7.0763465881e+01
    6.4098946750e-03   -7.0823867798e+01
    6.4195347950e-03   -7.0878623962e+01
    6.4297262579e-03   -7.0936332703e+01
    6.4397552051e-03   -7.0992958069e+01
    6.4498339780e-03   -7.1049697876e+01
    6.4594256692e-03   -7.1103553772e+01
    6.4698364586e-03   -7.1161849976e+01
    6.4796209335e-03   -7.1216499329e+01
    6.4893672243e-03   -7.1270805359e+01
    6.4996611327e-03   -7.1328041077e+01
    6.5095736645e-03   -7.1383049011e+01
    6.5198671073e-03   -7.1440055847e+01
    6.5294108354e-03   -7.1492835999e+01
    6.5393913537e-03   -7.1547950745e+01
    6.5488712862e-03   -7.1600250244e+01
    6.5597733483e-03   -7.1660331726e+01
    6.5699988045e-03   -7.1716651917e+01
    6.5795425326e-03   -7.1769195557e+01
    6.5897679888e-03   -7.1825477600e+01
    6.5999934450e-03   -7.1881752014e+01
    6.6095371731e-03   -7.1934280396e+01
    6.6197626293e-03   -7.1990562439e+01
    6.6299568862e-03   -7.2046684265e+01
    6.6398954950e-03   -7.2101417542e+01
    6.6495356150e-03   -7.2154518127e+01
    6.6591757350e-03   -7.2207633972e+01
    6.6697797738e-03   -7.2266075134e+01
    6.6794198938e-03   -7.2319229126e+01
    6.6890600137e-03   -7.2372413635e+01
    6.6996640526e-03   -7.2430938721e+01
    6.7093041725e-03   -7.2484169006e+01
    6.7190406844e-03   -7.2537948608e+01
    6.7296405323e-03   -7.2596511841e+01
    6.7392806523e-03   -7.2649803162e+01
    6.7498846911e-03   -7.2708427429e+01
    6.7595248111e-03   -7.2761749268e+01
    6.7691649310e-03   -7.2815078735e+01
    6.7799063399e-03   -7.2874511719e+01
    6.7896377295e-03   -7.2928352356e+01
    6.7997826263e-03   -7.2984481812e+01
    6.8094227463e-03   -7.3037796021e+01
    6.8190628663e-03   -7.3091087341e+01
    6.8290471099e-03   -7.3146240234e+01
    6.8399040028e-03   -7.3206153870e+01
    6.8495436572e-03   -7.3259300232e+01
    6.8591837771e-03   -7.3312377930e+01
    6.8697882816e-03   -7.3370681763e+01
    6.8797268905e-03   -7.3425247192e+01
    6.8899174221e-03   -7.3481101990e+01
    6.8995575421e-03   -7.3533843994e+01
    6.9091976620e-03   -7.3586509705e+01
    6.9189341739e-03   -7.3639610291e+01
    6.9298320450e-03   -7.3698928833e+01
    6.9395634346e-03   -7.3751800537e+01
    6.9492948242e-03   -7.3804580688e+01
    6.9590262137e-03   -7.3857254028e+01
    6.9692167453e-03   -7.3912315369e+01
    6.9798212498e-03   -7.3969482422e+01
    6.9894609042e-03   -7.4021347046e+01
    6.9991010241e-03   -7.4073097229e+01
    7.0097055286e-03   -7.4129890442e+01
    7.0189782418e-03   -7.4179443359e+01
    7.0299264044e-03   -7.4237785339e+01
    7.0396582596e-03   -7.4289512634e+01
    7.0490916260e-03   -7.4339508057e+01
    7.0596956648e-03   -7.4395545959e+01
    7.0693357848e-03   -7.4446334839e+01
    7.0799398236e-03   -7.4502014160e+01
    7.0895799436e-03   -7.4552467346e+01
    7.0992200635e-03   -7.4602745056e+01
    7.1099204943e-03   -7.4658348083e+01
    7.1196025237e-03   -7.4708465576e+01
    7.1297474205e-03   -7.4760780334e+01
    7.1393875405e-03   -7.4810302734e+01
    7.1499915794e-03   -7.4864540100e+01
    7.1597280912e-03   -7.4914138794e+01
    7.1694101207e-03   -7.4963249207e+01
    7.1793026291e-03   -7.5013214111e+01
    7.1899066679e-03   -7.5066520691e+01
    7.1995467879e-03   -7.5114753723e+01
    7.2091869079e-03   -7.5162750244e+01
    7.2196307592e-03   -7.5214492798e+01
    7.2297756560e-03   -7.5264465332e+01
    7.2394157760e-03   -7.5311698914e+01
    7.2488957085e-03   -7.5357879639e+01
    7.2598969564e-03   -7.5411155701e+01
    7.2694406845e-03   -7.5457069397e+01
    7.2798514739e-03   -7.5506843567e+01
    7.2899963707e-03   -7.5555007935e+01
    7.2996364906e-03   -7.5600471497e+01
    7.3092766106e-03   -7.5645629883e+01
    7.3198806494e-03   -7.5694938660e+01
    7.3296171613e-03   -7.5739883423e+01
    7.3392991908e-03   -7.5784263611e+01
    7.3496964760e-03   -7.5831573486e+01
    7.3593365960e-03   -7.5875122070e+01
    7.3699406348e-03   -7.5922668457e+01
    7.3795807548e-03   -7.5965576172e+01
    7.3892208748e-03   -7.6008178711e+01
    7.3998249136e-03   -7.6054695129e+01
    7.4094650336e-03   -7.6096664429e+01
    7.4191051535e-03   -7.6138328552e+01
    7.4292966165e-03   -7.6182052612e+01
    7.4398522265e-03   -7.6226974487e+01
    7.4494676664e-03   -7.6267570496e+01
    7.4590719305e-03   -7.6307807922e+01
    7.4692168273e-03   -7.6349952698e+01
    7.4798208661e-03   -7.6393623352e+01
    7.4890935794e-03   -7.6431472778e+01
    7.4999956414e-03   -7.6475570679e+01
    7.5096357614e-03   -7.6514198303e+01
    7.5192758814e-03   -7.6552459717e+01
    7.5298799202e-03   -7.6594139099e+01
    7.5393547304e-03   -7.6631011963e+01
    7.5499000959e-03   -7.6671630859e+01
    7.5596324168e-03   -7.6708724976e+01
    7.5697768480e-03   -7.6747001648e+01
    7.5794169679e-03   -7.6782989502e+01
    7.5890570879e-03   -7.6818611145e+01
    7.5996611267e-03   -7.6857368469e+01
    7.6093012467e-03   -7.6892211914e+01
    7.6199742034e-03   -7.6930351257e+01
    7.6290392317e-03   -7.6962387085e+01
    7.6396432705e-03   -7.6999435425e+01
    7.6492833905e-03   -7.7032722473e+01
    7.6598874293e-03   -7.7068893433e+01
    7.6695275493e-03   -7.7101379395e+01
    7.6791676693e-03   -7.7133460999e+01
    7.6898406260e-03   -7.7168510437e+01
    7.6997042634e-03   -7.7200447083e+01
    7.7093443833e-03   -7.7231239319e+01
    7.7199484222e-03   -7.7264640808e+01
    7.7298604883e-03   -7.7295433044e+01
    7.7397720888e-03   -7.7325828552e+01
    7.7494122088e-03   -7.7355026245e+01
    7.7590523288e-03   -7.7383850098e+01
    7.7696563676e-03   -7.7415122986e+01
    7.7793654054e-03   -7.7443359375e+01
    7.7895908616e-03   -7.7472724915e+01
    7.7994544990e-03   -7.7500701904e+01
    7.8090946190e-03   -7.7527717590e+01
    7.8196981922e-03   -7.7557075500e+01
    7.8293383121e-03   -7.7583450317e+01
    7.8399423510e-03   -7.7612060547e+01
    7.8496029601e-03   -7.7637702942e+01
    7.8590465710e-03   -7.7662322998e+01
    7.8697828576e-03   -7.7689743042e+01
    7.8793661669e-03   -7.7713737488e+01
    7.8899702057e-03   -7.7739875793e+01
    7.8996103257e-03   -7.7763381958e+01
    7.9092504457e-03   -7.7786788940e+01
    7.9195722938e-03   -7.7811836243e+01
    7.9297982156e-03   -7.7836677551e+01
    7.9392623156e-03   -7.7859695435e+01
    7.9498663545e-03   -7.7885459900e+01
    7.9599739984e-03   -7.7909912109e+01
    7.9694185406e-03   -7.7932594299e+01
    7.9790474847e-03   -7.7955474854e+01
    7.9896515235e-03   -7.7980308533e+01
    7.9993270338e-03   -7.8002540588e+01
    8.0094840378e-03   -7.8025375366e+01
    8.0196298659e-03   -7.8047576904e+01
    8.0292699859e-03   -7.8068046570e+01
    8.0398255959e-03   -7.8089668274e+01
    8.0493697897e-03   -7.8108474731e+01
    8.0596804619e-03   -7.8127960205e+01
    8.0693205819e-03   -7.8145423889e+01
    8.0799246207e-03   -7.8163833618e+01
    8.0899158493e-03   -7.8180465698e+01
    8.0994600430e-03   -7.8195762634e+01
    8.1097539514e-03   -7.8211616516e+01
    8.1199789420e-03   -7.8226745605e+01
    8.1297252327e-03   -7.8240585327e+01
    8.1393653527e-03   -7.8253761292e+01
    8.1499693915e-03   -7.8267761230e+01
    8.1596095115e-03   -7.8280143738e+01
    8.1694843248e-03   -7.8292587280e+01
    8.1797093153e-03   -7.8305252075e+01
    8.1899352372e-03   -7.8317741394e+01
    8.1995641813e-03   -7.8329368591e+01
    8.2092043012e-03   -7.8340881348e+01
    8.2198083401e-03   -7.8353424072e+01
    8.2294484600e-03   -7.8364761353e+01
    8.2390885800e-03   -7.8376091003e+01
    8.2496926188e-03   -7.8388641357e+01
    8.2595190033e-03   -7.8400398254e+01
    8.2697449252e-03   -7.8412796021e+01
    8.2799699157e-03   -7.8425407410e+01
    8.2895141095e-03   -7.8437393188e+01
    8.2997391000e-03   -7.8450531006e+01
    8.3093205467e-03   -7.8463172913e+01
    8.3195455372e-03   -7.8477142334e+01
    8.3297714591e-03   -7.8491683960e+01
    8.3399964496e-03   -7.8506889343e+01
    8.3495406434e-03   -7.8521766663e+01
    8.3597656339e-03   -7.8538475037e+01
    8.3699915558e-03   -7.8556022644e+01
    8.3795348182e-03   -7.8573120117e+01
    8.3897607401e-03   -7.8592193604e+01
    8.3999857306e-03   -7.8612007141e+01
    8.4095299244e-03   -7.8631103516e+01
    8.4197549149e-03   -7.8652130127e+01
    8.4299808368e-03   -7.8673645020e+01
    8.4395240992e-03   -7.8694038391e+01
    8.4497500211e-03   -7.8716072083e+01
    8.4597300738e-03   -7.8737594604e+01
    8.4693701938e-03   -7.8758247375e+01
    8.4799742326e-03   -7.8780654907e+01
    8.4898490459e-03   -7.8801094055e+01
    8.4990793839e-03   -7.8819747925e+01
    8.5096834227e-03   -7.8840583801e+01
    8.5193235427e-03   -7.8858970642e+01
    8.5299275815e-03   -7.8878601074e+01
    8.5396841168e-03   -7.8896163940e+01
    8.5494313389e-03   -7.8913299561e+01
    8.5590714589e-03   -7.8929946899e+01
    8.5696270689e-03   -7.8947929382e+01
    8.5798520595e-03   -7.8965209961e+01
    8.5899988189e-03   -7.8982276917e+01
    8.5995309055e-03   -7.8998291016e+01
    8.6095705628e-03   -7.9015182495e+01
    8.6197955534e-03   -7.9032424927e+01
    8.6293397471e-03   -7.9048583984e+01
    8.6394855753e-03   -7.9065818787e+01
    8.6494432762e-03   -7.9082778931e+01
    8.6590833962e-03   -7.9099189758e+01
    8.6694741622e-03   -7.9116828918e+01
    8.6792288348e-03   -7.9133293152e+01
    8.6897769943e-03   -7.9150917053e+01
    8.6994171143e-03   -7.9166816711e+01
    8.7090572342e-03   -7.9182464600e+01
    8.7196612731e-03   -7.9199317932e+01
    8.7293703109e-03   -7.9214393616e+01
    8.7395953014e-03   -7.9229904175e+01
    8.7498212233e-03   -7.9245048523e+01
    8.7598012760e-03   -7.9259490967e+01
    8.7694413960e-03   -7.9273162842e+01
    8.7790815160e-03   -7.9286567688e+01
    8.7896855548e-03   -7.9301078796e+01
    8.7993256748e-03   -7.9314086914e+01
    8.8097164407e-03   -7.9328010559e+01
    8.8199423626e-03   -7.9341659546e+01
    8.8294856250e-03   -7.9354423523e+01
    8.8397115469e-03   -7.9368186951e+01
    8.8493227959e-03   -7.9381248474e+01
    8.8595664129e-03   -7.9395332336e+01
    8.8694300503e-03   -7.9409080505e+01
    8.8790701702e-03   -7.9422698975e+01
    8.8896742091e-03   -7.9437858582e+01
    8.8993143290e-03   -7.9451797485e+01
    8.9099183679e-03   -7.9467285156e+01
    8.9195584878e-03   -7.9481498718e+01
    8.9298319072e-03   -7.9496772766e+01
    8.9393751696e-03   -7.9511077881e+01
    8.9499689639e-03   -7.9527084351e+01
    8.9596090838e-03   -7.9541793823e+01
    8.9692492038e-03   -7.9556640625e+01
    8.9798532426e-03   -7.9573165894e+01
    8.9894933626e-03   -7.9588378906e+01
    8.9991334826e-03   -7.9603775024e+01
    9.0095242485e-03   -7.9620574951e+01
    9.0191541240e-03   -7.9636322021e+01
    9.0297581628e-03   -7.9653808594e+01
    9.0398658067e-03   -7.9670585632e+01
    9.0494100004e-03   -7.9686485291e+01
    9.0596349910e-03   -7.9703544617e+01
    9.0698609129e-03   -7.9720603943e+01
    9.0794041753e-03   -7.9736503601e+01
    9.0896980837e-03   -7.9753623962e+01
    9.0993279591e-03   -7.9769607544e+01
    9.1098835692e-03   -7.9787071228e+01
    9.1194957495e-03   -7.9802925110e+01
    9.1295018792e-03   -7.9819389343e+01
    9.1391419992e-03   -7.9835205078e+01
    9.1494163498e-03   -7.9851997375e+01
    9.1596413404e-03   -7.9868637085e+01
    9.1698672622e-03   -7.9885208130e+01
    9.1794105247e-03   -7.9900604248e+01
    9.1893225908e-03   -7.9916534424e+01
    9.1999843717e-03   -7.9933586121e+01
    9.2096934095e-03   -7.9949043274e+01
    9.2199193314e-03   -7.9965232849e+01
    9.2294625938e-03   -7.9980255127e+01
    9.2396885157e-03   -7.9996246338e+01
    9.2499135062e-03   -8.0012123108e+01
    9.2594577000e-03   -8.0026832581e+01
    9.2696826905e-03   -8.0042472839e+01
    9.2795947567e-03   -8.0057479858e+01
    9.2894099653e-03   -8.0072174072e+01
    9.2999171466e-03   -8.0087722778e+01
    9.3094613403e-03   -8.0101669312e+01
    9.3196863309e-03   -8.0116424561e+01
    9.3299122527e-03   -8.0130996704e+01
    9.3392105773e-03   -8.0144065857e+01
    9.3498146161e-03   -8.0158729553e+01
    9.3594547361e-03   -8.0171798706e+01
    9.3690948561e-03   -8.0184608459e+01
    9.3796988949e-03   -8.0198356628e+01
    9.3893390149e-03   -8.0210548401e+01
    9.3998471275e-03   -8.0223495483e+01
    9.4093913212e-03   -8.0234970093e+01
    9.4196163118e-03   -8.0246994019e+01
    9.4298422337e-03   -8.0258773804e+01
    9.4393854961e-03   -8.0269592285e+01
    9.4496114179e-03   -8.0281036377e+01
    9.4598364085e-03   -8.0292350769e+01
    9.4693806022e-03   -8.0302818298e+01
    9.4796055928e-03   -8.0313957214e+01
    9.4898305833e-03   -8.0325035095e+01
    9.4993747771e-03   -8.0335289001e+01
    9.5095997676e-03   -8.0346168518e+01
    9.5198256895e-03   -8.0356910706e+01
    9.5291249454e-03   -8.0366508484e+01
    9.5397289842e-03   -8.0377212524e+01
    9.5499539748e-03   -8.0387245178e+01
    9.5594981685e-03   -8.0396316528e+01
    9.5697231591e-03   -8.0405654907e+01
    9.5799490809e-03   -8.0414581299e+01
    9.5894923434e-03   -8.0422523499e+01
    9.5997182652e-03   -8.0430625916e+01
    9.6099432558e-03   -8.0438316345e+01
    9.6194874495e-03   -8.0445159912e+01
    9.6297124401e-03   -8.0452140808e+01
    9.6399383619e-03   -8.0458801270e+01
    9.6498494968e-03   -8.0464981079e+01
    9.6593163908e-03   -8.0470634460e+01
    9.6694249660e-03   -8.0476432800e+01
    9.6796881407e-03   -8.0482078552e+01
    9.6893282607e-03   -8.0487167358e+01
    9.6996016800e-03   -8.0492378235e+01
    9.7093572840e-03   -8.0497116089e+01
    9.7194565460e-03   -8.0501808167e+01
    9.7292121500e-03   -8.0506118774e+01
    9.7394771874e-03   -8.0510414124e+01
    9.7497021779e-03   -8.0514480591e+01
    9.7599085420e-03   -8.0518356323e+01
    9.7694825381e-03   -8.0521865845e+01
    9.7797075287e-03   -8.0525505066e+01
    9.7899334505e-03   -8.0529037476e+01
    9.7994767129e-03   -8.0532249451e+01
    9.8094576970e-03   -8.0535545349e+01
    9.8196826875e-03   -8.0538864136e+01
    9.8299086094e-03   -8.0542137146e+01
    9.8394518718e-03   -8.0545188904e+01
    9.8496777937e-03   -8.0548461914e+01
    9.8597062752e-03   -8.0551704407e+01
    9.8699321970e-03   -8.0555038452e+01
    9.8794754595e-03   -8.0558158875e+01
    9.8897013813e-03   -8.0561485291e+01
    9.8999263719e-03   -8.0564788818e+01
    9.9094705656e-03   -8.0567832947e+01
    9.9196955562e-03   -8.0571022034e+01
    9.9299214780e-03   -8.0574111938e+01
    9.9394647405e-03   -8.0576881409e+01
    9.9496906623e-03   -8.0579666138e+01
    9.9599156529e-03   -8.0582229614e+01
    9.9694598466e-03   -8.0584381104e+01
    9.9797220901e-03   -8.0586387634e+01
    9.9893622100e-03   -8.0587959290e+01
    9.9998014048e-03   -8.0589302063e+01
    1.0009557009e-02   -8.0590209961e+01
    1.0019781999e-02   -8.0590789795e+01
    1.0029326193e-02   -8.0590980530e+01
    1.0039551184e-02   -8.0590782166e+01
    1.0049776174e-02   -8.0590156555e+01
    1.0059805587e-02   -8.0589126587e+01
    1.0069631971e-02   -8.0587699890e+01
    1.0079856962e-02   -8.0585800171e+01
    1.0089203715e-02   -8.0583709717e+01
    1.0099478066e-02   -8.0581039429e+01
    1.0109703057e-02   -8.0578033447e+01
    1.0119458660e-02   -8.0574859619e+01
    1.0129683651e-02   -8.0571273804e+01
    1.0139829479e-02   -8.0567489624e+01
    1.0149373673e-02   -8.0563735962e+01
    1.0159598663e-02   -8.0559478760e+01
    1.0169824585e-02   -8.0554985046e+01
    1.0179367848e-02   -8.0550605774e+01
    1.0189593770e-02   -8.0545738220e+01
    1.0199818760e-02   -8.0540695190e+01
    1.0209362954e-02   -8.0535835266e+01
    1.0219587944e-02   -8.0530456543e+01
    1.0229782201e-02   -8.0524925232e+01
    1.0239422321e-02   -8.0519531250e+01
    1.0249530897e-02   -8.0513687134e+01
    1.0259755887e-02   -8.0507560730e+01
    1.0269981809e-02   -8.0501213074e+01
    1.0279525071e-02   -8.0495101929e+01
    1.0289750993e-02   -8.0488349915e+01
    1.0299975984e-02   -8.0481414795e+01
    1.0309520178e-02   -8.0474769592e+01
    1.0319745168e-02   -8.0467475891e+01
    1.0329971090e-02   -8.0459983826e+01
    1.0339514352e-02   -8.0452819824e+01
    1.0349740274e-02   -8.0444923401e+01
    1.0359965265e-02   -8.0436805725e+01
    1.0369509459e-02   -8.0429008484e+01
    1.0379937477e-02   -8.0420242310e+01
    1.0389364325e-02   -8.0412094116e+01
    1.0399589315e-02   -8.0403007507e+01
    1.0409815237e-02   -8.0393669128e+01
    1.0419358499e-02   -8.0384727478e+01
    1.0429584421e-02   -8.0374893188e+01
    1.0439809412e-02   -8.0364799500e+01
    1.0449353606e-02   -8.0355148315e+01
    1.0459790006e-02   -8.0344322205e+01
    1.0469334200e-02   -8.0334182739e+01
    1.0479559191e-02   -8.0323074341e+01
    1.0489785112e-02   -8.0311714172e+01
    1.0499328375e-02   -8.0300910950e+01
    1.0509554297e-02   -8.0289138794e+01
    1.0519779287e-02   -8.0277175903e+01
    1.0529323481e-02   -8.0265853882e+01
    1.0539548472e-02   -8.0253555298e+01
    1.0549774393e-02   -8.0241104126e+01
    1.0559999384e-02   -8.0228507996e+01
    1.0569543578e-02   -8.0216644287e+01
    1.0579768568e-02   -8.0203826904e+01
    1.0589994490e-02   -8.0190895081e+01
    1.0599537753e-02   -8.0178726196e+01
    1.0609763674e-02   -8.0165603638e+01
    1.0619988665e-02   -8.0152397156e+01
    1.0629532859e-02   -8.0140029907e+01
    1.0639757849e-02   -8.0126731873e+01
    1.0649983771e-02   -8.0113403320e+01
    1.0659527034e-02   -8.0100929260e+01
    1.0669752955e-02   -8.0087539673e+01
    1.0679977946e-02   -8.0074111938e+01
    1.0689522140e-02   -8.0061531067e+01
    1.0699747130e-02   -8.0048011780e+01
    1.0709972121e-02   -8.0034439087e+01
    1.0719516315e-02   -8.0021751404e+01
    1.0729741305e-02   -8.0008132935e+01
    1.0739967227e-02   -7.9994499207e+01
    1.0749510489e-02   -7.9981773376e+01
    1.0759736411e-02   -7.9968124390e+01
    1.0769961402e-02   -7.9954467773e+01
    1.0779505596e-02   -7.9941719055e+01
    1.0789730586e-02   -7.9928070068e+01
    1.0799956508e-02   -7.9914421082e+01
    1.0809499770e-02   -7.9901710510e+01
    1.0819725692e-02   -7.9888122559e+01
    1.0829950683e-02   -7.9874580383e+01
    1.0839494877e-02   -7.9861991882e+01
    1.0849719867e-02   -7.9848564148e+01
    1.0859945789e-02   -7.9835197449e+01
    1.0869489051e-02   -7.9822799683e+01
    1.0879714973e-02   -7.9809593201e+01
    1.0889939964e-02   -7.9796478271e+01
    1.0899484158e-02   -7.9784317017e+01
    1.0909709148e-02   -7.9771362305e+01
    1.0919935070e-02   -7.9758499146e+01
    1.0929478332e-02   -7.9746574402e+01
    1.0939704254e-02   -7.9733886719e+01
    1.0949929245e-02   -7.9721305847e+01
    1.0959473439e-02   -7.9709655762e+01
    1.0969698429e-02   -7.9697265625e+01
    1.0979924351e-02   -7.9684974670e+01
    1.0989467613e-02   -7.9673583984e+01
    1.0999693535e-02   -7.9661476135e+01
    1.1009918526e-02   -7.9649444580e+01
    1.1019462720e-02   -7.9638275146e+01
    1.1029687710e-02   -7.9626365662e+01
    1.1039913632e-02   -7.9614471436e+01
    1.1049456894e-02   -7.9603378296e+01
    1.1059682816e-02   -7.9591461182e+01
    1.1069907807e-02   -7.9579490662e+01
    1.1079452001e-02   -7.9568267822e+01
    1.1089676991e-02   -7.9556152344e+01
    1.1099902913e-02   -7.9543930054e+01
    1.1109446175e-02   -7.9532402039e+01
    1.1119672097e-02   -7.9519920349e+01
    1.1129897088e-02   -7.9507308960e+01
    1.1139441282e-02   -7.9495414734e+01
    1.1149666272e-02   -7.9482551575e+01
    1.1159892194e-02   -7.9469581604e+01
    1.1169435456e-02   -7.9457366943e+01
    1.1179661378e-02   -7.9444168091e+01
    1.1189886369e-02   -7.9430854797e+01
    1.1199430563e-02   -7.9418334961e+01
    1.1209655553e-02   -7.9404823303e+01
    1.1219567619e-02   -7.9391639709e+01
    1.1229394004e-02   -7.9378479004e+01
    1.1239618994e-02   -7.9364692688e+01
    1.1249844916e-02   -7.9350799561e+01
    1.1259388179e-02   -7.9337715149e+01
    1.1269614100e-02   -7.9323570251e+01
    1.1279839091e-02   -7.9309288025e+01
    1.1289383285e-02   -7.9295837402e+01
    1.1299608275e-02   -7.9281288147e+01
    1.1309833266e-02   -7.9266609192e+01
    1.1319377460e-02   -7.9252777100e+01
    1.1329571716e-02   -7.9237869263e+01
    1.1339211836e-02   -7.9223632812e+01
    1.1349815875e-02   -7.9207824707e+01
    1.1359455995e-02   -7.9193321228e+01
    1.1369096115e-02   -7.9178680420e+01
    1.1379700154e-02   -7.9162399292e+01
    1.1389340274e-02   -7.9147422791e+01
    1.1399944313e-02   -7.9130722046e+01
    1.1409418657e-02   -7.9115592957e+01
    1.1419644579e-02   -7.9099021912e+01
    1.1429869570e-02   -7.9082199097e+01
    1.1439413764e-02   -7.9066268921e+01
    1.1449638754e-02   -7.9048950195e+01
    1.1459864676e-02   -7.9031387329e+01
    1.1469407938e-02   -7.9014770508e+01
    1.1479633860e-02   -7.8996734619e+01
    1.1489858851e-02   -7.8978462219e+01
    1.1499403045e-02   -7.8961196899e+01
    1.1509628035e-02   -7.8942497253e+01
    1.1519853957e-02   -7.8923591614e+01
    1.1529397219e-02   -7.8905784607e+01
    1.1539623141e-02   -7.8886528015e+01
    1.1549848132e-02   -7.8867088318e+01
    1.1559392326e-02   -7.8848777771e+01
    1.1569617316e-02   -7.8828971863e+01
    1.1579843238e-02   -7.8808990479e+01
    1.1589386500e-02   -7.8790168762e+01
    1.1599612422e-02   -7.8769828796e+01
    1.1609837413e-02   -7.8749298096e+01
    1.1619381607e-02   -7.8729949951e+01
    1.1629606597e-02   -7.8709007263e+01
    1.1639832519e-02   -7.8687835693e+01
    1.1649375781e-02   -7.8667861938e+01
    1.1659601703e-02   -7.8646240234e+01
    1.1669465341e-02   -7.8625183105e+01
    1.1679105461e-02   -7.8604423523e+01
    1.1689496227e-02   -7.8581863403e+01
    1.1699721217e-02   -7.8559509277e+01
    1.1709947139e-02   -7.8537017822e+01
    1.1719490401e-02   -7.8515930176e+01
    1.1729716323e-02   -7.8493247986e+01
    1.1739941314e-02   -7.8470504761e+01
    1.1749485508e-02   -7.8449241638e+01
    1.1759710498e-02   -7.8426429749e+01
    1.1769936420e-02   -7.8403610229e+01
    1.1779479682e-02   -7.8382308960e+01
    1.1789705604e-02   -7.8359497070e+01
    1.1799930595e-02   -7.8336700439e+01
    1.1809474789e-02   -7.8315437317e+01
    1.1819699779e-02   -7.8292671204e+01
    1.1829925701e-02   -7.8269927979e+01
    1.1839468963e-02   -7.8248733521e+01
    1.1849694885e-02   -7.8226043701e+01
    1.1859919876e-02   -7.8203399658e+01
    1.1869464070e-02   -7.8182289124e+01
    1.1879689060e-02   -7.8159721375e+01
    1.1889914051e-02   -7.8137191772e+01
    1.1899458244e-02   -7.8116203308e+01
    1.1909683235e-02   -7.8093757629e+01
    1.1919909157e-02   -7.8071350098e+01
    1.1929452419e-02   -7.8050476074e+01
    1.1939678341e-02   -7.8028129578e+01
    1.1949903332e-02   -7.8005798340e+01
    1.1959447525e-02   -7.7984970093e+01
    1.1969672516e-02   -7.7962646484e+01
    1.1979898438e-02   -7.7940322876e+01
    1.1989441700e-02   -7.7919471741e+01
    1.1999667622e-02   -7.7897109985e+01
    1.2009892613e-02   -7.7874732971e+01
    1.2019436806e-02   -7.7853843689e+01
    1.2029661797e-02   -7.7831466675e+01
    1.2039887719e-02   -7.7809104919e+01
    1.2049430981e-02   -7.7788276672e+01
    1.2059656903e-02   -7.7766029358e+01
    1.2069637887e-02   -7.7744384766e+01
    1.2079745531e-02   -7.7722564697e+01
    1.2089971453e-02   -7.7700599670e+01
    1.2099514715e-02   -7.7680198669e+01
    1.2109740637e-02   -7.7658447266e+01
    1.2119965628e-02   -7.7636810303e+01
    1.2129509822e-02   -7.7616714478e+01
    1.2139734812e-02   -7.7595283508e+01
    1.2149960734e-02   -7.7573959351e+01
    1.2159503996e-02   -7.7554138184e+01
    1.2169729918e-02   -7.7532974243e+01
    1.2179954909e-02   -7.7511878967e+01
    1.2189499103e-02   -7.7492240906e+01
    1.2199724093e-02   -7.7471260071e+01
    1.2209950015e-02   -7.7450317383e+01
    1.2219493277e-02   -7.7430809021e+01
    1.2229719199e-02   -7.7409942627e+01
    1.2239944190e-02   -7.7389099121e+01
    1.2249488384e-02   -7.7369651794e+01
    1.2259713374e-02   -7.7348838806e+01
    1.2269939296e-02   -7.7328018188e+01
    1.2279482558e-02   -7.7308586121e+01
    1.2289708480e-02   -7.7287757874e+01
    1.2299933471e-02   -7.7266914368e+01
    1.2309477665e-02   -7.7247436523e+01
    1.2319956906e-02   -7.7226028442e+01
    1.2329689227e-02   -7.7206100464e+01
    1.2339618988e-02   -7.7185729980e+01
    1.2349843979e-02   -7.7164688110e+01
    1.2359388173e-02   -7.7144996643e+01
    1.2369613163e-02   -7.7123825073e+01
    1.2379839085e-02   -7.7102577209e+01
    1.2389382347e-02   -7.7082672119e+01
    1.2399608269e-02   -7.7061271667e+01
    1.2409833260e-02   -7.7039794922e+01
    1.2419377454e-02   -7.7019683838e+01
    1.2429602444e-02   -7.6998085022e+01
    1.2439828366e-02   -7.6976448059e+01
    1.2449371628e-02   -7.6956214905e+01
    1.2459597550e-02   -7.6934524536e+01
    1.2469822541e-02   -7.6912826538e+01
    1.2479366735e-02   -7.6892562866e+01
    1.2489591725e-02   -7.6870857239e+01
    1.2499817647e-02   -7.6849151611e+01
    1.2509360909e-02   -7.6828880310e+01
    1.2519586831e-02   -7.6807159424e+01
    1.2529811822e-02   -7.6785415649e+01
    1.2539356016e-02   -7.6765106201e+01
    1.2549581006e-02   -7.6743316650e+01
    1.2559806928e-02   -7.6721504211e+01
    1.2569350190e-02   -7.6701110840e+01
    1.2579576112e-02   -7.6679229736e+01
    1.2589801103e-02   -7.6657310486e+01
    1.2599345297e-02   -7.6636817932e+01
    1.2609570287e-02   -7.6614822388e+01
    1.2619796209e-02   -7.6592788696e+01
    1.2629339471e-02   -7.6572181702e+01
    1.2639565393e-02   -7.6550064087e+01
    1.2649790384e-02   -7.6527900696e+01
    1.2659334578e-02   -7.6507186890e+01
    1.2669559568e-02   -7.6484970093e+01
    1.2679785490e-02   -7.6462738037e+01
    1.2689328752e-02   -7.6441970825e+01
    1.2699554674e-02   -7.6419700623e+01
    1.2709583156e-02   -7.6397842407e+01
    1.2719223276e-02   -7.6376815796e+01
    1.2729502283e-02   -7.6354354858e+01
    1.2739595026e-02   -7.6332260132e+01
    1.2749686837e-02   -7.6310104370e+01
    1.2759779580e-02   -7.6287895203e+01
    1.2769872323e-02   -7.6265602112e+01
    1.2779678218e-02   -7.6243858337e+01
    1.2789903209e-02   -7.6221092224e+01
    1.2799447402e-02   -7.6199752808e+01
    1.2809358537e-02   -7.6177505493e+01
    1.2819962576e-02   -7.6153602600e+01
    1.2829602696e-02   -7.6131805420e+01
    1.2839360163e-02   -7.6109672546e+01
    1.2849586084e-02   -7.6086425781e+01
    1.2859879062e-02   -7.6062980652e+01
    1.2869607657e-02   -7.6040794373e+01
    1.2879832648e-02   -7.6017456055e+01
    1.2889376841e-02   -7.5995658875e+01
    1.2899601832e-02   -7.5972290039e+01
    1.2909827754e-02   -7.5948898315e+01
    1.2919691391e-02   -7.5926330566e+01
    1.2929331511e-02   -7.5904258728e+01
    1.2939795852e-02   -7.5880279541e+01
    1.2949862517e-02   -7.5857192993e+01
    1.2959406711e-02   -7.5835289001e+01
    1.2969631702e-02   -7.5811798096e+01
    1.2979378924e-02   -7.5789390564e+01
    1.2989982963e-02   -7.5764991760e+01
    1.2999623083e-02   -7.5742797852e+01
    1.3009614311e-02   -7.5719787598e+01
    1.3019839302e-02   -7.5696228027e+01
    1.3029769063e-02   -7.5673347473e+01
    1.3039501384e-02   -7.5650924683e+01
    1.3049881905e-02   -7.5627014160e+01
    1.3059148565e-02   -7.5605667114e+01
    1.3069241308e-02   -7.5582412720e+01
    1.3079334050e-02   -7.5559150696e+01
    1.3089372776e-02   -7.5535987854e+01
    1.3099598698e-02   -7.5512367249e+01
    1.3109823689e-02   -7.5488700867e+01
    1.3119367883e-02   -7.5466552734e+01
    1.3129804283e-02   -7.5442253113e+01
    1.3139456511e-02   -7.5419700623e+01
    1.3149682432e-02   -7.5395698547e+01
    1.3159907423e-02   -7.5371589661e+01
    1.3169451617e-02   -7.5348968506e+01
    1.3179903850e-02   -7.5324073792e+01
    1.3189996593e-02   -7.5299911499e+01
    1.3199171983e-02   -7.5277832031e+01
    1.3209593482e-02   -7.5252647400e+01
    1.3219275512e-02   -7.5229148865e+01
    1.3229966164e-02   -7.5203102112e+01
    1.3239141554e-02   -7.5180671692e+01
    1.3249603100e-02   -7.5155021667e+01
    1.3259828091e-02   -7.5129890442e+01
    1.3269372284e-02   -7.5106376648e+01
    1.3279597275e-02   -7.5081130981e+01
    1.3289823197e-02   -7.5055847168e+01
    1.3299366459e-02   -7.5032196045e+01
    1.3309592381e-02   -7.5006828308e+01
    1.3319817372e-02   -7.4981414795e+01
    1.3328865170e-02   -7.4958908081e+01
    1.3339814730e-02   -7.4931640625e+01
    1.3349547051e-02   -7.4907386780e+01
    1.3359279372e-02   -7.4883117676e+01
    1.3369011693e-02   -7.4858840942e+01
    1.3379960321e-02   -7.4831542969e+01
    1.3389692642e-02   -7.4807281494e+01
    1.3399424963e-02   -7.4783035278e+01
    1.3409156352e-02   -7.4758811951e+01
    1.3418888673e-02   -7.4734619141e+01
    1.3429836370e-02   -7.4707443237e+01
    1.3439567760e-02   -7.4683319092e+01
    1.3449660502e-02   -7.4658355713e+01
    1.3459753245e-02   -7.4633430481e+01
    1.3469192199e-02   -7.4610160828e+01
    1.3478922658e-02   -7.4586212158e+01
    1.3489870355e-02   -7.4559310913e+01
    1.3499601744e-02   -7.4535423279e+01
    1.3509333134e-02   -7.4511550903e+01
    1.3519063592e-02   -7.4487678528e+01
    1.3528794982e-02   -7.4463798523e+01
    1.3539741747e-02   -7.4436904907e+01
    1.3549473137e-02   -7.4412948608e+01
    1.3559203595e-02   -7.4388946533e+01
    1.3568934985e-02   -7.4364868164e+01
    1.3579881750e-02   -7.4337699890e+01
    1.3589613140e-02   -7.4313453674e+01
    1.3599343598e-02   -7.4289123535e+01
    1.3609074987e-02   -7.4264701843e+01
    1.3619834557e-02   -7.4237571716e+01
    1.3629378751e-02   -7.4213417053e+01
    1.3639603741e-02   -7.4187423706e+01
    1.3649829663e-02   -7.4161315918e+01
    1.3659372926e-02   -7.4136848450e+01
    1.3669598848e-02   -7.4110519409e+01
    1.3679823838e-02   -7.4084075928e+01
    1.3689368032e-02   -7.4059295654e+01
    1.3699593022e-02   -7.4032646179e+01
    1.3709818944e-02   -7.4005882263e+01
    1.3719362207e-02   -7.3980827332e+01
    1.3729588129e-02   -7.3953887939e+01
    1.3739813119e-02   -7.3926872253e+01
    1.3749357313e-02   -7.3901588440e+01
    1.3759582303e-02   -7.3874443054e+01
    1.3769378886e-02   -7.3848381042e+01
    1.3779471628e-02   -7.3821487427e+01
    1.3789361343e-02   -7.3795104980e+01
    1.3799741864e-02   -7.3767372131e+01
    1.3809474185e-02   -7.3741355896e+01
    1.3819855638e-02   -7.3713592529e+01
    1.3829587959e-02   -7.3687545776e+01
    1.3839968480e-02   -7.3659759521e+01
    1.3849700801e-02   -7.3633705139e+01
    1.3859433122e-02   -7.3607635498e+01
    1.3869814575e-02   -7.3579818726e+01
    1.3879546896e-02   -7.3553710938e+01
    1.3889927417e-02   -7.3525833130e+01
    1.3899659738e-02   -7.3499649048e+01
    1.3909316622e-02   -7.3473617554e+01
    1.3919409364e-02   -7.3446350098e+01
    1.3929502107e-02   -7.3418998718e+01
    1.3939593919e-02   -7.3391571045e+01
    1.3949686661e-02   -7.3364044189e+01
    1.3959779404e-02   -7.3336433411e+01
    1.3969714753e-02   -7.3309150696e+01
    1.3979447074e-02   -7.3282348633e+01
    1.3989828527e-02   -7.3253669739e+01
    1.3999762014e-02   -7.3226150513e+01
    1.4009800740e-02   -7.3198265076e+01
    1.4019892551e-02   -7.3170158386e+01
    1.4029985294e-02   -7.3141983032e+01
    1.4039160684e-02   -7.3116317749e+01
    1.4049253426e-02   -7.3088035583e+01
    1.4059346169e-02   -7.3059684753e+01
    1.4068805613e-02   -7.3033058167e+01
    1.4079756103e-02   -7.3002182007e+01
    1.4089489356e-02   -7.2974685669e+01
    1.4099222608e-02   -7.2947135925e+01
    1.4109874144e-02   -7.2916946411e+01
    1.4119966887e-02   -7.2888298035e+01
    1.4129141346e-02   -7.2862228394e+01
    1.4139234088e-02   -7.2833518982e+01
    1.4149326831e-02   -7.2804794312e+01
    1.4159419574e-02   -7.2776062012e+01
    1.4169512317e-02   -7.2747337341e+01
    1.4179605059e-02   -7.2718620300e+01
    1.4189697802e-02   -7.2689933777e+01
    1.4199790545e-02   -7.2661277771e+01
    1.4209882356e-02   -7.2632667542e+01
    1.4219337143e-02   -7.2605918884e+01
    1.4229941182e-02   -7.2575988770e+01
    1.4239581302e-02   -7.2548851013e+01
    1.4249221422e-02   -7.2521797180e+01
    1.4259825461e-02   -7.2492134094e+01
    1.4269465581e-02   -7.2465270996e+01
    1.4279105701e-02   -7.2438499451e+01
    1.4289337210e-02   -7.2410171509e+01
    1.4299429953e-02   -7.2382316589e+01
    1.4309522696e-02   -7.2354553223e+01
    1.4319615439e-02   -7.2326889038e+01
    1.4329708181e-02   -7.2299331665e+01
    1.4339940622e-02   -7.2271514893e+01
    1.4349580742e-02   -7.2245414734e+01
    1.4359220862e-02   -7.2219429016e+01
    1.4369824901e-02   -7.2190956116e+01
    1.4379465021e-02   -7.2165176392e+01
    1.4389105141e-02   -7.2139495850e+01
    1.4399548993e-02   -7.2111763000e+01
    1.4409992844e-02   -7.2084129333e+01
    1.4419632964e-02   -7.2058708191e+01
    1.4429273084e-02   -7.2033370972e+01
    1.4439737424e-02   -7.2005935669e+01
    1.4449830167e-02   -7.1979537964e+01
    1.4459922910e-02   -7.1953186035e+01
    1.4469098300e-02   -7.1929252625e+01
    1.4479190111e-02   -7.1902923584e+01
    1.4489282854e-02   -7.1876586914e+01
    1.4499375597e-02   -7.1850227356e+01
    1.4509514906e-02   -7.1823707581e+01
    1.4519155025e-02   -7.1798454285e+01
    1.4529247768e-02   -7.1771965027e+01
    1.4539387077e-02   -7.1745307922e+01
    1.4549758285e-02   -7.1717994690e+01
    1.4559851028e-02   -7.1691352844e+01
    1.4569943771e-02   -7.1664672852e+01
    1.4579119161e-02   -7.1640373230e+01
    1.4589258470e-02   -7.1613487244e+01
    1.4599862508e-02   -7.1585327148e+01
    1.4609502628e-02   -7.1559707642e+01
    1.4619142748e-02   -7.1534065247e+01
    1.4629746787e-02   -7.1505851746e+01
    1.4639386907e-02   -7.1480201721e+01
    1.4649990946e-02   -7.1451995850e+01
    1.4659631066e-02   -7.1426368713e+01
    1.4669271186e-02   -7.1400772095e+01
    1.4679875225e-02   -7.1372650146e+01
    1.4689515345e-02   -7.1347137451e+01
    1.4699155465e-02   -7.1321670532e+01
    1.4709599316e-02   -7.1294151306e+01
    1.4719239436e-02   -7.1268821716e+01
    1.4729956165e-02   -7.1240760803e+01
    1.4739131555e-02   -7.1216812134e+01
    1.4749456197e-02   -7.1189971924e+01
    1.4759900048e-02   -7.1162933350e+01
    1.4769632369e-02   -7.1137847900e+01
    1.4779571444e-02   -7.1112335205e+01
    1.4789118432e-02   -7.1087921143e+01
    1.4799211174e-02   -7.1062217712e+01
    1.4809490182e-02   -7.1036148071e+01
    1.4819130301e-02   -7.1011787415e+01
    1.4829734340e-02   -7.0985107422e+01
    1.4839925803e-02   -7.0959571838e+01
    1.4849400148e-02   -7.0935943604e+01
    1.4859491959e-02   -7.0910873413e+01
    1.4869869687e-02   -7.0885208130e+01
    1.4879096299e-02   -7.0862480164e+01
    1.4889700338e-02   -7.0836471558e+01
    1.4899340458e-02   -7.0812919617e+01
    1.4909077436e-02   -7.0789230347e+01
    1.4919651672e-02   -7.0763610840e+01
    1.4929383993e-02   -7.0740127563e+01
    1.4939764515e-02   -7.0715194702e+01
    1.4949496835e-02   -7.0691932678e+01
    1.4959959313e-02   -7.0667030334e+01
    1.4969134703e-02   -7.0645294189e+01
    1.4979227446e-02   -7.0621475220e+01
    1.4989504591e-02   -7.0597320557e+01
    1.4999729581e-02   -7.0573379517e+01
    1.5009955503e-02   -7.0549537659e+01
    1.5019498765e-02   -7.0527366638e+01
    1.5029724687e-02   -7.0503707886e+01
    1.5039918944e-02   -7.0480216980e+01
    1.5049559064e-02   -7.0458091736e+01
    1.5059199184e-02   -7.0436065674e+01
    1.5069803223e-02   -7.0411941528e+01
    1.5079443343e-02   -7.0390113831e+01
    1.5089887194e-02   -7.0366561890e+01
    1.5099527314e-02   -7.0344902039e+01
    1.5109518543e-02   -7.0322532654e+01
    1.5119743533e-02   -7.0299713135e+01
    1.5129969455e-02   -7.0276939392e+01
    1.5139512718e-02   -7.0255729675e+01
    1.5149738640e-02   -7.0233039856e+01
    1.5159963630e-02   -7.0210365295e+01
    1.5169507824e-02   -7.0189208984e+01
    1.5179262497e-02   -7.0167579651e+01
    1.5189809725e-02   -7.0144187927e+01
    1.5199449845e-02   -7.0122795105e+01
    1.5209089965e-02   -7.0101379395e+01
    1.5219694003e-02   -7.0077796936e+01
    1.5229334123e-02   -7.0056335449e+01
    1.5239938162e-02   -7.0032691956e+01
    1.5249578282e-02   -7.0011169434e+01
    1.5259218402e-02   -6.9989608765e+01
    1.5269822441e-02   -6.9965850830e+01
    1.5279462561e-02   -6.9944221497e+01
    1.5289337374e-02   -6.9922019958e+01
    1.5299562365e-02   -6.9898979187e+01
    1.5309788287e-02   -6.9875892639e+01
    1.5319768339e-02   -6.9853302002e+01
    1.5329408459e-02   -6.9831443787e+01
    1.5339048579e-02   -6.9809539795e+01
    1.5349652618e-02   -6.9785385132e+01
    1.5359292738e-02   -6.9763381958e+01
    1.5369896777e-02   -6.9739112854e+01
    1.5379536897e-02   -6.9716995239e+01
    1.5389177017e-02   -6.9694824219e+01
    1.5399781056e-02   -6.9670364380e+01
    1.5409421176e-02   -6.9648071289e+01
    1.5419061296e-02   -6.9625709534e+01
    1.5429665335e-02   -6.9601051331e+01
    1.5439305454e-02   -6.9578575134e+01
    1.5449909493e-02   -6.9553794861e+01
    1.5459549613e-02   -6.9531204224e+01
    1.5469189733e-02   -6.9508575439e+01
    1.5479793772e-02   -6.9483619690e+01
    1.5489433892e-02   -6.9460884094e+01
    1.5499074012e-02   -6.9438102722e+01
    1.5509678051e-02   -6.9412986755e+01
    1.5519318171e-02   -6.9390106201e+01
    1.5529922210e-02   -6.9364875793e+01
    1.5539562330e-02   -6.9341888428e+01
    1.5549202450e-02   -6.9318847656e+01
    1.5559806488e-02   -6.9293457031e+01
    1.5569446608e-02   -6.9270324707e+01
    1.5579086728e-02   -6.9247146606e+01
    1.5589690767e-02   -6.9221603394e+01
    1.5599330887e-02   -6.9198341370e+01
    1.5609934926e-02   -6.9172721863e+01
    1.5619575046e-02   -6.9149391174e+01
    1.5629054978e-02   -6.9126426697e+01
    1.5638787299e-02   -6.9102828979e+01
    1.5649734065e-02   -6.9076248169e+01
    1.5659466386e-02   -6.9052604675e+01
    1.5669196844e-02   -6.9028923035e+01
    1.5678929165e-02   -6.9005218506e+01
    1.5689877793e-02   -6.8978515625e+01
    1.5699356794e-02   -6.8955352783e+01
    1.5709960833e-02   -6.8929405212e+01
    1.5719600022e-02   -6.8905761719e+01
    1.5729241073e-02   -6.8882080078e+01
    1.5739845112e-02   -6.8855972290e+01
    1.5749484301e-02   -6.8832183838e+01
    1.5759125352e-02   -6.8808334351e+01
    1.5769109130e-02   -6.8783576965e+01
    1.5778839588e-02   -6.8759384155e+01
    1.5789788216e-02   -6.8732093811e+01
    1.5799518675e-02   -6.8707748413e+01
    1.5809250996e-02   -6.8683326721e+01
    1.5818981454e-02   -6.8658821106e+01
    1.5829928219e-02   -6.8631141663e+01
    1.5839660540e-02   -6.8606437683e+01
    1.5849390998e-02   -6.8581634521e+01
    1.5859121457e-02   -6.8556732178e+01
    1.5868853778e-02   -6.8531723022e+01
    1.5879800543e-02   -6.8503479004e+01
    1.5889737755e-02   -6.8477722168e+01
    1.5899378806e-02   -6.8452651978e+01
    1.5909982845e-02   -6.8424964905e+01
    1.5919622034e-02   -6.8399703979e+01
    1.5929263085e-02   -6.8374374390e+01
    1.5938999131e-02   -6.8348709106e+01
    1.5949897468e-02   -6.8319915771e+01
    1.5959627926e-02   -6.8294143677e+01
    1.5969358385e-02   -6.8268318176e+01
    1.5979088843e-02   -6.8242454529e+01
    1.5989797190e-02   -6.8213943481e+01
    1.5999339521e-02   -6.8188491821e+01
    1.6009565443e-02   -6.8161201477e+01
    1.6019195318e-02   -6.8135475159e+01
    1.6029799357e-02   -6.8107131958e+01
    1.6039438546e-02   -6.8081344604e+01
    1.6049079597e-02   -6.8055557251e+01
    1.6059683636e-02   -6.8027175903e+01
    1.6069322824e-02   -6.8001373291e+01
    1.6079926863e-02   -6.7972969055e+01
    1.6089567915e-02   -6.7947143555e+01
    1.6099207103e-02   -6.7921295166e+01
    1.6109811142e-02   -6.7892837524e+01
    1.6119452193e-02   -6.7866950989e+01
    1.6129091382e-02   -6.7841033936e+01
    1.6139695421e-02   -6.7812492371e+01
    1.6149681062e-02   -6.7785591125e+01
    1.6159413382e-02   -6.7759330750e+01
    1.6169145703e-02   -6.7733039856e+01
    1.6178876162e-02   -6.7706710815e+01
    1.6189824790e-02   -6.7677047729e+01
    1.6199557111e-02   -6.7650650024e+01
    1.6209289432e-02   -6.7624221802e+01
    1.6219021752e-02   -6.7597763062e+01
    1.6229970381e-02   -6.7567962646e+01
    1.6239702702e-02   -6.7541450500e+01
    1.6249435022e-02   -6.7514923096e+01
    1.6259167343e-02   -6.7488380432e+01
    1.6268899664e-02   -6.7461814880e+01
    1.6279801726e-02   -6.7432044983e+01
    1.6289442778e-02   -6.7405715942e+01
    1.6299881041e-02   -6.7377204895e+01
    1.6309425235e-02   -6.7351135254e+01
    1.6319649294e-02   -6.7323211670e+01
    1.6329875216e-02   -6.7295295715e+01
    1.6339419410e-02   -6.7269264221e+01
    1.6349645332e-02   -6.7241394043e+01
    1.6359869391e-02   -6.7213546753e+01
    1.6369413584e-02   -6.7187591553e+01
    1.6379289329e-02   -6.7160766602e+01
    1.6389021650e-02   -6.7134368896e+01
    1.6399970278e-02   -6.7104721069e+01
    1.6409702599e-02   -6.7078407288e+01
    1.6419433057e-02   -6.7052139282e+01
    1.6429165378e-02   -6.7025917053e+01
    1.6438897699e-02   -6.6999732971e+01
    1.6449844465e-02   -6.6970321655e+01
    1.6459871083e-02   -6.6943435669e+01
    1.6469415277e-02   -6.6917869568e+01
    1.6479639336e-02   -6.6890518188e+01
    1.6489865258e-02   -6.6863212585e+01
    1.6499409452e-02   -6.6837753296e+01
    1.6509635374e-02   -6.6810516357e+01
    1.6519859433e-02   -6.6783317566e+01
    1.6529403627e-02   -6.6757972717e+01
    1.6539629549e-02   -6.6730842590e+01
    1.6549259424e-02   -6.6705337524e+01
    1.6559863463e-02   -6.6677276611e+01
    1.6569502652e-02   -6.6651802063e+01
    1.6579993069e-02   -6.6624114990e+01
    1.6589425504e-02   -6.6599243164e+01
    1.6599066556e-02   -6.6573844910e+01
    1.6609670594e-02   -6.6545928955e+01
    1.6619309783e-02   -6.6520561218e+01
    1.6629913822e-02   -6.6492683411e+01
    1.6639554873e-02   -6.6467353821e+01
    1.6649780795e-02   -6.6440498352e+01
    1.6659323126e-02   -6.6415443420e+01
    1.6669549048e-02   -6.6388610840e+01
    1.6679774970e-02   -6.6361793518e+01
    1.6689319164e-02   -6.6336776733e+01
    1.6699543223e-02   -6.6309982300e+01
    1.6709525138e-02   -6.6283843994e+01
    1.6719250008e-02   -6.6258384705e+01
    1.6729343683e-02   -6.6231979370e+01
    1.6739668325e-02   -6.6204986572e+01
    1.6749309376e-02   -6.6179801941e+01
    1.6759401187e-02   -6.6153450012e+01
    1.6769494861e-02   -6.6127120972e+01
    1.6779586673e-02   -6.6100807190e+01
    1.6789678484e-02   -6.6074523926e+01
    1.6799772158e-02   -6.6048255920e+01
    1.6809863970e-02   -6.6022018433e+01
    1.6819957644e-02   -6.5995803833e+01
    1.6829133034e-02   -6.5972000122e+01
    1.6839224845e-02   -6.5945838928e+01
    1.6849318519e-02   -6.5919715881e+01
    1.6859410331e-02   -6.5893623352e+01
    1.6869502142e-02   -6.5867568970e+01
    1.6879595816e-02   -6.5841552734e+01
    1.6889687628e-02   -6.5815574646e+01
    1.6899781302e-02   -6.5789642334e+01
    1.6909873113e-02   -6.5763748169e+01
    1.6919966787e-02   -6.5737884521e+01
    1.6929142177e-02   -6.5714401245e+01
    1.6939233989e-02   -6.5688606262e+01
    1.6949325800e-02   -6.5662841797e+01
    1.6959419474e-02   -6.5637130737e+01
    1.6969511285e-02   -6.5611473083e+01
    1.6979604959e-02   -6.5585876465e+01
    1.6989696771e-02   -6.5560340881e+01
    1.6999477521e-02   -6.5535667419e+01
    1.7009701580e-02   -6.5509933472e+01
    1.7019927502e-02   -6.5484260559e+01
    1.7029471695e-02   -6.5460350037e+01
    1.7039697617e-02   -6.5434791565e+01
    1.7049921677e-02   -6.5409278870e+01
    1.7059465870e-02   -6.5385528564e+01
    1.7069445923e-02   -6.5360733032e+01
    1.7079539597e-02   -6.5335723877e+01
    1.7089631408e-02   -6.5310760498e+01
    1.7099725083e-02   -6.5285865784e+01
    1.7109816894e-02   -6.5261016846e+01
    1.7119910568e-02   -6.5236236572e+01
    1.7129085958e-02   -6.5213760376e+01
    1.7139177769e-02   -6.5189109802e+01
    1.7149271443e-02   -6.5164543152e+01
    1.7159743235e-02   -6.5139152527e+01
    1.7169475555e-02   -6.5115646362e+01
    1.7179856077e-02   -6.5090667725e+01
    1.7189893872e-02   -6.5066635132e+01
    1.7199985683e-02   -6.5042564392e+01
    1.7209161073e-02   -6.5020767212e+01
    1.7219252884e-02   -6.4996894836e+01
    1.7229346558e-02   -6.4973114014e+01
    1.7239438370e-02   -6.4949424744e+01
    1.7249532044e-02   -6.4925819397e+01
    1.7259623855e-02   -6.4902305603e+01
    1.7269717529e-02   -6.4878868103e+01
    1.7279809341e-02   -6.4855506897e+01
    1.7289903015e-02   -6.4832214355e+01
    1.7299994826e-02   -6.4808998108e+01
    1.7309170216e-02   -6.4787940979e+01
    1.7319262028e-02   -6.4764839172e+01
    1.7329355702e-02   -6.4741798401e+01
    1.7339447513e-02   -6.4718811035e+01
    1.7349541187e-02   -6.4695877075e+01
    1.7359632999e-02   -6.4672988892e+01
    1.7369726673e-02   -6.4650138855e+01
    1.7379818484e-02   -6.4627326965e+01
    1.7389910296e-02   -6.4604537964e+01
    1.7399085686e-02   -6.4583839417e+01
    1.7409123480e-02   -6.4561203003e+01
    1.7418855801e-02   -6.4539245605e+01
    1.7429804429e-02   -6.4514533997e+01
    1.7439534888e-02   -6.4492546082e+01
    1.7449267209e-02   -6.4470535278e+01
    1.7458999529e-02   -6.4448493958e+01
    1.7469948158e-02   -6.4423652649e+01
    1.7479680479e-02   -6.4401527405e+01
    1.7489410937e-02   -6.4379356384e+01
    1.7499143258e-02   -6.4357139587e+01
    1.7508875579e-02   -6.4334861755e+01
    1.7519824207e-02   -6.4309722900e+01
    1.7529556528e-02   -6.4287307739e+01
    1.7539288849e-02   -6.4264831543e+01
    1.7549021170e-02   -6.4242286682e+01
    1.7559969798e-02   -6.4216842651e+01
    1.7569702119e-02   -6.4194168091e+01
    1.7579434440e-02   -6.4171440125e+01
    1.7589166760e-02   -6.4148658752e+01
    1.7598899081e-02   -6.4125839233e+01
    1.7609847710e-02   -6.4100120544e+01
    1.7619580030e-02   -6.4077232361e+01
    1.7629312351e-02   -6.4054313660e+01
    1.7639044672e-02   -6.4031372070e+01
    1.7649993300e-02   -6.4005546570e+01
    1.7659725621e-02   -6.3982585907e+01
    1.7669457942e-02   -6.3959621429e+01
    1.7679190263e-02   -6.3936660767e+01
    1.7688922584e-02   -6.3913703918e+01
    1.7699871212e-02   -6.3887893677e+01
    1.7709603533e-02   -6.3864967346e+01
    1.7719335854e-02   -6.3842056274e+01
    1.7729068175e-02   -6.3819160461e+01
    1.7738798633e-02   -6.3796287537e+01
    1.7749749124e-02   -6.3770584106e+01
    1.7759479582e-02   -6.3747764587e+01
    1.7769211903e-02   -6.3724975586e+01
    1.7778944224e-02   -6.3702217102e+01
    1.7789892852e-02   -6.3676651001e+01
    1.7799625173e-02   -6.3653964996e+01
    1.7809357494e-02   -6.3631305695e+01
    1.7819089815e-02   -6.3608673096e+01
    1.7828822136e-02   -6.3586063385e+01
    1.7839770764e-02   -6.3560642242e+01
    1.7849503085e-02   -6.3538051605e+01
    1.7859235406e-02   -6.3515453339e+01
    1.7868967727e-02   -6.3492839813e+01
    1.7879918218e-02   -6.3467365265e+01
    1.7889650539e-02   -6.3444679260e+01
    1.7899382859e-02   -6.3421947479e+01
    1.7909115180e-02   -6.3399158478e+01
    1.7918847501e-02   -6.3376308441e+01
    1.7929796129e-02   -6.3350513458e+01
    1.7939528450e-02   -6.3327510834e+01
    1.7949262634e-02   -6.3304431915e+01
    1.7958994955e-02   -6.3281280518e+01
    1.7969943583e-02   -6.3255146027e+01
    1.7979675904e-02   -6.3231842041e+01
    1.7989408225e-02   -6.3208477020e+01
    1.7999140546e-02   -6.3185054779e+01
    1.8008874729e-02   -6.3161582947e+01
    1.8019823357e-02   -6.3135131836e+01
    1.8029555678e-02   -6.3111587524e+01
    1.8039287999e-02   -6.3088024139e+01
    1.8049020320e-02   -6.3064453125e+01
    1.8059968948e-02   -6.3037948608e+01
    1.8069701269e-02   -6.3014404297e+01
    1.8079433590e-02   -6.2990890503e+01
    1.8089165911e-02   -6.2967411041e+01
    1.8098898232e-02   -6.2943981171e+01
    1.8109848723e-02   -6.2917686462e+01
    1.8119581044e-02   -6.2894378662e+01
    1.8129311502e-02   -6.2871131897e+01
    1.8139043823e-02   -6.2847949982e+01
    1.8149992451e-02   -6.2821949005e+01
    1.8159724772e-02   -6.2798912048e+01
    1.8169477582e-02   -6.2775890350e+01
    1.8179904670e-02   -6.2751346588e+01
    1.8189636990e-02   -6.2728504181e+01
    1.8199784681e-02   -6.2704746246e+01
    1.8209245056e-02   -6.2682655334e+01
    1.8219336867e-02   -6.2659137726e+01
    1.8229378387e-02   -6.2635784149e+01
    1.8239604309e-02   -6.2612045288e+01
    1.8249828368e-02   -6.2588344574e+01
    1.8259372562e-02   -6.2566249847e+01
    1.8269851804e-02   -6.2542015076e+01
    1.8279943615e-02   -6.2518692017e+01
    1.8289119005e-02   -6.2497493744e+01
    1.8299210817e-02   -6.2474174500e+01
    1.8309583887e-02   -6.2450202942e+01
    1.8319223076e-02   -6.2427913666e+01
    1.8329408020e-02   -6.2404338837e+01
    1.8339594826e-02   -6.2380737305e+01
    1.8349686638e-02   -6.2357322693e+01
    1.8359780312e-02   -6.2333877563e+01
    1.8369872123e-02   -6.2310394287e+01
    1.8379965797e-02   -6.2286872864e+01
    1.8389139324e-02   -6.2265464783e+01
    1.8399232998e-02   -6.2241878510e+01
    1.8409324810e-02   -6.2218257904e+01
    1.8419418484e-02   -6.2194614410e+01
    1.8429510295e-02   -6.2170944214e+01
    1.8439603969e-02   -6.2147254944e+01
    1.8449695781e-02   -6.2123550415e+01
    1.8459789455e-02   -6.2099842072e+01
    1.8469357863e-02   -6.2077358246e+01
    1.8479583785e-02   -6.2053337097e+01
    1.8489809707e-02   -6.2029327393e+01
    1.8499344587e-02   -6.2006950378e+01
    1.8509436399e-02   -6.1983283997e+01
    1.8519761041e-02   -6.1959098816e+01
    1.8529854715e-02   -6.1935482025e+01
    1.8539946526e-02   -6.1911899567e+01
    1.8549770117e-02   -6.1888977051e+01
    1.8559502438e-02   -6.1866294861e+01
    1.8569884822e-02   -6.1842136383e+01
    1.8579617143e-02   -6.1819522858e+01
    1.8589997664e-02   -6.1795429230e+01
    1.8599729985e-02   -6.1772876740e+01
    1.8609654158e-02   -6.1749912262e+01
    1.8619747832e-02   -6.1726593018e+01
    1.8629839644e-02   -6.1703311920e+01
    1.8639933318e-02   -6.1680065155e+01
    1.8649108708e-02   -6.1658966064e+01
    1.8659200519e-02   -6.1635787964e+01
    1.8669294193e-02   -6.1612648010e+01
    1.8679386005e-02   -6.1589538574e+01
    1.8689477816e-02   -6.1566459656e+01
    1.8699571490e-02   -6.1543411255e+01
    1.8709009513e-02   -6.1521877289e+01
    1.8719958141e-02   -6.1496932983e+01
    1.8729690462e-02   -6.1474781036e+01
    1.8739420921e-02   -6.1452651978e+01
    1.8749153242e-02   -6.1430549622e+01
    1.8758883700e-02   -6.1408466339e+01
    1.8769832328e-02   -6.1383647919e+01
    1.8779562786e-02   -6.1361610413e+01
    1.8789295107e-02   -6.1339588165e+01
    1.8799025565e-02   -6.1317577362e+01
    1.8809974194e-02   -6.1292823792e+01
    1.8819706514e-02   -6.1270820618e+01
    1.8829438835e-02   -6.1248821259e+01
    1.8839169294e-02   -6.1226821899e+01
    1.8848901615e-02   -6.1204818726e+01
    1.8859850243e-02   -6.1180065155e+01
    1.8869582564e-02   -6.1158069611e+01
    1.8879314885e-02   -6.1136074066e+01
    1.8889045343e-02   -6.1114089966e+01
    1.8899993971e-02   -6.1089370728e+01
    1.8909726292e-02   -6.1067413330e+01
    1.8919458613e-02   -6.1045463562e+01
    1.8929190934e-02   -6.1023529053e+01
    1.8938923255e-02   -6.1001609802e+01
    1.8949871883e-02   -6.0976959229e+01
    1.8959602341e-02   -6.0955059052e+01
    1.8969334662e-02   -6.0933166504e+01
    1.8979066983e-02   -6.0911281586e+01
    1.8988797441e-02   -6.0889400482e+01
    1.8999746069e-02   -6.0864784241e+01
    1.9009476528e-02   -6.0842903137e+01
    1.9019206986e-02   -6.0821014404e+01
    1.9028939307e-02   -6.0799118042e+01
    1.9039886072e-02   -6.0774475098e+01
    1.9049618393e-02   -6.0752552032e+01
    1.9059348851e-02   -6.0730609894e+01
    1.9069079310e-02   -6.0708641052e+01
    1.9078809768e-02   -6.0686637878e+01
    1.9089756534e-02   -6.0661834717e+01
    1.9099488854e-02   -6.0639736176e+01
    1.9109219313e-02   -6.0617591858e+01
    1.9118949771e-02   -6.0595401764e+01
    1.9129896536e-02   -6.0570373535e+01
    1.9139628857e-02   -6.0548076630e+01
    1.9149359316e-02   -6.0525726318e+01
    1.9159089774e-02   -6.0503326416e+01
    1.9168820232e-02   -6.0480876923e+01
    1.9179768860e-02   -6.0455562592e+01
    1.9189499319e-02   -6.0433010101e+01
    1.9199231640e-02   -6.0410408020e+01
    1.9208963960e-02   -6.0387760162e+01
    1.9219910726e-02   -6.0362228394e+01
    1.9229643047e-02   -6.0339488983e+01
    1.9239375368e-02   -6.0316703796e+01
    1.9249105826e-02   -6.0293872833e+01
    1.9258838147e-02   -6.0270996094e+01
    1.9269786775e-02   -6.0245204926e+01
    1.9279519096e-02   -6.0222225189e+01
    1.9289251417e-02   -6.0199192047e+01
    1.9298981875e-02   -6.0176109314e+01
    1.9309930503e-02   -6.0150077820e+01
    1.9319662824e-02   -6.0126876831e+01
    1.9329395145e-02   -6.0103626251e+01
    1.9339127466e-02   -6.0080322266e+01
    1.9348857924e-02   -6.0056972504e+01
    1.9359806553e-02   -6.0030651093e+01
    1.9369538873e-02   -6.0007217407e+01
    1.9379269332e-02   -5.9983749390e+01
    1.9389001653e-02   -5.9960258484e+01
    1.9399948418e-02   -5.9933815002e+01
    1.9409680739e-02   -5.9910297394e+01
    1.9419411197e-02   -5.9886783600e+01
    1.9429143518e-02   -5.9863277435e+01
    1.9438873976e-02   -5.9839790344e+01
    1.9449820742e-02   -5.9813388824e+01
    1.9459553063e-02   -5.9789951324e+01
    1.9469283521e-02   -5.9766548157e+01
    1.9479013979e-02   -5.9743186951e+01
    1.9489962608e-02   -5.9716957092e+01
    1.9499693066e-02   -5.9693687439e+01
    1.9509423524e-02   -5.9670467377e+01
    1.9519153982e-02   -5.9647300720e+01
    1.9528886303e-02   -5.9624179840e+01
    1.9539833069e-02   -5.9598228455e+01
    1.9549565390e-02   -5.9575214386e+01
    1.9559295848e-02   -5.9552242279e+01
    1.9569026306e-02   -5.9529319763e+01
    1.9579974934e-02   -5.9503582001e+01
    1.9589705393e-02   -5.9480743408e+01
    1.9599437714e-02   -5.9457942963e+01
    1.9609168172e-02   -5.9435180664e+01
    1.9618900493e-02   -5.9412445068e+01
    1.9629605114e-02   -5.9387474060e+01
    1.9639987499e-02   -5.9363285065e+01
    1.9649717957e-02   -5.9340633392e+01
    1.9659450278e-02   -5.9318004608e+01
    1.9669832662e-02   -5.9293888092e+01
    1.9679564983e-02   -5.9271297455e+01
    1.9689945504e-02   -5.9247211456e+01
    1.9699677825e-02   -5.9224643707e+01
    1.9709410146e-02   -5.9202079773e+01
    1.9719790667e-02   -5.9178020477e+01
    1.9729522988e-02   -5.9155471802e+01
    1.9739903510e-02   -5.9131420135e+01
    1.9749635831e-02   -5.9108875275e+01
    1.9759368151e-02   -5.9086334229e+01
    1.9769748673e-02   -5.9062294006e+01
    1.9779480994e-02   -5.9039764404e+01
    1.9789863378e-02   -5.9015743256e+01
    1.9799595699e-02   -5.8993232727e+01
    1.9809976220e-02   -5.8969230652e+01
    1.9819524139e-02   -5.8947162628e+01
    1.9829187542e-02   -5.8924827576e+01
    1.9838919863e-02   -5.8902343750e+01
    1.9849866629e-02   -5.8877044678e+01
    1.9859598950e-02   -5.8854549408e+01
    1.9869329408e-02   -5.8832035065e+01
    1.9879061729e-02   -5.8809494019e+01
    1.9888792187e-02   -5.8786922455e+01
    1.9899740815e-02   -5.8761478424e+01
    1.9909471273e-02   -5.8738807678e+01
    1.9919203594e-02   -5.8716079712e+01
    1.9928934053e-02   -5.8693290710e+01
    1.9939882681e-02   -5.8667572021e+01
    1.9949615002e-02   -5.8644634247e+01
    1.9959345460e-02   -5.8621623993e+01
    1.9969077781e-02   -5.8598545074e+01
    1.9978810102e-02   -5.8575389862e+01
    1.9989756867e-02   -5.8549263000e+01
    1.9999489188e-02   -5.8525970459e+01
    2.0009221509e-02   -5.8502620697e+01
    2.0018951967e-02   -5.8479221344e+01
    2.0029900596e-02   -5.8452846527e+01
    2.0039631054e-02   -5.8429367065e+01
    2.0049363375e-02   -5.8405857086e+01
    2.0059095696e-02   -5.8382331848e+01
    2.0068826154e-02   -5.8358791351e+01
    2.0079774782e-02   -5.8332305908e+01
    2.0089507103e-02   -5.8308765411e+01
    2.0099237561e-02   -5.8285236359e+01
    2.0108969882e-02   -5.8261726379e+01
    2.0119916648e-02   -5.8235305786e+01
    2.0129648969e-02   -5.8211853027e+01
    2.0139379427e-02   -5.8188434601e+01
    2.0149111748e-02   -5.8165050507e+01
    2.0158842206e-02   -5.8141712189e+01
    2.0169790834e-02   -5.8115505219e+01
    2.0179521292e-02   -5.8092258453e+01
    2.0189253613e-02   -5.8069057465e+01
    2.0198985934e-02   -5.8045898438e+01
    2.0209932700e-02   -5.8019893646e+01
    2.0219665021e-02   -5.7996818542e+01
    2.0229397342e-02   -5.7973777771e+01
    2.0239129663e-02   -5.7950763702e+01
    2.0248861983e-02   -5.7927772522e+01
    2.0259810612e-02   -5.7901927948e+01
    2.0269542933e-02   -5.7878971100e+01
    2.0279275253e-02   -5.7856025696e+01
    2.0289007574e-02   -5.7833084106e+01
    2.0299956203e-02   -5.7807273865e+01
    2.0309688523e-02   -5.7784332275e+01
    2.0319420844e-02   -5.7761390686e+01
    2.0329153165e-02   -5.7738445282e+01
    2.0338885486e-02   -5.7715496063e+01
    2.0349834114e-02   -5.7689678192e+01
    2.0359564573e-02   -5.7666725159e+01
    2.0369296893e-02   -5.7643775940e+01
    2.0379029214e-02   -5.7620830536e+01
    2.0389977843e-02   -5.7595020294e+01
    2.0399710163e-02   -5.7572090149e+01
    2.0409442484e-02   -5.7549167633e+01
    2.0419174805e-02   -5.7526252747e+01
    2.0428905264e-02   -5.7503356934e+01
    2.0439853892e-02   -5.7477607727e+01
    2.0449586213e-02   -5.7454738617e+01
    2.0459318534e-02   -5.7431880951e+01
    2.0469050854e-02   -5.7409038544e+01
    2.0479999483e-02   -5.7383354187e+01
    2.0489731804e-02   -5.7360534668e+01
    2.0499462262e-02   -5.7337730408e+01
    2.0509194583e-02   -5.7314937592e+01
    2.0518926904e-02   -5.7292156219e+01
    2.0529875532e-02   -5.7266540527e+01
    2.0539607853e-02   -5.7243782043e+01
    2.0549340174e-02   -5.7221038818e+01
    2.0559072495e-02   -5.7198310852e+01
    2.0568804815e-02   -5.7175598145e+01
    2.0579753444e-02   -5.7150062561e+01
    2.0589485765e-02   -5.7127380371e+01
    2.0599219948e-02   -5.7104713440e+01
    2.0608952269e-02   -5.7082065582e+01
    2.0619900897e-02   -5.7056598663e+01
    2.0629633218e-02   -5.7033981323e+01
    2.0639365539e-02   -5.7011375427e+01
    2.0649099723e-02   -5.6988784790e+01
    2.0658832043e-02   -5.6966205597e+01
    2.0669780672e-02   -5.6940814972e+01
    2.0679514855e-02   -5.6918258667e+01
    2.0689247176e-02   -5.6895713806e+01
    2.0698979497e-02   -5.6873176575e+01
    2.0709929988e-02   -5.6847831726e+01
    2.0719662309e-02   -5.6825313568e+01
    2.0729394630e-02   -5.6802799225e+01
    2.0739128813e-02   -5.6780288696e+01
    2.0748861134e-02   -5.6757781982e+01
    2.0759809762e-02   -5.6732463837e+01
    2.0769543946e-02   -5.6709957123e+01
    2.0779276267e-02   -5.6687450409e+01
    2.0789010450e-02   -5.6664936066e+01
    2.0799959078e-02   -5.6639602661e+01
    2.0809693262e-02   -5.6617076874e+01
    2.0819425583e-02   -5.6594543457e+01
    2.0829159766e-02   -5.6572002411e+01
    2.0838892087e-02   -5.6549449921e+01
    2.0849842578e-02   -5.6524078369e+01
    2.0859576762e-02   -5.6501518250e+01
    2.0869309083e-02   -5.6478961945e+01
    2.0879043266e-02   -5.6456413269e+01
    2.0889993757e-02   -5.6431053162e+01
    2.0899726078e-02   -5.6408531189e+01
    2.0909460261e-02   -5.6386032104e+01
    2.0919192582e-02   -5.6363559723e+01
    2.0928926766e-02   -5.6341125488e+01
    2.0939877257e-02   -5.6315933228e+01
    2.0949609578e-02   -5.6293590546e+01
    2.0959343761e-02   -5.6271301270e+01
    2.0969076082e-02   -5.6249069214e+01
    2.0978810266e-02   -5.6226894379e+01
    2.0989758894e-02   -5.6202026367e+01
    2.0999493077e-02   -5.6179992676e+01
    2.1009225398e-02   -5.6158023834e+01
    2.1018959582e-02   -5.6136127472e+01
    2.1029908210e-02   -5.6111576080e+01
    2.1039642394e-02   -5.6089832306e+01
    2.1049374714e-02   -5.6068157196e+01
    2.1059107035e-02   -5.6046558380e+01
    2.1068839356e-02   -5.6025032043e+01
    2.1079789847e-02   -5.6000904083e+01
    2.1089522168e-02   -5.5979541779e+01
    2.1099254489e-02   -5.5958251953e+01
    2.1108988672e-02   -5.5937046051e+01
    2.1119937301e-02   -5.5913280487e+01
    2.1129669622e-02   -5.5892238617e+01
    2.1139403805e-02   -5.5871276855e+01
    2.1149136126e-02   -5.5850395203e+01
    2.1158868447e-02   -5.5829593658e+01
    2.1169817075e-02   -5.5806285858e+01
    2.1179551259e-02   -5.5785648346e+01
    2.1189283580e-02   -5.5765083313e+01
    2.1199015900e-02   -5.5744594574e+01
    2.1209966391e-02   -5.5721622467e+01
    2.1219698712e-02   -5.5701274872e+01
    2.1229431033e-02   -5.5680984497e+01
    2.1239165217e-02   -5.5660751343e+01
    2.1248897538e-02   -5.5640567780e+01
    2.1259848028e-02   -5.5617916107e+01
    2.1269580349e-02   -5.5597824097e+01
    2.1279312670e-02   -5.5577766418e+01
    2.1289046854e-02   -5.5557739258e+01
    2.1299995482e-02   -5.5535236359e+01
    2.1309729666e-02   -5.5515258789e+01
    2.1319461986e-02   -5.5495296478e+01
    2.1329196170e-02   -5.5475349426e+01
    2.1338928491e-02   -5.5455413818e+01
    2.1349878982e-02   -5.5433002472e+01
    2.1359611303e-02   -5.5413093567e+01
    2.1369343624e-02   -5.5393192291e+01
    2.1379077807e-02   -5.5373302460e+01
    2.1388810128e-02   -5.5353424072e+01
    2.1399758756e-02   -5.5331077576e+01
    2.1409492940e-02   -5.5311229706e+01
    2.1419225261e-02   -5.5291400909e+01
    2.1428957582e-02   -5.5271591187e+01
    2.1439906210e-02   -5.5249336243e+01
    2.1449640393e-02   -5.5229583740e+01
    2.1459372714e-02   -5.5209861755e+01
    2.1469105035e-02   -5.5190177917e+01
    2.1478837356e-02   -5.5170539856e+01
    2.1489785984e-02   -5.5148498535e+01
    2.1499518305e-02   -5.5128959656e+01
    2.1509250626e-02   -5.5109481812e+01
    2.1518982947e-02   -5.5090061188e+01
    2.1529933438e-02   -5.5068290710e+01
    2.1539665759e-02   -5.5049011230e+01
    2.1549398080e-02   -5.5029800415e+01
    2.1559130400e-02   -5.5010662079e+01
    2.1568862721e-02   -5.4991588593e+01
    2.1579811350e-02   -5.4970214844e+01
    2.1589543670e-02   -5.4951286316e+01
    2.1599275991e-02   -5.4932415009e+01
    2.1609008312e-02   -5.4913600922e+01
    2.1619956940e-02   -5.4892498016e+01
    2.1629689261e-02   -5.4873783112e+01
    2.1639421582e-02   -5.4855102539e+01
    2.1649153903e-02   -5.4836452484e+01
    2.1658886224e-02   -5.4817817688e+01
    2.1669834852e-02   -5.4796871185e+01
    2.1679567173e-02   -5.4778255463e+01
    2.1689299494e-02   -5.4759632111e+01
    2.1699031815e-02   -5.4740997314e+01
    2.1709980443e-02   -5.4720012665e+01
    2.1719712764e-02   -5.4701332092e+01
    2.1729445085e-02   -5.4682621002e+01
    2.1739175543e-02   -5.4663875580e+01
    2.1748907864e-02   -5.4645092010e+01
    2.1759856492e-02   -5.4623905182e+01
    2.1769588813e-02   -5.4605022430e+01
    2.1779321134e-02   -5.4586093903e+01
    2.1789053455e-02   -5.4567111969e+01
    2.1798785776e-02   -5.4548080444e+01
    2.1809734404e-02   -5.4526607513e+01
    2.1819466725e-02   -5.4507465363e+01
    2.1829199046e-02   -5.4488269806e+01
    2.1838931367e-02   -5.4469020844e+01
    2.1849879995e-02   -5.4447307587e+01
    2.1859612316e-02   -5.4427951813e+01
    2.1869344637e-02   -5.4408542633e+01
    2.1879076958e-02   -5.4389087677e+01
    2.1888809279e-02   -5.4369583130e+01
    2.1899757907e-02   -5.4347583771e+01
    2.1909490228e-02   -5.4327980042e+01
    2.1919222549e-02   -5.4308330536e+01
    2.1928954870e-02   -5.4288631439e+01
    2.1939905360e-02   -5.4266422272e+01
    2.1949637681e-02   -5.4246635437e+01
    2.1959370002e-02   -5.4226806641e+01
    2.1969102323e-02   -5.4206935883e+01
    2.1978834644e-02   -5.4187023163e+01
    2.1989785135e-02   -5.4164577484e+01
    2.1999517456e-02   -5.4144588470e+01
    2.2009251639e-02   -5.4124561310e+01
    2.2018983960e-02   -5.4104499817e+01
    2.2029934451e-02   -5.4081893921e+01
    2.2039666772e-02   -5.4061767578e+01
    2.2049399093e-02   -5.4041610718e+01
    2.2059133276e-02   -5.4021430969e+01
    2.2068865597e-02   -5.4001228333e+01
    2.2079816088e-02   -5.3978473663e+01
    2.2089548409e-02   -5.3958225250e+01
    2.2099280730e-02   -5.3937961578e+01
    2.2109014913e-02   -5.3917686462e+01
    2.2119963542e-02   -5.3894855499e+01
    2.2129697725e-02   -5.3874553680e+01
    2.2139430046e-02   -5.3854244232e+01
    2.2149162367e-02   -5.3833927155e+01
    2.2158894688e-02   -5.3813602448e+01
    2.2169845179e-02   -5.3790729523e+01
    2.2179577500e-02   -5.3770393372e+01
    2.2189309821e-02   -5.3750053406e+01
    2.2199042141e-02   -5.3729709625e+01
    2.2209992632e-02   -5.3706817627e+01
    2.2219724953e-02   -5.3686470032e+01
    2.2229457274e-02   -5.3666118622e+01
    2.2239189595e-02   -5.3645767212e+01
    2.2248921916e-02   -5.3625415802e+01
    2.2259872407e-02   -5.3602519989e+01
    2.2269604728e-02   -5.3582176208e+01
    2.2279337049e-02   -5.3561836243e+01
    2.2289069369e-02   -5.3541503906e+01
    2.2298801690e-02   -5.3521183014e+01
    2.2309750319e-02   -5.3498340607e+01
    2.2319484502e-02   -5.3478054047e+01
    2.2329216823e-02   -5.3457790375e+01
    2.2338949144e-02   -5.3437549591e+01
    2.2349897772e-02   -5.3414813995e+01
    2.2359630093e-02   -5.3394641876e+01
    2.2369362414e-02   -5.3374507904e+01
    2.2379096597e-02   -5.3354415894e+01
    2.2388828918e-02   -5.3334369659e+01
    2.2399777547e-02   -5.3311878204e+01
    2.2409509867e-02   -5.3291946411e+01
    2.2419242188e-02   -5.3272071838e+01
    2.2428976372e-02   -5.3252258301e+01
    2.2439925000e-02   -5.3230045319e+01
    2.2449657321e-02   -5.3210376740e+01
    2.2459389642e-02   -5.3190776825e+01
    2.2469121963e-02   -5.3171253204e+01
    2.2478854284e-02   -5.3151805878e+01
    2.2489804775e-02   -5.3130020142e+01
    2.2499537095e-02   -5.3110736847e+01
    2.2509269416e-02   -5.3091529846e+01
    2.2519001737e-02   -5.3072406769e+01
    2.2529950365e-02   -5.3050983429e+01
    2.2539682686e-02   -5.3032024384e+01
    2.2549415007e-02   -5.3013141632e+01
    2.2559147328e-02   -5.2994338989e+01
    2.2568881512e-02   -5.2975608826e+01
    2.2579830140e-02   -5.2954624176e+01
    2.2589562461e-02   -5.2936046600e+01
    2.2599294782e-02   -5.2917545319e+01
    2.2609027103e-02   -5.2899108887e+01
    2.2619977593e-02   -5.2878452301e+01
    2.2629709914e-02   -5.2860164642e+01
    2.2639442235e-02   -5.2841945648e+01
    2.2649174556e-02   -5.2823791504e+01
    2.2658906877e-02   -5.2805702209e+01
    2.2669855505e-02   -5.2785434723e+01
    2.2679589689e-02   -5.2767482758e+01
    2.2689322010e-02   -5.2749599457e+01
    2.2699054331e-02   -5.2731781006e+01
    2.2708786651e-02   -5.2714027405e+01
    2.2719735280e-02   -5.2694129944e+01
    2.2729467601e-02   -5.2676509857e+01
    2.2739199921e-02   -5.2658954620e+01
    2.2748932242e-02   -5.2641460419e+01
    2.2759882733e-02   -5.2621856689e+01
    2.2769615054e-02   -5.2604496002e+01
    2.2779347375e-02   -5.2587196350e+01
    2.2789079696e-02   -5.2569957733e+01
    2.2798812017e-02   -5.2552776337e+01
    2.2809760645e-02   -5.2533519745e+01
    2.2819491103e-02   -5.2516460419e+01
    2.2829223424e-02   -5.2499458313e+01
    2.2838955745e-02   -5.2482509613e+01
    2.2849904373e-02   -5.2463508606e+01
    2.2859636694e-02   -5.2446678162e+01
    2.2869369015e-02   -5.2429897308e+01
    2.2879099473e-02   -5.2413169861e+01
    2.2888831794e-02   -5.2396495819e+01
    2.2899780422e-02   -5.2377796173e+01
    2.2909512743e-02   -5.2361228943e+01
    2.2919243202e-02   -5.2344711304e+01
    2.2928975523e-02   -5.2328239441e+01
    2.2939924151e-02   -5.2309768677e+01
    2.2949656472e-02   -5.2293395996e+01
    2.2959386930e-02   -5.2277069092e+01
    2.2969119251e-02   -5.2260784149e+01
    2.2978851572e-02   -5.2244541168e+01
    2.2989800200e-02   -5.2226314545e+01
    2.2999530658e-02   -5.2210151672e+01
    2.3009262979e-02   -5.2194019318e+01
    2.3018995300e-02   -5.2177925110e+01
    2.3029943928e-02   -5.2159851074e+01
    2.3039674386e-02   -5.2143817902e+01
    2.3049406707e-02   -5.2127811432e+01
    2.3059139028e-02   -5.2111831665e+01
    2.3068871349e-02   -5.2095874786e+01
    2.3079819977e-02   -5.2077953339e+01
    2.3089550436e-02   -5.2062046051e+01
    2.3099282756e-02   -5.2046161652e+01
    2.3109015077e-02   -5.2030300140e+01
    2.3119963706e-02   -5.2012477875e+01
    2.3129696026e-02   -5.1996662140e+01
    2.3139428347e-02   -5.1980869293e+01
    2.3149160668e-02   -5.1965099335e+01
    2.3158892989e-02   -5.1949352264e+01
    2.3169841617e-02   -5.1931663513e+01
    2.3179573938e-02   -5.1915969849e+01
    2.3189306259e-02   -5.1900299072e+01
    2.3199038580e-02   -5.1884654999e+01
    2.3209987208e-02   -5.1867088318e+01
    2.3219719529e-02   -5.1851505280e+01
    2.3229451850e-02   -5.1835948944e+01
    2.3239184171e-02   -5.1820426941e+01
    2.3248916492e-02   -5.1804935455e+01
    2.3259865120e-02   -5.1787544250e+01
    2.3269597441e-02   -5.1772125244e+01
    2.3279329762e-02   -5.1756736755e+01
    2.3289060220e-02   -5.1741378784e+01
    2.3298792541e-02   -5.1726055145e+01
    2.3309743032e-02   -5.1708854675e+01
    2.3319473490e-02   -5.1693592072e+01
    2.3329205811e-02   -5.1678359985e+01
    2.3338938132e-02   -5.1663150787e+01
    2.3349886760e-02   -5.1646060944e+01
    2.3359619081e-02   -5.1630893707e+01
    2.3369351402e-02   -5.1615734100e+01
    2.3379083723e-02   -5.1600585938e+01
    2.3388816044e-02   -5.1585441589e+01
    2.3399764672e-02   -5.1568408966e+01
    2.3409496993e-02   -5.1553260803e+01
    2.3419229314e-02   -5.1538105011e+01
    2.3428961635e-02   -5.1522937775e+01
    2.3439910263e-02   -5.1505859375e+01
    2.3449642584e-02   -5.1490657806e+01
    2.3459373042e-02   -5.1475437164e+01
    2.3469105363e-02   -5.1460193634e+01
    2.3478837684e-02   -5.1444923401e+01
    2.3489786312e-02   -5.1427711487e+01
    2.3499518633e-02   -5.1412384033e+01
    2.3509250954e-02   -5.1397026062e+01
    2.3518983275e-02   -5.1381637573e+01
    2.3529931903e-02   -5.1364292145e+01
    2.3539662361e-02   -5.1348842621e+01
    2.3549394682e-02   -5.1333358765e+01
    2.3559127003e-02   -5.1317844391e+01
    2.3568859324e-02   -5.1302303314e+01
    2.3579806089e-02   -5.1284778595e+01
    2.3589538410e-02   -5.1269172668e+01
    2.3599270731e-02   -5.1253536224e+01
    2.3609001189e-02   -5.1237873077e+01
    2.3619949818e-02   -5.1220214844e+01
    2.3629682139e-02   -5.1204494476e+01
    2.3639414459e-02   -5.1188743591e+01
    2.3649146780e-02   -5.1172969818e+01
    2.3658877239e-02   -5.1157165527e+01
    2.3669827729e-02   -5.1139362335e+01
    2.3679560050e-02   -5.1123508453e+01
    2.3689292371e-02   -5.1107631683e+01
    2.3699024692e-02   -5.1091728210e+01
    2.3709973320e-02   -5.1073814392e+01
    2.3719705641e-02   -5.1057861328e+01
    2.3729437962e-02   -5.1041889191e+01
    2.3739172146e-02   -5.1025894165e+01
    2.3748904467e-02   -5.1009876251e+01
    2.3759853095e-02   -5.0991832733e+01
    2.3769585416e-02   -5.0975769043e+01
    2.3779319599e-02   -5.0959686279e+01
    2.3789051920e-02   -5.0943588257e+01
    2.3798784241e-02   -5.0927471161e+01
    2.3809732869e-02   -5.0909320831e+01
    2.3819465190e-02   -5.0893169403e+01
    2.3829197511e-02   -5.0877010345e+01
    2.3838929832e-02   -5.0860836029e+01
    2.3849878460e-02   -5.0842636108e+01
    2.3859608918e-02   -5.0826450348e+01
    2.3869341239e-02   -5.0810256958e+01
    2.3879073560e-02   -5.0794067383e+01
    2.3888804018e-02   -5.0777873993e+01
    2.3899752647e-02   -5.0759658813e+01
    2.3909483105e-02   -5.0743469238e+01
    2.3919215426e-02   -5.0727287292e+01
    2.3928945884e-02   -5.0711112976e+01
    2.3939894512e-02   -5.0692920685e+01
    2.3949624971e-02   -5.0676761627e+01
    2.3959357291e-02   -5.0660614014e+01
    2.3969087750e-02   -5.0644474030e+01
    2.3978820071e-02   -5.0628345490e+01
    2.3989766836e-02   -5.0610218048e+01
    2.3999497294e-02   -5.0594116211e+01
    2.4009229615e-02   -5.0578029633e+01
    2.4018960074e-02   -5.0561958313e+01
    2.4029906839e-02   -5.0543895721e+01
    2.4039639160e-02   -5.0527851105e+01
    2.4049369618e-02   -5.0511825562e+01
    2.4059100077e-02   -5.0495815277e+01
    2.4068832397e-02   -5.0479816437e+01
    2.4079779163e-02   -5.0461837769e+01
    2.4089511484e-02   -5.0445865631e+01
    2.4099241942e-02   -5.0429908752e+01
    2.4108972400e-02   -5.0413963318e+01
    2.4119921029e-02   -5.0396034241e+01
    2.4129651487e-02   -5.0380104065e+01
    2.4139383808e-02   -5.0364181519e+01
    2.4149114266e-02   -5.0348262787e+01
    2.4158846587e-02   -5.0332347870e+01
    2.4169793352e-02   -5.0314441681e+01
    2.4179525673e-02   -5.0298522949e+01
    2.4189256132e-02   -5.0282596588e+01
    2.4198986590e-02   -5.0266666412e+01
    2.4209935218e-02   -5.0248737335e+01
    2.4219665676e-02   -5.0232784271e+01
    2.4229397997e-02   -5.0216819763e+01
    2.4239128456e-02   -5.0200836182e+01
    2.4248860776e-02   -5.0184837341e+01
    2.4259807542e-02   -5.0166812897e+01
    2.4269539863e-02   -5.0150768280e+01
    2.4279272184e-02   -5.0134696960e+01
    2.4289002642e-02   -5.0118598938e+01
    2.4299951270e-02   -5.0100452423e+01
    2.4309681728e-02   -5.0084293365e+01
    2.4319414049e-02   -5.0068099976e+01
    2.4329146370e-02   -5.0051876068e+01
    2.4338876829e-02   -5.0035617828e+01
    2.4349825457e-02   -5.0017284393e+01
    2.4359557778e-02   -5.0000949860e+01
    2.4369288236e-02   -4.9984577179e+01
    2.4379020557e-02   -4.9968173981e+01
    2.4389969185e-02   -4.9949676514e+01
    2.4399701506e-02   -4.9933193207e+01
    2.4409431964e-02   -4.9916679382e+01
    2.4419164285e-02   -4.9900131226e+01
    2.4428896606e-02   -4.9883548737e+01
    2.4439845234e-02   -4.9864852905e+01
    2.4449577555e-02   -4.9848205566e+01
    2.4459309876e-02   -4.9831523895e+01
    2.4469042197e-02   -4.9814811707e+01
    2.4479992688e-02   -4.9795978546e+01
    2.4489725009e-02   -4.9779209137e+01
    2.4499457330e-02   -4.9762409210e+01
    2.4509189650e-02   -4.9745586395e+01
    2.4518923834e-02   -4.9728736877e+01
    2.4529872462e-02   -4.9709747314e+01
    2.4539606646e-02   -4.9692844391e+01
    2.4549338967e-02   -4.9675914764e+01
    2.4559071288e-02   -4.9658962250e+01
    2.4568805471e-02   -4.9641983032e+01
    2.4579755962e-02   -4.9622856140e+01
    2.4589488283e-02   -4.9605827332e+01
    2.4599220604e-02   -4.9588771820e+01
    2.4608954787e-02   -4.9571697235e+01
    2.4619903415e-02   -4.9552455902e+01
    2.4629637599e-02   -4.9535327911e+01
    2.4639369920e-02   -4.9518177032e+01
    2.4649102241e-02   -4.9500995636e+01
    2.4658834562e-02   -4.9483791351e+01
    2.4669785053e-02   -4.9464401245e+01
    2.4679517373e-02   -4.9447132111e+01
    2.4689249694e-02   -4.9429836273e+01
    2.4698982015e-02   -4.9412506104e+01
    2.4709930643e-02   -4.9392971039e+01
    2.4719661102e-02   -4.9375564575e+01
    2.4729393423e-02   -4.9358123779e+01
    2.4739125744e-02   -4.9340637207e+01
    2.4748858064e-02   -4.9323112488e+01
    2.4759806693e-02   -4.9303340912e+01
    2.4769537151e-02   -4.9285717010e+01
    2.4779269472e-02   -4.9268039703e+01
    2.4789001793e-02   -4.9250312805e+01
    2.4799950421e-02   -4.9230304718e+01
    2.4809680879e-02   -4.9212459564e+01
    2.4819413200e-02   -4.9194557190e+01
    2.4829145521e-02   -4.9176593781e+01
    2.4838877842e-02   -4.9158565521e+01
    2.4849826470e-02   -4.9138210297e+01
    2.4859558791e-02   -4.9120048523e+01
    2.4869291112e-02   -4.9101818085e+01
    2.4879023433e-02   -4.9083522797e+01
    2.4889972061e-02   -4.9062854767e+01
    2.4899704382e-02   -4.9044414520e+01
    2.4909436703e-02   -4.9025901794e+01
    2.4919169024e-02   -4.9007324219e+01
    2.4928901345e-02   -4.8988674164e+01
    2.4939849973e-02   -4.8967613220e+01
    2.4949582294e-02   -4.8948818207e+01
    2.4959314615e-02   -4.8929958344e+01
    2.4969046935e-02   -4.8911033630e+01
    2.4979995564e-02   -4.8889663696e+01
    2.4989727885e-02   -4.8870601654e+01
    2.4999460205e-02   -4.8851474762e+01
    2.5009192526e-02   -4.8832286835e+01
    2.5018922985e-02   -4.8813041687e+01
    2.5029871613e-02   -4.8791316986e+01
    2.5039603934e-02   -4.8771945953e+01
    2.5049336255e-02   -4.8752517700e+01
    2.5059068576e-02   -4.8733036041e+01
    2.5068799034e-02   -4.8713497162e+01
    2.5079747662e-02   -4.8691448212e+01
    2.5089479983e-02   -4.8671794891e+01
    2.5099210441e-02   -4.8652088165e+01
    2.5108942762e-02   -4.8632328033e+01
    2.5119891390e-02   -4.8610034943e+01
    2.5129621848e-02   -4.8590164185e+01
    2.5139354169e-02   -4.8570243835e+01
    2.5149084628e-02   -4.8550270081e+01
    2.5158816949e-02   -4.8530246735e+01
    2.5169763714e-02   -4.8507663727e+01
    2.5179496035e-02   -4.8487537384e+01
    2.5189226493e-02   -4.8467365265e+01
    2.5198958814e-02   -4.8447147369e+01
    2.5209905580e-02   -4.8424350739e+01
    2.5219637901e-02   -4.8404045105e+01
    2.5229368359e-02   -4.8383701324e+01
    2.5239100680e-02   -4.8363315582e+01
    2.5248831138e-02   -4.8342899323e+01
    2.5259779766e-02   -4.8319892883e+01
    2.5269510224e-02   -4.8299411774e+01
    2.5279242545e-02   -4.8278903961e+01
    2.5288974866e-02   -4.8258369446e+01
    2.5299921632e-02   -4.8235248566e+01
    2.5309653953e-02   -4.8214679718e+01
    2.5319384411e-02   -4.8194095612e+01
    2.5329116732e-02   -4.8173500061e+01
    2.5338847190e-02   -4.8152900696e+01
    2.5349795818e-02   -4.8129718781e+01
    2.5359526277e-02   -4.8109111786e+01
    2.5369256735e-02   -4.8088508606e+01
    2.5378989056e-02   -4.8067913055e+01
    2.5389935821e-02   -4.8044750214e+01
    2.5399668142e-02   -4.8024173737e+01
    2.5409398600e-02   -4.8003612518e+01
    2.5419129059e-02   -4.7983066559e+01
    2.5428861380e-02   -4.7962543488e+01
    2.5439808145e-02   -4.7939476013e+01
    2.5449540466e-02   -4.7918994904e+01
    2.5459270924e-02   -4.7898540497e+01
    2.5469001383e-02   -4.7878112793e+01
    2.5479950011e-02   -4.7855163574e+01
    2.5489680469e-02   -4.7834793091e+01
    2.5499412790e-02   -4.7814456940e+01
    2.5509143248e-02   -4.7794147491e+01
    2.5518875569e-02   -4.7773868561e+01
    2.5529822335e-02   -4.7751094818e+01
    2.5539554656e-02   -4.7730884552e+01
    2.5549286976e-02   -4.7710704803e+01
    2.5559017435e-02   -4.7690563202e+01
    2.5569966063e-02   -4.7667938232e+01
    2.5579698384e-02   -4.7647865295e+01
    2.5589430705e-02   -4.7627822876e+01
    2.5599163026e-02   -4.7607810974e+01
    2.5608895347e-02   -4.7587833405e+01
    2.5619843975e-02   -4.7565395355e+01
    2.5629576296e-02   -4.7545486450e+01
    2.5639308617e-02   -4.7525604248e+01
    2.5649042800e-02   -4.7505748749e+01
    2.5659991428e-02   -4.7483448029e+01
    2.5669723749e-02   -4.7463649750e+01
    2.5679456070e-02   -4.7443874359e+01
    2.5689190254e-02   -4.7424125671e+01
    2.5698922575e-02   -4.7404392242e+01
    2.5709871203e-02   -4.7382213593e+01
    2.5719605386e-02   -4.7362518311e+01
    2.5729337707e-02   -4.7342834473e+01
    2.5739070028e-02   -4.7323158264e+01
    2.5748802349e-02   -4.7303493500e+01
    2.5759752840e-02   -4.7281372070e+01
    2.5769485161e-02   -4.7261711121e+01
    2.5779217482e-02   -4.7242050171e+01
    2.5788949803e-02   -4.7222385406e+01
    2.5799900293e-02   -4.7200252533e+01
    2.5809632614e-02   -4.7180568695e+01
    2.5819364935e-02   -4.7160873413e+01
    2.5829097256e-02   -4.7141162872e+01
    2.5838829577e-02   -4.7121433258e+01
    2.5849778205e-02   -4.7099216461e+01
    2.5859510526e-02   -4.7079441071e+01
    2.5869242847e-02   -4.7059646606e+01
    2.5878977031e-02   -4.7039825439e+01
    2.5889925659e-02   -4.7017494202e+01
    2.5899657980e-02   -4.6997612000e+01
    2.5909390301e-02   -4.6977706909e+01
    2.5919122621e-02   -4.6957767487e+01
    2.5928854942e-02   -4.6937801361e+01
    2.5939803571e-02   -4.6915306091e+01
    2.5949535891e-02   -4.6895278931e+01
    2.5959268212e-02   -4.6875221252e+01
    2.5969000533e-02   -4.6855136871e+01
    2.5979949161e-02   -4.6832508087e+01
    2.5989681482e-02   -4.6812366486e+01
    2.5999413803e-02   -4.6792198181e+01
    2.6009144261e-02   -4.6772006989e+01
    2.6018876582e-02   -4.6751789093e+01
    2.6029825211e-02   -4.6729019165e+01
    2.6039557531e-02   -4.6708751678e+01
    2.6049289852e-02   -4.6688468933e+01
    2.6059022173e-02   -4.6668159485e+01
    2.6069970801e-02   -4.6645290375e+01
    2.6079703122e-02   -4.6624938965e+01
    2.6089435443e-02   -4.6604564667e+01
    2.6099167764e-02   -4.6584171295e+01
    2.6108898222e-02   -4.6563751221e+01
    2.6119846851e-02   -4.6540756226e+01
    2.6129579172e-02   -4.6520290375e+01
    2.6139311492e-02   -4.6499797821e+01
    2.6149043813e-02   -4.6479274750e+01
    2.6159992442e-02   -4.6456157684e+01
    2.6169722900e-02   -4.6435569763e+01
    2.6179455221e-02   -4.6414955139e+01
    2.6189187542e-02   -4.6394302368e+01
    2.6198919863e-02   -4.6373611450e+01
    2.6209868491e-02   -4.6350284576e+01
    2.6219598949e-02   -4.6329509735e+01
    2.6229331270e-02   -4.6308685303e+01
    2.6239063591e-02   -4.6287815094e+01
    2.6248795912e-02   -4.6266899109e+01
    2.6259742677e-02   -4.6243305206e+01
    2.6269474998e-02   -4.6222274780e+01
    2.6279207319e-02   -4.6201194763e+01
    2.6288937777e-02   -4.6180053711e+01
    2.6299886405e-02   -4.6156208038e+01
    2.6309618726e-02   -4.6134944916e+01
    2.6319349185e-02   -4.6113628387e+01
    2.6329081506e-02   -4.6092247009e+01
    2.6338813826e-02   -4.6070812225e+01
    2.6349762455e-02   -4.6046623230e+01
    2.6359492913e-02   -4.6025058746e+01
    2.6369225234e-02   -4.6003437042e+01
    2.6378957555e-02   -4.5981754303e+01
    2.6389906183e-02   -4.5957294464e+01
    2.6399636641e-02   -4.5935489655e+01
    2.6409368962e-02   -4.5913627625e+01
    2.6419101283e-02   -4.5891712189e+01
    2.6428833604e-02   -4.5869743347e+01
    2.6439780369e-02   -4.5844966888e+01
    2.6449512690e-02   -4.5822887421e+01
    2.6459245011e-02   -4.5800758362e+01
    2.6468975469e-02   -4.5778583527e+01
    2.6479924098e-02   -4.5753585815e+01
    2.6489656419e-02   -4.5731315613e+01
    2.6499386877e-02   -4.5709007263e+01
    2.6509119198e-02   -4.5686660767e+01
    2.6518849656e-02   -4.5664279938e+01
    2.6529798284e-02   -4.5639060974e+01
    2.6539528742e-02   -4.5616611481e+01
    2.6549261063e-02   -4.5594139099e+01
    2.6558991522e-02   -4.5571640015e+01
    2.6569940150e-02   -4.5546302795e+01
    2.6579672471e-02   -4.5523765564e+01
    2.6589402929e-02   -4.5501209259e+01
    2.6599135250e-02   -4.5478645325e+01
    2.6608865708e-02   -4.5456069946e+01
    2.6619814336e-02   -4.5430664062e+01
    2.6629544795e-02   -4.5408077240e+01
    2.6639277115e-02   -4.5385486603e+01
    2.6649009436e-02   -4.5362899780e+01
    2.6659956202e-02   -4.5337490082e+01
    2.6669688523e-02   -4.5314907074e+01
    2.6679420844e-02   -4.5292331696e+01
    2.6689153165e-02   -4.5269763947e+01
    2.6698885486e-02   -4.5247203827e+01
    2.6709834114e-02   -4.5221832275e+01
    2.6719564572e-02   -4.5199295044e+01
    2.6729296893e-02   -4.5176765442e+01
    2.6739029214e-02   -4.5154247284e+01
    2.6749977842e-02   -4.5128929138e+01
    2.6759710163e-02   -4.5106437683e+01
    2.6769442484e-02   -4.5083957672e+01
    2.6779174805e-02   -4.5061492920e+01
    2.6788907126e-02   -4.5039043427e+01
    2.6799855754e-02   -4.5013797760e+01
    2.6809588075e-02   -4.4991374969e+01
    2.6819320396e-02   -4.4968967438e+01
    2.6829052716e-02   -4.4946571350e+01
    2.6838785037e-02   -4.4924190521e+01
    2.6849733666e-02   -4.4899028778e+01
    2.6859465986e-02   -4.4876682281e+01
    2.6869198307e-02   -4.4854351044e+01
    2.6878930628e-02   -4.4832035065e+01
    2.6889879256e-02   -4.4806957245e+01
    2.6899609715e-02   -4.4784683228e+01
    2.6909342036e-02   -4.4762432098e+01
    2.6919074357e-02   -4.4740203857e+01
    2.6928806677e-02   -4.4717998505e+01
    2.6939755306e-02   -4.4693050385e+01
    2.6949487627e-02   -4.4670906067e+01
    2.6959219947e-02   -4.4648792267e+01
    2.6968952268e-02   -4.4626708984e+01
    2.6979900897e-02   -4.4601913452e+01
    2.6989633217e-02   -4.4579910278e+01
    2.6999365538e-02   -4.4557945251e+01
    2.7009097859e-02   -4.4536026001e+01
    2.7018830180e-02   -4.4514148712e+01
    2.7029778808e-02   -4.4489593506e+01
    2.7039511129e-02   -4.4467815399e+01
    2.7049243450e-02   -4.4446090698e+01
    2.7058975771e-02   -4.4424411774e+01
    2.7069924399e-02   -4.4400089264e+01
    2.7079656720e-02   -4.4378520966e+01
    2.7089389041e-02   -4.4357006073e+01
    2.7099121362e-02   -4.4335544586e+01
    2.7108853683e-02   -4.4314132690e+01
    2.7119802311e-02   -4.4290107727e+01
    2.7129534632e-02   -4.4268806458e+01
    2.7139266953e-02   -4.4247550964e+01
    2.7148999274e-02   -4.4226341248e+01
    2.7159949765e-02   -4.4202533722e+01
    2.7169682086e-02   -4.4181415558e+01
    2.7179414406e-02   -4.4160335541e+01
    2.7189146727e-02   -4.4139293671e+01
    2.7198879048e-02   -4.4118278503e+01
    2.7209827676e-02   -4.4094673157e+01
    2.7219559997e-02   -4.4073719025e+01
    2.7229292318e-02   -4.4052783966e+01
    2.7239024639e-02   -4.4031864166e+01
    2.7249973267e-02   -4.4008346558e+01
    2.7259705588e-02   -4.3987453461e+01
    2.7269437909e-02   -4.3966564178e+01
    2.7279170230e-02   -4.3945678711e+01
    2.7288902551e-02   -4.3924793243e+01
    2.7299851179e-02   -4.3901294708e+01
    2.7309583500e-02   -4.3880401611e+01
    2.7319315821e-02   -4.3859497070e+01
    2.7329048142e-02   -4.3838588715e+01
    2.7339996770e-02   -4.3815048218e+01
    2.7349727228e-02   -4.3794113159e+01
    2.7359459549e-02   -4.3773162842e+01
    2.7369191870e-02   -4.3752201080e+01
    2.7378924191e-02   -4.3731227875e+01
    2.7389872819e-02   -4.3707614899e+01
    2.7399605140e-02   -4.3686611176e+01
    2.7409337461e-02   -4.3665592194e+01
    2.7419069782e-02   -4.3644565582e+01
    2.7428802103e-02   -4.3623523712e+01
    2.7439750731e-02   -4.3599838257e+01
    2.7449483052e-02   -4.3578777313e+01
    2.7459215373e-02   -4.3557704926e+01
    2.7468947694e-02   -4.3536624908e+01
    2.7479898185e-02   -4.3512897491e+01
    2.7489630505e-02   -4.3491802216e+01
    2.7499362826e-02   -4.3470695496e+01
    2.7509095147e-02   -4.3449584961e+01
    2.7518827468e-02   -4.3428462982e+01
    2.7529776096e-02   -4.3404693604e+01
    2.7539510280e-02   -4.3383556366e+01
    2.7549242601e-02   -4.3362411499e+01
    2.7558974922e-02   -4.3341255188e+01
    2.7569923550e-02   -4.3317447662e+01
    2.7579657733e-02   -4.3296268463e+01
    2.7589390054e-02   -4.3275081635e+01
    2.7599122375e-02   -4.3253879547e+01
    2.7608854696e-02   -4.3232662201e+01
    2.7619803324e-02   -4.3208778381e+01
    2.7629535645e-02   -4.3187530518e+01
    2.7639267966e-02   -4.3166263580e+01
    2.7649000287e-02   -4.3144981384e+01
    2.7659950778e-02   -4.3121013641e+01
    2.7669683099e-02   -4.3099689484e+01
    2.7679415420e-02   -4.3078342438e+01
    2.7689147741e-02   -4.3056972504e+01
    2.7698880062e-02   -4.3035579681e+01
    2.7709828690e-02   -4.3011486053e+01
    2.7719561011e-02   -4.2990043640e+01
    2.7729293332e-02   -4.2968574524e+01
    2.7739023790e-02   -4.2947078705e+01
    2.7749974281e-02   -4.2922863007e+01
    2.7759706602e-02   -4.2901306152e+01
    2.7769437060e-02   -4.2879722595e+01
    2.7779169381e-02   -4.2858108521e+01
    2.7788901702e-02   -4.2836463928e+01
    2.7799852192e-02   -4.2812076569e+01
    2.7809584513e-02   -4.2790363312e+01
    2.7819316834e-02   -4.2768615723e+01
    2.7829049155e-02   -4.2746833801e+01
    2.7839997783e-02   -4.2722286224e+01
    2.7849730104e-02   -4.2700431824e+01
    2.7859462425e-02   -4.2678539276e+01
    2.7869194746e-02   -4.2656608582e+01
    2.7878927067e-02   -4.2634639740e+01
    2.7889875695e-02   -4.2609878540e+01
    2.7899608016e-02   -4.2587825775e+01
    2.7909340337e-02   -4.2565734863e+01
    2.7919396758e-02   -4.2542865753e+01
    2.7929779142e-02   -4.2519214630e+01
    2.7939511463e-02   -4.2496997833e+01
    2.7949891984e-02   -4.2473255157e+01
    2.7959624305e-02   -4.2450954437e+01
    2.7969356626e-02   -4.2428611755e+01
    2.7979737148e-02   -4.2404731750e+01
    2.7989469469e-02   -4.2382301331e+01
    2.7999849990e-02   -4.2358325958e+01
    2.8009582311e-02   -4.2335807800e+01
    2.8019962832e-02   -4.2311737061e+01
    2.8029695153e-02   -4.2289123535e+01
    2.8039427474e-02   -4.2266468048e+01
    2.8049809858e-02   -4.2242248535e+01
    2.8059542179e-02   -4.2219493866e+01
    2.8069922701e-02   -4.2195167542e+01
    2.8079655021e-02   -4.2172313690e+01
    2.8089387342e-02   -4.2149406433e+01
    2.8099767864e-02   -4.2124919891e+01
    2.8109500185e-02   -4.2101905823e+01
    2.8119880706e-02   -4.2077297211e+01
    2.8129613027e-02   -4.2054172516e+01
    2.8139995411e-02   -4.2029441833e+01
    2.8149725869e-02   -4.2006195068e+01
    2.8159458190e-02   -4.1982894897e+01
    2.8169840574e-02   -4.1957969666e+01
    2.8179572895e-02   -4.1934543610e+01
    2.8189953417e-02   -4.1909488678e+01
    2.8199685737e-02   -4.1885936737e+01
    2.8209418058e-02   -4.1862323761e+01
    2.8219565749e-02   -4.1837635040e+01
    2.8229657561e-02   -4.1813018799e+01
    2.8239751235e-02   -4.1788341522e+01
    2.8249843046e-02   -4.1763603210e+01
    2.8259936720e-02   -4.1738803864e+01
    2.8269112110e-02   -4.1716209412e+01
    2.8279669583e-02   -4.1690158844e+01
    2.8289308771e-02   -4.1666320801e+01
    2.8299912810e-02   -4.1640052795e+01
    2.8309553862e-02   -4.1616130829e+01
    2.8319193050e-02   -4.1592174530e+01
    2.8329797089e-02   -4.1565788269e+01
    2.8339438140e-02   -4.1541770935e+01
    2.8349077329e-02   -4.1517730713e+01
    2.8359681368e-02   -4.1491268158e+01
    2.8369322419e-02   -4.1467197418e+01
    2.8379926458e-02   -4.1440708160e+01
    2.8389565647e-02   -4.1416622162e+01
    2.8399206698e-02   -4.1392536163e+01
    2.8409810737e-02   -4.1366046906e+01
    2.8419449925e-02   -4.1341972351e+01
    2.8429090977e-02   -4.1317905426e+01
    2.8439695016e-02   -4.1291450500e+01
    2.8449334204e-02   -4.1267421722e+01
    2.8459938243e-02   -4.1241008759e+01
    2.8469579294e-02   -4.1217018127e+01
    2.8479218483e-02   -4.1193054199e+01
    2.8489822522e-02   -4.1166717529e+01
    2.8499463573e-02   -4.1142807007e+01
    2.8509102762e-02   -4.1118923187e+01
    2.8519706801e-02   -4.1092685699e+01
    2.8529347852e-02   -4.1068862915e+01
    2.8539951891e-02   -4.1042686462e+01
    2.8549591079e-02   -4.1018913269e+01
    2.8559232131e-02   -4.0995155334e+01
    2.8569836169e-02   -4.0969036102e+01
    2.8579475358e-02   -4.0945308685e+01
    2.8589116409e-02   -4.0921596527e+01
    2.8599720448e-02   -4.0895538330e+01
    2.8609359637e-02   -4.0871871948e+01
    2.8619963676e-02   -4.0845874786e+01
    2.8629371896e-02   -4.0822841644e+01
    2.8639463708e-02   -4.0798164368e+01
    2.8649557382e-02   -4.0773509979e+01
    2.8659649193e-02   -4.0748874664e+01
    2.8669068590e-02   -4.0725887299e+01
    2.8678802773e-02   -4.0702133179e+01
    2.8689751402e-02   -4.0675395966e+01
    2.8699485585e-02   -4.0651603699e+01
    2.8709217906e-02   -4.0627788544e+01
    2.8719589114e-02   -4.0602378845e+01
    2.8729682788e-02   -4.0577625275e+01
    2.8739774600e-02   -4.0552841187e+01
    2.8749866411e-02   -4.0528034210e+01
    2.8759306297e-02   -4.0504810333e+01
    2.8769040480e-02   -4.0480850220e+01
    2.8779989108e-02   -4.0453880310e+01
    2.8789883479e-02   -4.0429500580e+01
    2.8799615800e-02   -4.0405509949e+01
    2.8809996322e-02   -4.0379917145e+01
    2.8819728643e-02   -4.0355922699e+01
    2.8829460964e-02   -4.0331924438e+01
    2.8839843348e-02   -4.0306320190e+01
    2.8849575669e-02   -4.0282318115e+01
    2.8859075159e-02   -4.0258884430e+01
    2.8869664297e-02   -4.0232757568e+01
    2.8879303485e-02   -4.0208969116e+01
    2.8889909387e-02   -4.0182796478e+01
    2.8899548575e-02   -4.0158996582e+01
    2.8909187764e-02   -4.0135189056e+01
    2.8919793665e-02   -4.0108993530e+01
    2.8929335997e-02   -4.0085407257e+01
    2.8939561918e-02   -4.0060123444e+01
    2.8949787840e-02   -4.0034832001e+01
    2.8959332034e-02   -4.0011211395e+01
    2.8969556093e-02   -3.9985893250e+01
    2.8979310766e-02   -3.9961723328e+01
    2.8989858925e-02   -3.9935569763e+01
    2.8999499977e-02   -3.9911655426e+01
    2.9009139165e-02   -3.9887722015e+01
    2.9019743204e-02   -3.9861377716e+01
    2.9029384255e-02   -3.9837409973e+01
    2.9039988294e-02   -3.9811027527e+01
    2.9049627483e-02   -3.9787029266e+01
    2.9059268534e-02   -3.9763008118e+01
    2.9069872573e-02   -3.9736568451e+01
    2.9079511762e-02   -3.9712512970e+01
    2.9089152813e-02   -3.9688442230e+01
    2.9099756852e-02   -3.9661949158e+01
    2.9109396040e-02   -3.9637855530e+01
    2.9119037092e-02   -3.9613750458e+01
    2.9129641131e-02   -3.9587230682e+01
    2.9139280319e-02   -3.9563114166e+01
    2.9149884358e-02   -3.9536575317e+01
    2.9159525409e-02   -3.9512439728e+01
    2.9169164598e-02   -3.9488288879e+01
    2.9179768637e-02   -3.9461708069e+01
    2.9189409688e-02   -3.9437522888e+01
    2.9199048877e-02   -3.9413322449e+01
    2.9209652916e-02   -3.9386684418e+01
    2.9219293967e-02   -3.9362457275e+01
    2.9229898006e-02   -3.9335796356e+01
    2.9239537194e-02   -3.9311553955e+01
    2.9249178246e-02   -3.9287311554e+01
    2.9259782284e-02   -3.9260650635e+01
    2.9269421473e-02   -3.9236412048e+01
    2.9279062524e-02   -3.9212177277e+01
    2.9289666563e-02   -3.9185527802e+01
    2.9299305752e-02   -3.9161312103e+01
    2.9309909791e-02   -3.9134677887e+01
    2.9319550842e-02   -3.9110469818e+01
    2.9329190031e-02   -3.9086261749e+01
    2.9339794070e-02   -3.9059627533e+01
    2.9349435121e-02   -3.9035408020e+01
    2.9359074309e-02   -3.9011173248e+01
    2.9369678348e-02   -3.8984504700e+01
    2.9379319400e-02   -3.8960247040e+01
    2.9389923438e-02   -3.8933559418e+01
    2.9399562627e-02   -3.8909286499e+01
    2.9409203678e-02   -3.8885009766e+01
    2.9419807717e-02   -3.8858306885e+01
    2.9429633170e-02   -3.8833576202e+01
    2.9439859092e-02   -3.8807857513e+01
    2.9449401423e-02   -3.8783878326e+01
    2.9459627345e-02   -3.8758224487e+01
    2.9469853267e-02   -3.8732608795e+01
    2.9479397461e-02   -3.8708744049e+01
    2.9489621520e-02   -3.8683223724e+01
    2.9499847442e-02   -3.8657756805e+01
    2.9509391636e-02   -3.8634029388e+01
    2.9519617558e-02   -3.8608650208e+01
    2.9529841617e-02   -3.8583316803e+01
    2.9539385810e-02   -3.8559700012e+01
    2.9549611732e-02   -3.8534427643e+01
    2.9559837654e-02   -3.8509174347e+01
    2.9569379985e-02   -3.8485618591e+01
    2.9579605907e-02   -3.8460384369e+01
    2.9589831829e-02   -3.8435146332e+01
    2.9599376023e-02   -3.8411582947e+01
    2.9609600082e-02   -3.8386325836e+01
    2.9619826004e-02   -3.8361049652e+01
    2.9629370198e-02   -3.8337436676e+01
    2.9639596120e-02   -3.8312110901e+01
    2.9649820179e-02   -3.8286750793e+01
    2.9659364372e-02   -3.8263050079e+01
    2.9669590294e-02   -3.8237617493e+01
    2.9679816216e-02   -3.8212142944e+01
    2.9689358547e-02   -3.8188323975e+01
    2.9699584469e-02   -3.8162761688e+01
    2.9709810391e-02   -3.8137142181e+01
    2.9719354585e-02   -3.8113189697e+01
    2.9729578644e-02   -3.8087471008e+01
    2.9739804566e-02   -3.8061706543e+01
    2.9749348760e-02   -3.8037616730e+01
    2.9759574682e-02   -3.8011760712e+01
    2.9769837856e-02   -3.7985774994e+01
    2.9779477045e-02   -3.7961334229e+01
    2.9789116234e-02   -3.7936866760e+01
    2.9799722135e-02   -3.7909931183e+01
    2.9809361324e-02   -3.7885429382e+01
    2.9819965363e-02   -3.7858463287e+01
    2.9829606414e-02   -3.7833938599e+01
    2.9839245602e-02   -3.7809402466e+01
    2.9849849641e-02   -3.7782405853e+01
    2.9859490693e-02   -3.7757846832e+01
    2.9869129881e-02   -3.7733280182e+01
    2.9879733920e-02   -3.7706237793e+01
    2.9889374971e-02   -3.7681640625e+01
    2.9899979010e-02   -3.7654571533e+01
    2.9909618199e-02   -3.7629947662e+01
    2.9919259250e-02   -3.7605312347e+01
    2.9929863289e-02   -3.7578201294e+01
    2.9939502478e-02   -3.7553543091e+01
    2.9949143529e-02   -3.7528873444e+01
    2.9959747568e-02   -3.7501735687e+01
    2.9969386756e-02   -3.7477058411e+01
    2.9979990795e-02   -3.7449909210e+01
    2.9989631847e-02   -3.7425228119e+01
    2.9999271035e-02   -3.7400547028e+01
    3.0000235885e-02   -3.7398078918e+01
