      3002
    0.0000000000e+00    0.0000000000e+00
    9.7362280940e-06   -5.2290732810e-07
    1.9472456188e-05   -1.9754277218e-06
    2.9208684282e-05   -4.3575610107e-06
    3.8944912376e-05   -7.6693077062e-06
    4.9898168072e-05   -1.2506199710e-05
    5.9634396166e-05   -1.7793374354e-05
    6.9370624260e-05   -2.4010161724e-05
    7.9106852354e-05   -3.1156559999e-05
    8.8843080448e-05   -3.9232574636e-05
    9.9796336144e-05   -4.9429265346e-05
    1.0953255696e-04   -5.9480731579e-05
    1.1936988449e-04   -3.5114036873e-03
    1.2951242388e-04   -3.2216399908e-02
    1.3930225396e-04   -8.3496235311e-02
    1.4939271205e-04   -1.5491880476e-01
    1.5927563072e-04   -2.3935157061e-01
    1.6968246200e-04   -3.4038707614e-01
    1.7952857888e-04   -4.4485956430e-01
    1.8913974054e-04   -5.5346149206e-01
    1.9887587405e-04   -6.6873848438e-01
    2.0982899878e-04   -8.0338752270e-01
    2.1956508863e-04   -9.2655175924e-01
    2.2930116393e-04   -1.0522660017e+00
    2.3903725378e-04   -1.1800148487e+00
    2.4999040761e-04   -1.3256427050e+00
    2.5972659932e-04   -1.4564074278e+00
    2.6946279104e-04   -1.5880924463e+00
    2.7919895365e-04   -1.7204319239e+00
    2.8893514536e-04   -1.8531938791e+00
    2.9988834285e-04   -2.0028338432e+00
    3.0962453457e-04   -2.1359524727e+00
    3.1936069718e-04   -2.2690708637e+00
    3.2909688889e-04   -2.4021234512e+00
    3.3883302240e-04   -2.5350720882e+00
    3.4978619078e-04   -2.6844997406e+00
    3.5952235339e-04   -2.8172063828e+00
    3.6925845779e-04   -2.9498131275e+00
    3.7899453309e-04   -3.0823254585e+00
    3.8994755596e-04   -3.2312917709e+00
    3.9968357305e-04   -3.3636143208e+00
    4.0941956104e-04   -3.4958615303e+00
    4.1915551992e-04   -3.6280424595e+00
    4.2889144970e-04   -3.7601523399e+00
    4.3984435615e-04   -3.9086661339e+00
    4.4958025683e-04   -4.0405545235e+00
    4.5931615750e-04   -4.1723141670e+00
    4.6905202908e-04   -4.3039541245e+00
    4.7878790065e-04   -4.4354963303e+00
    4.8974074889e-04   -4.5833888054e+00
    4.9947656225e-04   -4.7147741318e+00
    5.0921243383e-04   -4.8460869789e+00
    5.1894818898e-04   -4.9773235321e+00
    5.2990094991e-04   -5.1248731613e+00
    5.3963670507e-04   -5.2559342384e+00
    5.4937246023e-04   -5.3868665695e+00
    5.5910821538e-04   -5.5175933838e+00
    5.6884397054e-04   -5.6480150223e+00
    5.7979667326e-04   -5.7942633629e+00
    5.8953242842e-04   -5.9237899780e+00
    5.9926818358e-04   -6.0528931618e+00
    6.0900388053e-04   -6.1816473007e+00
    6.1995652504e-04   -6.3262090683e+00
    6.2969216378e-04   -6.4545679092e+00
    6.3942786073e-04   -6.5828785896e+00
    6.4916349947e-04   -6.7111907005e+00
    6.5889908001e-04   -6.8395195007e+00
    6.6985160811e-04   -6.9838943481e+00
    6.7958718864e-04   -7.1121940613e+00
    6.8932271097e-04   -7.2404150963e+00
    6.9905823329e-04   -7.3685107231e+00
    7.0879369741e-04   -7.4964385033e+00
    7.1974610910e-04   -7.6401124001e+00
    7.2948157322e-04   -7.7675724030e+00
    7.3921697913e-04   -7.8947734833e+00
    7.4895244325e-04   -8.0217018127e+00
    7.5990479672e-04   -8.1641654968e+00
    7.6964020263e-04   -8.2905139923e+00
    7.7937560854e-04   -8.4166173935e+00
    7.8911101446e-04   -8.5425090790e+00
    7.9884642037e-04   -8.6682357788e+00
    8.0979865743e-04   -8.8095417023e+00
    8.1953400513e-04   -8.9350843430e+00
    8.2926929463e-04   -9.0606174469e+00
    8.3900458412e-04   -9.1861848831e+00
    8.4995670477e-04   -9.3275318146e+00
    8.5969193606e-04   -9.4532756805e+00
    8.6942716734e-04   -9.5791292191e+00
    8.7916234042e-04   -9.7050914764e+00
    8.8889745530e-04   -9.8311519623e+00
    8.9984945953e-04   -9.9730587006e+00
    9.0958451619e-04   -1.0099247932e+01
    9.1931951465e-04   -1.0225451469e+01
    9.2905445490e-04   -1.0351634979e+01
    9.3878927873e-04   -1.0477766991e+01
    9.4974087551e-04   -1.0619570732e+01
    9.5947552472e-04   -1.0745509148e+01
    9.6921011573e-04   -1.0871328354e+01
    9.7894459032e-04   -1.0997016907e+01
    9.8989589605e-04   -1.1138242722e+01
    9.9963019602e-04   -1.1263603210e+01
    1.0093643796e-03   -1.1388780594e+01
    1.0190985631e-03   -1.1513759613e+01
    1.0288325138e-03   -1.1638537407e+01
    1.0397832375e-03   -1.1778690338e+01
    1.0495170718e-03   -1.1903108597e+01
    1.0592506733e-03   -1.2027413368e+01
    1.0689842748e-03   -1.2151639938e+01
    1.0799344163e-03   -1.2291321754e+01
    1.0896677850e-03   -1.2415417671e+01
    1.0994010372e-03   -1.2539434433e+01
    1.1091342894e-03   -1.2663350105e+01
    1.1188673088e-03   -1.2787147522e+01
    1.1298169848e-03   -1.2926273346e+01
    1.1395498877e-03   -1.3049828529e+01
    1.1492826743e-03   -1.3173313141e+01
    1.1590153445e-03   -1.3296772957e+01
    1.1699643219e-03   -1.3435700417e+01
    1.1796967592e-03   -1.3559275627e+01
    1.1894289637e-03   -1.3682969093e+01
    1.1991611682e-03   -1.3806796074e+01
    1.2088933727e-03   -1.3930755615e+01
    1.2198420009e-03   -1.4070344925e+01
    1.2295740889e-03   -1.4194505692e+01
    1.2393060606e-03   -1.4318703651e+01
    1.2490381487e-03   -1.4442900658e+01
    1.2599866604e-03   -1.4582577705e+01
    1.2697185157e-03   -1.4706669807e+01
    1.2794504873e-03   -1.4830687523e+01
    1.2891823426e-03   -1.4954628944e+01
    1.2989141978e-03   -1.5078504562e+01
    1.3098624768e-03   -1.5217810631e+01
    1.3195943320e-03   -1.5341616631e+01
    1.3293261873e-03   -1.5465431213e+01
    1.3390581589e-03   -1.5589277267e+01
    1.3487900142e-03   -1.5713173866e+01
    1.3597385259e-03   -1.5852631569e+01
    1.3694704976e-03   -1.5976658821e+01
    1.3792023528e-03   -1.6100736618e+01
    1.3889340917e-03   -1.6224845886e+01
    1.3998821378e-03   -1.6364480972e+01
    1.4096136438e-03   -1.6488582611e+01
    1.4193450334e-03   -1.6612640381e+01
    1.4290763065e-03   -1.6736627579e+01
    1.4388074633e-03   -1.6860519409e+01
    1.4497550437e-03   -1.6999755859e+01
    1.4594860841e-03   -1.7123369217e+01
    1.4692171244e-03   -1.7246826172e+01
    1.4789480483e-03   -1.7370115280e+01
    1.4898953959e-03   -1.7508615494e+01
    1.4996263199e-03   -1.7631559372e+01
    1.5093573602e-03   -1.7754362106e+01
    1.5190882841e-03   -1.7877042770e+01
    1.5288193244e-03   -1.7999620438e+01
    1.5397667885e-03   -1.8137420654e+01
    1.5494978288e-03   -1.8259843826e+01
    1.5592289856e-03   -1.8382221222e+01
    1.5689601423e-03   -1.8504577637e+01
    1.5799077228e-03   -1.8642238617e+01
    1.5896389959e-03   -1.8764646530e+01
    1.5993701527e-03   -1.8887132645e+01
    1.6091015423e-03   -1.9009735107e+01
    1.6188328154e-03   -1.9132484436e+01
    1.6297805123e-03   -1.9270786285e+01
    1.6395119019e-03   -1.9393920898e+01
    1.6492432915e-03   -1.9517244339e+01
    1.6589745646e-03   -1.9640743256e+01
    1.6699222615e-03   -1.9779861450e+01
    1.6796534183e-03   -1.9903648376e+01
    1.6893845750e-03   -2.0027521133e+01
    1.6991156153e-03   -2.0151443481e+01
    1.7088466557e-03   -2.0275390625e+01
    1.7197940033e-03   -2.0414829254e+01
    1.7295248108e-03   -2.0538757324e+01
    1.7392556183e-03   -2.0662660599e+01
    1.7489861930e-03   -2.0786539078e+01
    1.7599329585e-03   -2.0925870895e+01
    1.7696633004e-03   -2.1049701691e+01
    1.7793934094e-03   -2.1173515320e+01
    1.7891235184e-03   -2.1297315598e+01
    1.7988532782e-03   -2.1421104431e+01
    1.8097991124e-03   -2.1560354233e+01
    1.8195285229e-03   -2.1684118271e+01
    1.8292577006e-03   -2.1807868958e+01
    1.8389866455e-03   -2.1931606293e+01
    1.8499315483e-03   -2.2070795059e+01
    1.8596601440e-03   -2.2194511414e+01
    1.8693886232e-03   -2.2318223953e+01
    1.8791169859e-03   -2.2441947937e+01
    1.8888451159e-03   -2.2565696716e+01
    1.8997892039e-03   -2.2704967499e+01
    1.9095172174e-03   -2.2828838348e+01
    1.9192451145e-03   -2.2952806473e+01
    1.9289728953e-03   -2.3076898575e+01
    1.9399166340e-03   -2.3216684341e+01
    1.9496444147e-03   -2.3341131210e+01
    1.9593720790e-03   -2.3465778351e+01
    1.9690997433e-03   -2.3590637207e+01
    1.9788274076e-03   -2.3715713501e+01
    1.9897709135e-03   -2.3856676102e+01
    1.9994983450e-03   -2.3982189178e+01
    2.0092257764e-03   -2.4107889175e+01
    2.0189529750e-03   -2.4233758926e+01
    2.0298960153e-03   -2.4375551224e+01
    2.0396232139e-03   -2.4501747131e+01
    2.0493501797e-03   -2.4628086090e+01
    2.0590771455e-03   -2.4754570007e+01
    2.0688038785e-03   -2.4881198883e+01
    2.0797464531e-03   -2.5023834229e+01
    2.0894729532e-03   -2.5150783539e+01
    2.0991994534e-03   -2.5277881622e+01
    2.1089257207e-03   -2.5405128479e+01
    2.1198678296e-03   -2.5548456192e+01
    2.1295938641e-03   -2.5676010132e+01
    2.1393198986e-03   -2.5803710938e+01
    2.1490459330e-03   -2.5931564331e+01
    2.1599873435e-03   -2.6075588226e+01
    2.1697131451e-03   -2.6203796387e+01
    2.1794387139e-03   -2.6332191467e+01
    2.1891642828e-03   -2.6460788727e+01
    2.1988898516e-03   -2.6589597702e+01
    2.2098312620e-03   -2.6734773636e+01
    2.2195565980e-03   -2.6864057541e+01
    2.2292819340e-03   -2.6993558884e+01
    2.2390072700e-03   -2.7123270035e+01
    2.2499482147e-03   -2.7269426346e+01
    2.2596733179e-03   -2.7399530411e+01
    2.2693981882e-03   -2.7529785156e+01
    2.2791230585e-03   -2.7660173416e+01
    2.2888479289e-03   -2.7790670395e+01
    2.2997881752e-03   -2.7937595367e+01
    2.3095125798e-03   -2.8068283081e+01
    2.3192369845e-03   -2.8199050903e+01
    2.3289611563e-03   -2.8329895020e+01
    2.3399007041e-03   -2.8477193832e+01
    2.3496244103e-03   -2.8608222961e+01
    2.3593481164e-03   -2.8739351273e+01
    2.3690713570e-03   -2.8870590210e+01
    2.3787945975e-03   -2.9001951218e+01
    2.3897332139e-03   -2.9149894714e+01
    2.3995384108e-03   -2.9282669067e+01
    2.4099193979e-03   -2.9423418045e+01
    2.4196517188e-03   -2.9555549622e+01
    2.4293838069e-03   -2.9687868118e+01
    2.4397517554e-03   -2.9829048157e+01
    2.4494747631e-03   -2.9961662292e+01
    2.4591975380e-03   -3.0094503403e+01
    2.4689203128e-03   -3.0227582932e+01
    2.4798586965e-03   -3.0377599716e+01
    2.4895814713e-03   -3.0511232376e+01
    2.4993044790e-03   -3.0645135880e+01
    2.5090277195e-03   -3.0779321671e+01
    2.5199663360e-03   -3.0930620193e+01
    2.5296895765e-03   -3.1065406799e+01
    2.5394128170e-03   -3.1200477600e+01
    2.5491360575e-03   -3.1335823059e+01
    2.5588592980e-03   -3.1471439362e+01
    2.5698216632e-03   -3.1624660492e+01
    2.5799144059e-03   -3.1766014099e+01
    2.5890895631e-03   -3.1894758224e+01
    2.5992738083e-03   -3.2037925720e+01
    2.6088915765e-03   -3.2173377991e+01
    2.6198297273e-03   -3.2327716827e+01
    2.6295525022e-03   -3.2465164185e+01
    2.6392752770e-03   -3.2602844238e+01
    2.6489978191e-03   -3.2740760803e+01
    2.6599837001e-03   -3.2896877289e+01
    2.6699991431e-03   -3.3039455414e+01
    2.6795428712e-03   -3.3175537109e+01
    2.6899522636e-03   -3.3324214935e+01
    2.6996738743e-03   -3.3463306427e+01
    2.7094443794e-03   -3.3603336334e+01
    2.7199555188e-03   -3.3754249573e+01
    2.7294731699e-03   -3.3891155243e+01
    2.7398141101e-03   -3.4040184021e+01
    2.7495711111e-03   -3.4181072235e+01
    2.7592917904e-03   -3.4321697235e+01
    2.7697796468e-03   -3.4473709106e+01
    2.7793236077e-03   -3.4612293243e+01
    2.7893041261e-03   -3.4757457733e+01
    2.7994886041e-03   -3.4905811310e+01
    2.8094514273e-03   -3.5051124573e+01
    2.8192086611e-03   -3.5193588257e+01
    2.8293011710e-03   -3.5341068268e+01
    2.8397461865e-03   -3.5493793488e+01
    2.8498389293e-03   -3.5641426086e+01
    2.8595710173e-03   -3.5783821106e+01
    2.8696637601e-03   -3.5931518555e+01
    2.8791178484e-03   -3.6069900513e+01
    2.8892103583e-03   -3.6217655182e+01
    2.8998849448e-03   -3.6373973846e+01
    2.9093327466e-03   -3.6512374878e+01
    2.9194252566e-03   -3.6660293579e+01
    2.9295179993e-03   -3.6808296204e+01
    2.9396105092e-03   -3.6956394196e+01
    2.9497032519e-03   -3.7104598999e+01
    2.9597959947e-03   -3.7252906799e+01
    2.9698885046e-03   -3.7401313782e+01
    2.9793891590e-03   -3.7541095734e+01
    2.9899931978e-03   -3.7697185516e+01
    2.9996333178e-03   -3.7839134216e+01
    3.0095723923e-03   -3.7985507965e+01
    3.0192923732e-03   -3.8128662109e+01
    3.0290123541e-03   -3.8271804810e+01
    3.0399472453e-03   -3.8432807922e+01
    3.0493761878e-03   -3.8571598053e+01
    3.0599802267e-03   -3.8727634430e+01
    3.0694403686e-03   -3.8866779327e+01
    3.0796655919e-03   -3.9017120361e+01
    3.0898910481e-03   -3.9167388916e+01
    3.0994347762e-03   -3.9307567596e+01
    3.1096602324e-03   -3.9457668304e+01
    3.1196919736e-03   -3.9604827881e+01
    3.1294038054e-03   -3.9747188568e+01
    3.1391226221e-03   -3.9889526367e+01
    3.1490530819e-03   -4.0034816742e+01
    3.1596571207e-03   -4.0189777374e+01
    3.1696353108e-03   -4.0335388184e+01
    3.1790640205e-03   -4.0472782135e+01
    3.1896680593e-03   -4.0627059937e+01
    3.1993081793e-03   -4.0767063141e+01
    3.2090446912e-03   -4.0908218384e+01
    3.2199474517e-03   -4.1065971375e+01
    3.2296658028e-03   -4.1206298828e+01
    3.2391333953e-03   -4.1342742920e+01
    3.2497376669e-03   -4.1495254517e+01
    3.2593775541e-03   -4.1633625031e+01
    3.2695673872e-03   -4.1779602051e+01
    3.2797090244e-03   -4.1924621582e+01
    3.2893491443e-03   -4.2062236786e+01
    3.2999531832e-03   -4.2213378906e+01
    3.3095933031e-03   -4.2350585938e+01
    3.3188189846e-03   -4.2481750488e+01
    3.3297524787e-03   -4.2637027740e+01
    3.3394712955e-03   -4.2774917603e+01
    3.3491901122e-03   -4.2912696838e+01
    3.3589089289e-03   -4.3050373077e+01
    3.3698424231e-03   -4.3205131531e+01
    3.3793104813e-03   -4.3339038849e+01
    3.3899145201e-03   -4.3488876343e+01
    3.3995546401e-03   -4.3624961853e+01
    3.4092820715e-03   -4.3762138367e+01
    3.4190008882e-03   -4.3899028778e+01
    3.4299343824e-03   -4.4052822113e+01
    3.4396529663e-03   -4.4189327240e+01
    3.4495438449e-03   -4.4328044891e+01
    3.4591839649e-03   -4.4463039398e+01
    3.4697880037e-03   -4.4611305237e+01
    3.4794281237e-03   -4.4745880127e+01
    3.4890682437e-03   -4.4880260468e+01
    3.4996722825e-03   -4.5027866364e+01
    3.5093124025e-03   -4.5161861420e+01
    3.5195411183e-03   -4.5303844452e+01
    3.5292592365e-03   -4.5438560486e+01
    3.5389771219e-03   -4.5573101044e+01
    3.5491187591e-03   -4.5713321686e+01
    3.5597227979e-03   -4.5859729767e+01
    3.5693629179e-03   -4.5992633820e+01
    3.5799669567e-03   -4.6138607025e+01
    3.5896070767e-03   -4.6271087646e+01
    3.5997966770e-03   -4.6410884857e+01
    3.6095143296e-03   -4.6543956757e+01
    3.6192319822e-03   -4.6676776886e+01
    3.6298360210e-03   -4.6821403503e+01
    3.6394761410e-03   -4.6952583313e+01
    3.6499553826e-03   -4.7094848633e+01
    3.6596730351e-03   -4.7226448059e+01
    3.6693906877e-03   -4.7357719421e+01
    3.6791083403e-03   -4.7488643646e+01
    3.6888259929e-03   -4.7619209290e+01
    3.6997585557e-03   -4.7765651703e+01
    3.7098999601e-03   -4.7901065826e+01
    3.7195400801e-03   -4.8029384613e+01
    3.7291802000e-03   -4.8157302856e+01
    3.7397842389e-03   -4.8297546387e+01
    3.7494243588e-03   -4.8424610138e+01
    3.7590644788e-03   -4.8551254272e+01
    3.7687914446e-03   -4.8678615570e+01
    3.7798970006e-03   -4.8823493958e+01
    3.7895371206e-03   -4.8948787689e+01
    3.7991772406e-03   -4.9073650360e+01
    3.8097812794e-03   -4.9210487366e+01
    3.8195177913e-03   -4.9335659027e+01
    3.8291872479e-03   -4.9459518433e+01
    3.8389049005e-03   -4.9583549500e+01
    3.8496016059e-03   -4.9719551086e+01
    3.8598270621e-03   -4.9849056244e+01
    3.8693707902e-03   -4.9969482422e+01
    3.8795962464e-03   -5.0098033905e+01
    3.8898217026e-03   -5.0226100922e+01
    3.8993654307e-03   -5.0345180511e+01
    3.9095906541e-03   -5.0472286224e+01
    3.9198161103e-03   -5.0598880768e+01
    3.9293598384e-03   -5.0716564178e+01
    3.9395852946e-03   -5.0842132568e+01
    3.9498107508e-03   -5.0967136383e+01
    3.9593544789e-03   -5.1083278656e+01
    3.9695799351e-03   -5.1207126617e+01
    3.9798053913e-03   -5.1330341339e+01
    3.9893491194e-03   -5.1444747925e+01
    3.9995745756e-03   -5.1566669464e+01
    4.0098000318e-03   -5.1687892914e+01
    4.0193437599e-03   -5.1800392151e+01
    4.0295692161e-03   -5.1920223236e+01
    4.0397946723e-03   -5.2039321899e+01
    4.0493384004e-03   -5.2149810791e+01
    4.0595638566e-03   -5.2267475128e+01
    4.0697893128e-03   -5.2384399414e+01
    4.0793330409e-03   -5.2492858887e+01
    4.0895584971e-03   -5.2608352661e+01
    4.0997839533e-03   -5.2723098755e+01
    4.1093276814e-03   -5.2829521179e+01
    4.1195531376e-03   -5.2942821503e+01
    4.1297785938e-03   -5.3055362701e+01
    4.1393223219e-03   -5.3159706116e+01
    4.1495477781e-03   -5.3270759583e+01
    4.1594114155e-03   -5.3377140045e+01
    4.1690515354e-03   -5.3480400085e+01
    4.1796555743e-03   -5.3593173981e+01
    4.1893920861e-03   -5.3695964813e+01
    4.1999961250e-03   -5.3807090759e+01
    4.2096362449e-03   -5.3907375336e+01
    4.2192763649e-03   -5.4006958008e+01
    4.2298804037e-03   -5.4115699768e+01
    4.2395205237e-03   -5.4213832855e+01
    4.2491606437e-03   -5.4311283112e+01
    4.2597646825e-03   -5.4417701721e+01
    4.2694048025e-03   -5.4513748169e+01
    4.2790449224e-03   -5.4609138489e+01
    4.2896489613e-03   -5.4713321686e+01
    4.2992890812e-03   -5.4807361603e+01
    4.3094786815e-03   -5.4906082153e+01
    4.3191188015e-03   -5.4998840332e+01
    4.3297228403e-03   -5.5100170135e+01
    4.3393629603e-03   -5.5191654205e+01
    4.3499669991e-03   -5.5291599274e+01
    4.3596071191e-03   -5.5381843567e+01
    4.3692472391e-03   -5.5471515656e+01
    4.3796873651e-03   -5.5567993164e+01
    4.3896171264e-03   -5.5659156799e+01
    4.3992572464e-03   -5.5747119904e+01
    4.4098612852e-03   -5.5843288422e+01
    4.4191260822e-03   -5.5926818848e+01
    4.4288439676e-03   -5.6013969421e+01
    4.4395262375e-03   -5.6109241486e+01
    4.4491663575e-03   -5.6194774628e+01
    4.4597703964e-03   -5.6288398743e+01
    4.4694105163e-03   -5.6373111725e+01
    4.4790506363e-03   -5.6457466125e+01
    4.4897235930e-03   -5.6550457001e+01
    4.4999490492e-03   -5.6639175415e+01
    4.5098606497e-03   -5.6724834442e+01
    4.5195007697e-03   -5.6807834625e+01
    4.5291408896e-03   -5.6890533447e+01
    4.5397449285e-03   -5.6981166840e+01
    4.5494814403e-03   -5.7064075470e+01
    4.5598256402e-03   -5.7151840210e+01
    4.5688003302e-03   -5.7227722168e+01
    4.5797340572e-03   -5.7319850922e+01
    4.5894528739e-03   -5.7401454926e+01
    4.5991716906e-03   -5.7482810974e+01
    4.6096034348e-03   -5.7569873810e+01
    4.6192435548e-03   -5.7650112152e+01
    4.6298475936e-03   -5.7738155365e+01
    4.6394877136e-03   -5.7818023682e+01
    4.6491278335e-03   -5.7897754669e+01
    4.6598194167e-03   -5.7986053467e+01
    4.6698590741e-03   -5.8068874359e+01
    4.6794028021e-03   -5.8147544861e+01
    4.6897139400e-03   -5.8232498169e+01
    4.6993540600e-03   -5.8311901093e+01
    4.7099580988e-03   -5.8399246216e+01
    4.7195982188e-03   -5.8478668213e+01
    4.7292383388e-03   -5.8558113098e+01
    4.7398423776e-03   -5.8645549774e+01
    4.7493190505e-03   -5.8723739624e+01
    4.7590387985e-03   -5.8803985596e+01
    4.7699734569e-03   -5.8894336700e+01
    4.7796932049e-03   -5.8974716187e+01
    4.7894129530e-03   -5.9055168152e+01
    4.7990926541e-03   -5.9135356903e+01
    4.8096003011e-03   -5.9222484589e+01
    4.8195123672e-03   -5.9304756165e+01
    4.8291524872e-03   -5.9384849548e+01
    4.8397565261e-03   -5.9473056793e+01
    4.8493966460e-03   -5.9553340912e+01
    4.8593357205e-03   -5.9636211395e+01
    4.8690559343e-03   -5.9717361450e+01
    4.8794490285e-03   -5.9804244995e+01
    4.8890891485e-03   -5.9884944916e+01
    4.8996931873e-03   -5.9973838806e+01
    4.9097039737e-03   -6.0057891846e+01
    4.9195010215e-03   -6.0140274048e+01
    4.9291541800e-03   -6.0221580505e+01
    4.9388753250e-03   -6.0303585052e+01
    4.9493089318e-03   -6.0391757965e+01
    4.9599129707e-03   -6.0481544495e+01
    4.9695530906e-03   -6.0563316345e+01
    4.9791932106e-03   -6.0645244598e+01
    4.9896342680e-03   -6.0734149933e+01
    4.9992743880e-03   -6.0816402435e+01
    5.0091389567e-03   -6.0900730133e+01
    5.0191693008e-03   -6.0986652374e+01
    5.0288909115e-03   -6.1070095062e+01
    5.0398274325e-03   -6.1164184570e+01
    5.0495490432e-03   -6.1248012543e+01
    5.0592706539e-03   -6.1332027435e+01
    5.0689922646e-03   -6.1416236877e+01
    5.0796782598e-03   -6.1509010315e+01
    5.0893183798e-03   -6.1592891693e+01
    5.0999224186e-03   -6.1685359955e+01
    5.1094000228e-03   -6.1768165588e+01
    5.1191216335e-03   -6.1853275299e+01
    5.1288441755e-03   -6.1938552856e+01
    5.1397816278e-03   -6.2034694672e+01
    5.1495037042e-03   -6.2120338440e+01
    5.1592257805e-03   -6.2206150055e+01
    5.1689483225e-03   -6.2292118073e+01
    5.1792906597e-03   -6.2383728027e+01
    5.1893829368e-03   -6.2473274231e+01
    5.1987944171e-03   -6.2556892395e+01
    5.2097323351e-03   -6.2654186249e+01
    5.2194553427e-03   -6.2740756989e+01
    5.2291778848e-03   -6.2827388763e+01
    5.2396133542e-03   -6.2920417786e+01
    5.2492534742e-03   -6.3006378174e+01
    5.2596954629e-03   -6.3099491119e+01
    5.2694184706e-03   -6.3186172485e+01
    5.2791414782e-03   -6.3272811890e+01
    5.2888644859e-03   -6.3359378815e+01
    5.2995104343e-03   -6.3454051971e+01
    5.3091505542e-03   -6.3539653778e+01
    5.3197545931e-03   -6.3633647919e+01
    5.3293947130e-03   -6.3718921661e+01
    5.3399987519e-03   -6.3812496185e+01
    5.3496388718e-03   -6.3897331238e+01
    5.3592789918e-03   -6.3981922150e+01
    5.3699794225e-03   -6.4075508118e+01
    5.3796540014e-03   -6.4159820557e+01
    5.3893360309e-03   -6.4243888855e+01
    5.3999405354e-03   -6.4335578918e+01
    5.4092551582e-03   -6.4415779114e+01
    5.4195336998e-03   -6.4503890991e+01
    5.4291738197e-03   -6.4586143494e+01
    5.4397778586e-03   -6.4676193237e+01
    5.4494179785e-03   -6.4757659912e+01
    5.4596504197e-03   -6.4843711853e+01
    5.4695424624e-03   -6.4926498413e+01
    5.4791821167e-03   -6.5006782532e+01
    5.4894150235e-03   -6.5091583252e+01
    5.4991403595e-03   -6.5171768188e+01
    5.5088652298e-03   -6.5251548767e+01
    5.5198059417e-03   -6.5340820312e+01
    5.5295312777e-03   -6.5419746399e+01
    5.5392561480e-03   -6.5498252869e+01
    5.5489819497e-03   -6.5576339722e+01
    5.5599231273e-03   -6.5663696289e+01
    5.5696484633e-03   -6.5740890503e+01
    5.5793742649e-03   -6.5817672729e+01
    5.5891000666e-03   -6.5894035339e+01
    5.5988258682e-03   -6.5969985962e+01
    5.6097675115e-03   -6.6054939270e+01
    5.6194933131e-03   -6.6130020142e+01
    5.6291334331e-03   -6.6204048157e+01
    5.6397374719e-03   -6.6285018921e+01
    5.6497198530e-03   -6.6360801697e+01
    5.6594461203e-03   -6.6434234619e+01
    5.6693810038e-03   -6.6508819580e+01
    5.6799850427e-03   -6.6587944031e+01
    5.6899241172e-03   -6.6661643982e+01
    5.6996508501e-03   -6.6733322144e+01
    5.7093775831e-03   -6.6804565430e+01
    5.7191043161e-03   -6.6875358582e+01
    5.7288315147e-03   -6.6945709229e+01
    5.7397307828e-03   -6.7024017334e+01
    5.7493709028e-03   -6.7092819214e+01
    5.7599749416e-03   -6.7168022156e+01
    5.7696150616e-03   -6.7235977173e+01
    5.7792551816e-03   -6.7303550720e+01
    5.7896981016e-03   -6.7376335144e+01
    5.7994257659e-03   -6.7443778992e+01
    5.8090658858e-03   -6.7510299683e+01
    5.8196699247e-03   -6.7583137512e+01
    5.8288965374e-03   -6.7646263123e+01
    5.8398405090e-03   -6.7720848083e+01
    5.8495686390e-03   -6.7786918640e+01
    5.8592963032e-03   -6.7852783203e+01
    5.8690244332e-03   -6.7918472290e+01
    5.8792126365e-03   -6.7987083435e+01
    5.8898166753e-03   -6.8058319092e+01
    5.8994567953e-03   -6.8122917175e+01
    5.9090969153e-03   -6.8187393188e+01
    5.9197009541e-03   -6.8258163452e+01
    5.9293410741e-03   -6.8322380066e+01
    5.9399455786e-03   -6.8392906189e+01
    5.9494688176e-03   -6.8456146240e+01
    5.9599531814e-03   -6.8525688171e+01
    5.9691281058e-03   -6.8586486816e+01
    5.9797321446e-03   -6.8656700134e+01
    5.9893722646e-03   -6.8720497131e+01
    5.9998603538e-03   -6.8789878845e+01
    6.0097523965e-03   -6.8855323792e+01
    6.0193925165e-03   -6.8919113159e+01
    6.0299965553e-03   -6.8989311218e+01
    6.0396366753e-03   -6.9053153992e+01
    6.0492767952e-03   -6.9117042542e+01
    6.0598808341e-03   -6.9187362671e+01
    6.0695209540e-03   -6.9251342773e+01
    6.0791610740e-03   -6.9315353394e+01
    6.0897651128e-03   -6.9385803223e+01
    6.0994052328e-03   -6.9449867249e+01
    6.1090453528e-03   -6.9513946533e+01
    6.1196493916e-03   -6.9584434509e+01
    6.1292895116e-03   -6.9648498535e+01
    6.1398935504e-03   -6.9718933105e+01
    6.1495336704e-03   -6.9782913208e+01
    6.1591737904e-03   -6.9846847534e+01
    6.1694057658e-03   -6.9914619446e+01
    6.1799632385e-03   -6.9984451294e+01
    6.1896033585e-03   -7.0048110962e+01
    6.1992434785e-03   -7.0111656189e+01
    6.2098475173e-03   -7.0181419373e+01
    6.2194876373e-03   -7.0244705200e+01
    6.2291277573e-03   -7.0307846069e+01
    6.2397317961e-03   -7.0377143860e+01
    6.2493719161e-03   -7.0439979553e+01
    6.2599764206e-03   -7.0508911133e+01
    6.2699606642e-03   -7.0573638916e+01
    6.2796915881e-03   -7.0636543274e+01
    6.2895840965e-03   -7.0700317383e+01
    6.2998207286e-03   -7.0766105652e+01
    6.3095516525e-03   -7.0828460693e+01
    6.3192825764e-03   -7.0890609741e+01
    6.3298135065e-03   -7.0957641602e+01
    6.3390866853e-03   -7.1016464233e+01
    6.3488176093e-03   -7.1077972412e+01
    6.3596740365e-03   -7.1146324158e+01
    6.3693141565e-03   -7.1206771851e+01
    6.3792532310e-03   -7.1268836975e+01
    6.3896505162e-03   -7.1333488464e+01
    6.3992906362e-03   -7.1393157959e+01
    6.4098946750e-03   -7.1458488464e+01
    6.4195347950e-03   -7.1517601013e+01
    6.4297262579e-03   -7.1579788208e+01
    6.4397552051e-03   -7.1640678406e+01
    6.4498339780e-03   -7.1701553345e+01
    6.4594256692e-03   -7.1759170532e+01
    6.4698364586e-03   -7.1821357727e+01
    6.4796209335e-03   -7.1879447937e+01
    6.4893672243e-03   -7.1936950684e+01
    6.4996611327e-03   -7.1997268677e+01
    6.5095736645e-03   -7.2054939270e+01
    6.5198671073e-03   -7.2114379883e+01
    6.5294108354e-03   -7.2169059753e+01
    6.5393913537e-03   -7.2225807190e+01
    6.5488712862e-03   -7.2279266357e+01
    6.5597733483e-03   -7.2340225220e+01
    6.5699988045e-03   -7.2396881104e+01
    6.5795425326e-03   -7.2449287415e+01
    6.5897679888e-03   -7.2504936218e+01
    6.5999934450e-03   -7.2560050964e+01
    6.6095371731e-03   -7.2611000061e+01
    6.6197626293e-03   -7.2665039062e+01
    6.6299568862e-03   -7.2718345642e+01
    6.6398954950e-03   -7.2769760132e+01
    6.6495356150e-03   -7.2819099426e+01
    6.6591757350e-03   -7.2867897034e+01
    6.6697797738e-03   -7.2920967102e+01
    6.6794198938e-03   -7.2968643188e+01
    6.6890600137e-03   -7.3015792847e+01
    6.6996640526e-03   -7.3067047119e+01
    6.7093041725e-03   -7.3113082886e+01
    6.7190406844e-03   -7.3159034729e+01
    6.7296405323e-03   -7.3208442688e+01
    6.7392806523e-03   -7.3252799988e+01
    6.7498846911e-03   -7.3300941467e+01
    6.7595248111e-03   -7.3344116211e+01
    6.7691649310e-03   -7.3386718750e+01
    6.7799063399e-03   -7.3433532715e+01
    6.7896377295e-03   -7.3475357056e+01
    6.7997826263e-03   -7.3518371582e+01
    6.8094227463e-03   -7.3558700562e+01
    6.8190628663e-03   -7.3598518372e+01
    6.8290471099e-03   -7.3639228821e+01
    6.8399040028e-03   -7.3682891846e+01
    6.8495436572e-03   -7.3721145630e+01
    6.8591837771e-03   -7.3758926392e+01
    6.8697882816e-03   -7.3799942017e+01
    6.8797268905e-03   -7.3837898254e+01
    6.8899174221e-03   -7.3876319885e+01
    6.8995575421e-03   -7.3912239075e+01
    6.9091976620e-03   -7.3947753906e+01
    6.9189341739e-03   -7.3983215332e+01
    6.9298320450e-03   -7.4022438049e+01
    6.9395634346e-03   -7.4057052612e+01
    6.9492948242e-03   -7.4091285706e+01
    6.9590262137e-03   -7.4125129700e+01
    6.9692167453e-03   -7.4160171509e+01
    6.9798212498e-03   -7.4196205139e+01
    6.9894609042e-03   -7.4228576660e+01
    6.9991010241e-03   -7.4260581970e+01
    7.0097055286e-03   -7.4295356750e+01
    7.0189782418e-03   -7.4325401306e+01
    7.0299264044e-03   -7.4360420227e+01
    7.0396582596e-03   -7.4391151428e+01
    7.0490916260e-03   -7.4420570374e+01
    7.0596956648e-03   -7.4453231812e+01
    7.0693357848e-03   -7.4482543945e+01
    7.0799398236e-03   -7.4514396667e+01
    7.0895799436e-03   -7.4542999268e+01
    7.0992200635e-03   -7.4571296692e+01
    7.1099204943e-03   -7.4602355957e+01
    7.1196025237e-03   -7.4630172729e+01
    7.1297474205e-03   -7.4659049988e+01
    7.1393875405e-03   -7.4686264038e+01
    7.1499915794e-03   -7.4715972900e+01
    7.1597280912e-03   -7.4743080139e+01
    7.1694101207e-03   -7.4769905090e+01
    7.1793026291e-03   -7.4797195435e+01
    7.1899066679e-03   -7.4826347351e+01
    7.1995467879e-03   -7.4852790833e+01
    7.2091869079e-03   -7.4879196167e+01
    7.2196307592e-03   -7.4907775879e+01
    7.2297756560e-03   -7.4935531616e+01
    7.2394157760e-03   -7.4961906433e+01
    7.2488957085e-03   -7.4987854004e+01
    7.2598969564e-03   -7.5017990112e+01
    7.2694406845e-03   -7.5044158936e+01
    7.2798514739e-03   -7.5072738647e+01
    7.2899963707e-03   -7.5100639343e+01
    7.2996364906e-03   -7.5127189636e+01
    7.3092766106e-03   -7.5153793335e+01
    7.3198806494e-03   -7.5183113098e+01
    7.3296171613e-03   -7.5210105896e+01
    7.3392991908e-03   -7.5237014771e+01
    7.3496964760e-03   -7.5265998840e+01
    7.3593365960e-03   -7.5292953491e+01
    7.3699406348e-03   -7.5322715759e+01
    7.3795807548e-03   -7.5349868774e+01
    7.3892208748e-03   -7.5377120972e+01
    7.3998249136e-03   -7.5407218933e+01
    7.4094650336e-03   -7.5434700012e+01
    7.4191051535e-03   -7.5462303162e+01
    7.4292966165e-03   -7.5491615295e+01
    7.4398522265e-03   -7.5522140503e+01
    7.4494676664e-03   -7.5550086975e+01
    7.4590719305e-03   -7.5578155518e+01
    7.4692168273e-03   -7.5607978821e+01
    7.4798208661e-03   -7.5639366150e+01
    7.4890935794e-03   -7.5667007446e+01
    7.4999956414e-03   -7.5699752808e+01
    7.5096357614e-03   -7.5728942871e+01
    7.5192758814e-03   -7.5758369446e+01
    7.5298799202e-03   -7.5791023254e+01
    7.5393547304e-03   -7.5820465088e+01
    7.5499000959e-03   -7.5853546143e+01
    7.5596324168e-03   -7.5884368896e+01
    7.5697768480e-03   -7.5916801453e+01
    7.5794169679e-03   -7.5947921753e+01
    7.5890570879e-03   -7.5979324341e+01
    7.5996611267e-03   -7.6014198303e+01
    7.6093012467e-03   -7.6046211243e+01
    7.6199742034e-03   -7.6082000732e+01
    7.6290392317e-03   -7.6112693787e+01
    7.6396432705e-03   -7.6148956299e+01
    7.6492833905e-03   -7.6182266235e+01
    7.6598874293e-03   -7.6219306946e+01
    7.6695275493e-03   -7.6253334045e+01
    7.6791676693e-03   -7.6287712097e+01
    7.6898406260e-03   -7.6326156616e+01
    7.6997042634e-03   -7.6362007141e+01
    7.7093443833e-03   -7.6397315979e+01
    7.7199484222e-03   -7.6436424255e+01
    7.7298604883e-03   -7.6473197937e+01
    7.7397720888e-03   -7.6510169983e+01
    7.7494122088e-03   -7.6546302795e+01
    7.7590523288e-03   -7.6582588196e+01
    7.7696563676e-03   -7.6622657776e+01
    7.7793654054e-03   -7.6659469604e+01
    7.7895908616e-03   -7.6698333740e+01
    7.7994544990e-03   -7.6735908508e+01
    7.8090946190e-03   -7.6772697449e+01
    7.8196981922e-03   -7.6813224792e+01
    7.8293383121e-03   -7.6850105286e+01
    7.8399423510e-03   -7.6890701294e+01
    7.8496029601e-03   -7.6927688599e+01
    7.8590465710e-03   -7.6963867188e+01
    7.8697828576e-03   -7.7004981995e+01
    7.8793661669e-03   -7.7041679382e+01
    7.8899702057e-03   -7.7082260132e+01
    7.8996103257e-03   -7.7119140625e+01
    7.9092504457e-03   -7.7156005859e+01
    7.9195722938e-03   -7.7195457458e+01
    7.9297982156e-03   -7.7234497070e+01
    7.9392623156e-03   -7.7270538330e+01
    7.9498663545e-03   -7.7310752869e+01
    7.9599739984e-03   -7.7348876953e+01
    7.9694185406e-03   -7.7384300232e+01
    7.9790474847e-03   -7.7420265198e+01
    7.9896515235e-03   -7.7459777832e+01
    7.9993270338e-03   -7.7495872498e+01
    8.0094840378e-03   -7.7533966064e+01
    8.0196298659e-03   -7.7572463989e+01
    8.0292699859e-03   -7.7609657288e+01
    8.0398255959e-03   -7.7651329041e+01
    8.0493697897e-03   -7.7689979553e+01
    8.0596804619e-03   -7.7732856750e+01
    8.0693205819e-03   -7.7773986816e+01
    8.0799246207e-03   -7.7820304871e+01
    8.0899158493e-03   -7.7864837646e+01
    8.0994600430e-03   -7.7907989502e+01
    8.1097539514e-03   -7.7954910278e+01
    8.1199789420e-03   -7.8001480103e+01
    8.1297252327e-03   -7.8045410156e+01
    8.1393653527e-03   -7.8087989807e+01
    8.1499693915e-03   -7.8133430481e+01
    8.1596095115e-03   -7.8173179626e+01
    8.1694843248e-03   -7.8212181091e+01
    8.1797093153e-03   -7.8250633240e+01
    8.1899352372e-03   -7.8287071228e+01
    8.1995641813e-03   -7.8319602966e+01
    8.2092043012e-03   -7.8350540161e+01
    8.2198083401e-03   -7.8382926941e+01
    8.2294484600e-03   -7.8411132812e+01
    8.2390885800e-03   -7.8438430786e+01
    8.2496926188e-03   -7.8467735291e+01
    8.2595190033e-03   -7.8494529724e+01
    8.2697449252e-03   -7.8522346497e+01
    8.2799699157e-03   -7.8550384521e+01
    8.2895141095e-03   -7.8576980591e+01
    8.2997391000e-03   -7.8606140137e+01
    8.3093205467e-03   -7.8634223938e+01
    8.3195455372e-03   -7.8665153503e+01
    8.3297714591e-03   -7.8697166443e+01
    8.3399964496e-03   -7.8730339050e+01
    8.3495406434e-03   -7.8762367249e+01
    8.3597656339e-03   -7.8797836304e+01
    8.3699915558e-03   -7.8834480286e+01
    8.3795348182e-03   -7.8869728088e+01
    8.3897607401e-03   -7.8908622742e+01
    8.3999857306e-03   -7.8948684692e+01
    8.4095299244e-03   -7.8987106323e+01
    8.4197549149e-03   -7.9029357910e+01
    8.4299808368e-03   -7.9072669983e+01
    8.4395240992e-03   -7.9113998413e+01
    8.4497500211e-03   -7.9159172058e+01
    8.4597300738e-03   -7.9204116821e+01
    8.4693701938e-03   -7.9248291016e+01
    8.4799742326e-03   -7.9297729492e+01
    8.4898490459e-03   -7.9344543457e+01
    8.4990793839e-03   -7.9388938904e+01
    8.5096834227e-03   -7.9440666199e+01
    8.5193235427e-03   -7.9488327026e+01
    8.5299275815e-03   -7.9541404724e+01
    8.5396841168e-03   -7.9590812683e+01
    8.5494313389e-03   -7.9640663147e+01
    8.5590714589e-03   -7.9690399170e+01
    8.5696270689e-03   -7.9745254517e+01
    8.5798520595e-03   -7.9798660278e+01
    8.5899988189e-03   -7.9851768494e+01
    8.5995309055e-03   -7.9901611328e+01
    8.6095705628e-03   -7.9953903198e+01
    8.6197955534e-03   -8.0006782532e+01
    8.6293397471e-03   -8.0055671692e+01
    8.6394855753e-03   -8.0107070923e+01
    8.6494432762e-03   -8.0156875610e+01
    8.6590833962e-03   -8.0204460144e+01
    8.6694741622e-03   -8.0255065918e+01
    8.6792288348e-03   -8.0301963806e+01
    8.6897769943e-03   -8.0352050781e+01
    8.6994171143e-03   -8.0397346497e+01
    8.7090572342e-03   -8.0442222595e+01
    8.7196612731e-03   -8.0491157532e+01
    8.7293703109e-03   -8.0535598755e+01
    8.7395953014e-03   -8.0582069397e+01
    8.7498212233e-03   -8.0628204346e+01
    8.7598012760e-03   -8.0672912598e+01
    8.7694413960e-03   -8.0715789795e+01
    8.7790815160e-03   -8.0758331299e+01
    8.7896855548e-03   -8.0804710388e+01
    8.7993256748e-03   -8.0846466064e+01
    8.8097164407e-03   -8.0891006470e+01
    8.8199423626e-03   -8.0934349060e+01
    8.8294856250e-03   -8.0974319458e+01
    8.8397115469e-03   -8.1016601562e+01
    8.8493227959e-03   -8.1055801392e+01
    8.8595664129e-03   -8.1096916199e+01
    8.8694300503e-03   -8.1135803223e+01
    8.8790701702e-03   -8.1173049927e+01
    8.8896742091e-03   -8.1213058472e+01
    8.8993143290e-03   -8.1248466492e+01
    8.9099183679e-03   -8.1286239624e+01
    8.9195584878e-03   -8.1319427490e+01
    8.9298319072e-03   -8.1353477478e+01
    8.9393751696e-03   -8.1383796692e+01
    8.9499689639e-03   -8.1415885925e+01
    8.9596090838e-03   -8.1443565369e+01
    8.9692492038e-03   -8.1469734192e+01
    8.9798532426e-03   -8.1496688843e+01
    8.9894933626e-03   -8.1519500732e+01
    8.9991334826e-03   -8.1540649414e+01
    9.0095242485e-03   -8.1561569214e+01
    9.0191541240e-03   -8.1579208374e+01
    9.0297581628e-03   -8.1596679688e+01
    9.0398658067e-03   -8.1611473083e+01
    9.0494100004e-03   -8.1623825073e+01
    9.0596349910e-03   -8.1635391235e+01
    9.0698609129e-03   -8.1645362854e+01
    9.0794041753e-03   -8.1653388977e+01
    9.0896980837e-03   -8.1660949707e+01
    9.0993279591e-03   -8.1667266846e+01
    9.1098835692e-03   -8.1673461914e+01
    9.1194957495e-03   -8.1678596497e+01
    9.1295018792e-03   -8.1683502197e+01
    9.1391419992e-03   -8.1687866211e+01
    9.1494163498e-03   -8.1692184448e+01
    9.1596413404e-03   -8.1696243286e+01
    9.1698672622e-03   -8.1700157166e+01
    9.1794105247e-03   -8.1703697205e+01
    9.1893225908e-03   -8.1707252502e+01
    9.1999843717e-03   -8.1710807800e+01
    9.2096934095e-03   -8.1713714600e+01
    9.2199193314e-03   -8.1716308594e+01
    9.2294625938e-03   -8.1718139648e+01
    9.2396885157e-03   -8.1719306946e+01
    9.2499135062e-03   -8.1719474792e+01
    9.2594577000e-03   -8.1718597412e+01
    9.2696826905e-03   -8.1716423035e+01
    9.2795947567e-03   -8.1713012695e+01
    9.2894099653e-03   -8.1708328247e+01
    9.2999171466e-03   -8.1701843262e+01
    9.3094613403e-03   -8.1694648743e+01
    9.3196863309e-03   -8.1685607910e+01
    9.3299122527e-03   -8.1675292969e+01
    9.3392105773e-03   -8.1664901733e+01
    9.3498146161e-03   -8.1652015686e+01
    9.3594547361e-03   -8.1639488220e+01
    9.3690948561e-03   -8.1626296997e+01
    9.3796988949e-03   -8.1611160278e+01
    9.3893390149e-03   -8.1596969604e+01
    9.3998471275e-03   -8.1581176758e+01
    9.4093913212e-03   -8.1566673279e+01
    9.4196163118e-03   -8.1551101685e+01
    9.4298422337e-03   -8.1535636902e+01
    9.4393854961e-03   -8.1521385193e+01
    9.4496114179e-03   -8.1506385803e+01
    9.4598364085e-03   -8.1491676331e+01
    9.4693806022e-03   -8.1478187561e+01
    9.4796055928e-03   -8.1463951111e+01
    9.4898305833e-03   -8.1449867249e+01
    9.4993747771e-03   -8.1436775208e+01
    9.5095997676e-03   -8.1422706604e+01
    9.5198256895e-03   -8.1408462524e+01
    9.5291249454e-03   -8.1395233154e+01
    9.5397289842e-03   -8.1379684448e+01
    9.5499539748e-03   -8.1364097595e+01
    9.5594981685e-03   -8.1348899841e+01
    9.5697231591e-03   -8.1331855774e+01
    9.5799490809e-03   -8.1313941956e+01
    9.5894923434e-03   -8.1296417236e+01
    9.5997182652e-03   -8.1276794434e+01
    9.6099432558e-03   -8.1256347656e+01
    9.6194874495e-03   -8.1236587524e+01
    9.6297124401e-03   -8.1214767456e+01
    9.6399383619e-03   -8.1192359924e+01
    9.6498494968e-03   -8.1170173645e+01
    9.6593163908e-03   -8.1148612976e+01
    9.6694249660e-03   -8.1125274658e+01
    9.6796881407e-03   -8.1101348877e+01
    9.6893282607e-03   -8.1078758240e+01
    9.6996016800e-03   -8.1054672241e+01
    9.7093572840e-03   -8.1031913757e+01
    9.7194565460e-03   -8.1008598328e+01
    9.7292121500e-03   -8.0986457825e+01
    9.7394771874e-03   -8.0963691711e+01
    9.7497021779e-03   -8.0941680908e+01
    9.7599085420e-03   -8.0920455933e+01
    9.7694825381e-03   -8.0901290894e+01
    9.7797075287e-03   -8.0881668091e+01
    9.7899334505e-03   -8.0862937927e+01
    9.7994767129e-03   -8.0846275330e+01
    9.8094576970e-03   -8.0829673767e+01
    9.8196826875e-03   -8.0813514709e+01
    9.8299086094e-03   -8.0798171997e+01
    9.8394518718e-03   -8.0784561157e+01
    9.8496777937e-03   -8.0770706177e+01
    9.8597062752e-03   -8.0757797241e+01
    9.8699321970e-03   -8.0745285034e+01
    9.8794754595e-03   -8.0734146118e+01
    9.8897013813e-03   -8.0722740173e+01
    9.8999263719e-03   -8.0711853027e+01
    9.9094705656e-03   -8.0702125549e+01
    9.9196955562e-03   -8.0692161560e+01
    9.9299214780e-03   -8.0682701111e+01
    9.9394647405e-03   -8.0674331665e+01
    9.9496906623e-03   -8.0665901184e+01
    9.9599156529e-03   -8.0658058167e+01
    9.9694598466e-03   -8.0651298523e+01
    9.9797220901e-03   -8.0644668579e+01
    9.9893622100e-03   -8.0639068604e+01
    9.9998014048e-03   -8.0633705139e+01
    1.0009557009e-02   -8.0629364014e+01
    1.0019781999e-02   -8.0625488281e+01
    1.0029326193e-02   -8.0622383118e+01
    1.0039551184e-02   -8.0619453430e+01
    1.0049776174e-02   -8.0616889954e+01
    1.0059805587e-02   -8.0614700317e+01
    1.0069631971e-02   -8.0612785339e+01
    1.0079856962e-02   -8.0610969543e+01
    1.0089203715e-02   -8.0609420776e+01
    1.0099478066e-02   -8.0607765198e+01
    1.0109703057e-02   -8.0606109619e+01
    1.0119458660e-02   -8.0604461670e+01
    1.0129683651e-02   -8.0602600098e+01
    1.0139829479e-02   -8.0600547791e+01
    1.0149373673e-02   -8.0598350525e+01
    1.0159598663e-02   -8.0595642090e+01
    1.0169824585e-02   -8.0592498779e+01
    1.0179367848e-02   -8.0589149475e+01
    1.0189593770e-02   -8.0585090637e+01
    1.0199818760e-02   -8.0580558777e+01
    1.0209362954e-02   -8.0575935364e+01
    1.0219587944e-02   -8.0570594788e+01
    1.0229782201e-02   -8.0564857483e+01
    1.0239422321e-02   -8.0559020996e+01
    1.0249530897e-02   -8.0552467346e+01
    1.0259755887e-02   -8.0545402527e+01
    1.0269981809e-02   -8.0537940979e+01
    1.0279525071e-02   -8.0530662537e+01
    1.0289750993e-02   -8.0522575378e+01
    1.0299975984e-02   -8.0514205933e+01
    1.0309520178e-02   -8.0506172180e+01
    1.0319745168e-02   -8.0497367859e+01
    1.0329971090e-02   -8.0488349915e+01
    1.0339514352e-02   -8.0479759216e+01
    1.0349740274e-02   -8.0470359802e+01
    1.0359965265e-02   -8.0460792542e+01
    1.0369509459e-02   -8.0451759338e+01
    1.0379937477e-02   -8.0441848755e+01
    1.0389364325e-02   -8.0432945251e+01
    1.0399589315e-02   -8.0423446655e+01
    1.0409815237e-02   -8.0414184570e+01
    1.0419358499e-02   -8.0405792236e+01
    1.0429584421e-02   -8.0397033691e+01
    1.0439809412e-02   -8.0388481140e+01
    1.0449353606e-02   -8.0380661011e+01
    1.0459790006e-02   -8.0372253418e+01
    1.0469334200e-02   -8.0364685059e+01
    1.0479559191e-02   -8.0356704712e+01
    1.0489785112e-02   -8.0348869324e+01
    1.0499328375e-02   -8.0341766357e+01
    1.0509554297e-02   -8.0334403992e+01
    1.0519779287e-02   -8.0327278137e+01
    1.0529323481e-02   -8.0320831299e+01
    1.0539548472e-02   -8.0314163208e+01
    1.0549774393e-02   -8.0307769775e+01
    1.0559999384e-02   -8.0301658630e+01
    1.0569543578e-02   -8.0296218872e+01
    1.0579768568e-02   -8.0290672302e+01
    1.0589994490e-02   -8.0285415649e+01
    1.0599537753e-02   -8.0280738831e+01
    1.0609763674e-02   -8.0275978088e+01
    1.0619988665e-02   -8.0271484375e+01
    1.0629532859e-02   -8.0267570496e+01
    1.0639757849e-02   -8.0263687134e+01
    1.0649983771e-02   -8.0260169983e+01
    1.0659527034e-02   -8.0257217407e+01
    1.0669752955e-02   -8.0254402161e+01
    1.0679977946e-02   -8.0251953125e+01
    1.0689522140e-02   -8.0250007629e+01
    1.0699747130e-02   -8.0248268127e+01
    1.0709972121e-02   -8.0246871948e+01
    1.0719516315e-02   -8.0245849609e+01
    1.0729741305e-02   -8.0244987488e+01
    1.0739967227e-02   -8.0244316101e+01
    1.0749510489e-02   -8.0243804932e+01
    1.0759736411e-02   -8.0243331909e+01
    1.0769961402e-02   -8.0242881775e+01
    1.0779505596e-02   -8.0242431641e+01
    1.0789730586e-02   -8.0241889954e+01
    1.0799956508e-02   -8.0241241455e+01
    1.0809499770e-02   -8.0240524292e+01
    1.0819725692e-02   -8.0239616394e+01
    1.0829950683e-02   -8.0238517761e+01
    1.0839494877e-02   -8.0237289429e+01
    1.0849719867e-02   -8.0235717773e+01
    1.0859945789e-02   -8.0233840942e+01
    1.0869489051e-02   -8.0231788635e+01
    1.0879714973e-02   -8.0229232788e+01
    1.0889939964e-02   -8.0226310730e+01
    1.0899484158e-02   -8.0223266602e+01
    1.0909709148e-02   -8.0219657898e+01
    1.0919935070e-02   -8.0215690613e+01
    1.0929478332e-02   -8.0211647034e+01
    1.0939704254e-02   -8.0206932068e+01
    1.0949929245e-02   -8.0201820374e+01
    1.0959473439e-02   -8.0196670532e+01
    1.0969698429e-02   -8.0190757751e+01
    1.0979924351e-02   -8.0184432983e+01
    1.0989467613e-02   -8.0178153992e+01
    1.0999693535e-02   -8.0171043396e+01
    1.1009918526e-02   -8.0163513184e+01
    1.1019462720e-02   -8.0156112671e+01
    1.1029687710e-02   -8.0147766113e+01
    1.1039913632e-02   -8.0138977051e+01
    1.1049456894e-02   -8.0130371094e+01
    1.1059682816e-02   -8.0120704651e+01
    1.1069907807e-02   -8.0110580444e+01
    1.1079452001e-02   -8.0100753784e+01
    1.1089676991e-02   -8.0089912415e+01
    1.1099902913e-02   -8.0078849792e+01
    1.1109446175e-02   -8.0068305969e+01
    1.1119672097e-02   -8.0056793213e+01
    1.1129897088e-02   -8.0045043945e+01
    1.1139441282e-02   -8.0033882141e+01
    1.1149666272e-02   -8.0021759033e+01
    1.1159892194e-02   -8.0009521484e+01
    1.1169435456e-02   -7.9998069763e+01
    1.1179661378e-02   -7.9985824585e+01
    1.1189886369e-02   -7.9973655701e+01
    1.1199430563e-02   -7.9962379456e+01
    1.1209655553e-02   -7.9950386047e+01
    1.1219567619e-02   -7.9938858032e+01
    1.1229394004e-02   -7.9927513123e+01
    1.1239618994e-02   -7.9915824890e+01
    1.1249844916e-02   -7.9904251099e+01
    1.1259388179e-02   -7.9893569946e+01
    1.1269614100e-02   -7.9882263184e+01
    1.1279839091e-02   -7.9871101379e+01
    1.1289383285e-02   -7.9860801697e+01
    1.1299608275e-02   -7.9849884033e+01
    1.1309833266e-02   -7.9839057922e+01
    1.1319377460e-02   -7.9829048157e+01
    1.1329571716e-02   -7.9818450928e+01
    1.1339211836e-02   -7.9808578491e+01
    1.1349815875e-02   -7.9797889709e+01
    1.1359455995e-02   -7.9788360596e+01
    1.1369096115e-02   -7.9778999329e+01
    1.1379700154e-02   -7.9768882751e+01
    1.1389340274e-02   -7.9759826660e+01
    1.1399944313e-02   -7.9750015259e+01
    1.1409418657e-02   -7.9741371155e+01
    1.1419644579e-02   -7.9732147217e+01
    1.1429869570e-02   -7.9723022461e+01
    1.1439413764e-02   -7.9714561462e+01
    1.1449638754e-02   -7.9705543518e+01
    1.1459864676e-02   -7.9696533203e+01
    1.1469407938e-02   -7.9688079834e+01
    1.1479633860e-02   -7.9678916931e+01
    1.1489858851e-02   -7.9669616699e+01
    1.1499403045e-02   -7.9660804749e+01
    1.1509628035e-02   -7.9651245117e+01
    1.1519853957e-02   -7.9641548157e+01
    1.1529397219e-02   -7.9632377625e+01
    1.1539623141e-02   -7.9622413635e+01
    1.1549848132e-02   -7.9612274170e+01
    1.1559392326e-02   -7.9602630615e+01
    1.1569617316e-02   -7.9592071533e+01
    1.1579843238e-02   -7.9581245422e+01
    1.1589386500e-02   -7.9570930481e+01
    1.1599612422e-02   -7.9559700012e+01
    1.1609837413e-02   -7.9548332214e+01
    1.1619381607e-02   -7.9537574768e+01
    1.1629606597e-02   -7.9525833130e+01
    1.1639832519e-02   -7.9513801575e+01
    1.1649375781e-02   -7.9502243042e+01
    1.1659601703e-02   -7.9489479065e+01
    1.1669465341e-02   -7.9476760864e+01
    1.1679105461e-02   -7.9463920593e+01
    1.1689496227e-02   -7.9449615479e+01
    1.1699721217e-02   -7.9435043335e+01
    1.1709947139e-02   -7.9419967651e+01
    1.1719490401e-02   -7.9405426025e+01
    1.1729716323e-02   -7.9389335632e+01
    1.1739941314e-02   -7.9372703552e+01
    1.1749485508e-02   -7.9356674194e+01
    1.1759710498e-02   -7.9338958740e+01
    1.1769936420e-02   -7.9320693970e+01
    1.1779479682e-02   -7.9303146362e+01
    1.1789705604e-02   -7.9283821106e+01
    1.1799930595e-02   -7.9263946533e+01
    1.1809474789e-02   -7.9244918823e+01
    1.1819699779e-02   -7.9224006653e+01
    1.1829925701e-02   -7.9202560425e+01
    1.1839468963e-02   -7.9182075500e+01
    1.1849694885e-02   -7.9159629822e+01
    1.1859919876e-02   -7.9136695862e+01
    1.1869464070e-02   -7.9114868164e+01
    1.1879689060e-02   -7.9091056824e+01
    1.1889914051e-02   -7.9066841125e+01
    1.1899458244e-02   -7.9043891907e+01
    1.1909683235e-02   -7.9018951416e+01
    1.1919909157e-02   -7.8993682861e+01
    1.1929452419e-02   -7.8969825745e+01
    1.1939678341e-02   -7.8944000244e+01
    1.1949903332e-02   -7.8917930603e+01
    1.1959447525e-02   -7.8893386841e+01
    1.1969672516e-02   -7.8866882324e+01
    1.1979898438e-02   -7.8840187073e+01
    1.1989441700e-02   -7.8815093994e+01
    1.1999667622e-02   -7.8788055420e+01
    1.2009892613e-02   -7.8760848999e+01
    1.2019436806e-02   -7.8735328674e+01
    1.2029661797e-02   -7.8707862854e+01
    1.2039887719e-02   -7.8680290222e+01
    1.2049430981e-02   -7.8654472351e+01
    1.2059656903e-02   -7.8626724243e+01
    1.2069637887e-02   -7.8599563599e+01
    1.2079745531e-02   -7.8571998596e+01
    1.2089971453e-02   -7.8544052124e+01
    1.2099514715e-02   -7.8517913818e+01
    1.2109740637e-02   -7.8489837646e+01
    1.2119965628e-02   -7.8461685181e+01
    1.2129509822e-02   -7.8435317993e+01
    1.2139734812e-02   -7.8406951904e+01
    1.2149960734e-02   -7.8378440857e+01
    1.2159503996e-02   -7.8351669312e+01
    1.2169729918e-02   -7.8322784424e+01
    1.2179954909e-02   -7.8293655396e+01
    1.2189499103e-02   -7.8266227722e+01
    1.2199724093e-02   -7.8236564636e+01
    1.2209950015e-02   -7.8206604004e+01
    1.2219493277e-02   -7.8178359985e+01
    1.2229719199e-02   -7.8147811890e+01
    1.2239944190e-02   -7.8116973877e+01
    1.2249488384e-02   -7.8087944031e+01
    1.2259713374e-02   -7.8056587219e+01
    1.2269939296e-02   -7.8024986267e+01
    1.2279482558e-02   -7.7995285034e+01
    1.2289708480e-02   -7.7963249207e+01
    1.2299933471e-02   -7.7930999756e+01
    1.2309477665e-02   -7.7900726318e+01
    1.2319956906e-02   -7.7867309570e+01
    1.2329689227e-02   -7.7836120605e+01
    1.2339618988e-02   -7.7804176331e+01
    1.2349843979e-02   -7.7771148682e+01
    1.2359388173e-02   -7.7740203857e+01
    1.2369613163e-02   -7.7706932068e+01
    1.2379839085e-02   -7.7673561096e+01
    1.2389382347e-02   -7.7642333984e+01
    1.2399608269e-02   -7.7608818054e+01
    1.2409833260e-02   -7.7575271606e+01
    1.2419377454e-02   -7.7543960571e+01
    1.2429602444e-02   -7.7510444641e+01
    1.2439828366e-02   -7.7476974487e+01
    1.2449371628e-02   -7.7445816040e+01
    1.2459597550e-02   -7.7412544250e+01
    1.2469822541e-02   -7.7379425049e+01
    1.2479366735e-02   -7.7348663330e+01
    1.2489591725e-02   -7.7315902710e+01
    1.2499817647e-02   -7.7283355713e+01
    1.2509360909e-02   -7.7253181458e+01
    1.2519586831e-02   -7.7221092224e+01
    1.2529811822e-02   -7.7189270020e+01
    1.2539356016e-02   -7.7159805298e+01
    1.2549581006e-02   -7.7128517151e+01
    1.2559806928e-02   -7.7097518921e+01
    1.2569350190e-02   -7.7068847656e+01
    1.2579576112e-02   -7.7038406372e+01
    1.2589801103e-02   -7.7008270264e+01
    1.2599345297e-02   -7.6980407715e+01
    1.2609570287e-02   -7.6950843811e+01
    1.2619796209e-02   -7.6921600342e+01
    1.2629339471e-02   -7.6894599915e+01
    1.2639565393e-02   -7.6866012573e+01
    1.2649790384e-02   -7.6837806702e+01
    1.2659334578e-02   -7.6811859131e+01
    1.2669559568e-02   -7.6784492493e+01
    1.2679785490e-02   -7.6757614136e+01
    1.2689328752e-02   -7.6732971191e+01
    1.2699554674e-02   -7.6707069397e+01
    1.2709583156e-02   -7.6682159424e+01
    1.2719223276e-02   -7.6658676147e+01
    1.2729502283e-02   -7.6634132385e+01
    1.2739595026e-02   -7.6610511780e+01
    1.2749686837e-02   -7.6587348938e+01
    1.2759779580e-02   -7.6564636230e+01
    1.2769872323e-02   -7.6542335510e+01
    1.2779678218e-02   -7.6521057129e+01
    1.2789903209e-02   -7.6499244690e+01
    1.2799447402e-02   -7.6479209900e+01
    1.2809358537e-02   -7.6458732605e+01
    1.2819962576e-02   -7.6437179565e+01
    1.2829602696e-02   -7.6417900085e+01
    1.2839360163e-02   -7.6398689270e+01
    1.2849586084e-02   -7.6378890991e+01
    1.2859879062e-02   -7.6359298706e+01
    1.2869607657e-02   -7.6341087341e+01
    1.2879832648e-02   -7.6322242737e+01
    1.2889376841e-02   -7.6304931641e+01
    1.2899601832e-02   -7.6286659241e+01
    1.2909827754e-02   -7.6268661499e+01
    1.2919691391e-02   -7.6251525879e+01
    1.2929331511e-02   -7.6234977722e+01
    1.2939795852e-02   -7.6217216492e+01
    1.2949862517e-02   -7.6200302124e+01
    1.2959406711e-02   -7.6184387207e+01
    1.2969631702e-02   -7.6167449951e+01
    1.2979378924e-02   -7.6151382446e+01
    1.2989982963e-02   -7.6133956909e+01
    1.2999623083e-02   -7.6118141174e+01
    1.3009614311e-02   -7.6101753235e+01
    1.3019839302e-02   -7.6084960938e+01
    1.3029769063e-02   -7.6068618774e+01
    1.3039501384e-02   -7.6052558899e+01
    1.3049881905e-02   -7.6035369873e+01
    1.3059148565e-02   -7.6019973755e+01
    1.3069241308e-02   -7.6003150940e+01
    1.3079334050e-02   -7.5986244202e+01
    1.3089372776e-02   -7.5969352722e+01
    1.3099598698e-02   -7.5952049255e+01
    1.3109823689e-02   -7.5934638977e+01
    1.3119367883e-02   -7.5918281555e+01
    1.3129804283e-02   -7.5900268555e+01
    1.3139456511e-02   -7.5883483887e+01
    1.3149682432e-02   -7.5865562439e+01
    1.3159907423e-02   -7.5847480774e+01
    1.3169451617e-02   -7.5830467224e+01
    1.3179903850e-02   -7.5811668396e+01
    1.3189996593e-02   -7.5793365479e+01
    1.3199171983e-02   -7.5776588440e+01
    1.3209593482e-02   -7.5757369995e+01
    1.3219275512e-02   -7.5739364624e+01
    1.3229966164e-02   -7.5719284058e+01
    1.3239141554e-02   -7.5701881409e+01
    1.3249603100e-02   -7.5681846619e+01
    1.3259828091e-02   -7.5662055969e+01
    1.3269372284e-02   -7.5643409729e+01
    1.3279597275e-02   -7.5623275757e+01
    1.3289823197e-02   -7.5602973938e+01
    1.3299366459e-02   -7.5583908081e+01
    1.3309592381e-02   -7.5563346863e+01
    1.3319817372e-02   -7.5542648315e+01
    1.3328865170e-02   -7.5524230957e+01
    1.3339814730e-02   -7.5501808167e+01
    1.3349547051e-02   -7.5481765747e+01
    1.3359279372e-02   -7.5461593628e+01
    1.3369011693e-02   -7.5441284180e+01
    1.3379960321e-02   -7.5418258667e+01
    1.3389692642e-02   -7.5397613525e+01
    1.3399424963e-02   -7.5376792908e+01
    1.3409156352e-02   -7.5355796814e+01
    1.3418888673e-02   -7.5334609985e+01
    1.3429836370e-02   -7.5310546875e+01
    1.3439567760e-02   -7.5288948059e+01
    1.3449660502e-02   -7.5266326904e+01
    1.3459753245e-02   -7.5243476868e+01
    1.3469192199e-02   -7.5221885681e+01
    1.3478922658e-02   -7.5199409485e+01
    1.3489870355e-02   -7.5173851013e+01
    1.3499601744e-02   -7.5150894165e+01
    1.3509333134e-02   -7.5127738953e+01
    1.3519063592e-02   -7.5104385376e+01
    1.3528794982e-02   -7.5080848694e+01
    1.3539741747e-02   -7.5054191589e+01
    1.3549473137e-02   -7.5030342102e+01
    1.3559203595e-02   -7.5006378174e+01
    1.3568934985e-02   -7.4982299805e+01
    1.3579881750e-02   -7.4955101013e+01
    1.3589613140e-02   -7.4930839539e+01
    1.3599343598e-02   -7.4906501770e+01
    1.3609074987e-02   -7.4882102966e+01
    1.3619834557e-02   -7.4855056763e+01
    1.3629378751e-02   -7.4831016541e+01
    1.3639603741e-02   -7.4805198669e+01
    1.3649829663e-02   -7.4779304504e+01
    1.3659372926e-02   -7.4755065918e+01
    1.3669598848e-02   -7.4728996277e+01
    1.3679823838e-02   -7.4702804565e+01
    1.3689368032e-02   -7.4678230286e+01
    1.3699593022e-02   -7.4651748657e+01
    1.3709818944e-02   -7.4625091553e+01
    1.3719362207e-02   -7.4600028992e+01
    1.3729588129e-02   -7.4572967529e+01
    1.3739813119e-02   -7.4545677185e+01
    1.3749357313e-02   -7.4519989014e+01
    1.3759582303e-02   -7.4492233276e+01
    1.3769378886e-02   -7.4465415955e+01
    1.3779471628e-02   -7.4437545776e+01
    1.3789361343e-02   -7.4410026550e+01
    1.3799741864e-02   -7.4380920410e+01
    1.3809474185e-02   -7.4353446960e+01
    1.3819855638e-02   -7.4323966980e+01
    1.3829587959e-02   -7.4296203613e+01
    1.3839968480e-02   -7.4266456604e+01
    1.3849700801e-02   -7.4238487244e+01
    1.3859433122e-02   -7.4210441589e+01
    1.3869814575e-02   -7.4180458069e+01
    1.3879546896e-02   -7.4152305603e+01
    1.3889927417e-02   -7.4122222900e+01
    1.3899659738e-02   -7.4093978882e+01
    1.3909316622e-02   -7.4065925598e+01
    1.3919409364e-02   -7.4036575317e+01
    1.3929502107e-02   -7.4007202148e+01
    1.3939593919e-02   -7.3977806091e+01
    1.3949686661e-02   -7.3948417664e+01
    1.3959779404e-02   -7.3919029236e+01
    1.3969714753e-02   -7.3890121460e+01
    1.3979447074e-02   -7.3861839294e+01
    1.3989828527e-02   -7.3831718445e+01
    1.3999762014e-02   -7.3802970886e+01
    1.4009800740e-02   -7.3774009705e+01
    1.4019892551e-02   -7.3744987488e+01
    1.4029985294e-02   -7.3716094971e+01
    1.4039160684e-02   -7.3689956665e+01
    1.4049253426e-02   -7.3661354065e+01
    1.4059346169e-02   -7.3632926941e+01
    1.4068805613e-02   -7.3606460571e+01
    1.4079756103e-02   -7.3576042175e+01
    1.4089489356e-02   -7.3549224854e+01
    1.4099222608e-02   -7.3522621155e+01
    1.4109874144e-02   -7.3493759155e+01
    1.4119966887e-02   -7.3466667175e+01
    1.4129141346e-02   -7.3442253113e+01
    1.4139234088e-02   -7.3415664673e+01
    1.4149326831e-02   -7.3389366150e+01
    1.4159419574e-02   -7.3363365173e+01
    1.4169512317e-02   -7.3337669373e+01
    1.4179605059e-02   -7.3312286377e+01
    1.4189697802e-02   -7.3287231445e+01
    1.4199790545e-02   -7.3262489319e+01
    1.4209882356e-02   -7.3238059998e+01
    1.4219337143e-02   -7.3215461731e+01
    1.4229941182e-02   -7.3190422058e+01
    1.4239581302e-02   -7.3167938232e+01
    1.4249221422e-02   -7.3145706177e+01
    1.4259825461e-02   -7.3121536255e+01
    1.4269465581e-02   -7.3099807739e+01
    1.4279105701e-02   -7.3078315735e+01
    1.4289337210e-02   -7.3055740356e+01
    1.4299429953e-02   -7.3033706665e+01
    1.4309522696e-02   -7.3011901855e+01
    1.4319615439e-02   -7.2990295410e+01
    1.4329708181e-02   -7.2968894958e+01
    1.4339940622e-02   -7.2947380066e+01
    1.4349580742e-02   -7.2927276611e+01
    1.4359220862e-02   -7.2907310486e+01
    1.4369824901e-02   -7.2885498047e+01
    1.4379465021e-02   -7.2865791321e+01
    1.4389105141e-02   -7.2846168518e+01
    1.4399548993e-02   -7.2824981689e+01
    1.4409992844e-02   -7.2803840637e+01
    1.4419632964e-02   -7.2784339905e+01
    1.4429273084e-02   -7.2764831543e+01
    1.4439737424e-02   -7.2743614197e+01
    1.4449830167e-02   -7.2723075867e+01
    1.4459922910e-02   -7.2702453613e+01
    1.4469098300e-02   -7.2683601379e+01
    1.4479190111e-02   -7.2662742615e+01
    1.4489282854e-02   -7.2641738892e+01
    1.4499375597e-02   -7.2620567322e+01
    1.4509514906e-02   -7.2599113464e+01
    1.4519155025e-02   -7.2578521729e+01
    1.4529247768e-02   -7.2556747437e+01
    1.4539387077e-02   -7.2534622192e+01
    1.4549758285e-02   -7.2511718750e+01
    1.4559851028e-02   -7.2489143372e+01
    1.4569943771e-02   -7.2466255188e+01
    1.4579119161e-02   -7.2445167542e+01
    1.4589258470e-02   -7.2421546936e+01
    1.4599862508e-02   -7.2396461487e+01
    1.4609502628e-02   -7.2373313904e+01
    1.4619142748e-02   -7.2349822998e+01
    1.4629746787e-02   -7.2323593140e+01
    1.4639386907e-02   -7.2299392700e+01
    1.4649990946e-02   -7.2272369385e+01
    1.4659631066e-02   -7.2247451782e+01
    1.4669271186e-02   -7.2222206116e+01
    1.4679875225e-02   -7.2194061279e+01
    1.4689515345e-02   -7.2168144226e+01
    1.4699155465e-02   -7.2141921997e+01
    1.4709599316e-02   -7.2113182068e+01
    1.4719239436e-02   -7.2086364746e+01
    1.4729956165e-02   -7.2056228638e+01
    1.4739131555e-02   -7.2030181885e+01
    1.4749456197e-02   -7.2000602722e+01
    1.4759900048e-02   -7.1970420837e+01
    1.4769632369e-02   -7.1942077637e+01
    1.4779571444e-02   -7.1912925720e+01
    1.4789118432e-02   -7.1884757996e+01
    1.4799211174e-02   -7.1854820251e+01
    1.4809490182e-02   -7.1824172974e+01
    1.4819130301e-02   -7.1795310974e+01
    1.4829734340e-02   -7.1763442993e+01
    1.4839925803e-02   -7.1732704163e+01
    1.4849400148e-02   -7.1704055786e+01
    1.4859491959e-02   -7.1673469543e+01
    1.4869869687e-02   -7.1641944885e+01
    1.4879096299e-02   -7.1613861084e+01
    1.4889700338e-02   -7.1581542969e+01
    1.4899340458e-02   -7.1552116394e+01
    1.4909077436e-02   -7.1522369385e+01
    1.4919651672e-02   -7.1490028381e+01
    1.4929383993e-02   -7.1460250854e+01
    1.4939764515e-02   -7.1428482056e+01
    1.4949496835e-02   -7.1398704529e+01
    1.4959959313e-02   -7.1366699219e+01
    1.4969134703e-02   -7.1338661194e+01
    1.4979227446e-02   -7.1307838440e+01
    1.4989504591e-02   -7.1276504517e+01
    1.4999729581e-02   -7.1245368958e+01
    1.5009955503e-02   -7.1214279175e+01
    1.5019498765e-02   -7.1185302734e+01
    1.5029724687e-02   -7.1154312134e+01
    1.5039918944e-02   -7.1123458862e+01
    1.5049559064e-02   -7.1094314575e+01
    1.5059199184e-02   -7.1065208435e+01
    1.5069803223e-02   -7.1033218384e+01
    1.5079443343e-02   -7.1004165649e+01
    1.5089887194e-02   -7.0972702026e+01
    1.5099527314e-02   -7.0943672180e+01
    1.5109518543e-02   -7.0913589478e+01
    1.5119743533e-02   -7.0882812500e+01
    1.5129969455e-02   -7.0852027893e+01
    1.5139512718e-02   -7.0823280334e+01
    1.5149738640e-02   -7.0792465210e+01
    1.5159963630e-02   -7.0761611938e+01
    1.5169507824e-02   -7.0732780457e+01
    1.5179262497e-02   -7.0703262329e+01
    1.5189809725e-02   -7.0671279907e+01
    1.5199449845e-02   -7.0641975403e+01
    1.5209089965e-02   -7.0612602234e+01
    1.5219694003e-02   -7.0580192566e+01
    1.5229334123e-02   -7.0550636292e+01
    1.5239938162e-02   -7.0518035889e+01
    1.5249578282e-02   -7.0488311768e+01
    1.5259218402e-02   -7.0458511353e+01
    1.5269822441e-02   -7.0425651550e+01
    1.5279462561e-02   -7.0395736694e+01
    1.5289337374e-02   -7.0365051270e+01
    1.5299562365e-02   -7.0333251953e+01
    1.5309788287e-02   -7.0301460266e+01
    1.5319768339e-02   -7.0270446777e+01
    1.5329408459e-02   -7.0240531921e+01
    1.5339048579e-02   -7.0210685730e+01
    1.5349652618e-02   -7.0177947998e+01
    1.5359292738e-02   -7.0148292542e+01
    1.5369896777e-02   -7.0115791321e+01
    1.5379536897e-02   -7.0086387634e+01
    1.5389177017e-02   -7.0057106018e+01
    1.5399781056e-02   -7.0025054932e+01
    1.5409421176e-02   -6.9996078491e+01
    1.5419061296e-02   -6.9967254639e+01
    1.5429665335e-02   -6.9935729980e+01
    1.5439305454e-02   -6.9907234192e+01
    1.5449909493e-02   -6.9876060486e+01
    1.5459549613e-02   -6.9847862244e+01
    1.5469189733e-02   -6.9819793701e+01
    1.5479793772e-02   -6.9789062500e+01
    1.5489433892e-02   -6.9761238098e+01
    1.5499074012e-02   -6.9733512878e+01
    1.5509678051e-02   -6.9703132629e+01
    1.5519318171e-02   -6.9675613403e+01
    1.5529922210e-02   -6.9645462036e+01
    1.5539562330e-02   -6.9618171692e+01
    1.5549202450e-02   -6.9591003418e+01
    1.5559806488e-02   -6.9561294556e+01
    1.5569446608e-02   -6.9534469604e+01
    1.5579086728e-02   -6.9507835388e+01
    1.5589690767e-02   -6.9478805542e+01
    1.5599330887e-02   -6.9452674866e+01
    1.5609934926e-02   -6.9424255371e+01
    1.5619575046e-02   -6.9398742676e+01
    1.5629054978e-02   -6.9373970032e+01
    1.5638787299e-02   -6.9348892212e+01
    1.5649734065e-02   -6.9321113586e+01
    1.5659466386e-02   -6.9296829224e+01
    1.5669196844e-02   -6.9272933960e+01
    1.5678929165e-02   -6.9249427795e+01
    1.5689877793e-02   -6.9223464966e+01
    1.5699356794e-02   -6.9201377869e+01
    1.5709960833e-02   -6.9177108765e+01
    1.5719600022e-02   -6.9155433655e+01
    1.5729241073e-02   -6.9134117126e+01
    1.5739845112e-02   -6.9111061096e+01
    1.5749484301e-02   -6.9090431213e+01
    1.5759125352e-02   -6.9070098877e+01
    1.5769109130e-02   -6.9049316406e+01
    1.5778839588e-02   -6.9029312134e+01
    1.5789788216e-02   -6.9007049561e+01
    1.5799518675e-02   -6.8987442017e+01
    1.5809250996e-02   -6.8967964172e+01
    1.5818981454e-02   -6.8948593140e+01
    1.5829928219e-02   -6.8926887512e+01
    1.5839660540e-02   -6.8907630920e+01
    1.5849390998e-02   -6.8888389587e+01
    1.5859121457e-02   -6.8869140625e+01
    1.5868853778e-02   -6.8849861145e+01
    1.5879800543e-02   -6.8828117371e+01
    1.5889737755e-02   -6.8808296204e+01
    1.5899378806e-02   -6.8788986206e+01
    1.5909982845e-02   -6.8767639160e+01
    1.5919622034e-02   -6.8748123169e+01
    1.5929263085e-02   -6.8728485107e+01
    1.5938999131e-02   -6.8708518982e+01
    1.5949897468e-02   -6.8686012268e+01
    1.5959627926e-02   -6.8665756226e+01
    1.5969358385e-02   -6.8645339966e+01
    1.5979088843e-02   -6.8624755859e+01
    1.5989797190e-02   -6.8601898193e+01
    1.5999339521e-02   -6.8581329346e+01
    1.6009565443e-02   -6.8559074402e+01
    1.6019195318e-02   -6.8537918091e+01
    1.6029799357e-02   -6.8514389038e+01
    1.6039438546e-02   -6.8492790222e+01
    1.6049079597e-02   -6.8470993042e+01
    1.6059683636e-02   -6.8446800232e+01
    1.6069322824e-02   -6.8424621582e+01
    1.6079926863e-02   -6.8400032043e+01
    1.6089567915e-02   -6.8377510071e+01
    1.6099207103e-02   -6.8354843140e+01
    1.6109811142e-02   -6.8329765320e+01
    1.6119452193e-02   -6.8306846619e+01
    1.6129091382e-02   -6.8283813477e+01
    1.6139695421e-02   -6.8258384705e+01
    1.6149681062e-02   -6.8234352112e+01
    1.6159413382e-02   -6.8210868835e+01
    1.6169145703e-02   -6.8187332153e+01
    1.6178876162e-02   -6.8163772583e+01
    1.6189824790e-02   -6.8137245178e+01
    1.6199557111e-02   -6.8113670349e+01
    1.6209289432e-02   -6.8090103149e+01
    1.6219021752e-02   -6.8066566467e+01
    1.6229970381e-02   -6.8040122986e+01
    1.6239702702e-02   -6.8016662598e+01
    1.6249435022e-02   -6.7993247986e+01
    1.6259167343e-02   -6.7969879150e+01
    1.6268899664e-02   -6.7946556091e+01
    1.6279801726e-02   -6.7920463562e+01
    1.6289442778e-02   -6.7897430420e+01
    1.6299881041e-02   -6.7872512817e+01
    1.6309425235e-02   -6.7849746704e+01
    1.6319649294e-02   -6.7825370789e+01
    1.6329875216e-02   -6.7801002502e+01
    1.6339419410e-02   -6.7778266907e+01
    1.6349645332e-02   -6.7753906250e+01
    1.6359869391e-02   -6.7729553223e+01
    1.6369413584e-02   -6.7706825256e+01
    1.6379289329e-02   -6.7683311462e+01
    1.6389021650e-02   -6.7660148621e+01
    1.6399970278e-02   -6.7634094238e+01
    1.6409702599e-02   -6.7610939026e+01
    1.6419433057e-02   -6.7587791443e+01
    1.6429165378e-02   -6.7564636230e+01
    1.6438897699e-02   -6.7541488647e+01
    1.6449844465e-02   -6.7515441895e+01
    1.6459871083e-02   -6.7491592407e+01
    1.6469415277e-02   -6.7468887329e+01
    1.6479639336e-02   -6.7444564819e+01
    1.6489865258e-02   -6.7420234680e+01
    1.6499409452e-02   -6.7397521973e+01
    1.6509635374e-02   -6.7373191833e+01
    1.6519859433e-02   -6.7348869324e+01
    1.6529403627e-02   -6.7326164246e+01
    1.6539629549e-02   -6.7301849365e+01
    1.6549259424e-02   -6.7278961182e+01
    1.6559863463e-02   -6.7253776550e+01
    1.6569502652e-02   -6.7230903625e+01
    1.6579993069e-02   -6.7206031799e+01
    1.6589425504e-02   -6.7183692932e+01
    1.6599066556e-02   -6.7160888672e+01
    1.6609670594e-02   -6.7135833740e+01
    1.6619309783e-02   -6.7113090515e+01
    1.6629913822e-02   -6.7088096619e+01
    1.6639554873e-02   -6.7065406799e+01
    1.6649780795e-02   -6.7041366577e+01
    1.6659323126e-02   -6.7018951416e+01
    1.6669549048e-02   -6.6994956970e+01
    1.6679774970e-02   -6.6970993042e+01
    1.6689319164e-02   -6.6948638916e+01
    1.6699543223e-02   -6.6924713135e+01
    1.6709525138e-02   -6.6901374817e+01
    1.6719250008e-02   -6.6878646851e+01
    1.6729343683e-02   -6.6855072021e+01
    1.6739668325e-02   -6.6830947876e+01
    1.6749309376e-02   -6.6808433533e+01
    1.6759401187e-02   -6.6784843445e+01
    1.6769494861e-02   -6.6761238098e+01
    1.6779586673e-02   -6.6737609863e+01
    1.6789678484e-02   -6.6713951111e+01
    1.6799772158e-02   -6.6690254211e+01
    1.6809863970e-02   -6.6666519165e+01
    1.6819957644e-02   -6.6642730713e+01
    1.6829133034e-02   -6.6621063232e+01
    1.6839224845e-02   -6.6597175598e+01
    1.6849318519e-02   -6.6573242188e+01
    1.6859410331e-02   -6.6549263000e+01
    1.6869502142e-02   -6.6525230408e+01
    1.6879595816e-02   -6.6501152039e+01
    1.6889687628e-02   -6.6477035522e+01
    1.6899781302e-02   -6.6452888489e+01
    1.6909873113e-02   -6.6428718567e+01
    1.6919966787e-02   -6.6404541016e+01
    1.6929142177e-02   -6.6382575989e+01
    1.6939233989e-02   -6.6358451843e+01
    1.6949325800e-02   -6.6334373474e+01
    1.6959419474e-02   -6.6310386658e+01
    1.6969511285e-02   -6.6286499023e+01
    1.6979604959e-02   -6.6262741089e+01
    1.6989696771e-02   -6.6239135742e+01
    1.6999477521e-02   -6.6216423035e+01
    1.7009701580e-02   -6.6192871094e+01
    1.7019927502e-02   -6.6169525146e+01
    1.7029471695e-02   -6.6147933960e+01
    1.7039697617e-02   -6.6125022888e+01
    1.7049921677e-02   -6.6102355957e+01
    1.7059465870e-02   -6.6081420898e+01
    1.7069445923e-02   -6.6059776306e+01
    1.7079539597e-02   -6.6038131714e+01
    1.7089631408e-02   -6.6016754150e+01
    1.7099725083e-02   -6.5995635986e+01
    1.7109816894e-02   -6.5974769592e+01
    1.7119910568e-02   -6.5954170227e+01
    1.7129085958e-02   -6.5935653687e+01
    1.7139177769e-02   -6.5915519714e+01
    1.7149271443e-02   -6.5895614624e+01
    1.7159743235e-02   -6.5875183105e+01
    1.7169475555e-02   -6.5856391907e+01
    1.7179856077e-02   -6.5836517334e+01
    1.7189893872e-02   -6.5817459106e+01
    1.7199985683e-02   -6.5798423767e+01
    1.7209161073e-02   -6.5781204224e+01
    1.7219252884e-02   -6.5762351990e+01
    1.7229346558e-02   -6.5743560791e+01
    1.7239438370e-02   -6.5724807739e+01
    1.7249532044e-02   -6.5706085205e+01
    1.7259623855e-02   -6.5687370300e+01
    1.7269717529e-02   -6.5668655396e+01
    1.7279809341e-02   -6.5649917603e+01
    1.7289903015e-02   -6.5631172180e+01
    1.7299994826e-02   -6.5612396240e+01
    1.7309170216e-02   -6.5595298767e+01
    1.7319262028e-02   -6.5576461792e+01
    1.7329355702e-02   -6.5557594299e+01
    1.7339447513e-02   -6.5538688660e+01
    1.7349541187e-02   -6.5519737244e+01
    1.7359632999e-02   -6.5500747681e+01
    1.7369726673e-02   -6.5481704712e+01
    1.7379818484e-02   -6.5462600708e+01
    1.7389910296e-02   -6.5443435669e+01
    1.7399085686e-02   -6.5425941467e+01
    1.7409123480e-02   -6.5406730652e+01
    1.7418855801e-02   -6.5388008118e+01
    1.7429804429e-02   -6.5366844177e+01
    1.7439534888e-02   -6.5347938538e+01
    1.7449267209e-02   -6.5328926086e+01
    1.7458999529e-02   -6.5309829712e+01
    1.7469948158e-02   -6.5288223267e+01
    1.7479680479e-02   -6.5268913269e+01
    1.7489410937e-02   -6.5249504089e+01
    1.7499143258e-02   -6.5229995728e+01
    1.7508875579e-02   -6.5210380554e+01
    1.7519824207e-02   -6.5188186646e+01
    1.7529556528e-02   -6.5168319702e+01
    1.7539288849e-02   -6.5148338318e+01
    1.7549021170e-02   -6.5128219604e+01
    1.7559969798e-02   -6.5105422974e+01
    1.7569702119e-02   -6.5084999084e+01
    1.7579434440e-02   -6.5064414978e+01
    1.7589166760e-02   -6.5043655396e+01
    1.7598899081e-02   -6.5022720337e+01
    1.7609847710e-02   -6.4998947144e+01
    1.7619580030e-02   -6.4977600098e+01
    1.7629312351e-02   -6.4956054688e+01
    1.7639044672e-02   -6.4934303284e+01
    1.7649993300e-02   -6.4909591675e+01
    1.7659725621e-02   -6.4887413025e+01
    1.7669457942e-02   -6.4865043640e+01
    1.7679190263e-02   -6.4842475891e+01
    1.7688922584e-02   -6.4819725037e+01
    1.7699871212e-02   -6.4793907166e+01
    1.7709603533e-02   -6.4770767212e+01
    1.7719335854e-02   -6.4747459412e+01
    1.7729068175e-02   -6.4723976135e+01
    1.7738798633e-02   -6.4700325012e+01
    1.7749749124e-02   -6.4673522949e+01
    1.7759479582e-02   -6.4649528503e+01
    1.7769211903e-02   -6.4625381470e+01
    1.7778944224e-02   -6.4601081848e+01
    1.7789892852e-02   -6.4573562622e+01
    1.7799625173e-02   -6.4548950195e+01
    1.7809357494e-02   -6.4524200439e+01
    1.7819089815e-02   -6.4499320984e+01
    1.7828822136e-02   -6.4474319458e+01
    1.7839770764e-02   -6.4446044922e+01
    1.7849503085e-02   -6.4420799255e+01
    1.7859235406e-02   -6.4395446777e+01
    1.7868967727e-02   -6.4369995117e+01
    1.7879918218e-02   -6.4341255188e+01
    1.7889650539e-02   -6.4315620422e+01
    1.7899382859e-02   -6.4289909363e+01
    1.7909115180e-02   -6.4264114380e+01
    1.7918847501e-02   -6.4238258362e+01
    1.7929796129e-02   -6.4209083557e+01
    1.7939528450e-02   -6.4183082581e+01
    1.7949262634e-02   -6.4157020569e+01
    1.7958994955e-02   -6.4130905151e+01
    1.7969943583e-02   -6.4101455688e+01
    1.7979675904e-02   -6.4075218201e+01
    1.7989408225e-02   -6.4048927307e+01
    1.7999140546e-02   -6.4022583008e+01
    1.8008874729e-02   -6.3996177673e+01
    1.8019823357e-02   -6.3966400146e+01
    1.8029555678e-02   -6.3939868927e+01
    1.8039287999e-02   -6.3913269043e+01
    1.8049020320e-02   -6.3886608124e+01
    1.8059968948e-02   -6.3856529236e+01
    1.8069701269e-02   -6.3829723358e+01
    1.8079433590e-02   -6.3802845001e+01
    1.8089165911e-02   -6.3775894165e+01
    1.8098898232e-02   -6.3748870850e+01
    1.8109848723e-02   -6.3718383789e+01
    1.8119581044e-02   -6.3691207886e+01
    1.8129311502e-02   -6.3663959503e+01
    1.8139043823e-02   -6.3636634827e+01
    1.8149992451e-02   -6.3605812073e+01
    1.8159724772e-02   -6.3578338623e+01
    1.8169477582e-02   -6.3550739288e+01
    1.8179904670e-02   -6.3521156311e+01
    1.8189636990e-02   -6.3493473053e+01
    1.8199784681e-02   -6.3464542389e+01
    1.8209245056e-02   -6.3437515259e+01
    1.8219336867e-02   -6.3408622742e+01
    1.8229378387e-02   -6.3379821777e+01
    1.8239604309e-02   -6.3350444794e+01
    1.8249828368e-02   -6.3321029663e+01
    1.8259372562e-02   -6.3293548584e+01
    1.8269851804e-02   -6.3263359070e+01
    1.8279943615e-02   -6.3234272003e+01
    1.8289119005e-02   -6.3207839966e+01
    1.8299210817e-02   -6.3178779602e+01
    1.8309583887e-02   -6.3148956299e+01
    1.8319223076e-02   -6.3121280670e+01
    1.8329408020e-02   -6.3092094421e+01
    1.8339594826e-02   -6.3062980652e+01
    1.8349686638e-02   -6.3034210205e+01
    1.8359780312e-02   -6.3005527496e+01
    1.8369872123e-02   -6.2976932526e+01
    1.8379965797e-02   -6.2948425293e+01
    1.8389139324e-02   -6.2922588348e+01
    1.8399232998e-02   -6.2894252777e+01
    1.8409324810e-02   -6.2865997314e+01
    1.8419418484e-02   -6.2837818146e+01
    1.8429510295e-02   -6.2809711456e+01
    1.8439603969e-02   -6.2781665802e+01
    1.8449695781e-02   -6.2753681183e+01
    1.8459789455e-02   -6.2725746155e+01
    1.8469357863e-02   -6.2699302673e+01
    1.8479583785e-02   -6.2671092987e+01
    1.8489809707e-02   -6.2642929077e+01
    1.8499344587e-02   -6.2616706848e+01
    1.8509436399e-02   -6.2588993073e+01
    1.8519761041e-02   -6.2560688019e+01
    1.8529854715e-02   -6.2533069611e+01
    1.8539946526e-02   -6.2505504608e+01
    1.8549770117e-02   -6.2478721619e+01
    1.8559502438e-02   -6.2452243805e+01
    1.8569884822e-02   -6.2424053192e+01
    1.8579617143e-02   -6.2397674561e+01
    1.8589997664e-02   -6.2369590759e+01
    1.8599729985e-02   -6.2343315125e+01
    1.8609654158e-02   -6.2316574097e+01
    1.8619747832e-02   -6.2289443970e+01
    1.8629839644e-02   -6.2262386322e+01
    1.8639933318e-02   -6.2235404968e+01
    1.8649108708e-02   -6.2210941315e+01
    1.8659200519e-02   -6.2184108734e+01
    1.8669294193e-02   -6.2157356262e+01
    1.8679386005e-02   -6.2130680084e+01
    1.8689477816e-02   -6.2104084015e+01
    1.8699571490e-02   -6.2077560425e+01
    1.8709009513e-02   -6.2052822113e+01
    1.8719958141e-02   -6.2024215698e+01
    1.8729690462e-02   -6.1998867035e+01
    1.8739420921e-02   -6.1973590851e+01
    1.8749153242e-02   -6.1948398590e+01
    1.8758883700e-02   -6.1923286438e+01
    1.8769832328e-02   -6.1895145416e+01
    1.8779562786e-02   -6.1870223999e+01
    1.8789295107e-02   -6.1845397949e+01
    1.8799025565e-02   -6.1820671082e+01
    1.8809974194e-02   -6.1792972565e+01
    1.8819706514e-02   -6.1768455505e+01
    1.8829438835e-02   -6.1744041443e+01
    1.8839169294e-02   -6.1719726562e+01
    1.8848901615e-02   -6.1695499420e+01
    1.8859850243e-02   -6.1668338776e+01
    1.8869582564e-02   -6.1644260406e+01
    1.8879314885e-02   -6.1620235443e+01
    1.8889045343e-02   -6.1596244812e+01
    1.8899993971e-02   -6.1569278717e+01
    1.8909726292e-02   -6.1545318604e+01
    1.8919458613e-02   -6.1521354675e+01
    1.8929190934e-02   -6.1497379303e+01
    1.8938923255e-02   -6.1473384857e+01
    1.8949871883e-02   -6.1446365356e+01
    1.8959602341e-02   -6.1422321320e+01
    1.8969334662e-02   -6.1398246765e+01
    1.8979066983e-02   -6.1374145508e+01
    1.8988797441e-02   -6.1350017548e+01
    1.8999746069e-02   -6.1322841644e+01
    1.9009476528e-02   -6.1298667908e+01
    1.9019206986e-02   -6.1274482727e+01
    1.9028939307e-02   -6.1250293732e+01
    1.9039886072e-02   -6.1223098755e+01
    1.9049618393e-02   -6.1198951721e+01
    1.9059348851e-02   -6.1174846649e+01
    1.9069079310e-02   -6.1150787354e+01
    1.9078809768e-02   -6.1126796722e+01
    1.9089756534e-02   -6.1099887848e+01
    1.9099488854e-02   -6.1076053619e+01
    1.9109219313e-02   -6.1052303314e+01
    1.9118949771e-02   -6.1028636932e+01
    1.9129896536e-02   -6.1002117157e+01
    1.9139628857e-02   -6.0978637695e+01
    1.9149359316e-02   -6.0955238342e+01
    1.9159089774e-02   -6.0931922913e+01
    1.9168820232e-02   -6.0908683777e+01
    1.9179768860e-02   -6.0882629395e+01
    1.9189499319e-02   -6.0859539032e+01
    1.9199231640e-02   -6.0836513519e+01
    1.9208963960e-02   -6.0813552856e+01
    1.9219910726e-02   -6.0787788391e+01
    1.9229643047e-02   -6.0764942169e+01
    1.9239375368e-02   -6.0742153168e+01
    1.9249105826e-02   -6.0719409943e+01
    1.9258838147e-02   -6.0696716309e+01
    1.9269786775e-02   -6.0671237946e+01
    1.9279519096e-02   -6.0648632050e+01
    1.9289251417e-02   -6.0626064301e+01
    1.9298981875e-02   -6.0603519440e+01
    1.9309930503e-02   -6.0578186035e+01
    1.9319662824e-02   -6.0555686951e+01
    1.9329395145e-02   -6.0533195496e+01
    1.9339127466e-02   -6.0510707855e+01
    1.9348857924e-02   -6.0488216400e+01
    1.9359806553e-02   -6.0462902069e+01
    1.9369538873e-02   -6.0440387726e+01
    1.9379269332e-02   -6.0417854309e+01
    1.9389001653e-02   -6.0395305634e+01
    1.9399948418e-02   -6.0369915009e+01
    1.9409680739e-02   -6.0347324371e+01
    1.9419411197e-02   -6.0324726105e+01
    1.9429143518e-02   -6.0302116394e+01
    1.9438873976e-02   -6.0279502869e+01
    1.9449820742e-02   -6.0254070282e+01
    1.9459553063e-02   -6.0231475830e+01
    1.9469283521e-02   -6.0208896637e+01
    1.9479013979e-02   -6.0186332703e+01
    1.9489962608e-02   -6.0160976410e+01
    1.9499693066e-02   -6.0138462067e+01
    1.9509423524e-02   -6.0115966797e+01
    1.9519153982e-02   -6.0093494415e+01
    1.9528886303e-02   -6.0071033478e+01
    1.9539833069e-02   -6.0045783997e+01
    1.9549565390e-02   -6.0023349762e+01
    1.9559295848e-02   -6.0000915527e+01
    1.9569026306e-02   -5.9978485107e+01
    1.9579974934e-02   -5.9953247070e+01
    1.9589705393e-02   -5.9930801392e+01
    1.9599437714e-02   -5.9908336639e+01
    1.9609168172e-02   -5.9885852814e+01
    1.9618900493e-02   -5.9863342285e+01
    1.9629605114e-02   -5.9838542938e+01
    1.9639987499e-02   -5.9814445496e+01
    1.9649717957e-02   -5.9791805267e+01
    1.9659450278e-02   -5.9769115448e+01
    1.9669832662e-02   -5.9744853973e+01
    1.9679564983e-02   -5.9722042084e+01
    1.9689945504e-02   -5.9697639465e+01
    1.9699677825e-02   -5.9674690247e+01
    1.9709410146e-02   -5.9651672363e+01
    1.9719790667e-02   -5.9627040863e+01
    1.9729522988e-02   -5.9603870392e+01
    1.9739903510e-02   -5.9579074860e+01
    1.9749635831e-02   -5.9555751801e+01
    1.9759368151e-02   -5.9532356262e+01
    1.9769748673e-02   -5.9507324219e+01
    1.9779480994e-02   -5.9483779907e+01
    1.9789863378e-02   -5.9458591461e+01
    1.9799595699e-02   -5.9434913635e+01
    1.9809976220e-02   -5.9409591675e+01
    1.9819524139e-02   -5.9386249542e+01
    1.9829187542e-02   -5.9362579346e+01
    1.9838919863e-02   -5.9338703156e+01
    1.9849866629e-02   -5.9311813354e+01
    1.9859598950e-02   -5.9287895203e+01
    1.9869329408e-02   -5.9263965607e+01
    1.9879061729e-02   -5.9240036011e+01
    1.9888792187e-02   -5.9216121674e+01
    1.9899740815e-02   -5.9189243317e+01
    1.9909471273e-02   -5.9165382385e+01
    1.9919203594e-02   -5.9141559601e+01
    1.9928934053e-02   -5.9117778778e+01
    1.9939882681e-02   -5.9091083527e+01
    1.9949615002e-02   -5.9067405701e+01
    1.9959345460e-02   -5.9043777466e+01
    1.9969077781e-02   -5.9020198822e+01
    1.9978810102e-02   -5.8996665955e+01
    1.9989756867e-02   -5.8970241547e+01
    1.9999489188e-02   -5.8946792603e+01
    2.0009221509e-02   -5.8923374176e+01
    2.0018951967e-02   -5.8899982452e+01
    2.0029900596e-02   -5.8873683929e+01
    2.0039631054e-02   -5.8850322723e+01
    2.0049363375e-02   -5.8826965332e+01
    2.0059095696e-02   -5.8803607941e+01
    2.0068826154e-02   -5.8780250549e+01
    2.0079774782e-02   -5.8753971100e+01
    2.0089507103e-02   -5.8730609894e+01
    2.0099237561e-02   -5.8707241058e+01
    2.0108969882e-02   -5.8683868408e+01
    2.0119916648e-02   -5.8657569885e+01
    2.0129648969e-02   -5.8634189606e+01
    2.0139379427e-02   -5.8610809326e+01
    2.0149111748e-02   -5.8587429047e+01
    2.0158842206e-02   -5.8564044952e+01
    2.0169790834e-02   -5.8537746429e+01
    2.0179521292e-02   -5.8514369965e+01
    2.0189253613e-02   -5.8491004944e+01
    2.0198985934e-02   -5.8467647552e+01
    2.0209932700e-02   -5.8441387177e+01
    2.0219665021e-02   -5.8418056488e+01
    2.0229397342e-02   -5.8394744873e+01
    2.0239129663e-02   -5.8371452332e+01
    2.0248861983e-02   -5.8348178864e+01
    2.0259810612e-02   -5.8322025299e+01
    2.0269542933e-02   -5.8298801422e+01
    2.0279275253e-02   -5.8275600433e+01
    2.0289007574e-02   -5.8252426147e+01
    2.0299956203e-02   -5.8226379395e+01
    2.0309688523e-02   -5.8203250885e+01
    2.0319420844e-02   -5.8180137634e+01
    2.0329153165e-02   -5.8157043457e+01
    2.0338885486e-02   -5.8133960724e+01
    2.0349834114e-02   -5.8108001709e+01
    2.0359564573e-02   -5.8084930420e+01
    2.0369296893e-02   -5.8061862946e+01
    2.0379029214e-02   -5.8038787842e+01
    2.0389977843e-02   -5.8012821198e+01
    2.0399710163e-02   -5.7989730835e+01
    2.0409442484e-02   -5.7966625214e+01
    2.0419174805e-02   -5.7943504333e+01
    2.0428905264e-02   -5.7920368195e+01
    2.0439853892e-02   -5.7894317627e+01
    2.0449586213e-02   -5.7871143341e+01
    2.0459318534e-02   -5.7847949982e+01
    2.0469050854e-02   -5.7824745178e+01
    2.0479999483e-02   -5.7798622131e+01
    2.0489731804e-02   -5.7775390625e+01
    2.0499462262e-02   -5.7752151489e+01
    2.0509194583e-02   -5.7728912354e+01
    2.0518926904e-02   -5.7705673218e+01
    2.0529875532e-02   -5.7679531097e+01
    2.0539607853e-02   -5.7656303406e+01
    2.0549340174e-02   -5.7633083344e+01
    2.0559072495e-02   -5.7609882355e+01
    2.0568804815e-02   -5.7586692810e+01
    2.0579753444e-02   -5.7560630798e+01
    2.0589485765e-02   -5.7537487030e+01
    2.0599219948e-02   -5.7514369965e+01
    2.0608952269e-02   -5.7491279602e+01
    2.0619900897e-02   -5.7465339661e+01
    2.0629633218e-02   -5.7442317963e+01
    2.0639365539e-02   -5.7419326782e+01
    2.0649099723e-02   -5.7396377563e+01
    2.0658832043e-02   -5.7373462677e+01
    2.0669780672e-02   -5.7347736359e+01
    2.0679514855e-02   -5.7324909210e+01
    2.0689247176e-02   -5.7302127838e+01
    2.0698979497e-02   -5.7279392242e+01
    2.0709929988e-02   -5.7253868103e+01
    2.0719662309e-02   -5.7231224060e+01
    2.0729394630e-02   -5.7208629608e+01
    2.0739128813e-02   -5.7186077118e+01
    2.0748861134e-02   -5.7163574219e+01
    2.0759809762e-02   -5.7138309479e+01
    2.0769543946e-02   -5.7115898132e+01
    2.0779276267e-02   -5.7093532562e+01
    2.0789010450e-02   -5.7071208954e+01
    2.0799959078e-02   -5.7046146393e+01
    2.0809693262e-02   -5.7023914337e+01
    2.0819425583e-02   -5.7001720428e+01
    2.0829159766e-02   -5.6979568481e+01
    2.0838892087e-02   -5.6957450867e+01
    2.0849842578e-02   -5.6932609558e+01
    2.0859576762e-02   -5.6910564423e+01
    2.0869309083e-02   -5.6888549805e+01
    2.0879043266e-02   -5.6866561890e+01
    2.0889993757e-02   -5.6841857910e+01
    2.0899726078e-02   -5.6819923401e+01
    2.0909460261e-02   -5.6798011780e+01
    2.0919192582e-02   -5.6776119232e+01
    2.0928926766e-02   -5.6754249573e+01
    2.0939877257e-02   -5.6729667664e+01
    2.0949609578e-02   -5.6707843781e+01
    2.0959343761e-02   -5.6686042786e+01
    2.0969076082e-02   -5.6664268494e+01
    2.0978810266e-02   -5.6642520905e+01
    2.0989758894e-02   -5.6618091583e+01
    2.0999493077e-02   -5.6596412659e+01
    2.1009225398e-02   -5.6574768066e+01
    2.1018959582e-02   -5.6553165436e+01
    2.1029908210e-02   -5.6528907776e+01
    2.1039642394e-02   -5.6507392883e+01
    2.1049374714e-02   -5.6485919952e+01
    2.1059107035e-02   -5.6464492798e+01
    2.1068839356e-02   -5.6443115234e+01
    2.1079789847e-02   -5.6419120789e+01
    2.1089522168e-02   -5.6397846222e+01
    2.1099254489e-02   -5.6376621246e+01
    2.1108988672e-02   -5.6355445862e+01
    2.1119937301e-02   -5.6331687927e+01
    2.1129669622e-02   -5.6310623169e+01
    2.1139403805e-02   -5.6289611816e+01
    2.1149136126e-02   -5.6268650055e+01
    2.1158868447e-02   -5.6247737885e+01
    2.1169817075e-02   -5.6224273682e+01
    2.1179551259e-02   -5.6203468323e+01
    2.1189283580e-02   -5.6182712555e+01
    2.1199015900e-02   -5.6162002563e+01
    2.1209966391e-02   -5.6138759613e+01
    2.1219698712e-02   -5.6118144989e+01
    2.1229431033e-02   -5.6097576141e+01
    2.1239165217e-02   -5.6077049255e+01
    2.1248897538e-02   -5.6056564331e+01
    2.1259848028e-02   -5.6033569336e+01
    2.1269580349e-02   -5.6013168335e+01
    2.1279312670e-02   -5.5992805481e+01
    2.1289046854e-02   -5.5972476959e+01
    2.1299995482e-02   -5.5949645996e+01
    2.1309729666e-02   -5.5929382324e+01
    2.1319461986e-02   -5.5909145355e+01
    2.1329196170e-02   -5.5888931274e+01
    2.1338928491e-02   -5.5868732452e+01
    2.1349878982e-02   -5.5846023560e+01
    2.1359611303e-02   -5.5825847626e+01
    2.1369343624e-02   -5.5805675507e+01
    2.1379077807e-02   -5.5785499573e+01
    2.1388810128e-02   -5.5765323639e+01
    2.1399758756e-02   -5.5742614746e+01
    2.1409492940e-02   -5.5722415924e+01
    2.1419225261e-02   -5.5702205658e+01
    2.1428957582e-02   -5.5681987762e+01
    2.1439906210e-02   -5.5659221649e+01
    2.1449640393e-02   -5.5638973236e+01
    2.1459372714e-02   -5.5618717194e+01
    2.1469105035e-02   -5.5598449707e+01
    2.1478837356e-02   -5.5578178406e+01
    2.1489785984e-02   -5.5555366516e+01
    2.1499518305e-02   -5.5535091400e+01
    2.1509250626e-02   -5.5514820099e+01
    2.1518982947e-02   -5.5494556427e+01
    2.1529933438e-02   -5.5471778870e+01
    2.1539665759e-02   -5.5451545715e+01
    2.1549398080e-02   -5.5431339264e+01
    2.1559130400e-02   -5.5411159515e+01
    2.1568862721e-02   -5.5391014099e+01
    2.1579811350e-02   -5.5368400574e+01
    2.1589543670e-02   -5.5348342896e+01
    2.1599275991e-02   -5.5328338623e+01
    2.1609008312e-02   -5.5308391571e+01
    2.1619956940e-02   -5.5286022186e+01
    2.1629689261e-02   -5.5266208649e+01
    2.1639421582e-02   -5.5246463776e+01
    2.1649153903e-02   -5.5226787567e+01
    2.1658886224e-02   -5.5207191467e+01
    2.1669834852e-02   -5.5185234070e+01
    2.1679567173e-02   -5.5165798187e+01
    2.1689299494e-02   -5.5146438599e+01
    2.1699031815e-02   -5.5127155304e+01
    2.1709980443e-02   -5.5105552673e+01
    2.1719712764e-02   -5.5086421967e+01
    2.1729445085e-02   -5.5067363739e+01
    2.1739175543e-02   -5.5048374176e+01
    2.1748907864e-02   -5.5029445648e+01
    2.1759856492e-02   -5.5008224487e+01
    2.1769588813e-02   -5.4989425659e+01
    2.1779321134e-02   -5.4970687866e+01
    2.1789053455e-02   -5.4952007294e+01
    2.1798785776e-02   -5.4933380127e+01
    2.1809734404e-02   -5.4912498474e+01
    2.1819466725e-02   -5.4894001007e+01
    2.1829199046e-02   -5.4875560760e+01
    2.1838931367e-02   -5.4857189178e+01
    2.1849879995e-02   -5.4836597443e+01
    2.1859612316e-02   -5.4818367004e+01
    2.1869344637e-02   -5.4800209045e+01
    2.1879076958e-02   -5.4782127380e+01
    2.1888809279e-02   -5.4764122009e+01
    2.1899757907e-02   -5.4743965149e+01
    2.1909490228e-02   -5.4726131439e+01
    2.1919222549e-02   -5.4708377838e+01
    2.1928954870e-02   -5.4690704346e+01
    2.1939905360e-02   -5.4670913696e+01
    2.1949637681e-02   -5.4653400421e+01
    2.1959370002e-02   -5.4635963440e+01
    2.1969102323e-02   -5.4618591309e+01
    2.1978834644e-02   -5.4601284027e+01
    2.1989785135e-02   -5.4581886292e+01
    2.1999517456e-02   -5.4564701080e+01
    2.2009251639e-02   -5.4547561646e+01
    2.2018983960e-02   -5.4530467987e+01
    2.2029934451e-02   -5.4511287689e+01
    2.2039666772e-02   -5.4494277954e+01
    2.2049399093e-02   -5.4477298737e+01
    2.2059133276e-02   -5.4460353851e+01
    2.2068865597e-02   -5.4443439484e+01
    2.2079816088e-02   -5.4424438477e+01
    2.2089548409e-02   -5.4407581329e+01
    2.2099280730e-02   -5.4390754700e+01
    2.2109014913e-02   -5.4373950958e+01
    2.2119963542e-02   -5.4355083466e+01
    2.2129697725e-02   -5.4338344574e+01
    2.2139430046e-02   -5.4321640015e+01
    2.2149162367e-02   -5.4304969788e+01
    2.2158894688e-02   -5.4288333893e+01
    2.2169845179e-02   -5.4269668579e+01
    2.2179577500e-02   -5.4253116608e+01
    2.2189309821e-02   -5.4236610413e+01
    2.2199042141e-02   -5.4220146179e+01
    2.2209992632e-02   -5.4201675415e+01
    2.2219724953e-02   -5.4185306549e+01
    2.2229457274e-02   -5.4168983459e+01
    2.2239189595e-02   -5.4152706146e+01
    2.2248921916e-02   -5.4136470795e+01
    2.2259872407e-02   -5.4118255615e+01
    2.2269604728e-02   -5.4102108002e+01
    2.2279337049e-02   -5.4085994720e+01
    2.2289069369e-02   -5.4069915771e+01
    2.2298801690e-02   -5.4053863525e+01
    2.2309750319e-02   -5.4035831451e+01
    2.2319484502e-02   -5.4019821167e+01
    2.2329216823e-02   -5.4003818512e+01
    2.2338949144e-02   -5.3987823486e+01
    2.2349897772e-02   -5.3969818115e+01
    2.2359630093e-02   -5.3953804016e+01
    2.2369362414e-02   -5.3937767029e+01
    2.2379096597e-02   -5.3921703339e+01
    2.2388828918e-02   -5.3905601501e+01
    2.2399777547e-02   -5.3887439728e+01
    2.2409509867e-02   -5.3871246338e+01
    2.2419242188e-02   -5.3854999542e+01
    2.2428976372e-02   -5.3838691711e+01
    2.2439925000e-02   -5.3820278168e+01
    2.2449657321e-02   -5.3803848267e+01
    2.2459389642e-02   -5.3787357330e+01
    2.2469121963e-02   -5.3770809174e+01
    2.2478854284e-02   -5.3754207611e+01
    2.2489804775e-02   -5.3735473633e+01
    2.2499537095e-02   -5.3718776703e+01
    2.2509269416e-02   -5.3702049255e+01
    2.2519001737e-02   -5.3685298920e+01
    2.2529950365e-02   -5.3666439056e+01
    2.2539682686e-02   -5.3649669647e+01
    2.2549415007e-02   -5.3632904053e+01
    2.2559147328e-02   -5.3616157532e+01
    2.2568881512e-02   -5.3599437714e+01
    2.2579830140e-02   -5.3580669403e+01
    2.2589562461e-02   -5.3564033508e+01
    2.2599294782e-02   -5.3547443390e+01
    2.2609027103e-02   -5.3530914307e+01
    2.2619977593e-02   -5.3512390137e+01
    2.2629709914e-02   -5.3495990753e+01
    2.2639442235e-02   -5.3479660034e+01
    2.2649174556e-02   -5.3463401794e+01
    2.2658906877e-02   -5.3447208405e+01
    2.2669855505e-02   -5.3429077148e+01
    2.2679589689e-02   -5.3413028717e+01
    2.2689322010e-02   -5.3397041321e+01
    2.2699054331e-02   -5.3381111145e+01
    2.2708786651e-02   -5.3365238190e+01
    2.2719735280e-02   -5.3347431183e+01
    2.2729467601e-02   -5.3331645966e+01
    2.2739199921e-02   -5.3315891266e+01
    2.2748932242e-02   -5.3300159454e+01
    2.2759882733e-02   -5.3282478333e+01
    2.2769615054e-02   -5.3266761780e+01
    2.2779347375e-02   -5.3251041412e+01
    2.2789079696e-02   -5.3235305786e+01
    2.2798812017e-02   -5.3219543457e+01
    2.2809760645e-02   -5.3201770782e+01
    2.2819491103e-02   -5.3185928345e+01
    2.2829223424e-02   -5.3170036316e+01
    2.2838955745e-02   -5.3154079437e+01
    2.2849904373e-02   -5.3136054993e+01
    2.2859636694e-02   -5.3119956970e+01
    2.2869369015e-02   -5.3103782654e+01
    2.2879099473e-02   -5.3087528229e+01
    2.2888831794e-02   -5.3071189880e+01
    2.2899780422e-02   -5.3052711487e+01
    2.2909512743e-02   -5.3036193848e+01
    2.2919243202e-02   -5.3019592285e+01
    2.2928975523e-02   -5.3002906799e+01
    2.2939924151e-02   -5.2984039307e+01
    2.2949656472e-02   -5.2967182159e+01
    2.2959386930e-02   -5.2950252533e+01
    2.2969119251e-02   -5.2933254242e+01
    2.2978851572e-02   -5.2916187286e+01
    2.2989800200e-02   -5.2896911621e+01
    2.2999530658e-02   -5.2879718781e+01
    2.3009262979e-02   -5.2862480164e+01
    2.3018995300e-02   -5.2845191956e+01
    2.3029943928e-02   -5.2825698853e+01
    2.3039674386e-02   -5.2808330536e+01
    2.3049406707e-02   -5.2790935516e+01
    2.3059139028e-02   -5.2773513794e+01
    2.3068871349e-02   -5.2756072998e+01
    2.3079819977e-02   -5.2736431122e+01
    2.3089550436e-02   -5.2718952179e+01
    2.3099282756e-02   -5.2701465607e+01
    2.3109015077e-02   -5.2683967590e+01
    2.3119963706e-02   -5.2664276123e+01
    2.3129696026e-02   -5.2646762848e+01
    2.3139428347e-02   -5.2629249573e+01
    2.3149160668e-02   -5.2611728668e+01
    2.3158892989e-02   -5.2594207764e+01
    2.3169841617e-02   -5.2574489594e+01
    2.3179573938e-02   -5.2556961060e+01
    2.3189306259e-02   -5.2539428711e+01
    2.3199038580e-02   -5.2521892548e+01
    2.3209987208e-02   -5.2502162933e+01
    2.3219719529e-02   -5.2484619141e+01
    2.3229451850e-02   -5.2467071533e+01
    2.3239184171e-02   -5.2449520111e+01
    2.3248916492e-02   -5.2431961060e+01
    2.3259865120e-02   -5.2412204742e+01
    2.3269597441e-02   -5.2394638062e+01
    2.3279329762e-02   -5.2377067566e+01
    2.3289060220e-02   -5.2359493256e+01
    2.3298792541e-02   -5.2341915131e+01
    2.3309743032e-02   -5.2322139740e+01
    2.3319473490e-02   -5.2304561615e+01
    2.3329205811e-02   -5.2286979675e+01
    2.3338938132e-02   -5.2269405365e+01
    2.3349886760e-02   -5.2249641418e+01
    2.3359619081e-02   -5.2232078552e+01
    2.3369351402e-02   -5.2214530945e+01
    2.3379083723e-02   -5.2196994781e+01
    2.3388816044e-02   -5.2179473877e+01
    2.3399764672e-02   -5.2159786224e+01
    2.3409496993e-02   -5.2142311096e+01
    2.3419229314e-02   -5.2124862671e+01
    2.3428961635e-02   -5.2107440948e+01
    2.3439910263e-02   -5.2087882996e+01
    2.3449642584e-02   -5.2070533752e+01
    2.3459373042e-02   -5.2053222656e+01
    2.3469105363e-02   -5.2035953522e+01
    2.3478837684e-02   -5.2018726349e+01
    2.3489786312e-02   -5.1999401093e+01
    2.3499518633e-02   -5.1982273102e+01
    2.3509250954e-02   -5.1965194702e+01
    2.3518983275e-02   -5.1948169708e+01
    2.3529931903e-02   -5.1929077148e+01
    2.3539662361e-02   -5.1912162781e+01
    2.3549394682e-02   -5.1895309448e+01
    2.3559127003e-02   -5.1878509521e+01
    2.3568859324e-02   -5.1861766815e+01
    2.3579806089e-02   -5.1843002319e+01
    2.3589538410e-02   -5.1826381683e+01
    2.3599270731e-02   -5.1809814453e+01
    2.3609001189e-02   -5.1793304443e+01
    2.3619949818e-02   -5.1774795532e+01
    2.3629682139e-02   -5.1758392334e+01
    2.3639414459e-02   -5.1742034912e+01
    2.3649146780e-02   -5.1725715637e+01
    2.3658877239e-02   -5.1709430695e+01
    2.3669827729e-02   -5.1691143036e+01
    2.3679560050e-02   -5.1674911499e+01
    2.3689292371e-02   -5.1658691406e+01
    2.3699024692e-02   -5.1642475128e+01
    2.3709973320e-02   -5.1624225616e+01
    2.3719705641e-02   -5.1607986450e+01
    2.3729437962e-02   -5.1591724396e+01
    2.3739172146e-02   -5.1575431824e+01
    2.3748904467e-02   -5.1559101105e+01
    2.3759853095e-02   -5.1540668488e+01
    2.3769585416e-02   -5.1524227142e+01
    2.3779319599e-02   -5.1507728577e+01
    2.3789051920e-02   -5.1491165161e+01
    2.3798784241e-02   -5.1474533081e+01
    2.3809732869e-02   -5.1455741882e+01
    2.3819465190e-02   -5.1438964844e+01
    2.3829197511e-02   -5.1422126770e+01
    2.3838929832e-02   -5.1405220032e+01
    2.3849878460e-02   -5.1386131287e+01
    2.3859608918e-02   -5.1369106293e+01
    2.3869341239e-02   -5.1352035522e+01
    2.3879073560e-02   -5.1334922791e+01
    2.3888804018e-02   -5.1317779541e+01
    2.3899752647e-02   -5.1298461914e+01
    2.3909483105e-02   -5.1281272888e+01
    2.3919215426e-02   -5.1264080048e+01
    2.3928945884e-02   -5.1246883392e+01
    2.3939894512e-02   -5.1227546692e+01
    2.3949624971e-02   -5.1210372925e+01
    2.3959357291e-02   -5.1193214417e+01
    2.3969087750e-02   -5.1176078796e+01
    2.3978820071e-02   -5.1158969879e+01
    2.3989766836e-02   -5.1139751434e+01
    2.3999497294e-02   -5.1122695923e+01
    2.4009229615e-02   -5.1105667114e+01
    2.4018960074e-02   -5.1088665009e+01
    2.4029906839e-02   -5.1069557190e+01
    2.4039639160e-02   -5.1052593231e+01
    2.4049369618e-02   -5.1035640717e+01
    2.4059100077e-02   -5.1018688202e+01
    2.4068832397e-02   -5.1001739502e+01
    2.4079779163e-02   -5.0982658386e+01
    2.4089511484e-02   -5.0965682983e+01
    2.4099241942e-02   -5.0948684692e+01
    2.4108972400e-02   -5.0931655884e+01
    2.4119921029e-02   -5.0912456512e+01
    2.4129651487e-02   -5.0895339966e+01
    2.4139383808e-02   -5.0878177643e+01
    2.4149114266e-02   -5.0860958099e+01
    2.4158846587e-02   -5.0843677521e+01
    2.4169793352e-02   -5.0824161530e+01
    2.4179525673e-02   -5.0806743622e+01
    2.4189256132e-02   -5.0789253235e+01
    2.4198986590e-02   -5.0771694183e+01
    2.4209935218e-02   -5.0751850128e+01
    2.4219665676e-02   -5.0734134674e+01
    2.4229397997e-02   -5.0716342926e+01
    2.4239128456e-02   -5.0698478699e+01
    2.4248860776e-02   -5.0680541992e+01
    2.4259807542e-02   -5.0660278320e+01
    2.4269539863e-02   -5.0642192841e+01
    2.4279272184e-02   -5.0624034882e+01
    2.4289002642e-02   -5.0605808258e+01
    2.4299951270e-02   -5.0585224152e+01
    2.4309681728e-02   -5.0566852570e+01
    2.4319414049e-02   -5.0548419952e+01
    2.4329146370e-02   -5.0529918671e+01
    2.4338876829e-02   -5.0511352539e+01
    2.4349825457e-02   -5.0490390778e+01
    2.4359557778e-02   -5.0471687317e+01
    2.4369288236e-02   -5.0452922821e+01
    2.4379020557e-02   -5.0434089661e+01
    2.4389969185e-02   -5.0412830353e+01
    2.4399701506e-02   -5.0393867493e+01
    2.4409431964e-02   -5.0374843597e+01
    2.4419164285e-02   -5.0355758667e+01
    2.4428896606e-02   -5.0336612701e+01
    2.4439845234e-02   -5.0315010071e+01
    2.4449577555e-02   -5.0295749664e+01
    2.4459309876e-02   -5.0276435852e+01
    2.4469042197e-02   -5.0257076263e+01
    2.4479992688e-02   -5.0235244751e+01
    2.4489725009e-02   -5.0215801239e+01
    2.4499457330e-02   -5.0196319580e+01
    2.4509189650e-02   -5.0176807404e+01
    2.4518923834e-02   -5.0157272339e+01
    2.4529872462e-02   -5.0135272980e+01
    2.4539606646e-02   -5.0115703583e+01
    2.4549338967e-02   -5.0096130371e+01
    2.4559071288e-02   -5.0076553345e+01
    2.4568805471e-02   -5.0056980133e+01
    2.4579755962e-02   -5.0034969330e+01
    2.4589488283e-02   -5.0015422821e+01
    2.4599220604e-02   -4.9995895386e+01
    2.4608954787e-02   -4.9976390839e+01
    2.4619903415e-02   -4.9954479218e+01
    2.4629637599e-02   -4.9935043335e+01
    2.4639369920e-02   -4.9915637970e+01
    2.4649102241e-02   -4.9896278381e+01
    2.4658834562e-02   -4.9876960754e+01
    2.4669785053e-02   -4.9855285645e+01
    2.4679517373e-02   -4.9836071014e+01
    2.4689249694e-02   -4.9816913605e+01
    2.4698982015e-02   -4.9797809601e+01
    2.4709930643e-02   -4.9776393890e+01
    2.4719661102e-02   -4.9757423401e+01
    2.4729393423e-02   -4.9738517761e+01
    2.4739125744e-02   -4.9719680786e+01
    2.4748858064e-02   -4.9700916290e+01
    2.4759806693e-02   -4.9679893494e+01
    2.4769537151e-02   -4.9661285400e+01
    2.4779269472e-02   -4.9642757416e+01
    2.4789001793e-02   -4.9624309540e+01
    2.4799950421e-02   -4.9603649139e+01
    2.4809680879e-02   -4.9585376740e+01
    2.4819413200e-02   -4.9567180634e+01
    2.4829145521e-02   -4.9549072266e+01
    2.4838877842e-02   -4.9531047821e+01
    2.4849826470e-02   -4.9510868073e+01
    2.4859558791e-02   -4.9493022919e+01
    2.4869291112e-02   -4.9475261688e+01
    2.4879023433e-02   -4.9457580566e+01
    2.4889972061e-02   -4.9437793732e+01
    2.4899704382e-02   -4.9420291901e+01
    2.4909436703e-02   -4.9402873993e+01
    2.4919169024e-02   -4.9385536194e+01
    2.4928901345e-02   -4.9368282318e+01
    2.4939849973e-02   -4.9348972321e+01
    2.4949582294e-02   -4.9331893921e+01
    2.4959314615e-02   -4.9314895630e+01
    2.4969046935e-02   -4.9297981262e+01
    2.4979995564e-02   -4.9279052734e+01
    2.4989727885e-02   -4.9262310028e+01
    2.4999460205e-02   -4.9245651245e+01
    2.5009192526e-02   -4.9229076385e+01
    2.5018922985e-02   -4.9212581635e+01
    2.5029871613e-02   -4.9194122314e+01
    2.5039603934e-02   -4.9177803040e+01
    2.5049336255e-02   -4.9161560059e+01
    2.5059068576e-02   -4.9145397186e+01
    2.5068799034e-02   -4.9129314423e+01
    2.5079747662e-02   -4.9111312866e+01
    2.5089479983e-02   -4.9095394135e+01
    2.5099210441e-02   -4.9079547882e+01
    2.5108942762e-02   -4.9063770294e+01
    2.5119891390e-02   -4.9046108246e+01
    2.5129621848e-02   -4.9030475616e+01
    2.5139354169e-02   -4.9014907837e+01
    2.5149084628e-02   -4.8999404907e+01
    2.5158816949e-02   -4.8983955383e+01
    2.5169763714e-02   -4.8966648102e+01
    2.5179496035e-02   -4.8951316833e+01
    2.5189226493e-02   -4.8936035156e+01
    2.5198958814e-02   -4.8920806885e+01
    2.5209905580e-02   -4.8903724670e+01
    2.5219637901e-02   -4.8888591766e+01
    2.5229368359e-02   -4.8873504639e+01
    2.5239100680e-02   -4.8858455658e+01
    2.5248831138e-02   -4.8843452454e+01
    2.5259779766e-02   -4.8826625824e+01
    2.5269510224e-02   -4.8811714172e+01
    2.5279242545e-02   -4.8796848297e+01
    2.5288974866e-02   -4.8782028198e+01
    2.5299921632e-02   -4.8765415192e+01
    2.5309653953e-02   -4.8750698090e+01
    2.5319384411e-02   -4.8736038208e+01
    2.5329116732e-02   -4.8721435547e+01
    2.5338847190e-02   -4.8706890106e+01
    2.5349795818e-02   -4.8690601349e+01
    2.5359526277e-02   -4.8676189423e+01
    2.5369256735e-02   -4.8661846161e+01
    2.5378989056e-02   -4.8647571564e+01
    2.5389935821e-02   -4.8631595612e+01
    2.5399668142e-02   -4.8617469788e+01
    2.5409398600e-02   -4.8603420258e+01
    2.5419129059e-02   -4.8589439392e+01
    2.5428861380e-02   -4.8575531006e+01
    2.5439808145e-02   -4.8559967041e+01
    2.5449540466e-02   -4.8546207428e+01
    2.5459270924e-02   -4.8532508850e+01
    2.5469001383e-02   -4.8518875122e+01
    2.5479950011e-02   -4.8503608704e+01
    2.5489680469e-02   -4.8490093231e+01
    2.5499412790e-02   -4.8476627350e+01
    2.5509143248e-02   -4.8463207245e+01
    2.5518875569e-02   -4.8449825287e+01
    2.5529822335e-02   -4.8434810638e+01
    2.5539554656e-02   -4.8421497345e+01
    2.5549286976e-02   -4.8408203125e+01
    2.5559017435e-02   -4.8394920349e+01
    2.5569966063e-02   -4.8379993439e+01
    2.5579698384e-02   -4.8366725922e+01
    2.5589430705e-02   -4.8353450775e+01
    2.5599163026e-02   -4.8340164185e+01
    2.5608895347e-02   -4.8326858521e+01
    2.5619843975e-02   -4.8311851501e+01
    2.5629576296e-02   -4.8298477173e+01
    2.5639308617e-02   -4.8285053253e+01
    2.5649042800e-02   -4.8271575928e+01
    2.5659991428e-02   -4.8256336212e+01
    2.5669723749e-02   -4.8242706299e+01
    2.5679456070e-02   -4.8228992462e+01
    2.5689190254e-02   -4.8215175629e+01
    2.5698922575e-02   -4.8201251984e+01
    2.5709871203e-02   -4.8185440063e+01
    2.5719605386e-02   -4.8171245575e+01
    2.5729337707e-02   -4.8156902313e+01
    2.5739070028e-02   -4.8142398834e+01
    2.5748802349e-02   -4.8127727509e+01
    2.5759752840e-02   -4.8111003876e+01
    2.5769485161e-02   -4.8095935822e+01
    2.5779217482e-02   -4.8080665588e+01
    2.5788949803e-02   -4.8065181732e+01
    2.5799900293e-02   -4.8047504425e+01
    2.5809632614e-02   -4.8031547546e+01
    2.5819364935e-02   -4.8015357971e+01
    2.5829097256e-02   -4.7998935699e+01
    2.5838829577e-02   -4.7982269287e+01
    2.5849778205e-02   -4.7963230133e+01
    2.5859510526e-02   -4.7946052551e+01
    2.5869242847e-02   -4.7928630829e+01
    2.5878977031e-02   -4.7910968781e+01
    2.5889925659e-02   -4.7890815735e+01
    2.5899657980e-02   -4.7872657776e+01
    2.5909390301e-02   -4.7854270935e+01
    2.5919122621e-02   -4.7835666656e+01
    2.5928854942e-02   -4.7816848755e+01
    2.5939803571e-02   -4.7795429230e+01
    2.5949535891e-02   -4.7776184082e+01
    2.5959268212e-02   -4.7756744385e+01
    2.5969000533e-02   -4.7737129211e+01
    2.5979949161e-02   -4.7714855194e+01
    2.5989681482e-02   -4.7694881439e+01
    2.5999413803e-02   -4.7674751282e+01
    2.6009144261e-02   -4.7654479980e+01
    2.6018876582e-02   -4.7634063721e+01
    2.6029825211e-02   -4.7610939026e+01
    2.6039557531e-02   -4.7590255737e+01
    2.6049289852e-02   -4.7569450378e+01
    2.6059022173e-02   -4.7548530579e+01
    2.6069970801e-02   -4.7524871826e+01
    2.6079703122e-02   -4.7503730774e+01
    2.6089435443e-02   -4.7482490540e+01
    2.6099167764e-02   -4.7461158752e+01
    2.6108898222e-02   -4.7439739227e+01
    2.6119846851e-02   -4.7415538788e+01
    2.6129579172e-02   -4.7393936157e+01
    2.6139311492e-02   -4.7372257233e+01
    2.6149043813e-02   -4.7350502014e+01
    2.6159992442e-02   -4.7325935364e+01
    2.6169722900e-02   -4.7304027557e+01
    2.6179455221e-02   -4.7282047272e+01
    2.6189187542e-02   -4.7260005951e+01
    2.6198919863e-02   -4.7237899780e+01
    2.6209868491e-02   -4.7212963104e+01
    2.6219598949e-02   -4.7190738678e+01
    2.6229331270e-02   -4.7168460846e+01
    2.6239063591e-02   -4.7146133423e+01
    2.6248795912e-02   -4.7123760223e+01
    2.6259742677e-02   -4.7098541260e+01
    2.6269474998e-02   -4.7076084137e+01
    2.6279207319e-02   -4.7053588867e+01
    2.6288937777e-02   -4.7031063080e+01
    2.6299886405e-02   -4.7005687714e+01
    2.6309618726e-02   -4.6983100891e+01
    2.6319349185e-02   -4.6960491180e+01
    2.6329081506e-02   -4.6937862396e+01
    2.6338813826e-02   -4.6915214539e+01
    2.6349762455e-02   -4.6889713287e+01
    2.6359492913e-02   -4.6867027283e+01
    2.6369225234e-02   -4.6844326019e+01
    2.6378957555e-02   -4.6821617126e+01
    2.6389906183e-02   -4.6796051025e+01
    2.6399636641e-02   -4.6773311615e+01
    2.6409368962e-02   -4.6750560760e+01
    2.6419101283e-02   -4.6727798462e+01
    2.6428833604e-02   -4.6705028534e+01
    2.6439780369e-02   -4.6679393768e+01
    2.6449512690e-02   -4.6656593323e+01
    2.6459245011e-02   -4.6633781433e+01
    2.6468975469e-02   -4.6610954285e+01
    2.6479924098e-02   -4.6585254669e+01
    2.6489656419e-02   -4.6562397003e+01
    2.6499386877e-02   -4.6539516449e+01
    2.6509119198e-02   -4.6516620636e+01
    2.6518849656e-02   -4.6493705750e+01
    2.6529798284e-02   -4.6467903137e+01
    2.6539528742e-02   -4.6444938660e+01
    2.6549261063e-02   -4.6421955109e+01
    2.6558991522e-02   -4.6398944855e+01
    2.6569940150e-02   -4.6373023987e+01
    2.6579672471e-02   -4.6349956512e+01
    2.6589402929e-02   -4.6326862335e+01
    2.6599135250e-02   -4.6303737640e+01
    2.6608865708e-02   -4.6280582428e+01
    2.6619814336e-02   -4.6254501343e+01
    2.6629544795e-02   -4.6231281281e+01
    2.6639277115e-02   -4.6208034515e+01
    2.6649009436e-02   -4.6184761047e+01
    2.6659956202e-02   -4.6158542633e+01
    2.6669688523e-02   -4.6135208130e+01
    2.6679420844e-02   -4.6111846924e+01
    2.6689153165e-02   -4.6088466644e+01
    2.6698885486e-02   -4.6065063477e+01
    2.6709834114e-02   -4.6038711548e+01
    2.6719564572e-02   -4.6015274048e+01
    2.6729296893e-02   -4.5991821289e+01
    2.6739029214e-02   -4.5968360901e+01
    2.6749977842e-02   -4.5941959381e+01
    2.6759710163e-02   -4.5918491364e+01
    2.6769442484e-02   -4.5895023346e+01
    2.6779174805e-02   -4.5871559143e+01
    2.6788907126e-02   -4.5848102570e+01
    2.6799855754e-02   -4.5821727753e+01
    2.6809588075e-02   -4.5798294067e+01
    2.6819320396e-02   -4.5774879456e+01
    2.6829052716e-02   -4.5751487732e+01
    2.6838785037e-02   -4.5728111267e+01
    2.6849733666e-02   -4.5701843262e+01
    2.6859465986e-02   -4.5678520203e+01
    2.6869198307e-02   -4.5655223846e+01
    2.6878930628e-02   -4.5631950378e+01
    2.6889879256e-02   -4.5605804443e+01
    2.6899609715e-02   -4.5582595825e+01
    2.6909342036e-02   -4.5559410095e+01
    2.6919074357e-02   -4.5536258698e+01
    2.6928806677e-02   -4.5513130188e+01
    2.6939755306e-02   -4.5487144470e+01
    2.6949487627e-02   -4.5464073181e+01
    2.6959219947e-02   -4.5441028595e+01
    2.6968952268e-02   -4.5418006897e+01
    2.6979900897e-02   -4.5392131805e+01
    2.6989633217e-02   -4.5369155884e+01
    2.6999365538e-02   -4.5346199036e+01
    2.7009097859e-02   -4.5323257446e+01
    2.7018830180e-02   -4.5300331116e+01
    2.7029778808e-02   -4.5274551392e+01
    2.7039511129e-02   -4.5251651764e+01
    2.7049243450e-02   -4.5228755951e+01
    2.7058975771e-02   -4.5205867767e+01
    2.7069924399e-02   -4.5180122375e+01
    2.7079656720e-02   -4.5157234192e+01
    2.7089389041e-02   -4.5134346008e+01
    2.7099121362e-02   -4.5111454010e+01
    2.7108853683e-02   -4.5088550568e+01
    2.7119802311e-02   -4.5062770844e+01
    2.7129534632e-02   -4.5039840698e+01
    2.7139266953e-02   -4.5016895294e+01
    2.7148999274e-02   -4.4993927002e+01
    2.7159949765e-02   -4.4968059540e+01
    2.7169682086e-02   -4.4945034027e+01
    2.7179414406e-02   -4.4921981812e+01
    2.7189146727e-02   -4.4898895264e+01
    2.7198879048e-02   -4.4875774384e+01
    2.7209827676e-02   -4.4849712372e+01
    2.7219559997e-02   -4.4826503754e+01
    2.7229292318e-02   -4.4803249359e+01
    2.7239024639e-02   -4.4779949188e+01
    2.7249973267e-02   -4.4753677368e+01
    2.7259705588e-02   -4.4730266571e+01
    2.7269437909e-02   -4.4706806183e+01
    2.7279170230e-02   -4.4683292389e+01
    2.7288902551e-02   -4.4659721375e+01
    2.7299851179e-02   -4.4633140564e+01
    2.7309583500e-02   -4.4609447479e+01
    2.7319315821e-02   -4.4585700989e+01
    2.7329048142e-02   -4.4561897278e+01
    2.7339996770e-02   -4.4535049438e+01
    2.7349727228e-02   -4.4511127472e+01
    2.7359459549e-02   -4.4487148285e+01
    2.7369191870e-02   -4.4463111877e+01
    2.7378924191e-02   -4.4439025879e+01
    2.7389872819e-02   -4.4411861420e+01
    2.7399605140e-02   -4.4387664795e+01
    2.7409337461e-02   -4.4363414764e+01
    2.7419069782e-02   -4.4339118958e+01
    2.7428802103e-02   -4.4314777374e+01
    2.7439750731e-02   -4.4287338257e+01
    2.7449483052e-02   -4.4262901306e+01
    2.7459215373e-02   -4.4238426208e+01
    2.7468947694e-02   -4.4213909149e+01
    2.7479898185e-02   -4.4186283112e+01
    2.7489630505e-02   -4.4161689758e+01
    2.7499362826e-02   -4.4137062073e+01
    2.7509095147e-02   -4.4112403870e+01
    2.7518827468e-02   -4.4087718964e+01
    2.7529776096e-02   -4.4059917450e+01
    2.7539510280e-02   -4.4035179138e+01
    2.7549242601e-02   -4.4010417938e+01
    2.7558974922e-02   -4.3985641479e+01
    2.7569923550e-02   -4.3957748413e+01
    2.7579657733e-02   -4.3932937622e+01
    2.7589390054e-02   -4.3908123016e+01
    2.7599122375e-02   -4.3883300781e+01
    2.7608854696e-02   -4.3858474731e+01
    2.7619803324e-02   -4.3830543518e+01
    2.7629535645e-02   -4.3805721283e+01
    2.7639267966e-02   -4.3780906677e+01
    2.7649000287e-02   -4.3756103516e+01
    2.7659950778e-02   -4.3728214264e+01
    2.7669683099e-02   -4.3703441620e+01
    2.7679415420e-02   -4.3678688049e+01
    2.7689147741e-02   -4.3653957367e+01
    2.7698880062e-02   -4.3629253387e+01
    2.7709828690e-02   -4.3601490021e+01
    2.7719561011e-02   -4.3576839447e+01
    2.7729293332e-02   -4.3552219391e+01
    2.7739023790e-02   -4.3527629852e+01
    2.7749974281e-02   -4.3500003815e+01
    2.7759706602e-02   -4.3475482941e+01
    2.7769437060e-02   -4.3450988770e+01
    2.7779169381e-02   -4.3426528931e+01
    2.7788901702e-02   -4.3402099609e+01
    2.7799852192e-02   -4.3374649048e+01
    2.7809584513e-02   -4.3350276947e+01
    2.7819316834e-02   -4.3325931549e+01
    2.7829049155e-02   -4.3301612854e+01
    2.7839997783e-02   -4.3274276733e+01
    2.7849730104e-02   -4.3250003815e+01
    2.7859462425e-02   -4.3225746155e+01
    2.7869194746e-02   -4.3201503754e+01
    2.7878927067e-02   -4.3177280426e+01
    2.7889875695e-02   -4.3150039673e+01
    2.7899608016e-02   -4.3125839233e+01
    2.7909340337e-02   -4.3101642609e+01
    2.7919396758e-02   -4.3076652527e+01
    2.7929779142e-02   -4.3050861359e+01
    2.7939511463e-02   -4.3026687622e+01
    2.7949891984e-02   -4.3000904083e+01
    2.7959624305e-02   -4.2976737976e+01
    2.7969356626e-02   -4.2952575684e+01
    2.7979737148e-02   -4.2926803589e+01
    2.7989469469e-02   -4.2902641296e+01
    2.7999849990e-02   -4.2876876831e+01
    2.8009582311e-02   -4.2852725983e+01
    2.8019962832e-02   -4.2826965332e+01
    2.8029695153e-02   -4.2802822113e+01
    2.8039427474e-02   -4.2778682709e+01
    2.8049809858e-02   -4.2752941132e+01
    2.8059542179e-02   -4.2728816986e+01
    2.8069922701e-02   -4.2703090668e+01
    2.8079655021e-02   -4.2678985596e+01
    2.8089387342e-02   -4.2654884338e+01
    2.8099767864e-02   -4.2629192352e+01
    2.8109500185e-02   -4.2605117798e+01
    2.8119880706e-02   -4.2579448700e+01
    2.8129613027e-02   -4.2555397034e+01
    2.8139995411e-02   -4.2529758453e+01
    2.8149725869e-02   -4.2505737305e+01
    2.8159458190e-02   -4.2481727600e+01
    2.8169840574e-02   -4.2456134796e+01
    2.8179572895e-02   -4.2432155609e+01
    2.8189953417e-02   -4.2406597137e+01
    2.8199685737e-02   -4.2382652283e+01
    2.8209418058e-02   -4.2358726501e+01
    2.8219565749e-02   -4.2333793640e+01
    2.8229657561e-02   -4.2309020996e+01
    2.8239751235e-02   -4.2284267426e+01
    2.8249843046e-02   -4.2259536743e+01
    2.8259936720e-02   -4.2234828949e+01
    2.8269112110e-02   -4.2212390900e+01
    2.8279669583e-02   -4.2186599731e+01
    2.8289308771e-02   -4.2163078308e+01
    2.8299912810e-02   -4.2137241364e+01
    2.8309553862e-02   -4.2113784790e+01
    2.8319193050e-02   -4.2090362549e+01
    2.8329797089e-02   -4.2064643860e+01
    2.8339438140e-02   -4.2041305542e+01
    2.8349077329e-02   -4.2018005371e+01
    2.8359681368e-02   -4.1992435455e+01
    2.8369322419e-02   -4.1969238281e+01
    2.8379926458e-02   -4.1943786621e+01
    2.8389565647e-02   -4.1920707703e+01
    2.8399206698e-02   -4.1897689819e+01
    2.8409810737e-02   -4.1872440338e+01
    2.8419449925e-02   -4.1849559784e+01
    2.8429090977e-02   -4.1826747894e+01
    2.8439695016e-02   -4.1801734924e+01
    2.8449334204e-02   -4.1779071808e+01
    2.8459938243e-02   -4.1754226685e+01
    2.8469579294e-02   -4.1731719971e+01
    2.8479218483e-02   -4.1709285736e+01
    2.8489822522e-02   -4.1684692383e+01
    2.8499463573e-02   -4.1662414551e+01
    2.8509102762e-02   -4.1640213013e+01
    2.8519706801e-02   -4.1615882874e+01
    2.8529347852e-02   -4.1593837738e+01
    2.8539951891e-02   -4.1569671631e+01
    2.8549591079e-02   -4.1547775269e+01
    2.8559232131e-02   -4.1525951385e+01
    2.8569836169e-02   -4.1502014160e+01
    2.8579475358e-02   -4.1480327606e+01
    2.8589116409e-02   -4.1458702087e+01
    2.8599720448e-02   -4.1434986115e+01
    2.8609359637e-02   -4.1413494110e+01
    2.8619963676e-02   -4.1389926910e+01
    2.8629371896e-02   -4.1369079590e+01
    2.8639463708e-02   -4.1346775055e+01
    2.8649557382e-02   -4.1324535370e+01
    2.8659649193e-02   -4.1302349091e+01
    2.8669068590e-02   -4.1281688690e+01
    2.8678802773e-02   -4.1260379791e+01
    2.8689751402e-02   -4.1236438751e+01
    2.8699485585e-02   -4.1215183258e+01
    2.8709217906e-02   -4.1193935394e+01
    2.8719589114e-02   -4.1171302795e+01
    2.8729682788e-02   -4.1149269104e+01
    2.8739774600e-02   -4.1127223969e+01
    2.8749866411e-02   -4.1105159760e+01
    2.8759306297e-02   -4.1084495544e+01
    2.8769040480e-02   -4.1063163757e+01
    2.8779989108e-02   -4.1039131165e+01
    2.8789883479e-02   -4.1017375946e+01
    2.8799615800e-02   -4.0995944977e+01
    2.8809996322e-02   -4.0973049164e+01
    2.8819728643e-02   -4.0951557159e+01
    2.8829460964e-02   -4.0930034637e+01
    2.8839843348e-02   -4.0907047272e+01
    2.8849575669e-02   -4.0885475159e+01
    2.8859075159e-02   -4.0864398956e+01
    2.8869664297e-02   -4.0840877533e+01
    2.8879303485e-02   -4.0819446564e+01
    2.8889909387e-02   -4.0795852661e+01
    2.8899548575e-02   -4.0774383545e+01
    2.8909187764e-02   -4.0752899170e+01
    2.8919793665e-02   -4.0729248047e+01
    2.8929335997e-02   -4.0707939148e+01
    2.8939561918e-02   -4.0685092926e+01
    2.8949787840e-02   -4.0662220001e+01
    2.8959332034e-02   -4.0640853882e+01
    2.8969556093e-02   -4.0617938995e+01
    2.8979310766e-02   -4.0596050262e+01
    2.8989858925e-02   -4.0572360992e+01
    2.8999499977e-02   -4.0550678253e+01
    2.9009139165e-02   -4.0528972626e+01
    2.9019743204e-02   -4.0505058289e+01
    2.9029384255e-02   -4.0483283997e+01
    2.9039988294e-02   -4.0459293365e+01
    2.9049627483e-02   -4.0437442780e+01
    2.9059268534e-02   -4.0415557861e+01
    2.9069872573e-02   -4.0391433716e+01
    2.9079511762e-02   -4.0369461060e+01
    2.9089152813e-02   -4.0347442627e+01
    2.9099756852e-02   -4.0323173523e+01
    2.9109396040e-02   -4.0301059723e+01
    2.9119037092e-02   -4.0278896332e+01
    2.9129641131e-02   -4.0254455566e+01
    2.9139280319e-02   -4.0232181549e+01
    2.9149884358e-02   -4.0207614899e+01
    2.9159525409e-02   -4.0185222626e+01
    2.9169164598e-02   -4.0162765503e+01
    2.9179768637e-02   -4.0137989044e+01
    2.9189409688e-02   -4.0115394592e+01
    2.9199048877e-02   -4.0092727661e+01
    2.9209652916e-02   -4.0067707062e+01
    2.9219293967e-02   -4.0044879913e+01
    2.9229898006e-02   -4.0019676208e+01
    2.9239537194e-02   -3.9996685028e+01
    2.9249178246e-02   -3.9973613739e+01
    2.9259782284e-02   -3.9948154449e+01
    2.9269421473e-02   -3.9924938202e+01
    2.9279062524e-02   -3.9901657104e+01
    2.9289666563e-02   -3.9875972748e+01
    2.9299305752e-02   -3.9852561951e+01
    2.9309909791e-02   -3.9826736450e+01
    2.9319550842e-02   -3.9803192139e+01
    2.9329190031e-02   -3.9779590607e+01
    2.9339794070e-02   -3.9753551483e+01
    2.9349435121e-02   -3.9729816437e+01
    2.9359074309e-02   -3.9706020355e+01
    2.9369678348e-02   -3.9679767609e+01
    2.9379319400e-02   -3.9655841827e+01
    2.9389923438e-02   -3.9629459381e+01
    2.9399562627e-02   -3.9605419159e+01
    2.9409203678e-02   -3.9581333160e+01
    2.9419807717e-02   -3.9554786682e+01
    2.9429633170e-02   -3.9530143738e+01
    2.9439859092e-02   -3.9504463196e+01
    2.9449401423e-02   -3.9480461121e+01
    2.9459627345e-02   -3.9454719543e+01
    2.9469853267e-02   -3.9428947449e+01
    2.9479397461e-02   -3.9404872894e+01
    2.9489621520e-02   -3.9379058838e+01
    2.9499847442e-02   -3.9353225708e+01
    2.9509391636e-02   -3.9329101562e+01
    2.9519617558e-02   -3.9303241730e+01
    2.9529841617e-02   -3.9277378082e+01
    2.9539385810e-02   -3.9253234863e+01
    2.9549611732e-02   -3.9227367401e+01
    2.9559837654e-02   -3.9201511383e+01
    2.9569379985e-02   -3.9177383423e+01
    2.9579605907e-02   -3.9151550293e+01
    2.9589831829e-02   -3.9125728607e+01
    2.9599376023e-02   -3.9101638794e+01
    2.9609600082e-02   -3.9075843811e+01
    2.9619826004e-02   -3.9050052643e+01
    2.9629370198e-02   -3.9025985718e+01
    2.9639596120e-02   -3.9000198364e+01
    2.9649820179e-02   -3.8974395752e+01
    2.9659364372e-02   -3.8950302124e+01
    2.9669590294e-02   -3.8924461365e+01
    2.9679816216e-02   -3.8898586273e+01
    2.9689358547e-02   -3.8874408722e+01
    2.9699584469e-02   -3.8848468781e+01
    2.9709810391e-02   -3.8822483063e+01
    2.9719354585e-02   -3.8798191071e+01
    2.9729578644e-02   -3.8772117615e+01
    2.9739804566e-02   -3.8746002197e+01
    2.9749348760e-02   -3.8721591949e+01
    2.9759574682e-02   -3.8695404053e+01
    2.9769837856e-02   -3.8669086456e+01
    2.9779477045e-02   -3.8644344330e+01
    2.9789116234e-02   -3.8619590759e+01
    2.9799722135e-02   -3.8592357635e+01
    2.9809361324e-02   -3.8567596436e+01
    2.9819965363e-02   -3.8540367126e+01
    2.9829606414e-02   -3.8515625000e+01
    2.9839245602e-02   -3.8490894318e+01
    2.9849849641e-02   -3.8463710785e+01
    2.9859490693e-02   -3.8439010620e+01
    2.9869129881e-02   -3.8414333344e+01
    2.9879733920e-02   -3.8387210846e+01
    2.9889374971e-02   -3.8362575531e+01
    2.9899979010e-02   -3.8335498810e+01
    2.9909618199e-02   -3.8310909271e+01
    2.9919259250e-02   -3.8286342621e+01
    2.9929863289e-02   -3.8259346008e+01
    2.9939502478e-02   -3.8234828949e+01
    2.9949143529e-02   -3.8210338593e+01
    2.9959747568e-02   -3.8183422089e+01
    2.9969386756e-02   -3.8158977509e+01
    2.9979990795e-02   -3.8132114410e+01
    2.9989631847e-02   -3.8107719421e+01
    2.9999271035e-02   -3.8083347321e+01
    3.0000235885e-02   -3.8080913544e+01
