      3002
    0.0000000000e+00    0.0000000000e+00
    9.7362280940e-06   -5.2290732810e-07
    1.9472456188e-05   -1.9754277218e-06
    2.9208684282e-05   -4.3575610107e-06
    3.8944912376e-05   -7.6693077062e-06
    4.9898168072e-05   -1.2506199710e-05
    5.9634396166e-05   -1.7793374354e-05
    6.9370624260e-05   -2.4010161724e-05
    7.9106852354e-05   -3.1156559999e-05
    8.8843080448e-05   -3.9232574636e-05
    9.9796336144e-05   -4.9429265346e-05
    1.0953254969e-04   -5.9480691561e-05
    1.1927346350e-04   -7.0467249316e-05
    1.2966935174e-04   -8.3219012595e-05
    1.3936702453e-04   -9.6069787105e-05
    1.4957833628e-04   -1.1059803364e-04
    1.5916032135e-04   -1.2516077550e-04
    1.6953409067e-04   -1.4190201182e-04
    1.7927007866e-04   -1.6731422511e-04
    1.8900603754e-04   -5.4947682656e-03
    1.9995904586e-04   -2.2585531697e-02
    2.0969503385e-04   -4.5757383108e-02
    2.1943096363e-04   -7.4959948659e-02
    2.2916687885e-04   -1.0913886130e-01
    2.3890283774e-04   -1.4735257626e-01
    2.4985588971e-04   -1.9429971278e-01
    2.5959202321e-04   -2.3887607455e-01
    2.6932815672e-04   -2.8559947014e-01
    2.7906429023e-04   -3.3403468132e-01
    2.8880042373e-04   -3.8379484415e-01
    2.9975359212e-04   -4.4094616175e-01
    3.0948969652e-04   -4.9250039458e-01
    3.1922583003e-04   -5.4457372427e-01
    3.2896193443e-04   -5.9704309702e-01
    3.3991501550e-04   -6.5642195940e-01
    3.4965106170e-04   -7.0939785242e-01
    3.5938710789e-04   -7.6242524385e-01
    3.6912309588e-04   -8.1536668539e-01
    3.7885899656e-04   -8.6809760332e-01
    3.8981181569e-04   -9.2705363035e-01
    3.9954759995e-04   -9.7907334566e-01
    4.0928332601e-04   -1.0307073593e+00
    4.1901899385e-04   -1.0819554329e+00
    4.2997155106e-04   -1.1391589642e+00
    4.3970713159e-04   -1.1896151304e+00
    4.4944265392e-04   -1.2397067547e+00
    4.5917817624e-04   -1.2894376516e+00
    4.6891369857e-04   -1.3388227224e+00
    4.7986613936e-04   -1.3940075636e+00
    4.8960157437e-04   -1.4427812099e+00
    4.9933698028e-04   -1.4913405180e+00
    5.0907238619e-04   -1.5397140980e+00
    5.1880773390e-04   -1.5879012346e+00
    5.2975991275e-04   -1.6418511868e+00
    5.3949520225e-04   -1.6895194054e+00
    5.4923043353e-04   -1.7368582487e+00
    5.5896566482e-04   -1.7838156223e+00
    5.6991778547e-04   -1.8361401558e+00
    5.7965301676e-04   -1.8821847439e+00
    5.8938824804e-04   -1.9277956486e+00
    5.9912342113e-04   -1.9729954004e+00
    6.0885853600e-04   -2.0178148746e+00
    6.1981054023e-04   -2.0678198338e+00
    6.2954559689e-04   -2.1119236946e+00
    6.3928065356e-04   -2.1557178497e+00
    6.4901565202e-04   -2.1992106438e+00
    6.5996742342e-04   -2.2477831841e+00
    6.6970230546e-04   -2.2906403542e+00
    6.7943712929e-04   -2.3331913948e+00
    6.8917183671e-04   -2.3754267693e+00
    6.9890648592e-04   -2.4173364639e+00
    7.0985779166e-04   -2.4640836716e+00
    7.1959214984e-04   -2.5052702427e+00
    7.2932633338e-04   -2.5461001396e+00
    7.3906040052e-04   -2.5865576267e+00
    7.4879435124e-04   -2.6266233921e+00
    7.5974490028e-04   -2.6712052822e+00
    7.6947855996e-04   -2.7103822231e+00
    7.7921216143e-04   -2.7491283417e+00
    7.8894570470e-04   -2.7874448299e+00
    7.9989572987e-04   -2.8300418854e+00
    8.0962892389e-04   -2.8674561977e+00
    8.1936200149e-04   -2.9044504166e+00
    8.2909490447e-04   -2.9410305023e+00
    8.3882757463e-04   -2.9772067070e+00
    8.4977661027e-04   -3.0174398422e+00
    8.5950887296e-04   -3.0528039932e+00
    8.6924090283e-04   -3.0878012180e+00
    8.7897275807e-04   -3.1224322319e+00
    8.8992092060e-04   -3.1609458923e+00
    8.9965248480e-04   -3.1947727203e+00
    9.0938387439e-04   -3.2282044888e+00
    9.1911520576e-04   -3.2612316608e+00
    9.2884636251e-04   -3.2938458920e+00
    9.3979376834e-04   -3.3300309181e+00
    9.4952457584e-04   -3.3617327213e+00
    9.5925526693e-04   -3.3929839134e+00
    9.6898584161e-04   -3.4237685204e+00
    9.7993249074e-04   -3.4578247070e+00
    9.8966283258e-04   -3.4875738621e+00
    9.9939294159e-04   -3.5168294907e+00
    1.0091229342e-03   -3.5455994606e+00
    1.0188529268e-03   -3.5739016533e+00
    1.0297988774e-03   -3.6052148342e+00
    1.0395286372e-03   -3.6326146126e+00
    1.0492583970e-03   -3.6596403122e+00
    1.0589880403e-03   -3.6863241196e+00
    1.0699337581e-03   -3.7159681320e+00
    1.0796632851e-03   -3.7420053482e+00
    1.0893928120e-03   -3.7677562237e+00
    1.0991222225e-03   -3.7932164669e+00
    1.1088516330e-03   -3.8183712959e+00
    1.1197971180e-03   -3.8462758064e+00
    1.1295265285e-03   -3.8706963062e+00
    1.1392558226e-03   -3.8947227001e+00
    1.1489852332e-03   -3.9183232784e+00
    1.1599308345e-03   -3.9443297386e+00
    1.1696603615e-03   -3.9669363499e+00
    1.1793898884e-03   -3.9890444279e+00
    1.1891194154e-03   -4.0106449127e+00
    1.1988490587e-03   -4.0317368507e+00
    1.2097946601e-03   -4.0548682213e+00
    1.2195238378e-03   -4.0749163628e+00
    1.2292530155e-03   -4.0945067406e+00
    1.2389819603e-03   -4.1136655807e+00
    1.2499268632e-03   -4.1347365379e+00
    1.2596555753e-03   -4.1530642509e+00
    1.2693840545e-03   -4.1710352898e+00
    1.2791125337e-03   -4.1886644363e+00
    1.2888408964e-03   -4.2059626579e+00
    1.2997852173e-03   -4.2250337601e+00
    1.3095134636e-03   -4.2416405678e+00
    1.3192418264e-03   -4.2579197884e+00
    1.3289700728e-03   -4.2738656998e+00
    1.3399145100e-03   -4.2913970947e+00
    1.3496428728e-03   -4.3066082001e+00
    1.3593712356e-03   -4.3214592934e+00
    1.3690997148e-03   -4.3359427452e+00
    1.3788280776e-03   -4.3500518799e+00
    1.3897725148e-03   -4.3654766083e+00
    1.3995006448e-03   -4.3787975311e+00
    1.4092286583e-03   -4.3917655945e+00
    1.4189564390e-03   -4.4044017792e+00
    1.4299000613e-03   -4.4182481766e+00
    1.4396273764e-03   -4.4302477837e+00
    1.4493545750e-03   -4.4419693947e+00
    1.4590816572e-03   -4.4534168243e+00
    1.4688085066e-03   -4.4645867348e+00
    1.4797509648e-03   -4.4768137932e+00
    1.4894774649e-03   -4.4873743057e+00
    1.4992038487e-03   -4.4976410866e+00
    1.5095787821e-03   -4.5082664490e+00
    1.5199597692e-03   -4.5185561180e+00
    1.5296920901e-03   -4.5278801918e+00
    1.5394242946e-03   -4.5368728638e+00
    1.5498868888e-03   -4.5461392403e+00
    1.5591537813e-03   -4.5539665222e+00
    1.5696665505e-03   -4.5623722076e+00
    1.5798920067e-03   -4.5700306892e+00
    1.5898727579e-03   -4.5769910812e+00
    1.5992803965e-03   -4.5830736160e+00
    1.6096245963e-03   -4.5892400742e+00
    1.6198499361e-03   -4.5948257446e+00
    1.6296050744e-03   -4.5997104645e+00
    1.6399183078e-03   -4.6044220924e+00
    1.6494620359e-03   -4.6083750725e+00
    1.6596874921e-03   -4.6122598648e+00
    1.6694581136e-03   -4.6157755852e+00
    1.6795508564e-03   -4.6193695068e+00
    1.6893561697e-03   -4.6228952408e+00
    1.6995816259e-03   -4.6266083717e+00
    1.7098069657e-03   -4.6302857399e+00
    1.7193508102e-03   -4.6335945129e+00
    1.7295761500e-03   -4.6369404793e+00
    1.7398016062e-03   -4.6400322914e+00
    1.7493453342e-03   -4.6426577568e+00
    1.7598492559e-03   -4.6452250481e+00
    1.7696802970e-03   -4.6473107338e+00
    1.7799057532e-03   -4.6491651535e+00
    1.7894494813e-03   -4.6506266594e+00
    1.7996749375e-03   -4.6519327164e+00
    1.8099003937e-03   -4.6529951096e+00
    1.8199326005e-03   -4.6538319588e+00
    1.8291077577e-03   -4.6544570923e+00
    1.8392003840e-03   -4.6550254822e+00
    1.8497131532e-03   -4.6555032730e+00
    1.8599386094e-03   -4.6558532715e+00
    1.8694823375e-03   -4.6560544968e+00
    1.8797077937e-03   -4.6561145782e+00
    1.8899332499e-03   -4.6559901237e+00
    1.8994769780e-03   -4.6556868553e+00
    1.9097024342e-03   -4.6551251411e+00
    1.9199278904e-03   -4.6542892456e+00
    1.9294716185e-03   -4.6532497406e+00
    1.9396970747e-03   -4.6518716812e+00
    1.9499224145e-03   -4.6502389908e+00
    1.9594661426e-03   -4.6484894753e+00
    1.9693779759e-03   -4.6464729309e+00
    1.9799820147e-03   -4.6440796852e+00
    1.9896221347e-03   -4.6416788101e+00
    1.9992622547e-03   -4.6390862465e+00
    2.0098662935e-03   -4.6360359192e+00
    2.0195064135e-03   -4.6331057549e+00
    2.0291465335e-03   -4.6300683022e+00
    2.0399366040e-03   -4.6266083717e+00
    2.0494803321e-03   -4.6235189438e+00
    2.0597057883e-03   -4.6201887131e+00
    2.0699312445e-03   -4.6168508530e+00
    2.0792784635e-03   -4.6137981415e+00
    2.0898825023e-03   -4.6103239059e+00
    2.0995226223e-03   -4.6071324348e+00
    2.1093485411e-03   -4.6038289070e+00
    2.1195739973e-03   -4.6003265381e+00
    2.1297994535e-03   -4.5967593193e+00
    2.1393431816e-03   -4.5933747292e+00
    2.1495686378e-03   -4.5896887779e+00
    2.1599968895e-03   -4.5858621597e+00
    2.1696370095e-03   -4.5822620392e+00
    2.1792771295e-03   -4.5786113739e+00
    2.1898811683e-03   -4.5745587349e+00
    2.1995212883e-03   -4.5708580017e+00
    2.2091614082e-03   -4.5671496391e+00
    2.2197654471e-03   -4.5630578995e+00
    2.2294055670e-03   -4.5593204498e+00
    2.2390456870e-03   -4.5555620193e+00
    2.2496497259e-03   -4.5514039993e+00
    2.2592898458e-03   -4.5476016998e+00
    2.2698938847e-03   -4.5433859825e+00
    2.2795340046e-03   -4.5395131111e+00
    2.2891741246e-03   -4.5355920792e+00
    2.2997781634e-03   -4.5312142372e+00
    2.3094182834e-03   -4.5271749496e+00
    2.3196919356e-03   -4.5228157043e+00
    2.3299173918e-03   -4.5184321404e+00
    2.3394611198e-03   -4.5143089294e+00
    2.3496865761e-03   -4.5098633766e+00
    2.3599120323e-03   -4.5053887367e+00
    2.3694557603e-03   -4.5011787415e+00
    2.3796812166e-03   -4.4966201782e+00
    2.3899066728e-03   -4.4919981956e+00
    2.3994504008e-03   -4.4876146317e+00
    2.4096758571e-03   -4.4828295708e+00
    2.4199013133e-03   -4.4779381752e+00
    2.4295307230e-03   -4.4732203484e+00
    2.4391708430e-03   -4.4683732986e+00
    2.4498712737e-03   -4.4628314972e+00
    2.4595372379e-03   -4.4576721191e+00
    2.4699645583e-03   -4.4519410133e+00
    2.4796046782e-03   -4.4464931488e+00
    2.4897130206e-03   -4.4406294823e+00
    2.4999384768e-03   -4.4345393181e+00
    2.5094822049e-03   -4.4287066460e+00
    2.5197076611e-03   -4.4222874641e+00
    2.5299331173e-03   -4.4156851768e+00
    2.5394768454e-03   -4.4093532562e+00
    2.5497023016e-03   -4.4023885727e+00
    2.5599277578e-03   -4.3952436447e+00
    2.5694714859e-03   -4.3884186745e+00
    2.5796969421e-03   -4.3809461594e+00
    2.5899223983e-03   -4.3733148575e+00
    2.5994661264e-03   -4.3660511971e+00
    2.6096915826e-03   -4.3581147194e+00
    2.6199170388e-03   -4.3500132561e+00
    2.6294607669e-03   -4.3422946930e+00
    2.6396862231e-03   -4.3338479996e+00
    2.6499116793e-03   -4.3252086639e+00
    2.6593760122e-03   -4.3170351982e+00
    2.6699800510e-03   -4.3076686859e+00
    2.6796201710e-03   -4.2989592552e+00
    2.6892602909e-03   -4.2900657654e+00
    2.6998643298e-03   -4.2800760269e+00
    2.7095044497e-03   -4.2708125114e+00
    2.7191445697e-03   -4.2613844872e+00
    2.7297486085e-03   -4.2508301735e+00
    2.7393887285e-03   -4.2410750389e+00
    2.7499927673e-03   -4.2301750183e+00
    2.7596328873e-03   -4.2201189995e+00
    2.7692730073e-03   -4.2099332809e+00
    2.7798770461e-03   -4.1985936165e+00
    2.7895171661e-03   -4.1881761551e+00
    2.7991572861e-03   -4.1776680946e+00
    2.8097613249e-03   -4.1660141945e+00
    2.8194014449e-03   -4.1553382874e+00
    2.8290415648e-03   -4.1445841789e+00
    2.8396456037e-03   -4.1326599121e+00
    2.8492857236e-03   -4.1217255592e+00
    2.8593251482e-03   -4.1102333069e+00
    2.8695506044e-03   -4.0984044075e+00
    2.8797760606e-03   -4.0864381790e+00
    2.8893197887e-03   -4.0751357079e+00
    2.8995452449e-03   -4.0628743172e+00
    2.9097707011e-03   -4.0504512787e+00
    2.9199961573e-03   -4.0378665924e+00
    2.9295398854e-03   -4.0259766579e+00
    2.9391210992e-03   -4.0139021873e+00
    2.9497253709e-03   -4.0003805161e+00
    2.9593652580e-03   -3.9879446030e+00
    2.9699695297e-03   -3.9741053581e+00
    2.9796096496e-03   -3.9613738060e+00
    2.9892495368e-03   -3.9484922886e+00
    2.9998538084e-03   -3.9341392517e+00
    3.0094936956e-03   -3.9209163189e+00
    3.0191338155e-03   -3.9075198174e+00
    3.0297380872e-03   -3.8925793171e+00
    3.0393779743e-03   -3.8788092136e+00
    3.0499822460e-03   -3.8634567261e+00
    3.0596223660e-03   -3.8493175507e+00
    3.0693311710e-03   -3.8349075317e+00
    3.0795566272e-03   -3.8195559978e+00
    3.0897820834e-03   -3.8040356636e+00
    3.0993258115e-03   -3.7894065380e+00
    3.1095512677e-03   -3.7735867500e+00
    3.1197767239e-03   -3.7576222420e+00
    3.1290757470e-03   -3.7429826260e+00
    3.1396797858e-03   -3.7261505127e+00
    3.1493199058e-03   -3.7107248306e+00
    3.1599239446e-03   -3.6936247349e+00
    3.1695640646e-03   -3.6779637337e+00
    3.1792041846e-03   -3.6621963978e+00
    3.1898082234e-03   -3.6447336674e+00
    3.1994483434e-03   -3.6287527084e+00
    3.2090884633e-03   -3.6126723289e+00
    3.2196925022e-03   -3.5948688984e+00
    3.2293326221e-03   -3.5785787106e+00
    3.2399366610e-03   -3.5605418682e+00
    3.2495767809e-03   -3.5440380573e+00
    3.2592169009e-03   -3.5274333954e+00
    3.2698209397e-03   -3.5090527534e+00
    3.2794610597e-03   -3.4922394753e+00
    3.2891011797e-03   -3.4753274918e+00
    3.2997052185e-03   -3.4566087723e+00
    3.3093453385e-03   -3.4394867420e+00
    3.3199493773e-03   -3.4205405712e+00
    3.3295894973e-03   -3.4032237530e+00
    3.3392296173e-03   -3.3858294487e+00
    3.3498336561e-03   -3.3666191101e+00
    3.3594737761e-03   -3.3490893841e+00
    3.3691138960e-03   -3.3314900398e+00
    3.3797179349e-03   -3.3120296001e+00
    3.3893580548e-03   -3.2942230701e+00
    3.3999623265e-03   -3.2744882107e+00
    3.4096022137e-03   -3.2564074993e+00
    3.4192423336e-03   -3.2382035255e+00
    3.4298463725e-03   -3.2180659771e+00
    3.4394864924e-03   -3.1996893883e+00
    3.4491266124e-03   -3.1812770367e+00
    3.4597306512e-03   -3.1610069275e+00
    3.4693707712e-03   -3.1425771713e+00
    3.4799750429e-03   -3.1223063469e+00
    3.4896149300e-03   -3.1038823128e+00
    3.4993239678e-03   -3.0853321552e+00
    3.5095494241e-03   -3.0658025742e+00
    3.5197748803e-03   -3.0462791920e+00
    3.5293186083e-03   -3.0280585289e+00
    3.5395440646e-03   -3.0085308552e+00
    3.5497695208e-03   -2.9889924526e+00
    3.5597984679e-03   -2.9698185921e+00
    3.5694385879e-03   -2.9513788223e+00
    3.5790784750e-03   -2.9329314232e+00
    3.5896827467e-03   -2.9126272202e+00
    3.5993228666e-03   -2.8941514492e+00
    3.6099269055e-03   -2.8737974167e+00
    3.6198010202e-03   -2.8548030853e+00
    3.6293447483e-03   -2.8363957405e+00
    3.6392083857e-03   -2.8173103333e+00
    3.6498126574e-03   -2.7967150211e+00
    3.6594527774e-03   -2.7779197693e+00
    3.6690926645e-03   -2.7590577602e+00
    3.6796969362e-03   -2.7382373810e+00
    3.6893370561e-03   -2.7192487717e+00
    3.6999410950e-03   -2.6982965469e+00
    3.7099323235e-03   -2.6784908772e+00
    3.7194760516e-03   -2.6595094204e+00
    3.7297015078e-03   -2.6390953064e+00
    3.7399269640e-03   -2.6185913086e+00
    3.7494706921e-03   -2.5993623734e+00
    3.7596961483e-03   -2.5786495209e+00
    3.7699216045e-03   -2.5578110218e+00
    3.7794653326e-03   -2.5382404327e+00
    3.7896907888e-03   -2.5171365738e+00
    3.7991551217e-03   -2.4974772930e+00
    3.8097591605e-03   -2.4753074646e+00
    3.8193992805e-03   -2.4550244808e+00
    3.8290394004e-03   -2.4346230030e+00
    3.8396434393e-03   -2.4120523930e+00
    3.8492835592e-03   -2.3914256096e+00
    3.8598875981e-03   -2.3686325550e+00
    3.8695277181e-03   -2.3478329182e+00
    3.8791678380e-03   -2.3269739151e+00
    3.8897718769e-03   -2.3039777279e+00
    3.8997107185e-03   -2.2823901176e+00
    3.9093508385e-03   -2.2614321709e+00
    3.9199548773e-03   -2.2383680344e+00
    3.9295949973e-03   -2.2174003124e+00
    3.9392351173e-03   -2.1964399815e+00
    3.9498391561e-03   -2.1733987331e+00
    3.9594792761e-03   -2.1524715424e+00
    3.9691193961e-03   -2.1315674782e+00
    3.9797234349e-03   -2.1086051464e+00
    3.9893635549e-03   -2.0877664089e+00
    3.9999675937e-03   -2.0648932457e+00
    4.0096077137e-03   -2.0441548824e+00
    4.0192478336e-03   -2.0234792233e+00
    4.0298518725e-03   -2.0008194447e+00
    4.0394919924e-03   -1.9803038836e+00
    4.0491321124e-03   -1.9598742723e+00
    4.0597361512e-03   -1.9375064373e+00
    4.0693762712e-03   -1.9172714949e+00
    4.0799803101e-03   -1.8951275349e+00
    4.0896204300e-03   -1.8751053810e+00
    4.0992605500e-03   -1.8551923037e+00
    4.1098645888e-03   -1.8334218264e+00
    4.1195047088e-03   -1.8137606382e+00
    4.1291448288e-03   -1.7942327261e+00
    4.1397488676e-03   -1.7729176283e+00
    4.1493889876e-03   -1.7537015676e+00
    4.1599930264e-03   -1.7327524424e+00
    4.1696331464e-03   -1.7138867378e+00
    4.1792732663e-03   -1.6951949596e+00
    4.1898773052e-03   -1.6748348475e+00
    4.1995174251e-03   -1.6565039158e+00
    4.2099561542e-03   -1.6368372440e+00
    4.2194998823e-03   -1.6190150976e+00
    4.2297253385e-03   -1.6000783443e+00
    4.2399507947e-03   -1.5812977552e+00
    4.2494945228e-03   -1.5639035702e+00
    4.2599313892e-03   -1.5450229645e+00
    4.2698658071e-03   -1.5271788836e+00
    4.2794100009e-03   -1.5101447105e+00
    4.2891562916e-03   -1.4928469658e+00
    4.2994301766e-03   -1.4747107029e+00
    4.3096551672e-03   -1.4567493200e+00
    4.3199183419e-03   -1.4388059378e+00
    4.3295584619e-03   -1.4220248461e+00
    4.3391985819e-03   -1.4053125381e+00
    4.3499888852e-03   -1.3866857290e+00
    4.3595326133e-03   -1.3702778816e+00
    4.3697580695e-03   -1.3527648449e+00
    4.3799830601e-03   -1.3353142738e+00
    4.3895272538e-03   -1.3190718889e+00
    4.3997522444e-03   -1.3016973734e+00
    4.4093644246e-03   -1.2853654623e+00
    4.4195898809e-03   -1.2679551840e+00
    4.4298153371e-03   -1.2504661083e+00
    4.4394270517e-03   -1.2339164019e+00
    4.4498355128e-03   -1.2158361673e+00
    4.4594756328e-03   -1.1989111900e+00
    4.4691157527e-03   -1.1817899942e+00
    4.4797197916e-03   -1.1627099514e+00
    4.4899932109e-03   -1.1439652443e+00
    4.4995369390e-03   -1.1263206005e+00
    4.5097623952e-03   -1.1071720123e+00
    4.5197433792e-03   -1.0882487297e+00
    4.5293834992e-03   -1.0697667599e+00
    4.5399875380e-03   -1.0492258072e+00
    4.5496276580e-03   -1.0303835869e+00
    4.5597357675e-03   -1.0104799271e+00
    4.5699612238e-03   -9.9022305012e-01
    4.5795049518e-03   -9.7123205662e-01
    4.5896507800e-03   -9.5098018646e-01
    4.5997593552e-03   -9.3076461554e-01
    4.6099848114e-03   -9.1029864550e-01
    4.6195285395e-03   -8.9119857550e-01
    4.6297539957e-03   -8.7074732780e-01
    4.6399794519e-03   -8.5031336546e-01
    4.6495231800e-03   -8.3125263453e-01
    4.6597486362e-03   -8.1082898378e-01
    4.6699740924e-03   -7.9038298130e-01
    4.6795178205e-03   -7.7125638723e-01
    4.6897432767e-03   -7.5068771839e-01
    4.6993726864e-03   -7.3121744394e-01
    4.7095981427e-03   -7.1040338278e-01
    4.7198235989e-03   -6.8941241503e-01
    4.7293673269e-03   -6.6962999105e-01
    4.7395927832e-03   -6.4819544554e-01
    4.7498182394e-03   -6.2647777796e-01
    4.7593619674e-03   -6.0592222214e-01
    4.7695874237e-03   -5.8356326818e-01
    4.7798128799e-03   -5.6083256006e-01
    4.7893566079e-03   -5.3926479816e-01
    4.7995820642e-03   -5.1576536894e-01
    4.8098075204e-03   -4.9185156822e-01
    4.8193512484e-03   -4.6915271878e-01
    4.8295767047e-03   -4.4442456961e-01
    4.8398021609e-03   -4.1927838326e-01
    4.8493458889e-03   -3.9544022083e-01
    4.8595713452e-03   -3.6951863766e-01
    4.8697968014e-03   -3.4322205186e-01
    4.8793405294e-03   -3.1835898757e-01
    4.8895659856e-03   -2.9139670730e-01
    4.8997914419e-03   -2.6411795616e-01
    4.9093351699e-03   -2.3838612437e-01
    4.9195606261e-03   -2.1053569019e-01
    4.9297860824e-03   -1.8240113556e-01
    4.9393298104e-03   -1.5588814020e-01
    4.9495552666e-03   -1.2720768154e-01
    4.9597807229e-03   -9.8238706589e-02
    4.9693244509e-03   -7.0931814611e-02
    4.9795499071e-03   -4.1371356696e-02
    4.9897753634e-03   -1.1478552595e-02
    4.9993190914e-03    1.6739409417e-02
    5.0095445476e-03    4.7333367169e-02
    5.0197700039e-03    7.8320100904e-02
    5.0299954601e-03    1.0971796513e-01
    5.0395391881e-03    1.3940526545e-01
    5.0497646444e-03    1.7162716389e-01
    5.0599896349e-03    2.0427098870e-01
    5.0695338286e-03    2.3510548472e-01
    5.0797588192e-03    2.6851779222e-01
    5.0899842754e-03    3.0230465531e-01
    5.0995280035e-03    3.3417376876e-01
    5.1097534597e-03    3.6868593097e-01
    5.1199789159e-03    4.0359520912e-01
    5.1295226440e-03    4.3655583262e-01
    5.1397481002e-03    4.7229740024e-01
    5.1499735564e-03    5.0849586725e-01
    5.1595172845e-03    5.4269850254e-01
    5.1697427407e-03    5.7978469133e-01
    5.1799681969e-03    6.1730629206e-01
    5.1895119250e-03    6.5269011259e-01
    5.1997373812e-03    6.9095063210e-01
    5.2099628374e-03    7.2952532768e-01
    5.2195065655e-03    7.6576799154e-01
    5.2297320217e-03    8.0481123924e-01
    5.2399574779e-03    8.4403234720e-01
    5.2497885190e-03    8.8187611103e-01
    5.2595208399e-03    9.1945010424e-01
    5.2699018270e-03    9.5963627100e-01
    5.2796341479e-03    9.9740654230e-01
    5.2893660031e-03    1.0352709293e+00
    5.2997469902e-03    1.0757693052e+00
    5.3094793111e-03    1.1138477325e+00
    5.3198602982e-03    1.1545938253e+00
    5.3295926191e-03    1.1929244995e+00
    5.3393580019e-03    1.2315220833e+00
    5.3495829925e-03    1.2720971107e+00
    5.3598084487e-03    1.3128454685e+00
    5.3693521768e-03    1.3510441780e+00
    5.3795776330e-03    1.3921624422e+00
    5.3898030892e-03    1.4334902763e+00
    5.3993468173e-03    1.4722627401e+00
    5.4095722735e-03    1.5140305758e+00
    5.4197977297e-03    1.5560443401e+00
    5.4293414578e-03    1.5954900980e+00
    5.4395669140e-03    1.6380136013e+00
    5.4497923702e-03    1.6808162928e+00
    5.4593360983e-03    1.7210245132e+00
    5.4695615545e-03    1.7643882036e+00
    5.4797870107e-03    1.8080488443e+00
    5.4893307388e-03    1.8490675688e+00
    5.4995561950e-03    1.8933014870e+00
    5.5097816512e-03    1.9378238916e+00
    5.5193253793e-03    1.9796293974e+00
    5.5295508355e-03    2.0246767998e+00
    5.5397762917e-03    2.0699706078e+00
    5.5493200198e-03    2.1124475002e+00
    5.5595454760e-03    2.1581511497e+00
    5.5697709322e-03    2.2040281296e+00
    5.5799963884e-03    2.2500526905e+00
    5.5895401165e-03    2.2931220531e+00
    5.5997655727e-03    2.3393688202e+00
    5.6099910289e-03    2.3857014179e+00
    5.6195347570e-03    2.4290049076e+00
    5.6297602132e-03    2.4754447937e+00
    5.6399856694e-03    2.5219063759e+00
    5.6495293975e-03    2.5652663708e+00
    5.6597548537e-03    2.6116933823e+00
    5.6699803099e-03    2.6580641270e+00
    5.6795240380e-03    2.7012734413e+00
    5.6897494942e-03    2.7474787235e+00
    5.6999749504e-03    2.7935788631e+00
    5.7095186785e-03    2.8365032673e+00
    5.7197441347e-03    2.8823792934e+00
    5.7299695909e-03    2.9281327724e+00
    5.7395133190e-03    2.9707255363e+00
    5.7497387752e-03    3.0162453651e+00
    5.7599642314e-03    3.0616555214e+00
    5.7695079595e-03    3.1039526463e+00
    5.7797334157e-03    3.1491978168e+00
    5.7894657366e-03    3.1922111511e+00
    5.7998467237e-03    3.2380657196e+00
    5.8095785789e-03    3.2810568810e+00
    5.8199600317e-03    3.3269453049e+00
    5.8296918869e-03    3.3700168133e+00
    5.8394242078e-03    3.4131505489e+00
    5.8498051949e-03    3.4592306614e+00
    5.8597675525e-03    3.5035114288e+00
    5.8699930087e-03    3.5490024090e+00
    5.8795367368e-03    3.5914778709e+00
    5.8897621930e-03    3.6369857788e+00
    5.8999876492e-03    3.6824774742e+00
    5.9095313773e-03    3.7249152660e+00
    5.9197568335e-03    3.7703588009e+00
    5.9299822897e-03    3.8157751560e+00
    5.9395260178e-03    3.8581385612e+00
    5.9497514740e-03    3.9034988880e+00
    5.9599769302e-03    3.9488265514e+00
    5.9695206583e-03    3.9911010265e+00
    5.9797461145e-03    4.0363616943e+00
    5.9899715707e-03    4.0815873146e+00
    5.9995152988e-03    4.1237654686e+00
    6.0097407550e-03    4.1689205170e+00
    6.0199662112e-03    4.2140336037e+00
    6.0295099393e-03    4.2560987473e+00
    6.0397353955e-03    4.3011221886e+00
    6.0499608517e-03    4.3460936546e+00
    6.0595045798e-03    4.3880171776e+00
    6.0697300360e-03    4.4328770638e+00
    6.0799554922e-03    4.4776716232e+00
    6.0894992203e-03    4.5194153786e+00
    6.0997246765e-03    4.5640649796e+00
    6.1099501327e-03    4.6086287498e+00
    6.1194938608e-03    4.6501379013e+00
    6.1297193170e-03    4.6945157051e+00
    6.1399447732e-03    4.7387886047e+00
    6.1494885013e-03    4.7800107002e+00
    6.1597139575e-03    4.8240671158e+00
    6.1699394137e-03    4.8680057526e+00
    6.1794831418e-03    4.9089045525e+00
    6.1897085980e-03    4.9525995255e+00
    6.1999340542e-03    4.9961600304e+00
    6.2094777822e-03    5.0366897583e+00
    6.2197032385e-03    5.0799746513e+00
    6.2299286947e-03    5.1231150627e+00
    6.2394724227e-03    5.1632504463e+00
    6.2496978790e-03    5.2061166763e+00
    6.2599233352e-03    5.2488470078e+00
    6.2694670632e-03    5.2886099815e+00
    6.2796925195e-03    5.3310914040e+00
    6.2899179757e-03    5.3734507561e+00
    6.2994617037e-03    5.4128813744e+00
    6.3096871600e-03    5.4550204277e+00
    6.3199126162e-03    5.4970536232e+00
    6.3294563442e-03    5.5361924171e+00
    6.3396818005e-03    5.5780305862e+00
    6.3499072567e-03    5.6197681427e+00
    6.3594509847e-03    5.6586279869e+00
    6.3696764410e-03    5.7001552582e+00
    6.3799018972e-03    5.7415590286e+00
    6.3894456252e-03    5.7800817490e+00
    6.3996706158e-03    5.8212165833e+00
    6.4098960720e-03    5.8621978760e+00
    6.4194398001e-03    5.9003014565e+00
    6.4296652563e-03    5.9409651756e+00
    6.4398907125e-03    5.9814577103e+00
    6.4494344406e-03    6.0190935135e+00
    6.4596598968e-03    6.0592470169e+00
    6.4698853530e-03    6.0992231369e+00
    6.4794290811e-03    6.1363749504e+00
    6.4896545373e-03    6.1760125160e+00
    6.4998799935e-03    6.2154812813e+00
    6.5094237216e-03    6.2521686554e+00
    6.5196491778e-03    6.2913174629e+00
    6.5298746340e-03    6.3302989006e+00
    6.5394183621e-03    6.3665223122e+00
    6.5496438183e-03    6.4051480293e+00
    6.5598692745e-03    6.4435634613e+00
    6.5694130026e-03    6.4792084694e+00
    6.5796384588e-03    6.5171542168e+00
    6.5898639150e-03    6.5548276901e+00
    6.5994076431e-03    6.5897331238e+00
    6.6096330993e-03    6.6268539429e+00
    6.6198585555e-03    6.6636934280e+00
    6.6294022836e-03    6.6978344917e+00
    6.6396277398e-03    6.7341756821e+00
    6.6498531960e-03    6.7702965736e+00
    6.6593969241e-03    6.8038382530e+00
    6.6696223803e-03    6.8396239281e+00
    6.6798478365e-03    6.8752861023e+00
    6.6893915646e-03    6.9084868431e+00
    6.6996170208e-03    6.9439969063e+00
    6.7098424770e-03    6.9794635773e+00
    6.7193862051e-03    7.0125403404e+00
    6.7296116613e-03    7.0479593277e+00
    6.7398371175e-03    7.0833559036e+00
    6.7493808456e-03    7.1163644791e+00
    6.7596063018e-03    7.1516861916e+00
    6.7698317580e-03    7.1869416237e+00
    6.7793754861e-03    7.2197685242e+00
    6.7896009423e-03    7.2548375130e+00
    6.7998263985e-03    7.2897820473e+00
    6.8093701266e-03    7.3222713470e+00
    6.8195955828e-03    7.3569350243e+00
    6.8298210390e-03    7.3914418221e+00
    6.8393647671e-03    7.4235048294e+00
    6.8495902233e-03    7.4577074051e+00
    6.8598156795e-03    7.4917612076e+00
    6.8693594076e-03    7.5234198570e+00
    6.8795848638e-03    7.5572161674e+00
    6.8898103200e-03    7.5908956528e+00
    6.8993540481e-03    7.6222333908e+00
    6.9095795043e-03    7.6557149887e+00
    6.9198049605e-03    7.6891078949e+00
    6.9293486886e-03    7.7202000618e+00
    6.9395741448e-03    7.7534394264e+00
    6.9497996010e-03    7.7866053581e+00
    6.9593433291e-03    7.8174943924e+00
    6.9695687853e-03    7.8505167961e+00
    6.9797942415e-03    7.8834590912e+00
    6.9893379696e-03    7.9141283035e+00
    6.9995634258e-03    7.9469017982e+00
    7.0097888820e-03    7.9795813560e+00
    7.0193326101e-03    8.0099964142e+00
    7.0295576006e-03    8.0424909592e+00
    7.0397830568e-03    8.0748901367e+00
    7.0493267849e-03    8.1050434113e+00
    7.0595522411e-03    8.1372604370e+00
    7.0697776973e-03    8.1693859100e+00
    7.0793214254e-03    8.1992902756e+00
    7.0895468816e-03    8.2312459946e+00
    7.0997723378e-03    8.2631196976e+00
    7.1099977940e-03    8.2949113846e+00
    7.1195415221e-03    8.3245115280e+00
    7.1297669783e-03    8.3561477661e+00
    7.1399924345e-03    8.3877019882e+00
    7.1495361626e-03    8.4170751572e+00
    7.1597616188e-03    8.4484577179e+00
    7.1699870750e-03    8.4797420502e+00
    7.1795308031e-03    8.5088434219e+00
    7.1897562593e-03    8.5399112701e+00
    7.1999817155e-03    8.5708522797e+00
    7.2095254436e-03    8.5996084213e+00
    7.2197508998e-03    8.6302833557e+00
    7.2299763560e-03    8.6608142853e+00
    7.2395200841e-03    8.6891803741e+00
    7.2497455403e-03    8.7194366455e+00
    7.2599709965e-03    8.7495546341e+00
    7.2695147246e-03    8.7775449753e+00
    7.2797401808e-03    8.8074083328e+00
    7.2899656370e-03    8.8371400833e+00
    7.2995093651e-03    8.8647689819e+00
    7.3097348213e-03    8.8942356110e+00
    7.3199602775e-03    8.9235525131e+00
    7.3295040056e-03    8.9507722855e+00
    7.3397294618e-03    8.9797735214e+00
    7.3499549180e-03    9.0085964203e+00
    7.3594986461e-03    9.0353326797e+00
    7.3697241023e-03    9.0637979507e+00
    7.3799495585e-03    9.0920791626e+00
    7.3894932866e-03    9.1183147430e+00
    7.3997187428e-03    9.1462612152e+00
    7.4099441990e-03    9.1740484238e+00
    7.4194879271e-03    9.1998472214e+00
    7.4297133833e-03    9.2273473740e+00
    7.4399388395e-03    9.2547054291e+00
    7.4494825676e-03    9.2801084518e+00
    7.4597080238e-03    9.3071794510e+00
    7.4699334800e-03    9.3340930939e+00
    7.4794772081e-03    9.3590612411e+00
    7.4897026643e-03    9.3856410980e+00
    7.4999281205e-03    9.4120349884e+00
    7.5094718486e-03    9.4364938736e+00
    7.5196973048e-03    9.4625053406e+00
    7.5299227610e-03    9.4883079529e+00
    7.5394664891e-03    9.5121994019e+00
    7.5496919453e-03    9.5375909805e+00
    7.5599174015e-03    9.5627689362e+00
    7.5694611296e-03    9.5860776901e+00
    7.5796865858e-03    9.6108512878e+00
    7.5899120420e-03    9.6354246140e+00
    7.5994557701e-03    9.6581869125e+00
    7.6096812263e-03    9.6824007034e+00
    7.6199066825e-03    9.7064466476e+00
    7.6294504106e-03    9.7287521362e+00
    7.6396758668e-03    9.7525186539e+00
    7.6499008574e-03    9.7761621475e+00
    7.6594450511e-03    9.7981271744e+00
    7.6696700417e-03    9.8215608597e+00
    7.6798954979e-03    9.8448944092e+00
    7.6894392259e-03    9.8665847778e+00
    7.6996646821e-03    9.8897294998e+00
    7.7098901384e-03    9.9127731323e+00
    7.7194338664e-03    9.9341850281e+00
    7.7296593226e-03    9.9570217133e+00
    7.7398847789e-03    9.9797458649e+00
    7.7494285069e-03    1.0000853539e+01
    7.7596539631e-03    1.0023358345e+01
    7.7698794194e-03    1.0045751572e+01
    7.7794231474e-03    1.0066554070e+01
    7.7896486036e-03    1.0088739395e+01
    7.7998740599e-03    1.0110820770e+01
    7.8094177879e-03    1.0131340027e+01
    7.8196432441e-03    1.0153230667e+01
    7.8298682347e-03    1.0175027847e+01
    7.8394124284e-03    1.0195291519e+01
    7.8496374190e-03    1.0216919899e+01
    7.8598633409e-03    1.0238465309e+01
    7.8694066033e-03    1.0258501053e+01
    7.8796325251e-03    1.0279890060e+01
    7.8898575157e-03    1.0301201820e+01
    7.8994017094e-03    1.0321023941e+01
    7.9096267000e-03    1.0342188835e+01
    7.9198526219e-03    1.0363278389e+01
    7.9293958843e-03    1.0382893562e+01
    7.9396218061e-03    1.0403836250e+01
    7.9498467967e-03    1.0424700737e+01
    7.9593909904e-03    1.0444101334e+01
    7.9696159810e-03    1.0464808464e+01
    7.9798419029e-03    1.0485433578e+01
    7.9893851653e-03    1.0504607201e+01
    7.9996110871e-03    1.0525072098e+01
    8.0098360777e-03    1.0545456886e+01
    8.0193802714e-03    1.0564412117e+01
    8.0296052620e-03    1.0584648132e+01
    8.0398311839e-03    1.0604808807e+01
    8.0493744463e-03    1.0623556137e+01
    8.0596003681e-03    1.0643562317e+01
    8.0698253587e-03    1.0663479805e+01
    8.0793695524e-03    1.0681977272e+01
    8.0895945430e-03    1.0701684952e+01
    8.0998204648e-03    1.0721261978e+01
    8.1093637273e-03    1.0739402771e+01
    8.1195896491e-03    1.0758685112e+01
    8.1298146397e-03    1.0777797699e+01
    8.1393588334e-03    1.0795475006e+01
    8.1495838240e-03    1.0814238548e+01
    8.1598097458e-03    1.0832817078e+01
    8.1693530083e-03    1.0849993706e+01
    8.1795789301e-03    1.0868228912e+01
    8.1898039207e-03    1.0886297226e+01
    8.1993481144e-03    1.0903019905e+01
    8.2095731050e-03    1.0920799255e+01
    8.2197990268e-03    1.0938446045e+01
    8.2293422893e-03    1.0954807281e+01
    8.2395682111e-03    1.0972229004e+01
    8.2497932017e-03    1.0989545822e+01
    8.2593373954e-03    1.1005619049e+01
    8.2695623860e-03    1.1022748947e+01
    8.2797883078e-03    1.1039786339e+01
    8.2893315703e-03    1.1055606842e+01
    8.2995574921e-03    1.1072471619e+01
    8.3097824827e-03    1.1089249611e+01
    8.3193266764e-03    1.1104832649e+01
    8.3295516670e-03    1.1121445656e+01
    8.3397766575e-03    1.1137973785e+01
    8.3493208513e-03    1.1153323174e+01
    8.3595458418e-03    1.1169686317e+01
    8.3697717637e-03    1.1185965538e+01
    8.3799967542e-03    1.1202161789e+01
    8.3895409480e-03    1.1217207909e+01
    8.3997659385e-03    1.1233257294e+01
    8.4099918604e-03    1.1249238968e+01
    8.4195351228e-03    1.1264101982e+01
    8.4297610447e-03    1.1279977798e+01
    8.4399860352e-03    1.1295810699e+01
    8.4495302290e-03    1.1310559273e+01
    8.4597552195e-03    1.1326337814e+01
    8.4699811414e-03    1.1342101097e+01
    8.4795244038e-03    1.1356803894e+01
    8.4897503257e-03    1.1372550964e+01
    8.4999753162e-03    1.1388294220e+01
    8.5095195100e-03    1.1402982712e+01
    8.5197445005e-03    1.1418714523e+01
    8.5299704224e-03    1.1434439659e+01
    8.5395136848e-03    1.1449110985e+01
    8.5497396067e-03    1.1464828491e+01
    8.5599645972e-03    1.1480549812e+01
    8.5695087910e-03    1.1495233536e+01
    8.5797337815e-03    1.1510984421e+01
    8.5899597034e-03    1.1526765823e+01
    8.5995029658e-03    1.1541527748e+01
    8.6097288877e-03    1.1557385445e+01
    8.6199538782e-03    1.1573291779e+01
    8.6294980720e-03    1.1588185310e+01
    8.6397230625e-03    1.1604194641e+01
    8.6499489844e-03    1.1620259285e+01
    8.6594922468e-03    1.1635301590e+01
    8.6697181687e-03    1.1651468277e+01
    8.6799431592e-03    1.1667680740e+01
    8.6894873530e-03    1.1682850838e+01
    8.6997123435e-03    1.1699139595e+01
    8.7099382654e-03    1.1715459824e+01
    8.7194815278e-03    1.1730717659e+01
    8.7297074497e-03    1.1747092247e+01
    8.7399324402e-03    1.1763490677e+01
    8.7494766340e-03    1.1778816223e+01
    8.7597016245e-03    1.1795256615e+01
    8.7699275464e-03    1.1811713219e+01
    8.7794708088e-03    1.1827084541e+01
    8.7896967307e-03    1.1843562126e+01
    8.7999217212e-03    1.1860044479e+01
    8.8094659150e-03    1.1875429153e+01
    8.8196909055e-03    1.1891914368e+01
    8.8299168274e-03    1.1908403397e+01
    8.8394600898e-03    1.1923799515e+01
    8.8496860117e-03    1.1940305710e+01
    8.8599110022e-03    1.1956823349e+01
    8.8694551960e-03    1.1972249031e+01
    8.8796801865e-03    1.1988780975e+01
    8.8899061084e-03    1.2005311012e+01
    8.8994493708e-03    1.2020729065e+01
    8.9096752927e-03    1.2037235260e+01
    8.9199002832e-03    1.2053726196e+01
    8.9294444770e-03    1.2069108009e+01
    8.9396694675e-03    1.2085585594e+01
    8.9498953894e-03    1.2102071762e+01
    8.9594386518e-03    1.2117474556e+01
    8.9696645737e-03    1.2134000778e+01
    8.9798895642e-03    1.2150554657e+01
    8.9894337580e-03    1.2166029930e+01
    8.9996587485e-03    1.2182633400e+01
    9.0098846704e-03    1.2199259758e+01
    9.0194279328e-03    1.2214797020e+01
    9.0296538547e-03    1.2231465340e+01
    9.0398788452e-03    1.2248158455e+01
    9.0494230390e-03    1.2263762474e+01
    9.0596480295e-03    1.2280508041e+01
    9.0698739514e-03    1.2297280312e+01
    9.0794172138e-03    1.2312958717e+01
    9.0896431357e-03    1.2329779625e+01
    9.0998681262e-03    1.2346620560e+01
    9.1094123200e-03    1.2362355232e+01
    9.1196373105e-03    1.2379224777e+01
    9.1298632324e-03    1.2396103859e+01
    9.1394064948e-03    1.2411859512e+01
    9.1496324167e-03    1.2428740501e+01
    9.1598574072e-03    1.2445614815e+01
    9.1694016010e-03    1.2461356163e+01
    9.1796265915e-03    1.2478211403e+01
    9.1898515821e-03    1.2495053291e+01
    9.1993957758e-03    1.2510761261e+01
    9.2096207663e-03    1.2527579308e+01
    9.2198466882e-03    1.2544386864e+01
    9.2293899506e-03    1.2560066223e+01
    9.2396158725e-03    1.2576863289e+01
    9.2498408630e-03    1.2593659401e+01
    9.2593850568e-03    1.2609337807e+01
    9.2696100473e-03    1.2626138687e+01
    9.2798359692e-03    1.2642937660e+01
    9.2893792316e-03    1.2658611298e+01
    9.2996051535e-03    1.2675394058e+01
    9.3098301440e-03    1.2692162514e+01
    9.3193743378e-03    1.2707800865e+01
    9.3295993283e-03    1.2724545479e+01
    9.3398252502e-03    1.2741280556e+01
    9.3493685126e-03    1.2756894112e+01
    9.3595944345e-03    1.2773615837e+01
    9.3698194250e-03    1.2790328979e+01
    9.3793636188e-03    1.2805914879e+01
    9.3895886093e-03    1.2822596550e+01
    9.3998145312e-03    1.2839256287e+01
    9.4093577936e-03    1.2854786873e+01
    9.4195837155e-03    1.2871408463e+01
    9.4298087060e-03    1.2888017654e+01
    9.4393528998e-03    1.2903512001e+01
    9.4495778903e-03    1.2920109749e+01
    9.4598038122e-03    1.2936706543e+01
    9.4693470746e-03    1.2952194214e+01
    9.4795729965e-03    1.2968782425e+01
    9.4897979870e-03    1.2985355377e+01
    9.4993421808e-03    1.3000801086e+01
    9.5095671713e-03    1.3017313957e+01
    9.5197930932e-03    1.3033779144e+01
    9.5293363556e-03    1.3049098015e+01
    9.5395622775e-03    1.3065456390e+01
    9.5497872680e-03    1.3081758499e+01
    9.5593314618e-03    1.3096930504e+01
    9.5695564523e-03    1.3113142967e+01
    9.5797823742e-03    1.3129317284e+01
    9.5893256366e-03    1.3144380569e+01
    9.5995515585e-03    1.3160479546e+01
    9.6097765490e-03    1.3176533699e+01
    9.6193207428e-03    1.3191469193e+01
    9.6295457333e-03    1.3207413673e+01
    9.6397716552e-03    1.3223295212e+01
    9.6499966457e-03    1.3239112854e+01
    9.6595408395e-03    1.3253821373e+01
    9.6697658300e-03    1.3269524574e+01
    9.6799917519e-03    1.3285175323e+01
    9.6895350143e-03    1.3299736023e+01
    9.6997609362e-03    1.3315290451e+01
    9.7099859267e-03    1.3330795288e+01
    9.7194500268e-03    1.3345102310e+01
    9.7290901467e-03    1.3359629631e+01
    9.7396941856e-03    1.3375553131e+01
    9.7493343055e-03    1.3389976501e+01
    9.7599383444e-03    1.3405779839e+01
    9.7695784643e-03    1.3420087814e+01
    9.7795696929e-03    1.3434857368e+01
    9.7897956148e-03    1.3449907303e+01
    9.7993388772e-03    1.3463893890e+01
    9.8095647991e-03    1.3478816986e+01
    9.8197897896e-03    1.3493676186e+01
    9.8293339834e-03    1.3507489204e+01
    9.8395589739e-03    1.3522232056e+01
    9.8497848958e-03    1.3536918640e+01
    9.8593281582e-03    1.3550576210e+01
    9.8695540801e-03    1.3565155029e+01
    9.8797790706e-03    1.3579679489e+01
    9.8893232644e-03    1.3593184471e+01
    9.8995482549e-03    1.3607603073e+01
    9.9097741768e-03    1.3621970177e+01
    9.9199991673e-03    1.3636289597e+01
    9.9295433611e-03    1.3649618149e+01
    9.9397683516e-03    1.3663865089e+01
    9.9499942735e-03    1.3678082466e+01
    9.9595375359e-03    1.3691329002e+01
    9.9697634578e-03    1.3705499649e+01
    9.9799884483e-03    1.3719650269e+01
    9.9895326421e-03    1.3732837677e+01
    9.9997576326e-03    1.3746948242e+01
    1.0009983554e-02    1.3761039734e+01
    1.0019526817e-02    1.3774175644e+01
    1.0029752739e-02    1.3788232803e+01
    1.0039977729e-02    1.3802275658e+01
    1.0049521923e-02    1.3815370560e+01
    1.0059746914e-02    1.3829390526e+01
    1.0069094598e-02    1.3842197418e+01
    1.0079698637e-02    1.3856717110e+01
    1.0089338757e-02    1.3869909286e+01
    1.0099845938e-02    1.3884284019e+01
    1.0109390132e-02    1.3897338867e+01
    1.0119615123e-02    1.3911331177e+01
    1.0129841045e-02    1.3925333977e+01
    1.0139384307e-02    1.3938419342e+01
    1.0149610229e-02    1.3952462196e+01
    1.0159835219e-02    1.3966533661e+01
    1.0169379413e-02    1.3979695320e+01
    1.0179604404e-02    1.3993828773e+01
    1.0189830326e-02    1.4007995605e+01
    1.0199373588e-02    1.4021249771e+01
    1.0209599510e-02    1.4035487175e+01
    1.0219824500e-02    1.4049766541e+01
    1.0229368694e-02    1.4063136101e+01
    1.0239593685e-02    1.4077509880e+01
    1.0249819607e-02    1.4091938972e+01
    1.0259362869e-02    1.4105456352e+01
    1.0269588791e-02    1.4119996071e+01
    1.0279813781e-02    1.4134592056e+01
    1.0289357975e-02    1.4148264885e+01
    1.0299582966e-02    1.4162965775e+01
    1.0309808888e-02    1.4177716255e+01
    1.0319352150e-02    1.4191528320e+01
    1.0329578072e-02    1.4206373215e+01
    1.0339803062e-02    1.4221267700e+01
    1.0349347256e-02    1.4235214233e+01
    1.0359572247e-02    1.4250209808e+01
    1.0369798169e-02    1.4265261650e+01
    1.0379341431e-02    1.4279363632e+01
    1.0389567353e-02    1.4294529915e+01
    1.0399792343e-02    1.4309756279e+01
    1.0409336537e-02    1.4324020386e+01
    1.0419561528e-02    1.4339356422e+01
    1.0429787450e-02    1.4354744911e+01
    1.0439330712e-02    1.4369147301e+01
    1.0449556634e-02    1.4384616852e+01
    1.0459781624e-02    1.4400117874e+01
    1.0469325818e-02    1.4414608002e+01
    1.0479550809e-02    1.4430150032e+01
    1.0489776731e-02    1.4445704460e+01
    1.0499319993e-02    1.4460227013e+01
    1.0509545915e-02    1.4475789070e+01
    1.0519770905e-02    1.4491349220e+01
    1.0529996827e-02    1.4506904602e+01
    1.0539540090e-02    1.4521415710e+01
    1.0549766012e-02    1.4536952972e+01
    1.0559991002e-02    1.4552478790e+01
    1.0569534265e-02    1.4566955566e+01
    1.0579760186e-02    1.4582450867e+01
    1.0589985177e-02    1.4597929001e+01
    1.0599529371e-02    1.4612358093e+01
    1.0609754361e-02    1.4627800941e+01
    1.0619980283e-02    1.4643226624e+01
    1.0629523546e-02    1.4657609940e+01
    1.0639749467e-02    1.4673007011e+01
    1.0649974458e-02    1.4688392639e+01
    1.0659518652e-02    1.4702743530e+01
    1.0669743642e-02    1.4718111992e+01
    1.0679969564e-02    1.4733473778e+01
    1.0689512827e-02    1.4747806549e+01
    1.0699738748e-02    1.4763160706e+01
    1.0709963739e-02    1.4778514862e+01
    1.0719507933e-02    1.4792848587e+01
    1.0729732923e-02    1.4808213234e+01
    1.0739083402e-02    1.4822272301e+01
    1.0748805478e-02    1.4836906433e+01
    1.0759752244e-02    1.4853405952e+01
    1.0769483633e-02    1.4868095398e+01
    1.0779214092e-02    1.4882808685e+01
    1.0788944550e-02    1.4897549629e+01
    1.0799891315e-02    1.4914167404e+01
    1.0809621774e-02    1.4928972244e+01
    1.0819352232e-02    1.4943810463e+01
    1.0829082690e-02    1.4958684921e+01
    1.0838812217e-02    1.4973596573e+01
    1.0849758983e-02    1.4990422249e+01
    1.0859488510e-02    1.5005422592e+01
    1.0869218968e-02    1.5020468712e+01
    1.0878948495e-02    1.5035560608e+01
    1.0889894329e-02    1.5052596092e+01
    1.0899624787e-02    1.5067790985e+01
    1.0909354314e-02    1.5083036423e+01
    1.0919083841e-02    1.5098334312e+01
    1.0928813368e-02    1.5113688469e+01
    1.0939759202e-02    1.5131032944e+01
    1.0949488729e-02    1.5146515846e+01
    1.0959218256e-02    1.5162065506e+01
    1.0968947783e-02    1.5177684784e+01
    1.0979892686e-02    1.5195343018e+01
    1.0989622213e-02    1.5211117744e+01
    1.0999350809e-02    1.5226968765e+01
    1.1009080335e-02    1.5242897034e+01
    1.1018808931e-02    1.5258902550e+01
    1.1029754765e-02    1.5277002335e+01
    1.1039483361e-02    1.5293172836e+01
    1.1049211957e-02    1.5309422493e+01
    1.1058941483e-02    1.5325750351e+01
    1.1069886386e-02    1.5344214439e+01
    1.1079614982e-02    1.5360713959e+01
    1.1089343578e-02    1.5377295494e+01
    1.1099072173e-02    1.5393959999e+01
    1.1108800769e-02    1.5410710335e+01
    1.1119744740e-02    1.5429655075e+01
    1.1129473336e-02    1.5446586609e+01
    1.1139201932e-02    1.5463601112e+01
    1.1148930527e-02    1.5480699539e+01
    1.1159874499e-02    1.5500030518e+01
    1.1169603094e-02    1.5517294884e+01
    1.1179331690e-02    1.5534631729e+01
    1.1189059354e-02    1.5552037239e+01
    1.1198787950e-02    1.5569506645e+01
    1.1209731922e-02    1.5589230537e+01
    1.1219460517e-02    1.5606822014e+01
    1.1229188181e-02    1.5624464035e+01
    1.1238916777e-02    1.5642153740e+01
    1.1249860749e-02    1.5662106514e+01
    1.1259588413e-02    1.5679884911e+01
    1.1269317009e-02    1.5697699547e+01
    1.1279044673e-02    1.5715549469e+01
    1.1289988644e-02    1.5735668182e+01
    1.1299717240e-02    1.5753582001e+01
    1.1309444904e-02    1.5771523476e+01
    1.1319172569e-02    1.5789489746e+01
    1.1328901164e-02    1.5807479858e+01
    1.1339845136e-02    1.5827743530e+01
    1.1349572800e-02    1.5845775604e+01
    1.1359300464e-02    1.5863823891e+01
    1.1369029060e-02    1.5881885529e+01
    1.1379973032e-02    1.5902215958e+01
    1.1389700696e-02    1.5920294762e+01
    1.1399428360e-02    1.5938376427e+01
    1.1409156956e-02    1.5956459045e+01
    1.1418884620e-02    1.5974540710e+01
    1.1429828592e-02    1.5994878769e+01
    1.1439556256e-02    1.6012952805e+01
    1.1449283920e-02    1.6031024933e+01
    1.1459011585e-02    1.6049095154e+01
    1.1469955556e-02    1.6069421768e+01
    1.1479684152e-02    1.6087493896e+01
    1.1489411816e-02    1.6105571747e+01
    1.1499139480e-02    1.6123657227e+01
    1.1508867145e-02    1.6141756058e+01
    1.1519811116e-02    1.6162132263e+01
    1.1529538780e-02    1.6180263519e+01
    1.1539267376e-02    1.6198413849e+01
    1.1548995040e-02    1.6216581345e+01
    1.1559939012e-02    1.6237045288e+01
    1.1569666676e-02    1.6255252838e+01
    1.1579394341e-02    1.6273479462e+01
    1.1589122936e-02    1.6291721344e+01
    1.1598850600e-02    1.6309976578e+01
    1.1609794572e-02    1.6330532074e+01
    1.1619522236e-02    1.6348817825e+01
    1.1629249901e-02    1.6367120743e+01
    1.1638978496e-02    1.6385438919e+01
    1.1649921536e-02    1.6406070709e+01
    1.1659650132e-02    1.6424432755e+01
    1.1669377796e-02    1.6442817688e+01
    1.1679105461e-02    1.6461229324e+01
    1.1688834056e-02    1.6479667664e+01
    1.1699778028e-02    1.6500446320e+01
    1.1709505692e-02    1.6518943787e+01
    1.1719233356e-02    1.6537471771e+01
    1.1728961021e-02    1.6556028366e+01
    1.1739904992e-02    1.6576934814e+01
    1.1749633588e-02    1.6595546722e+01
    1.1759361252e-02    1.6614183426e+01
    1.1769088916e-02    1.6632844925e+01
    1.1778816581e-02    1.6651525497e+01
    1.1789760552e-02    1.6672567368e+01
    1.1799488217e-02    1.6691289902e+01
    1.1809216812e-02    1.6710029602e+01
    1.1818944477e-02    1.6728786469e+01
    1.1829887517e-02    1.6749902725e+01
    1.1839615181e-02    1.6768686295e+01
    1.1849342845e-02    1.6787481308e+01
    1.1859070510e-02    1.6806285858e+01
    1.1868798174e-02    1.6825099945e+01
    1.1879742146e-02    1.6846279144e+01
    1.1889469810e-02    1.6865112305e+01
    1.1899197474e-02    1.6883958817e+01
    1.1908924207e-02    1.6902812958e+01
    1.1919868179e-02    1.6924037933e+01
    1.1929595843e-02    1.6942916870e+01
    1.1939322576e-02    1.6961807251e+01
    1.1949050240e-02    1.6980709076e+01
    1.1959993280e-02    1.7001987457e+01
    1.1969720945e-02    1.7020914078e+01
    1.1979448609e-02    1.7039848328e+01
    1.1989175342e-02    1.7058792114e+01
    1.1998903006e-02    1.7077743530e+01
    1.2009846047e-02    1.7099071503e+01
    1.2019573711e-02    1.7118038177e+01
    1.2029300444e-02    1.7137010574e+01
    1.2039028108e-02    1.7155988693e+01
    1.2049971148e-02    1.7177350998e+01
    1.2059697881e-02    1.7196346283e+01
    1.2069425546e-02    1.7215351105e+01
    1.2079152279e-02    1.7234369278e+01
    1.2088879943e-02    1.7253396988e+01
    1.2099822052e-02    1.7274822235e+01
    1.2109549716e-02    1.7293880463e+01
    1.2119276449e-02    1.7312957764e+01
    1.2129003182e-02    1.7332052231e+01
    1.2139946222e-02    1.7353553772e+01
    1.2149673887e-02    1.7372686386e+01
    1.2159400620e-02    1.7391839981e+01
    1.2169127353e-02    1.7411010742e+01
    1.2178854086e-02    1.7430200577e+01
    1.2189797126e-02    1.7451808929e+01
    1.2199523859e-02    1.7471035004e+01
    1.2209250592e-02    1.7490278244e+01
    1.2218977325e-02    1.7509538651e+01
    1.2229920365e-02    1.7531223297e+01
    1.2239647098e-02    1.7550516129e+01
    1.2249373831e-02    1.7569824219e+01
    1.2259100564e-02    1.7589147568e+01
    1.2268827297e-02    1.7608486176e+01
    1.2279770337e-02    1.7630258560e+01
    1.2289497070e-02    1.7649629593e+01
    1.2299223803e-02    1.7669015884e+01
    1.2308949605e-02    1.7688415527e+01
    1.2319892645e-02    1.7710258484e+01
    1.2329619378e-02    1.7729690552e+01
    1.2339346111e-02    1.7749135971e+01
    1.2349072844e-02    1.7768598557e+01
    1.2358798645e-02    1.7788078308e+01
    1.2369741686e-02    1.7810014725e+01
    1.2379468419e-02    1.7829534531e+01
    1.2389194220e-02    1.7849075317e+01
    1.2398920953e-02    1.7868638992e+01
    1.2409863994e-02    1.7890678406e+01
    1.2419589795e-02    1.7910297394e+01
    1.2429316528e-02    1.7929944992e+01
    1.2439043261e-02    1.7949625015e+01
    1.2449985370e-02    1.7971803665e+01
    1.2459712103e-02    1.7991556168e+01
    1.2469437905e-02    1.8011346817e+01
    1.2479164638e-02    1.8031175613e+01
    1.2488891371e-02    1.8051048279e+01
    1.2499833480e-02    1.8073457718e+01
    1.2509559281e-02    1.8093425751e+01
    1.2519286014e-02    1.8113445282e+01
    1.2529012747e-02    1.8133512497e+01
    1.2539954856e-02    1.8156152725e+01
    1.2549680658e-02    1.8176336288e+01
    1.2559407391e-02    1.8196575165e+01
    1.2569134124e-02    1.8216869354e+01
    1.2578859925e-02    1.8237222672e+01
    1.2589802034e-02    1.8260189056e+01
    1.2599528767e-02    1.8280668259e+01
    1.2609254569e-02    1.8301208496e+01
    1.2618981302e-02    1.8321809769e+01
    1.2629923411e-02    1.8345060349e+01
    1.2639649212e-02    1.8365795135e+01
    1.2649375014e-02    1.8386594772e+01
    1.2659101747e-02    1.8407459259e+01
    1.2668827549e-02    1.8428390503e+01
    1.2679769658e-02    1.8452016830e+01
    1.2689496391e-02    1.8473087311e+01
    1.2699222192e-02    1.8494226456e+01
    1.2708948925e-02    1.8515432358e+01
    1.2719890103e-02    1.8539371490e+01
    1.2729616836e-02    1.8560722351e+01
    1.2739342637e-02    1.8582139969e+01
    1.2749069370e-02    1.8603628159e+01
    1.2758795172e-02    1.8625185013e+01
    1.2769737281e-02    1.8649518967e+01
    1.2779463083e-02    1.8671226501e+01
    1.2789188884e-02    1.8693006516e+01
    1.2798915617e-02    1.8714859009e+01
    1.2809856795e-02    1.8739532471e+01
    1.2819583528e-02    1.8761547089e+01
    1.2829309329e-02    1.8783639908e+01
    1.2839035131e-02    1.8805810928e+01
    1.2849977240e-02    1.8830850601e+01
    1.2859703042e-02    1.8853197098e+01
    1.2869428843e-02    1.8875625610e+01
    1.2879155576e-02    1.8898139954e+01
    1.2888881378e-02    1.8920738220e+01
    1.2899823487e-02    1.8946264267e+01
    1.2909549288e-02    1.8969045639e+01
    1.2919275090e-02    1.8991914749e+01
    1.2929000892e-02    1.9014867783e+01
    1.2939943001e-02    1.9040796280e+01
    1.2949668802e-02    1.9063932419e+01
    1.2959395535e-02    1.9087154388e+01
    1.2969121337e-02    1.9110460281e+01
    1.2978847139e-02    1.9133850098e+01
    1.2989789248e-02    1.9160261154e+01
    1.2999515049e-02    1.9183822632e+01
    1.3009240851e-02    1.9207464218e+01
    1.3018966652e-02    1.9231184006e+01
    1.3029908761e-02    1.9257959366e+01
    1.3039634563e-02    1.9281839371e+01
    1.3049360365e-02    1.9305791855e+01
    1.3059086166e-02    1.9329813004e+01
    1.3068811968e-02    1.9353904724e+01
    1.3079424389e-02    1.9380262375e+01
    1.3089649379e-02    1.9405731201e+01
    1.3099874370e-02    1.9431262970e+01
    1.3109418564e-02    1.9455146790e+01
    1.3119644485e-02    1.9480791092e+01
    1.3129869476e-02    1.9506486893e+01
    1.3139413670e-02    1.9530513763e+01
    1.3149638660e-02    1.9556299210e+01
    1.3159863651e-02    1.9582126617e+01
    1.3169407845e-02    1.9606267929e+01
    1.3179632835e-02    1.9632169724e+01
    1.3189858757e-02    1.9658111572e+01
    1.3199402019e-02    1.9682353973e+01
    1.3209627941e-02    1.9708366394e+01
    1.3219852932e-02    1.9734415054e+01
    1.3229397126e-02    1.9758762360e+01
    1.3239622116e-02    1.9784887314e+01
    1.3249848038e-02    1.9811052322e+01
    1.3259391300e-02    1.9835512161e+01
    1.3269617222e-02    1.9861759186e+01
    1.3279842213e-02    1.9888051987e+01
    1.3289386407e-02    1.9912633896e+01
    1.3299611397e-02    1.9939014435e+01
    1.3309837319e-02    1.9965442657e+01
    1.3319380581e-02    1.9990152359e+01
    1.3329606503e-02    2.0016674042e+01
    1.3339831494e-02    2.0043243408e+01
    1.3349375688e-02    2.0068086624e+01
    1.3359600678e-02    2.0094753265e+01
    1.3369826600e-02    2.0121467590e+01
    1.3379369862e-02    2.0146446228e+01
    1.3389595784e-02    2.0173255920e+01
    1.3399820775e-02    2.0200117111e+01
    1.3409364969e-02    2.0225229263e+01
    1.3419589959e-02    2.0252180099e+01
    1.3429815881e-02    2.0279176712e+01
    1.3439359143e-02    2.0304414749e+01
    1.3449585065e-02    2.0331495285e+01
    1.3459810056e-02    2.0358613968e+01
    1.3469354250e-02    2.0383956909e+01
    1.3479579240e-02    2.0411140442e+01
    1.3489805162e-02    2.0438352585e+01
    1.3499348424e-02    2.0463771820e+01
    1.3509574346e-02    2.0491024017e+01
    1.3519799337e-02    2.0518291473e+01
    1.3529343531e-02    2.0543746948e+01
    1.3539568521e-02    2.0571027756e+01
    1.3549794443e-02    2.0598304749e+01
    1.3559337705e-02    2.0623760223e+01
    1.3569563627e-02    2.0651020050e+01
    1.3579788618e-02    2.0678264618e+01
    1.3589332812e-02    2.0703672409e+01
    1.3599557802e-02    2.0730869293e+01
    1.3609783724e-02    2.0758033752e+01
    1.3619326986e-02    2.0783355713e+01
    1.3629620895e-02    2.0810626984e+01
    1.3639519922e-02    2.0836807251e+01
    1.3649245724e-02    2.0862487793e+01
    1.3658971526e-02    2.0888120651e+01
    1.3669912703e-02    2.0916896820e+01
    1.3679638505e-02    2.0942419052e+01
    1.3689365238e-02    2.0967882156e+01
    1.3699091040e-02    2.0993288040e+01
    1.3708816841e-02    2.1018629074e+01
    1.3719758019e-02    2.1047060013e+01
    1.3729483820e-02    2.1072261810e+01
    1.3739210553e-02    2.1097391129e+01
    1.3748936355e-02    2.1122447968e+01
    1.3759877533e-02    2.1150547028e+01
    1.3769604266e-02    2.1175441742e+01
    1.3779330067e-02    2.1200258255e+01
    1.3789055869e-02    2.1224992752e+01
    1.3799997978e-02    2.1252723694e+01
    1.3809723780e-02    2.1277282715e+01
    1.3819449581e-02    2.1301755905e+01
    1.3829175383e-02    2.1326141357e+01
    1.3838902116e-02    2.1350439072e+01
    1.3849843293e-02    2.1377666473e+01
    1.3859570026e-02    2.1401769638e+01
    1.3869295828e-02    2.1425779343e+01
    1.3879021630e-02    2.1449697495e+01
    1.3889963739e-02    2.1476490021e+01
    1.3899690472e-02    2.1500204086e+01
    1.3909416273e-02    2.1523822784e+01
    1.3919142075e-02    2.1547346115e+01
    1.3928868808e-02    2.1570774078e+01
    1.3939810917e-02    2.1597019196e+01
    1.3949536718e-02    2.1620248795e+01
    1.3959263451e-02    2.1643386841e+01
    1.3968989253e-02    2.1666433334e+01
    1.3979931362e-02    2.1692251205e+01
    1.3989658095e-02    2.1715105057e+01
    1.3999383897e-02    2.1737871170e+01
    1.4009110630e-02    2.1760547638e+01
    1.4018836431e-02    2.1783138275e+01
    1.4029779471e-02    2.1808448792e+01
    1.4039505273e-02    2.1830858231e+01
    1.4049232006e-02    2.1853183746e+01
    1.4058958739e-02    2.1875425339e+01
    1.4069900848e-02    2.1900350571e+01
    1.4079626650e-02    2.1922422409e+01
    1.4089353383e-02    2.1944412231e+01
    1.4099080116e-02    2.1966327667e+01
    1.4108806849e-02    2.1988164902e+01
    1.4119748957e-02    2.2012641907e+01
    1.4129475690e-02    2.2034318924e+01
    1.4139202423e-02    2.2055925369e+01
    1.4148929156e-02    2.2077459335e+01
    1.4159871265e-02    2.2101600647e+01
    1.4169597998e-02    2.2122985840e+01
    1.4179324731e-02    2.2144302368e+01
    1.4189051464e-02    2.2165550232e+01
    1.4199994504e-02    2.2189374924e+01
    1.4209721237e-02    2.2210479736e+01
    1.4219447970e-02    2.2231519699e+01
    1.4229174703e-02    2.2252490997e+01
    1.4238901436e-02    2.2273393631e+01
    1.4249844477e-02    2.2296827316e+01
    1.4259571210e-02    2.2317581177e+01
    1.4269297943e-02    2.2338262558e+01
    1.4279025607e-02    2.2358869553e+01
    1.4289967716e-02    2.2381961823e+01
    1.4299695380e-02    2.2402402878e+01
    1.4309422113e-02    2.2422761917e+01
    1.4319149777e-02    2.2443037033e+01
    1.4328876510e-02    2.2463224411e+01
    1.4339819551e-02    2.2485826492e+01
    1.4349547215e-02    2.2505817413e+01
    1.4359273948e-02    2.2525711060e+01
    1.4369001612e-02    2.2545505524e+01
    1.4379944652e-02    2.2567647934e+01
    1.4389672317e-02    2.2587215424e+01
    1.4399399981e-02    2.2606670380e+01
    1.4409126714e-02    2.2626010895e+01
    1.4418854378e-02    2.2645231247e+01
    1.4429797418e-02    2.2666707993e+01
    1.4439525083e-02    2.2685665131e+01
    1.4449252747e-02    2.2704492569e+01
    1.4458980411e-02    2.2723188400e+01
    1.4469924383e-02    2.2744062424e+01
    1.4479652047e-02    2.2762470245e+01
    1.4489379711e-02    2.2780742645e+01
    1.4499107376e-02    2.2798871994e+01
    1.4508835040e-02    2.2816862106e+01
    1.4519779012e-02    2.2836931229e+01
    1.4529506676e-02    2.2854618073e+01
    1.4539234340e-02    2.2872161865e+01
    1.4548962004e-02    2.2889564514e+01
    1.4559905976e-02    2.2908969879e+01
    1.4569634572e-02    2.2926067352e+01
    1.4579362236e-02    2.2943023682e+01
    1.4589090832e-02    2.2959838867e+01
    1.4598818496e-02    2.2976512909e+01
    1.4609762467e-02    2.2995101929e+01
    1.4619491063e-02    2.3011480331e+01
    1.4629218727e-02    2.3027717590e+01
    1.4638947323e-02    2.3043815613e+01
    1.4649892226e-02    2.3061761856e+01
    1.4659619890e-02    2.3077566147e+01
    1.4669348486e-02    2.3093231201e+01
    1.4679077081e-02    2.3108757019e+01
    1.4688805677e-02    2.3124143600e+01
    1.4699750580e-02    2.3141286850e+01
    1.4709479176e-02    2.3156375885e+01
    1.4719207771e-02    2.3171323776e+01
    1.4728936367e-02    2.3186134338e+01
    1.4739881270e-02    2.3202627182e+01
    1.4749609865e-02    2.3217138290e+01
    1.4759338461e-02    2.3231510162e+01
    1.4769067056e-02    2.3245744705e+01
    1.4778796583e-02    2.3259841919e+01
    1.4789741486e-02    2.3275535583e+01
    1.4799470082e-02    2.3289339066e+01
    1.4809199609e-02    2.3303009033e+01
    1.4818928204e-02    2.3316543579e+01
    1.4829874039e-02    2.3331609726e+01
    1.4839602634e-02    2.3344861984e+01
    1.4849332161e-02    2.3357982635e+01
    1.4859061688e-02    2.3370973587e+01
    1.4868790284e-02    2.3383834839e+01
    1.4879736118e-02    2.3398153305e+01
    1.4889465645e-02    2.3410745621e+01
    1.4899195172e-02    2.3423213959e+01
    1.4908924699e-02    2.3435558319e+01
    1.4919869602e-02    2.3449302673e+01
    1.4929599129e-02    2.3461391449e+01
    1.4939328656e-02    2.3473361969e+01
    1.4949058183e-02    2.3485214233e+01
    1.4958788641e-02    2.3496952057e+01
    1.4969734475e-02    2.3510017395e+01
    1.4979464002e-02    2.3521511078e+01
    1.4989193529e-02    2.3532890320e+01
    1.4998923987e-02    2.3544155121e+01
    1.5009869821e-02    2.3556690216e+01
    1.5019599348e-02    2.3567710876e+01
    1.5029329807e-02    2.3578615189e+01
    1.5039059334e-02    2.3589403152e+01
    1.5048789792e-02    2.3600072861e+01
    1.5059735626e-02    2.3611928940e+01
    1.5069466084e-02    2.3622337341e+01
    1.5079195611e-02    2.3632619858e+01
    1.5088926069e-02    2.3642774582e+01
    1.5099872835e-02    2.3654037476e+01
    1.5109603293e-02    2.3663906097e+01
    1.5119332820e-02    2.3673635483e+01
    1.5129063278e-02    2.3683221817e+01
    1.5138793737e-02    2.3692661285e+01
    1.5149740502e-02    2.3703104019e+01
    1.5159470960e-02    2.3712221146e+01
    1.5169201419e-02    2.3721181870e+01
    1.5178931877e-02    2.3729982376e+01
    1.5189878643e-02    2.3739685059e+01
    1.5199610032e-02    2.3748132706e+01
    1.5209340490e-02    2.3756410599e+01
    1.5219070949e-02    2.3764514923e+01
    1.5228801407e-02    2.3772443771e+01
    1.5239749104e-02    2.3781150818e+01
    1.5249479562e-02    2.3788698196e+01
    1.5259210020e-02    2.3796064377e+01
    1.5268941410e-02    2.3803247452e+01
    1.5279888175e-02    2.3811105728e+01
    1.5289619565e-02    2.3817895889e+01
    1.5299350023e-02    2.3824501038e+01
    1.5309081413e-02    2.3830919266e+01
    1.5318812802e-02    2.3837152481e+01
    1.5329759568e-02    2.3843944550e+01
    1.5339490958e-02    2.3849786758e+01
    1.5349221416e-02    2.3855445862e+01
    1.5358952805e-02    2.3860921860e+01
    1.5369900502e-02    2.3866868973e+01
    1.5379630961e-02    2.3871965408e+01
    1.5389362350e-02    2.3876884460e+01
    1.5399093740e-02    2.3881626129e+01
    1.5408824198e-02    2.3886196136e+01
    1.5419771895e-02    2.3891132355e+01
    1.5429503284e-02    2.3895338058e+01
    1.5439233743e-02    2.3899375916e+01
    1.5448965132e-02    2.3903247833e+01
    1.5459911898e-02    2.3907407761e+01
    1.5469643287e-02    2.3910934448e+01
    1.5479374677e-02    2.3914302826e+01
    1.5489105135e-02    2.3917510986e+01
    1.5498836525e-02    2.3920566559e+01
    1.5509784222e-02    2.3923818588e+01
    1.5519514680e-02    2.3926548004e+01
    1.5529246069e-02    2.3929128647e+01
    1.5538976528e-02    2.3931558609e+01
    1.5549924225e-02    2.3934120178e+01
    1.5559655614e-02    2.3936241150e+01
    1.5569386072e-02    2.3938219070e+01
    1.5579117462e-02    2.3940053940e+01
    1.5588848852e-02    2.3941747665e+01
    1.5599795617e-02    2.3943483353e+01
    1.5609527007e-02    2.3944877625e+01
    1.5619258396e-02    2.3946132660e+01
    1.5628987923e-02    2.3947248459e+01
    1.5639936551e-02    2.3948337555e+01
    1.5649667010e-02    2.3949159622e+01
    1.5659397468e-02    2.3949842453e+01
    1.5669129789e-02    2.3950384140e+01
    1.5678860247e-02    2.3950788498e+01
    1.5689807013e-02    2.3951076508e+01
    1.5699282289e-02    2.3951183319e+01
    1.5709374100e-02    2.3951148987e+01
    1.5719467774e-02    2.3950962067e+01
    1.5729559585e-02    2.3950620651e+01
    1.5739651397e-02    2.3950124741e+01
    1.5749745071e-02    2.3949476242e+01
    1.5759836882e-02    2.3948698044e+01
    1.5769930556e-02    2.3947834015e+01
    1.5779105946e-02    2.3946994781e+01
    1.5789197758e-02    2.3946031570e+01
    1.5799291432e-02    2.3945032120e+01
    1.5809383243e-02    2.3944004059e+01
    1.5819476917e-02    2.3942951202e+01
    1.5829568729e-02    2.3941877365e+01
    1.5839660540e-02    2.3940782547e+01
    1.5849754214e-02    2.3939672470e+01
    1.5859846026e-02    2.3938541412e+01
    1.5869939700e-02    2.3937393188e+01
    1.5879115090e-02    2.3936319351e+01
    1.5889206901e-02    2.3935094833e+01
    1.5899300575e-02    2.3933820724e+01
    1.5909392387e-02    2.3932497025e+01
    1.5919484198e-02    2.3931131363e+01
    1.5929577872e-02    2.3929729462e+01
    1.5939669684e-02    2.3928289413e+01
    1.5949763358e-02    2.3926807404e+01
    1.5959855169e-02    2.3925279617e+01
    1.5969948843e-02    2.3923707962e+01
    1.5979124233e-02    2.3922237396e+01
    1.5989216045e-02    2.3920576096e+01
    1.5999307856e-02    2.3918870926e+01
    1.6009401530e-02    2.3917118073e+01
    1.6019493341e-02    2.3915307999e+01
    1.6029587016e-02    2.3913438797e+01
    1.6039678827e-02    2.3911500931e+01
    1.6049772501e-02    2.3909494400e+01
    1.6059864312e-02    2.3907415390e+01
    1.6069957986e-02    2.3905269623e+01
    1.6079131514e-02    2.3903257370e+01
    1.6089225188e-02    2.3900981903e+01
    1.6099316999e-02    2.3898635864e+01
    1.6109410673e-02    2.3896223068e+01
    1.6119735315e-02    2.3893678665e+01
    1.6129376367e-02    2.3891241074e+01
    1.6139980406e-02    2.3888500214e+01
    1.6149619594e-02    2.3885963440e+01
    1.6159260646e-02    2.3883396149e+01
    1.6169864684e-02    2.3880542755e+01
    1.6179503873e-02    2.3877925873e+01
    1.6189144924e-02    2.3875293732e+01
    1.6199748963e-02    2.3872381210e+01
    1.6209388152e-02    2.3869718552e+01
    1.6219992191e-02    2.3866775513e+01
    1.6229633242e-02    2.3864088058e+01
    1.6239272431e-02    2.3861383438e+01
    1.6249876469e-02    2.3858388901e+01
    1.6259517521e-02    2.3855646133e+01
    1.6269156709e-02    2.3852882385e+01
    1.6279760748e-02    2.3849821091e+01
    1.6289401799e-02    2.3847017288e+01
    1.6299040988e-02    2.3844198227e+01
    1.6309645027e-02    2.3841079712e+01
    1.6319286078e-02    2.3838233948e+01
    1.6329890117e-02    2.3835092545e+01
    1.6339529306e-02    2.3832229614e+01
    1.6349170357e-02    2.3829362869e+01
    1.6359774396e-02    2.3826204300e+01
    1.6369413584e-02    2.3823329926e+01
    1.6379054636e-02    2.3820453644e+01
    1.6389658675e-02    2.3817285538e+01
    1.6399297863e-02    2.3814403534e+01
    1.6409901902e-02    2.3811227798e+01
    1.6419542953e-02    2.3808336258e+01
    1.6429182142e-02    2.3805437088e+01
    1.6439786181e-02    2.3802242279e+01
    1.6449427232e-02    2.3799331665e+01
    1.6459066421e-02    2.3796417236e+01
    1.6469670460e-02    2.3793203354e+01
    1.6479948536e-02    2.3790084839e+01
    1.6489123926e-02    2.3787298203e+01
    1.6499217600e-02    2.3784233093e+01
    1.6509309411e-02    2.3781171799e+01
    1.6519403085e-02    2.3778120041e+01
    1.6529494897e-02    2.3775077820e+01
    1.6539586708e-02    2.3772047043e+01
    1.6549680382e-02    2.3769025803e+01
    1.6559772193e-02    2.3766014099e+01
    1.6569865867e-02    2.3763008118e+01
    1.6579957679e-02    2.3760013580e+01
    1.6589133069e-02    2.3757299423e+01
    1.6599226743e-02    2.3754327774e+01
    1.6609318554e-02    2.3751367569e+01
    1.6619410366e-02    2.3748424530e+01
    1.6629504040e-02    2.3745498657e+01
    1.6639595851e-02    2.3742586136e+01
    1.6649689525e-02    2.3739688873e+01
    1.6659781337e-02    2.3736804962e+01
    1.6669189557e-02    2.3734128952e+01
    1.6679793596e-02    2.3731121063e+01
    1.6689432785e-02    2.3728395462e+01
    1.6699073836e-02    2.3725673676e+01
    1.6709677875e-02    2.3722682953e+01
    1.6719317064e-02    2.3719966888e+01
    1.6729876399e-02    2.3716995239e+01
    1.6739968210e-02    2.3714162827e+01
    1.6749143600e-02    2.3711595535e+01
    1.6759235412e-02    2.3708784103e+01
    1.6769329086e-02    2.3705986023e+01
    1.6779420897e-02    2.3703195572e+01
    1.6789514571e-02    2.3700412750e+01
    1.6799606383e-02    2.3697633743e+01
    1.6809700057e-02    2.3694854736e+01
    1.6819791868e-02    2.3692075729e+01
    1.6829883680e-02    2.3689291000e+01
    1.6839977354e-02    2.3686504364e+01
    1.6849152744e-02    2.3683965683e+01
    1.6859244555e-02    2.3681169510e+01
    1.6869338229e-02    2.3678369522e+01
    1.6879430041e-02    2.3675567627e+01
    1.6889523715e-02    2.3672769547e+01
    1.6899615526e-02    2.3669973373e+01
    1.6909707338e-02    2.3667188644e+01
    1.6919115558e-02    2.3664604187e+01
    1.6929719597e-02    2.3661708832e+01
    1.6939360648e-02    2.3659097672e+01
    1.6949964687e-02    2.3656257629e+01
    1.6959603876e-02    2.3653713226e+01
    1.6969244927e-02    2.3651210785e+01
    1.6979848966e-02    2.3648513794e+01
    1.6989488155e-02    2.3646120071e+01
    1.6999129206e-02    2.3643783569e+01
    1.7009733245e-02    2.3641286850e+01
    1.7019372433e-02    2.3639083862e+01
    1.7029976472e-02    2.3636734009e+01
    1.7039617524e-02    2.3634664536e+01
    1.7049256712e-02    2.3632652283e+01
    1.7059860751e-02    2.3630504608e+01
    1.7069501802e-02    2.3628602982e+01
    1.7079140991e-02    2.3626747131e+01
    1.7089745030e-02    2.3624755859e+01
    1.7099386081e-02    2.3622982025e+01
    1.7109990120e-02    2.3621070862e+01
    1.7119629309e-02    2.3619363785e+01
    1.7129270360e-02    2.3617679596e+01
    1.7139874399e-02    2.3615854263e+01
    1.7149513587e-02    2.3614213943e+01
    1.7159154639e-02    2.3612588882e+01
    1.7169758677e-02    2.3610816956e+01
    1.7179397866e-02    2.3609214783e+01
    1.7189038917e-02    2.3607622147e+01
    1.7199642956e-02    2.3605882645e+01
    1.7209282145e-02    2.3604318619e+01
    1.7219886184e-02    2.3602621078e+01
    1.7229527235e-02    2.3601104736e+01
    1.7239166424e-02    2.3599618912e+01
    1.7249770463e-02    2.3598020554e+01
    1.7259411514e-02    2.3596607208e+01
    1.7269050702e-02    2.3595233917e+01
    1.7279654741e-02    2.3593772888e+01
    1.7289295793e-02    2.3592491150e+01
    1.7299899831e-02    2.3591135025e+01
    1.7309539020e-02    2.3589956284e+01
    1.7319772393e-02    2.3588762283e+01
    1.7329864204e-02    2.3587644577e+01
    1.7339225858e-02    2.3586660385e+01
    1.7349829897e-02    2.3585607529e+01
    1.7359469086e-02    2.3584709167e+01
    1.7369110137e-02    2.3583864212e+01
    1.7379714176e-02    2.3582998276e+01
    1.7389353365e-02    2.3582269669e+01
    1.7399957404e-02    2.3581529617e+01
    1.7409184948e-02    2.3580938339e+01
    1.7419788986e-02    2.3580320358e+01
    1.7429430038e-02    2.3579813004e+01
    1.7439069226e-02    2.3579357147e+01
    1.7449533567e-02    2.3578918457e+01
    1.7459627241e-02    2.3578546524e+01
    1.7469719052e-02    2.3578210831e+01
    1.7479812726e-02    2.3577907562e+01
    1.7489904538e-02    2.3577627182e+01
    1.7499998212e-02    2.3577365875e+01
    1.7509171739e-02    2.3577136993e+01
    1.7519265413e-02    2.3576889038e+01
    1.7529357225e-02    2.3576633453e+01
    1.7539450899e-02    2.3576354980e+01
    1.7549542710e-02    2.3576049805e+01
    1.7559636384e-02    2.3575708389e+01
    1.7569728196e-02    2.3575330734e+01
    1.7579821870e-02    2.3574920654e+01
    1.7589913681e-02    2.3574487686e+01
    1.7599089071e-02    2.3574081421e+01
    1.7609180883e-02    2.3573625565e+01
    1.7619274557e-02    2.3573167801e+01
    1.7629366368e-02    2.3572710037e+01
    1.7639460042e-02    2.3572254181e+01
    1.7649551854e-02    2.3571794510e+01
    1.7659645528e-02    2.3571327209e+01
    1.7669737339e-02    2.3570854187e+01
    1.7679829150e-02    2.3570373535e+01
    1.7689922825e-02    2.3569890976e+01
    1.7699098215e-02    2.3569450378e+01
    1.7709190026e-02    2.3568956375e+01
    1.7719283700e-02    2.3568450928e+01
    1.7729375511e-02    2.3567924500e+01
    1.7739469185e-02    2.3567369461e+01
    1.7749560997e-02    2.3566787720e+01
    1.7759652808e-02    2.3566181183e+01
    1.7769746482e-02    2.3565553665e+01
    1.7779838294e-02    2.3564908981e+01
    1.7789931968e-02    2.3564250946e+01
    1.7799107358e-02    2.3563644409e+01
    1.7809199169e-02    2.3562969208e+01
    1.7819292843e-02    2.3562278748e+01
    1.7829384655e-02    2.3561569214e+01
    1.7839476466e-02    2.3560831070e+01
    1.7849570140e-02    2.3560064316e+01
    1.7859661952e-02    2.3559270859e+01
    1.7869755626e-02    2.3558458328e+01
    1.7879847437e-02    2.3557636261e+01
    1.7889941111e-02    2.3556802750e+01
    1.7899116501e-02    2.3556030273e+01
    1.7909208313e-02    2.3555152893e+01
    1.7919300124e-02    2.3554246902e+01
    1.7929393798e-02    2.3553316116e+01
    1.7939485610e-02    2.3552366257e+01
    1.7949579284e-02    2.3551406860e+01
    1.7959857360e-02    2.3550430298e+01
    1.7969498411e-02    2.3549518585e+01
    1.7979137599e-02    2.3548603058e+01
    1.7989741638e-02    2.3547592163e+01
    1.7999382690e-02    2.3546670914e+01
    1.8009986728e-02    2.3545656204e+01
    1.8019625917e-02    2.3544734955e+01
    1.8029266968e-02    2.3543817520e+01
    1.8039871007e-02    2.3542821884e+01
    1.8049510196e-02    2.3541933060e+01
    1.8059151247e-02    2.3541063309e+01
    1.8069755286e-02    2.3540130615e+01
    1.8079394475e-02    2.3539310455e+01
    1.8089998513e-02    2.3538434982e+01
    1.8099639565e-02    2.3537668228e+01
    1.8109278753e-02    2.3536931992e+01
    1.8119882792e-02    2.3536163330e+01
    1.8129523844e-02    2.3535507202e+01
    1.8139163032e-02    2.3534893036e+01
    1.8149767071e-02    2.3534271240e+01
    1.8159408122e-02    2.3533754349e+01
    1.8169047311e-02    2.3533283234e+01
    1.8179651350e-02    2.3532815933e+01
    1.8189245835e-02    2.3532434464e+01
    1.8199337646e-02    2.3532075882e+01
    1.8209431320e-02    2.3531751633e+01
    1.8219523132e-02    2.3531461716e+01
    1.8229614943e-02    2.3531204224e+01
    1.8239708617e-02    2.3530973434e+01
    1.8249800429e-02    2.3530771255e+01
    1.8259894103e-02    2.3530591965e+01
    1.8269985914e-02    2.3530429840e+01
    1.8279161304e-02    2.3530294418e+01
    1.8289254978e-02    2.3530151367e+01
    1.8299346790e-02    2.3530006409e+01
    1.8309438601e-02    2.3529855728e+01
    1.8319532275e-02    2.3529689789e+01
    1.8329624087e-02    2.3529504776e+01
    1.8339717761e-02    2.3529291153e+01
    1.8349809572e-02    2.3529050827e+01
    1.8359903246e-02    2.3528778076e+01
    1.8369995058e-02    2.3528474808e+01
    1.8379170448e-02    2.3528169632e+01
    1.8389262259e-02    2.3527807236e+01
    1.8399355933e-02    2.3527414322e+01
    1.8409447744e-02    2.3526994705e+01
    1.8419541419e-02    2.3526552200e+01
    1.8429633230e-02    2.3526088715e+01
    1.8439726904e-02    2.3525608063e+01
    1.8449818715e-02    2.3525104523e+01
    1.8459912390e-02    2.3524581909e+01
    1.8469085917e-02    2.3524084091e+01
    1.8479179591e-02    2.3523515701e+01
    1.8489271402e-02    2.3522924423e+01
    1.8499365076e-02    2.3522317886e+01
    1.8509456888e-02    2.3521696091e+01
    1.8519550562e-02    2.3521064758e+01
    1.8529642373e-02    2.3520427704e+01
    1.8539736047e-02    2.3519790649e+01
    1.8549827859e-02    2.3519157410e+01
    1.8559921533e-02    2.3518535614e+01
    1.8569095060e-02    2.3517980576e+01
    1.8579188734e-02    2.3517389297e+01
    1.8589280546e-02    2.3516822815e+01
    1.8599374220e-02    2.3516283035e+01
    1.8609466031e-02    2.3515775681e+01
    1.8619559705e-02    2.3515306473e+01
    1.8629651517e-02    2.3514875412e+01
    1.8639745191e-02    2.3514488220e+01
    1.8649837002e-02    2.3514150620e+01
    1.8659928814e-02    2.3513860703e+01
    1.8669104204e-02    2.3513643265e+01
    1.8679197878e-02    2.3513454437e+01
    1.8689289689e-02    2.3513319016e+01
    1.8699383363e-02    2.3513235092e+01
    1.8709475175e-02    2.3513206482e+01
    1.8719568849e-02    2.3513227463e+01
    1.8729660660e-02    2.3513286591e+01
    1.8739752471e-02    2.3513380051e+01
    1.8749846146e-02    2.3513505936e+01
    1.8759937957e-02    2.3513662338e+01
    1.8769113347e-02    2.3513834000e+01
    1.8779207021e-02    2.3514057159e+01
    1.8789298832e-02    2.3514312744e+01
    1.8799392506e-02    2.3514604568e+01
    1.8809484318e-02    2.3514926910e+01
    1.8819576129e-02    2.3515277863e+01
    1.8829669803e-02    2.3515653610e+01
    1.8839761615e-02    2.3516052246e+01
    1.8849855289e-02    2.3516469955e+01
    1.8859947100e-02    2.3516902924e+01
    1.8869122490e-02    2.3517309189e+01
    1.8879216164e-02    2.3517774582e+01
    1.8889307976e-02    2.3518272400e+01
    1.8899399787e-02    2.3518815994e+01
    1.8909493461e-02    2.3519412994e+01
    1.8919585273e-02    2.3520061493e+01
    1.8929678947e-02    2.3520759583e+01
    1.8939770758e-02    2.3521501541e+01
    1.8949864432e-02    2.3522289276e+01
    1.8959956244e-02    2.3523115158e+01
    1.8969131634e-02    2.3523899078e+01
    1.8979223445e-02    2.3524795532e+01
    1.8989317119e-02    2.3525726318e+01
    1.8999408931e-02    2.3526689529e+01
    1.9009502605e-02    2.3527683258e+01
    1.9019594416e-02    2.3528703690e+01
    1.9029688090e-02    2.3529748917e+01
    1.9039779902e-02    2.3530818939e+01
    1.9049873576e-02    2.3531923294e+01
    1.9059965387e-02    2.3533060074e+01
    1.9069140777e-02    2.3534128189e+01
    1.9079232588e-02    2.3535339355e+01
    1.9089326262e-02    2.3536582947e+01
    1.9099418074e-02    2.3537855148e+01
    1.9109511748e-02    2.3539144516e+01
    1.9119603559e-02    2.3540441513e+01
    1.9129697233e-02    2.3541736603e+01
    1.9139965996e-02    2.3543045044e+01
    1.9149698317e-02    2.3544277191e+01
    1.9159430638e-02    2.3545505524e+01
    1.9169811159e-02    2.3546819687e+01
    1.9179543480e-02    2.3548065186e+01
    1.9189924002e-02    2.3549411774e+01
    1.9199656323e-02    2.3550695419e+01
    1.9209388644e-02    2.3552003860e+01
    1.9219771028e-02    2.3553426743e+01
    1.9229503348e-02    2.3554780960e+01
    1.9239883870e-02    2.3556243896e+01
    1.9249616191e-02    2.3557622910e+01
    1.9259996712e-02    2.3559099197e+01
    1.9269729033e-02    2.3560487747e+01
    1.9279461354e-02    2.3561882019e+01
    1.9289841875e-02    2.3563375473e+01
    1.9299574196e-02    2.3564788818e+01
    1.9309956580e-02    2.3566314697e+01
    1.9319687039e-02    2.3567764282e+01
    1.9329419360e-02    2.3569236755e+01
    1.9339801744e-02    2.3570835114e+01
    1.9349534065e-02    2.3572360992e+01
    1.9359914586e-02    2.3574008942e+01
    1.9369646907e-02    2.3575574875e+01
    1.9379379228e-02    2.3577150345e+01
    1.9389759749e-02    2.3578842163e+01
    1.9399492070e-02    2.3580432892e+01
    1.9409872591e-02    2.3582130432e+01
    1.9419604912e-02    2.3583717346e+01
    1.9429987296e-02    2.3585395813e+01
    1.9439717755e-02    2.3586952209e+01
    1.9449450076e-02    2.3588489532e+01
    1.9459832460e-02    2.3590106964e+01
    1.9469564781e-02    2.3591600418e+01
    1.9479945302e-02    2.3593173981e+01
    1.9489677623e-02    2.3594633102e+01
    1.9499409944e-02    2.3596078873e+01
    1.9509790465e-02    2.3597612381e+01
    1.9519522786e-02    2.3599050522e+01
    1.9529903308e-02    2.3600584030e+01
    1.9539635628e-02    2.3602025986e+01
    1.9549367949e-02    2.3603469849e+01
    1.9559750333e-02    2.3605010986e+01
    1.9569480792e-02    2.3606454849e+01
    1.9579863176e-02    2.3607990265e+01
    1.9589595497e-02    2.3609424591e+01
    1.9599976018e-02    2.3610948563e+01
    1.9609708339e-02    2.3612373352e+01
    1.9619440660e-02    2.3613798141e+01
    1.9629821181e-02    2.3615316391e+01
    1.9639553502e-02    2.3616739273e+01
    1.9649934024e-02    2.3618259430e+01
    1.9659666345e-02    2.3619686127e+01
    1.9669398665e-02    2.3621116638e+01
    1.9679781049e-02    2.3622646332e+01
    1.9689511508e-02    2.3624088287e+01
    1.9699893892e-02    2.3625635147e+01
    1.9709626213e-02    2.3627098083e+01
    1.9719358534e-02    2.3628570557e+01
    1.9729739055e-02    2.3630155563e+01
    1.9739471376e-02    2.3631658554e+01
    1.9749851897e-02    2.3633281708e+01
    1.9759584218e-02    2.3634826660e+01
    1.9769964740e-02    2.3636505127e+01
    1.9779697061e-02    2.3638111115e+01
    1.9789429381e-02    2.3639747620e+01
    1.9799811766e-02    2.3641534805e+01
    1.9809542224e-02    2.3643249512e+01
    1.9819924608e-02    2.3645122528e+01
    1.9829656929e-02    2.3646919250e+01
    1.9839389250e-02    2.3648757935e+01
    1.9849769771e-02    2.3650760651e+01
    1.9859502092e-02    2.3652677536e+01
    1.9869882613e-02    2.3654758453e+01
    1.9879614934e-02    2.3656742096e+01
    1.9889995456e-02    2.3658891678e+01
    1.9899727777e-02    2.3660936356e+01
    1.9909460098e-02    2.3663009644e+01
    1.9919842482e-02    2.3665256500e+01
    1.9929574803e-02    2.3667392731e+01
    1.9939955324e-02    2.3669708252e+01
    1.9949687645e-02    2.3671907425e+01
    1.9959419966e-02    2.3674139023e+01
    1.9969800487e-02    2.3676549911e+01
    1.9979532808e-02    2.3678836823e+01
    1.9989913329e-02    2.3681304932e+01
    1.9999645650e-02    2.3683639526e+01
    2.0009377971e-02    2.3685993195e+01
    2.0019758493e-02    2.3688516617e+01
    2.0029490814e-02    2.3690895081e+01
    2.0039873198e-02    2.3693437576e+01
    2.0049605519e-02    2.3695823669e+01
    2.0059986040e-02    2.3698373795e+01
    2.0069718361e-02    2.3700765610e+01
    2.0079450682e-02    2.3703159332e+01
    2.0089831203e-02    2.3705715179e+01
    2.0099563524e-02    2.3708114624e+01
    2.0109944046e-02    2.3710680008e+01
    2.0119676366e-02    2.3713088989e+01
    2.0129408687e-02    2.3715505600e+01
    2.0139789209e-02    2.3718088150e+01
    2.0149521530e-02    2.3720518112e+01
    2.0159903914e-02    2.3723112106e+01
    2.0169636235e-02    2.3725549698e+01
    2.0179366693e-02    2.3727987289e+01
    2.0189749077e-02    2.3730588913e+01
    2.0199481398e-02    2.3733024597e+01
    2.0209861919e-02    2.3735616684e+01
    2.0219594240e-02    2.3738040924e+01
    2.0229974762e-02    2.3740615845e+01
    2.0239707083e-02    2.3743019104e+01
    2.0249439403e-02    2.3745409012e+01
    2.0259819925e-02    2.3747941971e+01
    2.0269552246e-02    2.3750299454e+01
    2.0279934630e-02    2.3752794266e+01
    2.0289666951e-02    2.3755111694e+01
    2.0299399272e-02    2.3757408142e+01
    2.0309779793e-02    2.3759830475e+01
    2.0319512114e-02    2.3762073517e+01
    2.0329892635e-02    2.3764434814e+01
    2.0339624956e-02    2.3766616821e+01
    2.0349357277e-02    2.3768760681e+01
    2.0359737799e-02    2.3771005630e+01
    2.0369470119e-02    2.3773067474e+01
    2.0379850641e-02    2.3775213242e+01
    2.0389582962e-02    2.3777175903e+01
    2.0399965346e-02    2.3779209137e+01
    2.0409697667e-02    2.3781057358e+01
    2.0419429988e-02    2.3782848358e+01
    2.0429810509e-02    2.3784692764e+01
    2.0439542830e-02    2.3786357880e+01
    2.0449923351e-02    2.3788061142e+01
    2.0459655672e-02    2.3789588928e+01
    2.0469387993e-02    2.3791046143e+01
    2.0479768515e-02    2.3792520523e+01
    2.0489500836e-02    2.3793825150e+01
    2.0499881357e-02    2.3795137405e+01
    2.0509613678e-02    2.3796289444e+01
    2.0519996062e-02    2.3797435760e+01
    2.0529728383e-02    2.3798429489e+01
    2.0539460704e-02    2.3799345016e+01
    2.0549841225e-02    2.3800224304e+01
    2.0559573546e-02    2.3800956726e+01
    2.0569954067e-02    2.3801631927e+01
    2.0579686388e-02    2.3802162170e+01
    2.0589418709e-02    2.3802595139e+01
    2.0599799231e-02    2.3802957535e+01
    2.0609531552e-02    2.3803224564e+01
    2.0619912073e-02    2.3803474426e+01
    2.0629644394e-02    2.3803705215e+01
    2.0639376715e-02    2.3803955078e+01
    2.0649759099e-02    2.3804235458e+01
    2.0659491420e-02    2.3804502487e+01
    2.0669871941e-02    2.3804780960e+01
    2.0679734647e-02    2.3805032730e+01
    2.0689960569e-02    2.3805280685e+01
    2.0699504763e-02    2.3805505753e+01
    2.0709730685e-02    2.3805744171e+01
    2.0719954744e-02    2.3805988312e+01
    2.0729498938e-02    2.3806219101e+01
    2.0739724860e-02    2.3806472778e+01
    2.0749950781e-02    2.3806730270e+01
    2.0759493113e-02    2.3806972504e+01
    2.0769719034e-02    2.3807239532e+01
    2.0779944956e-02    2.3807516098e+01
    2.0789489150e-02    2.3807781219e+01
    2.0799713209e-02    2.3808078766e+01
    2.0809939131e-02    2.3808383942e+01
    2.0819483325e-02    2.3808675766e+01
    2.0829709247e-02    2.3808994293e+01
    2.0839933306e-02    2.3809312820e+01
    2.0849477500e-02    2.3809610367e+01
    2.0859703422e-02    2.3809932709e+01
    2.0869929343e-02    2.3810258865e+01
    2.0879471675e-02    2.3810562134e+01
    2.0889697596e-02    2.3810880661e+01
    2.0899923518e-02    2.3811189651e+01
    2.0909467712e-02    2.3811475754e+01
    2.0919691771e-02    2.3811796188e+01
    2.0929917693e-02    2.3812135696e+01
    2.0939461887e-02    2.3812473297e+01
    2.0949687809e-02    2.3812852859e+01
    2.0959911868e-02    2.3813243866e+01
    2.0969456062e-02    2.3813608170e+01
    2.0979681984e-02    2.3813985825e+01
    2.0989907905e-02    2.3814344406e+01
    2.0999450237e-02    2.3814661026e+01
    2.1009676158e-02    2.3814983368e+01
    2.1019902080e-02    2.3815298080e+01
    2.1029446274e-02    2.3815586090e+01
    2.1039215848e-02    2.3815877914e+01
    2.1049309522e-02    2.3816173553e+01
    2.1059401333e-02    2.3816459656e+01
    2.1069493145e-02    2.3816734314e+01
    2.1079586819e-02    2.3816991806e+01
    2.1089678630e-02    2.3817241669e+01
    2.1099772304e-02    2.3817489624e+01
    2.1109864116e-02    2.3817743301e+01
    2.1119957790e-02    2.3818002701e+01
    2.1129133180e-02    2.3818241119e+01
    2.1139224991e-02    2.3818510056e+01
    2.1149495617e-02    2.3818784714e+01
    2.1159876138e-02    2.3819065094e+01
    2.1169608459e-02    2.3819318771e+01
    2.1179988980e-02    2.3819580078e+01
    2.1189721301e-02    2.3819816589e+01
    2.1199453622e-02    2.3820045471e+01
    2.1209834144e-02    2.3820285797e+01
    2.1219566464e-02    2.3820512772e+01
    2.1229946986e-02    2.3820760727e+01
    2.1239679307e-02    2.3820995331e+01
    2.1249411628e-02    2.3821237564e+01
    2.1259794012e-02    2.3821500778e+01
    2.1269526333e-02    2.3821750641e+01
    2.1279906854e-02    2.3822017670e+01
    2.1289639175e-02    2.3822267532e+01
    2.1299371496e-02    2.3822525024e+01
    2.1309752017e-02    2.3822807312e+01
    2.1319484338e-02    2.3823078156e+01
    2.1329864860e-02    2.3823364258e+01
    2.1339597180e-02    2.3823627472e+01
    2.1349977702e-02    2.3823898315e+01
    2.1359710023e-02    2.3824144363e+01
    2.1369442344e-02    2.3824382782e+01
    2.1379824728e-02    2.3824634552e+01
    2.1389557049e-02    2.3824871063e+01
    2.1399937570e-02    2.3825124741e+01
    2.1409669891e-02    2.3825363159e+01
    2.1419402212e-02    2.3825599670e+01
    2.1429782733e-02    2.3825843811e+01
    2.1439515054e-02    2.3826061249e+01
    2.1449895576e-02    2.3826286316e+01
    2.1459627897e-02    2.3826492310e+01
    2.1469360217e-02    2.3826698303e+01
    2.1479740739e-02    2.3826917648e+01
    2.1489473060e-02    2.3827123642e+01
    2.1499855444e-02    2.3827339172e+01
    2.1509587765e-02    2.3827535629e+01
    2.1519968286e-02    2.3827739716e+01
    2.1529700607e-02    2.3827926636e+01
    2.1539432928e-02    2.3828113556e+01
    2.1549813449e-02    2.3828315735e+01
    2.1559545770e-02    2.3828510284e+01
    2.1569926292e-02    2.3828722000e+01
    2.1579658613e-02    2.3828929901e+01
    2.1589390934e-02    2.3829145432e+01
    2.1599771455e-02    2.3829383850e+01
    2.1609503776e-02    2.3829608917e+01
    2.1619886160e-02    2.3829853058e+01
    2.1629618481e-02    2.3830081940e+01
    2.1639999002e-02    2.3830327988e+01
    2.1649731323e-02    2.3830564499e+01
    2.1659463644e-02    2.3830804825e+01
    2.1669844165e-02    2.3831069946e+01
    2.1679576486e-02    2.3831329346e+01
    2.1689957008e-02    2.3831613541e+01
    2.1699689329e-02    2.3831892014e+01
    2.1709421650e-02    2.3832178116e+01
    2.1719802171e-02    2.3832492828e+01
    2.1729534492e-02    2.3832796097e+01
    2.1739916876e-02    2.3833122253e+01
    2.1749649197e-02    2.3833431244e+01
    2.1759381518e-02    2.3833740234e+01
    2.1769762039e-02    2.3834075928e+01
    2.1779494360e-02    2.3834394455e+01
    2.1789874882e-02    2.3834737778e+01
    2.1799607202e-02    2.3835062027e+01
    2.1809987724e-02    2.3835411072e+01
    2.1819720045e-02    2.3835739136e+01
    2.1829452366e-02    2.3836067200e+01
    2.1839832887e-02    2.3836418152e+01
    2.1849565208e-02    2.3836746216e+01
    2.1859947592e-02    2.3837097168e+01
    2.1869679913e-02    2.3837427139e+01
    2.1879412234e-02    2.3837757111e+01
    2.1889792755e-02    2.3838109970e+01
    2.1899525076e-02    2.3838439941e+01
    2.1909905598e-02    2.3838792801e+01
    2.1919637918e-02    2.3839124680e+01
    2.1929370239e-02    2.3839460373e+01
    2.1939750761e-02    2.3839820862e+01
    2.1949483082e-02    2.3840164185e+01
    2.1959863603e-02    2.3840534210e+01
    2.1969595924e-02    2.3840885162e+01
    2.1979978308e-02    2.3841268539e+01
    2.1989710629e-02    2.3841634750e+01
    2.1999442950e-02    2.3842012405e+01
    2.2009823471e-02    2.3842424393e+01
    2.2019555792e-02    2.3842823029e+01
    2.2029936314e-02    2.3843257904e+01
    2.2039668635e-02    2.3843671799e+01
    2.2049400955e-02    2.3844093323e+01
    2.2059781477e-02    2.3844549179e+01
    2.2069513798e-02    2.3844982147e+01
    2.2079894319e-02    2.3845451355e+01
    2.2089626640e-02    2.3845901489e+01
    2.2099358961e-02    2.3846359253e+01
    2.2109741345e-02    2.3846855164e+01
    2.2119473666e-02    2.3847330093e+01
    2.2129854187e-02    2.3847845078e+01
    2.2139586508e-02    2.3848333359e+01
    2.2149967030e-02    2.3848863602e+01
    2.2159699351e-02    2.3849367142e+01
    2.2169431672e-02    2.3849878311e+01
    2.2179812193e-02    2.3850435257e+01
    2.2189544514e-02    2.3850965500e+01
    2.2199926898e-02    2.3851541519e+01
    2.2209657356e-02    2.3852090836e+01
    2.2219389677e-02    2.3852649689e+01
    2.2229772061e-02    2.3853256226e+01
    2.2239504382e-02    2.3853836060e+01
    2.2249884903e-02    2.3854463577e+01
    2.2259617224e-02    2.3855062485e+01
    2.2269997746e-02    2.3855712891e+01
    2.2279730067e-02    2.3856334686e+01
    2.2289462388e-02    2.3856967926e+01
    2.2299842909e-02    2.3857660294e+01
    2.2309575230e-02    2.3858324051e+01
    2.2319957614e-02    2.3859050751e+01
    2.2329688072e-02    2.3859743118e+01
    2.2339420393e-02    2.3860450745e+01
    2.2349802777e-02    2.3861217499e+01
    2.2359535098e-02    2.3861948013e+01
    2.2369915619e-02    2.3862741470e+01
    2.2379647940e-02    2.3863496780e+01
    2.2389380261e-02    2.3864267349e+01
    2.2399760783e-02    2.3865102768e+01
    2.2409493104e-02    2.3865900040e+01
    2.2419873625e-02    2.3866764069e+01
    2.2429605946e-02    2.3867588043e+01
    2.2439988330e-02    2.3868480682e+01
    2.2449718788e-02    2.3869331360e+01
    2.2459451109e-02    2.3870193481e+01
    2.2469833493e-02    2.3871126175e+01
    2.2479565814e-02    2.3872011185e+01
    2.2489946336e-02    2.3872968674e+01
    2.2499678656e-02    2.3873878479e+01
    2.2509410977e-02    2.3874799728e+01
    2.2519791499e-02    2.3875795364e+01
    2.2529523820e-02    2.3876741409e+01
    2.2539904341e-02    2.3877765656e+01
    2.2549636662e-02    2.3878742218e+01
    2.2559368983e-02    2.3879732132e+01
    2.2569751367e-02    2.3880809784e+01
    2.2579481825e-02    2.3881835938e+01
    2.2589864209e-02    2.3882951736e+01
    2.2599596530e-02    2.3884016037e+01
    2.2609977052e-02    2.3885171890e+01
    2.2619709373e-02    2.3886274338e+01
    2.2629441693e-02    2.3887397766e+01
    2.2639822215e-02    2.3888616562e+01
    2.2649554536e-02    2.3889778137e+01
    2.2659935057e-02    2.3891036987e+01
    2.2669667378e-02    2.3892232895e+01
    2.2679399699e-02    2.3893442154e+01
    2.2689782083e-02    2.3894742966e+01
    2.2699512541e-02    2.3895975113e+01
    2.2709894925e-02    2.3897298813e+01
    2.2719627246e-02    2.3898548126e+01
    2.2729359567e-02    2.3899805069e+01
    2.2739740089e-02    2.3901155472e+01
    2.2749472409e-02    2.3902433395e+01
    2.2759852931e-02    2.3903810501e+01
    2.2769585252e-02    2.3905115128e+01
    2.2779965773e-02    2.3906522751e+01
    2.2789698094e-02    2.3907857895e+01
    2.2799430415e-02    2.3909210205e+01
    2.2809812799e-02    2.3910669327e+01
    2.2819543257e-02    2.3912054062e+01
    2.2829925641e-02    2.3913549423e+01
    2.2839657962e-02    2.3914966583e+01
    2.2849390283e-02    2.3916400909e+01
    2.2859770805e-02    2.3917955399e+01
    2.2869503126e-02    2.3919439316e+01
    2.2879883647e-02    2.3921051025e+01
    2.2889615968e-02    2.3922592163e+01
    2.2899996489e-02    2.3924263000e+01
    2.2909728810e-02    2.3925855637e+01
    2.2919461131e-02    2.3927469254e+01
    2.2929843515e-02    2.3929214478e+01
    2.2939575836e-02    2.3930868149e+01
    2.2949956357e-02    2.3932651520e+01
    2.2959688678e-02    2.3934341431e+01
    2.2969420999e-02    2.3936046600e+01
    2.2979801521e-02    2.3937889099e+01
    2.2989533842e-02    2.3939636230e+01
    2.2999914363e-02    2.3941526413e+01
    2.3009646684e-02    2.3943321228e+01
    2.3019379005e-02    2.3945138931e+01
    2.3029759526e-02    2.3947099686e+01
    2.3039491847e-02    2.3948957443e+01
    2.3049874231e-02    2.3950956345e+01
    2.3059606552e-02    2.3952848434e+01
    2.3069987074e-02    2.3954879761e+01
    2.3079719394e-02    2.3956796646e+01
    2.3089451715e-02    2.3958723068e+01
    2.3099832237e-02    2.3960788727e+01
    2.3109564558e-02    2.3962730408e+01
    2.3119945079e-02    2.3964809418e+01
    2.3129677400e-02    2.3966762543e+01
    2.3139409721e-02    2.3968717575e+01
    2.3149790242e-02    2.3970808029e+01
    2.3159522563e-02    2.3972772598e+01
    2.3169904947e-02    2.3974878311e+01
    2.3179637268e-02    2.3976860046e+01
    2.3189367726e-02    2.3978857040e+01
    2.3199750111e-02    2.3981004715e+01
    2.3209482431e-02    2.3983032227e+01
    2.3219862953e-02    2.3985214233e+01
    2.3229595274e-02    2.3987274170e+01
    2.3239975795e-02    2.3989486694e+01
    2.3249095306e-02    2.3991439819e+01
    2.3259365931e-02    2.3993650436e+01
    2.3269746453e-02    2.3995891571e+01
    2.3279478773e-02    2.3998003006e+01
    2.3289859295e-02    2.4000259399e+01
    2.3299358785e-02    2.4002328873e+01
    2.3309800774e-02    2.4004606247e+01
    2.3319533095e-02    2.4006729126e+01
    2.3329263553e-02    2.4008850098e+01
    2.3338995874e-02    2.4010969162e+01
    2.3349942639e-02    2.4013349533e+01
    2.3359674960e-02    2.4015462875e+01
    2.3369405419e-02    2.4017570496e+01
    2.3379137740e-02    2.4019674301e+01
    2.3388868198e-02    2.4021772385e+01
    2.3399816826e-02    2.4024129868e+01
    2.3409547284e-02    2.4026220322e+01
    2.3419279605e-02    2.4028306961e+01
    2.3429010063e-02    2.4030391693e+01
    2.3439958692e-02    2.4032730103e+01
    2.3449689150e-02    2.4034803391e+01
    2.3459419608e-02    2.4036870956e+01
    2.3469151929e-02    2.4038930893e+01
    2.3478882387e-02    2.4040983200e+01
    2.3489831015e-02    2.4043277740e+01
    2.3499561474e-02    2.4045305252e+01
    2.3509293795e-02    2.4047319412e+01
    2.3519024253e-02    2.4049318314e+01
    2.3529971018e-02    2.4051546097e+01
    2.3539703339e-02    2.4053508759e+01
    2.3549433798e-02    2.4055456161e+01
    2.3559166119e-02    2.4057388306e+01
    2.3568896577e-02    2.4059309006e+01
    2.3579843342e-02    2.4061456680e+01
    2.3589575663e-02    2.4063360214e+01
    2.3599306121e-02    2.4065259933e+01
    2.3609036580e-02    2.4067157745e+01
    2.3619985208e-02    2.4069293976e+01
    2.3629715666e-02    2.4071193695e+01
    2.3639447987e-02    2.4073095322e+01
    2.3649178445e-02    2.4074998856e+01
    2.3658908904e-02    2.4076904297e+01
    2.3669857532e-02    2.4079048157e+01
    2.3679587990e-02    2.4080955505e+01
    2.3689318448e-02    2.4082860947e+01
    2.3699050769e-02    2.4084766388e+01
    2.3709997535e-02    2.4086908340e+01
    2.3719727993e-02    2.4088813782e+01
    2.3729458451e-02    2.4090717316e+01
    2.3739190772e-02    2.4092620850e+01
    2.3748921230e-02    2.4094524384e+01
    2.3759867996e-02    2.4096668243e+01
    2.3769600317e-02    2.4098575592e+01
    2.3779330775e-02    2.4100486755e+01
    2.3789061233e-02    2.4102397919e+01
    2.3798791692e-02    2.4104312897e+01
    2.3809740320e-02    2.4106470108e+01
    2.3819470778e-02    2.4108390808e+01
    2.3829201236e-02    2.4110313416e+01
    2.3838933557e-02    2.4112239838e+01
    2.3849880323e-02    2.4114408493e+01
    2.3859610781e-02    2.4116336823e+01
    2.3869341239e-02    2.4118265152e+01
    2.3879073560e-02    2.4120195389e+01
    2.3888804018e-02    2.4122123718e+01
    2.3899750784e-02    2.4124288559e+01
    2.3909483105e-02    2.4126211166e+01
    2.3919213563e-02    2.4128128052e+01
    2.3928944021e-02    2.4130037308e+01
    2.3939890787e-02    2.4132177353e+01
    2.3949623108e-02    2.4134071350e+01
    2.3959353566e-02    2.4135955811e+01
    2.3969084024e-02    2.4137834549e+01
    2.3978816345e-02    2.4139705658e+01
    2.3989763111e-02    2.4141803741e+01
    2.3999493569e-02    2.4143665314e+01
    2.4009224027e-02    2.4145523071e+01
    2.4018956348e-02    2.4147378922e+01
    2.4029903114e-02    2.4149467468e+01
    2.4039633572e-02    2.4151327133e+01
    2.4049365893e-02    2.4153188705e+01
    2.4059096351e-02    2.4155056000e+01
    2.4068826810e-02    2.4156929016e+01
    2.4079773575e-02    2.4159046173e+01
    2.4089505896e-02    2.4160938263e+01
    2.4099236354e-02    2.4162843704e+01
    2.4108966812e-02    2.4164762497e+01
    2.4119915441e-02    2.4166942596e+01
    2.4129645899e-02    2.4168901443e+01
    2.4139376357e-02    2.4170885086e+01
    2.4149108678e-02    2.4172897339e+01
    2.4158839136e-02    2.4174940109e+01
    2.4169785902e-02    2.4177280426e+01
    2.4179518223e-02    2.4179399490e+01
    2.4189248681e-02    2.4181560516e+01
    2.4198979139e-02    2.4183765411e+01
    2.4209927768e-02    2.4186300278e+01
    2.4219658226e-02    2.4188602448e+01
    2.4229388684e-02    2.4190950394e+01
    2.4239121005e-02    2.4193347931e+01
    2.4248851463e-02    2.4195795059e+01
    2.4259798229e-02    2.4198602676e+01
    2.4269530550e-02    2.4201148987e+01
    2.4279261008e-02    2.4203741074e+01
    2.4288991466e-02    2.4206378937e+01
    2.4299940094e-02    2.4209396362e+01
    2.4309670553e-02    2.4212125778e+01
    2.4319402874e-02    2.4214895248e+01
    2.4329133332e-02    2.4217704773e+01
    2.4338863790e-02    2.4220552444e+01
    2.4349812418e-02    2.4223800659e+01
    2.4359542876e-02    2.4226726532e+01
    2.4369273335e-02    2.4229686737e+01
    2.4379005656e-02    2.4232679367e+01
    2.4389952421e-02    2.4236083984e+01
    2.4399682879e-02    2.4239139557e+01
    2.4409413338e-02    2.4242223740e+01
    2.4419143796e-02    2.4245328903e+01
    2.4428876117e-02    2.4248456955e+01
    2.4439822882e-02    2.4251995087e+01
    2.4449553341e-02    2.4255153656e+01
    2.4459283799e-02    2.4258323669e+01
    2.4469014257e-02    2.4261497498e+01
    2.4479961023e-02    2.4265075684e+01
    2.4489691481e-02    2.4268253326e+01
    2.4499423802e-02    2.4271430969e+01
    2.4509154260e-02    2.4274604797e+01
    2.4518884718e-02    2.4277770996e+01
    2.4529831484e-02    2.4281326294e+01
    2.4539561942e-02    2.4284477234e+01
    2.4549292400e-02    2.4287620544e+01
    2.4559022859e-02    2.4290756226e+01
    2.4569967762e-02    2.4294275284e+01
    2.4579698220e-02    2.4297393799e+01
    2.4589428678e-02    2.4300506592e+01
    2.4599159136e-02    2.4303611755e+01
    2.4608889595e-02    2.4306713104e+01
    2.4619836360e-02    2.4310192108e+01
    2.4629566818e-02    2.4313278198e+01
    2.4639295414e-02    2.4316356659e+01
    2.4649025872e-02    2.4319429398e+01
    2.4659972638e-02    2.4322879791e+01
    2.4669703096e-02    2.4325937271e+01
    2.4679433554e-02    2.4328987122e+01
    2.4689162150e-02    2.4332027435e+01
    2.4698892608e-02    2.4335062027e+01
    2.4709839374e-02    2.4338464737e+01
    2.4719567969e-02    2.4341480255e+01
    2.4729298428e-02    2.4344486237e+01
    2.4739028886e-02    2.4347482681e+01
    2.4749973789e-02    2.4350839615e+01
    2.4759704247e-02    2.4353813171e+01
    2.4769434705e-02    2.4356773376e+01
    2.4779163301e-02    2.4359720230e+01
    2.4788893759e-02    2.4362651825e+01
    2.4799838662e-02    2.4365928650e+01
    2.4809569120e-02    2.4368822098e+01
    2.4819297716e-02    2.4371690750e+01
    2.4829028174e-02    2.4374538422e+01
    2.4839974940e-02    2.4377708435e+01
    2.4849703535e-02    2.4380495071e+01
    2.4859433994e-02    2.4383251190e+01
    2.4869162589e-02    2.4385974884e+01
    2.4878893048e-02    2.4388664246e+01
    2.4889837950e-02    2.4391645432e+01
    2.4899568409e-02    2.4394254684e+01
    2.4909297004e-02    2.4396825790e+01
    2.4919027463e-02    2.4399356842e+01
    2.4929972365e-02    2.4402154922e+01
    2.4939702824e-02    2.4404598236e+01
    2.4949431419e-02    2.4407001495e+01
    2.4959161878e-02    2.4409362793e+01
    2.4968890473e-02    2.4411682129e+01
    2.4979837239e-02    2.4414243698e+01
    2.4989565834e-02    2.4416477203e+01
    2.4999294430e-02    2.4418672562e+01
    2.5009024888e-02    2.4420829773e+01
    2.5019969791e-02    2.4423212051e+01
    2.5029700249e-02    2.4425292969e+01
    2.5039428845e-02    2.4427335739e+01
    2.5049159303e-02    2.4429346085e+01
    2.5058887899e-02    2.4431322098e+01
    2.5069834664e-02    2.4433506012e+01
    2.5079563260e-02    2.4435415268e+01
    2.5089293718e-02    2.4437292099e+01
    2.5099022314e-02    2.4439140320e+01
    2.5109967217e-02    2.4441183090e+01
    2.5119697675e-02    2.4442972183e+01
    2.5129426271e-02    2.4444732666e+01
    2.5139156729e-02    2.4446470261e+01
    2.5148885325e-02    2.4448181152e+01
    2.5159832090e-02    2.4450080872e+01
    2.5169560686e-02    2.4451747894e+01
    2.5179291144e-02    2.4453393936e+01
    2.5189019740e-02    2.4455020905e+01
    2.5199966505e-02    2.4456832886e+01
    2.5209695101e-02    2.4458423615e+01
    2.5219425559e-02    2.4460000992e+01
    2.5229154155e-02    2.4461565018e+01
    2.5238884613e-02    2.4463113785e+01
    2.5249829516e-02    2.4464845657e+01
    2.5259559974e-02    2.4466371536e+01
    2.5269288570e-02    2.4467891693e+01
    2.5279019028e-02    2.4469402313e+01
    2.5289963931e-02    2.4471096039e+01
    2.5299694389e-02    2.4472599030e+01
    2.5309422985e-02    2.4474098206e+01
    2.5319153443e-02    2.4475599289e+01
    2.5328882039e-02    2.4477102280e+01
    2.5339828804e-02    2.4478797913e+01
    2.5349557400e-02    2.4480312347e+01
    2.5359287858e-02    2.4481834412e+01
    2.5369016454e-02    2.4483366013e+01
    2.5379963219e-02    2.4485101700e+01
    2.5389691815e-02    2.4486656189e+01
    2.5399422273e-02    2.4488224030e+01
    2.5409152731e-02    2.4489805222e+01
    2.5418881327e-02    2.4491399765e+01
    2.5429828092e-02    2.4493211746e+01
    2.5439556688e-02    2.4494836807e+01
    2.5449287146e-02    2.4496475220e+01
    2.5459015742e-02    2.4498126984e+01
    2.5469962507e-02    2.4500001907e+01
    2.5479691103e-02    2.4501682281e+01
    2.5489421561e-02    2.4503374100e+01
    2.5499152020e-02    2.4505077362e+01
    2.5508880615e-02    2.4506790161e+01
    2.5519827381e-02    2.4508729935e+01
    2.5529555976e-02    2.4510465622e+01
    2.5539286435e-02    2.4512207031e+01
    2.5549015030e-02    2.4513956070e+01
    2.5559961796e-02    2.4515930176e+01
    2.5569690391e-02    2.4517692566e+01
    2.5579420850e-02    2.4519456863e+01
    2.5589151308e-02    2.4521224976e+01
    2.5598879904e-02    2.4522994995e+01
    2.5609826669e-02    2.4524988174e+01
    2.5619555265e-02    2.4526760101e+01
    2.5629285723e-02    2.4528533936e+01
    2.5639014319e-02    2.4530307770e+01
    2.5649961084e-02    2.4532302856e+01
    2.5659689680e-02    2.4534078598e+01
    2.5669420138e-02    2.4535854340e+01
    2.5679148734e-02    2.4537633896e+01
    2.5688879192e-02    2.4539415359e+01
    2.5699825957e-02    2.4541425705e+01
    2.5709554553e-02    2.4543222427e+01
    2.5719285011e-02    2.4545024872e+01
    2.5729013607e-02    2.4546840668e+01
    2.5739960372e-02    2.4548898697e+01
    2.5749688968e-02    2.4550743103e+01
    2.5759419426e-02    2.4552606583e+01
    2.5769148022e-02    2.4554489136e+01
    2.5778878480e-02    2.4556394577e+01
    2.5789823383e-02    2.4558565140e+01
    2.5799553841e-02    2.4560522079e+01
    2.5809282437e-02    2.4562505722e+01
    2.5819012895e-02    2.4564517975e+01
    2.5829957798e-02    2.4566816330e+01
    2.5839688256e-02    2.4568891525e+01
    2.5849416852e-02    2.4570999146e+01
    2.5859147310e-02    2.4573139191e+01
    2.5868875906e-02    2.4575313568e+01
    2.5879820809e-02    2.4577800751e+01
    2.5889551267e-02    2.4580051422e+01
    2.5899279863e-02    2.4582340240e+01
    2.5909010321e-02    2.4584669113e+01
    2.5919955224e-02    2.4587335587e+01
    2.5929685682e-02    2.4589750290e+01
    2.5939414278e-02    2.4592208862e+01
    2.5949144736e-02    2.4594711304e+01
    2.5958873332e-02    2.4597259521e+01
    2.5969820097e-02    2.4600181580e+01
    2.5979548693e-02    2.4602827072e+01
    2.5989277288e-02    2.4605520248e+01
    2.5999007747e-02    2.4608261108e+01
    2.6009952649e-02    2.4611400604e+01
    2.6019683108e-02    2.4614242554e+01
    2.6029411703e-02    2.4617130280e+01
    2.6039142162e-02    2.4620067596e+01
    2.6048870757e-02    2.4623048782e+01
    2.6059817523e-02    2.4626461029e+01
    2.6069546118e-02    2.4629543304e+01
    2.6079276577e-02    2.4632671356e+01
    2.6089005172e-02    2.4635845184e+01
    2.6099950075e-02    2.4639471054e+01
    2.6109680533e-02    2.4642745972e+01
    2.6119409129e-02    2.4646064758e+01
    2.6129139587e-02    2.4649431229e+01
    2.6138868183e-02    2.4652845383e+01
    2.6149814948e-02    2.4656742096e+01
    2.6159543544e-02    2.4660253525e+01
    2.6169274002e-02    2.4663812637e+01
    2.6179002598e-02    2.4667417526e+01
    2.6189949363e-02    2.4671525955e+01
    2.6199677959e-02    2.4675226212e+01
    2.6209408417e-02    2.4678970337e+01
    2.6219137013e-02    2.4682754517e+01
    2.6228867471e-02    2.4686582565e+01
    2.6239812374e-02    2.4690937042e+01
    2.6249542832e-02    2.4694849014e+01
    2.6259271428e-02    2.4698799133e+01
    2.6269001886e-02    2.4702787399e+01
    2.6279948652e-02    2.4707319260e+01
    2.6289677247e-02    2.4711383820e+01
    2.6299407706e-02    2.4715484619e+01
    2.6309136301e-02    2.4719617844e+01
    2.6318866760e-02    2.4723787308e+01
    2.6329811662e-02    2.4728517532e+01
    2.6339542121e-02    2.4732757568e+01
    2.6349272579e-02    2.4737030029e+01
    2.6359001175e-02    2.4741334915e+01
    2.6369947940e-02    2.4746215820e+01
    2.6379678398e-02    2.4750587463e+01
    2.6389406994e-02    2.4754993439e+01
    2.6399137452e-02    2.4759428024e+01
    2.6408867911e-02    2.4763896942e+01
    2.6419812813e-02    2.4768960953e+01
    2.6429543272e-02    2.4773494720e+01
    2.6439273730e-02    2.4778060913e+01
    2.6449002326e-02    2.4782659531e+01
    2.6459949091e-02    2.4787870407e+01
    2.6469679549e-02    2.4792537689e+01
    2.6479410008e-02    2.4797237396e+01
    2.6489138603e-02    2.4801969528e+01
    2.6498869061e-02    2.4806735992e+01
    2.6509815827e-02    2.4812137604e+01
    2.6519546285e-02    2.4816974640e+01
    2.6529276744e-02    2.4821847916e+01
    2.6539007202e-02    2.4826757431e+01
    2.6549952105e-02    2.4832323074e+01
    2.6559682563e-02    2.4837308884e+01
    2.6569413021e-02    2.4842332840e+01
    2.6579143479e-02    2.4847396851e+01
    2.6588873938e-02    2.4852499008e+01
    2.6599820703e-02    2.4858285904e+01
    2.6609551162e-02    2.4863475800e+01
    2.6619281620e-02    2.4868707657e+01
    2.6629012078e-02    2.4873983383e+01
    2.6639958844e-02    2.4879972458e+01
    2.6649689302e-02    2.4885345459e+01
    2.6659419760e-02    2.4890764236e+01
    2.6669150218e-02    2.4896232605e+01
    2.6678880677e-02    2.4901750565e+01
    2.6689827442e-02    2.4908018112e+01
    2.6699557900e-02    2.4913644791e+01
    2.6709288359e-02    2.4919321060e+01
    2.6719018817e-02    2.4925052643e+01
    2.6729965582e-02    2.4931562424e+01
    2.6739696041e-02    2.4937404633e+01
    2.6749426499e-02    2.4943302155e+01
    2.6759156957e-02    2.4949251175e+01
    2.6768889278e-02    2.4955255508e+01
    2.6779836044e-02    2.4962070465e+01
    2.6789566502e-02    2.4968185425e+01
    2.6799296960e-02    2.4974351883e+01
    2.6809027418e-02    2.4980569839e+01
    2.6819976047e-02    2.4987623215e+01
    2.6829706505e-02    2.4993946075e+01
    2.6839436963e-02    2.5000316620e+01
    2.6849167421e-02    2.5006736755e+01
    2.6858899742e-02    2.5013202667e+01
    2.6869846508e-02    2.5020530701e+01
    2.6879576966e-02    2.5027091980e+01
    2.6889309287e-02    2.5033697128e+01
    2.6899039745e-02    2.5040344238e+01
    2.6909986511e-02    2.5047870636e+01
    2.6919718832e-02    2.5054603577e+01
    2.6929449290e-02    2.5061374664e+01
    2.6939179748e-02    2.5068183899e+01
    2.6948912069e-02    2.5075027466e+01
    2.6959858835e-02    2.5082765579e+01
    2.6969589293e-02    2.5089679718e+01
    2.6979321614e-02    2.5096622467e+01
    2.6989052072e-02    2.5103595734e+01
    2.6998782530e-02    2.5110593796e+01
    2.7009731159e-02    2.5118497849e+01
    2.7019461617e-02    2.5125549316e+01
    2.7029192075e-02    2.5132621765e+01
    2.7038924396e-02    2.5139717102e+01
    2.7049871162e-02    2.5147722244e+01
    2.7059601620e-02    2.5154857635e+01
    2.7069333941e-02    2.5162010193e+01
    2.7079064399e-02    2.5169181824e+01
    2.7088794857e-02    2.5176368713e+01
    2.7099743485e-02    2.5184471130e+01
    2.7109473944e-02    2.5191688538e+01
    2.7119204402e-02    2.5198921204e+01
    2.7128934860e-02    2.5206167221e+01
    2.7139883488e-02    2.5214332581e+01
    2.7149613947e-02    2.5221603394e+01
    2.7159344405e-02    2.5228885651e+01
    2.7169076726e-02    2.5236175537e+01
    2.7178807184e-02    2.5243476868e+01
    2.7189753950e-02    2.5251697540e+01
    2.7199486271e-02    2.5259014130e+01
    2.7209216729e-02    2.5266336441e+01
    2.7218947187e-02    2.5273664474e+01
    2.7229895815e-02    2.5281911850e+01
    2.7239626274e-02    2.5289249420e+01
    2.7249356732e-02    2.5296588898e+01
    2.7259089053e-02    2.5303932190e+01
    2.7268819511e-02    2.5311279297e+01
    2.7279766276e-02    2.5319547653e+01
    2.7289498597e-02    2.5326900482e+01
    2.7299229056e-02    2.5334257126e+01
    2.7308959514e-02    2.5341615677e+01
    2.7319908142e-02    2.5349901199e+01
    2.7329638600e-02    2.5357269287e+01
    2.7339369059e-02    2.5364643097e+01
    2.7349101380e-02    2.5372020721e+01
    2.7358831838e-02    2.5379404068e+01
    2.7369778603e-02    2.5387718201e+01
    2.7379510924e-02    2.5395116806e+01
    2.7389241382e-02    2.5402519226e+01
    2.7398971841e-02    2.5409931183e+01
    2.7409920469e-02    2.5418277740e+01
    2.7419650927e-02    2.5425703049e+01
    2.7429381385e-02    2.5433137894e+01
    2.7439113706e-02    2.5440580368e+01
    2.7448844165e-02    2.5448030472e+01
    2.7459790930e-02    2.5456422806e+01
    2.7469523251e-02    2.5463890076e+01
    2.7479253709e-02    2.5471366882e+01
    2.7488984168e-02    2.5478851318e+01
    2.7499932796e-02    2.5487281799e+01
    2.7509663254e-02    2.5494785309e+01
    2.7519395575e-02    2.5502296448e+01
    2.7529126033e-02    2.5509815216e+01
    2.7538856491e-02    2.5517343521e+01
    2.7549805120e-02    2.5525823593e+01
    2.7559535578e-02    2.5533369064e+01
    2.7569266036e-02    2.5540922165e+01
    2.7578998357e-02    2.5548482895e+01
    2.7589945123e-02    2.5556999207e+01
    2.7599677444e-02    2.5564575195e+01
    2.7609407902e-02    2.5572158813e+01
    2.7619138360e-02    2.5579751968e+01
    2.7628870681e-02    2.5587350845e+01
    2.7639817446e-02    2.5595911026e+01
    2.7649549767e-02    2.5603528976e+01
    2.7659280226e-02    2.5611154556e+01
    2.7669010684e-02    2.5618791580e+01
    2.7679959312e-02    2.5627393723e+01
    2.7689689770e-02    2.5635049820e+01
    2.7699422091e-02    2.5642719269e+01
    2.7709152550e-02    2.5650398254e+01
    2.7718883008e-02    2.5658088684e+01
    2.7729831636e-02    2.5666755676e+01
    2.7739562094e-02    2.5674468994e+01
    2.7749294415e-02    2.5682195663e+01
    2.7759024873e-02    2.5689931870e+01
    2.7769973502e-02    2.5698648453e+01
    2.7779703960e-02    2.5706403732e+01
    2.7789434418e-02    2.5714166641e+01
    2.7799166739e-02    2.5721937180e+01
    2.7808897197e-02    2.5729709625e+01
    2.7819845825e-02    2.5738456726e+01
    2.7829576284e-02    2.5746232986e+01
    2.7839308605e-02    2.5754003525e+01
    2.7849039063e-02    2.5761770248e+01
    2.7859985828e-02    2.5770496368e+01
    2.7869718149e-02    2.5778238297e+01
    2.7879448608e-02    2.5785966873e+01
    2.7889180928e-02    2.5793674469e+01
    2.7898911387e-02    2.5801359177e+01
    2.7909860015e-02    2.5809972763e+01
    2.7919590473e-02    2.5817596436e+01
    2.7929320931e-02    2.5825185776e+01
    2.7939053252e-02    2.5832736969e+01
    2.7948783711e-02    2.5840248108e+01
    2.7959732339e-02    2.5848644257e+01
    2.7969462797e-02    2.5856054306e+01
    2.7979195118e-02    2.5863414764e+01
    2.7988925576e-02    2.5870719910e+01
    2.7999874204e-02    2.5878868103e+01
    2.8009604663e-02    2.5886049271e+01
    2.8019336984e-02    2.5893167496e+01
    2.8029067442e-02    2.5900218964e+01
    2.8038797900e-02    2.5907205582e+01
    2.8049746528e-02    2.5914983749e+01
    2.8059476987e-02    2.5921823502e+01
    2.8069209307e-02    2.5928590775e+01
    2.8078939766e-02    2.5935285568e+01
    2.8089888394e-02    2.5942726135e+01
    2.8099618852e-02    2.5949260712e+01
    2.8109351173e-02    2.5955718994e+01
    2.8119081631e-02    2.5962099075e+01
    2.8128813952e-02    2.5968399048e+01
    2.8139760718e-02    2.5975391388e+01
    2.8149491176e-02    2.5981521606e+01
    2.8159223497e-02    2.5987569809e+01
    2.8168953955e-02    2.5993534088e+01
    2.8179902583e-02    2.6000143051e+01
    2.8189633042e-02    2.6005928040e+01
    2.8199365363e-02    2.6011627197e+01
    2.8209095821e-02    2.6017238617e+01
    2.8218828142e-02    2.6022762299e+01
    2.8229774907e-02    2.6028869629e+01
    2.8239507228e-02    2.6034204483e+01
    2.8249237686e-02    2.6039447784e+01
    2.8258970007e-02    2.6044601440e+01
    2.8269916773e-02    2.6050287247e+01
    2.8279649094e-02    2.6055244446e+01
    2.8289379552e-02    2.6060108185e+01
    2.8299110010e-02    2.6064878464e+01
    2.8308842331e-02    2.6069555283e+01
    2.8319789097e-02    2.6074705124e+01
    2.8329521418e-02    2.6079181671e+01
    2.8339251876e-02    2.6083564758e+01
    2.8348984197e-02    2.6087854385e+01
    2.8359930962e-02    2.6092569351e+01
    2.8369663283e-02    2.6096660614e+01
    2.8379393741e-02    2.6100660324e+01
    2.8389126062e-02    2.6104568481e+01
    2.8398856521e-02    2.6108385086e+01
    2.8409805149e-02    2.6112575531e+01
    2.8419535607e-02    2.6116205215e+01
    2.8429267928e-02    2.6119750977e+01
    2.8438998386e-02    2.6123212814e+01
    2.8449947014e-02    2.6127008438e+01
    2.8459677473e-02    2.6130298615e+01
    2.8469409794e-02    2.6133510590e+01
    2.8479140252e-02    2.6136648178e+01
    2.8488872573e-02    2.6139713287e+01
    2.8499819338e-02    2.6143077850e+01
    2.8509551659e-02    2.6145996094e+01
    2.8519282117e-02    2.6148849487e+01
    2.8529014438e-02    2.6151639938e+01
    2.8539961204e-02    2.6154708862e+01
    2.8549693525e-02    2.6157373428e+01
    2.8559423983e-02    2.6159984589e+01
    2.8569156304e-02    2.6162542343e+01
    2.8578886762e-02    2.6165048599e+01
    2.8589835390e-02    2.6167812347e+01
    2.8599565849e-02    2.6170217514e+01
    2.8609298170e-02    2.6172578812e+01
    2.8619028628e-02    2.6174896240e+01
    2.8629977256e-02    2.6177453995e+01
    2.8639707714e-02    2.6179685593e+01
    2.8649440035e-02    2.6181877136e+01
    2.8659170493e-02    2.6184032440e+01
    2.8668902814e-02    2.6186149597e+01
    2.8679849580e-02    2.6188486099e+01
    2.8689581901e-02    2.6190526962e+01
    2.8699312359e-02    2.6192529678e+01
    2.8709044680e-02    2.6194498062e+01
    2.8719991446e-02    2.6196668625e+01
    2.8729723766e-02    2.6198558807e+01
    2.8739454225e-02    2.6200410843e+01
    2.8749413788e-02    2.6202268600e+01
    2.8759794310e-02    2.6204160690e+01
    2.8769526631e-02    2.6205894470e+01
    2.8779909015e-02    2.6207698822e+01
    2.8789639473e-02    2.6209346771e+01
    2.8799371794e-02    2.6210952759e+01
    2.8809754178e-02    2.6212615967e+01
    2.8819486499e-02    2.6214130402e+01
    2.8829867020e-02    2.6215692520e+01
    2.8839599341e-02    2.6217107773e+01
    2.8849979863e-02    2.6218564987e+01
    2.8859712183e-02    2.6219879150e+01
    2.8869444504e-02    2.6221141815e+01
    2.8879825026e-02    2.6222431183e+01
    2.8889557347e-02    2.6223585129e+01
    2.8899939731e-02    2.6224754333e+01
    2.8909670189e-02    2.6225793839e+01
    2.8919402510e-02    2.6226778030e+01
    2.8929784894e-02    2.6227764130e+01
    2.8939517215e-02    2.6228630066e+01
    2.8949897736e-02    2.6229490280e+01
    2.8959630057e-02    2.6230237961e+01
    2.8969362378e-02    2.6230926514e+01
    2.8979742900e-02    2.6231601715e+01
    2.8989475220e-02    2.6232173920e+01
    2.8999855742e-02    2.6232723236e+01
    2.9009588063e-02    2.6233179092e+01
    2.9019970447e-02    2.6233604431e+01
    2.9029702768e-02    2.6233942032e+01
    2.9039433226e-02    2.6234224319e+01
    2.9049815610e-02    2.6234460831e+01
    2.9059547931e-02    2.6234624863e+01
    2.9069928452e-02    2.6234735489e+01
    2.9079660773e-02    2.6234777451e+01
    2.9089393094e-02    2.6234760284e+01
    2.9099773616e-02    2.6234674454e+01
    2.9109505937e-02    2.6234531403e+01
    2.9119886458e-02    2.6234315872e+01
    2.9129618779e-02    2.6234054565e+01
    2.9139351100e-02    2.6233745575e+01
    2.9149733484e-02    2.6233366013e+01
    2.9159463942e-02    2.6232975006e+01
    2.9169846326e-02    2.6232524872e+01
    2.9179578647e-02    2.6232078552e+01
    2.9189959168e-02    2.6231584549e+01
    2.9199691489e-02    2.6231109619e+01
    2.9209423810e-02    2.6230623245e+01
    2.9219804332e-02    2.6230098724e+01
    2.9229536653e-02    2.6229602814e+01
    2.9239917174e-02    2.6229066849e+01
    2.9249649495e-02    2.6228563309e+01
    2.9259381816e-02    2.6228057861e+01
    2.9269764200e-02    2.6227514267e+01
    2.9279494658e-02    2.6227001190e+01
    2.9289877042e-02    2.6226451874e+01
    2.9299609363e-02    2.6225931168e+01
    2.9309989884e-02    2.6225374222e+01
    2.9319722205e-02    2.6224849701e+01
    2.9329454526e-02    2.6224325180e+01
    2.9339835048e-02    2.6223764420e+01
    2.9349567369e-02    2.6223243713e+01
    2.9359947890e-02    2.6222694397e+01
    2.9369680211e-02    2.6222185135e+01
    2.9379412532e-02    2.6221687317e+01
    2.9389794916e-02    2.6221164703e+01
    2.9399527237e-02    2.6220684052e+01
    2.9409907758e-02    2.6220180511e+01
    2.9419640079e-02    2.6219715118e+01
    2.9429372400e-02    2.6219255447e+01
    2.9439752921e-02    2.6218769073e+01
    2.9449485242e-02    2.6218315125e+01
    2.9459865764e-02    2.6217830658e+01
    2.9469598085e-02    2.6217370987e+01
    2.9479978606e-02    2.6216876984e+01
    2.9489710927e-02    2.6216403961e+01
    2.9499443248e-02    2.6215921402e+01
    2.9509825632e-02    2.6215393066e+01
    2.9519557953e-02    2.6214883804e+01
    2.9529938474e-02    2.6214321136e+01
    2.9539670795e-02    2.6213775635e+01
    2.9549403116e-02    2.6213211060e+01
    2.9559783638e-02    2.6212581635e+01
    2.9569515958e-02    2.6211967468e+01
    2.9579896480e-02    2.6211280823e+01
    2.9589628801e-02    2.6210609436e+01
    2.9599361122e-02    2.6209909439e+01
    2.9609741643e-02    2.6209129333e+01
    2.9619473964e-02    2.6208370209e+01
    2.9629856348e-02    2.6207529068e+01
    2.9639588669e-02    2.6206712723e+01
    2.9649969190e-02    2.6205810547e+01
    2.9659701511e-02    2.6204936981e+01
    2.9669433832e-02    2.6204032898e+01
    2.9679814354e-02    2.6203042984e+01
    2.9689546674e-02    2.6202093124e+01
    2.9699927196e-02    2.6201066971e+01
    2.9709659517e-02    2.6200101852e+01
    2.9719391838e-02    2.6199136734e+01
    2.9729772359e-02    2.6198114395e+01
    2.9739504680e-02    2.6197160721e+01
    2.9749887064e-02    2.6196149826e+01
    2.9759619385e-02    2.6195207596e+01
    2.9769351706e-02    2.6194271088e+01
    2.9779732227e-02    2.6193283081e+01
    2.9789464548e-02    2.6192365646e+01
    2.9799845070e-02    2.6191400528e+01
    2.9809577391e-02    2.6190507889e+01
    2.9819957912e-02    2.6189575195e+01
    2.9829690233e-02    2.6188718796e+01
    2.9839422554e-02    2.6187881470e+01
    2.9849803075e-02    2.6187009811e+01
    2.9859535396e-02    2.6186214447e+01
    2.9869917780e-02    2.6185390472e+01
    2.9879650101e-02    2.6184642792e+01
    2.9889382422e-02    2.6183917999e+01
    2.9899762943e-02    2.6183172226e+01
    2.9909495264e-02    2.6182500839e+01
    2.9919875786e-02    2.6181812286e+01
    2.9929608107e-02    2.6181196213e+01
    2.9939988628e-02    2.6180570602e+01
    2.9949720949e-02    2.6180009842e+01
    2.9959453270e-02    2.6179473877e+01
    2.9969833791e-02    2.6178926468e+01
    2.9979566112e-02    2.6178440094e+01
    2.9989948496e-02    2.6177957535e+01
    2.9999680817e-02    2.6177545547e+01
    3.0000329018e-02    2.6177518845e+01
