      3002
    0.0000000000e+00    0.0000000000e+00
    9.7362280940e-06   -5.2290732810e-07
    1.9472456188e-05   -1.9754277218e-06
    2.9208684282e-05   -4.3575610107e-06
    3.8944912376e-05   -7.6693077062e-06
    4.9898168072e-05   -1.2506199710e-05
    5.9634396166e-05   -1.7793374354e-05
    6.9370624260e-05   -2.4010161724e-05
    7.9106852354e-05   -3.1156559999e-05
    8.8843080448e-05   -3.9232574636e-05
    9.9796336144e-05   -1.6466714442e-02
    1.0953254969e-04   -7.6121076941e-02
    1.1927346350e-04   -1.7088326812e-01
    1.2966935174e-04   -3.0228221416e-01
    1.3936702453e-04   -4.4706693292e-01
    1.4957833628e-04   -6.1757922173e-01
    1.5916032135e-04   -7.9070013762e-01
    1.6953409067e-04   -9.8908913136e-01
    1.7927007866e-04   -1.1831051111e+00
    1.8900603754e-04   -1.3827491999e+00
    1.9995904586e-04   -1.6122518778e+00
    2.0969503385e-04   -1.8193496466e+00
    2.1943096363e-04   -2.0284662247e+00
    2.2916687885e-04   -2.2389354706e+00
    2.3890283774e-04   -2.4503021240e+00
    2.4985588971e-04   -2.6888134480e+00
    2.5959202321e-04   -2.9013016224e+00
    2.6932815672e-04   -3.1141269207e+00
    2.7906429023e-04   -3.3271594048e+00
    2.8880042373e-04   -3.5402178764e+00
    2.9975359212e-04   -3.7796900272e+00
    3.0948969652e-04   -3.9921739101e+00
    3.1922583003e-04   -4.2041954994e+00
    3.2896193443e-04   -4.4157257080e+00
    3.3991501550e-04   -4.6531271935e+00
    3.4965106170e-04   -4.8636627197e+00
    3.5938710789e-04   -5.0737314224e+00
    3.6912309588e-04   -5.2832918167e+00
    3.7885899656e-04   -5.4922966957e+00
    3.8981181569e-04   -5.7267460823e+00
    3.9954759995e-04   -5.9345941544e+00
    4.0928332601e-04   -6.1420364380e+00
    4.1901899385e-04   -6.3492002487e+00
    4.2997155106e-04   -6.5820460320e+00
    4.3970713159e-04   -6.7888627052e+00
    4.4944265392e-04   -6.9954948425e+00
    4.5917817624e-04   -7.2018747330e+00
    4.6891369857e-04   -7.4079322815e+00
    4.7986613936e-04   -7.6392993927e+00
    4.8960157437e-04   -7.8445267677e+00
    4.9933698028e-04   -8.0493307114e+00
    5.0907238619e-04   -8.2537031174e+00
    5.1880773390e-04   -8.4576444626e+00
    5.2975991275e-04   -8.6865758896e+00
    5.3949520225e-04   -8.8896360397e+00
    5.4923043353e-04   -9.0922994614e+00
    5.5896566482e-04   -9.2945699692e+00
    5.6991778547e-04   -9.5216550827e+00
    5.7965301676e-04   -9.7230863571e+00
    5.8938824804e-04   -9.9241209030e+00
    5.9912342113e-04   -1.0124763489e+01
    6.0885853600e-04   -1.0325022697e+01
    6.1981054023e-04   -1.0549873352e+01
    6.2954559689e-04   -1.0749365807e+01
    6.3928065356e-04   -1.0948513031e+01
    6.4901565202e-04   -1.1147315025e+01
    6.5996742342e-04   -1.1370529175e+01
    6.6970230546e-04   -1.1568514824e+01
    6.7943712929e-04   -1.1766060829e+01
    6.8917183671e-04   -1.1963140488e+01
    6.9890648592e-04   -1.2159745216e+01
    7.0985779166e-04   -1.2380368233e+01
    7.1959214984e-04   -1.2575988770e+01
    7.2932633338e-04   -1.2771132469e+01
    7.3906040052e-04   -1.2965758324e+01
    7.4879435124e-04   -1.3159808159e+01
    7.5974490028e-04   -1.3377366066e+01
    7.6947855996e-04   -1.3570066452e+01
    7.7921216143e-04   -1.3762149811e+01
    7.8894570470e-04   -1.3953668594e+01
    7.9989572987e-04   -1.4168534279e+01
    8.0962892389e-04   -1.4359066963e+01
    8.1936200149e-04   -1.4549211502e+01
    8.2909490447e-04   -1.4738998413e+01
    8.3882757463e-04   -1.4928444862e+01
    8.4977661027e-04   -1.5141175270e+01
    8.5950887296e-04   -1.5329909325e+01
    8.6924090283e-04   -1.5518280029e+01
    8.7897275807e-04   -1.5706233978e+01
    8.8992092060e-04   -1.5917094231e+01
    8.9965248480e-04   -1.6103912354e+01
    9.0938387439e-04   -1.6290084839e+01
    9.1911520576e-04   -1.6475572586e+01
    9.2884636251e-04   -1.6660369873e+01
    9.3979376834e-04   -1.6867477417e+01
    9.4952457584e-04   -1.7050912857e+01
    9.5925526693e-04   -1.7233774185e+01
    9.6898584161e-04   -1.7416101456e+01
    9.7993249074e-04   -1.7620622635e+01
    9.8966283258e-04   -1.7801912308e+01
    9.9939294159e-04   -1.7982742310e+01
    1.0091229342e-03   -1.8163116455e+01
    1.0188529268e-03   -1.8343029022e+01
    1.0297988774e-03   -1.8544868469e+01
    1.0395286372e-03   -1.8723770142e+01
    1.0492583970e-03   -1.8902183533e+01
    1.0589880403e-03   -1.9080106735e+01
    1.0699337581e-03   -1.9279682159e+01
    1.0796632851e-03   -1.9456562042e+01
    1.0893928120e-03   -1.9632953644e+01
    1.0991222225e-03   -1.9808855057e+01
    1.1088516330e-03   -1.9984260559e+01
    1.1197971180e-03   -2.0180986404e+01
    1.1295265285e-03   -2.0355310440e+01
    1.1392558226e-03   -2.0529117584e+01
    1.1489852332e-03   -2.0702402115e+01
    1.1599308345e-03   -2.0896709442e+01
    1.1696603615e-03   -2.1068851471e+01
    1.1793898884e-03   -2.1240432739e+01
    1.1891194154e-03   -2.1411432266e+01
    1.1988490587e-03   -2.1581830978e+01
    1.2097946601e-03   -2.1772794724e+01
    1.2195238378e-03   -2.1941881180e+01
    1.2292530155e-03   -2.2110351562e+01
    1.2389819603e-03   -2.2278215408e+01
    1.2499268632e-03   -2.2466341019e+01
    1.2596555753e-03   -2.2632919312e+01
    1.2693840545e-03   -2.2798883438e+01
    1.2791125337e-03   -2.2964218140e+01
    1.2888408964e-03   -2.3128913879e+01
    1.2997852173e-03   -2.3313423157e+01
    1.3095134636e-03   -2.3476737976e+01
    1.3192418264e-03   -2.3639406204e+01
    1.3289700728e-03   -2.3801429749e+01
    1.3399145100e-03   -2.3982948303e+01
    1.3496428728e-03   -2.4143632889e+01
    1.3593712356e-03   -2.4303699493e+01
    1.3690997148e-03   -2.4463159561e+01
    1.3788280776e-03   -2.4622030258e+01
    1.3897725148e-03   -2.4800067902e+01
    1.3995006448e-03   -2.4957719803e+01
    1.4092286583e-03   -2.5114807129e+01
    1.4189564390e-03   -2.5271326065e+01
    1.4299000613e-03   -2.5446710587e+01
    1.4396273764e-03   -2.5601963043e+01
    1.4493545750e-03   -2.5756576538e+01
    1.4590816572e-03   -2.5910520554e+01
    1.4688085066e-03   -2.6063762665e+01
    1.4797509648e-03   -2.6235294342e+01
    1.4894774649e-03   -2.6386981964e+01
    1.4992038487e-03   -2.6537931442e+01
    1.5095787821e-03   -2.6698154449e+01
    1.5199597692e-03   -2.6857679367e+01
    1.5296920901e-03   -2.7006546021e+01
    1.5394242946e-03   -2.7154781342e+01
    1.5498868888e-03   -2.7313468933e+01
    1.5591537813e-03   -2.7453454971e+01
    1.5696665505e-03   -2.7611633301e+01
    1.5798920067e-03   -2.7764854431e+01
    1.5898727579e-03   -2.7913799286e+01
    1.5992803965e-03   -2.8053627014e+01
    1.6096245963e-03   -2.8206722260e+01
    1.6198499361e-03   -2.8357360840e+01
    1.6296050744e-03   -2.8500391006e+01
    1.6399183078e-03   -2.8650852203e+01
    1.6494620359e-03   -2.8789375305e+01
    1.6596874921e-03   -2.8937017441e+01
    1.6694581136e-03   -2.9077341080e+01
    1.6795508564e-03   -2.9221521378e+01
    1.6893561697e-03   -2.9360864639e+01
    1.6995816259e-03   -2.9505426407e+01
    1.7098069657e-03   -2.9649242401e+01
    1.7193508102e-03   -2.9782815933e+01
    1.7295761500e-03   -2.9925249100e+01
    1.7398016062e-03   -3.0066997528e+01
    1.7493453342e-03   -3.0198690414e+01
    1.7598492559e-03   -3.0342973709e+01
    1.7696802970e-03   -3.0477401733e+01
    1.7799057532e-03   -3.0616605759e+01
    1.7894494813e-03   -3.0745965958e+01
    1.7996749375e-03   -3.0883966446e+01
    1.8099003937e-03   -3.1021341324e+01
    1.8199326005e-03   -3.1155511856e+01
    1.8291077577e-03   -3.1277687073e+01
    1.8392003840e-03   -3.1411483765e+01
    1.8497131532e-03   -3.1550180435e+01
    1.8599386094e-03   -3.1684419632e+01
    1.8694823375e-03   -3.1809106827e+01
    1.8797077937e-03   -3.1942047119e+01
    1.8899332499e-03   -3.2074302673e+01
    1.8994769780e-03   -3.2197116852e+01
    1.9097024342e-03   -3.2328041077e+01
    1.9199278904e-03   -3.2458282471e+01
    1.9294716185e-03   -3.2579235077e+01
    1.9396970747e-03   -3.2708202362e+01
    1.9499224145e-03   -3.2836540222e+01
    1.9594661426e-03   -3.2955780029e+01
    1.9693779759e-03   -3.3079078674e+01
    1.9799820147e-03   -3.3210399628e+01
    1.9896221347e-03   -3.3329265594e+01
    1.9992622547e-03   -3.3447643280e+01
    2.0098662935e-03   -3.3577281952e+01
    2.0195064135e-03   -3.3694602966e+01
    2.0291465335e-03   -3.3811397552e+01
    2.0399366040e-03   -3.3941471100e+01
    2.0494803321e-03   -3.4055931091e+01
    2.0597057883e-03   -3.4177932739e+01
    2.0699312445e-03   -3.4299266815e+01
    2.0792784635e-03   -3.4409599304e+01
    2.0898825023e-03   -3.4534107208e+01
    2.0995226223e-03   -3.4646705627e+01
    2.1093485411e-03   -3.4760921478e+01
    2.1195739973e-03   -3.4879219055e+01
    2.1297994535e-03   -3.4996974945e+01
    2.1393431816e-03   -3.5106422424e+01
    2.1495686378e-03   -3.5223201752e+01
    2.1599968895e-03   -3.5341800690e+01
    2.1696370095e-03   -3.5450977325e+01
    2.1792771295e-03   -3.5559711456e+01
    2.1898811683e-03   -3.5678791046e+01
    2.1995212883e-03   -3.5786548615e+01
    2.2091614082e-03   -3.5893833160e+01
    2.2197654471e-03   -3.6011291504e+01
    2.2294055670e-03   -3.6117572784e+01
    2.2390456870e-03   -3.6223384857e+01
    2.2496497259e-03   -3.6339252472e+01
    2.2592898458e-03   -3.6444126129e+01
    2.2698938847e-03   -3.6558998108e+01
    2.2795340046e-03   -3.6663005829e+01
    2.2891741246e-03   -3.6766628265e+01
    2.2997781634e-03   -3.6880191803e+01
    2.3094182834e-03   -3.6983062744e+01
    2.3196919356e-03   -3.7092327118e+01
    2.3299173918e-03   -3.7200725555e+01
    2.3394611198e-03   -3.7301586151e+01
    2.3496865761e-03   -3.7409336090e+01
    2.3599120323e-03   -3.7516769409e+01
    2.3694557603e-03   -3.7616760254e+01
    2.3796812166e-03   -3.7723594666e+01
    2.3899066728e-03   -3.7830123901e+01
    2.3994504008e-03   -3.7929271698e+01
    2.4096758571e-03   -3.8035194397e+01
    2.4199013133e-03   -3.8140789032e+01
    2.4295307230e-03   -3.8239917755e+01
    2.4391708430e-03   -3.8338851929e+01
    2.4498712737e-03   -3.8448295593e+01
    2.4595372379e-03   -3.8546829224e+01
    2.4699645583e-03   -3.8652782440e+01
    2.4796046782e-03   -3.8750419617e+01
    2.4897130206e-03   -3.8852497101e+01
    2.4999384768e-03   -3.8955451965e+01
    2.5094822049e-03   -3.9051296234e+01
    2.5197076611e-03   -3.9153739929e+01
    2.5299331173e-03   -3.9255958557e+01
    2.5394768454e-03   -3.9351188660e+01
    2.5497023016e-03   -3.9453056335e+01
    2.5599277578e-03   -3.9554786682e+01
    2.5694714859e-03   -3.9649623871e+01
    2.5796969421e-03   -3.9751132965e+01
    2.5899223983e-03   -3.9852542877e+01
    2.5994661264e-03   -3.9947105408e+01
    2.6096915826e-03   -4.0048320770e+01
    2.6199170388e-03   -4.0149429321e+01
    2.6294607669e-03   -4.0243694305e+01
    2.6396862231e-03   -4.0344577789e+01
    2.6499116793e-03   -4.0445346832e+01
    2.6593760122e-03   -4.0538520813e+01
    2.6699800510e-03   -4.0642822266e+01
    2.6796201710e-03   -4.0737571716e+01
    2.6892602909e-03   -4.0832267761e+01
    2.6998643298e-03   -4.0936378479e+01
    2.7095044497e-03   -4.1030986786e+01
    2.7191445697e-03   -4.1125560760e+01
    2.7297486085e-03   -4.1229545593e+01
    2.7393887285e-03   -4.1324035645e+01
    2.7499927673e-03   -4.1427913666e+01
    2.7596328873e-03   -4.1522289276e+01
    2.7692730073e-03   -4.1616607666e+01
    2.7798770461e-03   -4.1720279694e+01
    2.7895171661e-03   -4.1814460754e+01
    2.7991572861e-03   -4.1908573151e+01
    2.8097613249e-03   -4.2012016296e+01
    2.8194014449e-03   -4.2105979919e+01
    2.8290415648e-03   -4.2199878693e+01
    2.8396456037e-03   -4.2303085327e+01
    2.8492857236e-03   -4.2396842957e+01
    2.8593251482e-03   -4.2494411469e+01
    2.8695506044e-03   -4.2593708038e+01
    2.8797760606e-03   -4.2692913055e+01
    2.8893197887e-03   -4.2785411835e+01
    2.8995452449e-03   -4.2884410858e+01
    2.9097707011e-03   -4.2983276367e+01
    2.9199961573e-03   -4.3081993103e+01
    2.9295398854e-03   -4.3173980713e+01
    2.9391210992e-03   -4.3266170502e+01
    2.9497253709e-03   -4.3367996216e+01
    2.9593652580e-03   -4.3460365295e+01
    2.9699695297e-03   -4.3561737061e+01
    2.9796096496e-03   -4.3653663635e+01
    2.9892495368e-03   -4.3745357513e+01
    2.9998538084e-03   -4.3845939636e+01
    3.0094936956e-03   -4.3937110901e+01
    3.0191338155e-03   -4.4028011322e+01
    3.0297380872e-03   -4.4127689362e+01
    3.0393779743e-03   -4.4218013763e+01
    3.0499822460e-03   -4.4317054749e+01
    3.0596223660e-03   -4.4406806946e+01
    3.0693311710e-03   -4.4496940613e+01
    3.0795566272e-03   -4.4591594696e+01
    3.0897820834e-03   -4.4685989380e+01
    3.0993258115e-03   -4.4773868561e+01
    3.1095512677e-03   -4.4867805481e+01
    3.1197767239e-03   -4.4961521149e+01
    3.1290757470e-03   -4.5046566010e+01
    3.1396797858e-03   -4.5143333435e+01
    3.1493199058e-03   -4.5231105804e+01
    3.1599239446e-03   -4.5327426910e+01
    3.1695640646e-03   -4.5414768219e+01
    3.1792041846e-03   -4.5501880646e+01
    3.1898082234e-03   -4.5597419739e+01
    3.1994483434e-03   -4.5684005737e+01
    3.2090884633e-03   -4.5770313263e+01
    3.2196925022e-03   -4.5864933014e+01
    3.2293326221e-03   -4.5950649261e+01
    3.2399366610e-03   -4.6044609070e+01
    3.2495767809e-03   -4.6129741669e+01
    3.2592169009e-03   -4.6214607239e+01
    3.2698209397e-03   -4.6307666779e+01
    3.2794610597e-03   -4.6392013550e+01
    3.2891011797e-03   -4.6476131439e+01
    3.2997052185e-03   -4.6568412781e+01
    3.3093453385e-03   -4.6652088165e+01
    3.3199493773e-03   -4.6743907928e+01
    3.3295894973e-03   -4.6827178955e+01
    3.3392296173e-03   -4.6910266876e+01
    3.3498336561e-03   -4.7001457214e+01
    3.3594737761e-03   -4.7084167480e+01
    3.3691138960e-03   -4.7166706085e+01
    3.3797179349e-03   -4.7257297516e+01
    3.3893580548e-03   -4.7339473724e+01
    3.3999623265e-03   -4.7429683685e+01
    3.4096022137e-03   -4.7511524200e+01
    3.4192423336e-03   -4.7593215942e+01
    3.4298463725e-03   -4.7682918549e+01
    3.4394864924e-03   -4.7764320374e+01
    3.4491266124e-03   -4.7845596313e+01
    3.4597306512e-03   -4.7934856415e+01
    3.4693707712e-03   -4.8015876770e+01
    3.4799750429e-03   -4.8104866028e+01
    3.4896149300e-03   -4.8185642242e+01
    3.4993239678e-03   -4.8266872406e+01
    3.5095494241e-03   -4.8352302551e+01
    3.5197748803e-03   -4.8437602997e+01
    3.5293186083e-03   -4.8517108917e+01
    3.5395440646e-03   -4.8602188110e+01
    3.5497695208e-03   -4.8687160492e+01
    3.5597984679e-03   -4.8770416260e+01
    3.5694385879e-03   -4.8850376129e+01
    3.5790784750e-03   -4.8930282593e+01
    3.5896827467e-03   -4.9018119812e+01
    3.5993228666e-03   -4.9097923279e+01
    3.6099269055e-03   -4.9185661316e+01
    3.6198010202e-03   -4.9267307281e+01
    3.6293447483e-03   -4.9346164703e+01
    3.6392083857e-03   -4.9427600861e+01
    3.6498126574e-03   -4.9515068054e+01
    3.6594527774e-03   -4.9594505310e+01
    3.6690926645e-03   -4.9673862457e+01
    3.6796969362e-03   -4.9761054993e+01
    3.6893370561e-03   -4.9840213776e+01
    3.6999410950e-03   -4.9927135468e+01
    3.7099323235e-03   -5.0008861542e+01
    3.7194760516e-03   -5.0086738586e+01
    3.7297015078e-03   -5.0169940948e+01
    3.7399269640e-03   -5.0252857208e+01
    3.7494706921e-03   -5.0329944611e+01
    3.7596961483e-03   -5.0412174225e+01
    3.7699216045e-03   -5.0493988037e+01
    3.7794653326e-03   -5.0569942474e+01
    3.7896907888e-03   -5.0650852203e+01
    3.7991551217e-03   -5.0725292206e+01
    3.8097591605e-03   -5.0808162689e+01
    3.8193992805e-03   -5.0882991791e+01
    3.8290394004e-03   -5.0957328796e+01
    3.8396434393e-03   -5.1038520813e+01
    3.8492835592e-03   -5.1111785889e+01
    3.8598875981e-03   -5.1191768646e+01
    3.8695277181e-03   -5.1263912201e+01
    3.8791678380e-03   -5.1335502625e+01
    3.8897718769e-03   -5.1413604736e+01
    3.8997107185e-03   -5.1486179352e+01
    3.9093508385e-03   -5.1555999756e+01
    3.9199548773e-03   -5.1632141113e+01
    3.9295949973e-03   -5.1700756073e+01
    3.9392351173e-03   -5.1768787384e+01
    3.9498391561e-03   -5.1842929840e+01
    3.9594792761e-03   -5.1909687042e+01
    3.9691193961e-03   -5.1975811005e+01
    3.9797234349e-03   -5.2047790527e+01
    3.9893635549e-03   -5.2112525940e+01
    3.9999675937e-03   -5.2182956696e+01
    4.0096077137e-03   -5.2246269226e+01
    4.0192478336e-03   -5.2308891296e+01
    4.0298518725e-03   -5.2376983643e+01
    4.0394919924e-03   -5.2438144684e+01
    4.0491321124e-03   -5.2498592377e+01
    4.0597361512e-03   -5.2564239502e+01
    4.0693762712e-03   -5.2623126984e+01
    4.0799803101e-03   -5.2687011719e+01
    4.0896204300e-03   -5.2744251251e+01
    4.0992605500e-03   -5.2800666809e+01
    4.1098645888e-03   -5.2861743927e+01
    4.1195047088e-03   -5.2916343689e+01
    4.1291448288e-03   -5.2970043182e+01
    4.1397488676e-03   -5.3028045654e+01
    4.1493889876e-03   -5.3079780579e+01
    4.1599930264e-03   -5.3135581970e+01
    4.1696331464e-03   -5.3185291290e+01
    4.1792732663e-03   -5.3234020233e+01
    4.1898773052e-03   -5.3286487579e+01
    4.1995174251e-03   -5.3333156586e+01
    4.2099561542e-03   -5.3382591248e+01
    4.2194998823e-03   -5.3426795959e+01
    4.2297253385e-03   -5.3473110199e+01
    4.2399507947e-03   -5.3518348694e+01
    4.2494945228e-03   -5.3559616089e+01
    4.2599313892e-03   -5.3603694916e+01
    4.2698658071e-03   -5.3644649506e+01
    4.2794100009e-03   -5.3683094025e+01
    4.2891562916e-03   -5.3721462250e+01
    4.2994301766e-03   -5.3760948181e+01
    4.3096551672e-03   -5.3799289703e+01
    4.3199183419e-03   -5.3836826324e+01
    4.3295584619e-03   -5.3871227264e+01
    4.3391985819e-03   -5.3904808044e+01
    4.3499888852e-03   -5.3941429138e+01
    4.3595326133e-03   -5.3972980499e+01
    4.3697580695e-03   -5.4005920410e+01
    4.3799830601e-03   -5.4037979126e+01
    4.3895272538e-03   -5.4067131042e+01
    4.3997522444e-03   -5.4097545624e+01
    4.4093644246e-03   -5.4125347137e+01
    4.4195898809e-03   -5.4154087067e+01
    4.4298153371e-03   -5.4182052612e+01
    4.4394270517e-03   -5.4207717896e+01
    4.4498355128e-03   -5.4234893799e+01
    4.4594756328e-03   -5.4259597778e+01
    4.4691157527e-03   -5.4283905029e+01
    4.4797197916e-03   -5.4310218811e+01
    4.4899932109e-03   -5.4335285187e+01
    4.4995369390e-03   -5.4358165741e+01
    4.5097623952e-03   -5.4382278442e+01
    4.5197433792e-03   -5.4405460358e+01
    4.5293834992e-03   -5.4427604675e+01
    4.5399875380e-03   -5.4451698303e+01
    4.5496276580e-03   -5.4473316193e+01
    4.5597357675e-03   -5.4495693207e+01
    4.5699612238e-03   -5.4517997742e+01
    4.5795049518e-03   -5.4538505554e+01
    4.5896507800e-03   -5.4559986115e+01
    4.5997593552e-03   -5.4581111908e+01
    4.6099848114e-03   -5.4602230072e+01
    4.6195285395e-03   -5.4621726990e+01
    4.6297539957e-03   -5.4642402649e+01
    4.6399794519e-03   -5.4662868500e+01
    4.6495231800e-03   -5.4681777954e+01
    4.6597486362e-03   -5.4701820374e+01
    4.6699740924e-03   -5.4721668243e+01
    4.6795178205e-03   -5.4740024567e+01
    4.6897432767e-03   -5.4759490967e+01
    4.6993726864e-03   -5.4777622223e+01
    4.7095981427e-03   -5.4796634674e+01
    4.7198235989e-03   -5.4815402985e+01
    4.7293673269e-03   -5.4832717896e+01
    4.7395927832e-03   -5.4851104736e+01
    4.7498182394e-03   -5.4869354248e+01
    4.7593619674e-03   -5.4886268616e+01
    4.7695874237e-03   -5.4904228210e+01
    4.7798128799e-03   -5.4921981812e+01
    4.7893566079e-03   -5.4938320160e+01
    4.7995820642e-03   -5.4955581665e+01
    4.8098075204e-03   -5.4972618103e+01
    4.8193512484e-03   -5.4988368988e+01
    4.8295767047e-03   -5.5005146027e+01
    4.8398021609e-03   -5.5021869659e+01
    4.8493458889e-03   -5.5037460327e+01
    4.8595713452e-03   -5.5054180145e+01
    4.8697968014e-03   -5.5070934296e+01
    4.8793405294e-03   -5.5086620331e+01
    4.8895659856e-03   -5.5103500366e+01
    4.8997914419e-03   -5.5120487213e+01
    4.9093351699e-03   -5.5136474609e+01
    4.9195606261e-03   -5.5153789520e+01
    4.9297860824e-03   -5.5171321869e+01
    4.9393298104e-03   -5.5187900543e+01
    4.9495552666e-03   -5.5205886841e+01
    4.9597807229e-03   -5.5224094391e+01
    4.9693244509e-03   -5.5241264343e+01
    4.9795499071e-03   -5.5259841919e+01
    4.9897753634e-03   -5.5278587341e+01
    4.9993190914e-03   -5.5296226501e+01
    5.0095445476e-03   -5.5315265656e+01
    5.0197700039e-03   -5.5334426880e+01
    5.0299954601e-03   -5.5353687286e+01
    5.0395391881e-03   -5.5371742249e+01
    5.0497646444e-03   -5.5391147614e+01
    5.0599896349e-03   -5.5410602570e+01
    5.0695338286e-03   -5.5428779602e+01
    5.0797588192e-03   -5.5448257446e+01
    5.0899842754e-03   -5.5467727661e+01
    5.0995280035e-03   -5.5485893250e+01
    5.1097534597e-03   -5.5505359650e+01
    5.1199789159e-03   -5.5524822235e+01
    5.1295226440e-03   -5.5542980194e+01
    5.1397481002e-03   -5.5562404633e+01
    5.1499735564e-03   -5.5581783295e+01
    5.1595172845e-03   -5.5599853516e+01
    5.1697427407e-03   -5.5619232178e+01
    5.1799681969e-03   -5.5638683319e+01
    5.1895119250e-03   -5.5656932831e+01
    5.1997373812e-03   -5.5676612854e+01
    5.2099628374e-03   -5.5696422577e+01
    5.2195065655e-03   -5.5715015411e+01
    5.2297320217e-03   -5.5735034943e+01
    5.2399574779e-03   -5.5755146027e+01
    5.2497885190e-03   -5.5774532318e+01
    5.2595208399e-03   -5.5793739319e+01
    5.2699018270e-03   -5.5814228058e+01
    5.2796341479e-03   -5.5833435059e+01
    5.2893660031e-03   -5.5852645874e+01
    5.2997469902e-03   -5.5873142242e+01
    5.3094793111e-03   -5.5892368317e+01
    5.3198602982e-03   -5.5912887573e+01
    5.3295926191e-03   -5.5932128906e+01
    5.3393580019e-03   -5.5951431274e+01
    5.3495829925e-03   -5.5971622467e+01
    5.3598084487e-03   -5.5991760254e+01
    5.3693521768e-03   -5.6010486603e+01
    5.3795776330e-03   -5.6030448914e+01
    5.3898030892e-03   -5.6050308228e+01
    5.3993468173e-03   -5.6068756104e+01
    5.4095722735e-03   -5.6088428497e+01
    5.4197977297e-03   -5.6108009338e+01
    5.4293414578e-03   -5.6126186371e+01
    5.4395669140e-03   -5.6145542145e+01
    5.4497923702e-03   -5.6164749146e+01
    5.4593360983e-03   -5.6182529449e+01
    5.4695615545e-03   -5.6201404572e+01
    5.4797870107e-03   -5.6220069885e+01
    5.4893307388e-03   -5.6237266541e+01
    5.4995561950e-03   -5.6255420685e+01
    5.5097816512e-03   -5.6273269653e+01
    5.5193253793e-03   -5.6289649963e+01
    5.5295508355e-03   -5.6306892395e+01
    5.5397762917e-03   -5.6323810577e+01
    5.5493200198e-03   -5.6339294434e+01
    5.5595454760e-03   -5.6355552673e+01
    5.5697709322e-03   -5.6371456146e+01
    5.5799963884e-03   -5.6386989594e+01
    5.5895401165e-03   -5.6401138306e+01
    5.5997655727e-03   -5.6415920258e+01
    5.6099910289e-03   -5.6430324554e+01
    5.6195347570e-03   -5.6443439484e+01
    5.6297602132e-03   -5.6457160950e+01
    5.6399856694e-03   -5.6470550537e+01
    5.6495293975e-03   -5.6482765198e+01
    5.6597548537e-03   -5.6495555878e+01
    5.6699803099e-03   -5.6508068085e+01
    5.6795240380e-03   -5.6519535065e+01
    5.6897494942e-03   -5.6531654358e+01
    5.6999749504e-03   -5.6543659210e+01
    5.7095186785e-03   -5.6554798126e+01
    5.7197441347e-03   -5.6566665649e+01
    5.7299695909e-03   -5.6578453064e+01
    5.7395133190e-03   -5.6589344025e+01
    5.7497387752e-03   -5.6600852966e+01
    5.7599642314e-03   -5.6612159729e+01
    5.7695079595e-03   -5.6622501373e+01
    5.7797334157e-03   -5.6633342743e+01
    5.7894657366e-03   -5.6643409729e+01
    5.7998467237e-03   -5.6653869629e+01
    5.8095785789e-03   -5.6663410187e+01
    5.8199600317e-03   -5.6673316956e+01
    5.8296918869e-03   -5.6682373047e+01
    5.8394242078e-03   -5.6691242218e+01
    5.8498051949e-03   -5.6700527191e+01
    5.8597675525e-03   -5.6709281921e+01
    5.8699930087e-03   -5.6718109131e+01
    5.8795367368e-03   -5.6726169586e+01
    5.8897621930e-03   -5.6734580994e+01
    5.8999876492e-03   -5.6742721558e+01
    5.9095313773e-03   -5.6750019073e+01
    5.9197568335e-03   -5.6757472992e+01
    5.9299822897e-03   -5.6764530182e+01
    5.9395260178e-03   -5.6770759583e+01
    5.9497514740e-03   -5.6777076721e+01
    5.9599769302e-03   -5.6783077240e+01
    5.9695206583e-03   -5.6788425446e+01
    5.9797461145e-03   -5.6793899536e+01
    5.9899715707e-03   -5.6799118042e+01
    5.9995152988e-03   -5.6803760529e+01
    6.0097407550e-03   -5.6808494568e+01
    6.0199662112e-03   -5.6813003540e+01
    6.0295099393e-03   -5.6817008972e+01
    6.0397353955e-03   -5.6821079254e+01
    6.0499608517e-03   -5.6824932098e+01
    6.0595045798e-03   -5.6828334808e+01
    6.0697300360e-03   -5.6831775665e+01
    6.0799554922e-03   -5.6834995270e+01
    6.0894992203e-03   -5.6837791443e+01
    6.0997246765e-03   -5.6840549469e+01
    6.1099501327e-03   -5.6843048096e+01
    6.1194938608e-03   -5.6845142365e+01
    6.1297193170e-03   -5.6847126007e+01
    6.1399447732e-03   -5.6848819733e+01
    6.1494885013e-03   -5.6850116730e+01
    6.1597139575e-03   -5.6851177216e+01
    6.1699394137e-03   -5.6851879120e+01
    6.1794831418e-03   -5.6852222443e+01
    6.1897085980e-03   -5.6852275848e+01
    6.1999340542e-03   -5.6852050781e+01
    6.2094777822e-03   -5.6851634979e+01
    6.2197032385e-03   -5.6851016998e+01
    6.2299286947e-03   -5.6850257874e+01
    6.2394724227e-03   -5.6849449158e+01
    6.2496978790e-03   -5.6848499298e+01
    6.2599233352e-03   -5.6847480774e+01
    6.2694670632e-03   -5.6846488953e+01
    6.2796925195e-03   -5.6845386505e+01
    6.2899179757e-03   -5.6844253540e+01
    6.2994617037e-03   -5.6843173981e+01
    6.3096871600e-03   -5.6841987610e+01
    6.3199126162e-03   -5.6840774536e+01
    6.3294563442e-03   -5.6839618683e+01
    6.3396818005e-03   -5.6838352203e+01
    6.3499072567e-03   -5.6837074280e+01
    6.3594509847e-03   -5.6835880280e+01
    6.3696764410e-03   -5.6834606171e+01
    6.3799018972e-03   -5.6833347321e+01
    6.3894456252e-03   -5.6832187653e+01
    6.3996706158e-03   -5.6830974579e+01
    6.4098960720e-03   -5.6829792023e+01
    6.4194398001e-03   -5.6828723907e+01
    6.4296652563e-03   -5.6827617645e+01
    6.4398907125e-03   -5.6826545715e+01
    6.4494344406e-03   -5.6825576782e+01
    6.4596598968e-03   -5.6824565887e+01
    6.4698853530e-03   -5.6823593140e+01
    6.4794290811e-03   -5.6822711945e+01
    6.4896545373e-03   -5.6821796417e+01
    6.4998799935e-03   -5.6820888519e+01
    6.5094237216e-03   -5.6820037842e+01
    6.5196491778e-03   -5.6819099426e+01
    6.5298746340e-03   -5.6818099976e+01
    6.5394183621e-03   -5.6817092896e+01
    6.5496438183e-03   -5.6815902710e+01
    6.5598692745e-03   -5.6814582825e+01
    6.5694130026e-03   -5.6813224792e+01
    6.5796384588e-03   -5.6811634064e+01
    6.5898639150e-03   -5.6809883118e+01
    6.5994076431e-03   -5.6808094025e+01
    6.6096330993e-03   -5.6805992126e+01
    6.6198585555e-03   -5.6803684235e+01
    6.6294022836e-03   -5.6801334381e+01
    6.6396277398e-03   -5.6798603058e+01
    6.6498531960e-03   -5.6795654297e+01
    6.6593969241e-03   -5.6792713165e+01
    6.6696223803e-03   -5.6789360046e+01
    6.6798478365e-03   -5.6785804749e+01
    6.6893915646e-03   -5.6782295227e+01
    6.6996170208e-03   -5.6778335571e+01
    6.7098424770e-03   -5.6774169922e+01
    6.7193862051e-03   -5.6770107269e+01
    6.7296116613e-03   -5.6765575409e+01
    6.7398371175e-03   -5.6760871887e+01
    6.7493808456e-03   -5.6756324768e+01
    6.7596063018e-03   -5.6751300812e+01
    6.7698317580e-03   -5.6746120453e+01
    6.7793754861e-03   -5.6741153717e+01
    6.7896009423e-03   -5.6735702515e+01
    6.7998263985e-03   -5.6730125427e+01
    6.8093701266e-03   -5.6724815369e+01
    6.8195955828e-03   -5.6719017029e+01
    6.8298210390e-03   -5.6713111877e+01
    6.8393647671e-03   -5.6707504272e+01
    6.8495902233e-03   -5.6701385498e+01
    6.8598156795e-03   -5.6695163727e+01
    6.8693594076e-03   -5.6689258575e+01
    6.8795848638e-03   -5.6682830811e+01
    6.8898103200e-03   -5.6676307678e+01
    6.8993540481e-03   -5.6670139313e+01
    6.9095795043e-03   -5.6663448334e+01
    6.9198049605e-03   -5.6656688690e+01
    6.9293486886e-03   -5.6650325775e+01
    6.9395741448e-03   -5.6643459320e+01
    6.9497996010e-03   -5.6636543274e+01
    6.9593433291e-03   -5.6630046844e+01
    6.9695687853e-03   -5.6623050690e+01
    6.9797942415e-03   -5.6616012573e+01
    6.9893379696e-03   -5.6609409332e+01
    6.9995634258e-03   -5.6602302551e+01
    7.0097888820e-03   -5.6595161438e+01
    7.0193326101e-03   -5.6588478088e+01
    7.0295576006e-03   -5.6581298828e+01
    7.0397830568e-03   -5.6574119568e+01
    7.0493267849e-03   -5.6567420959e+01
    7.0595522411e-03   -5.6560253143e+01
    7.0697776973e-03   -5.6553104401e+01
    7.0793214254e-03   -5.6546451569e+01
    7.0895468816e-03   -5.6539356232e+01
    7.0997723378e-03   -5.6532302856e+01
    7.1099977940e-03   -5.6525295258e+01
    7.1195415221e-03   -5.6518810272e+01
    7.1297669783e-03   -5.6511924744e+01
    7.1399924345e-03   -5.6505107880e+01
    7.1495361626e-03   -5.6498802185e+01
    7.1597616188e-03   -5.6492107391e+01
    7.1699870750e-03   -5.6485469818e+01
    7.1795308031e-03   -5.6479316711e+01
    7.1897562593e-03   -5.6472747803e+01
    7.1999817155e-03   -5.6466178894e+01
    7.2095254436e-03   -5.6460014343e+01
    7.2197508998e-03   -5.6453342438e+01
    7.2299763560e-03   -5.6446571350e+01
    7.2395200841e-03   -5.6440147400e+01
    7.2497455403e-03   -5.6433155060e+01
    7.2599709965e-03   -5.6426044464e+01
    7.2695147246e-03   -5.6419307709e+01
    7.2797401808e-03   -5.6411975861e+01
    7.2899656370e-03   -5.6404525757e+01
    7.2995093651e-03   -5.6397464752e+01
    7.3097348213e-03   -5.6389770508e+01
    7.3199602775e-03   -5.6381950378e+01
    7.3295040056e-03   -5.6374534607e+01
    7.3397294618e-03   -5.6366462708e+01
    7.3499549180e-03   -5.6358261108e+01
    7.3594986461e-03   -5.6350490570e+01
    7.3697241023e-03   -5.6342048645e+01
    7.3799495585e-03   -5.6333484650e+01
    7.3894932866e-03   -5.6325386047e+01
    7.3997187428e-03   -5.6316593170e+01
    7.4099441990e-03   -5.6307678223e+01
    7.4194879271e-03   -5.6299243927e+01
    7.4297133833e-03   -5.6290084839e+01
    7.4399388395e-03   -5.6280799866e+01
    7.4494825676e-03   -5.6272033691e+01
    7.4597080238e-03   -5.6262535095e+01
    7.4699334800e-03   -5.6252929688e+01
    7.4794772081e-03   -5.6243873596e+01
    7.4897026643e-03   -5.6234066010e+01
    7.4999281205e-03   -5.6224143982e+01
    7.5094718486e-03   -5.6214782715e+01
    7.5196973048e-03   -5.6204635620e+01
    7.5299227610e-03   -5.6194370270e+01
    7.5394664891e-03   -5.6184692383e+01
    7.5496919453e-03   -5.6174213409e+01
    7.5599174015e-03   -5.6163627625e+01
    7.5694611296e-03   -5.6153656006e+01
    7.5796865858e-03   -5.6142868042e+01
    7.5899120420e-03   -5.6131969452e+01
    7.5994557701e-03   -5.6121696472e+01
    7.6096812263e-03   -5.6110572815e+01
    7.6199066825e-03   -5.6099323273e+01
    7.6294504106e-03   -5.6088703156e+01
    7.6396758668e-03   -5.6077190399e+01
    7.6499008574e-03   -5.6065540314e+01
    7.6594450511e-03   -5.6054546356e+01
    7.6696700417e-03   -5.6042648315e+01
    7.6798954979e-03   -5.6030635834e+01
    7.6894392259e-03   -5.6019325256e+01
    7.6996646821e-03   -5.6007114410e+01
    7.7098901384e-03   -5.5994808197e+01
    7.7194338664e-03   -5.5983238220e+01
    7.7296593226e-03   -5.5970752716e+01
    7.7398847789e-03   -5.5958175659e+01
    7.7494285069e-03   -5.5946365356e+01
    7.7596539631e-03   -5.5933631897e+01
    7.7698794194e-03   -5.5920825958e+01
    7.7794231474e-03   -5.5908813477e+01
    7.7896486036e-03   -5.5895885468e+01
    7.7998740599e-03   -5.5882904053e+01
    7.8094177879e-03   -5.5870750427e+01
    7.8196432441e-03   -5.5857692719e+01
    7.8298682347e-03   -5.5844604492e+01
    7.8394124284e-03   -5.5832355499e+01
    7.8496374190e-03   -5.5819198608e+01
    7.8598633409e-03   -5.5805999756e+01
    7.8694066033e-03   -5.5793647766e+01
    7.8796325251e-03   -5.5780364990e+01
    7.8898575157e-03   -5.5767032623e+01
    7.8994017094e-03   -5.5754539490e+01
    7.9096267000e-03   -5.5741092682e+01
    7.9198526219e-03   -5.5727573395e+01
    7.9293958843e-03   -5.5714885712e+01
    7.9396218061e-03   -5.5701206207e+01
    7.9498467967e-03   -5.5687438965e+01
    7.9593909904e-03   -5.5674503326e+01
    7.9696159810e-03   -5.5660556793e+01
    7.9798419029e-03   -5.5646514893e+01
    7.9893851653e-03   -5.5633331299e+01
    7.9996110871e-03   -5.5619113922e+01
    8.0098360777e-03   -5.5604801178e+01
    8.0193802714e-03   -5.5591354370e+01
    8.0296052620e-03   -5.5576843262e+01
    8.0398311839e-03   -5.5562225342e+01
    8.0493744463e-03   -5.5548473358e+01
    8.0596003681e-03   -5.5533630371e+01
    8.0698253587e-03   -5.5518665314e+01
    8.0793695524e-03   -5.5504585266e+01
    8.0895945430e-03   -5.5489379883e+01
    8.0998204648e-03   -5.5474044800e+01
    8.1093637273e-03   -5.5459621429e+01
    8.1195896491e-03   -5.5444046021e+01
    8.1298146397e-03   -5.5428348541e+01
    8.1393588334e-03   -5.5413589478e+01
    8.1495838240e-03   -5.5397666931e+01
    8.1598097458e-03   -5.5381633759e+01
    8.1693530083e-03   -5.5366573334e+01
    8.1795789301e-03   -5.5350337982e+01
    8.1898039207e-03   -5.5334007263e+01
    8.1993481144e-03   -5.5318679810e+01
    8.2095731050e-03   -5.5302162170e+01
    8.2197990268e-03   -5.5285549164e+01
    8.2293422893e-03   -5.5269958496e+01
    8.2395682111e-03   -5.5253154755e+01
    8.2497932017e-03   -5.5236259460e+01
    8.2593373954e-03   -5.5220397949e+01
    8.2695623860e-03   -5.5203315735e+01
    8.2797883078e-03   -5.5186145782e+01
    8.2893315703e-03   -5.5170043945e+01
    8.2995574921e-03   -5.5152713776e+01
    8.3097824827e-03   -5.5135303497e+01
    8.3193266764e-03   -5.5118980408e+01
    8.3295516670e-03   -5.5101421356e+01
    8.3397766575e-03   -5.5083793640e+01
    8.3493208513e-03   -5.5067279816e+01
    8.3595458418e-03   -5.5049530029e+01
    8.3697717637e-03   -5.5031730652e+01
    8.3799967542e-03   -5.5013893127e+01
    8.3895409480e-03   -5.4997207642e+01
    8.3997659385e-03   -5.4979305267e+01
    8.4099918604e-03   -5.4961380005e+01
    8.4195351228e-03   -5.4944633484e+01
    8.4297610447e-03   -5.4926673889e+01
    8.4399860352e-03   -5.4908702850e+01
    8.4495302290e-03   -5.4891918182e+01
    8.4597552195e-03   -5.4873928070e+01
    8.4699811414e-03   -5.4855930328e+01
    8.4795244038e-03   -5.4839122772e+01
    8.4897503257e-03   -5.4821102142e+01
    8.4999753162e-03   -5.4803066254e+01
    8.5095195100e-03   -5.4786220551e+01
    8.5197445005e-03   -5.4768154144e+01
    8.5299704224e-03   -5.4750072479e+01
    8.5395136848e-03   -5.4733177185e+01
    8.5497396067e-03   -5.4715057373e+01
    8.5599645972e-03   -5.4696914673e+01
    8.5695087910e-03   -5.4679973602e+01
    8.5797337815e-03   -5.4661804199e+01
    8.5899597034e-03   -5.4643627167e+01
    8.5995029658e-03   -5.4626655579e+01
    8.6097288877e-03   -5.4608459473e+01
    8.6199538782e-03   -5.4590255737e+01
    8.6294980720e-03   -5.4573257446e+01
    8.6397230625e-03   -5.4555034637e+01
    8.6499489844e-03   -5.4536796570e+01
    8.6594922468e-03   -5.4519763947e+01
    8.6697181687e-03   -5.4501506805e+01
    8.6799431592e-03   -5.4483238220e+01
    8.6894873530e-03   -5.4466186523e+01
    8.6997123435e-03   -5.4447914124e+01
    8.7099382654e-03   -5.4429645538e+01
    8.7194815278e-03   -5.4412601471e+01
    8.7297074497e-03   -5.4394336700e+01
    8.7399324402e-03   -5.4376064301e+01
    8.7494766340e-03   -5.4358997345e+01
    8.7597016245e-03   -5.4340682983e+01
    8.7699275464e-03   -5.4322334290e+01
    8.7794708088e-03   -5.4305171967e+01
    8.7896967307e-03   -5.4286735535e+01
    8.7999217212e-03   -5.4268253326e+01
    8.8094659150e-03   -5.4250957489e+01
    8.8196909055e-03   -5.4232376099e+01
    8.8299168274e-03   -5.4213741302e+01
    8.8394600898e-03   -5.4196304321e+01
    8.8496860117e-03   -5.4177566528e+01
    8.8599110022e-03   -5.4158775330e+01
    8.8694551960e-03   -5.4141181946e+01
    8.8796801865e-03   -5.4122276306e+01
    8.8899061084e-03   -5.4103305817e+01
    8.8994493708e-03   -5.4085552216e+01
    8.9096752927e-03   -5.4066471100e+01
    8.9199002832e-03   -5.4047340393e+01
    8.9294444770e-03   -5.4029441833e+01
    8.9396694675e-03   -5.4010223389e+01
    8.9498953894e-03   -5.3990955353e+01
    8.9594386518e-03   -5.3972930908e+01
    8.9696645737e-03   -5.3953571320e+01
    8.9798895642e-03   -5.3934165955e+01
    8.9894337580e-03   -5.3916004181e+01
    8.9996587485e-03   -5.3896495819e+01
    9.0098846704e-03   -5.3876930237e+01
    9.0194279328e-03   -5.3858619690e+01
    9.0296538547e-03   -5.3838951111e+01
    9.0398788452e-03   -5.3819232941e+01
    9.0494230390e-03   -5.3800792694e+01
    9.0596480295e-03   -5.3781005859e+01
    9.0698739514e-03   -5.3761192322e+01
    9.0794172138e-03   -5.3742668152e+01
    9.0896431357e-03   -5.3722797394e+01
    9.0998681262e-03   -5.3702896118e+01
    9.1094123200e-03   -5.3684295654e+01
    9.1196373105e-03   -5.3664337158e+01
    9.1298632324e-03   -5.3644340515e+01
    9.1394064948e-03   -5.3625648499e+01
    9.1496324167e-03   -5.3605575562e+01
    9.1598574072e-03   -5.3585464478e+01
    9.1694016010e-03   -5.3566661835e+01
    9.1796265915e-03   -5.3546489716e+01
    9.1898515821e-03   -5.3526298523e+01
    9.1993957758e-03   -5.3507434845e+01
    9.2096207663e-03   -5.3487205505e+01
    9.2198466882e-03   -5.3466941833e+01
    9.2293899506e-03   -5.3447994232e+01
    9.2396158725e-03   -5.3427639008e+01
    9.2498408630e-03   -5.3407230377e+01
    9.2593850568e-03   -5.3388130188e+01
    9.2696100473e-03   -5.3367618561e+01
    9.2798359692e-03   -5.3347064972e+01
    9.2893792316e-03   -5.3327846527e+01
    9.2996051535e-03   -5.3307216644e+01
    9.3098301440e-03   -5.3286540985e+01
    9.3193743378e-03   -5.3267200470e+01
    9.3295993283e-03   -5.3246421814e+01
    9.3398252502e-03   -5.3225578308e+01
    9.3493685126e-03   -5.3206058502e+01
    9.3595944345e-03   -5.3185073853e+01
    9.3698194250e-03   -5.3164009094e+01
    9.3793636188e-03   -5.3144287109e+01
    9.3895886093e-03   -5.3123100281e+01
    9.3998145312e-03   -5.3101863861e+01
    9.4093577936e-03   -5.3082004547e+01
    9.4195837155e-03   -5.3060684204e+01
    9.4298087060e-03   -5.3039318085e+01
    9.4393528998e-03   -5.3019329071e+01
    9.4495778903e-03   -5.2997859955e+01
    9.4598038122e-03   -5.2976337433e+01
    9.4693470746e-03   -5.2956207275e+01
    9.4795729965e-03   -5.2934604645e+01
    9.4897979870e-03   -5.2912967682e+01
    9.4993421808e-03   -5.2892753601e+01
    9.5095671713e-03   -5.2871074677e+01
    9.5197930932e-03   -5.2849380493e+01
    9.5293363556e-03   -5.2829116821e+01
    9.5395622775e-03   -5.2807380676e+01
    9.5497872680e-03   -5.2785625458e+01
    9.5593314618e-03   -5.2765300751e+01
    9.5695564523e-03   -5.2743499756e+01
    9.5797823742e-03   -5.2721683502e+01
    9.5893256366e-03   -5.2701313019e+01
    9.5995515585e-03   -5.2679481506e+01
    9.6097765490e-03   -5.2657646179e+01
    9.6193207428e-03   -5.2637271881e+01
    9.6295457333e-03   -5.2615436554e+01
    9.6397716552e-03   -5.2593593597e+01
    9.6499966457e-03   -5.2571735382e+01
    9.6595408395e-03   -5.2551319122e+01
    9.6697658300e-03   -5.2529418945e+01
    9.6799917519e-03   -5.2507484436e+01
    9.6895350143e-03   -5.2486991882e+01
    9.6997609362e-03   -5.2465003967e+01
    9.7099859267e-03   -5.2442989349e+01
    9.7194500268e-03   -5.2422592163e+01
    9.7290901467e-03   -5.2401794434e+01
    9.7396941856e-03   -5.2378887177e+01
    9.7493343055e-03   -5.2358036041e+01
    9.7599383444e-03   -5.2335071564e+01
    9.7695784643e-03   -5.2314163208e+01
    9.7795696929e-03   -5.2292469025e+01
    9.7897956148e-03   -5.2270229340e+01
    9.7993388772e-03   -5.2249446869e+01
    9.8095647991e-03   -5.2227146149e+01
    9.8197897896e-03   -5.2204811096e+01
    9.8293339834e-03   -5.2183933258e+01
    9.8395589739e-03   -5.2161529541e+01
    9.8497848958e-03   -5.2139091492e+01
    9.8593281582e-03   -5.2118118286e+01
    9.8695540801e-03   -5.2095615387e+01
    9.8797790706e-03   -5.2073089600e+01
    9.8893232644e-03   -5.2052036285e+01
    9.8995482549e-03   -5.2029457092e+01
    9.9097741768e-03   -5.2006855011e+01
    9.9199991673e-03   -5.1984222412e+01
    9.9295433611e-03   -5.1963077545e+01
    9.9397683516e-03   -5.1940395355e+01
    9.9499942735e-03   -5.1917682648e+01
    9.9595375359e-03   -5.1896457672e+01
    9.9697634578e-03   -5.1873683929e+01
    9.9799884483e-03   -5.1850875854e+01
    9.9895326421e-03   -5.1829555511e+01
    9.9997576326e-03   -5.1806678772e+01
    1.0009983554e-02   -5.1783760071e+01
    1.0019526817e-02   -5.1762336731e+01
    1.0029752739e-02   -5.1739337921e+01
    1.0039977729e-02   -5.1716289520e+01
    1.0049521923e-02   -5.1694732666e+01
    1.0059746914e-02   -5.1671581268e+01
    1.0069094598e-02   -5.1650367737e+01
    1.0079698637e-02   -5.1626251221e+01
    1.0089338757e-02   -5.1604278564e+01
    1.0099845938e-02   -5.1580280304e+01
    1.0109390132e-02   -5.1558444977e+01
    1.0119615123e-02   -5.1535011292e+01
    1.0129841045e-02   -5.1511535645e+01
    1.0139384307e-02   -5.1489593506e+01
    1.0149610229e-02   -5.1466041565e+01
    1.0159835219e-02   -5.1442447662e+01
    1.0169379413e-02   -5.1420387268e+01
    1.0179604404e-02   -5.1396713257e+01
    1.0189830326e-02   -5.1373001099e+01
    1.0199373588e-02   -5.1350833893e+01
    1.0209599510e-02   -5.1327053070e+01
    1.0219824500e-02   -5.1303237915e+01
    1.0229368694e-02   -5.1280979156e+01
    1.0239593685e-02   -5.1257099152e+01
    1.0249819607e-02   -5.1233188629e+01
    1.0259362869e-02   -5.1210834503e+01
    1.0269588791e-02   -5.1186851501e+01
    1.0279813781e-02   -5.1162826538e+01
    1.0289357975e-02   -5.1140369415e+01
    1.0299582966e-02   -5.1116271973e+01
    1.0309808888e-02   -5.1092140198e+01
    1.0319352150e-02   -5.1069591522e+01
    1.0329578072e-02   -5.1045402527e+01
    1.0339803062e-02   -5.1021186829e+01
    1.0349347256e-02   -5.0998565674e+01
    1.0359572247e-02   -5.0974308014e+01
    1.0369798169e-02   -5.0950031281e+01
    1.0379341431e-02   -5.0927349091e+01
    1.0389567353e-02   -5.0903034210e+01
    1.0399792343e-02   -5.0878700256e+01
    1.0409336537e-02   -5.0855972290e+01
    1.0419561528e-02   -5.0831607819e+01
    1.0429787450e-02   -5.0807231903e+01
    1.0439330712e-02   -5.0784473419e+01
    1.0449556634e-02   -5.0760074615e+01
    1.0459781624e-02   -5.0735668182e+01
    1.0469325818e-02   -5.0712879181e+01
    1.0479550809e-02   -5.0688449860e+01
    1.0489776731e-02   -5.0664005280e+01
    1.0499319993e-02   -5.0641170502e+01
    1.0509545915e-02   -5.0616687775e+01
    1.0519770905e-02   -5.0592182159e+01
    1.0529996827e-02   -5.0567642212e+01
    1.0539540090e-02   -5.0544715881e+01
    1.0549766012e-02   -5.0520114899e+01
    1.0559991002e-02   -5.0495479584e+01
    1.0569534265e-02   -5.0472450256e+01
    1.0579760186e-02   -5.0447742462e+01
    1.0589985177e-02   -5.0423000336e+01
    1.0599529371e-02   -5.0399868011e+01
    1.0609754361e-02   -5.0375049591e+01
    1.0619980283e-02   -5.0350185394e+01
    1.0629523546e-02   -5.0326942444e+01
    1.0639749467e-02   -5.0301994324e+01
    1.0649974458e-02   -5.0277000427e+01
    1.0659518652e-02   -5.0253631592e+01
    1.0669743642e-02   -5.0228546143e+01
    1.0679969564e-02   -5.0203411102e+01
    1.0689512827e-02   -5.0179912567e+01
    1.0699738748e-02   -5.0154693604e+01
    1.0709963739e-02   -5.0129432678e+01
    1.0719507933e-02   -5.0105812073e+01
    1.0729732923e-02   -5.0080467224e+01
    1.0739083402e-02   -5.0057258606e+01
    1.0748805478e-02   -5.0033084869e+01
    1.0759752244e-02   -5.0005832672e+01
    1.0769483633e-02   -4.9981571198e+01
    1.0779214092e-02   -4.9957283020e+01
    1.0788944550e-02   -4.9932968140e+01
    1.0799891315e-02   -4.9905586243e+01
    1.0809621774e-02   -4.9881229401e+01
    1.0819352232e-02   -4.9856849670e+01
    1.0829082690e-02   -4.9832458496e+01
    1.0838812217e-02   -4.9808052063e+01
    1.0849758983e-02   -4.9780586243e+01
    1.0859488510e-02   -4.9756160736e+01
    1.0869218968e-02   -4.9731731415e+01
    1.0878948495e-02   -4.9707298279e+01
    1.0889894329e-02   -4.9679809570e+01
    1.0899624787e-02   -4.9655372620e+01
    1.0909354314e-02   -4.9630939484e+01
    1.0919083841e-02   -4.9606510162e+01
    1.0928813368e-02   -4.9582077026e+01
    1.0939759202e-02   -4.9554584503e+01
    1.0949488729e-02   -4.9530143738e+01
    1.0959218256e-02   -4.9505699158e+01
    1.0968947783e-02   -4.9481246948e+01
    1.0979892686e-02   -4.9453731537e+01
    1.0989622213e-02   -4.9429267883e+01
    1.0999350809e-02   -4.9404796600e+01
    1.1009080335e-02   -4.9380321503e+01
    1.1018808931e-02   -4.9355842590e+01
    1.1029754765e-02   -4.9328296661e+01
    1.1039483361e-02   -4.9303810120e+01
    1.1049211957e-02   -4.9279315948e+01
    1.1058941483e-02   -4.9254817963e+01
    1.1069886386e-02   -4.9227252960e+01
    1.1079614982e-02   -4.9202739716e+01
    1.1089343578e-02   -4.9178218842e+01
    1.1099072173e-02   -4.9153686523e+01
    1.1108800769e-02   -4.9129146576e+01
    1.1119744740e-02   -4.9101524353e+01
    1.1129473336e-02   -4.9076957703e+01
    1.1139201932e-02   -4.9052383423e+01
    1.1148930527e-02   -4.9027797699e+01
    1.1159874499e-02   -4.9000125885e+01
    1.1169603094e-02   -4.8975517273e+01
    1.1179331690e-02   -4.8950897217e+01
    1.1189059354e-02   -4.8926269531e+01
    1.1198787950e-02   -4.8901626587e+01
    1.1209731922e-02   -4.8873897552e+01
    1.1219460517e-02   -4.8849235535e+01
    1.1229188181e-02   -4.8824562073e+01
    1.1238916777e-02   -4.8799880981e+01
    1.1249860749e-02   -4.8772106171e+01
    1.1259588413e-02   -4.8747409821e+01
    1.1269317009e-02   -4.8722709656e+01
    1.1279044673e-02   -4.8698001862e+01
    1.1289988644e-02   -4.8670204163e+01
    1.1299717240e-02   -4.8645492554e+01
    1.1309444904e-02   -4.8620780945e+01
    1.1319172569e-02   -4.8596065521e+01
    1.1328901164e-02   -4.8571350098e+01
    1.1339845136e-02   -4.8543544769e+01
    1.1349572800e-02   -4.8518825531e+01
    1.1359300464e-02   -4.8494102478e+01
    1.1369029060e-02   -4.8469379425e+01
    1.1379973032e-02   -4.8441562653e+01
    1.1389700696e-02   -4.8416831970e+01
    1.1399428360e-02   -4.8392101288e+01
    1.1409156956e-02   -4.8367370605e+01
    1.1418884620e-02   -4.8342636108e+01
    1.1429828592e-02   -4.8314804077e+01
    1.1439556256e-02   -4.8290061951e+01
    1.1449283920e-02   -4.8265316010e+01
    1.1459011585e-02   -4.8240570068e+01
    1.1469955556e-02   -4.8212726593e+01
    1.1479684152e-02   -4.8187976837e+01
    1.1489411816e-02   -4.8163230896e+01
    1.1499139480e-02   -4.8138488770e+01
    1.1508867145e-02   -4.8113750458e+01
    1.1519811116e-02   -4.8085933685e+01
    1.1529538780e-02   -4.8061218262e+01
    1.1539267376e-02   -4.8036514282e+01
    1.1548995040e-02   -4.8011825562e+01
    1.1559939012e-02   -4.7984073639e+01
    1.1569666676e-02   -4.7959423065e+01
    1.1579394341e-02   -4.7934795380e+01
    1.1589122936e-02   -4.7910186768e+01
    1.1598850600e-02   -4.7885608673e+01
    1.1609794572e-02   -4.7857986450e+01
    1.1619522236e-02   -4.7833461761e+01
    1.1629249901e-02   -4.7808971405e+01
    1.1638978496e-02   -4.7784511566e+01
    1.1649921536e-02   -4.7757034302e+01
    1.1659650132e-02   -4.7732646942e+01
    1.1669377796e-02   -4.7708293915e+01
    1.1679105461e-02   -4.7683975220e+01
    1.1688834056e-02   -4.7659690857e+01
    1.1699778028e-02   -4.7632411957e+01
    1.1709505692e-02   -4.7608200073e+01
    1.1719233356e-02   -4.7584026337e+01
    1.1728961021e-02   -4.7559883118e+01
    1.1739904992e-02   -4.7532756805e+01
    1.1749633588e-02   -4.7508678436e+01
    1.1759361252e-02   -4.7484626770e+01
    1.1769088916e-02   -4.7460601807e+01
    1.1778816581e-02   -4.7436595917e+01
    1.1789760552e-02   -4.7409610748e+01
    1.1799488217e-02   -4.7385643005e+01
    1.1809216812e-02   -4.7361686707e+01
    1.1818944477e-02   -4.7337741852e+01
    1.1829887517e-02   -4.7310810089e+01
    1.1839615181e-02   -4.7286872864e+01
    1.1849342845e-02   -4.7262939453e+01
    1.1859070510e-02   -4.7239002228e+01
    1.1868798174e-02   -4.7215065002e+01
    1.1879742146e-02   -4.7188133240e+01
    1.1889469810e-02   -4.7164188385e+01
    1.1899197474e-02   -4.7140235901e+01
    1.1908924207e-02   -4.7116275787e+01
    1.1919868179e-02   -4.7089309692e+01
    1.1929595843e-02   -4.7065330505e+01
    1.1939322576e-02   -4.7041336060e+01
    1.1949050240e-02   -4.7017326355e+01
    1.1959993280e-02   -4.6990295410e+01
    1.1969720945e-02   -4.6966247559e+01
    1.1979448609e-02   -4.6942180634e+01
    1.1989175342e-02   -4.6918090820e+01
    1.1998903006e-02   -4.6893978119e+01
    1.2009846047e-02   -4.6866825104e+01
    1.2019573711e-02   -4.6842666626e+01
    1.2029300444e-02   -4.6818477631e+01
    1.2039028108e-02   -4.6794269562e+01
    1.2049971148e-02   -4.6767002106e+01
    1.2059697881e-02   -4.6742744446e+01
    1.2069425546e-02   -4.6718460083e+01
    1.2079152279e-02   -4.6694156647e+01
    1.2088879943e-02   -4.6669834137e+01
    1.2099822052e-02   -4.6642448425e+01
    1.2109549716e-02   -4.6618091583e+01
    1.2119276449e-02   -4.6593719482e+01
    1.2129003182e-02   -4.6569339752e+01
    1.2139946222e-02   -4.6541896820e+01
    1.2149673887e-02   -4.6517498016e+01
    1.2159400620e-02   -4.6493095398e+01
    1.2169127353e-02   -4.6468692780e+01
    1.2178854086e-02   -4.6444286346e+01
    1.2189797126e-02   -4.6416828156e+01
    1.2199523859e-02   -4.6392425537e+01
    1.2209250592e-02   -4.6368026733e+01
    1.2218977325e-02   -4.6343631744e+01
    1.2229920365e-02   -4.6316188812e+01
    1.2239647098e-02   -4.6291805267e+01
    1.2249373831e-02   -4.6267421722e+01
    1.2259100564e-02   -4.6243049622e+01
    1.2268827297e-02   -4.6218681335e+01
    1.2279770337e-02   -4.6191276550e+01
    1.2289497070e-02   -4.6166923523e+01
    1.2299223803e-02   -4.6142581940e+01
    1.2308949605e-02   -4.6118251801e+01
    1.2319892645e-02   -4.6090892792e+01
    1.2329619378e-02   -4.6066585541e+01
    1.2339346111e-02   -4.6042289734e+01
    1.2349072844e-02   -4.6018009186e+01
    1.2358798645e-02   -4.5993740082e+01
    1.2369741686e-02   -4.5966457367e+01
    1.2379468419e-02   -4.5942218781e+01
    1.2389194220e-02   -4.5917999268e+01
    1.2398920953e-02   -4.5893791199e+01
    1.2409863994e-02   -4.5866577148e+01
    1.2419589795e-02   -4.5842403412e+01
    1.2429316528e-02   -4.5818248749e+01
    1.2439043261e-02   -4.5794105530e+01
    1.2449985370e-02   -4.5766967773e+01
    1.2459712103e-02   -4.5742858887e+01
    1.2469437905e-02   -4.5718765259e+01
    1.2479164638e-02   -4.5694686890e+01
    1.2488891371e-02   -4.5670619965e+01
    1.2499833480e-02   -4.5643562317e+01
    1.2509559281e-02   -4.5619518280e+01
    1.2519286014e-02   -4.5595485687e+01
    1.2529012747e-02   -4.5571460724e+01
    1.2539954856e-02   -4.5544441223e+01
    1.2549680658e-02   -4.5520427704e+01
    1.2559407391e-02   -4.5496417999e+01
    1.2569134124e-02   -4.5472412109e+01
    1.2578859925e-02   -4.5448406219e+01
    1.2589802034e-02   -4.5421398163e+01
    1.2599528767e-02   -4.5397388458e+01
    1.2609254569e-02   -4.5373371124e+01
    1.2618981302e-02   -4.5349349976e+01
    1.2629923411e-02   -4.5322315216e+01
    1.2639649212e-02   -4.5298271179e+01
    1.2649375014e-02   -4.5274219513e+01
    1.2659101747e-02   -4.5250152588e+01
    1.2668827549e-02   -4.5226070404e+01
    1.2679769658e-02   -4.5198959351e+01
    1.2689496391e-02   -4.5174842834e+01
    1.2699222192e-02   -4.5150707245e+01
    1.2708948925e-02   -4.5126556396e+01
    1.2719890103e-02   -4.5099365234e+01
    1.2729616836e-02   -4.5075172424e+01
    1.2739342637e-02   -4.5050964355e+01
    1.2749069370e-02   -4.5026737213e+01
    1.2758795172e-02   -4.5002490997e+01
    1.2769737281e-02   -4.4975196838e+01
    1.2779463083e-02   -4.4950920105e+01
    1.2789188884e-02   -4.4926628113e+01
    1.2798915617e-02   -4.4902324677e+01
    1.2809856795e-02   -4.4874969482e+01
    1.2819583528e-02   -4.4850646973e+01
    1.2829309329e-02   -4.4826316833e+01
    1.2839035131e-02   -4.4801979065e+01
    1.2849977240e-02   -4.4774597168e+01
    1.2859703042e-02   -4.4750259399e+01
    1.2869428843e-02   -4.4725921631e+01
    1.2879155576e-02   -4.4701587677e+01
    1.2888881378e-02   -4.4677261353e+01
    1.2899823487e-02   -4.4649902344e+01
    1.2909549288e-02   -4.4625591278e+01
    1.2919275090e-02   -4.4601295471e+01
    1.2929000892e-02   -4.4577011108e+01
    1.2939943001e-02   -4.4549705505e+01
    1.2949668802e-02   -4.4525455475e+01
    1.2959395535e-02   -4.4501216888e+01
    1.2969121337e-02   -4.4476997375e+01
    1.2978847139e-02   -4.4452796936e+01
    1.2989789248e-02   -4.4425594330e+01
    1.2999515049e-02   -4.4401435852e+01
    1.3009240851e-02   -4.4377292633e+01
    1.3018966652e-02   -4.4353172302e+01
    1.3029908761e-02   -4.4326057434e+01
    1.3039634563e-02   -4.4301975250e+01
    1.3049360365e-02   -4.4277908325e+01
    1.3059086166e-02   -4.4253860474e+01
    1.3068811968e-02   -4.4229827881e+01
    1.3079424389e-02   -4.4203620911e+01
    1.3089649379e-02   -4.4178382874e+01
    1.3099874370e-02   -4.4153152466e+01
    1.3109418564e-02   -4.4129615784e+01
    1.3119644485e-02   -4.4104400635e+01
    1.3129869476e-02   -4.4079185486e+01
    1.3139413670e-02   -4.4055656433e+01
    1.3149638660e-02   -4.4030441284e+01
    1.3159863651e-02   -4.4005226135e+01
    1.3169407845e-02   -4.3981681824e+01
    1.3179632835e-02   -4.3956447601e+01
    1.3189858757e-02   -4.3931205750e+01
    1.3199402019e-02   -4.3907634735e+01
    1.3209627941e-02   -4.3882366180e+01
    1.3219852932e-02   -4.3857082367e+01
    1.3229397126e-02   -4.3833469391e+01
    1.3239622116e-02   -4.3808155060e+01
    1.3249848038e-02   -4.3782821655e+01
    1.3259391300e-02   -4.3759166718e+01
    1.3269617222e-02   -4.3733798981e+01
    1.3279842213e-02   -4.3708419800e+01
    1.3289386407e-02   -4.3684715271e+01
    1.3299611397e-02   -4.3659305573e+01
    1.3309837319e-02   -4.3633876801e+01
    1.3319380581e-02   -4.3610134125e+01
    1.3329606503e-02   -4.3584678650e+01
    1.3339831494e-02   -4.3559211731e+01
    1.3349375688e-02   -4.3535434723e+01
    1.3359600678e-02   -4.3509944916e+01
    1.3369826600e-02   -4.3484447479e+01
    1.3379369862e-02   -4.3460643768e+01
    1.3389595784e-02   -4.3435131073e+01
    1.3399820775e-02   -4.3409610748e+01
    1.3409364969e-02   -4.3385787964e+01
    1.3419589959e-02   -4.3360263824e+01
    1.3429815881e-02   -4.3334735870e+01
    1.3439359143e-02   -4.3310913086e+01
    1.3449585065e-02   -4.3285388947e+01
    1.3459810056e-02   -4.3259872437e+01
    1.3469354250e-02   -4.3236061096e+01
    1.3479579240e-02   -4.3210556030e+01
    1.3489805162e-02   -4.3185062408e+01
    1.3499348424e-02   -4.3161273956e+01
    1.3509574346e-02   -4.3135803223e+01
    1.3519799337e-02   -4.3110343933e+01
    1.3529343531e-02   -4.3086593628e+01
    1.3539568521e-02   -4.3061164856e+01
    1.3549794443e-02   -4.3035747528e+01
    1.3559337705e-02   -4.3012042999e+01
    1.3569563627e-02   -4.2986660004e+01
    1.3579788618e-02   -4.2961296082e+01
    1.3589332812e-02   -4.2937637329e+01
    1.3599557802e-02   -4.2912307739e+01
    1.3609783724e-02   -4.2886997223e+01
    1.3619326986e-02   -4.2863391876e+01
    1.3629620895e-02   -4.2837955475e+01
    1.3639519922e-02   -4.2813510895e+01
    1.3649245724e-02   -4.2789516449e+01
    1.3658971526e-02   -4.2765544891e+01
    1.3669912703e-02   -4.2738597870e+01
    1.3679638505e-02   -4.2714672089e+01
    1.3689365238e-02   -4.2690769196e+01
    1.3699091040e-02   -4.2666889191e+01
    1.3708816841e-02   -4.2643032074e+01
    1.3719758019e-02   -4.2616226196e+01
    1.3729483820e-02   -4.2592422485e+01
    1.3739210553e-02   -4.2568645477e+01
    1.3748936355e-02   -4.2544891357e+01
    1.3759877533e-02   -4.2518199921e+01
    1.3769604266e-02   -4.2494495392e+01
    1.3779330067e-02   -4.2470817566e+01
    1.3789055869e-02   -4.2447158813e+01
    1.3799997978e-02   -4.2420570374e+01
    1.3809723780e-02   -4.2396957397e+01
    1.3819449581e-02   -4.2373363495e+01
    1.3829175383e-02   -4.2349788666e+01
    1.3838902116e-02   -4.2326229095e+01
    1.3849843293e-02   -4.2299747467e+01
    1.3859570026e-02   -4.2276222229e+01
    1.3869295828e-02   -4.2252712250e+01
    1.3879021630e-02   -4.2229217529e+01
    1.3889963739e-02   -4.2202800751e+01
    1.3899690472e-02   -4.2179328918e+01
    1.3909416273e-02   -4.2155868530e+01
    1.3919142075e-02   -4.2132419586e+01
    1.3928868808e-02   -4.2108978271e+01
    1.3939810917e-02   -4.2082618713e+01
    1.3949536718e-02   -4.2059192657e+01
    1.3959263451e-02   -4.2035774231e+01
    1.3968989253e-02   -4.2012359619e+01
    1.3979931362e-02   -4.1986026764e+01
    1.3989658095e-02   -4.1962627411e+01
    1.3999383897e-02   -4.1939228058e+01
    1.4009110630e-02   -4.1915836334e+01
    1.4018836431e-02   -4.1892448425e+01
    1.4029779471e-02   -4.1866146088e+01
    1.4039505273e-02   -4.1842769623e+01
    1.4049232006e-02   -4.1819396973e+01
    1.4058958739e-02   -4.1796031952e+01
    1.4069900848e-02   -4.1769760132e+01
    1.4079626650e-02   -4.1746410370e+01
    1.4089353383e-02   -4.1723075867e+01
    1.4099080116e-02   -4.1699748993e+01
    1.4108806849e-02   -4.1676437378e+01
    1.4119748957e-02   -4.1650230408e+01
    1.4129475690e-02   -4.1626949310e+01
    1.4139202423e-02   -4.1603683472e+01
    1.4148929156e-02   -4.1580440521e+01
    1.4159871265e-02   -4.1554313660e+01
    1.4169597998e-02   -4.1531116486e+01
    1.4179324731e-02   -4.1507938385e+01
    1.4189051464e-02   -4.1484783173e+01
    1.4199994504e-02   -4.1458766937e+01
    1.4209721237e-02   -4.1435665131e+01
    1.4219447970e-02   -4.1412593842e+01
    1.4229174703e-02   -4.1389545441e+01
    1.4238901436e-02   -4.1366523743e+01
    1.4249844477e-02   -4.1340656281e+01
    1.4259571210e-02   -4.1317691803e+01
    1.4269297943e-02   -4.1294754028e+01
    1.4279025607e-02   -4.1271839142e+01
    1.4289967716e-02   -4.1246093750e+01
    1.4299695380e-02   -4.1223228455e+01
    1.4309422113e-02   -4.1200389862e+01
    1.4319149777e-02   -4.1177574158e+01
    1.4328876510e-02   -4.1154777527e+01
    1.4339819551e-02   -4.1129154205e+01
    1.4349547215e-02   -4.1106395721e+01
    1.4359273948e-02   -4.1083652496e+01
    1.4369001612e-02   -4.1060924530e+01
    1.4379944652e-02   -4.1035373688e+01
    1.4389672317e-02   -4.1012668610e+01
    1.4399399981e-02   -4.0989971161e+01
    1.4409126714e-02   -4.0967281342e+01
    1.4418854378e-02   -4.0944595337e+01
    1.4429797418e-02   -4.0919078827e+01
    1.4439525083e-02   -4.0896396637e+01
    1.4449252747e-02   -4.0873710632e+01
    1.4458980411e-02   -4.0851020813e+01
    1.4469924383e-02   -4.0825489044e+01
    1.4479652047e-02   -4.0802787781e+01
    1.4489379711e-02   -4.0780078888e+01
    1.4499107376e-02   -4.0757362366e+01
    1.4508835040e-02   -4.0734630585e+01
    1.4519779012e-02   -4.0709049225e+01
    1.4529506676e-02   -4.0686294556e+01
    1.4539234340e-02   -4.0663524628e+01
    1.4548962004e-02   -4.0640747070e+01
    1.4559905976e-02   -4.0615100861e+01
    1.4569634572e-02   -4.0592292786e+01
    1.4579362236e-02   -4.0569469452e+01
    1.4589090832e-02   -4.0546630859e+01
    1.4598818496e-02   -4.0523780823e+01
    1.4609762467e-02   -4.0498058319e+01
    1.4619491063e-02   -4.0475181580e+01
    1.4629218727e-02   -4.0452289581e+01
    1.4638947323e-02   -4.0429386139e+01
    1.4649892226e-02   -4.0403602600e+01
    1.4659619890e-02   -4.0380672455e+01
    1.4669348486e-02   -4.0357730865e+01
    1.4679077081e-02   -4.0334777832e+01
    1.4688805677e-02   -4.0311817169e+01
    1.4699750580e-02   -4.0285968781e+01
    1.4709479176e-02   -4.0262981415e+01
    1.4719207771e-02   -4.0239982605e+01
    1.4728936367e-02   -4.0216976166e+01
    1.4739881270e-02   -4.0191082001e+01
    1.4749609865e-02   -4.0168052673e+01
    1.4759338461e-02   -4.0145015717e+01
    1.4769067056e-02   -4.0121971130e+01
    1.4778796583e-02   -4.0098915100e+01
    1.4789741486e-02   -4.0072967529e+01
    1.4799470082e-02   -4.0049896240e+01
    1.4809199609e-02   -4.0026817322e+01
    1.4818928204e-02   -4.0003726959e+01
    1.4829874039e-02   -3.9977745056e+01
    1.4839602634e-02   -3.9954643250e+01
    1.4849332161e-02   -3.9931529999e+01
    1.4859061688e-02   -3.9908412933e+01
    1.4868790284e-02   -3.9885284424e+01
    1.4879736118e-02   -3.9859260559e+01
    1.4889465645e-02   -3.9836116791e+01
    1.4899195172e-02   -3.9812965393e+01
    1.4908924699e-02   -3.9789806366e+01
    1.4919869602e-02   -3.9763740540e+01
    1.4929599129e-02   -3.9740558624e+01
    1.4939328656e-02   -3.9717365265e+01
    1.4949058183e-02   -3.9694160461e+01
    1.4958788641e-02   -3.9670944214e+01
    1.4969734475e-02   -3.9644809723e+01
    1.4979464002e-02   -3.9621566772e+01
    1.4989193529e-02   -3.9598304749e+01
    1.4998923987e-02   -3.9575027466e+01
    1.5009869821e-02   -3.9548824310e+01
    1.5019599348e-02   -3.9525512695e+01
    1.5029329807e-02   -3.9502182007e+01
    1.5039059334e-02   -3.9478828430e+01
    1.5048789792e-02   -3.9455459595e+01
    1.5059735626e-02   -3.9429141998e+01
    1.5069466084e-02   -3.9405723572e+01
    1.5079195611e-02   -3.9382282257e+01
    1.5088926069e-02   -3.9358818054e+01
    1.5099872835e-02   -3.9332386017e+01
    1.5109603293e-02   -3.9308864594e+01
    1.5119332820e-02   -3.9285312653e+01
    1.5129063278e-02   -3.9261730194e+01
    1.5138793737e-02   -3.9238117218e+01
    1.5149740502e-02   -3.9211513519e+01
    1.5159470960e-02   -3.9187828064e+01
    1.5169201419e-02   -3.9164112091e+01
    1.5178931877e-02   -3.9140357971e+01
    1.5189878643e-02   -3.9113594055e+01
    1.5199610032e-02   -3.9089759827e+01
    1.5209340490e-02   -3.9065891266e+01
    1.5219070949e-02   -3.9041988373e+01
    1.5228801407e-02   -3.9018043518e+01
    1.5239749104e-02   -3.8991062164e+01
    1.5249479562e-02   -3.8967037201e+01
    1.5259210020e-02   -3.8942974091e+01
    1.5268941410e-02   -3.8918876648e+01
    1.5279888175e-02   -3.8891719818e+01
    1.5289619565e-02   -3.8867546082e+01
    1.5299350023e-02   -3.8843338013e+01
    1.5309081413e-02   -3.8819095612e+01
    1.5318812802e-02   -3.8794822693e+01
    1.5329759568e-02   -3.8767482758e+01
    1.5339490958e-02   -3.8743148804e+01
    1.5349221416e-02   -3.8718791962e+01
    1.5358952805e-02   -3.8694412231e+01
    1.5369900502e-02   -3.8666957855e+01
    1.5379630961e-02   -3.8642539978e+01
    1.5389362350e-02   -3.8618103027e+01
    1.5399093740e-02   -3.8593658447e+01
    1.5408824198e-02   -3.8569206238e+01
    1.5419771895e-02   -3.8541687012e+01
    1.5429503284e-02   -3.8517227173e+01
    1.5439233743e-02   -3.8492763519e+01
    1.5448965132e-02   -3.8468307495e+01
    1.5459911898e-02   -3.8440799713e+01
    1.5469643287e-02   -3.8416355133e+01
    1.5479374677e-02   -3.8391925812e+01
    1.5489105135e-02   -3.8367504120e+01
    1.5498836525e-02   -3.8343101501e+01
    1.5509784222e-02   -3.8315666199e+01
    1.5519514680e-02   -3.8291294098e+01
    1.5529246069e-02   -3.8266941071e+01
    1.5538976528e-02   -3.8242607117e+01
    1.5549924225e-02   -3.8215251923e+01
    1.5559655614e-02   -3.8190956116e+01
    1.5569386072e-02   -3.8166675568e+01
    1.5579117462e-02   -3.8142414093e+01
    1.5588848852e-02   -3.8118167877e+01
    1.5599795617e-02   -3.8090911865e+01
    1.5609527007e-02   -3.8066699982e+01
    1.5619258396e-02   -3.8042499542e+01
    1.5628987923e-02   -3.8018310547e+01
    1.5639936551e-02   -3.7991111755e+01
    1.5649667010e-02   -3.7966945648e+01
    1.5659397468e-02   -3.7942787170e+01
    1.5669129789e-02   -3.7918636322e+01
    1.5678860247e-02   -3.7894489288e+01
    1.5689807013e-02   -3.7867328644e+01
    1.5699282289e-02   -3.7843826294e+01
    1.5709374100e-02   -3.7818790436e+01
    1.5719467774e-02   -3.7793754578e+01
    1.5729559585e-02   -3.7768718719e+01
    1.5739651397e-02   -3.7743679047e+01
    1.5749745071e-02   -3.7718635559e+01
    1.5759836882e-02   -3.7693588257e+01
    1.5769930556e-02   -3.7668533325e+01
    1.5779105946e-02   -3.7645751953e+01
    1.5789197758e-02   -3.7620685577e+01
    1.5799291432e-02   -3.7595607758e+01
    1.5809383243e-02   -3.7570526123e+01
    1.5819476917e-02   -3.7545433044e+01
    1.5829568729e-02   -3.7520332336e+01
    1.5839660540e-02   -3.7495223999e+01
    1.5849754214e-02   -3.7470104218e+01
    1.5859846026e-02   -3.7444976807e+01
    1.5869939700e-02   -3.7419841766e+01
    1.5879115090e-02   -3.7396987915e+01
    1.5889206901e-02   -3.7371837616e+01
    1.5899300575e-02   -3.7346683502e+01
    1.5909392387e-02   -3.7321525574e+01
    1.5919484198e-02   -3.7296363831e+01
    1.5929577872e-02   -3.7271198273e+01
    1.5939669684e-02   -3.7246032715e+01
    1.5949763358e-02   -3.7220867157e+01
    1.5959855169e-02   -3.7195701599e+01
    1.5969948843e-02   -3.7170539856e+01
    1.5979124233e-02   -3.7147670746e+01
    1.5989216045e-02   -3.7122516632e+01
    1.5999307856e-02   -3.7097370148e+01
    1.6009401530e-02   -3.7072227478e+01
    1.6019493341e-02   -3.7047096252e+01
    1.6029587016e-02   -3.7021976471e+01
    1.6039678827e-02   -3.6996868134e+01
    1.6049772501e-02   -3.6971771240e+01
    1.6059864312e-02   -3.6946685791e+01
    1.6069957986e-02   -3.6921615601e+01
    1.6079131514e-02   -3.6898838043e+01
    1.6089225188e-02   -3.6873798370e+01
    1.6099316999e-02   -3.6848777771e+01
    1.6109410673e-02   -3.6823768616e+01
    1.6119735315e-02   -3.6798206329e+01
    1.6129376367e-02   -3.6774356842e+01
    1.6139980406e-02   -3.6748142242e+01
    1.6149619594e-02   -3.6724327087e+01
    1.6159260646e-02   -3.6700534821e+01
    1.6169864684e-02   -3.6674381256e+01
    1.6179503873e-02   -3.6650623322e+01
    1.6189144924e-02   -3.6626884460e+01
    1.6199748963e-02   -3.6600795746e+01
    1.6209388152e-02   -3.6577098846e+01
    1.6219992191e-02   -3.6551048279e+01
    1.6229633242e-02   -3.6527389526e+01
    1.6239272431e-02   -3.6503749847e+01
    1.6249876469e-02   -3.6477764130e+01
    1.6259517521e-02   -3.6454162598e+01
    1.6269156709e-02   -3.6430576324e+01
    1.6279760748e-02   -3.6404651642e+01
    1.6289401799e-02   -3.6381099701e+01
    1.6299040988e-02   -3.6357559204e+01
    1.6309645027e-02   -3.6331680298e+01
    1.6319286078e-02   -3.6308166504e+01
    1.6329890117e-02   -3.6282310486e+01
    1.6339529306e-02   -3.6258815765e+01
    1.6349170357e-02   -3.6235332489e+01
    1.6359774396e-02   -3.6209510803e+01
    1.6369413584e-02   -3.6186046600e+01
    1.6379054636e-02   -3.6162590027e+01
    1.6389658675e-02   -3.6136795044e+01
    1.6399297863e-02   -3.6113353729e+01
    1.6409901902e-02   -3.6087574005e+01
    1.6419542953e-02   -3.6064136505e+01
    1.6429182142e-02   -3.6040702820e+01
    1.6439786181e-02   -3.6014919281e+01
    1.6449427232e-02   -3.5991474152e+01
    1.6459066421e-02   -3.5968021393e+01
    1.6469670460e-02   -3.5942211151e+01
    1.6479948536e-02   -3.5917179108e+01
    1.6489123926e-02   -3.5894821167e+01
    1.6499217600e-02   -3.5870208740e+01
    1.6509309411e-02   -3.5845577240e+01
    1.6519403085e-02   -3.5820926666e+01
    1.6529494897e-02   -3.5796253204e+01
    1.6539586708e-02   -3.5771556854e+01
    1.6549680382e-02   -3.5746845245e+01
    1.6559772193e-02   -3.5722114563e+01
    1.6569865867e-02   -3.5697372437e+01
    1.6579957679e-02   -3.5672622681e+01
    1.6589133069e-02   -3.5650115967e+01
    1.6599226743e-02   -3.5625358582e+01
    1.6609318554e-02   -3.5600605011e+01
    1.6619410366e-02   -3.5575855255e+01
    1.6629504040e-02   -3.5551109314e+01
    1.6639595851e-02   -3.5526374817e+01
    1.6649689525e-02   -3.5501651764e+01
    1.6659781337e-02   -3.5476932526e+01
    1.6669189557e-02   -3.5453903198e+01
    1.6679793596e-02   -3.5427951813e+01
    1.6689432785e-02   -3.5404365540e+01
    1.6699073836e-02   -3.5380783081e+01
    1.6709677875e-02   -3.5354850769e+01
    1.6719317064e-02   -3.5331275940e+01
    1.6729876399e-02   -3.5305461884e+01
    1.6739968210e-02   -3.5280784607e+01
    1.6749143600e-02   -3.5258350372e+01
    1.6759235412e-02   -3.5233673096e+01
    1.6769329086e-02   -3.5208999634e+01
    1.6779420897e-02   -3.5184326172e+01
    1.6789514571e-02   -3.5159660339e+01
    1.6799606383e-02   -3.5135002136e+01
    1.6809700057e-02   -3.5110351562e+01
    1.6819791868e-02   -3.5085712433e+01
    1.6829883680e-02   -3.5061084747e+01
    1.6839977354e-02   -3.5036476135e+01
    1.6849152744e-02   -3.5014118195e+01
    1.6859244555e-02   -3.4989543915e+01
    1.6869338229e-02   -3.4964992523e+01
    1.6879430041e-02   -3.4940456390e+01
    1.6889523715e-02   -3.4915946960e+01
    1.6899615526e-02   -3.4891452789e+01
    1.6909707338e-02   -3.4866981506e+01
    1.6919115558e-02   -3.4844192505e+01
    1.6929719597e-02   -3.4818519592e+01
    1.6939360648e-02   -3.4795204163e+01
    1.6949964687e-02   -3.4769573212e+01
    1.6959603876e-02   -3.4746288300e+01
    1.6969244927e-02   -3.4723022461e+01
    1.6979848966e-02   -3.4697441101e+01
    1.6989488155e-02   -3.4674205780e+01
    1.6999129206e-02   -3.4650978088e+01
    1.7009733245e-02   -3.4625446320e+01
    1.7019372433e-02   -3.4602245331e+01
    1.7029976472e-02   -3.4576740265e+01
    1.7039617524e-02   -3.4553565979e+01
    1.7049256712e-02   -3.4530403137e+01
    1.7059860751e-02   -3.4504936218e+01
    1.7069501802e-02   -3.4481796265e+01
    1.7079140991e-02   -3.4458671570e+01
    1.7089745030e-02   -3.4433242798e+01
    1.7099386081e-02   -3.4410140991e+01
    1.7109990120e-02   -3.4384742737e+01
    1.7119629309e-02   -3.4361667633e+01
    1.7129270360e-02   -3.4338603973e+01
    1.7139874399e-02   -3.4313255310e+01
    1.7149513587e-02   -3.4290222168e+01
    1.7159154639e-02   -3.4267208099e+01
    1.7169758677e-02   -3.4241909027e+01
    1.7179397866e-02   -3.4218929291e+01
    1.7189038917e-02   -3.4195968628e+01
    1.7199642956e-02   -3.4170730591e+01
    1.7209282145e-02   -3.4147804260e+01
    1.7219886184e-02   -3.4122608185e+01
    1.7229527235e-02   -3.4099723816e+01
    1.7239166424e-02   -3.4076858521e+01
    1.7249770463e-02   -3.4051723480e+01
    1.7259411514e-02   -3.4028892517e+01
    1.7269050702e-02   -3.4006080627e+01
    1.7279654741e-02   -3.3981002808e+01
    1.7289295793e-02   -3.3958221436e+01
    1.7299899831e-02   -3.3933177948e+01
    1.7309539020e-02   -3.3910423279e+01
    1.7319772393e-02   -3.3886287689e+01
    1.7329864204e-02   -3.3862495422e+01
    1.7339225858e-02   -3.3840442657e+01
    1.7349829897e-02   -3.3815467834e+01
    1.7359469086e-02   -3.3792778015e+01
    1.7369110137e-02   -3.3770099640e+01
    1.7379714176e-02   -3.3745166779e+01
    1.7389353365e-02   -3.3722507477e+01
    1.7399957404e-02   -3.3697597504e+01
    1.7409184948e-02   -3.3675930023e+01
    1.7419788986e-02   -3.3651042938e+01
    1.7429430038e-02   -3.3628429413e+01
    1.7439069226e-02   -3.3605827332e+01
    1.7449533567e-02   -3.3581302643e+01
    1.7459627241e-02   -3.3557659149e+01
    1.7469719052e-02   -3.3534030914e+01
    1.7479812726e-02   -3.3510414124e+01
    1.7489904538e-02   -3.3486804962e+01
    1.7499998212e-02   -3.3463211060e+01
    1.7509171739e-02   -3.3441764832e+01
    1.7519265413e-02   -3.3418186188e+01
    1.7529357225e-02   -3.3394611359e+01
    1.7539450899e-02   -3.3371040344e+01
    1.7549542710e-02   -3.3347476959e+01
    1.7559636384e-02   -3.3323917389e+01
    1.7569728196e-02   -3.3300357819e+01
    1.7579821870e-02   -3.3276802063e+01
    1.7589913681e-02   -3.3253242493e+01
    1.7599089071e-02   -3.3231826782e+01
    1.7609180883e-02   -3.3208259583e+01
    1.7619274557e-02   -3.3184688568e+01
    1.7629366368e-02   -3.3161109924e+01
    1.7639460042e-02   -3.3137519836e+01
    1.7649551854e-02   -3.3113918304e+01
    1.7659645528e-02   -3.3090301514e+01
    1.7669737339e-02   -3.3066677094e+01
    1.7679829150e-02   -3.3043033600e+01
    1.7689922825e-02   -3.3019374847e+01
    1.7699098215e-02   -3.2997852325e+01
    1.7709190026e-02   -3.2974163055e+01
    1.7719283700e-02   -3.2950458527e+01
    1.7729375511e-02   -3.2926734924e+01
    1.7739469185e-02   -3.2902996063e+01
    1.7749560997e-02   -3.2879241943e+01
    1.7759652808e-02   -3.2855480194e+01
    1.7769746482e-02   -3.2831707001e+01
    1.7779838294e-02   -3.2807929993e+01
    1.7789931968e-02   -3.2784145355e+01
    1.7799107358e-02   -3.2762519836e+01
    1.7809199169e-02   -3.2738735199e+01
    1.7819292843e-02   -3.2714950562e+01
    1.7829384655e-02   -3.2691165924e+01
    1.7839476466e-02   -3.2667385101e+01
    1.7849570140e-02   -3.2643608093e+01
    1.7859661952e-02   -3.2619834900e+01
    1.7869755626e-02   -3.2596061707e+01
    1.7879847437e-02   -3.2572292328e+01
    1.7889941111e-02   -3.2548522949e+01
    1.7899116501e-02   -3.2526908875e+01
    1.7909208313e-02   -3.2503131866e+01
    1.7919300124e-02   -3.2479351044e+01
    1.7929393798e-02   -3.2455562592e+01
    1.7939485610e-02   -3.2431766510e+01
    1.7949579284e-02   -3.2407958984e+01
    1.7959857360e-02   -3.2383701324e+01
    1.7969498411e-02   -3.2360939026e+01
    1.7979137599e-02   -3.2338161469e+01
    1.7989741638e-02   -3.2313095093e+01
    1.7999382690e-02   -3.2290290833e+01
    1.8009986728e-02   -3.2265193939e+01
    1.8019625917e-02   -3.2242359161e+01
    1.8029266968e-02   -3.2219516754e+01
    1.8039871007e-02   -3.2194377899e+01
    1.8049510196e-02   -3.2171508789e+01
    1.8059151247e-02   -3.2148635864e+01
    1.8069755286e-02   -3.2123470306e+01
    1.8079394475e-02   -3.2100585938e+01
    1.8089998513e-02   -3.2075412750e+01
    1.8099639565e-02   -3.2052524567e+01
    1.8109278753e-02   -3.2029640198e+01
    1.8119882792e-02   -3.2004467010e+01
    1.8129523844e-02   -3.1981592178e+01
    1.8139163032e-02   -3.1958723068e+01
    1.8149767071e-02   -3.1933576584e+01
    1.8159408122e-02   -3.1910728455e+01
    1.8169047311e-02   -3.1887895584e+01
    1.8179651350e-02   -3.1862794876e+01
    1.8189245835e-02   -3.1840103149e+01
    1.8199337646e-02   -3.1816247940e+01
    1.8209431320e-02   -3.1792413712e+01
    1.8219523132e-02   -3.1768596649e+01
    1.8229614943e-02   -3.1744800568e+01
    1.8239708617e-02   -3.1721021652e+01
    1.8249800429e-02   -3.1697265625e+01
    1.8259894103e-02   -3.1673528671e+01
    1.8269985914e-02   -3.1649812698e+01
    1.8279161304e-02   -3.1628271103e+01
    1.8289254978e-02   -3.1604598999e+01
    1.8299346790e-02   -3.1580947876e+01
    1.8309438601e-02   -3.1557319641e+01
    1.8319532275e-02   -3.1533714294e+01
    1.8329624087e-02   -3.1510131836e+01
    1.8339717761e-02   -3.1486572266e+01
    1.8349809572e-02   -3.1463037491e+01
    1.8359903246e-02   -3.1439529419e+01
    1.8369995058e-02   -3.1416049957e+01
    1.8379170448e-02   -3.1394727707e+01
    1.8389262259e-02   -3.1371303558e+01
    1.8399355933e-02   -3.1347908020e+01
    1.8409447744e-02   -3.1324542999e+01
    1.8419541419e-02   -3.1301208496e+01
    1.8429633230e-02   -3.1277904510e+01
    1.8439726904e-02   -3.1254629135e+01
    1.8449818715e-02   -3.1231386185e+01
    1.8459912390e-02   -3.1208171844e+01
    1.8469085917e-02   -3.1187093735e+01
    1.8479179591e-02   -3.1163934708e+01
    1.8489271402e-02   -3.1140808105e+01
    1.8499365076e-02   -3.1117708206e+01
    1.8509456888e-02   -3.1094638824e+01
    1.8519550562e-02   -3.1071601868e+01
    1.8529642373e-02   -3.1048595428e+01
    1.8539736047e-02   -3.1025621414e+01
    1.8549827859e-02   -3.1002681732e+01
    1.8559921533e-02   -3.0979774475e+01
    1.8569095060e-02   -3.0958982468e+01
    1.8579188734e-02   -3.0936145782e+01
    1.8589280546e-02   -3.0913345337e+01
    1.8599374220e-02   -3.0890583038e+01
    1.8609466031e-02   -3.0867856979e+01
    1.8619559705e-02   -3.0845170975e+01
    1.8629651517e-02   -3.0822521210e+01
    1.8639745191e-02   -3.0799909592e+01
    1.8649837002e-02   -3.0777336121e+01
    1.8659928814e-02   -3.0754800797e+01
    1.8669104204e-02   -3.0734344482e+01
    1.8679197878e-02   -3.0711875916e+01
    1.8689289689e-02   -3.0689439774e+01
    1.8699383363e-02   -3.0667036057e+01
    1.8709475175e-02   -3.0644662857e+01
    1.8719568849e-02   -3.0622316360e+01
    1.8729660660e-02   -3.0599998474e+01
    1.8739752471e-02   -3.0577705383e+01
    1.8749846146e-02   -3.0555437088e+01
    1.8759937957e-02   -3.0533195496e+01
    1.8769113347e-02   -3.0512994766e+01
    1.8779207021e-02   -3.0490797043e+01
    1.8789298832e-02   -3.0468622208e+01
    1.8799392506e-02   -3.0446468353e+01
    1.8809484318e-02   -3.0424335480e+01
    1.8819576129e-02   -3.0402219772e+01
    1.8829669803e-02   -3.0380123138e+01
    1.8839761615e-02   -3.0358043671e+01
    1.8849855289e-02   -3.0335981369e+01
    1.8859947100e-02   -3.0313934326e+01
    1.8869122490e-02   -3.0293905258e+01
    1.8879216164e-02   -3.0271886826e+01
    1.8889307976e-02   -3.0249881744e+01
    1.8899399787e-02   -3.0227890015e+01
    1.8909493461e-02   -3.0205911636e+01
    1.8919585273e-02   -3.0183942795e+01
    1.8929678947e-02   -3.0161981583e+01
    1.8939770758e-02   -3.0140029907e+01
    1.8949864432e-02   -3.0118083954e+01
    1.8959956244e-02   -3.0096143723e+01
    1.8969131634e-02   -3.0076200485e+01
    1.8979223445e-02   -3.0054264069e+01
    1.8989317119e-02   -3.0032327652e+01
    1.8999408931e-02   -3.0010389328e+01
    1.9009502605e-02   -2.9988447189e+01
    1.9019594416e-02   -2.9966501236e+01
    1.9029688090e-02   -2.9944543839e+01
    1.9039779902e-02   -2.9922576904e+01
    1.9049873576e-02   -2.9900596619e+01
    1.9059965387e-02   -2.9878601074e+01
    1.9069140777e-02   -2.9858589172e+01
    1.9079232588e-02   -2.9836557388e+01
    1.9089326262e-02   -2.9814502716e+01
    1.9099418074e-02   -2.9792425156e+01
    1.9109511748e-02   -2.9770326614e+01
    1.9119603559e-02   -2.9748201370e+01
    1.9129697233e-02   -2.9726053238e+01
    1.9139965996e-02   -2.9703493118e+01
    1.9149698317e-02   -2.9682090759e+01
    1.9159430638e-02   -2.9660669327e+01
    1.9169811159e-02   -2.9637800217e+01
    1.9179543480e-02   -2.9616340637e+01
    1.9189924002e-02   -2.9593435287e+01
    1.9199656323e-02   -2.9571947098e+01
    1.9209388644e-02   -2.9550447464e+01
    1.9219771028e-02   -2.9527503967e+01
    1.9229503348e-02   -2.9505989075e+01
    1.9239883870e-02   -2.9483032227e+01
    1.9249616191e-02   -2.9461509705e+01
    1.9259996712e-02   -2.9438550949e+01
    1.9269729033e-02   -2.9417030334e+01
    1.9279461354e-02   -2.9395511627e+01
    1.9289841875e-02   -2.9372564316e+01
    1.9299574196e-02   -2.9351057053e+01
    1.9309956580e-02   -2.9328125000e+01
    1.9319687039e-02   -2.9306636810e+01
    1.9329419360e-02   -2.9285156250e+01
    1.9339801744e-02   -2.9262256622e+01
    1.9349534065e-02   -2.9240798950e+01
    1.9359914586e-02   -2.9217924118e+01
    1.9369646907e-02   -2.9196489334e+01
    1.9379379228e-02   -2.9175065994e+01
    1.9389759749e-02   -2.9152227402e+01
    1.9399492070e-02   -2.9130826950e+01
    1.9409872591e-02   -2.9108011246e+01
    1.9419604912e-02   -2.9086629868e+01
    1.9429987296e-02   -2.9063831329e+01
    1.9439717755e-02   -2.9042467117e+01
    1.9449450076e-02   -2.9021106720e+01
    1.9459832460e-02   -2.8998327255e+01
    1.9469564781e-02   -2.8976972580e+01
    1.9479945302e-02   -2.8954196930e+01
    1.9489677623e-02   -2.8932844162e+01
    1.9499409944e-02   -2.8911489487e+01
    1.9509790465e-02   -2.8888710022e+01
    1.9519522786e-02   -2.8867351532e+01
    1.9529903308e-02   -2.8844566345e+01
    1.9539635628e-02   -2.8823204041e+01
    1.9549367949e-02   -2.8801837921e+01
    1.9559750333e-02   -2.8779048920e+01
    1.9569480792e-02   -2.8757682800e+01
    1.9579863176e-02   -2.8734891891e+01
    1.9589595497e-02   -2.8713525772e+01
    1.9599976018e-02   -2.8690732956e+01
    1.9609708339e-02   -2.8669363022e+01
    1.9619440660e-02   -2.8647991180e+01
    1.9629821181e-02   -2.8625188828e+01
    1.9639553502e-02   -2.8603807449e+01
    1.9649934024e-02   -2.8580995560e+01
    1.9659666345e-02   -2.8559600830e+01
    1.9669398665e-02   -2.8538194656e+01
    1.9679781049e-02   -2.8515352249e+01
    1.9689511508e-02   -2.8493919373e+01
    1.9699893892e-02   -2.8471042633e+01
    1.9709626213e-02   -2.8449577332e+01
    1.9719358534e-02   -2.8428094864e+01
    1.9729739055e-02   -2.8405158997e+01
    1.9739471376e-02   -2.8383640289e+01
    1.9749851897e-02   -2.8360670090e+01
    1.9759584218e-02   -2.8339117050e+01
    1.9769964740e-02   -2.8316110611e+01
    1.9779697061e-02   -2.8294527054e+01
    1.9789429381e-02   -2.8272930145e+01
    1.9799811766e-02   -2.8249877930e+01
    1.9809542224e-02   -2.8228250504e+01
    1.9819924608e-02   -2.8205167770e+01
    1.9829656929e-02   -2.8183515549e+01
    1.9839389250e-02   -2.8161851883e+01
    1.9849769771e-02   -2.8138732910e+01
    1.9859502092e-02   -2.8117050171e+01
    1.9869882613e-02   -2.8093912125e+01
    1.9879614934e-02   -2.8072212219e+01
    1.9889995456e-02   -2.8049057007e+01
    1.9899727777e-02   -2.8027339935e+01
    1.9909460098e-02   -2.8005613327e+01
    1.9919842482e-02   -2.7982425690e+01
    1.9929574803e-02   -2.7960678101e+01
    1.9939955324e-02   -2.7937469482e+01
    1.9949687645e-02   -2.7915702820e+01
    1.9959419966e-02   -2.7893928528e+01
    1.9969800487e-02   -2.7870695114e+01
    1.9979532808e-02   -2.7848909378e+01
    1.9989913329e-02   -2.7825664520e+01
    1.9999645650e-02   -2.7803869247e+01
    2.0009377971e-02   -2.7782070160e+01
    2.0019758493e-02   -2.7758815765e+01
    2.0029490814e-02   -2.7737010956e+01
    2.0039873198e-02   -2.7713750839e+01
    2.0049605519e-02   -2.7691942215e+01
    2.0059986040e-02   -2.7668680191e+01
    2.0069718361e-02   -2.7646871567e+01
    2.0079450682e-02   -2.7625062943e+01
    2.0089831203e-02   -2.7601802826e+01
    2.0099563524e-02   -2.7579998016e+01
    2.0109944046e-02   -2.7556741714e+01
    2.0119676366e-02   -2.7534940720e+01
    2.0129408687e-02   -2.7513139725e+01
    2.0139789209e-02   -2.7489887238e+01
    2.0149521530e-02   -2.7468086243e+01
    2.0159903914e-02   -2.7444829941e+01
    2.0169636235e-02   -2.7423023224e+01
    2.0179366693e-02   -2.7401214600e+01
    2.0189749077e-02   -2.7377948761e+01
    2.0199481398e-02   -2.7356128693e+01
    2.0209861919e-02   -2.7332847595e+01
    2.0219594240e-02   -2.7311016083e+01
    2.0229974762e-02   -2.7287717819e+01
    2.0239707083e-02   -2.7265865326e+01
    2.0249439403e-02   -2.7244001389e+01
    2.0259819925e-02   -2.7220668793e+01
    2.0269552246e-02   -2.7198780060e+01
    2.0279934630e-02   -2.7175415039e+01
    2.0289666951e-02   -2.7153495789e+01
    2.0299399272e-02   -2.7131561279e+01
    2.0309779793e-02   -2.7108142853e+01
    2.0319512114e-02   -2.7086168289e+01
    2.0329892635e-02   -2.7062707901e+01
    2.0339624956e-02   -2.7040693283e+01
    2.0349357277e-02   -2.7018655777e+01
    2.0359737799e-02   -2.6995122910e+01
    2.0369470119e-02   -2.6973037720e+01
    2.0379850641e-02   -2.6949455261e+01
    2.0389582962e-02   -2.6927322388e+01
    2.0399965346e-02   -2.6903684616e+01
    2.0409697667e-02   -2.6881502151e+01
    2.0419429988e-02   -2.6859292984e+01
    2.0429810509e-02   -2.6835577011e+01
    2.0439542830e-02   -2.6813318253e+01
    2.0449923351e-02   -2.6789546967e+01
    2.0459655672e-02   -2.6767238617e+01
    2.0469387993e-02   -2.6744903564e+01
    2.0479768515e-02   -2.6721055984e+01
    2.0489500836e-02   -2.6698673248e+01
    2.0499881357e-02   -2.6674772263e+01
    2.0509613678e-02   -2.6652341843e+01
    2.0519996062e-02   -2.6628393173e+01
    2.0529728383e-02   -2.6605916977e+01
    2.0539460704e-02   -2.6583421707e+01
    2.0549841225e-02   -2.6559404373e+01
    2.0559573546e-02   -2.6536869049e+01
    2.0569954067e-02   -2.6512813568e+01
    2.0579686388e-02   -2.6490242004e+01
    2.0589418709e-02   -2.6467657089e+01
    2.0599799231e-02   -2.6443548203e+01
    2.0609531552e-02   -2.6420932770e+01
    2.0619912073e-02   -2.6396797180e+01
    2.0629644394e-02   -2.6374156952e+01
    2.0639376715e-02   -2.6351507187e+01
    2.0649759099e-02   -2.6327337265e+01
    2.0659491420e-02   -2.6304668427e+01
    2.0669871941e-02   -2.6280479431e+01
    2.0679734647e-02   -2.6257490158e+01
    2.0689960569e-02   -2.6233654022e+01
    2.0699504763e-02   -2.6211400986e+01
    2.0709730685e-02   -2.6187559128e+01
    2.0719954744e-02   -2.6163715363e+01
    2.0729498938e-02   -2.6141460419e+01
    2.0739724860e-02   -2.6117618561e+01
    2.0749950781e-02   -2.6093780518e+01
    2.0759493113e-02   -2.6071535110e+01
    2.0769719034e-02   -2.6047704697e+01
    2.0779944956e-02   -2.6023880005e+01
    2.0789489150e-02   -2.6001647949e+01
    2.0799713209e-02   -2.5977832794e+01
    2.0809939131e-02   -2.5954025269e+01
    2.0819483325e-02   -2.5931808472e+01
    2.0829709247e-02   -2.5908010483e+01
    2.0839933306e-02   -2.5884216309e+01
    2.0849477500e-02   -2.5862012863e+01
    2.0859703422e-02   -2.5838226318e+01
    2.0869929343e-02   -2.5814443588e+01
    2.0879471675e-02   -2.5792245865e+01
    2.0889697596e-02   -2.5768463135e+01
    2.0899923518e-02   -2.5744680405e+01
    2.0909467712e-02   -2.5722482681e+01
    2.0919691771e-02   -2.5698696136e+01
    2.0929917693e-02   -2.5674905777e+01
    2.0939461887e-02   -2.5652696609e+01
    2.0949687809e-02   -2.5628896713e+01
    2.0959911868e-02   -2.5605091095e+01
    2.0969456062e-02   -2.5582864761e+01
    2.0979681984e-02   -2.5559043884e+01
    2.0989907905e-02   -2.5535211563e+01
    2.0999450237e-02   -2.5512958527e+01
    2.1009676158e-02   -2.5489103317e+01
    2.1019902080e-02   -2.5465234756e+01
    2.1029446274e-02   -2.5442943573e+01
    2.1039215848e-02   -2.5420106888e+01
    2.1049309522e-02   -2.5396499634e+01
    2.1059401333e-02   -2.5372875214e+01
    2.1069493145e-02   -2.5349229813e+01
    2.1079586819e-02   -2.5325565338e+01
    2.1089678630e-02   -2.5301879883e+01
    2.1099772304e-02   -2.5278173447e+01
    2.1109864116e-02   -2.5254444122e+01
    2.1119957790e-02   -2.5230695724e+01
    2.1129133180e-02   -2.5209087372e+01
    2.1139224991e-02   -2.5185300827e+01
    2.1149495617e-02   -2.5161079407e+01
    2.1159876138e-02   -2.5136573792e+01
    2.1169608459e-02   -2.5113582611e+01
    2.1179988980e-02   -2.5089036942e+01
    2.1189721301e-02   -2.5066003799e+01
    2.1199453622e-02   -2.5042951584e+01
    2.1209834144e-02   -2.5018341064e+01
    2.1219566464e-02   -2.4995246887e+01
    2.1229946986e-02   -2.4970598221e+01
    2.1239679307e-02   -2.4947471619e+01
    2.1249411628e-02   -2.4924333572e+01
    2.1259794012e-02   -2.4899637222e+01
    2.1269526333e-02   -2.4876470566e+01
    2.1279906854e-02   -2.4851745605e+01
    2.1289639175e-02   -2.4828550339e+01
    2.1299371496e-02   -2.4805341721e+01
    2.1309752017e-02   -2.4780567169e+01
    2.1319484338e-02   -2.4757324219e+01
    2.1329864860e-02   -2.4732513428e+01
    2.1339597180e-02   -2.4709238052e+01
    2.1349977702e-02   -2.4684396744e+01
    2.1359710023e-02   -2.4661094666e+01
    2.1369442344e-02   -2.4637783051e+01
    2.1379824728e-02   -2.4612903595e+01
    2.1389557049e-02   -2.4589569092e+01
    2.1399937570e-02   -2.4564664841e+01
    2.1409669891e-02   -2.4541303635e+01
    2.1419402212e-02   -2.4517929077e+01
    2.1429782733e-02   -2.4492984772e+01
    2.1439515054e-02   -2.4469589233e+01
    2.1449895576e-02   -2.4444627762e+01
    2.1459627897e-02   -2.4421220779e+01
    2.1469360217e-02   -2.4397811890e+01
    2.1479740739e-02   -2.4372840881e+01
    2.1489473060e-02   -2.4349431992e+01
    2.1499855444e-02   -2.4324466705e+01
    2.1509587765e-02   -2.4301067352e+01
    2.1519968286e-02   -2.4276117325e+01
    2.1529700607e-02   -2.4252738953e+01
    2.1539432928e-02   -2.4229373932e+01
    2.1549813449e-02   -2.4204467773e+01
    2.1559545770e-02   -2.4181135178e+01
    2.1569926292e-02   -2.4156267166e+01
    2.1579658613e-02   -2.4132966995e+01
    2.1589390934e-02   -2.4109678268e+01
    2.1599771455e-02   -2.4084844589e+01
    2.1609503776e-02   -2.4061571121e+01
    2.1619886160e-02   -2.4036745071e+01
    2.1629618481e-02   -2.4013471603e+01
    2.1639999002e-02   -2.3988645554e+01
    2.1649731323e-02   -2.3965368271e+01
    2.1659463644e-02   -2.3942087173e+01
    2.1669844165e-02   -2.3917253494e+01
    2.1679576486e-02   -2.3893966675e+01
    2.1689957008e-02   -2.3869123459e+01
    2.1699689329e-02   -2.3845830917e+01
    2.1709421650e-02   -2.3822534561e+01
    2.1719802171e-02   -2.3797679901e+01
    2.1729534492e-02   -2.3774377823e+01
    2.1739916876e-02   -2.3749521255e+01
    2.1749649197e-02   -2.3726215363e+01
    2.1759381518e-02   -2.3702909470e+01
    2.1769762039e-02   -2.3678050995e+01
    2.1779494360e-02   -2.3654745102e+01
    2.1789874882e-02   -2.3629880905e+01
    2.1799607202e-02   -2.3606569290e+01
    2.1809987724e-02   -2.3581695557e+01
    2.1819720045e-02   -2.3558368683e+01
    2.1829452366e-02   -2.3535032272e+01
    2.1839832887e-02   -2.3510126114e+01
    2.1849565208e-02   -2.3486763000e+01
    2.1859947592e-02   -2.3461824417e+01
    2.1869679913e-02   -2.3438428879e+01
    2.1879412234e-02   -2.3415016174e+01
    2.1889792755e-02   -2.3390024185e+01
    2.1899525076e-02   -2.3366577148e+01
    2.1909905598e-02   -2.3341552734e+01
    2.1919637918e-02   -2.3318077087e+01
    2.1929370239e-02   -2.3294589996e+01
    2.1939750761e-02   -2.3269525528e+01
    2.1949483082e-02   -2.3246015549e+01
    2.1959863603e-02   -2.3220932007e+01
    2.1969595924e-02   -2.3197408676e+01
    2.1979978308e-02   -2.3172311783e+01
    2.1989710629e-02   -2.3148778915e+01
    2.1999442950e-02   -2.3125242233e+01
    2.2009823471e-02   -2.3100133896e+01
    2.2019555792e-02   -2.3076591492e+01
    2.2029936314e-02   -2.3051475525e+01
    2.2039668635e-02   -2.3027925491e+01
    2.2049400955e-02   -2.3004371643e+01
    2.2059781477e-02   -2.2979244232e+01
    2.2069513798e-02   -2.2955686569e+01
    2.2079894319e-02   -2.2930557251e+01
    2.2089626640e-02   -2.2906997681e+01
    2.2099358961e-02   -2.2883440018e+01
    2.2109741345e-02   -2.2858316422e+01
    2.2119473666e-02   -2.2834768295e+01
    2.2129854187e-02   -2.2809656143e+01
    2.2139586508e-02   -2.2786119461e+01
    2.2149967030e-02   -2.2761024475e+01
    2.2159699351e-02   -2.2737504959e+01
    2.2169431672e-02   -2.2713993073e+01
    2.2179812193e-02   -2.2688924789e+01
    2.2189544514e-02   -2.2665433884e+01
    2.2199926898e-02   -2.2640386581e+01
    2.2209657356e-02   -2.2616912842e+01
    2.2219389677e-02   -2.2593446732e+01
    2.2229772061e-02   -2.2568424225e+01
    2.2239504382e-02   -2.2544969559e+01
    2.2249884903e-02   -2.2519950867e+01
    2.2259617224e-02   -2.2496496201e+01
    2.2269997746e-02   -2.2471471786e+01
    2.2279730067e-02   -2.2448001862e+01
    2.2289462388e-02   -2.2424524307e+01
    2.2299842909e-02   -2.2399465561e+01
    2.2309575230e-02   -2.2375957489e+01
    2.2319957614e-02   -2.2350860596e+01
    2.2329688072e-02   -2.2327308655e+01
    2.2339420393e-02   -2.2303731918e+01
    2.2349802777e-02   -2.2278551102e+01
    2.2359535098e-02   -2.2254913330e+01
    2.2369915619e-02   -2.2229663849e+01
    2.2379647940e-02   -2.2205955505e+01
    2.2389380261e-02   -2.2182210922e+01
    2.2399760783e-02   -2.2156839371e+01
    2.2409493104e-02   -2.2133012772e+01
    2.2419873625e-02   -2.2107551575e+01
    2.2429605946e-02   -2.2083637238e+01
    2.2439988330e-02   -2.2058078766e+01
    2.2449718788e-02   -2.2034070969e+01
    2.2459451109e-02   -2.2010017395e+01
    2.2469833493e-02   -2.1984304428e+01
    2.2479565814e-02   -2.1960145950e+01
    2.2489946336e-02   -2.1934324265e+01
    2.2499678656e-02   -2.1910062790e+01
    2.2509410977e-02   -2.1885749817e+01
    2.2519791499e-02   -2.1859760284e+01
    2.2529523820e-02   -2.1835344315e+01
    2.2539904341e-02   -2.1809246063e+01
    2.2549636662e-02   -2.1784730911e+01
    2.2559368983e-02   -2.1760169983e+01
    2.2569751367e-02   -2.1733919144e+01
    2.2579481825e-02   -2.1709266663e+01
    2.2589864209e-02   -2.1682924271e+01
    2.2599596530e-02   -2.1658185959e+01
    2.2609977052e-02   -2.1631757736e+01
    2.2619709373e-02   -2.1606943130e+01
    2.2629441693e-02   -2.1582094193e+01
    2.2639822215e-02   -2.1555555344e+01
    2.2649554536e-02   -2.1530643463e+01
    2.2659935057e-02   -2.1504039764e+01
    2.2669667378e-02   -2.1479070663e+01
    2.2679399699e-02   -2.1454076767e+01
    2.2689782083e-02   -2.1427385330e+01
    2.2699512541e-02   -2.1402338028e+01
    2.2709894925e-02   -2.1375595093e+01
    2.2719627246e-02   -2.1350498199e+01
    2.2729359567e-02   -2.1325378418e+01
    2.2739740089e-02   -2.1298559189e+01
    2.2749472409e-02   -2.1273395538e+01
    2.2759852931e-02   -2.1246530533e+01
    2.2769585252e-02   -2.1221323013e+01
    2.2779965773e-02   -2.1194416046e+01
    2.2789698094e-02   -2.1169170380e+01
    2.2799430415e-02   -2.1143905640e+01
    2.2809812799e-02   -2.1116937637e+01
    2.2819543257e-02   -2.1091638565e+01
    2.2829925641e-02   -2.1064632416e+01
    2.2839657962e-02   -2.1039297104e+01
    2.2849390283e-02   -2.1013946533e+01
    2.2859770805e-02   -2.0986886978e+01
    2.2869503126e-02   -2.0961500168e+01
    2.2879883647e-02   -2.0934400558e+01
    2.2889615968e-02   -2.0908977509e+01
    2.2899996489e-02   -2.0881839752e+01
    2.2909728810e-02   -2.0856378555e+01
    2.2919461131e-02   -2.0830896378e+01
    2.2929843515e-02   -2.0803695679e+01
    2.2939575836e-02   -2.0778175354e+01
    2.2949956357e-02   -2.0750930786e+01
    2.2959688678e-02   -2.0725368500e+01
    2.2969420999e-02   -2.0699787140e+01
    2.2979801521e-02   -2.0672477722e+01
    2.2989533842e-02   -2.0646854401e+01
    2.2999914363e-02   -2.0619501114e+01
    2.3009646684e-02   -2.0593833923e+01
    2.3019379005e-02   -2.0568147659e+01
    2.3029759526e-02   -2.0540725708e+01
    2.3039491847e-02   -2.0514997482e+01
    2.3049874231e-02   -2.0487529755e+01
    2.3059606552e-02   -2.0461759567e+01
    2.3069987074e-02   -2.0434249878e+01
    2.3079719394e-02   -2.0408437729e+01
    2.3089451715e-02   -2.0382608414e+01
    2.3099832237e-02   -2.0355035782e+01
    2.3109564558e-02   -2.0329166412e+01
    2.3119945079e-02   -2.0301551819e+01
    2.3129677400e-02   -2.0275644302e+01
    2.3139409721e-02   -2.0249719620e+01
    2.3149790242e-02   -2.0222045898e+01
    2.3159522563e-02   -2.0196084976e+01
    2.3169904947e-02   -2.0168373108e+01
    2.3179637268e-02   -2.0142377853e+01
    2.3189367726e-02   -2.0116365433e+01
    2.3199750111e-02   -2.0088600159e+01
    2.3209482431e-02   -2.0062555313e+01
    2.3219862953e-02   -2.0034757614e+01
    2.3229595274e-02   -2.0008684158e+01
    2.3239975795e-02   -1.9980857849e+01
    2.3249095306e-02   -1.9956403732e+01
    2.3259365931e-02   -1.9928852081e+01
    2.3269746453e-02   -1.9900991440e+01
    2.3279478773e-02   -1.9874864578e+01
    2.3289859295e-02   -1.9846988678e+01
    2.3299358785e-02   -1.9821474075e+01
    2.3309800774e-02   -1.9793424606e+01
    2.3319533095e-02   -1.9767280579e+01
    2.3329263553e-02   -1.9741136551e+01
    2.3338995874e-02   -1.9714992523e+01
    2.3349942639e-02   -1.9685581207e+01
    2.3359674960e-02   -1.9659437180e+01
    2.3369405419e-02   -1.9633296967e+01
    2.3379137740e-02   -1.9607156754e+01
    2.3388868198e-02   -1.9581020355e+01
    2.3399816826e-02   -1.9551618576e+01
    2.3409547284e-02   -1.9525485992e+01
    2.3419279605e-02   -1.9499353409e+01
    2.3429010063e-02   -1.9473222733e+01
    2.3439958692e-02   -1.9443826675e+01
    2.3449689150e-02   -1.9417695999e+01
    2.3459419608e-02   -1.9391565323e+01
    2.3469151929e-02   -1.9365434647e+01
    2.3478882387e-02   -1.9339302063e+01
    2.3489831015e-02   -1.9309904099e+01
    2.3499561474e-02   -1.9283771515e+01
    2.3509293795e-02   -1.9257637024e+01
    2.3519024253e-02   -1.9231500626e+01
    2.3529971018e-02   -1.9202096939e+01
    2.3539703339e-02   -1.9175956726e+01
    2.3549433798e-02   -1.9149810791e+01
    2.3559166119e-02   -1.9123661041e+01
    2.3568896577e-02   -1.9097503662e+01
    2.3579843342e-02   -1.9068067551e+01
    2.3589575663e-02   -1.9041891098e+01
    2.3599306121e-02   -1.9015703201e+01
    2.3609036580e-02   -1.8989501953e+01
    2.3619985208e-02   -1.8960008621e+01
    2.3629715666e-02   -1.8933774948e+01
    2.3639447987e-02   -1.8907520294e+01
    2.3649178445e-02   -1.8881246567e+01
    2.3658908904e-02   -1.8854951859e+01
    2.3669857532e-02   -1.8825342178e+01
    2.3679587990e-02   -1.8798995972e+01
    2.3689318448e-02   -1.8772623062e+01
    2.3699050769e-02   -1.8746225357e+01
    2.3709997535e-02   -1.8716493607e+01
    2.3719727993e-02   -1.8690038681e+01
    2.3729458451e-02   -1.8663555145e+01
    2.3739190772e-02   -1.8637042999e+01
    2.3748921230e-02   -1.8610506058e+01
    2.3759867996e-02   -1.8580617905e+01
    2.3769600317e-02   -1.8554021835e+01
    2.3779330775e-02   -1.8527399063e+01
    2.3789061233e-02   -1.8500749588e+01
    2.3798791692e-02   -1.8474075317e+01
    2.3809740320e-02   -1.8444038391e+01
    2.3819470778e-02   -1.8417310715e+01
    2.3829201236e-02   -1.8390558243e+01
    2.3838933557e-02   -1.8363784790e+01
    2.3849880323e-02   -1.8333635330e+01
    2.3859610781e-02   -1.8306814194e+01
    2.3869341239e-02   -1.8279970169e+01
    2.3879073560e-02   -1.8253107071e+01
    2.3888804018e-02   -1.8226224899e+01
    2.3899750784e-02   -1.8195960999e+01
    2.3909483105e-02   -1.8169042587e+01
    2.3919213563e-02   -1.8142107010e+01
    2.3928944021e-02   -1.8115158081e+01
    2.3939890787e-02   -1.8084825516e+01
    2.3949623108e-02   -1.8057847977e+01
    2.3959353566e-02   -1.8030858994e+01
    2.3969084024e-02   -1.8003858566e+01
    2.3978816345e-02   -1.7976848602e+01
    2.3989763111e-02   -1.7946449280e+01
    2.3999493569e-02   -1.7919418335e+01
    2.4009224027e-02   -1.7892377853e+01
    2.4018956348e-02   -1.7865327835e+01
    2.4029903114e-02   -1.7834888458e+01
    2.4039633572e-02   -1.7807825089e+01
    2.4049365893e-02   -1.7780754089e+01
    2.4059096351e-02   -1.7753677368e+01
    2.4068826810e-02   -1.7726594925e+01
    2.4079773575e-02   -1.7696123123e+01
    2.4089505896e-02   -1.7669031143e+01
    2.4099236354e-02   -1.7641937256e+01
    2.4108966812e-02   -1.7614837646e+01
    2.4119915441e-02   -1.7584348679e+01
    2.4129645899e-02   -1.7557241440e+01
    2.4139376357e-02   -1.7530132294e+01
    2.4149108678e-02   -1.7503021240e+01
    2.4158839136e-02   -1.7475904465e+01
    2.4169785902e-02   -1.7445392609e+01
    2.4179518223e-02   -1.7418266296e+01
    2.4189248681e-02   -1.7391134262e+01
    2.4198979139e-02   -1.7363998413e+01
    2.4209927768e-02   -1.7333461761e+01
    2.4219658226e-02   -1.7306310654e+01
    2.4229388684e-02   -1.7279151917e+01
    2.4239121005e-02   -1.7251985550e+01
    2.4248851463e-02   -1.7224811554e+01
    2.4259798229e-02   -1.7194231033e+01
    2.4269530550e-02   -1.7167039871e+01
    2.4279261008e-02   -1.7139839172e+01
    2.4288991466e-02   -1.7112628937e+01
    2.4299940094e-02   -1.7082006454e+01
    2.4309670553e-02   -1.7054777145e+01
    2.4319402874e-02   -1.7027538300e+01
    2.4329133332e-02   -1.7000289917e+01
    2.4338863790e-02   -1.6973033905e+01
    2.4349812418e-02   -1.6942356110e+01
    2.4359542876e-02   -1.6915077209e+01
    2.4369273335e-02   -1.6887790680e+01
    2.4379005656e-02   -1.6860492706e+01
    2.4389952421e-02   -1.6829771042e+01
    2.4399682879e-02   -1.6802452087e+01
    2.4409413338e-02   -1.6775123596e+01
    2.4419143796e-02   -1.6747785568e+01
    2.4428876117e-02   -1.6720438004e+01
    2.4439822882e-02   -1.6689661026e+01
    2.4449553341e-02   -1.6662294388e+01
    2.4459283799e-02   -1.6634918213e+01
    2.4469014257e-02   -1.6607534409e+01
    2.4479961023e-02   -1.6576721191e+01
    2.4489691481e-02   -1.6549322128e+01
    2.4499423802e-02   -1.6521919250e+01
    2.4509154260e-02   -1.6494510651e+01
    2.4518884718e-02   -1.6467096329e+01
    2.4529831484e-02   -1.6436250687e+01
    2.4539561942e-02   -1.6408830643e+01
    2.4549292400e-02   -1.6381406784e+01
    2.4559022859e-02   -1.6353981018e+01
    2.4569967762e-02   -1.6323123932e+01
    2.4579698220e-02   -1.6295698166e+01
    2.4589428678e-02   -1.6268270493e+01
    2.4599159136e-02   -1.6240842819e+01
    2.4608889595e-02   -1.6213418961e+01
    2.4619836360e-02   -1.6182567596e+01
    2.4629566818e-02   -1.6155149460e+01
    2.4639295414e-02   -1.6127733231e+01
    2.4649025872e-02   -1.6100320816e+01
    2.4659972638e-02   -1.6069486618e+01
    2.4669703096e-02   -1.6042085648e+01
    2.4679433554e-02   -1.6014688492e+01
    2.4689162150e-02   -1.5987299919e+01
    2.4698892608e-02   -1.5959917068e+01
    2.4709839374e-02   -1.5929120064e+01
    2.4719567969e-02   -1.5901752472e+01
    2.4729298428e-02   -1.5874393463e+01
    2.4739028886e-02   -1.5847043037e+01
    2.4749973789e-02   -1.5816283226e+01
    2.4759704247e-02   -1.5788951874e+01
    2.4769434705e-02   -1.5761628151e+01
    2.4779163301e-02   -1.5734314919e+01
    2.4788893759e-02   -1.5707010269e+01
    2.4799838662e-02   -1.5676303864e+01
    2.4809569120e-02   -1.5649019241e+01
    2.4819297716e-02   -1.5621743202e+01
    2.4829028174e-02   -1.5594476700e+01
    2.4839974940e-02   -1.5563811302e+01
    2.4849703535e-02   -1.5536562920e+01
    2.4859433994e-02   -1.5509321213e+01
    2.4869162589e-02   -1.5482087135e+01
    2.4878893048e-02   -1.5454858780e+01
    2.4889837950e-02   -1.5424234390e+01
    2.4899568409e-02   -1.5397017479e+01
    2.4909297004e-02   -1.5369805336e+01
    2.4919027463e-02   -1.5342595100e+01
    2.4929972365e-02   -1.5311986923e+01
    2.4939702824e-02   -1.5284780502e+01
    2.4949431419e-02   -1.5257574081e+01
    2.4959161878e-02   -1.5230365753e+01
    2.4968890473e-02   -1.5203155518e+01
    2.4979837239e-02   -1.5172540665e+01
    2.4989565834e-02   -1.5145322800e+01
    2.4999294430e-02   -1.5118100166e+01
    2.5009024888e-02   -1.5090872765e+01
    2.5019969791e-02   -1.5060235023e+01
    2.5029700249e-02   -1.5032995224e+01
    2.5039428845e-02   -1.5005748749e+01
    2.5049159303e-02   -1.4978496552e+01
    2.5058887899e-02   -1.4951236725e+01
    2.5069834664e-02   -1.4920560837e+01
    2.5079563260e-02   -1.4893285751e+01
    2.5089293718e-02   -1.4866003036e+01
    2.5099022314e-02   -1.4838712692e+01
    2.5109967217e-02   -1.4808001518e+01
    2.5119697675e-02   -1.4780694962e+01
    2.5129426271e-02   -1.4753378868e+01
    2.5139156729e-02   -1.4726056099e+01
    2.5148885325e-02   -1.4698723793e+01
    2.5159832090e-02   -1.4667964935e+01
    2.5169560686e-02   -1.4640614510e+01
    2.5179291144e-02   -1.4613256454e+01
    2.5189019740e-02   -1.4585889816e+01
    2.5199966505e-02   -1.4555092812e+01
    2.5209695101e-02   -1.4527709007e+01
    2.5219425559e-02   -1.4500319481e+01
    2.5229154155e-02   -1.4472922325e+01
    2.5238884613e-02   -1.4445519447e+01
    2.5249829516e-02   -1.4414685249e+01
    2.5259559974e-02   -1.4387272835e+01
    2.5269288570e-02   -1.4359855652e+01
    2.5279019028e-02   -1.4332434654e+01
    2.5289963931e-02   -1.4301584244e+01
    2.5299694389e-02   -1.4274159431e+01
    2.5309422985e-02   -1.4246733665e+01
    2.5319153443e-02   -1.4219306946e+01
    2.5328882039e-02   -1.4191880226e+01
    2.5339828804e-02   -1.4161025047e+01
    2.5349557400e-02   -1.4133600235e+01
    2.5359287858e-02   -1.4106175423e+01
    2.5369016454e-02   -1.4078752518e+01
    2.5379963219e-02   -1.4047903061e+01
    2.5389691815e-02   -1.4020483971e+01
    2.5399422273e-02   -1.3993064880e+01
    2.5409152731e-02   -1.3965647697e+01
    2.5418881327e-02   -1.3938232422e+01
    2.5429828092e-02   -1.3907390594e+01
    2.5439556688e-02   -1.3879977226e+01
    2.5449287146e-02   -1.3852564812e+01
    2.5459015742e-02   -1.3825153351e+01
    2.5469962507e-02   -1.3794315338e+01
    2.5479691103e-02   -1.3766904831e+01
    2.5489421561e-02   -1.3739494324e+01
    2.5499152020e-02   -1.3712083817e+01
    2.5508880615e-02   -1.3684672356e+01
    2.5519827381e-02   -1.3653833389e+01
    2.5529555976e-02   -1.3626420021e+01
    2.5539286435e-02   -1.3599004745e+01
    2.5549015030e-02   -1.3571587563e+01
    2.5559961796e-02   -1.3540740013e+01
    2.5569690391e-02   -1.3513316154e+01
    2.5579420850e-02   -1.3485888481e+01
    2.5589151308e-02   -1.3458456993e+01
    2.5598879904e-02   -1.3431019783e+01
    2.5609826669e-02   -1.3400145531e+01
    2.5619555265e-02   -1.3372695923e+01
    2.5629285723e-02   -1.3345239639e+01
    2.5639014319e-02   -1.3317774773e+01
    2.5649961084e-02   -1.3286868095e+01
    2.5659689680e-02   -1.3259386063e+01
    2.5669420138e-02   -1.3231894493e+01
    2.5679148734e-02   -1.3204393387e+01
    2.5688879192e-02   -1.3176881790e+01
    2.5699825957e-02   -1.3145917892e+01
    2.5709554553e-02   -1.3118382454e+01
    2.5719285011e-02   -1.3090835571e+01
    2.5729013607e-02   -1.3063276291e+01
    2.5739960372e-02   -1.3032256126e+01
    2.5749688968e-02   -1.3004669189e+01
    2.5759419426e-02   -1.2977067947e+01
    2.5769148022e-02   -1.2949453354e+01
    2.5778878480e-02   -1.2921823502e+01
    2.5789823383e-02   -1.2890721321e+01
    2.5799553841e-02   -1.2863059044e+01
    2.5809282437e-02   -1.2835380554e+01
    2.5819012895e-02   -1.2807684898e+01
    2.5829957798e-02   -1.2776507378e+01
    2.5839688256e-02   -1.2748774529e+01
    2.5849416852e-02   -1.2721023560e+01
    2.5859147310e-02   -1.2693254471e+01
    2.5868875906e-02   -1.2665465355e+01
    2.5879820809e-02   -1.2634179115e+01
    2.5889551267e-02   -1.2606347084e+01
    2.5899279863e-02   -1.2578494072e+01
    2.5909010321e-02   -1.2550621033e+01
    2.5919955224e-02   -1.2519236565e+01
    2.5929685682e-02   -1.2491316795e+01
    2.5939414278e-02   -1.2463375092e+01
    2.5949144736e-02   -1.2435410500e+01
    2.5958873332e-02   -1.2407423973e+01
    2.5969820097e-02   -1.2375911713e+01
    2.5979548693e-02   -1.2347877502e+01
    2.5989277288e-02   -1.2319821358e+01
    2.5999007747e-02   -1.2291743279e+01
    2.6009952649e-02   -1.2260128975e+01
    2.6019683108e-02   -1.2232004166e+01
    2.6029411703e-02   -1.2203859329e+01
    2.6039142162e-02   -1.2175693512e+01
    2.6048870757e-02   -1.2147507668e+01
    2.6059817523e-02   -1.2115775108e+01
    2.6069546118e-02   -1.2087549210e+01
    2.6079276577e-02   -1.2059305191e+01
    2.6089005172e-02   -1.2031044006e+01
    2.6099950075e-02   -1.1999231339e+01
    2.6109680533e-02   -1.1970936775e+01
    2.6119409129e-02   -1.1942628860e+01
    2.6129139587e-02   -1.1914307594e+01
    2.6138868183e-02   -1.1885973930e+01
    2.6149814948e-02   -1.1854086876e+01
    2.6159543544e-02   -1.1825732231e+01
    2.6169274002e-02   -1.1797369957e+01
    2.6179002598e-02   -1.1769001007e+01
    2.6189949363e-02   -1.1737080574e+01
    2.6199677959e-02   -1.1708702087e+01
    2.6209408417e-02   -1.1680322647e+01
    2.6219137013e-02   -1.1651941299e+01
    2.6228867471e-02   -1.1623559952e+01
    2.6239812374e-02   -1.1591633797e+01
    2.6249542832e-02   -1.1563258171e+01
    2.6259271428e-02   -1.1534886360e+01
    2.6269001886e-02   -1.1506519318e+01
    2.6279948652e-02   -1.1474614143e+01
    2.6289677247e-02   -1.1446261406e+01
    2.6299407706e-02   -1.1417916298e+01
    2.6309136301e-02   -1.1389578819e+01
    2.6318866760e-02   -1.1361250877e+01
    2.6329811662e-02   -1.1329393387e+01
    2.6339542121e-02   -1.1301085472e+01
    2.6349272579e-02   -1.1272787094e+01
    2.6359001175e-02   -1.1244500160e+01
    2.6369947940e-02   -1.1212689400e+01
    2.6379678398e-02   -1.1184425354e+01
    2.6389406994e-02   -1.1156171799e+01
    2.6399137452e-02   -1.1127929688e+01
    2.6408867911e-02   -1.1099699020e+01
    2.6419812813e-02   -1.1067954063e+01
    2.6429543272e-02   -1.1039749146e+01
    2.6439273730e-02   -1.1011556625e+01
    2.6449002326e-02   -1.0983375549e+01
    2.6459949091e-02   -1.0951687813e+01
    2.6469679549e-02   -1.0923534393e+01
    2.6479410008e-02   -1.0895395279e+01
    2.6489138603e-02   -1.0867268562e+01
    2.6498869061e-02   -1.0839156151e+01
    2.6509815827e-02   -1.0807546616e+01
    2.6519546285e-02   -1.0779464722e+01
    2.6529276744e-02   -1.0751398087e+01
    2.6539007202e-02   -1.0723345757e+01
    2.6549952105e-02   -1.0691806793e+01
    2.6559682563e-02   -1.0663787842e+01
    2.6569413021e-02   -1.0635785103e+01
    2.6579143479e-02   -1.0607798576e+01
    2.6588873938e-02   -1.0579829216e+01
    2.6599820703e-02   -1.0548382759e+01
    2.6609551162e-02   -1.0520447731e+01
    2.6619281620e-02   -1.0492528915e+01
    2.6629012078e-02   -1.0464627266e+01
    2.6639958844e-02   -1.0433255196e+01
    2.6649689302e-02   -1.0405385971e+01
    2.6659419760e-02   -1.0377532005e+01
    2.6669150218e-02   -1.0349691391e+01
    2.6678880677e-02   -1.0321863174e+01
    2.6689827442e-02   -1.0290571213e+01
    2.6699557900e-02   -1.0262768745e+01
    2.6709288359e-02   -1.0234974861e+01
    2.6719018817e-02   -1.0207190514e+01
    2.6729965582e-02   -1.0175941467e+01
    2.6739696041e-02   -1.0148170471e+01
    2.6749426499e-02   -1.0120404243e+01
    2.6759156957e-02   -1.0092640877e+01
    2.6768889278e-02   -1.0064879417e+01
    2.6779836044e-02   -1.0033648491e+01
    2.6789566502e-02   -1.0005887985e+01
    2.6799296960e-02   -9.9781246185e+00
    2.6809027418e-02   -9.9503583908e+00
    2.6819976047e-02   -9.9191160202e+00
    2.6829706505e-02   -9.8913402557e+00
    2.6839436963e-02   -9.8635578156e+00
    2.6849167421e-02   -9.8357686996e+00
    2.6858899742e-02   -9.8079710007e+00
    2.6869846508e-02   -9.7766876221e+00
    2.6879576966e-02   -9.7488708496e+00
    2.6889309287e-02   -9.7210426331e+00
    2.6899039745e-02   -9.6932039261e+00
    2.6909986511e-02   -9.6618719101e+00
    2.6919718832e-02   -9.6340084076e+00
    2.6929449290e-02   -9.6061315536e+00
    2.6939179748e-02   -9.5782423019e+00
    2.6948912069e-02   -9.5503406525e+00
    2.6959858835e-02   -9.5189342499e+00
    2.6969589293e-02   -9.4910030365e+00
    2.6979321614e-02   -9.4630594254e+00
    2.6989052072e-02   -9.4351015091e+00
    2.6998782530e-02   -9.4071311951e+00
    2.7009731159e-02   -9.3756494522e+00
    2.7019461617e-02   -9.3476514816e+00
    2.7029192075e-02   -9.3196420670e+00
    2.7038924396e-02   -9.2916212082e+00
    2.7049871162e-02   -9.2600851059e+00
    2.7059601620e-02   -9.2320423126e+00
    2.7069333941e-02   -9.2039899826e+00
    2.7079064399e-02   -9.1759300232e+00
    2.7088794857e-02   -9.1478614807e+00
    2.7099743485e-02   -9.1162776947e+00
    2.7109473944e-02   -9.0881967545e+00
    2.7119204402e-02   -9.0601119995e+00
    2.7128934860e-02   -9.0320243835e+00
    2.7139883488e-02   -9.0004224777e+00
    2.7149613947e-02   -8.9723300934e+00
    2.7159344405e-02   -8.9442386627e+00
    2.7169076726e-02   -8.9161472321e+00
    2.7178807184e-02   -8.8880586624e+00
    2.7189753950e-02   -8.8564615250e+00
    2.7199486271e-02   -8.8283786774e+00
    2.7209216729e-02   -8.8003005981e+00
    2.7218947187e-02   -8.7722272873e+00
    2.7229895815e-02   -8.7406520844e+00
    2.7239626274e-02   -8.7125921249e+00
    2.7249356732e-02   -8.6845378876e+00
    2.7259089053e-02   -8.6564912796e+00
    2.7268819511e-02   -8.6284513474e+00
    2.7279766276e-02   -8.5969161987e+00
    2.7289498597e-02   -8.5688915253e+00
    2.7299229056e-02   -8.5408754349e+00
    2.7308959514e-02   -8.5128660202e+00
    2.7319908142e-02   -8.4813632965e+00
    2.7329638600e-02   -8.4533672333e+00
    2.7339369059e-02   -8.4253768921e+00
    2.7349101380e-02   -8.3973913193e+00
    2.7358831838e-02   -8.3694105148e+00
    2.7369778603e-02   -8.3379354477e+00
    2.7379510924e-02   -8.3099594116e+00
    2.7389241382e-02   -8.2819852829e+00
    2.7398971841e-02   -8.2540102005e+00
    2.7409920469e-02   -8.2225360870e+00
    2.7419650927e-02   -8.1945571899e+00
    2.7429381385e-02   -8.1665735245e+00
    2.7439113706e-02   -8.1385850906e+00
    2.7448844165e-02   -8.1105899811e+00
    2.7459790930e-02   -8.0790863037e+00
    2.7469523251e-02   -8.0510730743e+00
    2.7479253709e-02   -8.0230493546e+00
    2.7488984168e-02   -7.9950141907e+00
    2.7499932796e-02   -7.9634599686e+00
    2.7509663254e-02   -7.9353966713e+00
    2.7519395575e-02   -7.9073185921e+00
    2.7529126033e-02   -7.8792243004e+00
    2.7538856491e-02   -7.8511133194e+00
    2.7549805120e-02   -7.8194675446e+00
    2.7559535578e-02   -7.7913174629e+00
    2.7569266036e-02   -7.7631483078e+00
    2.7578998357e-02   -7.7349586487e+00
    2.7589945123e-02   -7.7032203674e+00
    2.7599677444e-02   -7.6749854088e+00
    2.7609407902e-02   -7.6467285156e+00
    2.7619138360e-02   -7.6184492111e+00
    2.7628870681e-02   -7.5901474953e+00
    2.7639817446e-02   -7.5582804680e+00
    2.7649549767e-02   -7.5299301147e+00
    2.7659280226e-02   -7.5015568733e+00
    2.7669010684e-02   -7.4731612206e+00
    2.7679959312e-02   -7.4411902428e+00
    2.7689689770e-02   -7.4127483368e+00
    2.7699422091e-02   -7.3842859268e+00
    2.7709152550e-02   -7.3558034897e+00
    2.7718883008e-02   -7.3273019791e+00
    2.7729831636e-02   -7.2952160835e+00
    2.7739562094e-02   -7.2666773796e+00
    2.7749294415e-02   -7.2381224632e+00
    2.7759024873e-02   -7.2095537186e+00
    2.7769973502e-02   -7.1773972511e+00
    2.7779703960e-02   -7.1488018036e+00
    2.7789434418e-02   -7.1201953888e+00
    2.7799166739e-02   -7.0915799141e+00
    2.7808897197e-02   -7.0629563332e+00
    2.7819845825e-02   -7.0307474136e+00
    2.7829576284e-02   -7.0021109581e+00
    2.7839308605e-02   -6.9734711647e+00
    2.7849039063e-02   -6.9448280334e+00
    2.7859985828e-02   -6.9126029015e+00
    2.7869718149e-02   -6.8839573860e+00
    2.7879448608e-02   -6.8553128242e+00
    2.7889180928e-02   -6.8266692162e+00
    2.7898911387e-02   -6.7980279922e+00
    2.7909860015e-02   -6.7658104897e+00
    2.7919590473e-02   -6.7371764183e+00
    2.7929320931e-02   -6.7085466385e+00
    2.7939053252e-02   -6.6799221039e+00
    2.7948783711e-02   -6.6513028145e+00
    2.7959732339e-02   -6.6191129684e+00
    2.7969462797e-02   -6.5905060768e+00
    2.7979195118e-02   -6.5619049072e+00
    2.7988925576e-02   -6.5333104134e+00
    2.7999874204e-02   -6.5011487007e+00
    2.8009604663e-02   -6.4725666046e+00
    2.8019336984e-02   -6.4439897537e+00
    2.8029067442e-02   -6.4154186249e+00
    2.8038797900e-02   -6.3868513107e+00
    2.8049746528e-02   -6.3547182083e+00
    2.8059476987e-02   -6.3261585236e+00
    2.8069209307e-02   -6.2976007462e+00
    2.8078939766e-02   -6.2690448761e+00
    2.8089888394e-02   -6.2369194031e+00
    2.8099618852e-02   -6.2083625793e+00
    2.8109351173e-02   -6.1798043251e+00
    2.8119081631e-02   -6.1512427330e+00
    2.8128813952e-02   -6.1226768494e+00
    2.8139760718e-02   -6.0905337334e+00
    2.8149491176e-02   -6.0619554520e+00
    2.8159223497e-02   -6.0333695412e+00
    2.8168953955e-02   -6.0047745705e+00
    2.8179902583e-02   -5.9725933075e+00
    2.8189633042e-02   -5.9439754486e+00
    2.8199365363e-02   -5.9153456688e+00
    2.8209095821e-02   -5.8867020607e+00
    2.8218828142e-02   -5.8580441475e+00
    2.8229774907e-02   -5.8257851601e+00
    2.8239507228e-02   -5.7970929146e+00
    2.8249237686e-02   -5.7683830261e+00
    2.8258970007e-02   -5.7396550179e+00
    2.8269916773e-02   -5.7073125839e+00
    2.8279649094e-02   -5.6785421371e+00
    2.8289379552e-02   -5.6497507095e+00
    2.8299110010e-02   -5.6209378242e+00
    2.8308842331e-02   -5.5921030045e+00
    2.8319789097e-02   -5.5596361160e+00
    2.8329521418e-02   -5.5307526588e+00
    2.8339251876e-02   -5.5018453598e+00
    2.8348984197e-02   -5.4729142189e+00
    2.8359930962e-02   -5.4403386116e+00
    2.8369663283e-02   -5.4113569260e+00
    2.8379393741e-02   -5.3823513985e+00
    2.8389126062e-02   -5.3533225060e+00
    2.8398856521e-02   -5.3242702484e+00
    2.8409805149e-02   -5.2915587425e+00
    2.8419535607e-02   -5.2624578476e+00
    2.8429267928e-02   -5.2333350182e+00
    2.8438998386e-02   -5.2041912079e+00
    2.8449947014e-02   -5.1713795662e+00
    2.8459677473e-02   -5.1421923637e+00
    2.8469409794e-02   -5.1129860878e+00
    2.8479140252e-02   -5.0837616920e+00
    2.8488872573e-02   -5.0545201302e+00
    2.8499819338e-02   -5.0216040611e+00
    2.8509551659e-02   -4.9923291206e+00
    2.8519282117e-02   -4.9630398750e+00
    2.8529014438e-02   -4.9337377548e+00
    2.8539961204e-02   -4.9007582664e+00
    2.8549693525e-02   -4.8714318275e+00
    2.8559423983e-02   -4.8420958519e+00
    2.8569156304e-02   -4.8127508163e+00
    2.8578886762e-02   -4.7833981514e+00
    2.8589835390e-02   -4.7503681183e+00
    2.8599565849e-02   -4.7210025787e+00
    2.8609298170e-02   -4.6916317940e+00
    2.8619028628e-02   -4.6622571945e+00
    2.8629977256e-02   -4.6292071342e+00
    2.8639707714e-02   -4.5998268127e+00
    2.8649440035e-02   -4.5704441071e+00
    2.8659170493e-02   -4.5410599709e+00
    2.8668902814e-02   -4.5116753578e+00
    2.8679849580e-02   -4.4786162376e+00
    2.8689581901e-02   -4.4492301941e+00
    2.8699312359e-02   -4.4198441505e+00
    2.8709044680e-02   -4.3904576302e+00
    2.8719991446e-02   -4.3573980331e+00
    2.8729723766e-02   -4.3280115128e+00
    2.8739454225e-02   -4.2986245155e+00
    2.8749413788e-02   -4.2685513496e+00
    2.8759794310e-02   -4.2372016907e+00
    2.8769526631e-02   -4.2078108788e+00
    2.8779909015e-02   -4.1764602661e+00
    2.8789639473e-02   -4.1470675468e+00
    2.8799371794e-02   -4.1176733971e+00
    2.8809754178e-02   -4.0863180161e+00
    2.8819486499e-02   -4.0569205284e+00
    2.8829867020e-02   -4.0255608559e+00
    2.8839599341e-02   -3.9961588383e+00
    2.8849979863e-02   -3.9647941589e+00
    2.8859712183e-02   -3.9353871346e+00
    2.8869444504e-02   -3.9059774876e+00
    2.8879825026e-02   -3.8746037483e+00
    2.8889557347e-02   -3.8451879025e+00
    2.8899939731e-02   -3.8138074875e+00
    2.8909670189e-02   -3.7843849659e+00
    2.8919402510e-02   -3.7549591064e+00
    2.8929784894e-02   -3.7235677242e+00
    2.8939517215e-02   -3.6941349506e+00
    2.8949897736e-02   -3.6627359390e+00
    2.8959630057e-02   -3.6332957745e+00
    2.8969362378e-02   -3.6038520336e+00
    2.8979742900e-02   -3.5724415779e+00
    2.8989475220e-02   -3.5429906845e+00
    2.8999855742e-02   -3.5115725994e+00
    2.9009588063e-02   -3.4821145535e+00
    2.9019970447e-02   -3.4506888390e+00
    2.9029702768e-02   -3.4212236404e+00
    2.9039433226e-02   -3.3917553425e+00
    2.9049815610e-02   -3.3603191376e+00
    2.9059547931e-02   -3.3308446407e+00
    2.9069928452e-02   -3.2994017601e+00
    2.9079660773e-02   -3.2699213028e+00
    2.9089393094e-02   -3.2404384613e+00
    2.9099773616e-02   -3.2089874744e+00
    2.9109505937e-02   -3.1794998646e+00
    2.9119886458e-02   -3.1480443478e+00
    2.9129618779e-02   -3.1185531616e+00
    2.9139351100e-02   -3.0890603065e+00
    2.9149733484e-02   -3.0576000214e+00
    2.9159463942e-02   -3.0281047821e+00
    2.9169846326e-02   -2.9966423512e+00
    2.9179578647e-02   -2.9671459198e+00
    2.9189959168e-02   -2.9356822968e+00
    2.9199691489e-02   -2.9061851501e+00
    2.9209423810e-02   -2.8766882420e+00
    2.9219804332e-02   -2.8452248573e+00
    2.9229536653e-02   -2.8157281876e+00
    2.9239917174e-02   -2.7842657566e+00
    2.9249649495e-02   -2.7547705173e+00
    2.9259381816e-02   -2.7252757549e+00
    2.9269764200e-02   -2.6938157082e+00
    2.9279494658e-02   -2.6643226147e+00
    2.9289877042e-02   -2.6328644753e+00
    2.9299609363e-02   -2.6033735275e+00
    2.9309989884e-02   -2.5719175339e+00
    2.9319722205e-02   -2.5424284935e+00
    2.9329454526e-02   -2.5129404068e+00
    2.9339835048e-02   -2.4814872742e+00
    2.9349567369e-02   -2.4520008564e+00
    2.9359947890e-02   -2.4205496311e+00
    2.9369680211e-02   -2.3910644054e+00
    2.9379412532e-02   -2.3615796566e+00
    2.9389794916e-02   -2.3301296234e+00
    2.9399527237e-02   -2.3006451130e+00
    2.9409907758e-02   -2.2691950798e+00
    2.9419640079e-02   -2.2397100925e+00
    2.9429372400e-02   -2.2102243900e+00
    2.9439752921e-02   -2.1787722111e+00
    2.9449485242e-02   -2.1492843628e+00
    2.9459865764e-02   -2.1178293228e+00
    2.9469598085e-02   -2.0883386135e+00
    2.9479978606e-02   -2.0568795204e+00
    2.9489710927e-02   -2.0273842812e+00
    2.9499443248e-02   -1.9978863001e+00
    2.9509825632e-02   -1.9664187431e+00
    2.9519557953e-02   -1.9369144440e+00
    2.9529938474e-02   -1.9054392576e+00
    2.9539670795e-02   -1.8759270906e+00
    2.9549403116e-02   -1.8464106321e+00
    2.9559783638e-02   -1.8149211407e+00
    2.9569515958e-02   -1.7853945494e+00
    2.9579896480e-02   -1.7538936138e+00
    2.9589628801e-02   -1.7243554592e+00
    2.9599361122e-02   -1.6948114634e+00
    2.9609741643e-02   -1.6632907391e+00
    2.9619473964e-02   -1.6337333918e+00
    2.9629856348e-02   -1.6021981239e+00
    2.9639588669e-02   -1.5726265907e+00
    2.9649969190e-02   -1.5410760641e+00
    2.9659701511e-02   -1.5114903450e+00
    2.9669433832e-02   -1.4818979502e+00
    2.9679814354e-02   -1.4503253698e+00
    2.9689546674e-02   -1.4207197428e+00
    2.9699927196e-02   -1.3891338110e+00
    2.9709659517e-02   -1.3595162630e+00
    2.9719391838e-02   -1.3298934698e+00
    2.9729772359e-02   -1.2982904911e+00
    2.9739504680e-02   -1.2686580420e+00
    2.9749887064e-02   -1.2370456457e+00
    2.9759619385e-02   -1.2074049711e+00
    2.9769351706e-02   -1.1777610779e+00
    2.9779732227e-02   -1.1461374760e+00
    2.9789464548e-02   -1.1164876223e+00
    2.9799845070e-02   -1.0848585367e+00
    2.9809577391e-02   -1.0552043915e+00
    2.9819957912e-02   -1.0235716105e+00
    2.9829690233e-02   -9.9391484261e-01
    2.9839422554e-02   -9.6425753832e-01
    2.9849803075e-02   -9.3262296915e-01
    2.9859535396e-02   -9.0296602249e-01
    2.9869917780e-02   -8.7133318186e-01
    2.9879650101e-02   -8.4167915583e-01
    2.9889382422e-02   -8.1202751398e-01
    2.9899762943e-02   -7.8040242195e-01
    2.9909495264e-02   -7.5075775385e-01
    2.9919875786e-02   -7.1914166212e-01
    2.9929608107e-02   -6.8950676918e-01
    2.9939988628e-02   -6.5790241957e-01
    2.9949720949e-02   -6.2827974558e-01
    2.9959453270e-02   -5.9866368771e-01
    2.9969833791e-02   -5.6708097458e-01
    2.9979566112e-02   -5.3747987747e-01
    2.9989948496e-02   -5.0591397285e-01
    2.9999680817e-02   -4.7632923722e-01
    3.0000329018e-02   -4.7435721755e-01
