      3002
    0.0000000000e+00    0.0000000000e+00
    9.7362280940e-06   -5.2290732810e-07
    1.9472456188e-05   -1.9754277218e-06
    2.9208684282e-05   -4.3575610107e-06
    3.8944912376e-05   -7.6693077062e-06
    4.9898168072e-05   -1.2506199710e-05
    5.9634396166e-05   -1.7793374354e-05
    6.9370624260e-05   -2.4010161724e-05
    7.9106852354e-05   -3.1156559999e-05
    8.8843080448e-05   -3.9232574636e-05
    9.9796336144e-05   -4.9429265346e-05
    1.0953254969e-04   -3.5540498793e-03
    1.1927346350e-04   -3.5214852542e-02
    1.2966935174e-04   -1.0023862869e-01
    1.3936702453e-04   -1.8351802230e-01
    1.4957833628e-04   -2.9002988338e-01
    1.5916032135e-04   -4.0357261896e-01
    1.6953409067e-04   -5.3808414936e-01
    1.7927007866e-04   -6.7275202274e-01
    1.8900603754e-04   -8.1369215250e-01
    1.9995904586e-04   -9.7795647383e-01
    2.0969503385e-04   -1.1278107166e+00
    2.1943096363e-04   -1.2803624868e+00
    2.2916687885e-04   -1.4348795414e+00
    2.3890283774e-04   -1.5907891989e+00
    2.4985588971e-04   -1.7673360109e+00
    2.5959202321e-04   -1.9249987602e+00
    2.6932815672e-04   -2.0831778049e+00
    2.7906429023e-04   -2.2417230606e+00
    2.8880042373e-04   -2.4004509449e+00
    2.9975359212e-04   -2.5789728165e+00
    3.0948969652e-04   -2.7374053001e+00
    3.1922583003e-04   -2.8954706192e+00
    3.2896193443e-04   -3.0531291962e+00
    3.3991501550e-04   -3.2300317287e+00
    3.4965106170e-04   -3.3869066238e+00
    3.5938710789e-04   -3.5434525013e+00
    3.6912309588e-04   -3.6996588707e+00
    3.7885899656e-04   -3.8554933071e+00
    3.8981181569e-04   -4.0303168297e+00
    3.9954759995e-04   -4.1852574348e+00
    4.0928332601e-04   -4.3397769928e+00
    4.1901899385e-04   -4.4939179420e+00
    4.2997155106e-04   -4.6669492722e+00
    4.3970713159e-04   -4.8204874992e+00
    4.4944265392e-04   -4.9738225937e+00
    4.5917817624e-04   -5.1269783974e+00
    4.6891369857e-04   -5.2799506187e+00
    4.7986613936e-04   -5.4517884254e+00
    4.8960157437e-04   -5.6042528152e+00
    4.9933698028e-04   -5.7564034462e+00
    5.0907238619e-04   -5.9082131386e+00
    5.1880773390e-04   -6.0596847534e+00
    5.2975991275e-04   -6.2297258377e+00
    5.3949520225e-04   -6.3805875778e+00
    5.4923043353e-04   -6.5311913490e+00
    5.5896566482e-04   -6.6815090179e+00
    5.6991778547e-04   -6.8502044678e+00
    5.7965301676e-04   -6.9997258186e+00
    5.8938824804e-04   -7.1488151550e+00
    5.9912342113e-04   -7.2974891663e+00
    6.0885853600e-04   -7.4458017349e+00
    6.1981054023e-04   -7.6123070717e+00
    6.2954559689e-04   -7.7600731850e+00
    6.3928065356e-04   -7.9076576233e+00
    6.4901565202e-04   -8.0550737381e+00
    6.5996742342e-04   -8.2207002640e+00
    6.6970230546e-04   -8.3676986694e+00
    6.7943712929e-04   -8.5144433975e+00
    6.8917183671e-04   -8.6608934402e+00
    6.9890648592e-04   -8.8070182800e+00
    7.0985779166e-04   -8.9709920883e+00
    7.1959214984e-04   -9.1163549423e+00
    7.2932633338e-04   -9.2613258362e+00
    7.3906040052e-04   -9.4058723450e+00
    7.4879435124e-04   -9.5499601364e+00
    7.5974490028e-04   -9.7114753723e+00
    7.6947855996e-04   -9.8545236588e+00
    7.7921216143e-04   -9.9971008301e+00
    7.8894570470e-04   -1.0139251709e+01
    7.9989572987e-04   -1.0298726082e+01
    8.0962892389e-04   -1.0440135956e+01
    8.1936200149e-04   -1.0581254959e+01
    8.2909490447e-04   -1.0722094536e+01
    8.3882757463e-04   -1.0862650871e+01
    8.4977661027e-04   -1.1020421982e+01
    8.5950887296e-04   -1.1160335541e+01
    8.6924090283e-04   -1.1299933434e+01
    8.7897275807e-04   -1.1439210892e+01
    8.8992092060e-04   -1.1595508575e+01
    8.9965248480e-04   -1.1734077454e+01
    9.0938387439e-04   -1.1872284889e+01
    9.1911520576e-04   -1.2010106087e+01
    9.2884636251e-04   -1.2147526741e+01
    9.3979376834e-04   -1.2301642418e+01
    9.4952457584e-04   -1.2438221931e+01
    9.5925526693e-04   -1.2574444771e+01
    9.6898584161e-04   -1.2710350990e+01
    9.7993249074e-04   -1.2862917900e+01
    9.8966283258e-04   -1.2998280525e+01
    9.9939294159e-04   -1.3133431435e+01
    1.0091229342e-03   -1.3268382072e+01
    1.0188529268e-03   -1.3403134346e+01
    1.0297988774e-03   -1.3554485321e+01
    1.0395286372e-03   -1.3688790321e+01
    1.0492583970e-03   -1.3822857857e+01
    1.0589880403e-03   -1.3956661224e+01
    1.0699337581e-03   -1.4106829643e+01
    1.0796632851e-03   -1.4239948273e+01
    1.0893928120e-03   -1.4372693062e+01
    1.0991222225e-03   -1.4505043983e+01
    1.1088516330e-03   -1.4637001991e+01
    1.1197971180e-03   -1.4785006523e+01
    1.1295265285e-03   -1.4916198730e+01
    1.1392558226e-03   -1.5047076225e+01
    1.1489852332e-03   -1.5177666664e+01
    1.1599308345e-03   -1.5324257851e+01
    1.1696603615e-03   -1.5454278946e+01
    1.1793898884e-03   -1.5584023476e+01
    1.1891194154e-03   -1.5713466644e+01
    1.1988490587e-03   -1.5842579842e+01
    1.2097946601e-03   -1.5987398148e+01
    1.2195238378e-03   -1.6115718842e+01
    1.2292530155e-03   -1.6243648529e+01
    1.2389819603e-03   -1.6371192932e+01
    1.2499268632e-03   -1.6514232635e+01
    1.2596555753e-03   -1.6641000748e+01
    1.2693840545e-03   -1.6767425537e+01
    1.2791125337e-03   -1.6893516541e+01
    1.2888408964e-03   -1.7019275665e+01
    1.2997852173e-03   -1.7160362244e+01
    1.3095134636e-03   -1.7285419464e+01
    1.3192418264e-03   -1.7410142899e+01
    1.3289700728e-03   -1.7534528732e+01
    1.3399145100e-03   -1.7674045563e+01
    1.3496428728e-03   -1.7797683716e+01
    1.3593712356e-03   -1.7920951843e+01
    1.3690997148e-03   -1.8043848038e+01
    1.3788280776e-03   -1.8166366577e+01
    1.3897725148e-03   -1.8303760529e+01
    1.3995006448e-03   -1.8425510406e+01
    1.4092286583e-03   -1.8546930313e+01
    1.4189564390e-03   -1.8668035507e+01
    1.4299000613e-03   -1.8803932190e+01
    1.4396273764e-03   -1.8924432755e+01
    1.4493545750e-03   -1.9044656754e+01
    1.4590816572e-03   -1.9164602280e+01
    1.4688085066e-03   -1.9284254074e+01
    1.4797509648e-03   -1.9418497086e+01
    1.4894774649e-03   -1.9537481308e+01
    1.4992038487e-03   -1.9656126022e+01
    1.5095787821e-03   -1.9782302856e+01
    1.5199597692e-03   -1.9908153534e+01
    1.5296920901e-03   -2.0025774002e+01
    1.5394242946e-03   -2.0143049240e+01
    1.5498868888e-03   -2.0268741608e+01
    1.5591537813e-03   -2.0379745483e+01
    1.5696665505e-03   -2.0505302429e+01
    1.5798920067e-03   -2.0627052307e+01
    1.5898727579e-03   -2.0745523453e+01
    1.5992803965e-03   -2.0856851578e+01
    1.6096245963e-03   -2.0978862762e+01
    1.6198499361e-03   -2.1099039078e+01
    1.6296050744e-03   -2.1213256836e+01
    1.6399183078e-03   -2.1333524704e+01
    1.6494620359e-03   -2.1444349289e+01
    1.6596874921e-03   -2.1562566757e+01
    1.6694581136e-03   -2.1675006866e+01
    1.6795508564e-03   -2.1790613174e+01
    1.6893561697e-03   -2.1902408600e+01
    1.6995816259e-03   -2.2018455505e+01
    1.7098069657e-03   -2.2133966446e+01
    1.7193508102e-03   -2.2241310120e+01
    1.7295761500e-03   -2.2355833054e+01
    1.7398016062e-03   -2.2469865799e+01
    1.7493453342e-03   -2.2575868607e+01
    1.7598492559e-03   -2.2692068100e+01
    1.7696802970e-03   -2.2800397873e+01
    1.7799057532e-03   -2.2912645340e+01
    1.7894494813e-03   -2.3017028809e+01
    1.7996749375e-03   -2.3128475189e+01
    1.8099003937e-03   -2.3239528656e+01
    1.8199326005e-03   -2.3348106384e+01
    1.8291077577e-03   -2.3447084427e+01
    1.8392003840e-03   -2.3555601120e+01
    1.8497131532e-03   -2.3668222427e+01
    1.8599386094e-03   -2.3777347565e+01
    1.8694823375e-03   -2.3878812790e+01
    1.8797077937e-03   -2.3987094879e+01
    1.8899332499e-03   -2.4094913483e+01
    1.8994769780e-03   -2.4195117950e+01
    1.9097024342e-03   -2.4302013397e+01
    1.9199278904e-03   -2.4408422470e+01
    1.9294716185e-03   -2.4507295609e+01
    1.9396970747e-03   -2.4612760544e+01
    1.9499224145e-03   -2.4717742920e+01
    1.9594661426e-03   -2.4815298080e+01
    1.9693779759e-03   -2.4916181564e+01
    1.9799820147e-03   -2.5023628235e+01
    1.9896221347e-03   -2.5120876312e+01
    1.9992622547e-03   -2.5217708588e+01
    2.0098662935e-03   -2.5323738098e+01
    2.0195064135e-03   -2.5419672012e+01
    2.0291465335e-03   -2.5515155792e+01
    2.0399366040e-03   -2.5621471405e+01
    2.0494803321e-03   -2.5714992523e+01
    2.0597057883e-03   -2.5814641953e+01
    2.0699312445e-03   -2.5913702011e+01
    2.0792784635e-03   -2.6003726959e+01
    2.0898825023e-03   -2.6105247498e+01
    2.0995226223e-03   -2.6196975708e+01
    2.1093485411e-03   -2.6289928436e+01
    2.1195739973e-03   -2.6386089325e+01
    2.1297994535e-03   -2.6481687546e+01
    2.1393431816e-03   -2.6570423126e+01
    2.1495686378e-03   -2.6664985657e+01
    2.1599968895e-03   -2.6760892868e+01
    2.1696370095e-03   -2.6849077225e+01
    2.1792771295e-03   -2.6936800003e+01
    2.1898811683e-03   -2.7032752991e+01
    2.1995212883e-03   -2.7119472504e+01
    2.2091614082e-03   -2.7205690384e+01
    2.2197654471e-03   -2.7299930573e+01
    2.2294055670e-03   -2.7385042191e+01
    2.2390456870e-03   -2.7469606400e+01
    2.2496497259e-03   -2.7561986923e+01
    2.2592898458e-03   -2.7645389557e+01
    2.2698938847e-03   -2.7736495972e+01
    2.2795340046e-03   -2.7818754196e+01
    2.2891741246e-03   -2.7900482178e+01
    2.2997781634e-03   -2.7989776611e+01
    2.3094182834e-03   -2.8070415497e+01
    2.3196919356e-03   -2.8155799866e+01
    2.3299173918e-03   -2.8240228653e+01
    2.3394611198e-03   -2.8318540573e+01
    2.3496865761e-03   -2.8401937485e+01
    2.3599120323e-03   -2.8484821320e+01
    2.3694557603e-03   -2.8561721802e+01
    2.3796812166e-03   -2.8643634796e+01
    2.3899066728e-03   -2.8725053787e+01
    2.3994504008e-03   -2.8800596237e+01
    2.4096758571e-03   -2.8881052017e+01
    2.4199013133e-03   -2.8960996628e+01
    2.4295307230e-03   -2.9035800934e+01
    2.4391708430e-03   -2.9110208511e+01
    2.4498712737e-03   -2.9192214966e+01
    2.4595372379e-03   -2.9265745163e+01
    2.4699645583e-03   -2.9344465256e+01
    2.4796046782e-03   -2.9416666031e+01
    2.4897130206e-03   -2.9491773605e+01
    2.4999384768e-03   -2.9567115784e+01
    2.5094822049e-03   -2.9636863708e+01
    2.5197076611e-03   -2.9710992813e+01
    2.5299331173e-03   -2.9784519196e+01
    2.5394768454e-03   -2.9852621078e+01
    2.5497023016e-03   -2.9925054550e+01
    2.5599277578e-03   -2.9996961594e+01
    2.5694714859e-03   -3.0063619614e+01
    2.5796969421e-03   -3.0134571075e+01
    2.5899223983e-03   -3.0205049515e+01
    2.5994661264e-03   -3.0270404816e+01
    2.6096915826e-03   -3.0339973450e+01
    2.6199170388e-03   -3.0409063339e+01
    2.6294607669e-03   -3.0473115921e+01
    2.6396862231e-03   -3.0541280746e+01
    2.6499116793e-03   -3.0608972549e+01
    2.6593760122e-03   -3.0671215057e+01
    2.6699800510e-03   -3.0740503311e+01
    2.6796201710e-03   -3.0803096771e+01
    2.6892602909e-03   -3.0865333557e+01
    2.6998643298e-03   -3.0933401108e+01
    2.7095044497e-03   -3.0994943619e+01
    2.7191445697e-03   -3.1056188583e+01
    2.7297486085e-03   -3.1123226166e+01
    2.7393887285e-03   -3.1183883667e+01
    2.7499927673e-03   -3.1250301361e+01
    2.7596328873e-03   -3.1310411453e+01
    2.7692730073e-03   -3.1370267868e+01
    2.7798770461e-03   -3.1435823441e+01
    2.7895171661e-03   -3.1495161057e+01
    2.7991572861e-03   -3.1554254532e+01
    2.8097613249e-03   -3.1618976593e+01
    2.8194014449e-03   -3.1677562714e+01
    2.8290415648e-03   -3.1735908508e+01
    2.8396456037e-03   -3.1799821854e+01
    2.8492857236e-03   -3.1857688904e+01
    2.8593251482e-03   -3.1917722702e+01
    2.8695506044e-03   -3.1978637695e+01
    2.8797760606e-03   -3.2039325714e+01
    2.8893197887e-03   -3.2095764160e+01
    2.8995452449e-03   -3.2156021118e+01
    2.9097707011e-03   -3.2216056824e+01
    2.9199961573e-03   -3.2275856018e+01
    2.9295398854e-03   -3.2331459045e+01
    2.9391210992e-03   -3.2387065887e+01
    2.9497253709e-03   -3.2448352814e+01
    2.9593652580e-03   -3.2503822327e+01
    2.9699695297e-03   -3.2564567566e+01
    2.9796096496e-03   -3.2619537354e+01
    2.9892495368e-03   -3.2674251556e+01
    2.9998538084e-03   -3.2734138489e+01
    3.0094936956e-03   -3.2788299561e+01
    3.0191338155e-03   -3.2842182159e+01
    3.0297380872e-03   -3.2901115417e+01
    3.0393779743e-03   -3.2954380035e+01
    3.0499822460e-03   -3.3012611389e+01
    3.0596223660e-03   -3.3065216064e+01
    3.0693311710e-03   -3.3117870331e+01
    3.0795566272e-03   -3.3172973633e+01
    3.0897820834e-03   -3.3227710724e+01
    3.0993258115e-03   -3.3278469086e+01
    3.1095512677e-03   -3.3332504272e+01
    3.1197767239e-03   -3.3386177063e+01
    3.1290757470e-03   -3.3434673309e+01
    3.1396797858e-03   -3.3489608765e+01
    3.1493199058e-03   -3.3539207458e+01
    3.1599239446e-03   -3.3593376160e+01
    3.1695640646e-03   -3.3642265320e+01
    3.1792041846e-03   -3.3690795898e+01
    3.1898082234e-03   -3.3743759155e+01
    3.1994483434e-03   -3.3791511536e+01
    3.2090884633e-03   -3.3838871002e+01
    3.2196925022e-03   -3.3890502930e+01
    3.2293326221e-03   -3.3937011719e+01
    3.2399366610e-03   -3.3987693787e+01
    3.2495767809e-03   -3.4033332825e+01
    3.2592169009e-03   -3.4078567505e+01
    3.2698209397e-03   -3.4127861023e+01
    3.2794610597e-03   -3.4172248840e+01
    3.2891011797e-03   -3.4216232300e+01
    3.2997052185e-03   -3.4264133453e+01
    3.3093453385e-03   -3.4307224274e+01
    3.3199493773e-03   -3.4354114532e+01
    3.3295894973e-03   -3.4396247864e+01
    3.3392296173e-03   -3.4437896729e+01
    3.3498336561e-03   -3.4483119965e+01
    3.3594737761e-03   -3.4523685455e+01
    3.3691138960e-03   -3.4563732147e+01
    3.3797179349e-03   -3.4607185364e+01
    3.3893580548e-03   -3.4646163940e+01
    3.3999623265e-03   -3.4688468933e+01
    3.4096022137e-03   -3.4726425171e+01
    3.4192423336e-03   -3.4763908386e+01
    3.4298463725e-03   -3.4804607391e+01
    3.4394864924e-03   -3.4841136932e+01
    3.4491266124e-03   -3.4877243042e+01
    3.4597306512e-03   -3.4916488647e+01
    3.4693707712e-03   -3.4951759338e+01
    3.4799750429e-03   -3.4990123749e+01
    3.4896149300e-03   -3.5024631500e+01
    3.4993239678e-03   -3.5059051514e+01
    3.5095494241e-03   -3.5094959259e+01
    3.5197748803e-03   -3.5130535126e+01
    3.5293186083e-03   -3.5163452148e+01
    3.5395440646e-03   -3.5198417664e+01
    3.5497695208e-03   -3.5233085632e+01
    3.5597984679e-03   -3.5266815186e+01
    3.5694385879e-03   -3.5299003601e+01
    3.5790784750e-03   -3.5330978394e+01
    3.5896827467e-03   -3.5365917206e+01
    3.5993228666e-03   -3.5397476196e+01
    3.6099269055e-03   -3.5431968689e+01
    3.6198010202e-03   -3.5463882446e+01
    3.6293447483e-03   -3.5494541168e+01
    3.6392083857e-03   -3.5526042938e+01
    3.6498126574e-03   -3.5559707642e+01
    3.6594527774e-03   -3.5590129852e+01
    3.6690926645e-03   -3.5620384216e+01
    3.6796969362e-03   -3.5653476715e+01
    3.6893370561e-03   -3.5683391571e+01
    3.6999410950e-03   -3.5716117859e+01
    3.7099323235e-03   -3.5746788025e+01
    3.7194760516e-03   -3.5775947571e+01
    3.7297015078e-03   -3.5807044983e+01
    3.7399269640e-03   -3.5837985992e+01
    3.7494706921e-03   -3.5866706848e+01
    3.7596961483e-03   -3.5897281647e+01
    3.7699216045e-03   -3.5927616119e+01
    3.7794653326e-03   -3.5955688477e+01
    3.7896907888e-03   -3.5985492706e+01
    3.7991551217e-03   -3.6012817383e+01
    3.8097591605e-03   -3.6043136597e+01
    3.8193992805e-03   -3.6070430756e+01
    3.8290394004e-03   -3.6097476959e+01
    3.8396434393e-03   -3.6126937866e+01
    3.8492835592e-03   -3.6153453827e+01
    3.8598875981e-03   -3.6182308197e+01
    3.8695277181e-03   -3.6208225250e+01
    3.8791678380e-03   -3.6233821869e+01
    3.8897718769e-03   -3.6261581421e+01
    3.8997107185e-03   -3.6287212372e+01
    3.9093508385e-03   -3.6311706543e+01
    3.9199548773e-03   -3.6338226318e+01
    3.9295949973e-03   -3.6361946106e+01
    3.9392351173e-03   -3.6385284424e+01
    3.9498391561e-03   -3.6410518646e+01
    3.9594792761e-03   -3.6433059692e+01
    3.9691193961e-03   -3.6455242157e+01
    3.9797234349e-03   -3.6479267120e+01
    3.9893635549e-03   -3.6500804901e+01
    3.9999675937e-03   -3.6524223328e+01
    4.0096077137e-03   -3.6545322418e+01
    4.0192478336e-03   -3.6566284180e+01
    4.0298518725e-03   -3.6589244843e+01
    4.0394919924e-03   -3.6610065460e+01
    4.0491321124e-03   -3.6630851746e+01
    4.0597361512e-03   -3.6653694153e+01
    4.0693762712e-03   -3.6674449921e+01
    4.0799803101e-03   -3.6697296143e+01
    4.0896204300e-03   -3.6718101501e+01
    4.0992605500e-03   -3.6738956451e+01
    4.1098645888e-03   -3.6761955261e+01
    4.1195047088e-03   -3.6782920837e+01
    4.1291448288e-03   -3.6803943634e+01
    4.1397488676e-03   -3.6827114105e+01
    4.1493889876e-03   -3.6848213196e+01
    4.1599930264e-03   -3.6871444702e+01
    4.1696331464e-03   -3.6892570496e+01
    4.1792732663e-03   -3.6913692474e+01
    4.1898773052e-03   -3.6936908722e+01
    4.1995174251e-03   -3.6957988739e+01
    4.2099561542e-03   -3.6980785370e+01
    4.2194998823e-03   -3.7001590729e+01
    4.2297253385e-03   -3.7023845673e+01
    4.2399507947e-03   -3.7046054840e+01
    4.2494945228e-03   -3.7066738129e+01
    4.2599313892e-03   -3.7089309692e+01
    4.2698658071e-03   -3.7110744476e+01
    4.2794100009e-03   -3.7131290436e+01
    4.2891562916e-03   -3.7152217865e+01
    4.2994301766e-03   -3.7174217224e+01
    4.3096551672e-03   -3.7196044922e+01
    4.3199183419e-03   -3.7217872620e+01
    4.3295584619e-03   -3.7238304138e+01
    4.3391985819e-03   -3.7258666992e+01
    4.3499888852e-03   -3.7281387329e+01
    4.3595326133e-03   -3.7301418304e+01
    4.3697580695e-03   -3.7322826385e+01
    4.3799830601e-03   -3.7344188690e+01
    4.3895272538e-03   -3.7364116669e+01
    4.3997522444e-03   -3.7385490417e+01
    4.4093644246e-03   -3.7405639648e+01
    4.4195898809e-03   -3.7427154541e+01
    4.4298153371e-03   -3.7448745728e+01
    4.4394270517e-03   -3.7469085693e+01
    4.4498355128e-03   -3.7491119385e+01
    4.4594756328e-03   -3.7511505127e+01
    4.4691157527e-03   -3.7531852722e+01
    4.4797197916e-03   -3.7554180145e+01
    4.4899932109e-03   -3.7575748444e+01
    4.4995369390e-03   -3.7595710754e+01
    4.5097623952e-03   -3.7617004395e+01
    4.5197433792e-03   -3.7637683868e+01
    4.5293834992e-03   -3.7657543182e+01
    4.5399875380e-03   -3.7679241180e+01
    4.5496276580e-03   -3.7698795319e+01
    4.5597357675e-03   -3.7719120026e+01
    4.5699612238e-03   -3.7739482880e+01
    4.5795049518e-03   -3.7758312225e+01
    4.5896507800e-03   -3.7778141022e+01
    4.5997593552e-03   -3.7797695160e+01
    4.6099848114e-03   -3.7817260742e+01
    4.6195285395e-03   -3.7835300446e+01
    4.6297539957e-03   -3.7854373932e+01
    4.6399794519e-03   -3.7873153687e+01
    4.6495231800e-03   -3.7890411377e+01
    4.6597486362e-03   -3.7908618927e+01
    4.6699740924e-03   -3.7926532745e+01
    4.6795178205e-03   -3.7943012238e+01
    4.6897432767e-03   -3.7960437775e+01
    4.6993726864e-03   -3.7976638794e+01
    4.7095981427e-03   -3.7993629456e+01
    4.7198235989e-03   -3.8010410309e+01
    4.7293673269e-03   -3.8025897980e+01
    4.7395927832e-03   -3.8042335510e+01
    4.7498182394e-03   -3.8058620453e+01
    4.7593619674e-03   -3.8073688507e+01
    4.7695874237e-03   -3.8089717865e+01
    4.7798128799e-03   -3.8105636597e+01
    4.7893566079e-03   -3.8120410919e+01
    4.7995820642e-03   -3.8136150360e+01
    4.8098075204e-03   -3.8151790619e+01
    4.8193512484e-03   -3.8166282654e+01
    4.8295767047e-03   -3.8181678772e+01
    4.8398021609e-03   -3.8196918488e+01
    4.8493458889e-03   -3.8210990906e+01
    4.8595713452e-03   -3.8225921631e+01
    4.8697968014e-03   -3.8240711212e+01
    4.8793405294e-03   -3.8254405975e+01
    4.8895659856e-03   -3.8268970490e+01
    4.8997914419e-03   -3.8283432007e+01
    4.9093351699e-03   -3.8296840668e+01
    4.9195606261e-03   -3.8311126709e+01
    4.9297860824e-03   -3.8325336456e+01
    4.9393298104e-03   -3.8338527679e+01
    4.9495552666e-03   -3.8352584839e+01
    4.9597807229e-03   -3.8366535187e+01
    4.9693244509e-03   -3.8379432678e+01
    4.9795499071e-03   -3.8393089294e+01
    4.9897753634e-03   -3.8406562805e+01
    4.9993190914e-03   -3.8418949127e+01
    5.0095445476e-03   -3.8432010651e+01
    5.0197700039e-03   -3.8444850922e+01
    5.0299954601e-03   -3.8457466125e+01
    5.0395391881e-03   -3.8469039917e+01
    5.0497646444e-03   -3.8481235504e+01
    5.0599896349e-03   -3.8493217468e+01
    5.0695338286e-03   -3.8504226685e+01
    5.0797588192e-03   -3.8515853882e+01
    5.0899842754e-03   -3.8527313232e+01
    5.0995280035e-03   -3.8537872314e+01
    5.1097534597e-03   -3.8549045563e+01
    5.1199789159e-03   -3.8560085297e+01
    5.1295226440e-03   -3.8570274353e+01
    5.1397481002e-03   -3.8581066132e+01
    5.1499735564e-03   -3.8591735840e+01
    5.1595172845e-03   -3.8601585388e+01
    5.1697427407e-03   -3.8612033844e+01
    5.1799681969e-03   -3.8622383118e+01
    5.1895119250e-03   -3.8631965637e+01
    5.1997373812e-03   -3.8642150879e+01
    5.2099628374e-03   -3.8652256012e+01
    5.2195065655e-03   -3.8661594391e+01
    5.2297320217e-03   -3.8671485901e+01
    5.2399574779e-03   -3.8681251526e+01
    5.2497885190e-03   -3.8690517426e+01
    5.2595208399e-03   -3.8699562073e+01
    5.2699018270e-03   -3.8709068298e+01
    5.2796341479e-03   -3.8717849731e+01
    5.2893660031e-03   -3.8726512909e+01
    5.2997469902e-03   -3.8735641479e+01
    5.3094793111e-03   -3.8744113922e+01
    5.3198602982e-03   -3.8753074646e+01
    5.3295926191e-03   -3.8761417389e+01
    5.3393580019e-03   -3.8769756317e+01
    5.3495829925e-03   -3.8778472900e+01
    5.3598084487e-03   -3.8787208557e+01
    5.3693521768e-03   -3.8795402527e+01
    5.3795776330e-03   -3.8804248810e+01
    5.3898030892e-03   -3.8813175201e+01
    5.3993468173e-03   -3.8821578979e+01
    5.4095722735e-03   -3.8830673218e+01
    5.4197977297e-03   -3.8839870453e+01
    5.4293414578e-03   -3.8848560333e+01
    5.4395669140e-03   -3.8857982635e+01
    5.4497923702e-03   -3.8867496490e+01
    5.4593360983e-03   -3.8876449585e+01
    5.4695615545e-03   -3.8886085510e+01
    5.4797870107e-03   -3.8895729065e+01
    5.4893307388e-03   -3.8904685974e+01
    5.4995561950e-03   -3.8914192200e+01
    5.5097816512e-03   -3.8923583984e+01
    5.5193253793e-03   -3.8932243347e+01
    5.5295508355e-03   -3.8941413879e+01
    5.5397762917e-03   -3.8950485229e+01
    5.5493200198e-03   -3.8958877563e+01
    5.5595454760e-03   -3.8967796326e+01
    5.5697709322e-03   -3.8976646423e+01
    5.5799963884e-03   -3.8985431671e+01
    5.5895401165e-03   -3.8993579865e+01
    5.5997655727e-03   -3.9002265930e+01
    5.6099910289e-03   -3.9010898590e+01
    5.6195347570e-03   -3.9018898010e+01
    5.6297602132e-03   -3.9027404785e+01
    5.6399856694e-03   -3.9035827637e+01
    5.6495293975e-03   -3.9043613434e+01
    5.6597548537e-03   -3.9051876068e+01
    5.6699803099e-03   -3.9060066223e+01
    5.6795240380e-03   -3.9067646027e+01
    5.6897494942e-03   -3.9075698853e+01
    5.6999749504e-03   -3.9083683014e+01
    5.7095186785e-03   -3.9091083527e+01
    5.7197441347e-03   -3.9098957062e+01
    5.7299695909e-03   -3.9106773376e+01
    5.7395133190e-03   -3.9114013672e+01
    5.7497387752e-03   -3.9121711731e+01
    5.7599642314e-03   -3.9129333496e+01
    5.7695079595e-03   -3.9136375427e+01
    5.7797334157e-03   -3.9143833160e+01
    5.7894657366e-03   -3.9150852203e+01
    5.7998467237e-03   -3.9158248901e+01
    5.8095785789e-03   -3.9165103912e+01
    5.8199600317e-03   -3.9172336578e+01
    5.8296918869e-03   -3.9179050446e+01
    5.8394242078e-03   -3.9185691833e+01
    5.8498051949e-03   -3.9192703247e+01
    5.8597675525e-03   -3.9199359894e+01
    5.8699930087e-03   -3.9206108093e+01
    5.8795367368e-03   -3.9212337494e+01
    5.8897621930e-03   -3.9218929291e+01
    5.8999876492e-03   -3.9225433350e+01
    5.9095313773e-03   -3.9231422424e+01
    5.9197568335e-03   -3.9237751007e+01
    5.9299822897e-03   -3.9243972778e+01
    5.9395260178e-03   -3.9249679565e+01
    5.9497514740e-03   -3.9255683899e+01
    5.9599769302e-03   -3.9261573792e+01
    5.9695206583e-03   -3.9266975403e+01
    5.9797461145e-03   -3.9272663116e+01
    5.9899715707e-03   -3.9278263092e+01
    5.9995152988e-03   -3.9283420563e+01
    6.0097407550e-03   -3.9288890839e+01
    6.0199662112e-03   -3.9294311523e+01
    6.0295099393e-03   -3.9299327850e+01
    6.0397353955e-03   -3.9304664612e+01
    6.0499608517e-03   -3.9309951782e+01
    6.0595045798e-03   -3.9314826965e+01
    6.0697300360e-03   -3.9319976807e+01
    6.0799554922e-03   -3.9325023651e+01
    6.0894992203e-03   -3.9329635620e+01
    6.0997246765e-03   -3.9334472656e+01
    6.1099501327e-03   -3.9339199066e+01
    6.1194938608e-03   -3.9343517303e+01
    6.1297193170e-03   -3.9348056793e+01
    6.1399447732e-03   -3.9352497101e+01
    6.1494885013e-03   -3.9356555939e+01
    6.1597139575e-03   -3.9360801697e+01
    6.1699394137e-03   -3.9364944458e+01
    6.1794831418e-03   -3.9368709564e+01
    6.1897085980e-03   -3.9372631073e+01
    6.1999340542e-03   -3.9376438141e+01
    6.2094777822e-03   -3.9379882812e+01
    6.2197032385e-03   -3.9383460999e+01
    6.2299286947e-03   -3.9386917114e+01
    6.2394724227e-03   -3.9390037537e+01
    6.2496978790e-03   -3.9393276215e+01
    6.2599233352e-03   -3.9396411896e+01
    6.2694670632e-03   -3.9399257660e+01
    6.2796925195e-03   -3.9402225494e+01
    6.2899179757e-03   -3.9405117035e+01
    6.2994617037e-03   -3.9407749176e+01
    6.3096871600e-03   -3.9410499573e+01
    6.3199126162e-03   -3.9413177490e+01
    6.3294563442e-03   -3.9415615082e+01
    6.3396818005e-03   -3.9418148041e+01
    6.3499072567e-03   -3.9420597076e+01
    6.3594509847e-03   -3.9422801971e+01
    6.3696764410e-03   -3.9425071716e+01
    6.3799018972e-03   -3.9427238464e+01
    6.3894456252e-03   -3.9429168701e+01
    6.3996706158e-03   -3.9431137085e+01
    6.4098960720e-03   -3.9433006287e+01
    6.4194398001e-03   -3.9434654236e+01
    6.4296652563e-03   -3.9436332703e+01
    6.4398907125e-03   -3.9437911987e+01
    6.4494344406e-03   -3.9439308167e+01
    6.4596598968e-03   -3.9440708160e+01
    6.4698853530e-03   -3.9442012787e+01
    6.4794290811e-03   -3.9443138123e+01
    6.4896545373e-03   -3.9444248199e+01
    6.4998799935e-03   -3.9445247650e+01
    6.5094237216e-03   -3.9446086884e+01
    6.5196491778e-03   -3.9446876526e+01
    6.5298746340e-03   -3.9447559357e+01
    6.5394183621e-03   -3.9448089600e+01
    6.5496438183e-03   -3.9448543549e+01
    6.5598692745e-03   -3.9448875427e+01
    6.5694130026e-03   -3.9449073792e+01
    6.5796384588e-03   -3.9449188232e+01
    6.5898639150e-03   -3.9449218750e+01
    6.5994076431e-03   -3.9449192047e+01
    6.6096330993e-03   -3.9449115753e+01
    6.6198585555e-03   -3.9448982239e+01
    6.6294022836e-03   -3.9448791504e+01
    6.6396277398e-03   -3.9448490143e+01
    6.6498531960e-03   -3.9448070526e+01
    6.6593969241e-03   -3.9447570801e+01
    6.6696223803e-03   -3.9446922302e+01
    6.6798478365e-03   -3.9446166992e+01
    6.6893915646e-03   -3.9445369720e+01
    6.6996170208e-03   -3.9444419861e+01
    6.7098424770e-03   -3.9443367004e+01
    6.7193862051e-03   -3.9442287445e+01
    6.7296116613e-03   -3.9441032410e+01
    6.7398371175e-03   -3.9439670563e+01
    6.7493808456e-03   -3.9438301086e+01
    6.7596063018e-03   -3.9436737061e+01
    6.7698317580e-03   -3.9435070038e+01
    6.7793754861e-03   -3.9433414459e+01
    6.7896009423e-03   -3.9431541443e+01
    6.7998263985e-03   -3.9429557800e+01
    6.8093701266e-03   -3.9427612305e+01
    6.8195955828e-03   -3.9425430298e+01
    6.8298210390e-03   -3.9423152924e+01
    6.8393647671e-03   -3.9420944214e+01
    6.8495902233e-03   -3.9418479919e+01
    6.8598156795e-03   -3.9415924072e+01
    6.8693594076e-03   -3.9413448334e+01
    6.8795848638e-03   -3.9410697937e+01
    6.8898103200e-03   -3.9407840729e+01
    6.8993540481e-03   -3.9405075073e+01
    6.9095795043e-03   -3.9402004242e+01
    6.9198049605e-03   -3.9398826599e+01
    6.9293486886e-03   -3.9395763397e+01
    6.9395741448e-03   -3.9392379761e+01
    6.9497996010e-03   -3.9388900757e+01
    6.9593433291e-03   -3.9385570526e+01
    6.9695687853e-03   -3.9381919861e+01
    6.9797942415e-03   -3.9378177643e+01
    6.9893379696e-03   -3.9374603271e+01
    6.9995634258e-03   -3.9370685577e+01
    7.0097888820e-03   -3.9366668701e+01
    7.0193326101e-03   -3.9362823486e+01
    7.0295576006e-03   -3.9358600616e+01
    7.0397830568e-03   -3.9354270935e+01
    7.0493267849e-03   -3.9350143433e+01
    7.0595522411e-03   -3.9345626831e+01
    7.0697776973e-03   -3.9341018677e+01
    7.0793214254e-03   -3.9336647034e+01
    7.0895468816e-03   -3.9331878662e+01
    7.0997723378e-03   -3.9327033997e+01
    7.1099977940e-03   -3.9322113037e+01
    7.1195415221e-03   -3.9317455292e+01
    7.1297669783e-03   -3.9312397003e+01
    7.1399924345e-03   -3.9307270050e+01
    7.1495361626e-03   -3.9302417755e+01
    7.1597616188e-03   -3.9297149658e+01
    7.1699870750e-03   -3.9291809082e+01
    7.1795308031e-03   -3.9286762238e+01
    7.1897562593e-03   -3.9281284332e+01
    7.1999817155e-03   -3.9275741577e+01
    7.2095254436e-03   -3.9270507812e+01
    7.2197508998e-03   -3.9264839172e+01
    7.2299763560e-03   -3.9259101868e+01
    7.2395200841e-03   -3.9253692627e+01
    7.2497455403e-03   -3.9247833252e+01
    7.2599709965e-03   -3.9241912842e+01
    7.2695147246e-03   -3.9236331940e+01
    7.2797401808e-03   -3.9230285645e+01
    7.2899656370e-03   -3.9224182129e+01
    7.2995093651e-03   -3.9218425751e+01
    7.3097348213e-03   -3.9212203979e+01
    7.3199602775e-03   -3.9205924988e+01
    7.3295040056e-03   -3.9200008392e+01
    7.3397294618e-03   -3.9193611145e+01
    7.3499549180e-03   -3.9187156677e+01
    7.3594986461e-03   -3.9181083679e+01
    7.3697241023e-03   -3.9174518585e+01
    7.3799495585e-03   -3.9167888641e+01
    7.3894932866e-03   -3.9161636353e+01
    7.3997187428e-03   -3.9154869080e+01
    7.4099441990e-03   -3.9148021698e+01
    7.4194879271e-03   -3.9141563416e+01
    7.4297133833e-03   -3.9134590149e+01
    7.4399388395e-03   -3.9127563477e+01
    7.4494825676e-03   -3.9120964050e+01
    7.4597080238e-03   -3.9113849640e+01
    7.4699334800e-03   -3.9106681824e+01
    7.4794772081e-03   -3.9099941254e+01
    7.4897026643e-03   -3.9092651367e+01
    7.4999281205e-03   -3.9085285187e+01
    7.5094718486e-03   -3.9078342438e+01
    7.5196973048e-03   -3.9070831299e+01
    7.5299227610e-03   -3.9063240051e+01
    7.5394664891e-03   -3.9056087494e+01
    7.5496919453e-03   -3.9048358917e+01
    7.5599174015e-03   -3.9040554047e+01
    7.5694611296e-03   -3.9033214569e+01
    7.5796865858e-03   -3.9025295258e+01
    7.5899120420e-03   -3.9017326355e+01
    7.5994557701e-03   -3.9009857178e+01
    7.6096812263e-03   -3.9001827240e+01
    7.6199066825e-03   -3.8993778229e+01
    7.6294504106e-03   -3.8986248016e+01
    7.6396758668e-03   -3.8978149414e+01
    7.6499008574e-03   -3.8970012665e+01
    7.6594450511e-03   -3.8962371826e+01
    7.6696700417e-03   -3.8954124451e+01
    7.6798954979e-03   -3.8945796967e+01
    7.6894392259e-03   -3.8937946320e+01
    7.6996646821e-03   -3.8929450989e+01
    7.7098901384e-03   -3.8920856476e+01
    7.7194338664e-03   -3.8912750244e+01
    7.7296593226e-03   -3.8903972626e+01
    7.7398847789e-03   -3.8895099640e+01
    7.7494285069e-03   -3.8886737823e+01
    7.7596539631e-03   -3.8877696991e+01
    7.7698794194e-03   -3.8868579865e+01
    7.7794231474e-03   -3.8860012054e+01
    7.7896486036e-03   -3.8850772858e+01
    7.7998740599e-03   -3.8841480255e+01
    7.8094177879e-03   -3.8832759857e+01
    7.8196432441e-03   -3.8823368073e+01
    7.8298682347e-03   -3.8813930511e+01
    7.8394124284e-03   -3.8805084229e+01
    7.8496374190e-03   -3.8795566559e+01
    7.8598633409e-03   -3.8786022186e+01
    7.8694066033e-03   -3.8777084351e+01
    7.8796325251e-03   -3.8767471313e+01
    7.8898575157e-03   -3.8757812500e+01
    7.8994017094e-03   -3.8748752594e+01
    7.9096267000e-03   -3.8738990784e+01
    7.9198526219e-03   -3.8729167938e+01
    7.9293958843e-03   -3.8719940186e+01
    7.9396218061e-03   -3.8709991455e+01
    7.9498467967e-03   -3.8699977875e+01
    7.9593909904e-03   -3.8690574646e+01
    7.9696159810e-03   -3.8680446625e+01
    7.9798419029e-03   -3.8670276642e+01
    7.9893851653e-03   -3.8660755157e+01
    7.9996110871e-03   -3.8650520325e+01
    8.0098360777e-03   -3.8640262604e+01
    8.0193802714e-03   -3.8630668640e+01
    8.0296052620e-03   -3.8620372772e+01
    8.0398311839e-03   -3.8610050201e+01
    8.0493744463e-03   -3.8600395203e+01
    8.0596003681e-03   -3.8590023041e+01
    8.0698253587e-03   -3.8579608917e+01
    8.0793695524e-03   -3.8569854736e+01
    8.0895945430e-03   -3.8559352875e+01
    8.0998204648e-03   -3.8548801422e+01
    8.1093637273e-03   -3.8538909912e+01
    8.1195896491e-03   -3.8528259277e+01
    8.1298146397e-03   -3.8517559052e+01
    8.1393588334e-03   -3.8507526398e+01
    8.1495838240e-03   -3.8496738434e+01
    8.1598097458e-03   -3.8485904694e+01
    8.1693530083e-03   -3.8475749969e+01
    8.1795789301e-03   -3.8464832306e+01
    8.1898039207e-03   -3.8453868866e+01
    8.1993481144e-03   -3.8443599701e+01
    8.2095731050e-03   -3.8432552338e+01
    8.2197990268e-03   -3.8421459198e+01
    8.2293422893e-03   -3.8411067963e+01
    8.2395682111e-03   -3.8399890900e+01
    8.2497932017e-03   -3.8388668060e+01
    8.2593373954e-03   -3.8378154755e+01
    8.2695623860e-03   -3.8366844177e+01
    8.2797883078e-03   -3.8355484009e+01
    8.2893315703e-03   -3.8344844818e+01
    8.2995574921e-03   -3.8333400726e+01
    8.3097824827e-03   -3.8321914673e+01
    8.3193266764e-03   -3.8311153412e+01
    8.3295516670e-03   -3.8299579620e+01
    8.3397766575e-03   -3.8287956238e+01
    8.3493208513e-03   -3.8277061462e+01
    8.3595458418e-03   -3.8265350342e+01
    8.3697717637e-03   -3.8253593445e+01
    8.3799967542e-03   -3.8241802216e+01
    8.3895409480e-03   -3.8230770111e+01
    8.3997659385e-03   -3.8218917847e+01
    8.4099918604e-03   -3.8207038879e+01
    8.4195351228e-03   -3.8195922852e+01
    8.4297610447e-03   -3.8183975220e+01
    8.4399860352e-03   -3.8171985626e+01
    8.4495302290e-03   -3.8160762787e+01
    8.4597552195e-03   -3.8148693085e+01
    8.4699811414e-03   -3.8136589050e+01
    8.4795244038e-03   -3.8125259399e+01
    8.4897503257e-03   -3.8113090515e+01
    8.4999753162e-03   -3.8100898743e+01
    8.5095195100e-03   -3.8089504242e+01
    8.5197445005e-03   -3.8077281952e+01
    8.5299704224e-03   -3.8065044403e+01
    8.5395136848e-03   -3.8053600311e+01
    8.5497396067e-03   -3.8041309357e+01
    8.5599645972e-03   -3.8028976440e+01
    8.5695087910e-03   -3.8017417908e+01
    8.5797337815e-03   -3.8004978180e+01
    8.5899597034e-03   -3.7992488861e+01
    8.5995029658e-03   -3.7980804443e+01
    8.6097288877e-03   -3.7968276978e+01
    8.6199538782e-03   -3.7955745697e+01
    8.6294980720e-03   -3.7944057465e+01
    8.6397230625e-03   -3.7931529999e+01
    8.6499489844e-03   -3.7918987274e+01
    8.6594922468e-03   -3.7907253265e+01
    8.6697181687e-03   -3.7894645691e+01
    8.6799431592e-03   -3.7881996155e+01
    8.6894873530e-03   -3.7870159149e+01
    8.6997123435e-03   -3.7857444763e+01
    8.7099382654e-03   -3.7844711304e+01
    8.7194815278e-03   -3.7832809448e+01
    8.7297074497e-03   -3.7820045471e+01
    8.7399324402e-03   -3.7807266235e+01
    8.7494766340e-03   -3.7795326233e+01
    8.7597016245e-03   -3.7782527924e+01
    8.7699275464e-03   -3.7769725800e+01
    8.7794708088e-03   -3.7757778168e+01
    8.7896967307e-03   -3.7744972229e+01
    8.7999217212e-03   -3.7732158661e+01
    8.8094659150e-03   -3.7720191956e+01
    8.8196909055e-03   -3.7707355499e+01
    8.8299168274e-03   -3.7694503784e+01
    8.8394600898e-03   -3.7682487488e+01
    8.8496860117e-03   -3.7669586182e+01
    8.8599110022e-03   -3.7656673431e+01
    8.8694551960e-03   -3.7644634247e+01
    8.8796801865e-03   -3.7631740570e+01
    8.8899061084e-03   -3.7618858337e+01
    8.8994493708e-03   -3.7606830597e+01
    8.9096752927e-03   -3.7593921661e+01
    8.9199002832e-03   -3.7580982208e+01
    8.9294444770e-03   -3.7568874359e+01
    8.9396694675e-03   -3.7555870056e+01
    8.9498953894e-03   -3.7542819977e+01
    8.9594386518e-03   -3.7530593872e+01
    8.9696645737e-03   -3.7517459869e+01
    8.9798895642e-03   -3.7504295349e+01
    8.9894337580e-03   -3.7491992950e+01
    8.9996587485e-03   -3.7478809357e+01
    9.0098846704e-03   -3.7465629578e+01
    9.0194279328e-03   -3.7453327179e+01
    9.0296538547e-03   -3.7440135956e+01
    9.0398788452e-03   -3.7426914215e+01
    9.0494230390e-03   -3.7414543152e+01
    9.0596480295e-03   -3.7401256561e+01
    9.0698739514e-03   -3.7387950897e+01
    9.0794172138e-03   -3.7375526428e+01
    9.0896431357e-03   -3.7362232208e+01
    9.0998681262e-03   -3.7348964691e+01
    9.1094123200e-03   -3.7336608887e+01
    9.1196373105e-03   -3.7323394775e+01
    9.1298632324e-03   -3.7310199738e+01
    9.1394064948e-03   -3.7297893524e+01
    9.1496324167e-03   -3.7284717560e+01
    9.1598574072e-03   -3.7271545410e+01
    9.1694016010e-03   -3.7259254456e+01
    9.1796265915e-03   -3.7246101379e+01
    9.1898515821e-03   -3.7232967377e+01
    9.1993957758e-03   -3.7220733643e+01
    9.2096207663e-03   -3.7207641602e+01
    9.2198466882e-03   -3.7194561005e+01
    9.2293899506e-03   -3.7182350159e+01
    9.2396158725e-03   -3.7169258118e+01
    9.2498408630e-03   -3.7156154633e+01
    9.2593850568e-03   -3.7143913269e+01
    9.2696100473e-03   -3.7130786896e+01
    9.2798359692e-03   -3.7117671967e+01
    9.2893792316e-03   -3.7105445862e+01
    9.2996051535e-03   -3.7092365265e+01
    9.3098301440e-03   -3.7079307556e+01
    9.3193743378e-03   -3.7067138672e+01
    9.3295993283e-03   -3.7054122925e+01
    9.3398252502e-03   -3.7041118622e+01
    9.3493685126e-03   -3.7028991699e+01
    9.3595944345e-03   -3.7016010284e+01
    9.3698194250e-03   -3.7003040314e+01
    9.3793636188e-03   -3.6990951538e+01
    9.3895886093e-03   -3.6978019714e+01
    9.3998145312e-03   -3.6965106964e+01
    9.4093577936e-03   -3.6953079224e+01
    9.4195837155e-03   -3.6940208435e+01
    9.4298087060e-03   -3.6927352905e+01
    9.4393528998e-03   -3.6915367126e+01
    9.4495778903e-03   -3.6902538300e+01
    9.4598038122e-03   -3.6889724731e+01
    9.4693470746e-03   -3.6877777100e+01
    9.4795729965e-03   -3.6864982605e+01
    9.4897979870e-03   -3.6852195740e+01
    9.4993421808e-03   -3.6840270996e+01
    9.5095671713e-03   -3.6827499390e+01
    9.5197930932e-03   -3.6814739227e+01
    9.5293363556e-03   -3.6802833557e+01
    9.5395622775e-03   -3.6790077209e+01
    9.5497872680e-03   -3.6777313232e+01
    9.5593314618e-03   -3.6765388489e+01
    9.5695564523e-03   -3.6752601624e+01
    9.5797823742e-03   -3.6739795685e+01
    9.5893256366e-03   -3.6727840424e+01
    9.5995515585e-03   -3.6715026855e+01
    9.6097765490e-03   -3.6702213287e+01
    9.6193207428e-03   -3.6690258026e+01
    9.6295457333e-03   -3.6677448273e+01
    9.6397716552e-03   -3.6664638519e+01
    9.6499966457e-03   -3.6651817322e+01
    9.6595408395e-03   -3.6639846802e+01
    9.6697658300e-03   -3.6627017975e+01
    9.6799917519e-03   -3.6614181519e+01
    9.6895350143e-03   -3.6602207184e+01
    9.6997609362e-03   -3.6589382172e+01
    9.7099859267e-03   -3.6576568604e+01
    9.7194500268e-03   -3.6564712524e+01
    9.7290901467e-03   -3.6552646637e+01
    9.7396941856e-03   -3.6539379120e+01
    9.7493343055e-03   -3.6527320862e+01
    9.7599383444e-03   -3.6514057159e+01
    9.7695784643e-03   -3.6502006531e+01
    9.7795696929e-03   -3.6489521027e+01
    9.7897956148e-03   -3.6476753235e+01
    9.7993388772e-03   -3.6464843750e+01
    9.8095647991e-03   -3.6452095032e+01
    9.8197897896e-03   -3.6439346313e+01
    9.8293339834e-03   -3.6427448273e+01
    9.8395589739e-03   -3.6414684296e+01
    9.8497848958e-03   -3.6401905060e+01
    9.8593281582e-03   -3.6389961243e+01
    9.8695540801e-03   -3.6377143860e+01
    9.8797790706e-03   -3.6364307404e+01
    9.8893232644e-03   -3.6352313995e+01
    9.8995482549e-03   -3.6339450836e+01
    9.9097741768e-03   -3.6326576233e+01
    9.9199991673e-03   -3.6313697815e+01
    9.9295433611e-03   -3.6301670074e+01
    9.9397683516e-03   -3.6288780212e+01
    9.9499942735e-03   -3.6275890350e+01
    9.9595375359e-03   -3.6263854980e+01
    9.9697634578e-03   -3.6250953674e+01
    9.9799884483e-03   -3.6238044739e+01
    9.9895326421e-03   -3.6225986481e+01
    9.9997576326e-03   -3.6213058472e+01
    1.0009983554e-02   -3.6200126648e+01
    1.0019526817e-02   -3.6188053131e+01
    1.0029752739e-02   -3.6175121307e+01
    1.0039977729e-02   -3.6162197113e+01
    1.0049521923e-02   -3.6150138855e+01
    1.0059746914e-02   -3.6137226105e+01
    1.0069094598e-02   -3.6125427246e+01
    1.0079698637e-02   -3.6112041473e+01
    1.0089338757e-02   -3.6099868774e+01
    1.0099845938e-02   -3.6086593628e+01
    1.0109390132e-02   -3.6074531555e+01
    1.0119615123e-02   -3.6061599731e+01
    1.0129841045e-02   -3.6048664093e+01
    1.0139384307e-02   -3.6036582947e+01
    1.0149610229e-02   -3.6023632050e+01
    1.0159835219e-02   -3.6010681152e+01
    1.0169379413e-02   -3.5998596191e+01
    1.0179604404e-02   -3.5985649109e+01
    1.0189830326e-02   -3.5972709656e+01
    1.0199373588e-02   -3.5960636139e+01
    1.0209599510e-02   -3.5947708130e+01
    1.0219824500e-02   -3.5934783936e+01
    1.0229368694e-02   -3.5922729492e+01
    1.0239593685e-02   -3.5909809113e+01
    1.0249819607e-02   -3.5896888733e+01
    1.0259362869e-02   -3.5884822845e+01
    1.0269588791e-02   -3.5871887207e+01
    1.0279813781e-02   -3.5858943939e+01
    1.0289357975e-02   -3.5846858978e+01
    1.0299582966e-02   -3.5833911896e+01
    1.0309808888e-02   -3.5820968628e+01
    1.0319352150e-02   -3.5808895111e+01
    1.0329578072e-02   -3.5795967102e+01
    1.0339803062e-02   -3.5783054352e+01
    1.0349347256e-02   -3.5771007538e+01
    1.0359572247e-02   -3.5758113861e+01
    1.0369798169e-02   -3.5745227814e+01
    1.0379341431e-02   -3.5733215332e+01
    1.0389567353e-02   -3.5720355988e+01
    1.0399792343e-02   -3.5707515717e+01
    1.0409336537e-02   -3.5695545197e+01
    1.0419561528e-02   -3.5682743073e+01
    1.0429787450e-02   -3.5669963837e+01
    1.0439330712e-02   -3.5658054352e+01
    1.0449556634e-02   -3.5645313263e+01
    1.0459781624e-02   -3.5632583618e+01
    1.0469325818e-02   -3.5620716095e+01
    1.0479550809e-02   -3.5608009338e+01
    1.0489776731e-02   -3.5595317841e+01
    1.0499319993e-02   -3.5583488464e+01
    1.0509545915e-02   -3.5570827484e+01
    1.0519770905e-02   -3.5558185577e+01
    1.0529996827e-02   -3.5545566559e+01
    1.0539540090e-02   -3.5533809662e+01
    1.0549766012e-02   -3.5521232605e+01
    1.0559991002e-02   -3.5508678436e+01
    1.0569534265e-02   -3.5496990204e+01
    1.0579760186e-02   -3.5484489441e+01
    1.0589985177e-02   -3.5472015381e+01
    1.0599529371e-02   -3.5460399628e+01
    1.0609754361e-02   -3.5447975159e+01
    1.0619980283e-02   -3.5435565948e+01
    1.0629523546e-02   -3.5423995972e+01
    1.0639749467e-02   -3.5411609650e+01
    1.0649974458e-02   -3.5399223328e+01
    1.0659518652e-02   -3.5387664795e+01
    1.0669743642e-02   -3.5375278473e+01
    1.0679969564e-02   -3.5362895966e+01
    1.0689512827e-02   -3.5351341248e+01
    1.0699738748e-02   -3.5338958740e+01
    1.0709963739e-02   -3.5326583862e+01
    1.0719507933e-02   -3.5315032959e+01
    1.0729732923e-02   -3.5302658081e+01
    1.0739083402e-02   -3.5291343689e+01
    1.0748805478e-02   -3.5279582977e+01
    1.0759752244e-02   -3.5266342163e+01
    1.0769483633e-02   -3.5254573822e+01
    1.0779214092e-02   -3.5242805481e+01
    1.0788944550e-02   -3.5231037140e+01
    1.0799891315e-02   -3.5217792511e+01
    1.0809621774e-02   -3.5206020355e+01
    1.0819352232e-02   -3.5194244385e+01
    1.0829082690e-02   -3.5182460785e+01
    1.0838812217e-02   -3.5170673370e+01
    1.0849758983e-02   -3.5157413483e+01
    1.0859488510e-02   -3.5145622253e+01
    1.0869218968e-02   -3.5133834839e+01
    1.0878948495e-02   -3.5122043610e+01
    1.0889894329e-02   -3.5108783722e+01
    1.0899624787e-02   -3.5097000122e+01
    1.0909354314e-02   -3.5085212708e+01
    1.0919083841e-02   -3.5073425293e+01
    1.0928813368e-02   -3.5061637878e+01
    1.0939759202e-02   -3.5048374176e+01
    1.0949488729e-02   -3.5036575317e+01
    1.0959218256e-02   -3.5024776459e+01
    1.0968947783e-02   -3.5012969971e+01
    1.0979892686e-02   -3.4999679565e+01
    1.0989622213e-02   -3.4987861633e+01
    1.0999350809e-02   -3.4976036072e+01
    1.1009080335e-02   -3.4964199066e+01
    1.1018808931e-02   -3.4952358246e+01
    1.1029754765e-02   -3.4939029694e+01
    1.1039483361e-02   -3.4927173615e+01
    1.1049211957e-02   -3.4915309906e+01
    1.1058941483e-02   -3.4903442383e+01
    1.1069886386e-02   -3.4890083313e+01
    1.1079614982e-02   -3.4878204346e+01
    1.1089343578e-02   -3.4866313934e+01
    1.1099072173e-02   -3.4854419708e+01
    1.1108800769e-02   -3.4842514038e+01
    1.1119744740e-02   -3.4829113007e+01
    1.1129473336e-02   -3.4817184448e+01
    1.1139201932e-02   -3.4805248260e+01
    1.1148930527e-02   -3.4793300629e+01
    1.1159874499e-02   -3.4779842377e+01
    1.1169603094e-02   -3.4767860413e+01
    1.1179331690e-02   -3.4755867004e+01
    1.1189059354e-02   -3.4743858337e+01
    1.1198787950e-02   -3.4731834412e+01
    1.1209731922e-02   -3.4718292236e+01
    1.1219460517e-02   -3.4706233978e+01
    1.1229188181e-02   -3.4694156647e+01
    1.1238916777e-02   -3.4682064056e+01
    1.1249860749e-02   -3.4668437958e+01
    1.1259588413e-02   -3.4656303406e+01
    1.1269317009e-02   -3.4644153595e+01
    1.1279044673e-02   -3.4631984711e+01
    1.1289988644e-02   -3.4618274689e+01
    1.1299717240e-02   -3.4606075287e+01
    1.1309444904e-02   -3.4593860626e+01
    1.1319172569e-02   -3.4581634521e+01
    1.1328901164e-02   -3.4569400787e+01
    1.1339845136e-02   -3.4555618286e+01
    1.1349572800e-02   -3.4543354034e+01
    1.1359300464e-02   -3.4531074524e+01
    1.1369029060e-02   -3.4518775940e+01
    1.1379973032e-02   -3.4504917145e+01
    1.1389700696e-02   -3.4492576599e+01
    1.1399428360e-02   -3.4480213165e+01
    1.1409156956e-02   -3.4467826843e+01
    1.1418884620e-02   -3.4455413818e+01
    1.1429828592e-02   -3.4441421509e+01
    1.1439556256e-02   -3.4428955078e+01
    1.1449283920e-02   -3.4416465759e+01
    1.1459011585e-02   -3.4403953552e+01
    1.1469955556e-02   -3.4389850616e+01
    1.1479684152e-02   -3.4377285004e+01
    1.1489411816e-02   -3.4364700317e+01
    1.1499139480e-02   -3.4352092743e+01
    1.1508867145e-02   -3.4339458466e+01
    1.1519811116e-02   -3.4325218201e+01
    1.1529538780e-02   -3.4312530518e+01
    1.1539267376e-02   -3.4299816132e+01
    1.1548995040e-02   -3.4287075043e+01
    1.1559939012e-02   -3.4272701263e+01
    1.1569666676e-02   -3.4259891510e+01
    1.1579394341e-02   -3.4247051239e+01
    1.1589122936e-02   -3.4234180450e+01
    1.1598850600e-02   -3.4221275330e+01
    1.1609794572e-02   -3.4206718445e+01
    1.1619522236e-02   -3.4193744659e+01
    1.1629249901e-02   -3.4180740356e+01
    1.1638978496e-02   -3.4167705536e+01
    1.1649921536e-02   -3.4153003693e+01
    1.1659650132e-02   -3.4139904022e+01
    1.1669377796e-02   -3.4126777649e+01
    1.1679105461e-02   -3.4113628387e+01
    1.1688834056e-02   -3.4100452423e+01
    1.1699778028e-02   -3.4085609436e+01
    1.1709505692e-02   -3.4072391510e+01
    1.1719233356e-02   -3.4059158325e+01
    1.1728961021e-02   -3.4045909882e+01
    1.1739904992e-02   -3.4030982971e+01
    1.1749633588e-02   -3.4017700195e+01
    1.1759361252e-02   -3.4004398346e+01
    1.1769088916e-02   -3.3991077423e+01
    1.1778816581e-02   -3.3977741241e+01
    1.1789760552e-02   -3.3962707520e+01
    1.1799488217e-02   -3.3949321747e+01
    1.1809216812e-02   -3.3935909271e+01
    1.1818944477e-02   -3.3922470093e+01
    1.1829887517e-02   -3.3907314301e+01
    1.1839615181e-02   -3.3893810272e+01
    1.1849342845e-02   -3.3880271912e+01
    1.1859070510e-02   -3.3866703033e+01
    1.1868798174e-02   -3.3853092194e+01
    1.1879742146e-02   -3.3837741852e+01
    1.1889469810e-02   -3.3824050903e+01
    1.1899197474e-02   -3.3810325623e+01
    1.1908924207e-02   -3.3796554565e+01
    1.1919868179e-02   -3.3781017303e+01
    1.1929595843e-02   -3.3767162323e+01
    1.1939322576e-02   -3.3753261566e+01
    1.1949050240e-02   -3.3739315033e+01
    1.1959993280e-02   -3.3723571777e+01
    1.1969720945e-02   -3.3709529877e+01
    1.1979448609e-02   -3.3695442200e+01
    1.1989175342e-02   -3.3681304932e+01
    1.1998903006e-02   -3.3667121887e+01
    1.2009846047e-02   -3.3651103973e+01
    1.2019573711e-02   -3.3636814117e+01
    1.2029300444e-02   -3.3622474670e+01
    1.2039028108e-02   -3.3608089447e+01
    1.2049971148e-02   -3.3591846466e+01
    1.2059697881e-02   -3.3577354431e+01
    1.2069425546e-02   -3.3562820435e+01
    1.2079152279e-02   -3.3548240662e+01
    1.2088879943e-02   -3.3533615112e+01
    1.2099822052e-02   -3.3517105103e+01
    1.2109549716e-02   -3.3502388000e+01
    1.2119276449e-02   -3.3487625122e+01
    1.2129003182e-02   -3.3472824097e+01
    1.2139946222e-02   -3.3456119537e+01
    1.2149673887e-02   -3.3441226959e+01
    1.2159400620e-02   -3.3426292419e+01
    1.2169127353e-02   -3.3411312103e+01
    1.2178854086e-02   -3.3396297455e+01
    1.2189797126e-02   -3.3379348755e+01
    1.2199523859e-02   -3.3364242554e+01
    1.2209250592e-02   -3.3349094391e+01
    1.2218977325e-02   -3.3333908081e+01
    1.2229920365e-02   -3.3316768646e+01
    1.2239647098e-02   -3.3301494598e+01
    1.2249373831e-02   -3.3286182404e+01
    1.2259100564e-02   -3.3270832062e+01
    1.2268827297e-02   -3.3255439758e+01
    1.2279770337e-02   -3.3238082886e+01
    1.2289497070e-02   -3.3222618103e+01
    1.2299223803e-02   -3.3207118988e+01
    1.2308949605e-02   -3.3191585541e+01
    1.2319892645e-02   -3.3174068451e+01
    1.2329619378e-02   -3.3158466339e+01
    1.2339346111e-02   -3.3142833710e+01
    1.2349072844e-02   -3.3127166748e+01
    1.2358798645e-02   -3.3111469269e+01
    1.2369741686e-02   -3.3093776703e+01
    1.2379468419e-02   -3.3078014374e+01
    1.2389194220e-02   -3.3062221527e+01
    1.2398920953e-02   -3.3046398163e+01
    1.2409863994e-02   -3.3028560638e+01
    1.2419589795e-02   -3.3012672424e+01
    1.2429316528e-02   -3.2996753693e+01
    1.2439043261e-02   -3.2980800629e+01
    1.2449985370e-02   -3.2962818146e+01
    1.2459712103e-02   -3.2946796417e+01
    1.2469437905e-02   -3.2930740356e+01
    1.2479164638e-02   -3.2914653778e+01
    1.2488891371e-02   -3.2898529053e+01
    1.2499833480e-02   -3.2880344391e+01
    1.2509559281e-02   -3.2864143372e+01
    1.2519286014e-02   -3.2847900391e+01
    1.2529012747e-02   -3.2831623077e+01
    1.2539954856e-02   -3.2813259125e+01
    1.2549680658e-02   -3.2796890259e+01
    1.2559407391e-02   -3.2780483246e+01
    1.2569134124e-02   -3.2764034271e+01
    1.2578859925e-02   -3.2747539520e+01
    1.2589802034e-02   -3.2728935242e+01
    1.2599528767e-02   -3.2712352753e+01
    1.2609254569e-02   -3.2695728302e+01
    1.2618981302e-02   -3.2679061890e+01
    1.2629923411e-02   -3.2660259247e+01
    1.2639649212e-02   -3.2643501282e+01
    1.2649375014e-02   -3.2626697540e+01
    1.2659101747e-02   -3.2609848022e+01
    1.2668827549e-02   -3.2592952728e+01
    1.2679769658e-02   -3.2573886871e+01
    1.2689496391e-02   -3.2556892395e+01
    1.2699222192e-02   -3.2539848328e+01
    1.2708948925e-02   -3.2522750854e+01
    1.2719890103e-02   -3.2503459930e+01
    1.2729616836e-02   -3.2486259460e+01
    1.2739342637e-02   -3.2469009399e+01
    1.2749069370e-02   -3.2451705933e+01
    1.2758795172e-02   -3.2434352875e+01
    1.2769737281e-02   -3.2414772034e+01
    1.2779463083e-02   -3.2397315979e+01
    1.2789188884e-02   -3.2379806519e+01
    1.2798915617e-02   -3.2362251282e+01
    1.2809856795e-02   -3.2342445374e+01
    1.2819583528e-02   -3.2324790955e+01
    1.2829309329e-02   -3.2307090759e+01
    1.2839035131e-02   -3.2289348602e+01
    1.2849977240e-02   -3.2269336700e+01
    1.2859703042e-02   -3.2251506805e+01
    1.2869428843e-02   -3.2233638763e+01
    1.2879155576e-02   -3.2215732574e+01
    1.2888881378e-02   -3.2197788239e+01
    1.2899823487e-02   -3.2177558899e+01
    1.2909549288e-02   -3.2159542084e+01
    1.2919275090e-02   -3.2141494751e+01
    1.2929000892e-02   -3.2123413086e+01
    1.2939943001e-02   -3.2103031158e+01
    1.2949668802e-02   -3.2084880829e+01
    1.2959395535e-02   -3.2066699982e+01
    1.2969121337e-02   -3.2048492432e+01
    1.2978847139e-02   -3.2030254364e+01
    1.2989789248e-02   -3.2009700775e+01
    1.2999515049e-02   -3.1991403580e+01
    1.3009240851e-02   -3.1973079681e+01
    1.3018966652e-02   -3.1954730988e+01
    1.3029908761e-02   -3.1934059143e+01
    1.3039634563e-02   -3.1915658951e+01
    1.3049360365e-02   -3.1897235870e+01
    1.3059086166e-02   -3.1878789902e+01
    1.3068811968e-02   -3.1860322952e+01
    1.3079424389e-02   -3.1840147018e+01
    1.3089649379e-02   -3.1820684433e+01
    1.3099874370e-02   -3.1801195145e+01
    1.3109418564e-02   -3.1782985687e+01
    1.3119644485e-02   -3.1763452530e+01
    1.3129869476e-02   -3.1743896484e+01
    1.3139413670e-02   -3.1725622177e+01
    1.3149638660e-02   -3.1706022263e+01
    1.3159863651e-02   -3.1686399460e+01
    1.3169407845e-02   -3.1668066025e+01
    1.3179632835e-02   -3.1648401260e+01
    1.3189858757e-02   -3.1628717422e+01
    1.3199402019e-02   -3.1610328674e+01
    1.3209627941e-02   -3.1590606689e+01
    1.3219852932e-02   -3.1570867538e+01
    1.3229397126e-02   -3.1552429199e+01
    1.3239622116e-02   -3.1532657623e+01
    1.3249848038e-02   -3.1512870789e+01
    1.3259391300e-02   -3.1494390488e+01
    1.3269617222e-02   -3.1474573135e+01
    1.3279842213e-02   -3.1454740524e+01
    1.3289386407e-02   -3.1436216354e+01
    1.3299611397e-02   -3.1416353226e+01
    1.3309837319e-02   -3.1396472931e+01
    1.3319380581e-02   -3.1377902985e+01
    1.3329606503e-02   -3.1357986450e+01
    1.3339831494e-02   -3.1338052750e+01
    1.3349375688e-02   -3.1319427490e+01
    1.3359600678e-02   -3.1299451828e+01
    1.3369826600e-02   -3.1279451370e+01
    1.3379369862e-02   -3.1260765076e+01
    1.3389595784e-02   -3.1240716934e+01
    1.3399820775e-02   -3.1220645905e+01
    1.3409364969e-02   -3.1201887131e+01
    1.3419589959e-02   -3.1181762695e+01
    1.3429815881e-02   -3.1161609650e+01
    1.3439359143e-02   -3.1142774582e+01
    1.3449585065e-02   -3.1122566223e+01
    1.3459810056e-02   -3.1102329254e+01
    1.3469354250e-02   -3.1083415985e+01
    1.3479579240e-02   -3.1063123703e+01
    1.3489805162e-02   -3.1042800903e+01
    1.3499348424e-02   -3.1023807526e+01
    1.3509574346e-02   -3.1003429413e+01
    1.3519799337e-02   -3.0983018875e+01
    1.3529343531e-02   -3.0963943481e+01
    1.3539568521e-02   -3.0943475723e+01
    1.3549794443e-02   -3.0922977448e+01
    1.3559337705e-02   -3.0903818130e+01
    1.3569563627e-02   -3.0883262634e+01
    1.3579788618e-02   -3.0862674713e+01
    1.3589332812e-02   -3.0843433380e+01
    1.3599557802e-02   -3.0822790146e+01
    1.3609783724e-02   -3.0802118301e+01
    1.3619326986e-02   -3.0782798767e+01
    1.3629620895e-02   -3.0761936188e+01
    1.3639519922e-02   -3.0741849899e+01
    1.3649245724e-02   -3.0722091675e+01
    1.3658971526e-02   -3.0702314377e+01
    1.3669912703e-02   -3.0680040359e+01
    1.3679638505e-02   -3.0660221100e+01
    1.3689365238e-02   -3.0640386581e+01
    1.3699091040e-02   -3.0620534897e+01
    1.3708816841e-02   -3.0600667953e+01
    1.3719758019e-02   -3.0578300476e+01
    1.3729483820e-02   -3.0558404922e+01
    1.3739210553e-02   -3.0538497925e+01
    1.3748936355e-02   -3.0518579483e+01
    1.3759877533e-02   -3.0496160507e+01
    1.3769604266e-02   -3.0476221085e+01
    1.3779330067e-02   -3.0456275940e+01
    1.3789055869e-02   -3.0436323166e+01
    1.3799997978e-02   -3.0413866043e+01
    1.3809723780e-02   -3.0393899918e+01
    1.3819449581e-02   -3.0373929977e+01
    1.3829175383e-02   -3.0353952408e+01
    1.3838902116e-02   -3.0333972931e+01
    1.3849843293e-02   -3.0311491013e+01
    1.3859570026e-02   -3.0291503906e+01
    1.3869295828e-02   -3.0271512985e+01
    1.3879021630e-02   -3.0251518250e+01
    1.3889963739e-02   -3.0229019165e+01
    1.3899690472e-02   -3.0209018707e+01
    1.3909416273e-02   -3.0189012527e+01
    1.3919142075e-02   -3.0169002533e+01
    1.3928868808e-02   -3.0148986816e+01
    1.3939810917e-02   -3.0126462936e+01
    1.3949536718e-02   -3.0106435776e+01
    1.3959263451e-02   -3.0086400986e+01
    1.3968989253e-02   -3.0066360474e+01
    1.3979931362e-02   -3.0043802261e+01
    1.3989658095e-02   -3.0023742676e+01
    1.3999383897e-02   -3.0003673553e+01
    1.4009110630e-02   -2.9983592987e+01
    1.4018836431e-02   -2.9963500977e+01
    1.4029779471e-02   -2.9940881729e+01
    1.4039505273e-02   -2.9920763016e+01
    1.4049232006e-02   -2.9900629044e+01
    1.4058958739e-02   -2.9880481720e+01
    1.4069900848e-02   -2.9857797623e+01
    1.4079626650e-02   -2.9837615967e+01
    1.4089353383e-02   -2.9817417145e+01
    1.4099080116e-02   -2.9797203064e+01
    1.4108806849e-02   -2.9776969910e+01
    1.4119748957e-02   -2.9754188538e+01
    1.4129475690e-02   -2.9733919144e+01
    1.4139202423e-02   -2.9713632584e+01
    1.4148929156e-02   -2.9693326950e+01
    1.4159871265e-02   -2.9670463562e+01
    1.4169597998e-02   -2.9650123596e+01
    1.4179324731e-02   -2.9629766464e+01
    1.4189051464e-02   -2.9609392166e+01
    1.4199994504e-02   -2.9586452484e+01
    1.4209721237e-02   -2.9566043854e+01
    1.4219447970e-02   -2.9545618057e+01
    1.4229174703e-02   -2.9525178909e+01
    1.4238901436e-02   -2.9504722595e+01
    1.4249844477e-02   -2.9481691360e+01
    1.4259571210e-02   -2.9461202621e+01
    1.4269297943e-02   -2.9440700531e+01
    1.4279025607e-02   -2.9420183182e+01
    1.4289967716e-02   -2.9397085190e+01
    1.4299695380e-02   -2.9376541138e+01
    1.4309422113e-02   -2.9355983734e+01
    1.4319149777e-02   -2.9335416794e+01
    1.4328876510e-02   -2.9314838409e+01
    1.4339819551e-02   -2.9291675568e+01
    1.4349547215e-02   -2.9271080017e+01
    1.4359273948e-02   -2.9250474930e+01
    1.4369001612e-02   -2.9229866028e+01
    1.4379944652e-02   -2.9206674576e+01
    1.4389672317e-02   -2.9186056137e+01
    1.4399399981e-02   -2.9165435791e+01
    1.4409126714e-02   -2.9144815445e+01
    1.4418854378e-02   -2.9124195099e+01
    1.4429797418e-02   -2.9100997925e+01
    1.4439525083e-02   -2.9080379486e+01
    1.4449252747e-02   -2.9059766769e+01
    1.4458980411e-02   -2.9039157867e+01
    1.4469924383e-02   -2.9015977859e+01
    1.4479652047e-02   -2.8995382309e+01
    1.4489379711e-02   -2.8974792480e+01
    1.4499107376e-02   -2.8954214096e+01
    1.4508835040e-02   -2.8933645248e+01
    1.4519779012e-02   -2.8910518646e+01
    1.4529506676e-02   -2.8889974594e+01
    1.4539234340e-02   -2.8869447708e+01
    1.4548962004e-02   -2.8848936081e+01
    1.4559905976e-02   -2.8825883865e+01
    1.4569634572e-02   -2.8805412292e+01
    1.4579362236e-02   -2.8784963608e+01
    1.4589090832e-02   -2.8764535904e+01
    1.4598818496e-02   -2.8744134903e+01
    1.4609762467e-02   -2.8721214294e+01
    1.4619491063e-02   -2.8700868607e+01
    1.4629218727e-02   -2.8680553436e+01
    1.4638947323e-02   -2.8660266876e+01
    1.4649892226e-02   -2.8637483597e+01
    1.4659619890e-02   -2.8617263794e+01
    1.4669348486e-02   -2.8597078323e+01
    1.4679077081e-02   -2.8576925278e+01
    1.4688805677e-02   -2.8556808472e+01
    1.4699750580e-02   -2.8534215927e+01
    1.4709479176e-02   -2.8514173508e+01
    1.4719207771e-02   -2.8494165421e+01
    1.4728936367e-02   -2.8474193573e+01
    1.4739881270e-02   -2.8451770782e+01
    1.4749609865e-02   -2.8431877136e+01
    1.4759338461e-02   -2.8412019730e+01
    1.4769067056e-02   -2.8392200470e+01
    1.4778796583e-02   -2.8372417450e+01
    1.4789741486e-02   -2.8350206375e+01
    1.4799470082e-02   -2.8330499649e+01
    1.4809199609e-02   -2.8310831070e+01
    1.4818928204e-02   -2.8291196823e+01
    1.4829874039e-02   -2.8269149780e+01
    1.4839602634e-02   -2.8249588013e+01
    1.4849332161e-02   -2.8230060577e+01
    1.4859061688e-02   -2.8210565567e+01
    1.4868790284e-02   -2.8191101074e+01
    1.4879736118e-02   -2.8169242859e+01
    1.4889465645e-02   -2.8149847031e+01
    1.4899195172e-02   -2.8130479813e+01
    1.4908924699e-02   -2.8111143112e+01
    1.4919869602e-02   -2.8089424133e+01
    1.4929599129e-02   -2.8070148468e+01
    1.4939328656e-02   -2.8050901413e+01
    1.4949058183e-02   -2.8031681061e+01
    1.4958788641e-02   -2.8012491226e+01
    1.4969734475e-02   -2.7990934372e+01
    1.4979464002e-02   -2.7971801758e+01
    1.4989193529e-02   -2.7952695847e+01
    1.4998923987e-02   -2.7933618546e+01
    1.5009869821e-02   -2.7912189484e+01
    1.5019599348e-02   -2.7893171310e+01
    1.5029329807e-02   -2.7874179840e+01
    1.5039059334e-02   -2.7855216980e+01
    1.5048789792e-02   -2.7836280823e+01
    1.5059735626e-02   -2.7815010071e+01
    1.5069466084e-02   -2.7796134949e+01
    1.5079195611e-02   -2.7777284622e+01
    1.5088926069e-02   -2.7758462906e+01
    1.5099872835e-02   -2.7737321854e+01
    1.5109603293e-02   -2.7718557358e+01
    1.5119332820e-02   -2.7699821472e+01
    1.5129063278e-02   -2.7681112289e+01
    1.5138793737e-02   -2.7662429810e+01
    1.5149740502e-02   -2.7641445160e+01
    1.5159470960e-02   -2.7622819901e+01
    1.5169201419e-02   -2.7604221344e+01
    1.5178931877e-02   -2.7585651398e+01
    1.5189878643e-02   -2.7564790726e+01
    1.5199610032e-02   -2.7546278000e+01
    1.5209340490e-02   -2.7527791977e+01
    1.5219070949e-02   -2.7509332657e+01
    1.5228801407e-02   -2.7490900040e+01
    1.5239749104e-02   -2.7470195770e+01
    1.5249479562e-02   -2.7451822281e+01
    1.5259210020e-02   -2.7433475494e+01
    1.5268941410e-02   -2.7415155411e+01
    1.5279888175e-02   -2.7394578934e+01
    1.5289619565e-02   -2.7376316071e+01
    1.5299350023e-02   -2.7358079910e+01
    1.5309081413e-02   -2.7339870453e+01
    1.5318812802e-02   -2.7321685791e+01
    1.5329759568e-02   -2.7301259995e+01
    1.5339490958e-02   -2.7283128738e+01
    1.5349221416e-02   -2.7265022278e+01
    1.5358952805e-02   -2.7246940613e+01
    1.5369900502e-02   -2.7226625443e+01
    1.5379630961e-02   -2.7208591461e+01
    1.5389362350e-02   -2.7190580368e+01
    1.5399093740e-02   -2.7172590256e+01
    1.5408824198e-02   -2.7154619217e+01
    1.5419771895e-02   -2.7134426117e+01
    1.5429503284e-02   -2.7116497040e+01
    1.5439233743e-02   -2.7098587036e+01
    1.5448965132e-02   -2.7080694199e+01
    1.5459911898e-02   -2.7060585022e+01
    1.5469643287e-02   -2.7042728424e+01
    1.5479374677e-02   -2.7024887085e+01
    1.5489105135e-02   -2.7007062912e+01
    1.5498836525e-02   -2.6989252090e+01
    1.5509784222e-02   -2.6969232559e+01
    1.5519514680e-02   -2.6951452255e+01
    1.5529246069e-02   -2.6933687210e+01
    1.5538976528e-02   -2.6915931702e+01
    1.5549924225e-02   -2.6895973206e+01
    1.5559655614e-02   -2.6878244400e+01
    1.5569386072e-02   -2.6860527039e+01
    1.5579117462e-02   -2.6842819214e+01
    1.5588848852e-02   -2.6825120926e+01
    1.5599795617e-02   -2.6805221558e+01
    1.5609527007e-02   -2.6787540436e+01
    1.5619258396e-02   -2.6769868851e+01
    1.5628987923e-02   -2.6752201080e+01
    1.5639936551e-02   -2.6732334137e+01
    1.5649667010e-02   -2.6714679718e+01
    1.5659397468e-02   -2.6697027206e+01
    1.5669129789e-02   -2.6679378510e+01
    1.5678860247e-02   -2.6661731720e+01
    1.5689807013e-02   -2.6641878128e+01
    1.5699282289e-02   -2.6624698639e+01
    1.5709374100e-02   -2.6606393814e+01
    1.5719467774e-02   -2.6588085175e+01
    1.5729559585e-02   -2.6569772720e+01
    1.5739651397e-02   -2.6551456451e+01
    1.5749745071e-02   -2.6533132553e+01
    1.5759836882e-02   -2.6514799118e+01
    1.5769930556e-02   -2.6496458054e+01
    1.5779105946e-02   -2.6479774475e+01
    1.5789197758e-02   -2.6461412430e+01
    1.5799291432e-02   -2.6443037033e+01
    1.5809383243e-02   -2.6424650192e+01
    1.5819476917e-02   -2.6406246185e+01
    1.5829568729e-02   -2.6387828827e+01
    1.5839660540e-02   -2.6369398117e+01
    1.5849754214e-02   -2.6350950241e+01
    1.5859846026e-02   -2.6332485199e+01
    1.5869939700e-02   -2.6314006805e+01
    1.5879115090e-02   -2.6297191620e+01
    1.5889206901e-02   -2.6278682709e+01
    1.5899300575e-02   -2.6260156631e+01
    1.5909392387e-02   -2.6241617203e+01
    1.5919484198e-02   -2.6223062515e+01
    1.5929577872e-02   -2.6204492569e+01
    1.5939669684e-02   -2.6185909271e+01
    1.5949763358e-02   -2.6167314529e+01
    1.5959855169e-02   -2.6148704529e+01
    1.5969948843e-02   -2.6130083084e+01
    1.5979124233e-02   -2.6113145828e+01
    1.5989216045e-02   -2.6094501495e+01
    1.5999307856e-02   -2.6075847626e+01
    1.6009401530e-02   -2.6057182312e+01
    1.6019493341e-02   -2.6038507462e+01
    1.6029587016e-02   -2.6019823074e+01
    1.6039678827e-02   -2.6001129150e+01
    1.6049772501e-02   -2.5982425690e+01
    1.6059864312e-02   -2.5963714600e+01
    1.6069957986e-02   -2.5944993973e+01
    1.6079131514e-02   -2.5927968979e+01
    1.6089225188e-02   -2.5909231186e+01
    1.6099316999e-02   -2.5890485764e+01
    1.6109410673e-02   -2.5871728897e+01
    1.6119735315e-02   -2.5852531433e+01
    1.6129376367e-02   -2.5834596634e+01
    1.6139980406e-02   -2.5814861298e+01
    1.6149619594e-02   -2.5796911240e+01
    1.6159260646e-02   -2.5778953552e+01
    1.6169864684e-02   -2.5759197235e+01
    1.6179503873e-02   -2.5741233826e+01
    1.6189144924e-02   -2.5723266602e+01
    1.6199748963e-02   -2.5703498840e+01
    1.6209388152e-02   -2.5685523987e+01
    1.6219992191e-02   -2.5665746689e+01
    1.6229633242e-02   -2.5647758484e+01
    1.6239272431e-02   -2.5629760742e+01
    1.6249876469e-02   -2.5609949112e+01
    1.6259517521e-02   -2.5591920853e+01
    1.6269156709e-02   -2.5573875427e+01
    1.6279760748e-02   -2.5554000854e+01
    1.6289401799e-02   -2.5535911560e+01
    1.6299040988e-02   -2.5517799377e+01
    1.6309645027e-02   -2.5497846603e+01
    1.6319286078e-02   -2.5479684830e+01
    1.6329890117e-02   -2.5459678650e+01
    1.6339529306e-02   -2.5441467285e+01
    1.6349170357e-02   -2.5423236847e+01
    1.6359774396e-02   -2.5403162003e+01
    1.6369413584e-02   -2.5384897232e+01
    1.6379054636e-02   -2.5366619110e+01
    1.6389658675e-02   -2.5346502304e+01
    1.6399297863e-02   -2.5328207016e+01
    1.6409901902e-02   -2.5308074951e+01
    1.6419542953e-02   -2.5289770126e+01
    1.6429182142e-02   -2.5271461487e+01
    1.6439786181e-02   -2.5251316071e+01
    1.6449427232e-02   -2.5232999802e+01
    1.6459066421e-02   -2.5214677811e+01
    1.6469670460e-02   -2.5194519043e+01
    1.6479948536e-02   -2.5174974442e+01
    1.6489123926e-02   -2.5157520294e+01
    1.6499217600e-02   -2.5138313293e+01
    1.6509309411e-02   -2.5119096756e+01
    1.6519403085e-02   -2.5099868774e+01
    1.6529494897e-02   -2.5080629349e+01
    1.6539586708e-02   -2.5061372757e+01
    1.6549680382e-02   -2.5042102814e+01
    1.6559772193e-02   -2.5022813797e+01
    1.6569865867e-02   -2.5003505707e+01
    1.6579957679e-02   -2.4984176636e+01
    1.6589133069e-02   -2.4966585159e+01
    1.6599226743e-02   -2.4947212219e+01
    1.6609318554e-02   -2.4927814484e+01
    1.6619410366e-02   -2.4908388138e+01
    1.6629504040e-02   -2.4888935089e+01
    1.6639595851e-02   -2.4869451523e+01
    1.6649689525e-02   -2.4849935532e+01
    1.6659781337e-02   -2.4830387115e+01
    1.6669189557e-02   -2.4812133789e+01
    1.6679793596e-02   -2.4791521072e+01
    1.6689432785e-02   -2.4772747040e+01
    1.6699073836e-02   -2.4753934860e+01
    1.6709677875e-02   -2.4733198166e+01
    1.6719317064e-02   -2.4714303970e+01
    1.6729876399e-02   -2.4693561554e+01
    1.6739968210e-02   -2.4673685074e+01
    1.6749143600e-02   -2.4655570984e+01
    1.6759235412e-02   -2.4635599136e+01
    1.6769329086e-02   -2.4615579605e+01
    1.6779420897e-02   -2.4595508575e+01
    1.6789514571e-02   -2.4575389862e+01
    1.6799606383e-02   -2.4555223465e+01
    1.6809700057e-02   -2.4535013199e+01
    1.6819791868e-02   -2.4514757156e+01
    1.6829883680e-02   -2.4494461060e+01
    1.6839977354e-02   -2.4474123001e+01
    1.6849152744e-02   -2.4455600739e+01
    1.6859244555e-02   -2.4435194016e+01
    1.6869338229e-02   -2.4414749146e+01
    1.6879430041e-02   -2.4394273758e+01
    1.6889523715e-02   -2.4373767853e+01
    1.6899615526e-02   -2.4353231430e+01
    1.6909707338e-02   -2.4332668304e+01
    1.6919115558e-02   -2.4313476562e+01
    1.6929719597e-02   -2.4291816711e+01
    1.6939360648e-02   -2.4272104263e+01
    1.6949964687e-02   -2.4250398636e+01
    1.6959603876e-02   -2.4230648041e+01
    1.6969244927e-02   -2.4210884094e+01
    1.6979848966e-02   -2.4189128876e+01
    1.6989488155e-02   -2.4169343948e+01
    1.6999129206e-02   -2.4149551392e+01
    1.7009733245e-02   -2.4127773285e+01
    1.7019372433e-02   -2.4107975006e+01
    1.7029976472e-02   -2.4086194992e+01
    1.7039617524e-02   -2.4066396713e+01
    1.7049256712e-02   -2.4046600342e+01
    1.7059860751e-02   -2.4024826050e+01
    1.7069501802e-02   -2.4005031586e+01
    1.7079140991e-02   -2.3985237122e+01
    1.7089745030e-02   -2.3963459015e+01
    1.7099386081e-02   -2.3943656921e+01
    1.7109990120e-02   -2.3921865463e+01
    1.7119629309e-02   -2.3902046204e+01
    1.7129270360e-02   -2.3882213593e+01
    1.7139874399e-02   -2.3860382080e+01
    1.7149513587e-02   -2.3840517044e+01
    1.7159154639e-02   -2.3820631027e+01
    1.7169758677e-02   -2.3798732758e+01
    1.7179397866e-02   -2.3778799057e+01
    1.7189038917e-02   -2.3758842468e+01
    1.7199642956e-02   -2.3736856461e+01
    1.7209282145e-02   -2.3716844559e+01
    1.7219886184e-02   -2.3694797516e+01
    1.7229527235e-02   -2.3674730301e+01
    1.7239166424e-02   -2.3654636383e+01
    1.7249770463e-02   -2.3632507324e+01
    1.7259411514e-02   -2.3612369537e+01
    1.7269050702e-02   -2.3592210770e+01
    1.7279654741e-02   -2.3570016861e+01
    1.7289295793e-02   -2.3549823761e+01
    1.7299899831e-02   -2.3527597427e+01
    1.7309539020e-02   -2.3507381439e+01
    1.7319772393e-02   -2.3485910416e+01
    1.7329864204e-02   -2.3464725494e+01
    1.7339225858e-02   -2.3445070267e+01
    1.7349829897e-02   -2.3422800064e+01
    1.7359469086e-02   -2.3402547836e+01
    1.7369110137e-02   -2.3382295609e+01
    1.7379714176e-02   -2.3360013962e+01
    1.7389353365e-02   -2.3339756012e+01
    1.7399957404e-02   -2.3317470551e+01
    1.7409184948e-02   -2.3298078537e+01
    1.7419788986e-02   -2.3275791168e+01
    1.7429430038e-02   -2.3255529404e+01
    1.7439069226e-02   -2.3235265732e+01
    1.7449533567e-02   -2.3213268280e+01
    1.7459627241e-02   -2.3192050934e+01
    1.7469719052e-02   -2.3170831680e+01
    1.7479812726e-02   -2.3149612427e+01
    1.7489904538e-02   -2.3128391266e+01
    1.7499998212e-02   -2.3107170105e+01
    1.7509171739e-02   -2.3087875366e+01
    1.7519265413e-02   -2.3066648483e+01
    1.7529357225e-02   -2.3045419693e+01
    1.7539450899e-02   -2.3024190903e+01
    1.7549542710e-02   -2.3002962112e+01
    1.7559636384e-02   -2.2981733322e+01
    1.7569728196e-02   -2.2960510254e+01
    1.7579821870e-02   -2.2939292908e+01
    1.7589913681e-02   -2.2918085098e+01
    1.7599089071e-02   -2.2898813248e+01
    1.7609180883e-02   -2.2877630234e+01
    1.7619274557e-02   -2.2856460571e+01
    1.7629366368e-02   -2.2835309982e+01
    1.7639460042e-02   -2.2814178467e+01
    1.7649551854e-02   -2.2793066025e+01
    1.7659645528e-02   -2.2771972656e+01
    1.7669737339e-02   -2.2750900269e+01
    1.7679829150e-02   -2.2729845047e+01
    1.7689922825e-02   -2.2708806992e+01
    1.7699098215e-02   -2.2689697266e+01
    1.7709190026e-02   -2.2668687820e+01
    1.7719283700e-02   -2.2647691727e+01
    1.7729375511e-02   -2.2626705170e+01
    1.7739469185e-02   -2.2605728149e+01
    1.7749560997e-02   -2.2584760666e+01
    1.7759652808e-02   -2.2563796997e+01
    1.7769746482e-02   -2.2542840958e+01
    1.7779838294e-02   -2.2521886826e+01
    1.7789931968e-02   -2.2500934601e+01
    1.7799107358e-02   -2.2481889725e+01
    1.7809199169e-02   -2.2460937500e+01
    1.7819292843e-02   -2.2439985275e+01
    1.7829384655e-02   -2.2419029236e+01
    1.7839476466e-02   -2.2398069382e+01
    1.7849570140e-02   -2.2377105713e+01
    1.7859661952e-02   -2.2356140137e+01
    1.7869755626e-02   -2.2335172653e+01
    1.7879847437e-02   -2.2314199448e+01
    1.7889941111e-02   -2.2293226242e+01
    1.7899116501e-02   -2.2274156570e+01
    1.7909208313e-02   -2.2253177643e+01
    1.7919300124e-02   -2.2232196808e+01
    1.7929393798e-02   -2.2211217880e+01
    1.7939485610e-02   -2.2190237045e+01
    1.7949579284e-02   -2.2169260025e+01
    1.7959857360e-02   -2.2147897720e+01
    1.7969498411e-02   -2.2127864838e+01
    1.7979137599e-02   -2.2107831955e+01
    1.7989741638e-02   -2.2085798264e+01
    1.7999382690e-02   -2.2065767288e+01
    1.8009986728e-02   -2.2043727875e+01
    1.8019625917e-02   -2.2023685455e+01
    1.8029266968e-02   -2.2003635406e+01
    1.8039871007e-02   -2.1981567383e+01
    1.8049510196e-02   -2.1961490631e+01
    1.8059151247e-02   -2.1941400528e+01
    1.8069755286e-02   -2.1919281006e+01
    1.8079394475e-02   -2.1899152756e+01
    1.8089998513e-02   -2.1876987457e+01
    1.8099639565e-02   -2.1856813431e+01
    1.8109278753e-02   -2.1836614609e+01
    1.8119882792e-02   -2.1814365387e+01
    1.8129523844e-02   -2.1794107437e+01
    1.8139163032e-02   -2.1773818970e+01
    1.8149767071e-02   -2.1751464844e+01
    1.8159408122e-02   -2.1731103897e+01
    1.8169047311e-02   -2.1710710526e+01
    1.8179651350e-02   -2.1688232422e+01
    1.8189245835e-02   -2.1667854309e+01
    1.8199337646e-02   -2.1646375656e+01
    1.8209431320e-02   -2.1624847412e+01
    1.8219523132e-02   -2.1603271484e+01
    1.8229614943e-02   -2.1581644058e+01
    1.8239708617e-02   -2.1559963226e+01
    1.8249800429e-02   -2.1538230896e+01
    1.8259894103e-02   -2.1516443253e+01
    1.8269985914e-02   -2.1494600296e+01
    1.8279161304e-02   -2.1474695206e+01
    1.8289254978e-02   -2.1452741623e+01
    1.8299346790e-02   -2.1430730820e+01
    1.8309438601e-02   -2.1408660889e+01
    1.8319532275e-02   -2.1386529922e+01
    1.8329624087e-02   -2.1364337921e+01
    1.8339717761e-02   -2.1342084885e+01
    1.8349809572e-02   -2.1319770813e+01
    1.8359903246e-02   -2.1297397614e+01
    1.8369995058e-02   -2.1274963379e+01
    1.8379170448e-02   -2.1254514694e+01
    1.8389262259e-02   -2.1231966019e+01
    1.8399355933e-02   -2.1209358215e+01
    1.8409447744e-02   -2.1186691284e+01
    1.8419541419e-02   -2.1163967133e+01
    1.8429633230e-02   -2.1141187668e+01
    1.8439726904e-02   -2.1118354797e+01
    1.8449818715e-02   -2.1095468521e+01
    1.8459912390e-02   -2.1072530746e+01
    1.8469085917e-02   -2.1051633835e+01
    1.8479179591e-02   -2.1028600693e+01
    1.8489271402e-02   -2.1005519867e+01
    1.8499365076e-02   -2.0982393265e+01
    1.8509456888e-02   -2.0959218979e+01
    1.8519550562e-02   -2.0936000824e+01
    1.8529642373e-02   -2.0912740707e+01
    1.8539736047e-02   -2.0889436722e+01
    1.8549827859e-02   -2.0866092682e+01
    1.8559921533e-02   -2.0842710495e+01
    1.8569095060e-02   -2.0821422577e+01
    1.8579188734e-02   -2.0797971725e+01
    1.8589280546e-02   -2.0774486542e+01
    1.8599374220e-02   -2.0750970840e+01
    1.8609466031e-02   -2.0727422714e+01
    1.8619559705e-02   -2.0703844070e+01
    1.8629651517e-02   -2.0680234909e+01
    1.8639745191e-02   -2.0656593323e+01
    1.8649837002e-02   -2.0632923126e+01
    1.8659928814e-02   -2.0609220505e+01
    1.8669104204e-02   -2.0587646484e+01
    1.8679197878e-02   -2.0563888550e+01
    1.8689289689e-02   -2.0540100098e+01
    1.8699383363e-02   -2.0516281128e+01
    1.8709475175e-02   -2.0492435455e+01
    1.8719568849e-02   -2.0468561172e+01
    1.8729660660e-02   -2.0444658279e+01
    1.8739752471e-02   -2.0420726776e+01
    1.8749846146e-02   -2.0396766663e+01
    1.8759937957e-02   -2.0372777939e+01
    1.8769113347e-02   -2.0350944519e+01
    1.8779207021e-02   -2.0326898575e+01
    1.8789298832e-02   -2.0302825928e+01
    1.8799392506e-02   -2.0278718948e+01
    1.8809484318e-02   -2.0254583359e+01
    1.8819576129e-02   -2.0230411530e+01
    1.8829669803e-02   -2.0206207275e+01
    1.8839761615e-02   -2.0181968689e+01
    1.8849855289e-02   -2.0157690048e+01
    1.8859947100e-02   -2.0133375168e+01
    1.8869122490e-02   -2.0111236572e+01
    1.8879216164e-02   -2.0086843491e+01
    1.8889307976e-02   -2.0062408447e+01
    1.8899399787e-02   -2.0037927628e+01
    1.8909493461e-02   -2.0013401031e+01
    1.8919585273e-02   -1.9988826752e+01
    1.8929678947e-02   -1.9964206696e+01
    1.8939770758e-02   -1.9939538956e+01
    1.8949864432e-02   -1.9914823532e+01
    1.8959956244e-02   -1.9890060425e+01
    1.8969131634e-02   -1.9867507935e+01
    1.8979223445e-02   -1.9842653275e+01
    1.8989317119e-02   -1.9817754745e+01
    1.8999408931e-02   -1.9792808533e+01
    1.9009502605e-02   -1.9767820358e+01
    1.9019594416e-02   -1.9742786407e+01
    1.9029688090e-02   -1.9717712402e+01
    1.9039779902e-02   -1.9692598343e+01
    1.9049873576e-02   -1.9667444229e+01
    1.9059965387e-02   -1.9642253876e+01
    1.9069140777e-02   -1.9619323730e+01
    1.9079232588e-02   -1.9594068527e+01
    1.9089326262e-02   -1.9568780899e+01
    1.9099418074e-02   -1.9543464661e+01
    1.9109511748e-02   -1.9518117905e+01
    1.9119603559e-02   -1.9492744446e+01
    1.9129697233e-02   -1.9467346191e+01
    1.9139965996e-02   -1.9441474915e+01
    1.9149698317e-02   -1.9416936874e+01
    1.9159430638e-02   -1.9392377853e+01
    1.9169811159e-02   -1.9366161346e+01
    1.9179543480e-02   -1.9341564178e+01
    1.9189924002e-02   -1.9315307617e+01
    1.9199656323e-02   -1.9290678024e+01
    1.9209388644e-02   -1.9266031265e+01
    1.9219771028e-02   -1.9239727020e+01
    1.9229503348e-02   -1.9215053558e+01
    1.9239883870e-02   -1.9188716888e+01
    1.9249616191e-02   -1.9164012909e+01
    1.9259996712e-02   -1.9137647629e+01
    1.9269729033e-02   -1.9112913132e+01
    1.9279461354e-02   -1.9088165283e+01
    1.9289841875e-02   -1.9061752319e+01
    1.9299574196e-02   -1.9036977768e+01
    1.9309956580e-02   -1.9010536194e+01
    1.9319687039e-02   -1.8985738754e+01
    1.9329419360e-02   -1.8960935593e+01
    1.9339801744e-02   -1.8934471130e+01
    1.9349534065e-02   -1.8909658432e+01
    1.9359914586e-02   -1.8883192062e+01
    1.9369646907e-02   -1.8858383179e+01
    1.9379379228e-02   -1.8833580017e+01
    1.9389759749e-02   -1.8807130814e+01
    1.9399492070e-02   -1.8782342911e+01
    1.9409872591e-02   -1.8755914688e+01
    1.9419604912e-02   -1.8731147766e+01
    1.9429987296e-02   -1.8704740524e+01
    1.9439717755e-02   -1.8679994583e+01
    1.9449450076e-02   -1.8655258179e+01
    1.9459832460e-02   -1.8628883362e+01
    1.9469564781e-02   -1.8604162216e+01
    1.9479945302e-02   -1.8577800751e+01
    1.9489677623e-02   -1.8553091049e+01
    1.9499409944e-02   -1.8528383255e+01
    1.9509790465e-02   -1.8502027512e+01
    1.9519522786e-02   -1.8477317810e+01
    1.9529903308e-02   -1.8450958252e+01
    1.9539635628e-02   -1.8426246643e+01
    1.9549367949e-02   -1.8401531219e+01
    1.9559750333e-02   -1.8375164032e+01
    1.9569480792e-02   -1.8350440979e+01
    1.9579863176e-02   -1.8324062347e+01
    1.9589595497e-02   -1.8299322128e+01
    1.9599976018e-02   -1.8272922516e+01
    1.9609708339e-02   -1.8248159409e+01
    1.9619440660e-02   -1.8223382950e+01
    1.9629821181e-02   -1.8196939468e+01
    1.9639553502e-02   -1.8172134399e+01
    1.9649934024e-02   -1.8145664215e+01
    1.9659666345e-02   -1.8120832443e+01
    1.9669398665e-02   -1.8095991135e+01
    1.9679781049e-02   -1.8069480896e+01
    1.9689511508e-02   -1.8044616699e+01
    1.9699893892e-02   -1.8018083572e+01
    1.9709626213e-02   -1.7993196487e+01
    1.9719358534e-02   -1.7968297958e+01
    1.9729739055e-02   -1.7941726685e+01
    1.9739471376e-02   -1.7916805267e+01
    1.9749851897e-02   -1.7890207291e+01
    1.9759584218e-02   -1.7865259171e+01
    1.9769964740e-02   -1.7838634491e+01
    1.9779697061e-02   -1.7813659668e+01
    1.9789429381e-02   -1.7788671494e+01
    1.9799811766e-02   -1.7762002945e+01
    1.9809542224e-02   -1.7736988068e+01
    1.9819924608e-02   -1.7710290909e+01
    1.9829656929e-02   -1.7685247421e+01
    1.9839389250e-02   -1.7660192490e+01
    1.9849769771e-02   -1.7633453369e+01
    1.9859502092e-02   -1.7608371735e+01
    1.9869882613e-02   -1.7581604004e+01
    1.9879614934e-02   -1.7556497574e+01
    1.9889995456e-02   -1.7529703140e+01
    1.9899727777e-02   -1.7504571915e+01
    1.9909460098e-02   -1.7479431152e+01
    1.9919842482e-02   -1.7452602386e+01
    1.9929574803e-02   -1.7427442551e+01
    1.9939955324e-02   -1.7400594711e+01
    1.9949687645e-02   -1.7375421524e+01
    1.9959419966e-02   -1.7350242615e+01
    1.9969800487e-02   -1.7323383331e+01
    1.9979532808e-02   -1.7298204422e+01
    1.9989913329e-02   -1.7271348953e+01
    1.9999645650e-02   -1.7246177673e+01
    2.0009377971e-02   -1.7221012115e+01
    2.0019758493e-02   -1.7194175720e+01
    2.0029490814e-02   -1.7169029236e+01
    2.0039873198e-02   -1.7142215729e+01
    2.0049605519e-02   -1.7117090225e+01
    2.0059986040e-02   -1.7090303421e+01
    2.0069718361e-02   -1.7065204620e+01
    2.0079450682e-02   -1.7040115356e+01
    2.0089831203e-02   -1.7013362885e+01
    2.0099563524e-02   -1.6988294601e+01
    2.0109944046e-02   -1.6961561203e+01
    2.0119676366e-02   -1.6936506271e+01
    2.0129408687e-02   -1.6911457062e+01
    2.0139789209e-02   -1.6884744644e+01
    2.0149521530e-02   -1.6859708786e+01
    2.0159903914e-02   -1.6833013535e+01
    2.0169636235e-02   -1.6807991028e+01
    2.0179366693e-02   -1.6782976151e+01
    2.0189749077e-02   -1.6756301880e+01
    2.0199481398e-02   -1.6731302261e+01
    2.0209861919e-02   -1.6704641342e+01
    2.0219594240e-02   -1.6679651260e+01
    2.0229974762e-02   -1.6652999878e+01
    2.0239707083e-02   -1.6628019333e+01
    2.0249439403e-02   -1.6603042603e+01
    2.0259819925e-02   -1.6576402664e+01
    2.0269552246e-02   -1.6551431656e+01
    2.0279934630e-02   -1.6524797440e+01
    2.0289666951e-02   -1.6499832153e+01
    2.0299399272e-02   -1.6474868774e+01
    2.0309779793e-02   -1.6448246002e+01
    2.0319512114e-02   -1.6423286438e+01
    2.0329892635e-02   -1.6396667480e+01
    2.0339624956e-02   -1.6371711731e+01
    2.0349357277e-02   -1.6346757889e+01
    2.0359737799e-02   -1.6320138931e+01
    2.0369470119e-02   -1.6295181274e+01
    2.0379850641e-02   -1.6268558502e+01
    2.0389582962e-02   -1.6243595123e+01
    2.0399965346e-02   -1.6216962814e+01
    2.0409697667e-02   -1.6191986084e+01
    2.0419429988e-02   -1.6167003632e+01
    2.0429810509e-02   -1.6140342712e+01
    2.0439542830e-02   -1.6115339279e+01
    2.0449923351e-02   -1.6088655472e+01
    2.0459655672e-02   -1.6063627243e+01
    2.0469387993e-02   -1.6038587570e+01
    2.0479768515e-02   -1.6011861801e+01
    2.0489500836e-02   -1.5986794472e+01
    2.0499881357e-02   -1.5960041046e+01
    2.0509613678e-02   -1.5934946060e+01
    2.0519996062e-02   -1.5908163071e+01
    2.0529728383e-02   -1.5883042336e+01
    2.0539460704e-02   -1.5857908249e+01
    2.0549841225e-02   -1.5831087112e+01
    2.0559573546e-02   -1.5805931091e+01
    2.0569954067e-02   -1.5779087067e+01
    2.0579686388e-02   -1.5753912926e+01
    2.0589418709e-02   -1.5728733063e+01
    2.0599799231e-02   -1.5701869011e+01
    2.0609531552e-02   -1.5676682472e+01
    2.0619912073e-02   -1.5649816513e+01
    2.0629644394e-02   -1.5624631882e+01
    2.0639376715e-02   -1.5599452972e+01
    2.0649759099e-02   -1.5572603226e+01
    2.0659491420e-02   -1.5547441483e+01
    2.0669871941e-02   -1.5520616531e+01
    2.0679734647e-02   -1.5495142937e+01
    2.0689960569e-02   -1.5468752861e+01
    2.0699504763e-02   -1.5444140434e+01
    2.0709730685e-02   -1.5417792320e+01
    2.0719954744e-02   -1.5391469002e+01
    2.0729498938e-02   -1.5366925240e+01
    2.0739724860e-02   -1.5340655327e+01
    2.0749950781e-02   -1.5314417839e+01
    2.0759493113e-02   -1.5289959908e+01
    2.0769719034e-02   -1.5263789177e+01
    2.0779944956e-02   -1.5237654686e+01
    2.0789489150e-02   -1.5213297844e+01
    2.0799713209e-02   -1.5187239647e+01
    2.0809939131e-02   -1.5161222458e+01
    2.0819483325e-02   -1.5136977196e+01
    2.0829709247e-02   -1.5111041069e+01
    2.0839933306e-02   -1.5085146904e+01
    2.0849477500e-02   -1.5061017990e+01
    2.0859703422e-02   -1.5035205841e+01
    2.0869929343e-02   -1.5009435654e+01
    2.0879471675e-02   -1.4985422134e+01
    2.0889697596e-02   -1.4959733009e+01
    2.0899923518e-02   -1.4934085846e+01
    2.0909467712e-02   -1.4910185814e+01
    2.0919691771e-02   -1.4884620667e+01
    2.0929917693e-02   -1.4859097481e+01
    2.0939461887e-02   -1.4835314751e+01
    2.0949687809e-02   -1.4809874535e+01
    2.0959911868e-02   -1.4784477234e+01
    2.0969456062e-02   -1.4760810852e+01
    2.0979681984e-02   -1.4735490799e+01
    2.0989907905e-02   -1.4710206032e+01
    2.0999450237e-02   -1.4686637878e+01
    2.1009676158e-02   -1.4661415100e+01
    2.1019902080e-02   -1.4636223793e+01
    2.1029446274e-02   -1.4612741470e+01
    2.1039215848e-02   -1.4588729858e+01
    2.1049309522e-02   -1.4563959122e+01
    2.1059401333e-02   -1.4539220810e+01
    2.1069493145e-02   -1.4514513969e+01
    2.1079586819e-02   -1.4489835739e+01
    2.1089678630e-02   -1.4465183258e+01
    2.1099772304e-02   -1.4440553665e+01
    2.1109864116e-02   -1.4415946007e+01
    2.1119957790e-02   -1.4391357422e+01
    2.1129133180e-02   -1.4369020462e+01
    2.1139224991e-02   -1.4344465256e+01
    2.1149495617e-02   -1.4319496155e+01
    2.1159876138e-02   -1.4294270515e+01
    2.1169608459e-02   -1.4270633698e+01
    2.1179988980e-02   -1.4245432854e+01
    2.1189721301e-02   -1.4221816063e+01
    2.1199453622e-02   -1.4198206902e+01
    2.1209834144e-02   -1.4173029900e+01
    2.1219566464e-02   -1.4149431229e+01
    2.1229946986e-02   -1.4124261856e+01
    2.1239679307e-02   -1.4100668907e+01
    2.1249411628e-02   -1.4077077866e+01
    2.1259794012e-02   -1.4051918030e+01
    2.1269526333e-02   -1.4028334618e+01
    2.1279906854e-02   -1.4003182411e+01
    2.1289639175e-02   -1.3979606628e+01
    2.1299371496e-02   -1.3956035614e+01
    2.1309752017e-02   -1.3930899620e+01
    2.1319484338e-02   -1.3907343864e+01
    2.1329864860e-02   -1.3882233620e+01
    2.1339597180e-02   -1.3858710289e+01
    2.1349977702e-02   -1.3833642006e+01
    2.1359710023e-02   -1.3810165405e+01
    2.1369442344e-02   -1.3786715508e+01
    2.1379824728e-02   -1.3761732101e+01
    2.1389557049e-02   -1.3738337517e+01
    2.1399937570e-02   -1.3713410378e+01
    2.1409669891e-02   -1.3690068245e+01
    2.1419402212e-02   -1.3666749954e+01
    2.1429782733e-02   -1.3641904831e+01
    2.1439515054e-02   -1.3618638992e+01
    2.1449895576e-02   -1.3593852997e+01
    2.1459627897e-02   -1.3570644379e+01
    2.1469360217e-02   -1.3547464371e+01
    2.1479740739e-02   -1.3522772789e+01
    2.1489473060e-02   -1.3499654770e+01
    2.1499855444e-02   -1.3475029945e+01
    2.1509587765e-02   -1.3451977730e+01
    2.1519968286e-02   -1.3427426338e+01
    2.1529700607e-02   -1.3404447556e+01
    2.1539432928e-02   -1.3381505966e+01
    2.1549813449e-02   -1.3357077599e+01
    2.1559545770e-02   -1.3334216118e+01
    2.1569926292e-02   -1.3309872627e+01
    2.1579658613e-02   -1.3287086487e+01
    2.1589390934e-02   -1.3264333725e+01
    2.1599771455e-02   -1.3240096092e+01
    2.1609503776e-02   -1.3217401505e+01
    2.1619886160e-02   -1.3193220139e+01
    2.1629618481e-02   -1.3170571327e+01
    2.1639999002e-02   -1.3146434784e+01
    2.1649731323e-02   -1.3123824120e+01
    2.1659463644e-02   -1.3101229668e+01
    2.1669844165e-02   -1.3077144623e+01
    2.1679576486e-02   -1.3054577827e+01
    2.1689957008e-02   -1.3030519485e+01
    2.1699689329e-02   -1.3007974625e+01
    2.1709421650e-02   -1.2985439301e+01
    2.1719802171e-02   -1.2961407661e+01
    2.1729534492e-02   -1.2938884735e+01
    2.1739916876e-02   -1.2914862633e+01
    2.1749649197e-02   -1.2892343521e+01
    2.1759381518e-02   -1.2869825363e+01
    2.1769762039e-02   -1.2845804214e+01
    2.1779494360e-02   -1.2823282242e+01
    2.1789874882e-02   -1.2799257278e+01
    2.1799607202e-02   -1.2776730537e+01
    2.1809987724e-02   -1.2752698898e+01
    2.1819720045e-02   -1.2730163574e+01
    2.1829452366e-02   -1.2707625389e+01
    2.1839832887e-02   -1.2683579445e+01
    2.1849565208e-02   -1.2661033630e+01
    2.1859947592e-02   -1.2636981964e+01
    2.1869679913e-02   -1.2614432335e+01
    2.1879412234e-02   -1.2591882706e+01
    2.1889792755e-02   -1.2567830086e+01
    2.1899525076e-02   -1.2545283318e+01
    2.1909905598e-02   -1.2521235466e+01
    2.1919637918e-02   -1.2498692513e+01
    2.1929370239e-02   -1.2476154327e+01
    2.1939750761e-02   -1.2452116966e+01
    2.1949483082e-02   -1.2429588318e+01
    2.1959863603e-02   -1.2405564308e+01
    2.1969595924e-02   -1.2383049965e+01
    2.1979978308e-02   -1.2359042168e+01
    2.1989710629e-02   -1.2336543083e+01
    2.1999442950e-02   -1.2314050674e+01
    2.2009823471e-02   -1.2290064812e+01
    2.2019555792e-02   -1.2267582893e+01
    2.2029936314e-02   -1.2243604660e+01
    2.2039668635e-02   -1.2221126556e+01
    2.2049400955e-02   -1.2198646545e+01
    2.2059781477e-02   -1.2174665451e+01
    2.2069513798e-02   -1.2152178764e+01
    2.2079894319e-02   -1.2128188133e+01
    2.2089626640e-02   -1.2105690956e+01
    2.2099358961e-02   -1.2083188057e+01
    2.2109741345e-02   -1.2059179306e+01
    2.2119473666e-02   -1.2036665916e+01
    2.2129854187e-02   -1.2012645721e+01
    2.2139586508e-02   -1.1990123749e+01
    2.2149967030e-02   -1.1966097832e+01
    2.2159699351e-02   -1.1943572998e+01
    2.2169431672e-02   -1.1921051025e+01
    2.2179812193e-02   -1.1897030830e+01
    2.2189544514e-02   -1.1874518394e+01
    2.2199926898e-02   -1.1850514412e+01
    2.2209657356e-02   -1.1828022003e+01
    2.2219389677e-02   -1.1805543900e+01
    2.2229772061e-02   -1.1781583786e+01
    2.2239504382e-02   -1.1759139061e+01
    2.2249884903e-02   -1.1735219002e+01
    2.2259617224e-02   -1.1712814331e+01
    2.2269997746e-02   -1.1688939095e+01
    2.2279730067e-02   -1.1666578293e+01
    2.2289462388e-02   -1.1644240379e+01
    2.2299842909e-02   -1.1620440483e+01
    2.2309575230e-02   -1.1598153114e+01
    2.2319957614e-02   -1.1574409485e+01
    2.2329688072e-02   -1.1552177429e+01
    2.2339420393e-02   -1.1529973984e+01
    2.2349802777e-02   -1.1506322861e+01
    2.2359535098e-02   -1.1484179497e+01
    2.2369915619e-02   -1.1460594177e+01
    2.2379647940e-02   -1.1438515663e+01
    2.2389380261e-02   -1.1416467667e+01
    2.2399760783e-02   -1.1392986298e+01
    2.2409493104e-02   -1.1371005058e+01
    2.2419873625e-02   -1.1347595215e+01
    2.2429605946e-02   -1.1325681686e+01
    2.2439988330e-02   -1.1302342415e+01
    2.2449718788e-02   -1.1280493736e+01
    2.2459451109e-02   -1.1258677483e+01
    2.2469833493e-02   -1.1235439301e+01
    2.2479565814e-02   -1.1213685036e+01
    2.2489946336e-02   -1.1190514565e+01
    2.2499678656e-02   -1.1168823242e+01
    2.2509410977e-02   -1.1147162437e+01
    2.2519791499e-02   -1.1124092102e+01
    2.2529523820e-02   -1.1102495193e+01
    2.2539904341e-02   -1.1079492569e+01
    2.2549636662e-02   -1.1057960510e+01
    2.2559368983e-02   -1.1036459923e+01
    2.2569751367e-02   -1.1013561249e+01
    2.2579481825e-02   -1.0992125511e+01
    2.2589864209e-02   -1.0969296455e+01
    2.2599596530e-02   -1.0947927475e+01
    2.2609977052e-02   -1.0925168991e+01
    2.2619709373e-02   -1.0903866768e+01
    2.2629441693e-02   -1.0882596016e+01
    2.2639822215e-02   -1.0859943390e+01
    2.2649554536e-02   -1.0838739395e+01
    2.2659935057e-02   -1.0816156387e+01
    2.2669667378e-02   -1.0795017242e+01
    2.2679399699e-02   -1.0773908615e+01
    2.2689782083e-02   -1.0751425743e+01
    2.2699512541e-02   -1.0730378151e+01
    2.2709894925e-02   -1.0707958221e+01
    2.2719627246e-02   -1.0686967850e+01
    2.2729359567e-02   -1.0666004181e+01
    2.2739740089e-02   -1.0643671036e+01
    2.2749472409e-02   -1.0622758865e+01
    2.2759852931e-02   -1.0600478172e+01
    2.2769585252e-02   -1.0579612732e+01
    2.2779965773e-02   -1.0557379723e+01
    2.2789698094e-02   -1.0536557198e+01
    2.2799430415e-02   -1.0515753746e+01
    2.2809812799e-02   -1.0493583679e+01
    2.2819543257e-02   -1.0472819328e+01
    2.2829925641e-02   -1.0450690269e+01
    2.2839657962e-02   -1.0429962158e+01
    2.2849390283e-02   -1.0409253120e+01
    2.2859770805e-02   -1.0387181282e+01
    2.2869503126e-02   -1.0366505623e+01
    2.2879883647e-02   -1.0344470024e+01
    2.2889615968e-02   -1.0323824883e+01
    2.2899996489e-02   -1.0301817894e+01
    2.2909728810e-02   -1.0281198502e+01
    2.2919461131e-02   -1.0260589600e+01
    2.2929843515e-02   -1.0238615990e+01
    2.2939575836e-02   -1.0218023300e+01
    2.2949956357e-02   -1.0196065903e+01
    2.2959688678e-02   -1.0175486565e+01
    2.2969420999e-02   -1.0154912949e+01
    2.2979801521e-02   -1.0132973671e+01
    2.2989533842e-02   -1.0112409592e+01
    2.2999914363e-02   -1.0090480804e+01
    2.3009646684e-02   -1.0069927216e+01
    2.3019379005e-02   -1.0049378395e+01
    2.3029759526e-02   -1.0027464867e+01
    2.3039491847e-02   -1.0006926537e+01
    2.3049874231e-02   -9.9850263596e+00
    2.3059606552e-02   -9.9645013809e+00
    2.3069987074e-02   -9.9426155090e+00
    2.3079719394e-02   -9.9221057892e+00
    2.3089451715e-02   -9.9016036987e+00
    2.3099832237e-02   -9.8797445297e+00
    2.3109564558e-02   -9.8592605591e+00
    2.3119945079e-02   -9.8374214172e+00
    2.3129677400e-02   -9.8169565201e+00
    2.3139409721e-02   -9.7965011597e+00
    2.3149790242e-02   -9.7746915817e+00
    2.3159522563e-02   -9.7542533875e+00
    2.3169904947e-02   -9.7324619293e+00
    2.3179637268e-02   -9.7120389938e+00
    2.3189367726e-02   -9.6916227341e+00
    2.3199750111e-02   -9.6698503494e+00
    2.3209482431e-02   -9.6494436264e+00
    2.3219862953e-02   -9.6276798248e+00
    2.3229595274e-02   -9.6072788239e+00
    2.3239975795e-02   -9.5855188370e+00
    2.3249095306e-02   -9.5664033890e+00
    2.3259365931e-02   -9.5448760986e+00
    2.3269746453e-02   -9.5231151581e+00
    2.3279478773e-02   -9.5027122498e+00
    2.3289859295e-02   -9.4809455872e+00
    2.3299358785e-02   -9.4610261917e+00
    2.3309800774e-02   -9.4391241074e+00
    2.3319533095e-02   -9.4187107086e+00
    2.3329263553e-02   -9.3982925415e+00
    2.3338995874e-02   -9.3778686523e+00
    2.3349942639e-02   -9.3548860550e+00
    2.3359674960e-02   -9.3344507217e+00
    2.3369405419e-02   -9.3140096664e+00
    2.3379137740e-02   -9.2935628891e+00
    2.3388868198e-02   -9.2731094360e+00
    2.3399816826e-02   -9.2500915527e+00
    2.3409547284e-02   -9.2296257019e+00
    2.3419279605e-02   -9.2091531754e+00
    2.3429010063e-02   -9.1886749268e+00
    2.3439958692e-02   -9.1656312943e+00
    2.3449689150e-02   -9.1451425552e+00
    2.3459419608e-02   -9.1246480942e+00
    2.3469151929e-02   -9.1041507721e+00
    2.3478882387e-02   -9.0836486816e+00
    2.3489831015e-02   -9.0605802536e+00
    2.3499561474e-02   -9.0400714874e+00
    2.3509293795e-02   -9.0195617676e+00
    2.3519024253e-02   -8.9990491867e+00
    2.3529971018e-02   -8.9759702682e+00
    2.3539703339e-02   -8.9554557800e+00
    2.3549433798e-02   -8.9349393845e+00
    2.3559166119e-02   -8.9144239426e+00
    2.3568896577e-02   -8.8939085007e+00
    2.3579843342e-02   -8.8708286285e+00
    2.3589575663e-02   -8.8503160477e+00
    2.3599306121e-02   -8.8298044205e+00
    2.3609036580e-02   -8.8092947006e+00
    2.3619985208e-02   -8.7862253189e+00
    2.3629715666e-02   -8.7657213211e+00
    2.3639447987e-02   -8.7452192307e+00
    2.3649178445e-02   -8.7247190475e+00
    2.3658908904e-02   -8.7042198181e+00
    2.3669857532e-02   -8.6811599731e+00
    2.3679587990e-02   -8.6606626511e+00
    2.3689318448e-02   -8.6401653290e+00
    2.3699050769e-02   -8.6196680069e+00
    2.3709997535e-02   -8.5966081619e+00
    2.3719727993e-02   -8.5761089325e+00
    2.3729458451e-02   -8.5556106567e+00
    2.3739190772e-02   -8.5351123810e+00
    2.3748921230e-02   -8.5146141052e+00
    2.3759867996e-02   -8.4915542603e+00
    2.3769600317e-02   -8.4710578918e+00
    2.3779330775e-02   -8.4505615234e+00
    2.3789061233e-02   -8.4300661087e+00
    2.3798791692e-02   -8.4095697403e+00
    2.3809740320e-02   -8.3865118027e+00
    2.3819470778e-02   -8.3660135269e+00
    2.3829201236e-02   -8.3455142975e+00
    2.3838933557e-02   -8.3250112534e+00
    2.3849880323e-02   -8.3019418716e+00
    2.3859610781e-02   -8.2814331055e+00
    2.3869341239e-02   -8.2609205246e+00
    2.3879073560e-02   -8.2404041290e+00
    2.3888804018e-02   -8.2198867798e+00
    2.3899750784e-02   -8.1968021393e+00
    2.3909483105e-02   -8.1762819290e+00
    2.3919213563e-02   -8.1557636261e+00
    2.3928944021e-02   -8.1352462769e+00
    2.3939890787e-02   -8.1121673584e+00
    2.3949623108e-02   -8.0916576385e+00
    2.3959353566e-02   -8.0711526871e+00
    2.3969084024e-02   -8.0506525040e+00
    2.3978816345e-02   -8.0301589966e+00
    2.3989763111e-02   -8.0071115494e+00
    2.3999493569e-02   -7.9866313934e+00
    2.4009224027e-02   -7.9661583900e+00
    2.4018956348e-02   -7.9456920624e+00
    2.4029903114e-02   -7.9226756096e+00
    2.4039633572e-02   -7.9022240639e+00
    2.4049365893e-02   -7.8817796707e+00
    2.4059096351e-02   -7.8613414764e+00
    2.4068826810e-02   -7.8409099579e+00
    2.4079773575e-02   -7.8179326057e+00
    2.4089505896e-02   -7.7975153923e+00
    2.4099236354e-02   -7.7771043777e+00
    2.4108966812e-02   -7.7566995621e+00
    2.4119915441e-02   -7.7337508202e+00
    2.4129645899e-02   -7.7133579254e+00
    2.4139376357e-02   -7.6929702759e+00
    2.4149108678e-02   -7.6725873947e+00
    2.4158839136e-02   -7.6522088051e+00
    2.4169785902e-02   -7.6292872429e+00
    2.4179518223e-02   -7.6089158058e+00
    2.4189248681e-02   -7.5885472298e+00
    2.4198979139e-02   -7.5681810379e+00
    2.4209927768e-02   -7.5452713966e+00
    2.4219658226e-02   -7.5249090195e+00
    2.4229388684e-02   -7.5045480728e+00
    2.4239121005e-02   -7.4841876030e+00
    2.4248851463e-02   -7.4638276100e+00
    2.4259798229e-02   -7.4409227371e+00
    2.4269530550e-02   -7.4205617905e+00
    2.4279261008e-02   -7.4001998901e+00
    2.4288991466e-02   -7.3798360825e+00
    2.4299940094e-02   -7.3569245338e+00
    2.4309670553e-02   -7.3365564346e+00
    2.4319402874e-02   -7.3161854744e+00
    2.4329133332e-02   -7.2958121300e+00
    2.4338863790e-02   -7.2754368782e+00
    2.4349812418e-02   -7.2525119781e+00
    2.4359542876e-02   -7.2321324348e+00
    2.4369273335e-02   -7.2117509842e+00
    2.4379005656e-02   -7.1913685799e+00
    2.4389952421e-02   -7.1684365273e+00
    2.4399682879e-02   -7.1480512619e+00
    2.4409413338e-02   -7.1276640892e+00
    2.4419143796e-02   -7.1072754860e+00
    2.4428876117e-02   -7.0868844986e+00
    2.4439822882e-02   -7.0639405251e+00
    2.4449553341e-02   -7.0435419083e+00
    2.4459283799e-02   -7.0231380463e+00
    2.4469014257e-02   -7.0027284622e+00
    2.4479961023e-02   -6.9797587395e+00
    2.4489691481e-02   -6.9593319893e+00
    2.4499423802e-02   -6.9388957024e+00
    2.4509154260e-02   -6.9184479713e+00
    2.4518884718e-02   -6.8979883194e+00
    2.4529831484e-02   -6.8749551773e+00
    2.4539561942e-02   -6.8544664383e+00
    2.4549292400e-02   -6.8339624405e+00
    2.4559022859e-02   -6.8134431839e+00
    2.4569967762e-02   -6.7903394699e+00
    2.4579698220e-02   -6.7697854042e+00
    2.4589428678e-02   -6.7492146492e+00
    2.4599159136e-02   -6.7286276817e+00
    2.4608889595e-02   -6.7080245018e+00
    2.4619836360e-02   -6.6848268509e+00
    2.4629566818e-02   -6.6641902924e+00
    2.4639295414e-02   -6.6435389519e+00
    2.4649025872e-02   -6.6228733063e+00
    2.4659972638e-02   -6.5996088982e+00
    2.4669703096e-02   -6.5789165497e+00
    2.4679433554e-02   -6.5582122803e+00
    2.4689162150e-02   -6.5374970436e+00
    2.4698892608e-02   -6.5167717934e+00
    2.4709839374e-02   -6.4934449196e+00
    2.4719567969e-02   -6.4727005959e+00
    2.4729298428e-02   -6.4519481659e+00
    2.4739028886e-02   -6.4311876297e+00
    2.4749973789e-02   -6.4078235626e+00
    2.4759704247e-02   -6.3870477676e+00
    2.4769434705e-02   -6.3662652969e+00
    2.4779163301e-02   -6.3454766273e+00
    2.4788893759e-02   -6.3246812820e+00
    2.4799838662e-02   -6.3012795448e+00
    2.4809569120e-02   -6.2804718018e+00
    2.4819297716e-02   -6.2596583366e+00
    2.4829028174e-02   -6.2388396263e+00
    2.4839974940e-02   -6.2154121399e+00
    2.4849703535e-02   -6.1945819855e+00
    2.4859433994e-02   -6.1737465858e+00
    2.4869162589e-02   -6.1529059410e+00
    2.4878893048e-02   -6.1320590973e+00
    2.4889837950e-02   -6.1085996628e+00
    2.4899568409e-02   -6.0877394676e+00
    2.4909297004e-02   -6.0668721199e+00
    2.4919027463e-02   -6.0459976196e+00
    2.4929972365e-02   -6.0225033760e+00
    2.4939702824e-02   -6.0016093254e+00
    2.4949431419e-02   -5.9807057381e+00
    2.4959161878e-02   -5.9597916603e+00
    2.4968890473e-02   -5.9388656616e+00
    2.4979837239e-02   -5.9153099060e+00
    2.4989565834e-02   -5.8943572044e+00
    2.4999294430e-02   -5.8733916283e+00
    2.5009024888e-02   -5.8524122238e+00
    2.5019969791e-02   -5.8287925720e+00
    2.5029700249e-02   -5.8077812195e+00
    2.5039428845e-02   -5.7867541313e+00
    2.5049159303e-02   -5.7657103539e+00
    2.5058887899e-02   -5.7446503639e+00
    2.5069834664e-02   -5.7209367752e+00
    2.5079563260e-02   -5.6998386383e+00
    2.5089293718e-02   -5.6787223816e+00
    2.5099022314e-02   -5.6575870514e+00
    2.5109967217e-02   -5.6337866783e+00
    2.5119697675e-02   -5.6126089096e+00
    2.5129426271e-02   -5.5914111137e+00
    2.5139156729e-02   -5.5701918602e+00
    2.5148885325e-02   -5.5489506721e+00
    2.5159832090e-02   -5.5250277519e+00
    2.5169560686e-02   -5.5037388802e+00
    2.5179291144e-02   -5.4824261665e+00
    2.5189019740e-02   -5.4610896111e+00
    2.5199966505e-02   -5.4370565414e+00
    2.5209695101e-02   -5.4156675339e+00
    2.5219425559e-02   -5.3942532539e+00
    2.5229154155e-02   -5.3728137016e+00
    2.5238884613e-02   -5.3513488770e+00
    2.5249829516e-02   -5.3271698952e+00
    2.5259559974e-02   -5.3056502342e+00
    2.5269288570e-02   -5.2841053009e+00
    2.5279019028e-02   -5.2625350952e+00
    2.5289963931e-02   -5.2382383347e+00
    2.5299694389e-02   -5.2166152000e+00
    2.5309422985e-02   -5.1949677467e+00
    2.5319153443e-02   -5.1732954979e+00
    2.5328882039e-02   -5.1516003609e+00
    2.5339828804e-02   -5.1271653175e+00
    2.5349557400e-02   -5.1054210663e+00
    2.5359287858e-02   -5.0836548805e+00
    2.5369016454e-02   -5.0618677139e+00
    2.5379963219e-02   -5.0373320580e+00
    2.5389691815e-02   -5.0155014992e+00
    2.5399422273e-02   -4.9936523438e+00
    2.5409152731e-02   -4.9717850685e+00
    2.5418881327e-02   -4.9499015808e+00
    2.5429828092e-02   -4.9252638817e+00
    2.5439556688e-02   -4.9033498764e+00
    2.5449287146e-02   -4.8814229965e+00
    2.5459015742e-02   -4.8594861031e+00
    2.5469962507e-02   -4.8347964287e+00
    2.5479691103e-02   -4.8128428459e+00
    2.5489421561e-02   -4.7908835411e+00
    2.5499152020e-02   -4.7689208984e+00
    2.5508880615e-02   -4.7469558716e+00
    2.5519827381e-02   -4.7222447395e+00
    2.5529555976e-02   -4.7002801895e+00
    2.5539286435e-02   -4.6783170700e+00
    2.5549015030e-02   -4.6563568115e+00
    2.5559961796e-02   -4.6316561699e+00
    2.5569690391e-02   -4.6097049713e+00
    2.5579420850e-02   -4.5877585411e+00
    2.5589151308e-02   -4.5658178329e+00
    2.5598879904e-02   -4.5438833237e+00
    2.5609826669e-02   -4.5192146301e+00
    2.5619555265e-02   -4.4972944260e+00
    2.5629285723e-02   -4.4753808975e+00
    2.5639014319e-02   -4.4534745216e+00
    2.5649961084e-02   -4.4288387299e+00
    2.5659689680e-02   -4.4069476128e+00
    2.5669420138e-02   -4.3850641251e+00
    2.5679148734e-02   -4.3631873131e+00
    2.5688879192e-02   -4.3413176537e+00
    2.5699825957e-02   -4.3167219162e+00
    2.5709554553e-02   -4.2948665619e+00
    2.5719285011e-02   -4.2730169296e+00
    2.5729013607e-02   -4.2511730194e+00
    2.5739960372e-02   -4.2266058922e+00
    2.5749688968e-02   -4.2047739029e+00
    2.5759419426e-02   -4.1829466820e+00
    2.5769148022e-02   -4.1611242294e+00
    2.5778878480e-02   -4.1393055916e+00
    2.5789823383e-02   -4.1147642136e+00
    2.5799553841e-02   -4.0929522514e+00
    2.5809282437e-02   -4.0711426735e+00
    2.5819012895e-02   -4.0493345261e+00
    2.5829957798e-02   -4.0248007774e+00
    2.5839688256e-02   -4.0029931068e+00
    2.5849416852e-02   -3.9811840057e+00
    2.5859147310e-02   -3.9593732357e+00
    2.5868875906e-02   -3.9375598431e+00
    2.5879820809e-02   -3.9130158424e+00
    2.5889551267e-02   -3.8911945820e+00
    2.5899279863e-02   -3.8693690300e+00
    2.5909010321e-02   -3.8475382328e+00
    2.5919955224e-02   -3.8229720592e+00
    2.5929685682e-02   -3.8011295795e+00
    2.5939414278e-02   -3.7792809010e+00
    2.5949144736e-02   -3.7574257851e+00
    2.5958873332e-02   -3.7355644703e+00
    2.5969820097e-02   -3.7109625340e+00
    2.5979548693e-02   -3.6890871525e+00
    2.5989277288e-02   -3.6672048569e+00
    2.5999007747e-02   -3.6453154087e+00
    2.6009952649e-02   -3.6206815243e+00
    2.6019683108e-02   -3.5987768173e+00
    2.6029411703e-02   -3.5768644810e+00
    2.6039142162e-02   -3.5549447536e+00
    2.6048870757e-02   -3.5330173969e+00
    2.6059817523e-02   -3.5083396435e+00
    2.6069546118e-02   -3.4863951206e+00
    2.6079276577e-02   -3.4644427299e+00
    2.6089005172e-02   -3.4424819946e+00
    2.6099950075e-02   -3.4177663326e+00
    2.6109680533e-02   -3.3957879543e+00
    2.6119409129e-02   -3.3738007545e+00
    2.6129139587e-02   -3.3518049717e+00
    2.6138868183e-02   -3.3298006058e+00
    2.6149814948e-02   -3.3050348759e+00
    2.6159543544e-02   -3.2830111980e+00
    2.6169274002e-02   -3.2609784603e+00
    2.6179002598e-02   -3.2389366627e+00
    2.6189949363e-02   -3.2141282558e+00
    2.6199677959e-02   -3.1920661926e+00
    2.6209408417e-02   -3.1699948311e+00
    2.6219137013e-02   -3.1479139328e+00
    2.6228867471e-02   -3.1258237362e+00
    2.6239812374e-02   -3.1009609699e+00
    2.6249542832e-02   -3.0788507462e+00
    2.6259271428e-02   -3.0567317009e+00
    2.6269001886e-02   -3.0346038342e+00
    2.6279948652e-02   -3.0096998215e+00
    2.6289677247e-02   -2.9875543118e+00
    2.6299407706e-02   -2.9654011726e+00
    2.6309136301e-02   -2.9432406425e+00
    2.6318866760e-02   -2.9210734367e+00
    2.6329811662e-02   -2.8961281776e+00
    2.6339542121e-02   -2.8739485741e+00
    2.6349272579e-02   -2.8517639637e+00
    2.6359001175e-02   -2.8295753002e+00
    2.6369947940e-02   -2.8046088219e+00
    2.6379678398e-02   -2.7824132442e+00
    2.6389406994e-02   -2.7602152824e+00
    2.6399137452e-02   -2.7380158901e+00
    2.6408867911e-02   -2.7158148289e+00
    2.6419812813e-02   -2.6908378601e+00
    2.6429543272e-02   -2.6686353683e+00
    2.6439273730e-02   -2.6464321613e+00
    2.6449002326e-02   -2.6242282391e+00
    2.6459949091e-02   -2.5992476940e+00
    2.6469679549e-02   -2.5770416260e+00
    2.6479410008e-02   -2.5548336506e+00
    2.6489138603e-02   -2.5326232910e+00
    2.6498869061e-02   -2.5104095936e+00
    2.6509815827e-02   -2.4854140282e+00
    2.6519546285e-02   -2.4631900787e+00
    2.6529276744e-02   -2.4409594536e+00
    2.6539007202e-02   -2.4187209606e+00
    2.6549952105e-02   -2.3936915398e+00
    2.6559682563e-02   -2.3714315891e+00
    2.6569413021e-02   -2.3491592407e+00
    2.6579143479e-02   -2.3268730640e+00
    2.6588873938e-02   -2.3045711517e+00
    2.6599820703e-02   -2.2794611454e+00
    2.6609551162e-02   -2.2571208477e+00
    2.6619281620e-02   -2.2347605228e+00
    2.6629012078e-02   -2.2123780251e+00
    2.6639958844e-02   -2.1871697903e+00
    2.6649689302e-02   -2.1647360325e+00
    2.6659419760e-02   -2.1422760487e+00
    2.6669150218e-02   -2.1197886467e+00
    2.6678880677e-02   -2.0972728729e+00
    2.6689827442e-02   -2.0719068050e+00
    2.6699557900e-02   -2.0493266582e+00
    2.6709288359e-02   -2.0267148018e+00
    2.6719018817e-02   -2.0040702820e+00
    2.6729965582e-02   -1.9785556793e+00
    2.6739696041e-02   -1.9558401108e+00
    2.6749426499e-02   -1.9330902100e+00
    2.6759156957e-02   -1.9103056192e+00
    2.6768889278e-02   -1.8874859810e+00
    2.6779836044e-02   -1.8617721796e+00
    2.6789566502e-02   -1.8388782740e+00
    2.6799296960e-02   -1.8159496784e+00
    2.6809027418e-02   -1.7929867506e+00
    2.6819976047e-02   -1.7671129704e+00
    2.6829706505e-02   -1.7440788746e+00
    2.6839436963e-02   -1.7210125923e+00
    2.6849167421e-02   -1.6979149580e+00
    2.6858899742e-02   -1.6747870445e+00
    2.6869846508e-02   -1.6487334967e+00
    2.6879576966e-02   -1.6255451441e+00
    2.6889309287e-02   -1.6023304462e+00
    2.6899039745e-02   -1.5790905952e+00
    2.6909986511e-02   -1.5529175997e+00
    2.6919718832e-02   -1.5296291113e+00
    2.6929449290e-02   -1.5063201189e+00
    2.6939179748e-02   -1.4829918146e+00
    2.6948912069e-02   -1.4596459866e+00
    2.6959858835e-02   -1.4333626032e+00
    2.6969589293e-02   -1.4099843502e+00
    2.6979321614e-02   -1.3865934610e+00
    2.6989052072e-02   -1.3631914854e+00
    2.6998782530e-02   -1.3397802114e+00
    2.7009731159e-02   -1.3134336472e+00
    2.7019461617e-02   -1.2900084257e+00
    2.7029192075e-02   -1.2665793896e+00
    2.7038924396e-02   -1.2431482077e+00
    2.7049871162e-02   -1.2167876959e+00
    2.7059601620e-02   -1.1933575869e+00
    2.7069333941e-02   -1.1699303389e+00
    2.7079064399e-02   -1.1465076208e+00
    2.7088794857e-02   -1.1230905056e+00
    2.7099743485e-02   -1.0967547894e+00
    2.7109473944e-02   -1.0733537674e+00
    2.7119204402e-02   -1.0499619246e+00
    2.7128934860e-02   -1.0265802145e+00
    2.7139883488e-02   -1.0002886057e+00
    2.7149613947e-02   -9.7693037987e-01
    2.7159344405e-02   -9.5358413458e-01
    2.7169076726e-02   -9.3025028706e-01
    2.7178807184e-02   -9.0692913532e-01
    2.7189753950e-02   -8.8070827723e-01
    2.7199486271e-02   -8.5741478205e-01
    2.7209216729e-02   -8.3413445950e-01
    2.7218947187e-02   -8.1086730957e-01
    2.7229895815e-02   -7.8470742702e-01
    2.7239626274e-02   -7.6146787405e-01
    2.7249356732e-02   -7.3824101686e-01
    2.7259089053e-02   -7.1502649784e-01
    2.7268819511e-02   -6.9182401896e-01
    2.7279766276e-02   -6.6573512554e-01
    2.7289498597e-02   -6.4255678654e-01
    2.7299229056e-02   -6.1938905716e-01
    2.7308959514e-02   -5.9623134136e-01
    2.7319908142e-02   -5.7019025087e-01
    2.7329638600e-02   -5.4705208540e-01
    2.7339369059e-02   -5.2392208576e-01
    2.7349101380e-02   -5.0079983473e-01
    2.7358831838e-02   -4.7768455744e-01
    2.7369778603e-02   -4.5168766379e-01
    2.7379510924e-02   -4.2858555913e-01
    2.7389241382e-02   -4.0548878908e-01
    2.7398971841e-02   -3.8239687681e-01
    2.7409920469e-02   -3.5642361641e-01
    2.7419650927e-02   -3.3334040642e-01
    2.7429381385e-02   -3.1026062369e-01
    2.7439113706e-02   -2.8718394041e-01
    2.7448844165e-02   -2.6410996914e-01
    2.7459790930e-02   -2.3815467954e-01
    2.7469523251e-02   -2.1508558095e-01
    2.7479253709e-02   -1.9201840460e-01
    2.7488984168e-02   -1.6895291209e-01
    2.7499932796e-02   -1.4300607145e-01
    2.7509663254e-02   -1.1994367093e-01
    2.7519395575e-02   -9.6882484853e-02
    2.7529126033e-02   -7.3822416365e-02
    2.7538856491e-02   -5.0763357431e-02
    2.7549805120e-02   -2.4823011830e-02
    2.7559535578e-02   -1.7658135621e-03
    2.7569266036e-02    2.1290628240e-02
    2.7578998357e-02    4.4346384704e-02
    2.7589945123e-02    7.0283375680e-02
    2.7599677444e-02    9.3337908387e-02
    2.7609407902e-02    1.1639195681e-01
    2.7619138360e-02    1.3944560289e-01
    2.7628870681e-02    1.6249889135e-01
    2.7639817446e-02    1.8843349814e-01
    2.7649549767e-02    2.1148625016e-01
    2.7659280226e-02    2.3453883827e-01
    2.7669010684e-02    2.5759130716e-01
    2.7679959312e-02    2.8352522850e-01
    2.7689689770e-02    3.0657753348e-01
    2.7699422091e-02    3.2962971926e-01
    2.7709152550e-02    3.5268178582e-01
    2.7718883008e-02    3.7573364377e-01
    2.7729831636e-02    4.0166658163e-01
    2.7739562094e-02    4.2471757531e-01
    2.7749294415e-02    4.4776788354e-01
    2.7759024873e-02    4.7081720829e-01
    2.7769973502e-02    4.9674621224e-01
    2.7779703960e-02    5.1979243755e-01
    2.7789434418e-02    5.4283666611e-01
    2.7799166739e-02    5.6587833166e-01
    2.7808897197e-02    5.8891701698e-01
    2.7819845825e-02    6.1483126879e-01
    2.7829576284e-02    6.3786178827e-01
    2.7839308605e-02    6.6088747978e-01
    2.7849039063e-02    6.8390780687e-01
    2.7859985828e-02    7.0979839563e-01
    2.7869718149e-02    7.3280501366e-01
    2.7879448608e-02    7.5580412149e-01
    2.7889180928e-02    7.7879488468e-01
    2.7898911387e-02    8.0177664757e-01
    2.7909860015e-02    8.2761943340e-01
    2.7919590473e-02    8.5057950020e-01
    2.7929320931e-02    8.7352812290e-01
    2.7939053252e-02    8.9646458626e-01
    2.7948783711e-02    9.1938799620e-01
    2.7959732339e-02    9.4516038895e-01
    2.7969462797e-02    9.6805381775e-01
    2.7979195118e-02    9.9093192816e-01
    2.7988925576e-02    1.0137941837e+00
    2.7999874204e-02    1.0394943953e+00
    2.8009604663e-02    1.0623208284e+00
    2.8019336984e-02    1.0851296186e+00
    2.8029067442e-02    1.1079201698e+00
    2.8038797900e-02    1.1306922436e+00
    2.8049746528e-02    1.1562882662e+00
    2.8059476987e-02    1.1790199280e+00
    2.8069209307e-02    1.2017320395e+00
    2.8078939766e-02    1.2244244814e+00
    2.8089888394e-02    1.2499297857e+00
    2.8099618852e-02    1.2725797892e+00
    2.8109351173e-02    1.2952097654e+00
    2.8119081631e-02    1.3178195953e+00
    2.8128813952e-02    1.3404092789e+00
    2.8139760718e-02    1.3657984734e+00
    2.8149491176e-02    1.3883452415e+00
    2.8159223497e-02    1.4108721018e+00
    2.8168953955e-02    1.4333789349e+00
    2.8179902583e-02    1.4586756229e+00
    2.8189633042e-02    1.4811407328e+00
    2.8199365363e-02    1.5035865307e+00
    2.8209095821e-02    1.5260131359e+00
    2.8218828142e-02    1.5484210253e+00
    2.8229774907e-02    1.5736078024e+00
    2.8239507228e-02    1.5959765911e+00
    2.8249237686e-02    1.6183274984e+00
    2.8258970007e-02    1.6406607628e+00
    2.8269916773e-02    1.6657649279e+00
    2.8279649094e-02    1.6880614758e+00
    2.8289379552e-02    1.7103410959e+00
    2.8299110010e-02    1.7326039076e+00
    2.8308842331e-02    1.7548500299e+00
    2.8319789097e-02    1.7798568010e+00
    2.8329521418e-02    1.8020672798e+00
    2.8339251876e-02    1.8242608309e+00
    2.8348984197e-02    1.8464372158e+00
    2.8359930962e-02    1.8713649511e+00
    2.8369663283e-02    1.8935042620e+00
    2.8379393741e-02    1.9156253338e+00
    2.8389126062e-02    1.9377281666e+00
    2.8398856521e-02    1.9598120451e+00
    2.8409805149e-02    1.9846333265e+00
    2.8419535607e-02    2.0066757202e+00
    2.8429267928e-02    2.0286979675e+00
    2.8438998386e-02    2.0506997108e+00
    2.8449947014e-02    2.0754265785e+00
    2.8459677473e-02    2.0973834991e+00
    2.8469409794e-02    2.1193192005e+00
    2.8479140252e-02    2.1412334442e+00
    2.8488872573e-02    2.1631259918e+00
    2.8499819338e-02    2.1877295971e+00
    2.8509551659e-02    2.2095770836e+00
    2.8519282117e-02    2.2314033508e+00
    2.8529014438e-02    2.2532091141e+00
    2.8539961204e-02    2.2777163982e+00
    2.8549693525e-02    2.2994794846e+00
    2.8559423983e-02    2.3212237358e+00
    2.8569156304e-02    2.3429493904e+00
    2.8578886762e-02    2.3646571636e+00
    2.8589835390e-02    2.3890583515e+00
    2.8599565849e-02    2.4107306004e+00
    2.8609298170e-02    2.4323875904e+00
    2.8619028628e-02    2.4540300369e+00
    2.8629977256e-02    2.4783608913e+00
    2.8639707714e-02    2.4999744892e+00
    2.8649440035e-02    2.5215754509e+00
    2.8659170493e-02    2.5431649685e+00
    2.8668902814e-02    2.5647430420e+00
    2.8679849580e-02    2.5890057087e+00
    2.8689581901e-02    2.6105616093e+00
    2.8699312359e-02    2.6321077347e+00
    2.8709044680e-02    2.6536440849e+00
    2.8719991446e-02    2.6778614521e+00
    2.8729723766e-02    2.6993777752e+00
    2.8739454225e-02    2.7208845615e+00
    2.8749413788e-02    2.7428839207e+00
    2.8759794310e-02    2.7658054829e+00
    2.8769526631e-02    2.7872841358e+00
    2.8779909015e-02    2.8101832867e+00
    2.8789639473e-02    2.8316402435e+00
    2.8799371794e-02    2.8530864716e+00
    2.8809754178e-02    2.8759503365e+00
    2.8819486499e-02    2.8973729610e+00
    2.8829867020e-02    2.9202108383e+00
    2.8839599341e-02    2.9416089058e+00
    2.8849979863e-02    2.9644198418e+00
    2.8859712183e-02    2.9857921600e+00
    2.8869444504e-02    3.0071516037e+00
    2.8879825026e-02    3.0299208164e+00
    2.8889557347e-02    3.0512535572e+00
    2.8899939731e-02    3.0739941597e+00
    2.8909670189e-02    3.0952999592e+00
    2.8919402510e-02    3.1165928841e+00
    2.8929784894e-02    3.1392912865e+00
    2.8939517215e-02    3.1605579853e+00
    2.8949897736e-02    3.1832289696e+00
    2.8959630057e-02    3.2044706345e+00
    2.8969362378e-02    3.2257008553e+00
    2.8979742900e-02    3.2483336926e+00
    2.8989475220e-02    3.2695410252e+00
    2.8999855742e-02    3.2921509743e+00
    2.9009588063e-02    3.3133378029e+00
    2.9019970447e-02    3.3359270096e+00
    2.9029702768e-02    3.3570959568e+00
    2.9039433226e-02    3.3782570362e+00
    2.9049815610e-02    3.4008209705e+00
    2.9059547931e-02    3.4219684601e+00
    2.9069928452e-02    3.4445192814e+00
    2.9079660773e-02    3.4656558037e+00
    2.9089393094e-02    3.4867882729e+00
    2.9099773616e-02    3.5093257427e+00
    2.9109505937e-02    3.5304517746e+00
    2.9119886458e-02    3.5529842377e+00
    2.9129618779e-02    3.5741069317e+00
    2.9139351100e-02    3.5952291489e+00
    2.9149733484e-02    3.6177592278e+00
    2.9159463942e-02    3.6388821602e+00
    2.9169846326e-02    3.6614141464e+00
    2.9179578647e-02    3.6825397015e+00
    2.9189959168e-02    3.7050757408e+00
    2.9199691489e-02    3.7262058258e+00
    2.9209423810e-02    3.7473385334e+00
    2.9219804332e-02    3.7698836327e+00
    2.9229536653e-02    3.7910227776e+00
    2.9239917174e-02    3.8135750294e+00
    2.9249649495e-02    3.8347210884e+00
    2.9259381816e-02    3.8558707237e+00
    2.9269764200e-02    3.8784341812e+00
    2.9279494658e-02    3.8995907307e+00
    2.9289877042e-02    3.9221611023e+00
    2.9299609363e-02    3.9433243275e+00
    2.9309989884e-02    3.9659013748e+00
    2.9319722205e-02    3.9870700836e+00
    2.9329454526e-02    4.0082416534e+00
    2.9339835048e-02    4.0308270454e+00
    2.9349567369e-02    4.0520029068e+00
    2.9359947890e-02    4.0745935440e+00
    2.9369680211e-02    4.0957741737e+00
    2.9379412532e-02    4.1169571877e+00
    2.9389794916e-02    4.1395545006e+00
    2.9399527237e-02    4.1607427597e+00
    2.9409907758e-02    4.1833467484e+00
    2.9419640079e-02    4.2045407295e+00
    2.9429372400e-02    4.2257385254e+00
    2.9439752921e-02    4.2483539581e+00
    2.9449485242e-02    4.2695603371e+00
    2.9459865764e-02    4.2921853065e+00
    2.9469598085e-02    4.3134007454e+00
    2.9479978606e-02    4.3360366821e+00
    2.9489710927e-02    4.3572630882e+00
    2.9499443248e-02    4.3784947395e+00
    2.9509825632e-02    4.4011473656e+00
    2.9519557953e-02    4.4223899841e+00
    2.9529938474e-02    4.4450550079e+00
    2.9539670795e-02    4.4663090706e+00
    2.9549403116e-02    4.4875688553e+00
    2.9559783638e-02    4.5102524757e+00
    2.9569515958e-02    4.5315241814e+00
    2.9579896480e-02    4.5542211533e+00
    2.9589628801e-02    4.5755052567e+00
    2.9599361122e-02    4.5967960358e+00
    2.9609741643e-02    4.6195125580e+00
    2.9619473964e-02    4.6408157349e+00
    2.9629856348e-02    4.6635456085e+00
    2.9639588669e-02    4.6848607063e+00
    2.9649969190e-02    4.7076034546e+00
    2.9659701511e-02    4.7289299965e+00
    2.9669433832e-02    4.7502622604e+00
    2.9679814354e-02    4.7730216980e+00
    2.9689546674e-02    4.7943634987e+00
    2.9699927196e-02    4.8171324730e+00
    2.9709659517e-02    4.8384828568e+00
    2.9719391838e-02    4.8598361015e+00
    2.9729772359e-02    4.8826160431e+00
    2.9739504680e-02    4.9039750099e+00
    2.9749887064e-02    4.9267606735e+00
    2.9759619385e-02    4.9481239319e+00
    2.9769351706e-02    4.9694890976e+00
    2.9779732227e-02    4.9922800064e+00
    2.9789464548e-02    5.0136475563e+00
    2.9799845070e-02    5.0364403725e+00
    2.9809577391e-02    5.0578093529e+00
    2.9819957912e-02    5.0806031227e+00
    2.9829690233e-02    5.1019725800e+00
    2.9839422554e-02    5.1233420372e+00
    2.9849803075e-02    5.1461358070e+00
    2.9859535396e-02    5.1675047874e+00
    2.9869917780e-02    5.1902976036e+00
    2.9879650101e-02    5.2116651535e+00
    2.9889382422e-02    5.2330327034e+00
    2.9899762943e-02    5.2558240891e+00
    2.9909495264e-02    5.2771906853e+00
    2.9919875786e-02    5.2999820709e+00
    2.9929608107e-02    5.3213486671e+00
    2.9939988628e-02    5.3441400528e+00
    2.9949720949e-02    5.3655076027e+00
    2.9959453270e-02    5.3868756294e+00
    2.9969833791e-02    5.4096693993e+00
    2.9979566112e-02    5.4310402870e+00
    2.9989948496e-02    5.4538388252e+00
    2.9999680817e-02    5.4752149582e+00
    3.0000329018e-02    5.4766402245e+00
